GameId,GameDate,DayOfWeek,StartTime,HomeTeam,AwayTeam,HomeTeamCode,AwayTeamCode,HomeScore,AwayScore,HomeCoach,AwayCoach,Stadium,Attendance,Duration,Roof,Surface,Weather,HomeOff01_Position,HomeOff01_Name,HomeOff01_ID,HomeOff02_Position,HomeOff02_Name,HomeOff02_ID,HomeOff03_Position,HomeOff03_Name,HomeOff03_ID,HomeOff04_Position,HomeOff04_Name,HomeOff04_ID,HomeOff05_Position,HomeOff05_Name,HomeOff05_ID,HomeOff06_Position,HomeOff06_Name,HomeOff06_ID,HomeOff07_Position,HomeOff07_Name,HomeOff07_ID,HomeOff08_Position,HomeOff08_Name,HomeOff08_ID,HomeOff09_Position,HomeOff09_Name,HomeOff09_ID,HomeOff10_Position,HomeOff10_Name,HomeOff10_ID,HomeOff11_Position,HomeOff11_Name,HomeOff11_ID,HomeDef01_Position,HomeDef01_Name,HomeDef01_ID,HomeDef02_Position,HomeDef02_Name,HomeDef02_ID,HomeDef03_Position,HomeDef03_Name,HomeDef03_ID,HomeDef04_Position,HomeDef04_Name,HomeDef04_ID,HomeDef05_Position,HomeDef05_Name,HomeDef05_ID,HomeDef06_Position,HomeDef06_Name,HomeDef06_ID,HomeDef07_Position,HomeDef07_Name,HomeDef07_ID,HomeDef08_Position,HomeDef08_Name,HomeDef08_ID,HomeDef09_Position,HomeDef09_Name,HomeDef09_ID,HomeDef10_Position,HomeDef10_Name,HomeDef10_ID,HomeDef11_Position,HomeDef11_Name,HomeDef11_ID,AwayOff01_Position,AwayOff01_Name,AwayOff01_ID,AwayOff02_Position,AwayOff02_Name,AwayOff02_ID,AwayOff03_Position,AwayOff03_Name,AwayOff03_ID,AwayOff04_Position,AwayOff04_Name,AwayOff04_ID,AwayOff05_Position,AwayOff05_Name,AwayOff05_ID,AwayOff06_Position,AwayOff06_Name,AwayOff06_ID,AwayOff07_Position,AwayOff07_Name,AwayOff07_ID,AwayOff08_Position,AwayOff08_Name,AwayOff08_ID,AwayOff09_Position,AwayOff09_Name,AwayOff09_ID,AwayOff10_Position,AwayOff10_Name,AwayOff10_ID,AwayOff11_Position,AwayOff11_Name,AwayOff11_ID,AwayDef01_Position,AwayDef01_Name,AwayDef01_ID,AwayDef02_Position,AwayDef02_Name,AwayDef02_ID,AwayDef03_Position,AwayDef03_Name,AwayDef03_ID,AwayDef04_Position,AwayDef04_Name,AwayDef04_ID,AwayDef05_Position,AwayDef05_Name,AwayDef05_ID,AwayDef06_Position,AwayDef06_Name,AwayDef06_ID,AwayDef07_Position,AwayDef07_Name,AwayDef07_ID,AwayDef08_Position,AwayDef08_Name,AwayDef08_ID,AwayDef09_Position,AwayDef09_Name,AwayDef09_ID,AwayDef10_Position,AwayDef10_Name,AwayDef10_ID,AwayDef11_Position,AwayDef11_Name,AwayDef11_ID,Official01_Role,Official01_Name,Official02_Role,Official02_Name,Official03_Role,Official03_Name,Official04_Role,Official04_Name,Official05_Role,Official05_Name,Official06_Role,Official06_Name,Official07_Role,Official07_Name
202509040phi,2025-09-04,Thursday,8:20pm,Philadelphia Eagles,Dallas Cowboys,phi,dal,24,20,Nick Sirianni,Brian Schottenheimer,Lincoln Financial Field,69879,3:55,outdoors,grass,"75 degrees, relative humidity 66%, wind 11 mph",QB,Jalen Hurts,HurtJa00,RB,Saquon Barkley,BarkSa00,WR,DeVonta Smith,SmitDe07,WR,A.J. Brown,BrowAJ00,WR,Jahan Dotson,DotsJa00,TE,Dallas Goedert,GoedDa00,OL,Tyler Steen,SteeTy00,OL,Cam Jurgens,JurgCa01,T,Lane Johnson,JohnLa01,T,Jordan Mailata,MailJo00,G,Landon Dickerson,DickLa00,DT,Jordan Davis,DaviJo03,DT,Moro Ojomo,OjomMo00,OLB,Jalyx Hunt,HuntJa02,OLB,Nolan Smith,SmitNo02,LB,Jihaad Campbell,CampJi00,LB,Zack Baun,BaunZa00,CB,Adoree' Jackson,JackAd00,CB,Quinyon Mitchell,MitcQu00,DB,Cooper DeJean,DeJeCo00,S,Andrew Mukuba,MukuAn00,S,Reed Blankenship,BlanRe00,QB,Dak Prescott,PresDa01,RB,Javonte Williams,WillJa10,WR,Jalen Tolbert,TolbJa00,WR,George Pickens,PickGe00,WR,CeeDee Lamb,LambCe00,TE,Jake Ferguson,FergJa00,OL,Tyler Smith,SmitTy02,OT,Tyler Guyton,GuytTy00,T,Terence Steele,SteeTe01,OG,Tyler Booker,BookTy00,C,Cooper Beebe,BeebCo00,DE,Sam Williams,WillSa00,DE,Dante Fowler,FowlDa00,DT,Kenny Clark,ClarKe01,DT,Osa Odighizuwa,OdigOs00,MLB,Kenneth Murray,MurrKe00,MLB,Jack Sanborn,SanbJa00,LB,Damone Clark,ClarDa02,CB,DaRon Bland,BlanDa00,CB,Kaiir Elam,ElamKa00,S,Malik Hooker,HookMa00,S,Donovan Wilson,WilsDo01,Referee,Shawn Smith,Umpire,Tra Blake,Down Judge,Jay Bilbo,Line Judge,Jeff Seeman,Back Judge,Dino Paganelli,Side Judge,Boris Cheek,Field Judge,Dyrol Prioleau
202509050sdg,2025-09-05,Friday,8:00pm,Los Angeles Chargers,Kansas City Chiefs,sdg,kan,27,21,Jim Harbaugh,Andy Reid,Neo Quimica Arena,47627,3:00,outdoors,grass,"62 degrees, relative humidity 80%, wind 7 mph",QB,Justin Herbert,HerbJu00,RB,Omarion Hampton,HampOm00,WR,Keenan Allen,AlleKe00,WR,Ladd McConkey,McCoLa00,WR,Quentin Johnston,JohnQu02,TE,Tyler Conklin,ConkTy00,T,Joe Alt,AltxJo01,T,Trey Pipkins,PipkTr00,G,Mekhi Becton,BectMe00,G,Zion Johnson,JohnZi00,C,Bradley Bozeman,BozeBr00,DL,Da'Shawn Hand,HandDa00,DL,Teair Tart,TartTe00,OLB,Tuli Tuipulotu,TuipTu00,OLB,Khalil Mack,MackKh00,LB,Denzel Perryman,PerrDe00,LB,Daiyan Henley,HenlDa00,CB,Donte Jackson,JackDo02,CB,Tarheeb Still,StilTa00,DB,Elijah Molden,MoldEl00,S,Derwin James,JameDe00,S,Alohi Gilman,GilmAl00,QB,Patrick Mahomes,MahoPa00,RB,Isiah Pacheco,PachIs00,WR,Marquise Brown,BrowMa04,WR,Xavier Worthy,WortXa00,WR,JuJu Smith-Schuster,SmitJu00,TE,Travis Kelce,KelcTr00,OT,Josh Simmons,SimmJo01,T,Jawaan Taylor,TaylJa02,T,Kingsley Suamataia,SuamKi00,G,Trey Smith,SmitTr05,C,Creed Humphrey,HumpCr00,DL,Jerry Tillery,TillJe00,DE,Michael Danna,DannMi00,DT,Chris Jones,JoneCh09,LB,Nick Bolton,BoltNi00,LB,Drue Tranquill,TranDr00,LB,Leo Chenal,ChenLe00,CB,Trent McDuffie,McDuTr00,CB,Jaylen Watson,WatsJa02,DB,Chamarri Conner,ConnCh01,DB,Jaden Hicks,HickJa01,S,Bryan Cook,CookBr02,Referee,Carl Cheffers,Umpire,Derek Anderson,Down Judge,Daniel Gallagher,Line Judge,Quentin Givens,Back Judge,Martin Hankins,Side Judge,Eugene Hall,Field Judge,Nathan Jones
202509070atl,2025-09-07,Sunday,1:00pm,Atlanta Falcons,Tampa Bay Buccaneers,atl,tam,20,23,Raheem Morris,Todd Bowles,Mercedes-Benz Stadium,71610,3:25,retractable roof (closed),fieldturf,,QB,Michael Penix,PeniMi00,RB,Tyler Allgeier,AllgTy00,RB,Bijan Robinson,RobiBi01,WR,Casey Washington,WashCa01,WR,Drake London,LondDr00,TE,Kyle Pitts,PittKy00,OL,Elijah Wilkinson,WilkEl00,OL,Ryan Neuzil,NeuzRy00,OL,Matthew Bergeron,BergMa00,T,Jake Matthews,MattJa00,G,Chris Lindstrom,LindCh00,DL,Zach Harrison,HarrZa00,DL,David Onyemata,OnyeDa00,DE,Leonard Floyd,FloyLe00,DT,Brandon Dorlus,DorlBr00,LB,Kaden Elliss,ElliKa00,LB,Divine Deablo,DeabDi00,CB,Mike Hughes,HughMi00,CB,AJ Terrell,TerrAJ00,S,Jordan Fuller,FullJo01,S,Xavier Watts,WattXa00,S,Jessie Bates III,BateJe00,QB,Baker Mayfield,MayfBa00,RB,Bucky Irving,IrviBu00,WR,Emeka Egbuka,EgbuEm01,WR,Mike Evans,EvanMi00,TE,Cade Otton,OttoCa00,TE,Payne Durham,DurhPa00,T,Luke Goedeke,GoedLu00,G,Ben Bredeson,BredBe00,G,Cody Mauch,MaucCo00,G,Michael Jordan,JordMi01,C,Graham Barton,BartGr00,DL,Logan Hall,HallLo00,DL,Calijah Kancey,KancCa00,NT,Vita Vea,VeaxVi00,OLB,YaYa Diaby,DiabYa00,OLB,Haason Reddick,ReddHa00,LB,SirVocea Dennis,DennSi00,LB,Lavonte David,DaviLa00,CB,Jamel Dean,DeanJa00,CB,Zyon McCollum,McCoZy02,S,Tykee Smith,SmitTy05,S,Antoine Winfield Jr.,WinfAn00,Referee,Land Clark,Umpire,Mark Pellis,Down Judge,Tom Stephan,Line Judge,Jeff Hutcheon,Back Judge,Brad Freeman,Side Judge,Dominique Pender,Field Judge,Jabir Walker
202509070buf,2025-09-07,Sunday,8:20pm,Buffalo Bills,Baltimore Ravens,buf,rav,41,40,Sean McDermott,John Harbaugh,Highmark Stadium,70745,3:15,outdoors,a_turf,"58 degrees, relative humidity 61%, wind 8 mph",QB,Josh Allen,AlleJo02,RB,James Cook,CookJa01,WR,Keon Coleman,ColeKe02,WR,Josh Palmer,PalmJo00,TE,Dalton Kincaid,KincDa00,TE,Dawson Knox,KnoxDa00,T,Spencer Brown,BrowSp00,T,Dion Dawkins,DawkDi00,G,O'Cyrus Torrence,TorrOC00,G,David Edwards,EdwaDa01,G,Connor McGovern,McGoCo01,DE,Gregory Rousseau,RousGr00,DE,Joey Bosa,BosaJo00,DT,DaQuan Jones,JoneDa04,DT,Ed Oliver,OlivEd00,LB,Dorian Williams,WillDo04,LB,Matt Milano,MilaMa00,LB,Terrel Bernard,BernTe00,CB,Dorian Strong,StroDo01,CB,Christian Benford,BenfCh00,S,Taylor Rapp,RappTa00,S,Cole Bishop,BishCo00,QB,Lamar Jackson,JackLa00,RB,Derrick Henry,HenrDe00,WR,Rashod Bateman,BateRa00,WR,Zay Flowers,FlowZa00,TE,Mark Andrews,AndrMa00,TE,Charlie Kolar,KolaCh00,OL,Andrew Vorhees,VorhAn00,T,Ronnie Stanley,StanRo00,T,Roger Rosengarten,RoseRo01,G,Daniel Faalele,FaalDa00,C,Tyler Linderbaum,LindTy00,DL,Travis Jones,JoneTr00,DL,Nnamdi Madubuike,MaduJu00,OLB,Kyle Van Noy,VanNKy00,OLB,Tavius Robinson,RobiTa00,LB,Trenton Simpson,SimpTr00,LB,Roquan Smith,SmitRo07,CB,Nate Wiggins,WiggNa00,CB,Marlon Humphrey,HumpMa00,CB,Chidobe Awuzie,AwuzCh00,S,Malaki Starks,StarMa00,S,Kyle Hamilton,HamiKy00,Referee,John Hussey,Umpire,Duane Heydt,Down Judge,Max Causey,Line Judge,Carl Johnson,Back Judge,Matt Edwards,Side Judge,Allen Baynes,Field Judge,Anthony Flemming
202509070cle,2025-09-07,Sunday,1:00pm,Cleveland Browns,Cincinnati Bengals,cle,cin,16,17,Kevin Stefanski,Zac Taylor,Huntington Bank Field,65599,2:59,outdoors,grass,"63 degrees, relative humidity 49%, wind 10 mph",QB,Joe Flacco,FlacJo00,RB,Dylan Sampson,SampDy00,WR,Cedric Tillman,TillCe01,WR,Jerry Jeudy,JeudJe00,TE,David Njoku,NjokDa00,TE,Harold Fannin,FannHa00,T,Jack Conklin,ConkJa00,T,Dawand Jones,JoneDa07,G,Joel Bitonio,BitoJo00,G,Wyatt Teller,TellWy00,C,Ethan Pocic,PociEt00,DE,Myles Garrett,GarrMy00,DE,Isaiah McGuire,McGuIs00,DT,Mason Graham,GrahMa00,DT,Maliek Collins,CollMa00,LB,Carson Schwesinger,SchwCa00,LB,Devin Bush Jr.,BushDe01,LB,Jerome Baker,BakeJe00,CB,Greg Newsome II,NewsGr00,CB,Denzel Ward,WardDe02,S,Ronnie Hickman,HickRo00,S,Grant Delpit,DelpGr00,QB,Joe Burrow,BurrJo01,RB,Chase Brown,BrowCh10,WR,Ja'Marr Chase,ChasJa00,WR,Tee Higgins,HiggTe00,TE,Noah Fant,FantNo00,TE,Drew Sample,SampDr00,OT,Orlando Brown Jr.,BrowOr00,OT,Amarius Mims,MimsAm00,OG,Dylan Fairchild,FairDy00,G,Lucas Patrick,PatrLu00,C,Ted Karras,KarrTe00,DE,Joseph Ossai,OssaJo00,DE,Trey Hendrickson,HendTr00,DT,B.J. Hill,,DT,Tedarrell Slaton,SlatTe00,LB,Demetrius Knight,KnigDe00,LB,Logan Wilson,WilsLo00,CB,Daxton Hill,HillDa04,CB,Josh Newton,NewtJo00,CB,Cam Taylor-Britt,TaylCa01,S,Jordan Battle,BattJo00,S,Geno Stone,StonGe00,Referee,Adrian Hill,Umpire,Roy Ellison,Down Judge,Derick Bowers,Line Judge,Julian Mapp,Back Judge,Greg Steed,Side Judge,Clay Reynard,Field Judge,Tra Boger
202509070clt,2025-09-07,Sunday,1:00pm,Indianapolis Colts,Miami Dolphins,clt,mia,33,8,Shane Steichen,Mike McDaniel,Lucas Oil Stadium,64065,2:45,retractable roof (closed),fieldturf,,QB,Daniel Jones,JoneDa05,RB,Jonathan Taylor,TaylJo02,WR,Alec Pierce,PierAl00,WR,Michael Pittman Jr.,PittMi01,TE,Mo Alie-Cox,AlieMo00,TE,Tyler Warren,WarrTy00,T,Braden Smith,SmitBr06,T,Bernhard Raimann,RaimBe00,G,Matt Goncalves,GoncMa00,G,Quenton Nelson,NelsQu00,C,Tanor Bortolini,BortTa00,DE,Laiatu Latu,LatuLa00,DE,Kwity Paye,PayeKw00,DT,DeForest Buckner,BuckDe00,DT,Grover Stewart,StewGr00,LB,Joe Bachie,BachJo01,LB,Zaire Franklin,FranZa00,CB,Kenny Moore,MoorKe03,CB,Xavien Howard,HowaXa00,CB,Charvarius Ward,WardCh01,S,Nick Cross,CrosNi00,S,Camryn Bynum,BynuCa00,QB,Tua Tagovailoa,TagoTu00,RB,De'Von Achane,AchaDe00,FB,Alec Ingold,IngoAl01,WR,Jaylen Waddle,WaddJa00,WR,Tyreek Hill,HillTy00,TE,Julian Hill,HillJu02,OL,Aaron Brewer,BrewAa01,OL,Jonah Savaiinaea,SavaJo00,OL,Austin Jackson,JackAu00,OT,Patrick Paul,PaulPa01,G,James Daniels,DaniJa01,DT,Benito Jones,JoneBe03,DT,Zach Sieler,SielZa00,DT,Kenneth Grant,GranKe01,LB,Tyrel Dodson,DodsTy01,LB,Bradley Chubb,ChubBr00,LB,Jaelan Phillips,PhilJa02,LB,Jordyn Brooks,BrooJo01,CB,Jack Jones,JoneJa10,CB,Storm Duck,DuckSt00,S,Ifeatu Melifonwu,MeliIf00,S,Minkah Fitzpatrick,FitzMi00,Referee,Brad Allen,Umpire,Marcus Woods,Down Judge,Sarah Thomas,Line Judge,Walter Flowers,Back Judge,Tyree Walton,Side Judge,Chad Hill,Field Judge,Rick Patterson
202509070den,2025-09-07,Sunday,4:05pm,Denver Broncos,Tennessee Titans,den,oti,20,12,Sean Payton,Brian Callahan,Empower Field at Mile High,75706,3:24,outdoors,grass,"84 degrees, relative humidity 24%, wind 6 mph",QB,Bo Nix,NixxBo00,RB,J.K. Dobbins,DobbJK00,WR,Courtland Sutton,SuttCo00,WR,Troy Franklin,FranTr00,TE,Adam Trautman,TrauAd00,TE,Lucas Krull,KrulLu00,T,Garett Bolles,BollGa00,T,Mike McGlinchey,McGlMi00,G,Quinn Meinerz,MeinQu02,G,Ben Powers,PoweBe00,C,Luke Wattenberg,WattLu00,DL,John Franklin-Myers,FranJo02,DL,Zach Allen,AlleZa01,DT,D.J. Jones,,OLB,Jonathon Cooper,CoopJo02,OLB,Nik Bonitto,BoniNi00,LB,Alex Singleton,SingAl00,LB,Justin Strnad,StrnJu00,CB,Riley Moss,MossRi00,CB,Patrick Surtain II,SurtPa01,S,Brandon Jones,JoneBr06,S,Talanoa Hufanga,HufaTa00,QB,Cam Ward,WardCa00,RB,Tony Pollard,PollTo00,WR,Elic Ayomanor,AyomEl00,WR,Calvin Ridley,RidlCa00,TE,Gunnar Helm,HelmGu00,TE,Chig Okonkwo,OkonCh00,OL,Peter Skoronski,SkorPe00,OT,Dan Moore,MoorDa05,OT,JC Latham,LathJC00,G,Kevin Zeitler,ZeitKe00,C,Lloyd Cushenberry III,CushLl00,DE,Sebastian Joseph-Day,JoseSe00,DT,Jeffery Simmons,SimmJe01,NT,T'Vondre Sweat,SweaTV01,OLB,Dre'Mont Jones,JoneDr00,OLB,Oluwafemi Oladejo,OladOl00,LB,Cedric Gray,GrayCe00,LB,Cody Barton,BartCo00,CB,L'Jarius Sneed,SneeLJ00,CB,Jarvis Brownlee,BrowJa09,S,Amani Hooker,HookAm00,S,Xavier Woods,WoodXa00,Referee,Alex Kemp,Umpire,Brandon Ellison,Down Judge,Mike Carr,Line Judge,Rusty Baynes,Back Judge,Scott Helverson,Side Judge,Lo van Pham,Field Judge,Sean Petty
202509070gnb,2025-09-07,Sunday,4:25pm,Green Bay Packers,Detroit Lions,gnb,det,27,13,Matt LaFleur,Dan Campbell,Lambeau Field,77239,2:49,outdoors,grass,"60 degrees, relative humidity 76%, wind 5 mph",QB,Jordan Love,LoveJo03,RB,Josh Jacobs,JacoJo01,WR,Romeo Doubs,DoubRo00,WR,Matthew Golden,GoldMa02,TE,Tucker Kraft,KrafTu00,TE,Luke Musgrave,MusgLu00,OL,Elgton Jenkins,JenkEl00,OL,Zach Tom,TomxZa00,T,Rasheed Walker,WalkRa00,G,Aaron Banks,BankAa00,G,Sean Rhyan,RhyaSe00,DL,Devonte Wyatt,WyatDe00,DL,Colby Wooden,WoodCo01,DL,Lukas Van Ness,VanNLu00,DL,Rashan Gary,GaryRa00,LB,Isaiah McDuffie,McDuIs00,LB,Quay Walker,WalkQu00,LB,Edgerrin Cooper,CoopEd00,CB,Keisean Nixon,NixoKe00,CB,Carrington Valentine,ValeCa00,S,Xavier McKinney,McKiXa00,S,Javon Bullard,BullJa00,QB,Jared Goff,GoffJa00,RB,Jahmyr Gibbs,GibbJa01,WR,Amon-Ra St. Brown,StxxAm00,WR,Jameson Williams,WillJa11,TE,Brock Wright,WrigBr01,TE,Sam LaPorta,LaPoSa01,OL,Graham Glasgow,GlasGr00,OL,Christian Mahogany,MahoCh00,OL,Tate Ratledge,RatlTa00,T,Taylor Decker,DeckTa00,T,Penei Sewell,SewePe00,DL,Tyleik Williams,WillTy02,DL,D.J. Reader,,DE,Marcus Davenport,DaveMa00,DE,Aidan Hutchinson,HutcAi00,LB,Jack Campbell,CampJa04,LB,Derrick Barnes,BarnDe02,LB,Alex Anzalone,AnzaAl00,CB,Terrion Arnold,ArnoTe00,CB,D.J. Reed,,DB,Brian Branch,BranBr00,S,Kerby Joseph,JoseKe03,Referee,Clete Blakeman,Umpire,Scott Campbell,Down Judge,Andy Warner,Line Judge,Kent Payne,Back Judge,Jonah Monroe,Side Judge,James Coleman,Field Judge,Karina Tovar
202509070jax,2025-09-07,Sunday,1:00pm,Jacksonville Jaguars,Carolina Panthers,jax,car,26,10,Liam Coen,Dave Canales,EverBank Stadium,59957,4:11,outdoors,grass,"85 degrees, relative humidity 71%, wind 3 mph",QB,Trevor Lawrence,LawrTr00,RB,Travis Etienne,EtieTr00,WR,Dyami Brown,BrowDy00,WR,Brian Thomas,ThomBr06,WR,Travis Hunter,HuntTr00,TE,Brenton Strange,StraBr00,OL,Ezra Cleveland,ClevEz00,OL,Anton Harrison,HarrAn00,OL,Patrick Mekari,MekaPa00,OL,Walker Little,LittWa00,C,Robert Hainsey,HainRo00,DE,Josh Hines-Allen,AlleJo03,DE,Travon Walker,WalkTr03,DT,Arik Armstead,ArmsAr01,DT,DaVon Hamilton,HamiDa02,OLB,Dennis Gardeck,GardDe01,LB,Devin Lloyd,LloyDe00,LB,Foyesade Oluokun,OluoFo00,CB,Jourdan Lewis,LewiJo01,CB,Tyson Campbell,CampTy01,S,Eric Murray,MurrEr00,S,Andrew Wingard,WingAn01,QB,Bryce Young,YounBr01,RB,Chuba Hubbard,HubbCh01,WR,Tetairoa McMillan,McMiTe00,WR,Xavier Legette,LegeXa00,TE,Tommy Tremble,TremTo00,TE,Ja'Tavion Sanders,SandJa01,T,Taylor Moton,MotoTa00,T,Yosh Nijman,NijmYo01,G,Damien Lewis,LewiDa05,G,Robert Hunt,HuntRo01,C,Austin Corbett,CorbAu00,DE,Derrick Brown,BrowDe05,DE,A'Shawn Robinson,RobiAS00,DT,Tershawn Wharton,WharTe00,OLB,Patrick Jones II,JonePa00,LB,Christian Rozeboom,RozeCh00,LB,Trevin Wallace,WallTr00,CB,Michael Jackson,JackMi01,CB,Chau Smith-Wade,SmitCh05,CB,Jaycee Horn,HornJa00,S,Tre'von Moehrig,MoehTr00,S,Nick Scott,ScotNi01,Referee,Alex Moore,Umpire,Terry Killens,Down Judge,Dana McKenzie,Line Judge,Tom Eaton,Back Judge,Terrence Miles,Side Judge,Anthony Jeffries,Field Judge,Mearl Robinson
202509070nor,2025-09-07,Sunday,1:00pm,New Orleans Saints,Arizona Cardinals,nor,crd,13,20,Kellen Moore,Jonathan Gannon,Caesars Superdome,70006,3:00,dome,sportturf,,QB,Spencer Rattler,RattSp00,RB,Alvin Kamara,KamaAl00,WR,Rashid Shaheed,ShahRa00,WR,Chris Olave,OlavCh00,TE,Jack Stoll,StolJa00,TE,Juwan Johnson,JohnJu02,OL,Erik McCoy,McCoEr01,OL,Cesar Ruiz,RuizCe00,OL,Dillon Radunz,RaduDi00,OT,Kelvin Banks,BankKe01,OT,Taliese Fuaga,FuagTa00,DE,Cameron Jordan,JordCa00,DE,Carl Granderson,GranCa01,DT,Davon Godchaux,GodcDa00,DT,Bryan Bresee,BresBr00,DT,Nathan Shepherd,ShepNa00,LB,Pete Werner,WernPe00,LB,Demario Davis,DaviDe00,CB,Kool-Aid McKinstry,McKiKo00,CB,Isaac Yiadom,YiadIs00,S,Justin Reid,ReidJu00,S,Julian Blackmon,BlacJu01,QB,Kyler Murray,MurrKy00,RB,James Conner,ConnJa00,WR,Marvin Harrison Jr.,HarrMa09,TE,Tip Reiman,ReimTi00,TE,Trey McBride,McBrTr01,TE,Elijah Higgins,HiggEl00,OL,Isaiah Adams,AdamIs01,OL,Paris Johnson,JohnPa03,OL,Hjalte Froholdt,FrohHj00,OL,Jonah Williams,WillJo10,OL,Evan Brown,BrowEv00,DL,Calais Campbell,CampCa99,DL,Darius Robinson,RobiDa01,DT,Dalvin Tomlinson,TomlDa00,OLB,Baron Browning,BrowBa01,OLB,Josh Sweat,SweaJo00,LB,Mack Wilson,WilsMa03,LB,Akeem Davis-Gaither,DaviAk01,CB,Max Melton,MeltMa00,CB,Garrett Williams,WillGa00,S,Jalen Thompson,ThomJa04,S,Budda Baker,BakeBu00,Referee,Scott Novak,Umpire,Mike Morton,Down Judge,Brian Sakowski,Line Judge,Mark Stewart,Back Judge,Tony Josselyn,Side Judge,Don Willard,Field Judge,Terry Brown
202509070nwe,2025-09-07,Sunday,1:00pm,New England Patriots,Las Vegas Raiders,nwe,rai,13,20,Mike Vrabel,Pete Carroll,Gillette Stadium,64628,3:04,outdoors,fieldturf,"62 degrees, relative humidity 86%, wind 4 mph",QB,Drake Maye,MayeDr00,RB,Rhamondre Stevenson,StevRh00,WR,Kayshon Boutte,BoutKa00,WR,Stefon Diggs,DiggSt00,WR,Mack Hollins,HollMa00,TE,Hunter Henry,HenrHu00,OL,Michael Onwenu,OnweMi00,OT,Will Campbell,CampWi01,OT,Morgan Moses,MoseMo00,C,Jared Wilson,WilsJa02,C,Garrett Bradbury,BradGa00,DT,Christian Barmore,BarmCh00,DT,Milton Williams,WillMi08,OLB,Harold Landry,LandHa00,LB,Christian Elliss,ElliCh00,LB,Robert Spillane,SpilRo00,LB,K'Lavon Chaisson,ChaiKL00,CB,Carlton Davis,DaviCa02,CB,Alex Austin,AustAl00,S,Jaylinn Hawkins,HawkJa00,S,Kyle Dugger,DuggKy00,S,Craig Woodson,WoodCr00,QB,Geno Smith,SmitGe00,RB,Ashton Jeanty,JeanAs00,WR,Tre Tucker,TuckTr00,WR,Jakobi Meyers,MeyeJa01,TE,Brock Bowers,BoweBr01,TE,Michael Mayer,MayeMi00,OT,Delmar Glaze,GlazDe00,T,Kolton Miller,MillKo00,G,Dylan Parham,ParhDy00,G,Jordan Meredith,MereJo00,C,Jackson Powers-Johnson,PoweJa00,DE,Maxx Crosby,CrosMa00,DT,Thomas Booker,BookTh00,DT,Jonah Laulu,LaulJo00,DT,Adam Butler,ButlAd00,LB,Germaine Pratt,PratGe00,LB,Elandon Roberts,RobeEl00,LB,Devin White,WhitDe02,CB,Eric Stokes,StokEr00,CB,Kyu Blu Kelly,BluxKy00,S,Isaiah Pola-Mao,PolaIs00,S,Jeremy Chinn,ChinJe00,Referee,Ron Torbert,Umpire,Barry Anderson,Down Judge,Frank LeBlanc,Line Judge,Brian Bolinger,Back Judge,Courtney Brown,Side Judge,Keith Washington,Field Judge,Ryan Dickson
202509070nyj,2025-09-07,Sunday,1:00pm,New York Jets,Pittsburgh Steelers,nyj,pit,32,34,Aaron Glenn,Mike Tomlin,MetLife Stadium,83253,3:06,outdoors,fieldturf,"67 degrees, relative humidity 79%, wind 3 mph",QB,Justin Fields,FielJu00,RB,Breece Hall,HallBr03,WR,Garrett Wilson,WilsGa00,WR,Josh Reynolds,ReynJo00,TE,Mason Taylor,TaylMa02,TE,Jeremy Ruckert,RuckJe00,OL,Olumuyiwa Fashanu,FashOl00,OL,John Simpson,SimpJo00,OT,Armand Membou,MembAr00,C,Joe Tippmann,TippJo00,C,Josh Myers,MyerJo00,DL,Harrison Phillips,PhilHa00,DL,Quinnen Williams,WillQu00,DE,Will McDonald,McDoWi00,LB,Jamien Sherwood,SherJa00,LB,Jermaine Johnson II,JohnJe07,LB,Quincy Williams,WillQu01,CB,Brandon Stephens,StepBr01,CB,Sauce Gardner,GardSa00,CB,Michael Carter II,CartMi02,S,Tony Adams,AdamTo03,S,Andre Cisco,CiscAn00,QB,Aaron Rodgers,RodgAa00,RB,Jaylen Warren,WarrJa01,WR,Calvin Austin III,AustCa00,WR,Roman Wilson,WilsRo02,WR,D.K. Metcalf,MetcDK00,TE,Darnell Washington,WashDa03,OT,Troy Fautanu,FautTr00,OT,Broderick Jones,JoneBr09,G,Isaac Seumalo,SeumIs00,G,Mason McCormick,McCoMa00,C,Zach Frazier,FrazZa00,DL,Keeanu Benton,BentKe00,DT,Isaiahh Loudermilk,LoudIs00,DT,Cameron Heyward,HeywCa01,LB,Patrick Queen,QueePa00,LB,Alex Highsmith,HighAl02,LB,T.J. Watt,,LB,Payton Wilson,WilsPa00,CB,Jalen Ramsey,RamsJa00,CB,Joey Porter Jr.,PortJo02,CB,Darius Slay,SlayDa00,S,DeShon Elliott,ElliDe02,Referee,Bill Vinovich,Umpire,Scott Walker,Down Judge,Dale Keller,Line Judge,Tripp Sutter,Back Judge,Todd Prukop,Side Judge,Jimmy Buchanan,Field Judge,Aaron Santi
202509070ram,2025-09-07,Sunday,4:25pm,Los Angeles Rams,Houston Texans,ram,htx,14,9,Sean McVay,DeMeco Ryans,SoFi Stadium,71346,2:52,dome,matrixturf,,QB,Matthew Stafford,StafMa00,RB,Kyren Williams,WillKy02,WR,Tutu Atwell,AtweTu00,WR,Davante Adams,AdamDa01,WR,Puka Nacua,NacuPu00,TE,Tyler Higbee,HigbTy00,OL,Steve Avila,AvilSt00,OL,Kevin Dotson,DotsKe00,OL,Rob Havenstein,HaveRo00,OL,Alaric Jackson,JackAl01,C,Coleman Shelton,ShelCo00,DE,Braden Fiske,FiskBr00,DE,Kobie Turner,TurnKo00,OLB,Byron Young,YounBy01,OLB,Jared Verse,VersJa00,LB,Omar Speights,SpeiOm00,LB,Nathan Landman,LandNa01,CB,Emmanuel Forbes,ForbEm00,CB,Ahkello Witherspoon,WithAh00,S,Quentin Lake,LakeQu00,S,Kamren Kinchens,KincKa00,S,Kamren Curl,CurlKa00,QB,C.J. Stroud,StroCJ00,RB,Nick Chubb,ChubNi00,WR,Nico Collins,CollNi00,WR,Jayden Higgins,HiggJa00,TE,Dalton Schultz,SchuDa00,TE,Cade Stover,StovCa00,OT,Cam Robinson,RobiCa00,OT,Aireontae Ersery,ErseAi00,T,Tytus Howard,HowaTy00,G,Laken Tomlinson,TomlLa01,C,Jake Andrews,AndrJa00,DE,Will Anderson,AndeWi01,DE,Danielle Hunter,HuntDa01,DT,Sheldon Rankins,RankSh00,DT,Tim Settle,SettTi00,LB,Azeez Al-Shaair,AlShAz00,LB,Henry To'oTo'o,TooTHe00,CB,Derek Stingley Jr.,StinDe00,CB,Kamari Lassiter,LassKa00,S,Jalen Pitre,PitrJa00,S,C.J. Gardner-Johnson,GardCh00,S,Calen Bullock,BullCa00,Referee,Craig Wrolstad,Umpire,Brandon Cruse,Down Judge,Danny Short,Line Judge,Brett Bergman,Back Judge,Rich Martinez,Side Judge,Frank Steratore,Field Judge,Jeff Shears
202509070sea,2025-09-07,Sunday,4:05pm,Seattle Seahawks,San Francisco 49ers,sea,sfo,13,17,Mike Macdonald,Kyle Shanahan,Lumen Field,68752,2:59,outdoors,fieldturf,"67 degrees, relative humidity 83%, wind 6 mph",QB,Sam Darnold,DarnSa00,RB,Kenneth Walker III,WalkKe00,FB,Robbie Ouzts,OuztRo00,WR,Jaxon Smith-Njigba,SmitJa06,WR,Cooper Kupp,KuppCo00,TE,AJ Barner,BarnAJ00,T,Charles Cross,CrosCh00,T,Abraham Lucas,LucaAb00,OG,Grey Zabel,ZabeGr00,G,Anthony Bradford,BradAn00,C,Jalen Sundell,SundJa00,DE,DeMarcus Lawrence,LawrDe00,DE,Leonard Williams,WillLe02,DT,Byron Murphy,MurpBy01,NT,Jarran Reed,ReedJa02,LB,Boye Mafe,MafeBo00,LB,Tyrice Knight,KnigTy00,LB,Ernest Jones,JoneEr01,CB,Devon Witherspoon,WithDe00,CB,Riq Woolen,WoolTa00,FS,Julian Love,LoveJu00,FS,Coby Bryant,BryaCo01,QB,Brock Purdy,PurdBr00,RB,Christian McCaffrey,McCaCh01,FB,Kyle Juszczyk,JuszKy00,WR,Jauan Jennings,JennJa00,WR,Ricky Pearsall,PearRi00,TE,George Kittle,KittGe00,OL,Ben Bartch,BartBe00,OL,Jake Brendel,BrenJa01,OL,Dominick Puni,PuniDo00,OL,Colton McKivitz,McKiCo00,OT,Trent Williams,WillTr21,DL,Nick Bosa,BosaNi00,DL,Mykel Williams,WillMy00,DL,Jordan Elliott,ElliJo02,DL,Kalia Davis,DaviKa01,LB,Luke Gifford,GiffLu00,LB,Fred Warner,WarnFr00,LB,Dee Winters,WintDe00,CB,Renardo Green,GreeRe00,DB,Deommodore Lenoir,LenoDe00,S,Jason Pinnock,PinnJa01,S,Marques Sigle,SiglMa00,Referee,Shawn Hochuli,Umpire,Larry Smith,Down Judge,Patrick Holt,Line Judge,Tim Podraza,Back Judge,Jimmy Russell,Side Judge,Jim Quirk,Field Judge,Jason Ledet
202509070was,2025-09-07,Sunday,1:00pm,Washington Commanders,New York Giants,was,nyg,21,6,Dan Quinn,Brian Daboll,Northwest Stadium,64544,3:11,outdoors,grass,"68 degrees, relative humidity 68%, wind 5 mph",QB,Jayden Daniels,DaniJa02,RB,Austin Ekeler,EkelAu00,WR,Noah Brown,BrowNo00,WR,Terry McLaurin,McLaTe00,TE,John Bates,BateJo00,TE,Zach Ertz,ErtzZa00,OT,Brandon Coleman,ColeBr02,OT,Josh Conerly,ConeJo00,T,Laremy Tunsil,TunsLa00,G,Nick Allegretti,AlleNi00,C,Tyler Biadasz,BiadTy00,DE,Deatrich Wise Jr.,WiseDe00,DE,Jacob Martin,MartJa02,DT,Javon Kinlaw,KinlJa00,DT,Daron Payne,PaynDa00,DT,Eddie Goldman,GoldEd00,MLB,Bobby Wagner,WagnBo00,LB,Frankie Luvu,LuvuFr00,CB,Marshon Lattimore,LattMa01,CB,Mike Sainristil,SainMi00,FS,Will Harris,HarrWi02,S,Quan Martin,MartJa04,QB,Russell Wilson,WilsRu00,RB,Tyrone Tracy Jr.,TracTy00,WR,Malik Nabers,NabeMa00,WR,Darius Slayton,SlayDa01,TE,Theo Johnson,JohnTh00,TE,Chris Manhertz,ManhCh00,OL,Jermaine Eluemunor,ElueJe00,T,James Hudson,HudsJa00,OG,Greg Van Roten,VanRGr00,G,Jon Runyan Jr.,RunyJo00,C,John Michael Schmitz,MichJo00,DL,Dexter Lawrence,LawrDe03,DT,Roy Robertson-Harris,RobeRo00,OLB,Brian Burns,BurnBr00,OLB,Kayvon Thibodeaux,ThibKa00,LB,Bobby Okereke,OkerBo00,LB,Micah McFadden,McFaMi01,CB,Andru Phillips,PhilAn02,CB,Cordale Flott,FlotCo00,CB,Paulson Adebo,AdebPa00,S,Tyler Nubin,NubiTy00,S,Jevon Holland,HollJe02,Referee,Clay Martin,Umpire,Steve Woods,Down Judge,Jerod Phillips,Line Judge,Brian Perry,Back Judge,Greg Wilson,Side Judge,Alonzo Ramsey,Field Judge,Dave Hawkshaw
202509080chi,2025-09-08,Monday,8:15pm,Chicago Bears,Minnesota Vikings,chi,min,24,27,Ben Johnson,Kevin O'Connell,Soldier Field,58742,3:16,outdoors,grass,"68 degrees, relative humidity 38%, wind 6 mph",QB,Caleb Williams,WillCa03,RB,D'Andre Swift,SwifDA00,WR,Olamide Zaccheaus,ZaccOl01,WR,D.J. Moore,,WR,Rome Odunze,OdunRo00,TE,Cole Kmet,KmetCo00,OL,Drew Dalman,DalmDr00,OL,Darnell Wright,WrigDa00,OL,Jonah Jackson,JackJo03,OL,Braxton Jones,JoneBr08,G,Joe Thuney,ThunJo00,DL,Dayo Odeyingbo,OdeyDa00,DL,Montez Sweat,SweaMo00,DL,Grady Jarrett,JarrGr00,DL,Gervon Dexter,DextGe00,LB,Noah Sewell,SeweNo00,LB,Tremaine Edmunds,EdmuTr01,CB,Nick McCloud,McClNi00,CB,Nahshon Wright,WrigNa00,DB,Tyrique Stevenson,StevTy01,DB,Jaquan Brisker,BrisJa01,DB,Kevin Byard,ByarKe01,QB,J.J. McCarthy,McCaJJ00,RB,Aaron Jones,JoneAa00,WR,Justin Jefferson,JeffJu00,WR,Jalen Nailor,NailJa00,TE,T.J. Hockenson,HockTJ00,TE,Josh Oliver,OlivJo00,OL,Donovan Jackson,JackDo03,T,Justin Skule,SkulJu00,T,Brian O'Neill,ONeiBr00,G,Will Fries,FrieWi00,C,Ryan Kelly,KellRy00,DL,Jonathan Allen,AlleJo01,DL,Javon Hargrave,HargJa00,DL,Jalen Redmond,RedmJa01,OLB,Andrew Van Ginkel,VanGAn00,OLB,Jonathan Greenard,GreeJo04,LB,Ivan Pace,PaceIv00,LB,Blake Cashman,CashBl00,CB,Byron Murphy,MurpBy00,CB,Isaiah Rodgers,RodgIs00,S,Josh Metellus,MeteJo00,S,Theo Jackson,JackTh00,Referee,Alan Eck,Umpire,Tab Slaughter,Down Judge,David Oliver,Line Judge,Greg Bradley,Back Judge,Grantis Bell,Side Judge,Dale Shaw,Field Judge,John Jenkins
202509110gnb,2025-09-11,Thursday,8:15pm,Green Bay Packers,Washington Commanders,gnb,was,27,18,Matt LaFleur,Dan Quinn,Lambeau Field,77289,3:12,outdoors,grass,"65 degrees, relative humidity 78%, wind 7 mph",QB,Jordan Love,LoveJo03,RB,Josh Jacobs,JacoJo01,WR,Romeo Doubs,DoubRo00,WR,Dontayvion Wicks,WickDo00,WR,Jayden Reed,ReedJa03,TE,Tucker Kraft,KrafTu00,OL,Elgton Jenkins,JenkEl00,OT,Anthony Belton,BeltAn00,OT,Jordan Morgan,MorgJo03,T,Rasheed Walker,WalkRa00,G,Sean Rhyan,RhyaSe00,DL,Devonte Wyatt,WyatDe00,DL,Colby Wooden,WoodCo01,DL,Micah Parsons,ParsMi00,DL,Rashan Gary,GaryRa00,LB,Quay Walker,WalkQu00,LB,Isaiah McDuffie,McDuIs00,LB,Edgerrin Cooper,CoopEd00,CB,Keisean Nixon,NixoKe00,CB,Nate Hobbs,HobbNa00,S,Xavier McKinney,McKiXa00,S,Evan Williams,WillEv00,QB,Jayden Daniels,DaniJa02,RB,Austin Ekeler,EkelAu00,WR,Terry McLaurin,McLaTe00,WR,Noah Brown,BrowNo00,TE,John Bates,BateJo00,TE,Zach Ertz,ErtzZa00,OT,Brandon Coleman,ColeBr02,OT,Josh Conerly,ConeJo00,T,Laremy Tunsil,TunsLa00,G,Nick Allegretti,AlleNi00,C,Tyler Biadasz,BiadTy00,DE,Deatrich Wise Jr.,WiseDe00,DE,Dorance Armstrong Jr.,ArmsDo00,DT,Javon Kinlaw,KinlJa00,DT,Daron Payne,PaynDa00,MLB,Bobby Wagner,WagnBo00,LB,Frankie Luvu,LuvuFr00,CB,Trey Amos,AmosTr00,CB,Mike Sainristil,SainMi00,CB,Marshon Lattimore,LattMa01,FS,Will Harris,HarrWi02,S,Quan Martin,MartJa04,Referee,Brad Rogers,Umpire,Bryan Neale,Down Judge,Patrick Turner,Line Judge,Kevin Codey,Back Judge,Greg Yette,Side Judge,David Meslow,Field Judge,Joe Blubaugh
202509140cin,2025-09-14,Sunday,1:00pm,Cincinnati Bengals,Jacksonville Jaguars,cin,jax,31,27,Zac Taylor,Liam Coen,Paycor Stadium,65871,3:11,outdoors,fieldturf,"85 degrees, relative humidity 37%, wind 3 mph",QB,Joe Burrow,BurrJo01,RB,Chase Brown,BrowCh10,WR,Ja'Marr Chase,ChasJa00,WR,Tee Higgins,HiggTe00,WR,Andrei Iosivas,IosiAn00,TE,Mike Gesicki,GesiMi00,OT,Orlando Brown Jr.,BrowOr00,OT,Amarius Mims,MimsAm00,OG,Dylan Fairchild,FairDy00,G,Dalton Risner,RisnDa00,C,Ted Karras,KarrTe00,DE,Shemar Stewart,StewSh00,DE,Trey Hendrickson,HendTr00,DT,B.J. Hill,,DT,Tedarrell Slaton,SlatTe00,LB,Logan Wilson,WilsLo00,LB,Demetrius Knight,KnigDe00,LB,Oren Burks,BurkOr00,CB,Daxton Hill,HillDa04,CB,DJ Turner,TurnDJ01,S,Geno Stone,StonGe00,S,Jordan Battle,BattJo00,QB,Trevor Lawrence,LawrTr00,RB,Travis Etienne,EtieTr00,WR,Dyami Brown,BrowDy00,WR,Brian Thomas,ThomBr06,TE,Brenton Strange,StraBr00,TE,Johnny Mundt,MundJo00,OL,Ezra Cleveland,ClevEz00,OL,Anton Harrison,HarrAn00,OL,Walker Little,LittWa00,OL,Patrick Mekari,MekaPa00,C,Robert Hainsey,HainRo00,DE,Travon Walker,WalkTr03,DE,Josh Hines-Allen,AlleJo03,DT,Arik Armstead,ArmsAr01,DT,DaVon Hamilton,HamiDa02,LB,Devin Lloyd,LloyDe00,LB,Foyesade Oluokun,OluoFo00,CB,Jourdan Lewis,LewiJo01,CB,Jarrian Jones,JoneJa14,CB,Tyson Campbell,CampTy01,S,Eric Murray,MurrEr00,S,Andrew Wingard,WingAn01,Referee,Alan Eck,Umpire,Tab Slaughter,Down Judge,David Oliver,Line Judge,Greg Bradley,Back Judge,Grantis Bell,Side Judge,Dale Shaw,Field Judge,John Jenkins
202509140clt,2025-09-14,Sunday,4:05pm,Indianapolis Colts,Denver Broncos,clt,den,29,28,Shane Steichen,Sean Payton,Lucas Oil Stadium,63910,3:03,retractable roof (closed),fieldturf,,QB,Daniel Jones,JoneDa05,RB,Jonathan Taylor,TaylJo02,WR,Michael Pittman Jr.,PittMi01,WR,Alec Pierce,PierAl00,WR,Josh Downs,DownJo00,TE,Tyler Warren,WarrTy00,T,Braden Smith,SmitBr06,T,Bernhard Raimann,RaimBe00,G,Matt Goncalves,GoncMa00,G,Quenton Nelson,NelsQu00,C,Tanor Bortolini,BortTa00,DE,Samson Ebukam,EbukSa00,DE,Kwity Paye,PayeKw00,DT,Neville Gallimore,GallNe00,DT,Grover Stewart,StewGr00,DT,DeForest Buckner,BuckDe00,LB,Zaire Franklin,FranZa00,LB,Joe Bachie,BachJo01,CB,Xavien Howard,HowaXa00,CB,Mekhi Blackmon,BlacMe00,S,Nick Cross,CrosNi00,S,Camryn Bynum,BynuCa00,QB,Bo Nix,NixxBo00,RB,J.K. Dobbins,DobbJK00,FB,Adam Prentice,PrenAd00,WR,Courtland Sutton,SuttCo00,TE,Adam Trautman,TrauAd00,TE,Lucas Krull,KrulLu00,T,Garett Bolles,BollGa00,T,Mike McGlinchey,McGlMi00,G,Ben Powers,PoweBe00,G,Quinn Meinerz,MeinQu02,C,Luke Wattenberg,WattLu00,DL,John Franklin-Myers,FranJo02,DL,Zach Allen,AlleZa01,DT,D.J. Jones,,OLB,Jonathon Cooper,CoopJo02,OLB,Nik Bonitto,BoniNi00,LB,Alex Singleton,SingAl00,CB,Riley Moss,MossRi00,CB,Patrick Surtain II,SurtPa01,CB,Jahdae Barron,BarrJa01,S,Brandon Jones,JoneBr06,S,Talanoa Hufanga,HufaTa00,Referee,Craig Wrolstad,Umpire,Brandon Cruse,Down Judge,Danny Short,Line Judge,Brett Bergman,Back Judge,Rich Martinez,Side Judge,Frank Steratore,Field Judge,Jeff Shears
202509140crd,2025-09-14,Sunday,4:05pm,Arizona Cardinals,Carolina Panthers,crd,car,27,22,Jonathan Gannon,Dave Canales,State Farm Stadium,64003,3:16,retractable roof (closed),grass,,QB,Kyler Murray,MurrKy00,RB,James Conner,ConnJa00,WR,Michael Wilson,WilsMi02,WR,Marvin Harrison Jr.,HarrMa09,TE,Travis Vokolek,VokoTr00,TE,Trey McBride,McBrTr01,OL,Jonah Williams,WillJo10,OL,Isaiah Adams,AdamIs01,OL,Paris Johnson,JohnPa03,OL,Hjalte Froholdt,FrohHj00,OL,Evan Brown,BrowEv00,DL,Calais Campbell,CampCa99,DL,Darius Robinson,RobiDa01,DT,Dalvin Tomlinson,TomlDa00,OLB,Josh Sweat,SweaJo00,OLB,Baron Browning,BrowBa01,LB,Akeem Davis-Gaither,DaviAk01,LB,Mack Wilson,WilsMa03,CB,Max Melton,MeltMa00,CB,Garrett Williams,WillGa00,S,Jalen Thompson,ThomJa04,S,Budda Baker,BakeBu00,QB,Bryce Young,YounBr01,RB,Chuba Hubbard,HubbCh01,WR,Tetairoa McMillan,McMiTe00,WR,Xavier Legette,LegeXa00,TE,Tommy Tremble,TremTo00,TE,Ja'Tavion Sanders,SandJa01,T,Ikem Ekwonu,EkwoIk00,T,Taylor Moton,MotoTa00,G,Damien Lewis,LewiDa05,G,Robert Hunt,HuntRo01,C,Austin Corbett,CorbAu00,DE,A'Shawn Robinson,RobiAS00,DE,Derrick Brown,BrowDe05,NT,Bobby Brown,BrowBo04,OLB,Patrick Jones II,JonePa00,OLB,D.J. Wonnum,WonnDJ00,LB,Christian Rozeboom,RozeCh00,LB,Trevin Wallace,WallTr00,CB,Michael Jackson,JackMi01,CB,Jaycee Horn,HornJa00,S,Tre'von Moehrig,MoehTr00,S,Nick Scott,ScotNi01,Referee,Ron Torbert,Umpire,Barry Anderson,Down Judge,Frank LeBlanc,Line Judge,Brian Bolinger,Back Judge,Courtney Brown,Side Judge,Keith Washington,Field Judge,Ryan Dickson
202509140dal,2025-09-14,Sunday,1:00pm,Dallas Cowboys,New York Giants,dal,nyg,40,37,Brian Schottenheimer,Brian Daboll,AT&amp;T Stadium,92781,3:42,retractable roof (closed),matrixturf,,QB,Dak Prescott,PresDa01,RB,Javonte Williams,WillJa10,WR,Jalen Tolbert,TolbJa00,WR,CeeDee Lamb,LambCe00,WR,George Pickens,PickGe00,TE,Jake Ferguson,FergJa00,OL,Tyler Smith,SmitTy02,OT,Tyler Guyton,GuytTy00,T,Terence Steele,SteeTe01,OG,Tyler Booker,BookTy00,C,Cooper Beebe,BeebCo00,DE,Sam Williams,WillSa00,DE,Dante Fowler,FowlDa00,DT,Osa Odighizuwa,OdigOs00,DT,Kenny Clark,ClarKe01,MLB,Jack Sanborn,SanbJa00,MLB,Kenneth Murray,MurrKe00,CB,Reddy Steward,StewRe00,CB,Kaiir Elam,ElamKa00,CB,Trevon Diggs,DiggTr00,S,Malik Hooker,HookMa00,S,Donovan Wilson,WilsDo01,QB,Russell Wilson,WilsRu00,RB,Devin Singletary,SingDe00,WR,Darius Slayton,SlayDa01,WR,Malik Nabers,NabeMa00,WR,Wan'Dale Robinson,RobiWa01,TE,Theo Johnson,JohnTh00,OL,Jermaine Eluemunor,ElueJe00,T,James Hudson,HudsJa00,OG,Greg Van Roten,VanRGr00,G,Jon Runyan Jr.,RunyJo00,C,John Michael Schmitz,MichJo00,DL,Dexter Lawrence,LawrDe03,DT,Roy Robertson-Harris,RobeRo00,OLB,Brian Burns,BurnBr00,OLB,Kayvon Thibodeaux,ThibKa00,LB,Bobby Okereke,OkerBo00,LB,Darius Muasau,MuasDa00,CB,Andru Phillips,PhilAn02,CB,Cordale Flott,FlotCo00,CB,Paulson Adebo,AdebPa00,S,Tyler Nubin,NubiTy00,S,Jevon Holland,HollJe02,Referee,Bill Vinovich,Umpire,Scott Walker,Down Judge,Dale Keller,Line Judge,Tripp Sutter,Back Judge,Todd Prukop,Side Judge,Jimmy Buchanan,Field Judge,Aaron Santi
202509140det,2025-09-14,Sunday,1:00pm,Detroit Lions,Chicago Bears,det,chi,52,21,Dan Campbell,Ben Johnson,Ford Field,64201,3:14,dome,fieldturf,,QB,Jared Goff,GoffJa00,RB,Jahmyr Gibbs,GibbJa01,WR,Amon-Ra St. Brown,StxxAm00,WR,Kalif Raymond,RaymKa00,WR,Jameson Williams,WillJa11,TE,Sam LaPorta,LaPoSa01,OL,Christian Mahogany,MahoCh00,OL,Graham Glasgow,GlasGr00,T,Penei Sewell,SewePe00,T,Taylor Decker,DeckTa00,OG,Tate Ratledge,RatlTa00,DL,D.J. Reader,,DE,Aidan Hutchinson,HutcAi00,DE,Marcus Davenport,DaveMa00,DT,Tyleik Williams,WillTy02,LB,Jack Campbell,CampJa04,LB,Derrick Barnes,BarnDe02,LB,Alex Anzalone,AnzaAl00,CB,Terrion Arnold,ArnoTe00,CB,D.J. Reed,,DB,Brian Branch,BranBr00,S,Kerby Joseph,JoseKe03,QB,Caleb Williams,WillCa03,RB,D'Andre Swift,SwifDA00,WR,Rome Odunze,OdunRo00,WR,D.J. Moore,,TE,Colston Loveland,LoveCo00,TE,Cole Kmet,KmetCo00,OL,Darnell Wright,WrigDa00,OL,Braxton Jones,JoneBr08,OL,Jonah Jackson,JackJo03,OL,Drew Dalman,DalmDr00,G,Joe Thuney,ThunJo00,DL,Grady Jarrett,JarrGr00,DL,Dayo Odeyingbo,OdeyDa00,DL,Gervon Dexter,DextGe00,DL,Montez Sweat,SweaMo00,LB,T.J. Edwards,EdwaTJ02,LB,Tremaine Edmunds,EdmuTr01,CB,Nick McCloud,McClNi00,DB,Jaylon Johnson,JohnJa13,DB,Tyrique Stevenson,StevTy01,DB,Kevin Byard,ByarKe01,DB,Jaquan Brisker,BrisJa01,Referee,Land Clark,Umpire,Mark Pellis,Down Judge,Tom Stephan,Line Judge,Jeff Hutcheon,Back Judge,Brad Freeman,Side Judge,Dominique Pender,Field Judge,Jabir Walker
202509140kan,2025-09-14,Sunday,4:25pm,Kansas City Chiefs,Philadelphia Eagles,kan,phi,17,20,Andy Reid,Nick Sirianni,GEHA Field at Arrowhead Stadium,73558,2:56,outdoors,grass,"88 degrees, relative humidity 46%, wind 12 mph",QB,Patrick Mahomes,MahoPa00,RB,Isiah Pacheco,PachIs00,WR,Marquise Brown,BrowMa04,WR,Tyquan Thornton,ThorTy00,TE,Noah Gray,GrayNo00,TE,Travis Kelce,KelcTr00,OT,Josh Simmons,SimmJo01,T,Jawaan Taylor,TaylJa02,T,Kingsley Suamataia,SuamKi00,G,Trey Smith,SmitTr05,C,Creed Humphrey,HumpCr00,DE,Michael Danna,DannMi00,DE,George Karlaftis III,KarlGe00,DT,Derrick Nnadi,NnadDe00,DT,Chris Jones,JoneCh09,LB,Leo Chenal,ChenLe00,LB,Nick Bolton,BoltNi00,LB,Drue Tranquill,TranDr00,CB,Trent McDuffie,McDuTr00,CB,Jaylen Watson,WatsJa02,DB,Chamarri Conner,ConnCh01,S,Bryan Cook,CookBr02,QB,Jalen Hurts,HurtJa00,RB,Saquon Barkley,BarkSa00,WR,DeVonta Smith,SmitDe07,WR,A.J. Brown,BrowAJ00,TE,Grant Calcaterra,CalcGr00,TE,Kylen Granson,GranKy00,OL,Tyler Steen,SteeTy00,OL,Cam Jurgens,JurgCa01,T,Lane Johnson,JohnLa01,T,Jordan Mailata,MailJo00,G,Landon Dickerson,DickLa00,DT,Jordan Davis,DaviJo03,DT,Jalen Carter,CartJa05,DT,Moro Ojomo,OjomMo00,OLB,Jalyx Hunt,HuntJa02,OLB,Nolan Smith,SmitNo02,LB,Jihaad Campbell,CampJi00,LB,Zack Baun,BaunZa00,CB,Quinyon Mitchell,MitcQu00,DB,Cooper DeJean,DeJeCo00,S,Sydney Brown,BrowSy00,S,Reed Blankenship,BlanRe00,Referee,Alex Kemp,Umpire,Brandon Ellison,Down Judge,Mike Carr,Line Judge,Rusty Baynes,Back Judge,Scott Helverson,Side Judge,Lo van Pham,Field Judge,Sean Petty
202509140mia,2025-09-14,Sunday,1:00pm,Miami Dolphins,New England Patriots,mia,nwe,27,33,Mike McDaniel,Mike Vrabel,Hard Rock Stadium,65593,3:07,outdoors,grass,"89 degrees, relative humidity 56%, wind 4 mph",QB,Tua Tagovailoa,TagoTu00,RB,De'Von Achane,AchaDe00,FB,Alec Ingold,IngoAl01,WR,Jaylen Waddle,WaddJa00,WR,Tyreek Hill,HillTy00,TE,Julian Hill,HillJu02,OL,Larry Borom,BoroLa00,OL,Aaron Brewer,BrewAa01,OT,Patrick Paul,PaulPa01,T,Kion Smith,SmitKi00,OG,Jonah Savaiinaea,SavaJo00,DT,Kenneth Grant,GranKe01,DT,Jordan Phillips,PhilJo02,DT,Zach Sieler,SielZa00,LB,Tyrel Dodson,DodsTy01,LB,Bradley Chubb,ChubBr00,LB,Jordyn Brooks,BrooJo01,LB,Jaelan Phillips,PhilJa02,CB,Rasul Douglas,DougRa00,CB,Jack Jones,JoneJa10,S,Ifeatu Melifonwu,MeliIf00,S,Minkah Fitzpatrick,FitzMi00,QB,Drake Maye,MayeDr00,RB,Rhamondre Stevenson,StevRh00,WR,Stefon Diggs,DiggSt00,WR,Mack Hollins,HollMa00,TE,Austin Hooper,HoopAu00,TE,Hunter Henry,HenrHu00,OL,Michael Onwenu,OnweMi00,OT,Will Campbell,CampWi01,OT,Morgan Moses,MoseMo00,C,Garrett Bradbury,BradGa00,C,Jared Wilson,WilsJa02,DT,Milton Williams,WillMi08,DT,Christian Barmore,BarmCh00,OLB,Harold Landry,LandHa00,LB,Christian Elliss,ElliCh00,LB,Robert Spillane,SpilRo00,LB,K'Lavon Chaisson,ChaiKL00,CB,Marcus Jones,JoneMa06,CB,Carlton Davis,DaviCa02,S,Jaylinn Hawkins,HawkJa00,S,Kyle Dugger,DuggKy00,S,Craig Woodson,WoodCr00,Referee,Alex Moore,Umpire,Terry Killens,Down Judge,Dana McKenzie,Line Judge,Tom Eaton,Back Judge,Terrence Miles,Side Judge,Anthony Jeffries,Field Judge,Mearl Robinson
202509140min,2025-09-14,Sunday,8:20pm,Minnesota Vikings,Atlanta Falcons,min,atl,6,22,Kevin O'Connell,Raheem Morris,U.S. Bank Stadium,66859,2:54,dome,sportturf,,QB,J.J. McCarthy,McCaJJ00,RB,Aaron Jones,JoneAa00,WR,Jalen Nailor,NailJa00,WR,Adam Thielen,ThieAd00,WR,Justin Jefferson,JeffJu00,TE,T.J. Hockenson,HockTJ00,OL,Donovan Jackson,JackDo03,T,Justin Skule,SkulJu00,T,Brian O'Neill,ONeiBr00,G,Will Fries,FrieWi00,C,Ryan Kelly,KellRy00,DL,Jonathan Allen,AlleJo01,DL,Javon Hargrave,HargJa00,DL,Jalen Redmond,RedmJa01,OLB,Dallas Turner,TurnDa01,OLB,Jonathan Greenard,GreeJo04,LB,Eric Wilson,WilsEr00,LB,Ivan Pace,PaceIv00,CB,Isaiah Rodgers,RodgIs00,CB,Byron Murphy,MurpBy00,S,Josh Metellus,MeteJo00,S,Theo Jackson,JackTh00,QB,Michael Penix,PeniMi00,RB,Bijan Robinson,RobiBi01,WR,Darnell Mooney,MoonDa00,WR,Drake London,LondDr00,TE,Charlie Woerner,WoerCh00,TE,Kyle Pitts,PittKy00,OL,Matthew Bergeron,BergMa00,OL,Elijah Wilkinson,WilkEl00,OL,Ryan Neuzil,NeuzRy00,T,Jake Matthews,MattJa00,G,Chris Lindstrom,LindCh00,DL,Zach Harrison,HarrZa00,DL,David Onyemata,OnyeDa00,DE,Leonard Floyd,FloyLe00,DE,Arnold Ebiketie,EbikAr00,DT,Brandon Dorlus,DorlBr00,LB,Kaden Elliss,ElliKa00,LB,Divine Deablo,DeabDi00,CB,Mike Hughes,HughMi00,CB,AJ Terrell,TerrAJ00,S,Xavier Watts,WattXa00,S,Jessie Bates III,BateJe00,Referee,Adrian Hill,Umpire,Roy Ellison,Down Judge,Derick Bowers,Line Judge,Julian Mapp,Back Judge,Greg Steed,Side Judge,Clay Reynard,Field Judge,Tra Boger
202509140nor,2025-09-14,Sunday,1:00pm,New Orleans Saints,San Francisco 49ers,nor,sfo,21,26,Kellen Moore,Kyle Shanahan,Caesars Superdome,70078,3:06,dome,sportturf,,QB,Spencer Rattler,RattSp00,RB,Alvin Kamara,KamaAl00,WR,Devaughn Vele,VeleDe00,WR,Rashid Shaheed,ShahRa00,WR,Chris Olave,OlavCh00,TE,Juwan Johnson,JohnJu02,OL,Erik McCoy,McCoEr01,OL,Dillon Radunz,RaduDi00,OL,Cesar Ruiz,RuizCe00,OT,Kelvin Banks,BankKe01,OT,Taliese Fuaga,FuagTa00,DE,Carl Granderson,GranCa01,DE,Cameron Jordan,JordCa00,DT,Bryan Bresee,BresBr00,DT,Nathan Shepherd,ShepNa00,DT,Davon Godchaux,GodcDa00,LB,Demario Davis,DaviDe00,LB,Pete Werner,WernPe00,CB,Kool-Aid McKinstry,McKiKo00,CB,Alontae Taylor,TaylAl01,S,Justin Reid,ReidJu00,S,Jonas Sanker,SankJo00,QB,Mac Jones,JoneMa05,RB,Christian McCaffrey,McCaCh01,FB,Kyle Juszczyk,JuszKy00,WR,Ricky Pearsall,PearRi00,WR,Jauan Jennings,JennJa00,TE,Luke Farrell,FarrLu00,OL,Ben Bartch,BartBe00,OL,Jake Brendel,BrenJa01,OL,Dominick Puni,PuniDo00,OL,Colton McKivitz,McKiCo00,OT,Trent Williams,WillTr21,DL,Nick Bosa,BosaNi00,DL,Jordan Elliott,ElliJo02,DL,Kalia Davis,DaviKa01,DE,Mykel Williams,WillMy00,LB,Fred Warner,WarnFr00,LB,Dee Winters,WintDe00,CB,Renardo Green,GreeRe00,CB,Upton Stout,StouUp00,DB,Deommodore Lenoir,LenoDe00,S,Jason Pinnock,PinnJa01,S,Marques Sigle,SiglMa00,Referee,Shawn Smith,Umpire,Tra Blake,Down Judge,Jay Bilbo,Line Judge,Jeff Seeman,Back Judge,Dino Paganelli,Side Judge,Boris Cheek,Field Judge,Dyrol Prioleau
202509140nyj,2025-09-14,Sunday,1:00pm,New York Jets,Buffalo Bills,nyj,buf,10,30,Aaron Glenn,Sean McDermott,MetLife Stadium,80875,2:59,outdoors,fieldturf,"80 degrees, relative humidity 49%, wind 3 mph",QB,Justin Fields,FielJu00,RB,Breece Hall,HallBr03,WR,Garrett Wilson,WilsGa00,WR,Tyler Johnson,JohnTy00,TE,Mason Taylor,TaylMa02,TE,Jeremy Ruckert,RuckJe00,OL,Olumuyiwa Fashanu,FashOl00,OL,John Simpson,SimpJo00,OT,Armand Membou,MembAr00,C,Josh Myers,MyerJo00,C,Joe Tippmann,TippJo00,DL,Harrison Phillips,PhilHa00,DL,Quinnen Williams,WillQu00,DE,Will McDonald,McDoWi00,LB,Jamien Sherwood,SherJa00,LB,Jermaine Johnson II,JohnJe07,LB,Quincy Williams,WillQu01,CB,Brandon Stephens,StepBr01,CB,Sauce Gardner,GardSa00,CB,Michael Carter II,CartMi02,S,Tony Adams,AdamTo03,S,Andre Cisco,CiscAn00,QB,Josh Allen,AlleJo02,RB,James Cook,CookJa01,WR,Keon Coleman,ColeKe02,WR,Khalil Shakir,ShakKh00,WR,Elijah Moore,MoorEl00,TE,Dawson Knox,KnoxDa00,T,Spencer Brown,BrowSp00,T,Dion Dawkins,DawkDi00,G,O'Cyrus Torrence,TorrOC00,G,David Edwards,EdwaDa01,G,Connor McGovern,McGoCo01,DE,Joey Bosa,BosaJo00,DE,Gregory Rousseau,RousGr00,DT,Deone Walker,WalkDe04,DT,DaQuan Jones,JoneDa04,LB,Dorian Williams,WillDo04,LB,Matt Milano,MilaMa00,LB,Terrel Bernard,BernTe00,CB,Tre'Davious White,WhitTr01,CB,Christian Benford,BenfCh00,S,Taylor Rapp,RappTa00,S,Cole Bishop,BishCo00,Referee,Clete Blakeman,Umpire,Scott Campbell,Down Judge,Andy Warner,Line Judge,Kent Payne,Back Judge,Jonah Monroe,Side Judge,James Coleman,Field Judge,Karina Tovar
202509140oti,2025-09-14,Sunday,1:00pm,Tennessee Titans,Los Angeles Rams,oti,ram,19,33,Brian Callahan,Sean McVay,Nissan Stadium,59069,3:07,outdoors,grass,"83 degrees, relative humidity 46%, wind 3 mph",QB,Cam Ward,WardCa00,RB,Tony Pollard,PollTo00,WR,Elic Ayomanor,AyomEl00,WR,Calvin Ridley,RidlCa00,WR,Tyler Lockett,LockTy00,TE,Chig Okonkwo,OkonCh00,OL,Peter Skoronski,SkorPe00,OL,John Ojukwu,OjukJo00,OT,Dan Moore,MoorDa05,G,Kevin Zeitler,ZeitKe00,C,Lloyd Cushenberry III,CushLl00,DE,Sebastian Joseph-Day,JoseSe00,DT,Jeffery Simmons,SimmJe01,OLB,Arden Key,KeyxAr00,OLB,Dre'Mont Jones,JoneDr00,LB,Cedric Gray,GrayCe00,LB,Cody Barton,BartCo00,CB,Roger McCreary,McCrRo01,CB,L'Jarius Sneed,SneeLJ00,CB,Jarvis Brownlee,BrowJa09,S,Amani Hooker,HookAm00,S,Xavier Woods,WoodXa00,QB,Matthew Stafford,StafMa00,RB,Kyren Williams,WillKy02,WR,Tutu Atwell,AtweTu00,WR,Davante Adams,AdamDa01,WR,Puka Nacua,NacuPu00,TE,Tyler Higbee,HigbTy00,OL,Justin Dedich,DediJu00,OL,Kevin Dotson,DotsKe00,OL,Rob Havenstein,HaveRo00,OL,Alaric Jackson,JackAl01,C,Coleman Shelton,ShelCo00,DE,Braden Fiske,FiskBr00,DE,Kobie Turner,TurnKo00,OLB,Byron Young,YounBy01,OLB,Jared Verse,VersJa00,LB,Omar Speights,SpeiOm00,LB,Nathan Landman,LandNa01,CB,Emmanuel Forbes,ForbEm00,CB,Ahkello Witherspoon,WithAh00,S,Quentin Lake,LakeQu00,S,Kamren Kinchens,KincKa00,S,Kamren Curl,CurlKa00,Referee,John Hussey,Umpire,Duane Heydt,Down Judge,Max Causey,Line Judge,Carl Johnson,Back Judge,Matt Edwards,Side Judge,Allen Baynes,Field Judge,Anthony Flemming
202509140pit,2025-09-14,Sunday,1:00pm,Pittsburgh Steelers,Seattle Seahawks,pit,sea,17,31,Mike Tomlin,Mike Macdonald,Acrisure Stadium,66347,2:56,outdoors,grass,"79 degrees, relative humidity 46%, wind 5 mph",QB,Aaron Rodgers,RodgAa00,RB,Jaylen Warren,WarrJa01,WR,Calvin Austin III,AustCa00,WR,D.K. Metcalf,MetcDK00,TE,Pat Freiermuth,FreiPa00,TE,Jonnu Smith,SmitJo01,OT,Troy Fautanu,FautTr00,OT,Broderick Jones,JoneBr09,G,Isaac Seumalo,SeumIs00,G,Mason McCormick,McCoMa00,C,Zach Frazier,FrazZa00,DL,Keeanu Benton,BentKe00,DT,Isaiahh Loudermilk,LoudIs00,DT,Cameron Heyward,HeywCa01,LB,Patrick Queen,QueePa00,LB,Alex Highsmith,HighAl02,LB,T.J. Watt,,LB,Payton Wilson,WilsPa00,CB,Jalen Ramsey,RamsJa00,CB,Darius Slay,SlayDa00,S,Juan Thornhill,ThorJu00,S,Chuck Clark,ClarCh00,QB,Sam Darnold,DarnSa00,RB,Kenneth Walker III,WalkKe00,WR,Jaxon Smith-Njigba,SmitJa06,WR,Cooper Kupp,KuppCo00,TE,AJ Barner,BarnAJ00,TE,Elijah Arroyo,ArroEl00,T,Charles Cross,CrosCh00,T,Abraham Lucas,LucaAb00,OG,Grey Zabel,ZabeGr00,G,Anthony Bradford,BradAn00,C,Jalen Sundell,SundJa00,DE,DeMarcus Lawrence,LawrDe00,DE,Leonard Williams,WillLe02,DT,Byron Murphy,MurpBy01,LB,Tyrice Knight,KnigTy00,LB,Ernest Jones,JoneEr01,LB,Boye Mafe,MafeBo00,CB,Josh Jobe,JobeJo00,CB,Riq Woolen,WoolTa00,FS,Julian Love,LoveJu00,FS,Coby Bryant,BryaCo01,S,D'Anthony Bell,BellDA03,Referee,Scott Novak,Umpire,Mike Morton,Down Judge,Brian Sakowski,Line Judge,Mark Stewart,Back Judge,Tony Josselyn,Side Judge,Don Willard,Field Judge,Terry Brown
202509140rav,2025-09-14,Sunday,1:00pm,Baltimore Ravens,Cleveland Browns,rav,cle,41,17,John Harbaugh,Kevin Stefanski,M&amp;T Bank Stadium,70487,3:07,outdoors,grass,"82 degrees, relative humidity 49%, wind 3 mph",QB,Lamar Jackson,JackLa00,RB,Derrick Henry,HenrDe00,WR,Zay Flowers,FlowZa00,WR,Tylan Wallace,WallTy00,WR,Devontez Walker,WalkDe01,TE,Mark Andrews,AndrMa00,OL,Andrew Vorhees,VorhAn00,T,Ronnie Stanley,StanRo00,T,Roger Rosengarten,RoseRo01,G,Daniel Faalele,FaalDa00,C,Tyler Linderbaum,LindTy00,DL,Travis Jones,JoneTr00,DL,Nnamdi Madubuike,MaduJu00,OLB,Tavius Robinson,RobiTa00,OLB,Kyle Van Noy,VanNKy00,LB,Roquan Smith,SmitRo07,LB,Teddye Buchanan,BuchTe00,CB,Nate Wiggins,WiggNa00,CB,Marlon Humphrey,HumpMa00,CB,Chidobe Awuzie,AwuzCh00,S,Malaki Starks,StarMa00,S,Kyle Hamilton,HamiKy00,QB,Joe Flacco,FlacJo00,RB,Quinshon Judkins,JudkQu00,WR,Cedric Tillman,TillCe01,WR,Jerry Jeudy,JeudJe00,TE,David Njoku,NjokDa00,TE,Harold Fannin,FannHa00,T,Cornelius Lucas,LucaCo01,T,Dawand Jones,JoneDa07,G,Wyatt Teller,TellWy00,G,Joel Bitonio,BitoJo00,C,Ethan Pocic,PociEt00,DE,Myles Garrett,GarrMy00,DE,Isaiah McGuire,McGuIs00,DT,Mason Graham,GrahMa00,DT,Maliek Collins,CollMa00,LB,Carson Schwesinger,SchwCa00,LB,Devin Bush Jr.,BushDe01,CB,Greg Newsome II,NewsGr00,CB,Myles Harden,HardMy00,CB,Denzel Ward,WardDe02,S,Ronnie Hickman,HickRo00,S,Grant Delpit,DelpGr00,Referee,Brad Allen,Umpire,Marcus Woods,Down Judge,Sarah Thomas,Line Judge,Walter Flowers,Back Judge,Tyree Walton,Side Judge,Chad Hill,Field Judge,Rick Patterson
202509150htx,2025-09-15,Monday,7:00pm,Houston Texans,Tampa Bay Buccaneers,htx,tam,19,20,DeMeco Ryans,Todd Bowles,NRG Stadium,71580,2:56,retractable roof (closed),astroturf,,QB,C.J. Stroud,StroCJ00,RB,Nick Chubb,ChubNi00,FB,Jakob Johnson,JohnJa12,WR,Nico Collins,CollNi00,WR,Jayden Higgins,HiggJa00,TE,Harrison Bryant,BryaHa00,OL,Jarrett Patterson,PattJa03,OT,Aireontae Ersery,ErseAi00,T,Tytus Howard,HowaTy00,G,Laken Tomlinson,TomlLa01,G,Ed Ingram,IngrEd00,DE,Will Anderson,AndeWi01,DE,Danielle Hunter,HuntDa01,DT,Sheldon Rankins,RankSh00,DT,Tim Settle,SettTi00,LB,Azeez Al-Shaair,AlShAz00,LB,Henry To'oTo'o,TooTHe00,CB,Kamari Lassiter,LassKa00,CB,Derek Stingley Jr.,StinDe00,S,C.J. Gardner-Johnson,GardCh00,S,Jalen Pitre,PitrJa00,S,Calen Bullock,BullCa00,QB,Baker Mayfield,MayfBa00,RB,Bucky Irving,IrviBu00,WR,Sterling Shepard,ShepSt00,WR,Emeka Egbuka,EgbuEm01,WR,Mike Evans,EvanMi00,TE,Cade Otton,OttoCa00,T,Luke Goedeke,GoedLu00,G,Ben Bredeson,BredBe00,G,Cody Mauch,MaucCo00,G,Michael Jordan,JordMi01,C,Graham Barton,BartGr00,DL,Logan Hall,HallLo00,DL,Calijah Kancey,KancCa00,NT,Vita Vea,VeaxVi00,OLB,YaYa Diaby,DiabYa00,OLB,Haason Reddick,ReddHa00,LB,SirVocea Dennis,DennSi00,LB,Lavonte David,DaviLa00,CB,Jamel Dean,DeanJa00,CB,Zyon McCollum,McCoZy02,S,Tykee Smith,SmitTy05,S,Antoine Winfield Jr.,WinfAn00,Referee,Shawn Hochuli,Umpire,Larry Smith,Down Judge,Patrick Holt,Line Judge,Tim Podraza,Back Judge,Jimmy Russell,Side Judge,Jim Quirk,Field Judge,Jason Ledet
202509150rai,2025-09-15,Monday,10:00pm,Las Vegas Raiders,Los Angeles Chargers,rai,sdg,9,20,Pete Carroll,Jim Harbaugh,Allegiant Stadium,62526,2:53,dome,grass,,QB,Geno Smith,SmitGe00,RB,Ashton Jeanty,JeanAs00,WR,Tre Tucker,TuckTr00,WR,Dont'e Thornton,ThorDo00,WR,Jakobi Meyers,MeyeJa01,TE,Michael Mayer,MayeMi00,OT,Delmar Glaze,GlazDe00,T,Kolton Miller,MillKo00,G,Alex Cappa,CappAl00,G,Dylan Parham,ParhDy00,G,Jordan Meredith,MereJo00,DE,Maxx Crosby,CrosMa00,DT,Thomas Booker,BookTh00,DT,Leki Fotu,FotuLe00,DT,Adam Butler,ButlAd00,LB,Germaine Pratt,PratGe00,LB,Elandon Roberts,RobeEl00,LB,Devin White,WhitDe02,CB,Eric Stokes,StokEr00,CB,Kyu Blu Kelly,BluxKy00,S,Isaiah Pola-Mao,PolaIs00,S,Jeremy Chinn,ChinJe00,QB,Justin Herbert,HerbJu00,RB,Omarion Hampton,HampOm00,WR,Quentin Johnston,JohnQu02,TE,Tyler Conklin,ConkTy00,TE,Will Dissly,DissWi00,T,Joe Alt,AltxJo01,T,Trey Pipkins,PipkTr00,G,Mekhi Becton,BectMe00,G,Zion Johnson,JohnZi00,C,Bradley Bozeman,BozeBr00,DL,Teair Tart,TartTe00,DL,Da'Shawn Hand,HandDa00,DL,Scott Matlock,MatlSc00,OLB,Tuli Tuipulotu,TuipTu00,OLB,Khalil Mack,MackKh00,LB,Daiyan Henley,HenlDa00,LB,Troy Dye,DyexTr00,CB,Donte Jackson,JackDo02,CB,Tarheeb Still,StilTa00,S,Tony Jefferson,JeffTo00,S,Derwin James,JameDe00,S,Alohi Gilman,GilmAl00,Referee,Clay Martin,Umpire,Steve Woods,Down Judge,Jerod Phillips,Line Judge,Brian Perry,Back Judge,Greg Wilson,Side Judge,Alonzo Ramsey,Field Judge,Dave Hawkshaw
202509180buf,2025-09-18,Thursday,8:15pm,Buffalo Bills,Miami Dolphins,buf,mia,31,21,Sean McDermott,Mike McDaniel,Highmark Stadium,70641,2:55,outdoors,a_turf,"68 degrees, relative humidity 71%, wind 7 mph",QB,Josh Allen,AlleJo02,RB,James Cook,CookJa01,WR,Keon Coleman,ColeKe02,WR,Khalil Shakir,ShakKh00,TE,Dalton Kincaid,KincDa00,TE,Dawson Knox,KnoxDa00,T,Spencer Brown,BrowSp00,T,Dion Dawkins,DawkDi00,G,O'Cyrus Torrence,TorrOC00,G,David Edwards,EdwaDa01,G,Connor McGovern,McGoCo01,DE,Joey Bosa,BosaJo00,DE,Gregory Rousseau,RousGr00,DT,Deone Walker,WalkDe04,DT,DaQuan Jones,JoneDa04,LB,Dorian Williams,WillDo04,LB,Terrel Bernard,BernTe00,CB,Taron Johnson,JohnTa01,CB,Tre'Davious White,WhitTr01,CB,Christian Benford,BenfCh00,S,Taylor Rapp,RappTa00,S,Cole Bishop,BishCo00,QB,Tua Tagovailoa,TagoTu00,RB,De'Von Achane,AchaDe00,WR,Malik Washington,WashMa00,WR,Jaylen Waddle,WaddJa00,WR,Tyreek Hill,HillTy00,TE,Julian Hill,HillJu02,OL,Larry Borom,BoroLa00,OL,Aaron Brewer,BrewAa01,OT,Patrick Paul,PaulPa01,T,Kion Smith,SmitKi00,OG,Jonah Savaiinaea,SavaJo00,DT,Jordan Phillips,PhilJo02,DT,Zach Sieler,SielZa00,LB,Tyrel Dodson,DodsTy01,LB,Jaelan Phillips,PhilJa02,LB,Bradley Chubb,ChubBr00,LB,Jordyn Brooks,BrooJo01,CB,Rasul Douglas,DougRa00,CB,Jack Jones,JoneJa10,S,Minkah Fitzpatrick,FitzMi00,S,Ashtyn Davis,DaviAs00,S,Dante Trader,TradDa00,Referee,Alan Eck,Umpire,Tab Slaughter,Down Judge,David Oliver,Line Judge,Greg Bradley,Back Judge,Grantis Bell,Side Judge,Dale Shaw,Field Judge,John Jenkins
202509210car,2025-09-21,Sunday,1:00pm,Carolina Panthers,Atlanta Falcons,car,atl,30,0,Dave Canales,Raheem Morris,Bank of America Stadium,71129,2:50,outdoors,grass,"83 degrees, relative humidity 51%, wind 5 mph",QB,Bryce Young,YounBr01,RB,Chuba Hubbard,HubbCh01,WR,Brycen Tremayne,TremBr00,WR,Tetairoa McMillan,McMiTe00,WR,David Moore,MoorDa03,TE,Ja'Tavion Sanders,SandJa01,T,Ikem Ekwonu,EkwoIk00,T,Taylor Moton,MotoTa00,G,Chandler Zavala,ZavaCh00,G,Damien Lewis,LewiDa05,C,Cade Mays,MaysCa00,DE,A'Shawn Robinson,RobiAS00,DE,Derrick Brown,BrowDe05,OLB,Nic Scourton,ScouNi00,OLB,D.J. Wonnum,WonnDJ00,LB,Christian Rozeboom,RozeCh00,LB,Trevin Wallace,WallTr00,CB,Chau Smith-Wade,SmitCh05,CB,Michael Jackson,JackMi01,CB,Jaycee Horn,HornJa00,S,Tre'von Moehrig,MoehTr00,S,Nick Scott,ScotNi01,QB,Michael Penix,PeniMi00,RB,Bijan Robinson,RobiBi01,WR,Darnell Mooney,MoonDa00,WR,Ray-Ray McCloud,McClRa00,WR,Drake London,LondDr00,TE,Kyle Pitts,PittKy00,OL,Elijah Wilkinson,WilkEl00,OL,Ryan Neuzil,NeuzRy00,OL,Matthew Bergeron,BergMa00,T,Jake Matthews,MattJa00,G,Chris Lindstrom,LindCh00,DL,Zach Harrison,HarrZa00,DL,David Onyemata,OnyeDa00,DE,Leonard Floyd,FloyLe00,DE,Arnold Ebiketie,EbikAr00,DT,Brandon Dorlus,DorlBr00,LB,Kaden Elliss,ElliKa00,LB,Divine Deablo,DeabDi00,CB,Mike Hughes,HughMi00,CB,DeAundre Alford,AlfoDe00,S,Jessie Bates III,BateJe00,S,Xavier Watts,WattXa00,Referee,Craig Wrolstad,Umpire,Brandon Cruse,Down Judge,Danny Short,Line Judge,Brett Bergman,Back Judge,Rich Martinez,Side Judge,Frank Steratore,Field Judge,Jeff Shears
202509210chi,2025-09-21,Sunday,4:25pm,Chicago Bears,Dallas Cowboys,chi,dal,31,14,Ben Johnson,Brian Schottenheimer,Soldier Field,58389,2:52,outdoors,grass,"82 degrees, relative humidity 48%, wind 4 mph",QB,Caleb Williams,WillCa03,RB,D'Andre Swift,SwifDA00,WR,Rome Odunze,OdunRo00,WR,D.J. Moore,,TE,Colston Loveland,LoveCo00,TE,Cole Kmet,KmetCo00,OL,Darnell Wright,WrigDa00,OL,Braxton Jones,JoneBr08,OL,Jonah Jackson,JackJo03,OL,Drew Dalman,DalmDr00,G,Joe Thuney,ThunJo00,DL,Grady Jarrett,JarrGr00,DL,Daniel Hardy,HardDa01,DL,Dayo Odeyingbo,OdeyDa00,DL,Gervon Dexter,DextGe00,DL,Montez Sweat,SweaMo00,LB,Tremaine Edmunds,EdmuTr01,LB,Noah Sewell,SeweNo00,CB,Nahshon Wright,WrigNa00,DB,Tyrique Stevenson,StevTy01,DB,Kevin Byard,ByarKe01,DB,Jaquan Brisker,BrisJa01,QB,Dak Prescott,PresDa01,RB,Javonte Williams,WillJa10,RB,Hunter Luepke,LuepHu00,WR,George Pickens,PickGe00,WR,CeeDee Lamb,LambCe00,TE,Luke Schoonmaker,SchoLu00,OL,Tyler Smith,SmitTy02,OT,Tyler Guyton,GuytTy00,T,Terence Steele,SteeTe01,OG,Tyler Booker,BookTy00,C,Brock Hoffman,HoffBr00,DE,Dante Fowler,FowlDa00,DE,Sam Williams,WillSa00,DT,Osa Odighizuwa,OdigOs00,DT,Kenny Clark,ClarKe01,MLB,Kenneth Murray,MurrKe00,MLB,Jack Sanborn,SanbJa00,LB,Damone Clark,ClarDa02,CB,Kaiir Elam,ElamKa00,CB,Trevon Diggs,DiggTr00,S,Malik Hooker,HookMa00,S,Donovan Wilson,WilsDo01,Referee,Clay Martin,Umpire,Steve Woods,Down Judge,Jerod Phillips,Line Judge,Brian Perry,Back Judge,Greg Wilson,Side Judge,Alonzo Ramsey,Field Judge,Dave Hawkshaw
202509210cle,2025-09-21,Sunday,1:00pm,Cleveland Browns,Green Bay Packers,cle,gnb,13,10,Kevin Stefanski,Matt LaFleur,Huntington Bank Field,65470,3:03,outdoors,grass,"79 degrees, relative humidity 53%, wind 10 mph",QB,Joe Flacco,FlacJo00,RB,Quinshon Judkins,JudkQu00,WR,Isaiah Bond,BondIs00,WR,Cedric Tillman,TillCe01,WR,Jerry Jeudy,JeudJe00,TE,David Njoku,NjokDa00,T,Dawand Jones,JoneDa07,T,Cornelius Lucas,LucaCo01,G,Joel Bitonio,BitoJo00,G,Wyatt Teller,TellWy00,C,Ethan Pocic,PociEt00,DE,Myles Garrett,GarrMy00,DE,Isaiah McGuire,McGuIs00,DT,Mason Graham,GrahMa00,DT,Maliek Collins,CollMa00,LB,Carson Schwesinger,SchwCa00,LB,Devin Bush Jr.,BushDe01,CB,Myles Harden,HardMy00,CB,Greg Newsome II,NewsGr00,CB,Denzel Ward,WardDe02,S,Ronnie Hickman,HickRo00,S,Grant Delpit,DelpGr00,QB,Jordan Love,LoveJo03,RB,Josh Jacobs,JacoJo01,WR,Dontayvion Wicks,WickDo00,WR,Romeo Doubs,DoubRo00,WR,Matthew Golden,GoldMa02,TE,Tucker Kraft,KrafTu00,OL,Zach Tom,TomxZa00,OL,Elgton Jenkins,JenkEl00,T,Rasheed Walker,WalkRa00,G,Sean Rhyan,RhyaSe00,G,Aaron Banks,BankAa00,DL,Colby Wooden,WoodCo01,DL,Micah Parsons,ParsMi00,DL,Rashan Gary,GaryRa00,DL,Devonte Wyatt,WyatDe00,LB,Quay Walker,WalkQu00,LB,Edgerrin Cooper,CoopEd00,CB,Keisean Nixon,NixoKe00,CB,Nate Hobbs,HobbNa00,S,Xavier McKinney,McKiXa00,S,Evan Williams,WillEv00,S,Javon Bullard,BullJa00,Referee,Carl Cheffers,Umpire,Derek Anderson,Down Judge,Daniel Gallagher,Line Judge,Quentin Givens,Back Judge,Martin Hankins,Side Judge,Eugene Hall,Field Judge,Nathan Jones
202509210jax,2025-09-21,Sunday,1:00pm,Jacksonville Jaguars,Houston Texans,jax,htx,17,10,Liam Coen,DeMeco Ryans,EverBank Stadium,58161,3:08,outdoors,grass,"85 degrees, relative humidity 59%, wind 11 mph",QB,Trevor Lawrence,LawrTr00,RB,Travis Etienne,EtieTr00,WR,Dyami Brown,BrowDy00,WR,Brian Thomas,ThomBr06,TE,Brenton Strange,StraBr00,TE,Johnny Mundt,MundJo00,OL,Anton Harrison,HarrAn00,OL,Patrick Mekari,MekaPa00,OL,Walker Little,LittWa00,OL,Ezra Cleveland,ClevEz00,C,Robert Hainsey,HainRo00,DE,Josh Hines-Allen,AlleJo03,DE,Travon Walker,WalkTr03,DT,DaVon Hamilton,HamiDa02,DT,Arik Armstead,ArmsAr01,OLB,Dennis Gardeck,GardDe01,LB,Devin Lloyd,LloyDe00,LB,Foyesade Oluokun,OluoFo00,CB,Jourdan Lewis,LewiJo01,CB,Tyson Campbell,CampTy01,S,Eric Murray,MurrEr00,S,Andrew Wingard,WingAn01,QB,C.J. Stroud,StroCJ00,RB,Nick Chubb,ChubNi00,WR,Nico Collins,CollNi00,WR,Christian Kirk,KirkCh01,WR,Xavier Hutchinson,HutcXa00,TE,Dalton Schultz,SchuDa00,OT,Aireontae Ersery,ErseAi00,T,Tytus Howard,HowaTy00,G,Laken Tomlinson,TomlLa01,G,Ed Ingram,IngrEd00,C,Jake Andrews,AndrJa00,DE,Will Anderson,AndeWi01,DE,Danielle Hunter,HuntDa01,DT,Sheldon Rankins,RankSh00,DT,Folorunso Fatukasi,FatuFo00,DT,Tim Settle,SettTi00,LB,Azeez Al-Shaair,AlShAz00,LB,Henry To'oTo'o,TooTHe00,CB,Kamari Lassiter,LassKa00,CB,Derek Stingley Jr.,StinDe00,S,C.J. Gardner-Johnson,GardCh00,S,Calen Bullock,BullCa00,Referee,Alex Kemp,Umpire,Brandon Ellison,Down Judge,Mike Carr,Line Judge,Rusty Baynes,Back Judge,Scott Helverson,Side Judge,Lo van Pham,Field Judge,Sean Petty
202509210min,2025-09-21,Sunday,1:00pm,Minnesota Vikings,Cincinnati Bengals,min,cin,48,10,Kevin O'Connell,Zac Taylor,U.S. Bank Stadium,66792,3:10,dome,sportturf,,QB,Carson Wentz,WentCa00,RB,Jordan Mason,MasoJo00,WR,Adam Thielen,ThieAd00,WR,Jalen Nailor,NailJa00,WR,Justin Jefferson,JeffJu00,TE,T.J. Hockenson,HockTJ00,OL,Donovan Jackson,JackDo03,T,Christian Darrisaw,DarrCh00,T,Brian O'Neill,ONeiBr00,G,Michael Jurgens,JurgMi02,G,Will Fries,FrieWi00,DL,Jonathan Allen,AlleJo01,DL,Javon Hargrave,HargJa00,DL,Jalen Redmond,RedmJa01,OLB,Dallas Turner,TurnDa01,OLB,Jonathan Greenard,GreeJo04,LB,Eric Wilson,WilsEr00,LB,Ivan Pace,PaceIv00,CB,Isaiah Rodgers,RodgIs00,CB,Byron Murphy,MurpBy00,S,Josh Metellus,MeteJo00,S,Theo Jackson,JackTh00,QB,Jake Browning,BrowJa08,RB,Chase Brown,BrowCh10,WR,Ja'Marr Chase,ChasJa00,WR,Tee Higgins,HiggTe00,TE,Noah Fant,FantNo00,TE,Drew Sample,SampDr00,OT,Orlando Brown Jr.,BrowOr00,OT,Amarius Mims,MimsAm00,OG,Dylan Fairchild,FairDy00,G,Dalton Risner,RisnDa00,C,Ted Karras,KarrTe00,DE,Joseph Ossai,OssaJo00,DE,Trey Hendrickson,HendTr00,DT,B.J. Hill,,DT,Tedarrell Slaton,SlatTe00,LB,Demetrius Knight,KnigDe00,LB,Logan Wilson,WilsLo00,CB,Daxton Hill,HillDa04,CB,Josh Newton,NewtJo00,CB,DJ Turner,TurnDJ01,S,Jordan Battle,BattJo00,S,Geno Stone,StonGe00,Referee,Ron Torbert,Umpire,Barry Anderson,Down Judge,Frank LeBlanc,Line Judge,Brian Bolinger,Back Judge,Courtney Brown,Side Judge,Keith Washington,Field Judge,Ryan Dickson
202509210nwe,2025-09-21,Sunday,1:00pm,New England Patriots,Pittsburgh Steelers,nwe,pit,14,21,Mike Vrabel,Mike Tomlin,Gillette Stadium,64628,2:52,outdoors,fieldturf,"66 degrees, relative humidity 54%, wind 5 mph",QB,Drake Maye,MayeDr00,RB,Rhamondre Stevenson,StevRh00,WR,Stefon Diggs,DiggSt00,WR,Mack Hollins,HollMa00,TE,Hunter Henry,HenrHu00,TE,Austin Hooper,HoopAu00,OL,Michael Onwenu,OnweMi00,OT,Will Campbell,CampWi01,OT,Morgan Moses,MoseMo00,C,Jared Wilson,WilsJa02,C,Garrett Bradbury,BradGa00,DT,Christian Barmore,BarmCh00,DT,Milton Williams,WillMi08,OLB,Harold Landry,LandHa00,LB,Christian Elliss,ElliCh00,LB,Robert Spillane,SpilRo00,LB,K'Lavon Chaisson,ChaiKL00,CB,Marcus Jones,JoneMa06,CB,Carlton Davis,DaviCa02,CB,Alex Austin,AustAl00,S,Jaylinn Hawkins,HawkJa00,S,Craig Woodson,WoodCr00,QB,Aaron Rodgers,RodgAa00,RB,Jaylen Warren,WarrJa01,WR,Calvin Austin III,AustCa00,WR,Ben Skowronek,SkowBe00,WR,D.K. Metcalf,MetcDK00,TE,Darnell Washington,WashDa03,OT,Troy Fautanu,FautTr00,OT,Broderick Jones,JoneBr09,G,Isaac Seumalo,SeumIs00,G,Mason McCormick,McCoMa00,C,Zach Frazier,FrazZa00,DL,Keeanu Benton,BentKe00,DE,Yahya Black,BlacYa00,DT,Cameron Heyward,HeywCa01,LB,Patrick Queen,QueePa00,LB,Cole Holcomb,HolcCo00,LB,Nick Herbig,HerbNi00,LB,T.J. Watt,,CB,Jalen Ramsey,RamsJa00,CB,Darius Slay,SlayDa00,CB,Brandin Echols,EchoBr00,S,Jabrill Peppers,PeppJa00,Referee,Clete Blakeman,Umpire,Scott Campbell,Down Judge,Andy Warner,Line Judge,Kent Payne,Back Judge,Jonah Monroe,Side Judge,James Coleman,Field Judge,Karina Tovar
202509210nyg,2025-09-21,Sunday,8:20pm,New York Giants,Kansas City Chiefs,nyg,kan,9,22,Brian Daboll,Andy Reid,MetLife Stadium,80690,3:06,outdoors,fieldturf,"65 degrees, relative humidity 56%, wind 5 mph",QB,Russell Wilson,WilsRu00,RB,Tyrone Tracy Jr.,TracTy00,WR,Malik Nabers,NabeMa00,WR,Wan'Dale Robinson,RobiWa01,TE,Theo Johnson,JohnTh00,TE,Chris Manhertz,ManhCh00,OL,Jermaine Eluemunor,ElueJe00,T,Andrew Thomas,ThomAn02,OG,Greg Van Roten,VanRGr00,G,Jon Runyan Jr.,RunyJo00,C,John Michael Schmitz,MichJo00,DL,Dexter Lawrence,LawrDe03,DT,Roy Robertson-Harris,RobeRo00,OLB,Brian Burns,BurnBr00,OLB,Kayvon Thibodeaux,ThibKa00,LB,Bobby Okereke,OkerBo00,LB,Abdul Carter,CartAb00,CB,Andru Phillips,PhilAn02,CB,Cordale Flott,FlotCo00,CB,Paulson Adebo,AdebPa00,S,Tyler Nubin,NubiTy00,S,Jevon Holland,HollJe02,QB,Patrick Mahomes,MahoPa00,RB,Isiah Pacheco,PachIs00,WR,Marquise Brown,BrowMa04,WR,JuJu Smith-Schuster,SmitJu00,WR,Tyquan Thornton,ThorTy00,TE,Travis Kelce,KelcTr00,OT,Josh Simmons,SimmJo01,T,Jawaan Taylor,TaylJa02,T,Kingsley Suamataia,SuamKi00,G,Trey Smith,SmitTr05,C,Creed Humphrey,HumpCr00,DE,George Karlaftis III,KarlGe00,DT,Chris Jones,JoneCh09,DT,Omarr Norman-Lott,NormOm00,LB,Drue Tranquill,TranDr00,LB,Nick Bolton,BoltNi00,LB,Leo Chenal,ChenLe00,CB,Jaylen Watson,WatsJa02,CB,Trent McDuffie,McDuTr00,DB,Jaden Hicks,HickJa01,DB,Chamarri Conner,ConnCh01,S,Bryan Cook,CookBr02,Referee,Land Clark,Umpire,Mark Pellis,Down Judge,Tom Stephan,Line Judge,Jeff Hutcheon,Back Judge,Brad Freeman,Side Judge,Dominique Pender,Field Judge,Jabir Walker
202509210oti,2025-09-21,Sunday,1:00pm,Tennessee Titans,Indianapolis Colts,oti,clt,20,41,Brian Callahan,Shane Steichen,Nissan Stadium,56361,3:00,outdoors,grass,"84 degrees, relative humidity 49%, wind 8 mph",QB,Cam Ward,WardCa00,RB,Tony Pollard,PollTo00,WR,Elic Ayomanor,AyomEl00,WR,Chimere Dike,DikeCh00,WR,Calvin Ridley,RidlCa00,TE,Chig Okonkwo,OkonCh00,OL,Peter Skoronski,SkorPe00,OL,Blake Hance,HancBl00,OL,John Ojukwu,OjukJo00,OT,Dan Moore,MoorDa05,C,Lloyd Cushenberry III,CushLl00,DL,James Lynch,LyncJa00,DT,Jeffery Simmons,SimmJe01,OLB,Arden Key,KeyxAr00,OLB,Dre'Mont Jones,JoneDr00,LB,Cedric Gray,GrayCe00,LB,Cody Barton,BartCo00,CB,Jalyn Armour-Davis,ArmoJa00,CB,L'Jarius Sneed,SneeLJ00,FS,Quandre Diggs,DiggQu00,S,Amani Hooker,HookAm00,S,Xavier Woods,WoodXa00,QB,Daniel Jones,JoneDa05,RB,Jonathan Taylor,TaylJo02,WR,Josh Downs,DownJo00,WR,Michael Pittman Jr.,PittMi01,WR,Alec Pierce,PierAl00,TE,Tyler Warren,WarrTy00,T,Braden Smith,SmitBr06,T,Bernhard Raimann,RaimBe00,G,Matt Goncalves,GoncMa00,G,Quenton Nelson,NelsQu00,C,Tanor Bortolini,BortTa00,DE,Laiatu Latu,LatuLa00,DE,Kwity Paye,PayeKw00,DT,Grover Stewart,StewGr00,DT,DeForest Buckner,BuckDe00,LB,Zaire Franklin,FranZa00,LB,Joe Bachie,BachJo01,CB,Kenny Moore,MoorKe03,CB,Xavien Howard,HowaXa00,CB,Charvarius Ward,WardCh01,S,Nick Cross,CrosNi00,S,Camryn Bynum,BynuCa00,Referee,Scott Novak,Umpire,Mike Morton,Down Judge,Brian Sakowski,Line Judge,Mark Stewart,Back Judge,Tony Josselyn,Side Judge,Don Willard,Field Judge,Terry Brown
202509210phi,2025-09-21,Sunday,1:00pm,Philadelphia Eagles,Los Angeles Rams,phi,ram,33,26,Nick Sirianni,Sean McVay,Lincoln Financial Field,69879,3:04,outdoors,grass,"73 degrees, relative humidity 47%, wind 9 mph",QB,Jalen Hurts,HurtJa00,RB,Saquon Barkley,BarkSa00,WR,A.J. Brown,BrowAJ00,WR,DeVonta Smith,SmitDe07,TE,Grant Calcaterra,CalcGr00,TE,Dallas Goedert,GoedDa00,OL,Tyler Steen,SteeTy00,OL,Cam Jurgens,JurgCa01,T,Jordan Mailata,MailJo00,T,Lane Johnson,JohnLa01,G,Landon Dickerson,DickLa00,DT,Jalen Carter,CartJa05,DT,Jordan Davis,DaviJo03,OLB,Jalyx Hunt,HuntJa02,OLB,Nolan Smith,SmitNo02,LB,Jihaad Campbell,CampJi00,LB,Zack Baun,BaunZa00,CB,Adoree' Jackson,JackAd00,CB,Quinyon Mitchell,MitcQu00,DB,Cooper DeJean,DeJeCo00,S,Andrew Mukuba,MukuAn00,S,Reed Blankenship,BlanRe00,QB,Matthew Stafford,StafMa00,RB,Kyren Williams,WillKy02,WR,Jordan Whittington,WhitJo04,WR,Puka Nacua,NacuPu00,WR,Davante Adams,AdamDa01,TE,Tyler Higbee,HigbTy00,OL,Alaric Jackson,JackAl01,OL,Rob Havenstein,HaveRo00,OL,Kevin Dotson,DotsKe00,OL,Justin Dedich,DediJu00,C,Coleman Shelton,ShelCo00,DE,Braden Fiske,FiskBr00,DE,Kobie Turner,TurnKo00,NT,Poona Ford,FordPo00,OLB,Jared Verse,VersJa00,OLB,Byron Young,YounBy01,LB,Nathan Landman,LandNa01,LB,Omar Speights,SpeiOm00,CB,Emmanuel Forbes,ForbEm00,CB,Cobie Durant,DuraDe01,S,Quentin Lake,LakeQu00,S,Kamren Curl,CurlKa00,Referee,Brad Rogers,Umpire,Bryan Neale,Down Judge,Patrick Turner,Line Judge,Kevin Codey,Back Judge,Greg Yette,Side Judge,David Meslow,Field Judge,Joe Blubaugh
202509210sdg,2025-09-21,Sunday,4:05pm,Los Angeles Chargers,Denver Broncos,sdg,den,23,20,Jim Harbaugh,Sean Payton,SoFi Stadium,70740,3:10,dome,matrixturf,,QB,Justin Herbert,HerbJu00,RB,Omarion Hampton,HampOm00,WR,Ladd McConkey,McCoLa00,WR,Quentin Johnston,JohnQu02,TE,Tyler Conklin,ConkTy00,TE,Tucker Fisk,FiskTu00,T,Joe Alt,AltxJo01,T,Trey Pipkins,PipkTr00,G,Mekhi Becton,BectMe00,G,Zion Johnson,JohnZi00,C,Bradley Bozeman,BozeBr00,DL,Da'Shawn Hand,HandDa00,DL,Teair Tart,TartTe00,OLB,Bud Dupree,DuprAl00,OLB,Tuli Tuipulotu,TuipTu00,LB,Daiyan Henley,HenlDa00,LB,Troy Dye,DyexTr00,CB,Donte Jackson,JackDo02,CB,Tarheeb Still,StilTa00,S,Derwin James,JameDe00,S,Tony Jefferson,JeffTo00,S,Alohi Gilman,GilmAl00,QB,Bo Nix,NixxBo00,RB,RJ Harvey,HarvRJ00,WR,Courtland Sutton,SuttCo00,WR,Marvin Mims,MimsMa00,WR,Troy Franklin,FranTr00,TE,Lucas Krull,KrulLu00,T,Garett Bolles,BollGa00,T,Mike McGlinchey,McGlMi00,G,Quinn Meinerz,MeinQu02,G,Ben Powers,PoweBe00,C,Luke Wattenberg,WattLu00,DL,John Franklin-Myers,FranJo02,DL,Zach Allen,AlleZa01,DT,D.J. Jones,,OLB,Jonathon Cooper,CoopJo02,OLB,Nik Bonitto,BoniNi00,LB,Alex Singleton,SingAl00,LB,Justin Strnad,StrnJu00,CB,Riley Moss,MossRi00,CB,Patrick Surtain II,SurtPa01,S,Brandon Jones,JoneBr06,S,Talanoa Hufanga,HufaTa00,Referee,Shawn Smith,Umpire,Tra Blake,Down Judge,Jay Bilbo,Line Judge,Jeff Seeman,Back Judge,Dino Paganelli,Side Judge,Boris Cheek,Field Judge,Dyrol Prioleau
202509210sea,2025-09-21,Sunday,4:05pm,Seattle Seahawks,New Orleans Saints,sea,nor,44,13,Mike Macdonald,Kellen Moore,Lumen Field,68599,3:01,outdoors,fieldturf,"63 degrees, relative humidity 84%, wind 3 mph",QB,Sam Darnold,DarnSa00,RB,Kenneth Walker III,WalkKe00,FB,Robbie Ouzts,OuztRo00,WR,Jaxon Smith-Njigba,SmitJa06,WR,Cooper Kupp,KuppCo00,TE,AJ Barner,BarnAJ00,T,Charles Cross,CrosCh00,T,Abraham Lucas,LucaAb00,OG,Grey Zabel,ZabeGr00,G,Anthony Bradford,BradAn00,C,Jalen Sundell,SundJa00,DE,DeMarcus Lawrence,LawrDe00,DE,Leonard Williams,WillLe02,DT,Byron Murphy,MurpBy01,LB,Tyrice Knight,KnigTy00,LB,Ernest Jones,JoneEr01,LB,Boye Mafe,MafeBo00,CB,Josh Jobe,JobeJo00,CB,Riq Woolen,WoolTa00,FS,Ty Okada,OkadTy00,FS,Coby Bryant,BryaCo01,S,D'Anthony Bell,BellDA03,QB,Spencer Rattler,RattSp00,RB,Alvin Kamara,KamaAl00,WR,Chris Olave,OlavCh00,WR,Rashid Shaheed,ShahRa00,TE,Jack Stoll,StolJa00,TE,Juwan Johnson,JohnJu02,OL,Erik McCoy,McCoEr01,OL,Asim Richards,RichAs00,OL,Cesar Ruiz,RuizCe00,OT,Kelvin Banks,BankKe01,OG,Torricelli Simpkins,SimpTo00,DE,Carl Granderson,GranCa01,DE,Cameron Jordan,JordCa00,DT,Bryan Bresee,BresBr00,DT,Nathan Shepherd,ShepNa00,DT,Davon Godchaux,GodcDa00,LB,Demario Davis,DaviDe00,LB,Pete Werner,WernPe00,CB,Kool-Aid McKinstry,McKiKo00,CB,Alontae Taylor,TaylAl01,S,Jonas Sanker,SankJo00,S,Justin Reid,ReidJu00,Referee,Alex Moore,Umpire,Terry Killens,Down Judge,Dana McKenzie,Line Judge,Tom Eaton,Back Judge,Terrence Miles,Side Judge,Anthony Jeffries,Field Judge,Mearl Robinson
202509210sfo,2025-09-21,Sunday,4:25pm,San Francisco 49ers,Arizona Cardinals,sfo,crd,16,15,Kyle Shanahan,Jonathan Gannon,Levi's Stadium,70414,2:55,outdoors,grass,"72 degrees, relative humidity 65%, wind 7 mph",QB,Mac Jones,JoneMa05,RB,Christian McCaffrey,McCaCh01,FB,Kyle Juszczyk,JuszKy00,WR,Kendrick Bourne,BourKe00,WR,Ricky Pearsall,PearRi00,TE,Jake Tonges,TongJa00,OL,Dominick Puni,PuniDo00,OL,Jake Brendel,BrenJa01,OL,Colton McKivitz,McKiCo00,OT,Trent Williams,WillTr21,OG,Connor Colby,ColbCo00,DL,Jordan Elliott,ElliJo02,DL,Nick Bosa,BosaNi00,DL,Kalia Davis,DaviKa01,DE,Mykel Williams,WillMy00,LB,Fred Warner,WarnFr00,LB,Dee Winters,WintDe00,CB,Renardo Green,GreeRe00,DB,Deommodore Lenoir,LenoDe00,S,Jason Pinnock,PinnJa01,S,Ji'Ayir Brown,BrowJi01,S,Marques Sigle,SiglMa00,QB,Kyler Murray,MurrKy00,RB,James Conner,ConnJa00,WR,Michael Wilson,WilsMi02,WR,Marvin Harrison Jr.,HarrMa09,TE,Trey McBride,McBrTr01,TE,Tip Reiman,ReimTi00,OL,Hjalte Froholdt,FrohHj00,OL,Evan Brown,BrowEv00,OL,Isaiah Adams,AdamIs01,OL,Kelvin Beachum,BeacKe00,OL,Jonah Williams,WillJo10,DL,Calais Campbell,CampCa99,DL,Darius Robinson,RobiDa01,DT,Dalvin Tomlinson,TomlDa00,OLB,Baron Browning,BrowBa01,OLB,Josh Sweat,SweaJo00,LB,Akeem Davis-Gaither,DaviAk01,LB,Mack Wilson,WilsMa03,CB,Denzel Burke,BurkDe01,CB,Max Melton,MeltMa00,S,Jalen Thompson,ThomJa04,S,Budda Baker,BakeBu00,Referee,John Hussey,Umpire,Duane Heydt,Down Judge,Max Causey,Line Judge,Carl Johnson,Back Judge,Matt Edwards,Side Judge,Allen Baynes,Field Judge,Anthony Flemming
202509210tam,2025-09-21,Sunday,1:00pm,Tampa Bay Buccaneers,New York Jets,tam,nyj,29,27,Todd Bowles,Aaron Glenn,Raymond James Stadium,62872,3:18,outdoors,grass,"88 degrees, relative humidity 55%, wind 5 mph",QB,Baker Mayfield,MayfBa00,RB,Bucky Irving,IrviBu00,WR,Ryan Miller,MillRy01,WR,Emeka Egbuka,EgbuEm01,WR,Mike Evans,EvanMi00,TE,Cade Otton,OttoCa00,OT,Charlie Heck,HeckCh00,OT,Luke Haggard,HaggLu00,OG,Elijah Klein,KleiEl00,G,Ben Bredeson,BredBe00,C,Graham Barton,BartGr00,DL,Logan Hall,HallLo00,DL,Greg Gaines,GainGr00,NT,Vita Vea,VeaxVi00,OLB,YaYa Diaby,DiabYa00,OLB,Haason Reddick,ReddHa00,LB,SirVocea Dennis,DennSi00,LB,Lavonte David,DaviLa00,CB,Jamel Dean,DeanJa00,CB,Zyon McCollum,McCoZy02,S,Tykee Smith,SmitTy05,S,Antoine Winfield Jr.,WinfAn00,QB,Tyrod Taylor,TaylTy00,RB,Breece Hall,HallBr03,WR,Garrett Wilson,WilsGa00,WR,Tyler Johnson,JohnTy00,WR,Arian Smith,SmitAr01,TE,Jeremy Ruckert,RuckJe00,OL,Olumuyiwa Fashanu,FashOl00,OL,John Simpson,SimpJo00,OT,Armand Membou,MembAr00,C,Joe Tippmann,TippJo00,C,Josh Myers,MyerJo00,DL,Harrison Phillips,PhilHa00,DL,Quinnen Williams,WillQu00,DL,Micheal Clemons,ClemMi03,DE,Will McDonald,McDoWi00,LB,Jamien Sherwood,SherJa00,LB,Quincy Williams,WillQu01,CB,Michael Carter II,CartMi02,CB,Brandon Stephens,StepBr01,CB,Sauce Gardner,GardSa00,DB,Malachi Moore,MoorMa04,S,Andre Cisco,CiscAn00,Referee,Adrian Hill,Umpire,Roy Ellison,Down Judge,Derick Bowers,Line Judge,Julian Mapp,Back Judge,Greg Steed,Side Judge,Clay Reynard,Field Judge,Tra Boger
202509210was,2025-09-21,Sunday,1:00pm,Washington Commanders,Las Vegas Raiders,was,rai,41,24,Dan Quinn,Pete Carroll,Northwest Stadium,64546,3:07,outdoors,grass,"72 degrees, relative humidity 72%, wind 6 mph",QB,Marcus Mariota,MariMa01,RB,Chris Rodriguez,RodrCh00,WR,Terry McLaurin,McLaTe00,TE,Zach Ertz,ErtzZa00,TE,Ben Sinnott,SinnBe00,OL,Andrew Wylie,WyliAn00,OT,Josh Conerly,ConeJo00,T,Laremy Tunsil,TunsLa00,T,Trenton Scott,ScotTr01,G,Chris Paul,PaulCh00,C,Tyler Biadasz,BiadTy00,DE,Dorance Armstrong Jr.,ArmsDo00,DE,Jacob Martin,MartJa02,DT,Daron Payne,PaynDa00,DT,Javon Kinlaw,KinlJa00,MLB,Bobby Wagner,WagnBo00,LB,Frankie Luvu,LuvuFr00,CB,Mike Sainristil,SainMi00,CB,Marshon Lattimore,LattMa01,CB,Trey Amos,AmosTr00,FS,Will Harris,HarrWi02,S,Quan Martin,MartJa04,QB,Geno Smith,SmitGe00,RB,Ashton Jeanty,JeanAs00,WR,Tre Tucker,TuckTr00,WR,Dont'e Thornton,ThorDo00,WR,Jakobi Meyers,MeyeJa01,TE,Michael Mayer,MayeMi00,OT,Delmar Glaze,GlazDe00,T,Kolton Miller,MillKo00,G,Alex Cappa,CappAl00,G,Dylan Parham,ParhDy00,G,Jordan Meredith,MereJo00,DE,Tyree Wilson,WilsTy01,DE,Maxx Crosby,CrosMa00,DT,Adam Butler,ButlAd00,DT,Thomas Booker,BookTh00,LB,Germaine Pratt,PratGe00,LB,Devin White,WhitDe02,CB,Eric Stokes,StokEr00,CB,Kyu Blu Kelly,BluxKy00,S,Jeremy Chinn,ChinJe00,S,Isaiah Pola-Mao,PolaIs00,S,Jamal Adams,AdamJa00,Referee,Shawn Hochuli,Umpire,Larry Smith,Down Judge,Patrick Holt,Line Judge,Tim Podraza,Back Judge,Jimmy Russell,Side Judge,Jim Quirk,Field Judge,Jason Ledet
202509220rav,2025-09-22,Monday,8:15pm,Baltimore Ravens,Detroit Lions,rav,det,30,38,John Harbaugh,Dan Campbell,M&amp;T Bank Stadium,70642,3:03,outdoors,grass,"74 degrees, relative humidity 64%, wind 7 mph",QB,Lamar Jackson,JackLa00,RB,Derrick Henry,HenrDe00,WR,Rashod Bateman,BateRa00,WR,Zay Flowers,FlowZa00,TE,Mark Andrews,AndrMa00,TE,Charlie Kolar,KolaCh00,OL,Andrew Vorhees,VorhAn00,T,Roger Rosengarten,RoseRo01,T,Ronnie Stanley,StanRo00,G,Daniel Faalele,FaalDa00,C,Tyler Linderbaum,LindTy00,DL,Broderick Washington Jr.,WashBr01,DL,Travis Jones,JoneTr00,OLB,Odafe Oweh,OwehJa00,OLB,Tavius Robinson,RobiTa00,LB,Teddye Buchanan,BuchTe00,LB,Roquan Smith,SmitRo07,CB,Nate Wiggins,WiggNa00,CB,Marlon Humphrey,HumpMa00,CB,Chidobe Awuzie,AwuzCh00,S,Malaki Starks,StarMa00,S,Kyle Hamilton,HamiKy00,QB,Jared Goff,GoffJa00,RB,Jahmyr Gibbs,GibbJa01,WR,Jameson Williams,WillJa11,WR,Isaac TeSlaa,TeSlIs00,WR,Amon-Ra St. Brown,StxxAm00,TE,Sam LaPorta,LaPoSa01,OL,Graham Glasgow,GlasGr00,OL,Christian Mahogany,MahoCh00,T,Penei Sewell,SewePe00,T,Taylor Decker,DeckTa00,OG,Tate Ratledge,RatlTa00,DL,D.J. Reader,,DL,Pat O'Connor,OConPa00,DE,Aidan Hutchinson,HutcAi00,DT,Tyleik Williams,WillTy02,LB,Jack Campbell,CampJa04,LB,Derrick Barnes,BarnDe02,LB,Alex Anzalone,AnzaAl00,CB,D.J. Reed,,CB,Terrion Arnold,ArnoTe00,DB,Brian Branch,BranBr00,S,Kerby Joseph,JoseKe03,Referee,Bill Vinovich,Umpire,Scott Walker,Down Judge,Dale Keller,Line Judge,Tripp Sutter,Back Judge,Todd Prukop,Side Judge,Jimmy Buchanan,Field Judge,Aaron Santi
202509250crd,2025-09-25,Thursday,8:15pm,Arizona Cardinals,Seattle Seahawks,crd,sea,20,23,Jonathan Gannon,Mike Macdonald,State Farm Stadium,65016,3:02,retractable roof (closed),grass,,QB,Kyler Murray,MurrKy00,RB,Trey Benson,BensTr01,WR,Michael Wilson,WilsMi02,WR,Marvin Harrison Jr.,HarrMa09,WR,Greg Dortch,DortGr01,TE,Trey McBride,McBrTr01,OL,Paris Johnson,JohnPa03,OL,Jonah Williams,WillJo10,OL,Isaiah Adams,AdamIs01,OL,Hjalte Froholdt,FrohHj00,OL,Evan Brown,BrowEv00,DL,Calais Campbell,CampCa99,DL,Darius Robinson,RobiDa01,DT,Dalvin Tomlinson,TomlDa00,OLB,Josh Sweat,SweaJo00,OLB,Baron Browning,BrowBa01,LB,Akeem Davis-Gaither,DaviAk01,LB,Mack Wilson,WilsMa03,CB,Denzel Burke,BurkDe01,CB,Max Melton,MeltMa00,S,Jalen Thompson,ThomJa04,S,Budda Baker,BakeBu00,QB,Sam Darnold,DarnSa00,RB,Kenneth Walker III,WalkKe00,WR,Jaxon Smith-Njigba,SmitJa06,WR,Cooper Kupp,KuppCo00,TE,AJ Barner,BarnAJ00,TE,Eric Saubert,SaubEr00,T,Charles Cross,CrosCh00,T,Abraham Lucas,LucaAb00,OG,Grey Zabel,ZabeGr00,G,Anthony Bradford,BradAn00,C,Jalen Sundell,SundJa00,DE,DeMarcus Lawrence,LawrDe00,DE,Leonard Williams,WillLe02,DT,Byron Murphy,MurpBy01,OLB,Derick Hall,HallDe04,LB,Ernest Jones,JoneEr01,LB,Drake Thomas,ThomDr00,CB,Josh Jobe,JobeJo00,CB,Devon Witherspoon,WithDe00,CB,Riq Woolen,WoolTa00,FS,Julian Love,LoveJu00,FS,Coby Bryant,BryaCo01,Referee,Alex Kemp,Umpire,Brandon Ellison,Down Judge,Mike Carr,Line Judge,Rusty Baynes,Back Judge,Scott Helverson,Side Judge,Lo van Pham,Field Judge,Sean Petty
202509280atl,2025-09-28,Sunday,1:00pm,Atlanta Falcons,Washington Commanders,atl,was,34,27,Raheem Morris,Dan Quinn,Mercedes-Benz Stadium,71492,2:58,retractable roof (closed),fieldturf,,QB,Michael Penix,PeniMi00,RB,Bijan Robinson,RobiBi01,WR,Darnell Mooney,MoonDa00,WR,Drake London,LondDr00,TE,Charlie Woerner,WoerCh00,TE,Kyle Pitts,PittKy00,OL,Ryan Neuzil,NeuzRy00,OL,Matthew Bergeron,BergMa00,OL,Elijah Wilkinson,WilkEl00,T,Jake Matthews,MattJa00,G,Chris Lindstrom,LindCh00,DL,Zach Harrison,HarrZa00,DL,David Onyemata,OnyeDa00,DE,Leonard Floyd,FloyLe00,DT,Brandon Dorlus,DorlBr00,LB,Kaden Elliss,ElliKa00,LB,Divine Deablo,DeabDi00,CB,Mike Hughes,HughMi00,CB,DeAundre Alford,AlfoDe00,DB,Billy Bowman,BowmBi01,S,Jessie Bates III,BateJe00,S,Xavier Watts,WattXa00,QB,Marcus Mariota,MariMa01,RB,Chris Rodriguez,RodrCh00,WR,Deebo Samuel,SamuDe00,TE,Zach Ertz,ErtzZa00,TE,Ben Sinnott,SinnBe00,OL,Andrew Wylie,WyliAn00,OT,Josh Conerly,ConeJo00,T,Laremy Tunsil,TunsLa00,T,Trenton Scott,ScotTr01,G,Chris Paul,PaulCh00,C,Tyler Biadasz,BiadTy00,DE,Jacob Martin,MartJa02,DE,Dorance Armstrong Jr.,ArmsDo00,DT,Daron Payne,PaynDa00,DT,Javon Kinlaw,KinlJa00,MLB,Bobby Wagner,WagnBo00,LB,Frankie Luvu,LuvuFr00,CB,Trey Amos,AmosTr00,CB,Mike Sainristil,SainMi00,CB,Marshon Lattimore,LattMa01,S,Quan Martin,MartJa04,S,Jeremy Reaves,ReavJe00,Referee,Scott Novak,Umpire,Mike Morton,Down Judge,Brian Sakowski,Line Judge,Mark Stewart,Back Judge,Tony Josselyn,Side Judge,Don Willard,Field Judge,Terry Brown
202509280buf,2025-09-28,Sunday,1:00pm,Buffalo Bills,New Orleans Saints,buf,nor,31,19,Sean McDermott,Kellen Moore,Highmark Stadium,71017,3:08,outdoors,a_turf,"73 degrees, relative humidity 56%, wind 7 mph",QB,Josh Allen,AlleJo02,RB,James Cook,CookJa01,FB,Reggie Gilliam,GillRe00,WR,Keon Coleman,ColeKe02,TE,Dawson Knox,KnoxDa00,TE,Jackson Hawes,HaweJa00,T,Ryan Van Demark,VanDRy00,T,Dion Dawkins,DawkDi00,G,David Edwards,EdwaDa01,G,Connor McGovern,McGoCo01,G,O'Cyrus Torrence,TorrOC00,DE,Joey Bosa,BosaJo00,DE,Gregory Rousseau,RousGr00,DT,DaQuan Jones,JoneDa04,DT,Deone Walker,WalkDe04,LB,Terrel Bernard,BernTe00,LB,Dorian Williams,WillDo04,CB,Tre'Davious White,WhitTr01,CB,Taron Johnson,JohnTa01,CB,Christian Benford,BenfCh00,S,Taylor Rapp,RappTa00,S,Cole Bishop,BishCo00,QB,Spencer Rattler,RattSp00,RB,Alvin Kamara,KamaAl00,WR,Brandin Cooks,CookBr00,WR,Rashid Shaheed,ShahRa00,WR,Chris Olave,OlavCh00,TE,Juwan Johnson,JohnJu02,OL,Cesar Ruiz,RuizCe00,OL,Erik McCoy,McCoEr01,OL,Trevor Penning,PennTr00,OT,Kelvin Banks,BankKe01,OT,Taliese Fuaga,FuagTa00,DE,Carl Granderson,GranCa01,DE,Cameron Jordan,JordCa00,DT,Bryan Bresee,BresBr00,DT,Nathan Shepherd,ShepNa00,DT,Davon Godchaux,GodcDa00,LB,Demario Davis,DaviDe00,CB,Kool-Aid McKinstry,McKiKo00,CB,Alontae Taylor,TaylAl01,S,Justin Reid,ReidJu00,S,Jonas Sanker,SankJo00,S,Terrell Burgess,BurgTe00,Referee,Land Clark,Umpire,Mark Pellis,Down Judge,Tom Stephan,Line Judge,Jeff Hutcheon,Back Judge,Courtney Brown,Side Judge,Dominique Pender,Field Judge,Jabir Walker
202509280dal,2025-09-28,Sunday,8:20pm,Dallas Cowboys,Green Bay Packers,dal,gnb,40,40,Brian Schottenheimer,Matt LaFleur,AT&amp;T Stadium,93353,3:47,retractable roof (open),matrixturf,,QB,Dak Prescott,PresDa01,RB,Javonte Williams,WillJa10,WR,Jalen Tolbert,TolbJa00,WR,KaVontae Turpin,TurpKa00,WR,George Pickens,PickGe00,TE,Jake Ferguson,FergJa00,OL,Tyler Smith,SmitTy02,OT,Tyler Guyton,GuytTy00,T,Terence Steele,SteeTe01,G,T.J. Bass,BassTJ00,C,Brock Hoffman,HoffBr00,DE,Marshawn Kneeland,KneeMa00,DE,Dante Fowler,FowlDa00,DT,Osa Odighizuwa,OdigOs00,DT,Kenny Clark,ClarKe01,MLB,Kenneth Murray,MurrKe00,MLB,Jack Sanborn,SanbJa00,LB,Marist Liufau,LiufMa00,CB,DaRon Bland,BlanDa00,CB,Kaiir Elam,ElamKa00,S,Malik Hooker,HookMa00,S,Donovan Wilson,WilsDo01,QB,Jordan Love,LoveJo03,RB,Josh Jacobs,JacoJo01,WR,Romeo Doubs,DoubRo00,WR,Dontayvion Wicks,WickDo00,TE,Tucker Kraft,KrafTu00,TE,Luke Musgrave,MusgLu00,OL,Elgton Jenkins,JenkEl00,OL,Darian Kinnard,KinnDa00,OT,Jordan Morgan,MorgJo03,T,Rasheed Walker,WalkRa00,G,Sean Rhyan,RhyaSe00,DL,Devonte Wyatt,WyatDe00,DL,Colby Wooden,WoodCo01,DL,Micah Parsons,ParsMi00,DL,Rashan Gary,GaryRa00,LB,Quay Walker,WalkQu00,LB,Edgerrin Cooper,CoopEd00,CB,Keisean Nixon,NixoKe00,CB,Nate Hobbs,HobbNa00,S,Xavier McKinney,McKiXa00,S,Evan Williams,WillEv00,S,Javon Bullard,BullJa00,Referee,Ron Torbert,Umpire,Barry Anderson,Down Judge,Frank LeBlanc,Line Judge,Brian Bolinger,Back Judge,Brad Freeman,Side Judge,Keith Washington,Field Judge,Ryan Dickson
202509280det,2025-09-28,Sunday,1:00pm,Detroit Lions,Cleveland Browns,det,cle,34,10,Dan Campbell,Kevin Stefanski,Ford Field,64494,3:05,dome,fieldturf,,QB,Jared Goff,GoffJa00,RB,Jahmyr Gibbs,GibbJa01,WR,Jameson Williams,WillJa11,WR,Amon-Ra St. Brown,StxxAm00,WR,Kalif Raymond,RaymKa00,TE,Sam LaPorta,LaPoSa01,OL,Graham Glasgow,GlasGr00,OL,Christian Mahogany,MahoCh00,T,Penei Sewell,SewePe00,T,Taylor Decker,DeckTa00,OG,Tate Ratledge,RatlTa00,DL,D.J. Reader,,DL,Pat O'Connor,OConPa00,DE,Aidan Hutchinson,HutcAi00,DT,Tyleik Williams,WillTy02,LB,Jack Campbell,CampJa04,LB,Derrick Barnes,BarnDe02,LB,Alex Anzalone,AnzaAl00,CB,D.J. Reed,,CB,Terrion Arnold,ArnoTe00,DB,Brian Branch,BranBr00,S,Kerby Joseph,JoseKe03,QB,Joe Flacco,FlacJo00,RB,Quinshon Judkins,JudkQu00,WR,Cedric Tillman,TillCe01,WR,Jerry Jeudy,JeudJe00,TE,David Njoku,NjokDa00,TE,Harold Fannin,FannHa00,OT,KT Leveston,LeveKT00,T,Cornelius Lucas,LucaCo01,G,Wyatt Teller,TellWy00,G,Joel Bitonio,BitoJo00,C,Ethan Pocic,PociEt00,DE,Myles Garrett,GarrMy00,DE,Isaiah McGuire,McGuIs00,DT,Mason Graham,GrahMa00,DT,Maliek Collins,CollMa00,LB,Carson Schwesinger,SchwCa00,LB,Devin Bush Jr.,BushDe01,CB,Greg Newsome II,NewsGr00,CB,Myles Harden,HardMy00,CB,Denzel Ward,WardDe02,S,Ronnie Hickman,HickRo00,S,Grant Delpit,DelpGr00,Referee,Shawn Smith,Umpire,Tra Blake,Down Judge,Jay Bilbo,Line Judge,Jeff Seeman,Back Judge,Dino Paganelli,Side Judge,Boris Cheek,Field Judge,Dyrol Prioleau
202509280htx,2025-09-28,Sunday,1:00pm,Houston Texans,Tennessee Titans,htx,oti,26,0,DeMeco Ryans,Brian Callahan,NRG Stadium,70398,2:47,retractable roof (closed),astroturf,,QB,C.J. Stroud,StroCJ00,RB,Nick Chubb,ChubNi00,WR,Nico Collins,CollNi00,WR,Xavier Hutchinson,HutcXa00,WR,Christian Kirk,KirkCh01,TE,Dalton Schultz,SchuDa00,OT,Aireontae Ersery,ErseAi00,T,Tytus Howard,HowaTy00,G,Laken Tomlinson,TomlLa01,G,Ed Ingram,IngrEd00,C,Jake Andrews,AndrJa00,DE,Will Anderson,AndeWi01,DE,Danielle Hunter,HuntDa01,DT,Sheldon Rankins,RankSh00,DT,Tim Settle,SettTi00,LB,Azeez Al-Shaair,AlShAz00,LB,Henry To'oTo'o,TooTHe00,CB,Kamari Lassiter,LassKa00,CB,Derek Stingley Jr.,StinDe00,S,Jalen Pitre,PitrJa00,S,M.J. Stewart,,S,Calen Bullock,BullCa00,QB,Cam Ward,WardCa00,RB,Tony Pollard,PollTo00,WR,Elic Ayomanor,AyomEl00,WR,Chimere Dike,DikeCh00,WR,Calvin Ridley,RidlCa00,TE,Chig Okonkwo,OkonCh00,OL,Oli Udoh,UdohOl01,OL,Peter Skoronski,SkorPe00,OT,Dan Moore,MoorDa05,G,Kevin Zeitler,ZeitKe00,C,Lloyd Cushenberry III,CushLl00,DE,Sebastian Joseph-Day,JoseSe00,DT,Jeffery Simmons,SimmJe01,OLB,Arden Key,KeyxAr00,OLB,Dre'Mont Jones,JoneDr00,LB,Cedric Gray,GrayCe00,LB,Cody Barton,BartCo00,CB,Jalyn Armour-Davis,ArmoJa00,CB,L'Jarius Sneed,SneeLJ00,FS,Quandre Diggs,DiggQu00,S,Amani Hooker,HookAm00,S,Xavier Woods,WoodXa00,Referee,Brad Rogers,Umpire,Bryan Neale,Down Judge,Patrick Turner,Line Judge,Kevin Codey,Back Judge,Greg Yette,Side Judge,David Meslow,Field Judge,Joe Blubaugh
202509280kan,2025-09-28,Sunday,4:25pm,Kansas City Chiefs,Baltimore Ravens,kan,rav,37,20,Andy Reid,John Harbaugh,GEHA Field at Arrowhead Stadium,73552,2:55,outdoors,grass,"89 degrees, relative humidity 38%, wind 10 mph",QB,Patrick Mahomes,MahoPa00,RB,Isiah Pacheco,PachIs00,WR,Xavier Worthy,WortXa00,WR,Tyquan Thornton,ThorTy00,WR,JuJu Smith-Schuster,SmitJu00,TE,Travis Kelce,KelcTr00,OT,Josh Simmons,SimmJo01,T,Jawaan Taylor,TaylJa02,T,Kingsley Suamataia,SuamKi00,G,Trey Smith,SmitTr05,C,Creed Humphrey,HumpCr00,DE,Ashton Gillotte,GillAs00,DE,George Karlaftis III,KarlGe00,DT,Derrick Nnadi,NnadDe00,DT,Chris Jones,JoneCh09,LB,Nick Bolton,BoltNi00,LB,Drue Tranquill,TranDr00,LB,Leo Chenal,ChenLe00,CB,Trent McDuffie,McDuTr00,CB,Jaylen Watson,WatsJa02,DB,Chamarri Conner,ConnCh01,S,Bryan Cook,CookBr02,QB,Lamar Jackson,JackLa00,RB,Derrick Henry,HenrDe00,WR,Rashod Bateman,BateRa00,WR,Zay Flowers,FlowZa00,TE,Mark Andrews,AndrMa00,TE,Isaiah Likely,LikeIs00,OL,Andrew Vorhees,VorhAn00,T,Roger Rosengarten,RoseRo01,T,Ronnie Stanley,StanRo00,G,Daniel Faalele,FaalDa00,C,Tyler Linderbaum,LindTy00,DE,Brent Urban,UrbaBr00,DT,John Jenkins,JenkJo00,OLB,Odafe Oweh,OwehJa00,OLB,Tavius Robinson,RobiTa00,LB,Teddye Buchanan,BuchTe00,LB,Roquan Smith,SmitRo07,CB,Nate Wiggins,WiggNa00,CB,Marlon Humphrey,HumpMa00,CB,Chidobe Awuzie,AwuzCh00,S,Malaki Starks,StarMa00,S,Kyle Hamilton,HamiKy00,Referee,Clay Martin,Umpire,Steve Woods,Down Judge,Jerod Phillips,Line Judge,Brian Perry,Back Judge,Greg Wilson,Side Judge,Alonzo Ramsey,Field Judge,Dave Hawkshaw
202509280nwe,2025-09-28,Sunday,1:00pm,New England Patriots,Carolina Panthers,nwe,car,42,13,Mike Vrabel,Dave Canales,Gillette Stadium,64628,2:58,outdoors,fieldturf,"76 degrees, relative humidity 70%, wind 7 mph",QB,Drake Maye,MayeDr00,RB,Rhamondre Stevenson,StevRh00,WR,Kayshon Boutte,BoutKa00,WR,Stefon Diggs,DiggSt00,TE,Hunter Henry,HenrHu00,TE,Austin Hooper,HoopAu00,OL,Michael Onwenu,OnweMi00,OT,Will Campbell,CampWi01,OT,Morgan Moses,MoseMo00,C,Ben Brown,BrowBe01,C,Garrett Bradbury,BradGa00,DT,Christian Barmore,BarmCh00,DT,Milton Williams,WillMi08,OLB,Harold Landry,LandHa00,LB,K'Lavon Chaisson,ChaiKL00,LB,Christian Elliss,ElliCh00,LB,Robert Spillane,SpilRo00,CB,Carlton Davis,DaviCa02,CB,Christian Gonzalez,GonzCh00,CB,Marcus Jones,JoneMa06,S,Jaylinn Hawkins,HawkJa00,S,Craig Woodson,WoodCr00,QB,Bryce Young,YounBr01,RB,Chuba Hubbard,HubbCh01,WR,Hunter Renfrow,RenfHu00,WR,Tetairoa McMillan,McMiTe00,WR,David Moore,MoorDa03,TE,Tommy Tremble,TremTo00,T,Ikem Ekwonu,EkwoIk00,T,Taylor Moton,MotoTa00,G,Chandler Zavala,ZavaCh00,G,Damien Lewis,LewiDa05,C,Cade Mays,MaysCa00,DE,A'Shawn Robinson,RobiAS00,DE,Derrick Brown,BrowDe05,DT,Tershawn Wharton,WharTe00,OLB,Nic Scourton,ScouNi00,LB,Christian Rozeboom,RozeCh00,LB,Trevin Wallace,WallTr00,CB,Michael Jackson,JackMi01,CB,Jaycee Horn,HornJa00,S,Tre'von Moehrig,MoehTr00,S,Lathan Ransom,RansLa00,S,Nick Scott,ScotNi01,Referee,Bill Vinovich,Umpire,Scott Walker,Down Judge,Dale Keller,Line Judge,Tripp Sutter,Back Judge,Todd Prukop,Side Judge,Jimmy Buchanan,Field Judge,Aaron Santi
202509280nyg,2025-09-28,Sunday,1:00pm,New York Giants,Los Angeles Chargers,nyg,sdg,21,18,Brian Daboll,Jim Harbaugh,MetLife Stadium,81954,3:13,outdoors,fieldturf,"81 degrees, relative humidity 53%, wind 4 mph",QB,Jaxson Dart,DartJa00,RB,Cam Skattebo,SkatCa00,WR,Darius Slayton,SlayDa01,WR,Wan'Dale Robinson,RobiWa01,WR,Malik Nabers,NabeMa00,TE,Theo Johnson,JohnTh00,OL,Jermaine Eluemunor,ElueJe00,T,Andrew Thomas,ThomAn02,OG,Greg Van Roten,VanRGr00,G,Jon Runyan Jr.,RunyJo00,C,John Michael Schmitz,MichJo00,DL,Dexter Lawrence,LawrDe03,DT,Roy Robertson-Harris,RobeRo00,DT,Darius Alexander,AlexDa01,OLB,Brian Burns,BurnBr00,OLB,Kayvon Thibodeaux,ThibKa00,LB,Darius Muasau,MuasDa00,LB,Bobby Okereke,OkerBo00,CB,Cordale Flott,FlotCo00,CB,Paulson Adebo,AdebPa00,S,Tyler Nubin,NubiTy00,S,Jevon Holland,HollJe02,QB,Justin Herbert,HerbJu00,RB,Omarion Hampton,HampOm00,WR,Ladd McConkey,McCoLa00,WR,Quentin Johnston,JohnQu02,TE,Tyler Conklin,ConkTy00,OL,Jamaree Salyer,SalyJa00,T,Joe Alt,AltxJo01,T,Trey Pipkins,PipkTr00,G,Zion Johnson,JohnZi00,C,Bradley Bozeman,BozeBr00,DL,Teair Tart,TartTe00,DL,Da'Shawn Hand,HandDa00,DL,Scott Matlock,MatlSc00,OLB,Tuli Tuipulotu,TuipTu00,OLB,Bud Dupree,DuprAl00,LB,Daiyan Henley,HenlDa00,LB,Troy Dye,DyexTr00,CB,Donte Jackson,JackDo02,CB,Tarheeb Still,StilTa00,DB,Elijah Molden,MoldEl00,S,Derwin James,JameDe00,S,Alohi Gilman,GilmAl00,Referee,Shawn Hochuli,Umpire,Larry Smith,Down Judge,Patrick Holt,Line Judge,Tim Podraza,Back Judge,Jimmy Russell,Side Judge,Jim Quirk,Field Judge,Jason Ledet
202509280pit,2025-09-28,Sunday,9:30am,Pittsburgh Steelers,Minnesota Vikings,pit,min,24,21,Mike Tomlin,Kevin O'Connell,Croke Park,74512,3:15,outdoors,grass,"61 degrees, relative humidity 70%, wind 5 mph",QB,Aaron Rodgers,RodgAa00,RB,Kenneth Gainwell,GainKe00,WR,Calvin Austin III,AustCa00,WR,D.K. Metcalf,MetcDK00,TE,Darnell Washington,WashDa03,TE,Connor Heyward,HeywCo00,OT,Troy Fautanu,FautTr00,OT,Broderick Jones,JoneBr09,G,Isaac Seumalo,SeumIs00,G,Mason McCormick,McCoMa00,C,Zach Frazier,FrazZa00,DL,Keeanu Benton,BentKe00,DT,Cameron Heyward,HeywCa01,LB,Nick Herbig,HerbNi00,LB,Patrick Queen,QueePa00,LB,T.J. Watt,,LB,Payton Wilson,WilsPa00,CB,Jalen Ramsey,RamsJa00,CB,Brandin Echols,EchoBr00,CB,Darius Slay,SlayDa00,S,DeShon Elliott,ElliDe02,S,Chuck Clark,ClarCh00,QB,Carson Wentz,WentCa00,RB,Jordan Mason,MasoJo00,WR,Jordan Addison,AddiJo00,WR,Adam Thielen,ThieAd00,WR,Justin Jefferson,JeffJu00,TE,T.J. Hockenson,HockTJ00,T,Christian Darrisaw,DarrCh00,T,Brian O'Neill,ONeiBr00,G,Blake Brandel,BranBl00,G,Will Fries,FrieWi00,C,Ryan Kelly,KellRy00,DL,Jonathan Allen,AlleJo01,DL,Jalen Redmond,RedmJa01,DL,Javon Hargrave,HargJa00,OLB,Dallas Turner,TurnDa01,OLB,Jonathan Greenard,GreeJo04,LB,Ivan Pace,PaceIv00,LB,Eric Wilson,WilsEr00,CB,Byron Murphy,MurpBy00,CB,Isaiah Rodgers,RodgIs00,S,Josh Metellus,MeteJo00,S,Theo Jackson,JackTh00,Referee,Brad Allen,Umpire,Marcus Woods,Down Judge,Sarah Thomas,Line Judge,Walter Flowers,Back Judge,Tyree Walton,Side Judge,Chad Hill,Field Judge,Rick Patterson
202509280rai,2025-09-28,Sunday,4:25pm,Las Vegas Raiders,Chicago Bears,rai,chi,24,25,Pete Carroll,Ben Johnson,Allegiant Stadium,62642,3:01,dome,grass,,QB,Geno Smith,SmitGe00,RB,Ashton Jeanty,JeanAs00,WR,Tre Tucker,TuckTr00,WR,Dont'e Thornton,ThorDo00,WR,Jakobi Meyers,MeyeJa01,TE,Ian Thomas,ThomIa00,OT,Delmar Glaze,GlazDe00,T,Kolton Miller,MillKo00,G,Jordan Meredith,MereJo00,G,Dylan Parham,ParhDy00,C,Jackson Powers-Johnson,PoweJa00,DE,Maxx Crosby,CrosMa00,DT,Thomas Booker,BookTh00,DT,Jonah Laulu,LaulJo00,DT,Adam Butler,ButlAd00,LB,Germaine Pratt,PratGe00,LB,Elandon Roberts,RobeEl00,LB,Devin White,WhitDe02,CB,Eric Stokes,StokEr00,CB,Kyu Blu Kelly,BluxKy00,S,Isaiah Pola-Mao,PolaIs00,S,Jeremy Chinn,ChinJe00,QB,Caleb Williams,WillCa03,RB,D'Andre Swift,SwifDA00,WR,D.J. Moore,,WR,Rome Odunze,OdunRo00,TE,Cole Kmet,KmetCo00,TE,Durham Smythe,SmytDu00,OL,Drew Dalman,DalmDr00,OL,Jonah Jackson,JackJo03,OL,Braxton Jones,JoneBr08,G,Theo Benedet,BeneTh00,G,Joe Thuney,ThunJo00,DL,Andrew Billings,BillAn00,DL,Montez Sweat,SweaMo00,DL,Dayo Odeyingbo,OdeyDa00,DL,Gervon Dexter,DextGe00,LB,Noah Sewell,SeweNo00,LB,Tremaine Edmunds,EdmuTr01,CB,Nick McCloud,McClNi00,CB,Nahshon Wright,WrigNa00,DB,Tyrique Stevenson,StevTy01,DB,Kevin Byard,ByarKe01,DB,Jaquan Brisker,BrisJa01,Referee,Adrian Hill,Umpire,Roy Ellison,Down Judge,Derick Bowers,Line Judge,Julian Mapp,Back Judge,Greg Steed,Side Judge,Clay Reynard,Field Judge,Tra Boger
202509280ram,2025-09-28,Sunday,4:05pm,Los Angeles Rams,Indianapolis Colts,ram,clt,27,20,Sean McVay,Shane Steichen,SoFi Stadium,71257,2:57,dome,matrixturf,,QB,Matthew Stafford,StafMa00,RB,Kyren Williams,WillKy02,WR,Jordan Whittington,WhitJo04,WR,Puka Nacua,NacuPu00,WR,Davante Adams,AdamDa01,TE,Tyler Higbee,HigbTy00,OL,Rob Havenstein,HaveRo00,OL,Alaric Jackson,JackAl01,OL,Kevin Dotson,DotsKe00,OL,Justin Dedich,DediJu00,C,Coleman Shelton,ShelCo00,DE,Braden Fiske,FiskBr00,DE,Kobie Turner,TurnKo00,OLB,Byron Young,YounBy01,OLB,Jared Verse,VersJa00,LB,Nathan Landman,LandNa01,LB,Omar Speights,SpeiOm00,CB,Emmanuel Forbes,ForbEm00,CB,Cobie Durant,DuraDe01,S,Quentin Lake,LakeQu00,S,Kamren Kinchens,KincKa00,S,Kamren Curl,CurlKa00,QB,Daniel Jones,JoneDa05,RB,Jonathan Taylor,TaylJo02,WR,Michael Pittman Jr.,PittMi01,WR,Adonai Mitchell,MitcAd00,WR,Ashton Dulin,DuliAs00,TE,Tyler Warren,WarrTy00,T,Bernhard Raimann,RaimBe00,T,Braden Smith,SmitBr06,G,Quenton Nelson,NelsQu00,G,Dalton Tucker,TuckDa00,C,Tanor Bortolini,BortTa00,DE,Laiatu Latu,LatuLa00,DE,Kwity Paye,PayeKw00,DT,DeForest Buckner,BuckDe00,DT,Grover Stewart,StewGr00,LB,Zaire Franklin,FranZa00,LB,Joe Bachie,BachJo01,CB,Mike Hilton,HiltMi01,CB,Xavien Howard,HowaXa00,CB,Charvarius Ward,WardCh01,S,Nick Cross,CrosNi00,S,Camryn Bynum,BynuCa00,Referee,Carl Cheffers,Umpire,Derek Anderson,Down Judge,Daniel Gallagher,Line Judge,Quentin Givens,Back Judge,Martin Hankins,Side Judge,Eugene Hall,Field Judge,Nathan Jones
202509280sfo,2025-09-28,Sunday,4:05pm,San Francisco 49ers,Jacksonville Jaguars,sfo,jax,21,26,Kyle Shanahan,Liam Coen,Levi's Stadium,70495,3:08,outdoors,grass,"72 degrees, relative humidity 72%, wind 7 mph",QB,Brock Purdy,PurdBr00,RB,Christian McCaffrey,McCaCh01,FB,Kyle Juszczyk,JuszKy00,WR,Jauan Jennings,JennJa00,WR,Ricky Pearsall,PearRi00,TE,Luke Farrell,FarrLu00,OL,Jake Brendel,BrenJa01,OL,Dominick Puni,PuniDo00,OL,Colton McKivitz,McKiCo00,OT,Trent Williams,WillTr21,OG,Connor Colby,ColbCo00,DL,Sam Okuayinonu,OkuaSa00,DL,Jordan Elliott,ElliJo02,DL,Kalia Davis,DaviKa01,DE,Mykel Williams,WillMy00,LB,Luke Gifford,GiffLu00,LB,Fred Warner,WarnFr00,LB,Dee Winters,WintDe00,CB,Darrell Luter,LuteDa00,DB,Deommodore Lenoir,LenoDe00,S,Jason Pinnock,PinnJa01,S,Marques Sigle,SiglMa00,QB,Trevor Lawrence,LawrTr00,RB,Travis Etienne,EtieTr00,WR,Parker Washington,WashPa01,WR,Brian Thomas,ThomBr06,TE,Brenton Strange,StraBr00,TE,Johnny Mundt,MundJo00,OL,Ezra Cleveland,ClevEz00,OL,Anton Harrison,HarrAn00,OL,Walker Little,LittWa00,OL,Patrick Mekari,MekaPa00,C,Robert Hainsey,HainRo00,DE,Josh Hines-Allen,AlleJo03,DE,Travon Walker,WalkTr03,DT,Arik Armstead,ArmsAr01,DT,DaVon Hamilton,HamiDa02,OLB,Dennis Gardeck,GardDe01,LB,Devin Lloyd,LloyDe00,LB,Foyesade Oluokun,OluoFo00,CB,Jourdan Lewis,LewiJo01,CB,Tyson Campbell,CampTy01,S,Eric Murray,MurrEr00,S,Andrew Wingard,WingAn01,Referee,Clete Blakeman,Umpire,Scott Campbell,Down Judge,Andy Warner,Line Judge,Kent Payne,Back Judge,Jonah Monroe,Side Judge,James Coleman,Field Judge,Karina Tovar
202509280tam,2025-09-28,Sunday,1:00pm,Tampa Bay Buccaneers,Philadelphia Eagles,tam,phi,25,31,Todd Bowles,Nick Sirianni,Raymond James Stadium,64122,3:19,outdoors,grass,"88 degrees, relative humidity 61%, wind 6 mph",QB,Baker Mayfield,MayfBa00,RB,Bucky Irving,IrviBu00,WR,Tez Johnson,JohnTe03,WR,Emeka Egbuka,EgbuEm01,WR,Chris Godwin,GodwCh00,TE,Cade Otton,OttoCa00,OT,Charlie Heck,HeckCh00,OT,Luke Haggard,HaggLu00,T,Tristan Wirfs,WirfTr00,G,Ben Bredeson,BredBe00,C,Graham Barton,BartGr00,DL,Greg Gaines,GainGr00,DL,Logan Hall,HallLo00,NT,Vita Vea,VeaxVi00,OLB,YaYa Diaby,DiabYa00,OLB,Haason Reddick,ReddHa00,LB,SirVocea Dennis,DennSi00,LB,Lavonte David,DaviLa00,CB,Jamel Dean,DeanJa00,CB,Zyon McCollum,McCoZy02,S,Tykee Smith,SmitTy05,S,Antoine Winfield Jr.,WinfAn00,QB,Jalen Hurts,HurtJa00,RB,Saquon Barkley,BarkSa00,WR,A.J. Brown,BrowAJ00,WR,DeVonta Smith,SmitDe07,WR,Jahan Dotson,DotsJa00,TE,Dallas Goedert,GoedDa00,OL,Tyler Steen,SteeTy00,OL,Cam Jurgens,JurgCa01,T,Jordan Mailata,MailJo00,T,Lane Johnson,JohnLa01,G,Landon Dickerson,DickLa00,DE,Za'Darius Smith,SmitZa00,DT,Jalen Carter,CartJa05,DT,Jordan Davis,DaviJo03,OLB,Jalyx Hunt,HuntJa02,LB,Jihaad Campbell,CampJi00,LB,Zack Baun,BaunZa00,CB,Quinyon Mitchell,MitcQu00,CB,Kelee Ringo,RingKe00,DB,Cooper DeJean,DeJeCo00,S,Andrew Mukuba,MukuAn00,S,Reed Blankenship,BlanRe00,Referee,Alan Eck,Umpire,Tab Slaughter,Down Judge,David Oliver,Line Judge,Greg Bradley,Back Judge,Grantis Bell,Side Judge,Dale Shaw,Field Judge,John Jenkins
202509290den,2025-09-29,Monday,8:15pm,Denver Broncos,Cincinnati Bengals,den,cin,28,3,Sean Payton,Zac Taylor,Empower Field at Mile High,76489,2:59,outdoors,grass,"66 degrees, relative humidity 55%, wind 12 mph",QB,Bo Nix,NixxBo00,RB,J.K. Dobbins,DobbJK00,WR,Courtland Sutton,SuttCo00,WR,Troy Franklin,FranTr00,TE,Nate Adkins,AdkiNa00,TE,Adam Trautman,TrauAd00,T,Garett Bolles,BollGa00,T,Mike McGlinchey,McGlMi00,G,Ben Powers,PoweBe00,G,Quinn Meinerz,MeinQu02,C,Luke Wattenberg,WattLu00,DL,John Franklin-Myers,FranJo02,DL,Zach Allen,AlleZa01,DT,D.J. Jones,,OLB,Jonathon Cooper,CoopJo02,OLB,Nik Bonitto,BoniNi00,LB,Alex Singleton,SingAl00,LB,Justin Strnad,StrnJu00,CB,Riley Moss,MossRi00,CB,Patrick Surtain II,SurtPa01,S,Brandon Jones,JoneBr06,S,Talanoa Hufanga,HufaTa00,QB,Jake Browning,BrowJa08,RB,Chase Brown,BrowCh10,WR,Ja'Marr Chase,ChasJa00,WR,Tee Higgins,HiggTe00,TE,Cam Grandy,GranCa00,TE,Drew Sample,SampDr00,OT,Orlando Brown Jr.,BrowOr00,OT,Amarius Mims,MimsAm00,OG,Dylan Fairchild,FairDy00,G,Jalen Rivers,RiveJa00,C,Ted Karras,KarrTe00,DE,Trey Hendrickson,HendTr00,DE,Myles Murphy,MurpMy00,DT,Tedarrell Slaton,SlatTe00,DT,B.J. Hill,,LB,Logan Wilson,WilsLo00,LB,Demetrius Knight,KnigDe00,LB,Oren Burks,BurkOr00,CB,Daxton Hill,HillDa04,CB,DJ Turner,TurnDJ01,S,Geno Stone,StonGe00,S,Jordan Battle,BattJo00,Referee,Alex Moore,Umpire,Terry Killens,Down Judge,Dana McKenzie,Line Judge,Tom Eaton,Back Judge,Terrence Miles,Side Judge,Anthony Jefferies,Field Judge,Mearl Robinson
202509290mia,2025-09-29,Monday,7:15pm,Miami Dolphins,New York Jets,mia,nyj,27,21,Mike McDaniel,Aaron Glenn,Hard Rock Stadium,65848,3:01,outdoors,grass,"88 degrees, relative humidity 57%, wind 17 mph",QB,Tua Tagovailoa,TagoTu00,RB,De'Von Achane,AchaDe00,WR,Tyreek Hill,HillTy00,WR,Malik Washington,WashMa00,WR,Jaylen Waddle,WaddJa00,TE,Julian Hill,HillJu02,OL,Larry Borom,BoroLa00,OL,Aaron Brewer,BrewAa01,OT,Patrick Paul,PaulPa01,OG,Jonah Savaiinaea,SavaJo00,G,Cole Strange,StraCo01,DT,Kenneth Grant,GranKe01,DT,Matthew Butler,ButlMa02,DT,Jordan Phillips,PhilJo02,DT,Zach Sieler,SielZa00,LB,Bradley Chubb,ChubBr00,LB,Jaelan Phillips,PhilJa02,LB,Jordyn Brooks,BrooJo01,LB,Tyrel Dodson,DodsTy01,CB,Jack Jones,JoneJa10,S,Minkah Fitzpatrick,FitzMi00,S,Ashtyn Davis,DaviAs00,QB,Justin Fields,FielJu00,RB,Breece Hall,HallBr03,WR,Garrett Wilson,WilsGa00,TE,Mason Taylor,TaylMa02,TE,Jeremy Ruckert,RuckJe00,OL,Max Mitchell,MitcMa02,OL,John Simpson,SimpJo00,OL,Olumuyiwa Fashanu,FashOl00,OT,Armand Membou,MembAr00,C,Josh Myers,MyerJo00,C,Joe Tippmann,TippJo00,DL,Harrison Phillips,PhilHa00,DL,Micheal Clemons,ClemMi03,DL,Quinnen Williams,WillQu00,DE,Will McDonald,McDoWi00,LB,Francisco Mauigoa,MauiFr00,LB,Jamien Sherwood,SherJa00,CB,Sauce Gardner,GardSa00,CB,Brandon Stephens,StepBr01,CB,Michael Carter II,CartMi02,S,Tony Adams,AdamTo03,S,Andre Cisco,CiscAn00,Referee,Craig Wrolstad,Umpire,Brandon Cruse,Down Judge,Danny Short,Line Judge,Brett Bergman,Back Judge,Rich Martinez,Side Judge,Frank Steratore,Field Judge,Jeff Shears
202510020ram,2025-10-02,Thursday,8:15pm,Los Angeles Rams,San Francisco 49ers,ram,sfo,23,26,Sean McVay,Kyle Shanahan,SoFi Stadium,73652,3:22,dome,matrixturf,,QB,Matthew Stafford,StafMa00,RB,Kyren Williams,WillKy02,WR,Tutu Atwell,AtweTu00,WR,Puka Nacua,NacuPu00,WR,Davante Adams,AdamDa01,TE,Colby Parkinson,ParkCo02,OL,Warren McClendon,McClWa00,OL,Alaric Jackson,JackAl01,OL,Kevin Dotson,DotsKe00,OL,Justin Dedich,DediJu00,C,Coleman Shelton,ShelCo00,DE,Braden Fiske,FiskBr00,DE,Kobie Turner,TurnKo00,NT,Poona Ford,FordPo00,OLB,Jared Verse,VersJa00,OLB,Byron Young,YounBy01,LB,Nathan Landman,LandNa01,LB,Omar Speights,SpeiOm00,CB,Cobie Durant,DuraDe01,CB,Darious Williams,WillDa09,S,Quentin Lake,LakeQu00,S,Kamren Curl,CurlKa00,QB,Mac Jones,JoneMa05,RB,Christian McCaffrey,McCaCh01,FB,Kyle Juszczyk,JuszKy00,WR,Kendrick Bourne,BourKe00,WR,Demarcus Robinson,RobiDe01,TE,Luke Farrell,FarrLu00,OL,Jake Brendel,BrenJa01,OL,Dominick Puni,PuniDo00,OL,Colton McKivitz,McKiCo00,OL,Connor Colby,ColbCo00,OT,Trent Williams,WillTr21,DL,Jordan Elliott,ElliJo02,DL,Sam Okuayinonu,OkuaSa00,DL,Kalia Davis,DaviKa01,DL,Mykel Williams,WillMy00,LB,Fred Warner,WarnFr00,LB,Dee Winters,WintDe00,CB,Renardo Green,GreeRe00,CB,Upton Stout,StouUp00,DB,Deommodore Lenoir,LenoDe00,S,Jason Pinnock,PinnJa01,S,Marques Sigle,SiglMa00,Referee,Bill Vinovich,Umpire,Scott Walker,Down Judge,Dale Keller,Line Judge,Tripp Sutter,Back Judge,Todd Prukop,Side Judge,Jimmy Buchanan,Field Judge,Aaron Santi
202510050buf,2025-10-05,Sunday,8:20pm,Buffalo Bills,New England Patriots,buf,nwe,20,23,Sean McDermott,Mike Vrabel,Highmark Stadium,70802,3:04,outdoors,a_turf,"66 degrees, relative humidity 58%, wind 3 mph",QB,Josh Allen,AlleJo02,RB,James Cook,CookJa01,WR,Khalil Shakir,ShakKh00,WR,Tyrell Shavers,ShavTy00,WR,Josh Palmer,PalmJo00,TE,Dalton Kincaid,KincDa00,T,Spencer Brown,BrowSp00,T,Dion Dawkins,DawkDi00,G,David Edwards,EdwaDa01,G,O'Cyrus Torrence,TorrOC00,G,Connor McGovern,McGoCo01,DE,Joey Bosa,BosaJo00,DE,Gregory Rousseau,RousGr00,DT,DaQuan Jones,JoneDa04,DT,Deone Walker,WalkDe04,LB,Matt Milano,MilaMa00,LB,Terrel Bernard,BernTe00,CB,Tre'Davious White,WhitTr01,CB,Taron Johnson,JohnTa01,CB,Christian Benford,BenfCh00,S,Taylor Rapp,RappTa00,S,Cole Bishop,BishCo00,QB,Drake Maye,MayeDr00,RB,Rhamondre Stevenson,StevRh00,WR,Kayshon Boutte,BoutKa00,WR,Mack Hollins,HollMa00,WR,Stefon Diggs,DiggSt00,TE,Hunter Henry,HenrHu00,OL,Michael Onwenu,OnweMi00,OT,Will Campbell,CampWi01,OT,Morgan Moses,MoseMo00,C,Jared Wilson,WilsJa02,C,Garrett Bradbury,BradGa00,DE,Keion White,WhitKe03,DT,Milton Williams,WillMi08,DT,Christian Barmore,BarmCh00,OLB,Harold Landry,LandHa00,LB,Christian Elliss,ElliCh00,LB,Robert Spillane,SpilRo00,CB,Marcus Jones,JoneMa06,CB,Christian Gonzalez,GonzCh00,CB,Carlton Davis,DaviCa02,S,Jaylinn Hawkins,HawkJa00,S,Craig Woodson,WoodCr00,Referee,Shawn Hochuli,Umpire,Larry Smith,Down Judge,Patrick Holt,Line Judge,Tim Podraza,Back Judge,Jimmy Russell,Side Judge,Jim Quirk,Field Judge,Jason Ledet
202510050car,2025-10-05,Sunday,1:00pm,Carolina Panthers,Miami Dolphins,car,mia,27,24,Dave Canales,Mike McDaniel,Bank of America Stadium,72301,3:08,outdoors,grass,"77 degrees, relative humidity 57%, wind 8 mph",QB,Bryce Young,YounBr01,RB,Rico Dowdle,DowdRi01,WR,Tetairoa McMillan,McMiTe00,WR,Hunter Renfrow,RenfHu00,WR,Xavier Legette,LegeXa00,TE,Tommy Tremble,TremTo00,T,Ikem Ekwonu,EkwoIk00,T,Taylor Moton,MotoTa00,G,Damien Lewis,LewiDa05,G,Brady Christensen,ChriBr00,C,Cade Mays,MaysCa00,DE,Derrick Brown,BrowDe05,DE,A'Shawn Robinson,RobiAS00,NT,Bobby Brown,BrowBo04,OLB,Patrick Jones II,JonePa00,OLB,D.J. Wonnum,WonnDJ00,LB,Christian Rozeboom,RozeCh00,LB,Trevin Wallace,WallTr00,CB,Michael Jackson,JackMi01,CB,Jaycee Horn,HornJa00,S,Tre'von Moehrig,MoehTr00,S,Nick Scott,ScotNi01,QB,Tua Tagovailoa,TagoTu00,RB,De'Von Achane,AchaDe00,FB,Alec Ingold,IngoAl01,WR,Malik Washington,WashMa00,WR,Jaylen Waddle,WaddJa00,TE,Julian Hill,HillJu02,OL,Larry Borom,BoroLa00,OL,Aaron Brewer,BrewAa01,OL,Jonah Savaiinaea,SavaJo00,OT,Patrick Paul,PaulPa01,G,Cole Strange,StraCo01,DT,Jordan Phillips,PhilJo02,DT,Zach Sieler,SielZa00,LB,Willie Gay Jr.,GayJWi00,LB,Bradley Chubb,ChubBr00,LB,Jaelan Phillips,PhilJa02,LB,Jordyn Brooks,BrooJo01,LB,Tyrel Dodson,DodsTy01,CB,Jack Jones,JoneJa10,CB,Rasul Douglas,DougRa00,S,Ashtyn Davis,DaviAs00,S,Minkah Fitzpatrick,FitzMi00,Referee,Clay Martin,Umpire,Steve Woods,Down Judge,Jerod Phillips,Line Judge,Brian Perry,Back Judge,Greg Wilson,Side Judge,Alonzo Ramsey,Field Judge,Dave Hawkshaw
202510050cin,2025-10-05,Sunday,4:25pm,Cincinnati Bengals,Detroit Lions,cin,det,24,37,Zac Taylor,Dan Campbell,Paycor Stadium,66115,3:02,outdoors,fieldturf,"84 degrees, relative humidity 39%, wind 7 mph",QB,Jake Browning,BrowJa08,RB,Chase Brown,BrowCh10,WR,Andrei Iosivas,IosiAn00,WR,Tee Higgins,HiggTe00,WR,Ja'Marr Chase,ChasJa00,TE,Drew Sample,SampDr00,OT,Orlando Brown Jr.,BrowOr00,OT,Amarius Mims,MimsAm00,OG,Dylan Fairchild,FairDy00,G,Jalen Rivers,RiveJa00,C,Ted Karras,KarrTe00,DE,Joseph Ossai,OssaJo00,DE,Trey Hendrickson,HendTr00,DT,Kris Jenkins,JenkKr01,DT,B.J. Hill,,DT,Tedarrell Slaton,SlatTe00,LB,Oren Burks,BurkOr00,LB,Logan Wilson,WilsLo00,CB,Daxton Hill,HillDa04,CB,DJ Turner,TurnDJ01,S,Jordan Battle,BattJo00,S,Geno Stone,StonGe00,QB,Jared Goff,GoffJa00,RB,Jahmyr Gibbs,GibbJa01,WR,Jameson Williams,WillJa11,WR,Amon-Ra St. Brown,StxxAm00,TE,Brock Wright,WrigBr01,TE,Sam LaPorta,LaPoSa01,OL,Christian Mahogany,MahoCh00,OL,Tate Ratledge,RatlTa00,OL,Giovanni Manu,ManuGi00,OL,Graham Glasgow,GlasGr00,T,Penei Sewell,SewePe00,DL,Pat O'Connor,OConPa00,DL,D.J. Reader,,DE,Aidan Hutchinson,HutcAi00,DT,Tyleik Williams,WillTy02,LB,Alex Anzalone,AnzaAl00,LB,Jack Campbell,CampJa04,LB,Derrick Barnes,BarnDe02,CB,Amik Robertson,RobeAm00,CB,Terrion Arnold,ArnoTe00,DB,Brian Branch,BranBr00,S,Kerby Joseph,JoseKe03,Referee,Carl Cheffers,Umpire,Derek Anderson,Down Judge,Daniel Gallagher,Line Judge,Quentin Givens,Back Judge,Martin Hankins,Side Judge,Eugene Hall,Field Judge,Nathan Jones
202510050cle,2025-10-05,Sunday,9:30am,Cleveland Browns,Minnesota Vikings,cle,min,17,21,Kevin Stefanski,Kevin O'Connell,Tottenham Stadium,61082,3:09,outdoors,grass,"61 degrees, relative humidity 48%, wind 14 mph",QB,Dillon Gabriel,GabrDi00,RB,Quinshon Judkins,JudkQu00,WR,Jamari Thrash,ThraJa01,WR,Jerry Jeudy,JeudJe00,TE,David Njoku,NjokDa00,TE,Harold Fannin,FannHa00,OT,KT Leveston,LeveKT00,T,Jack Conklin,ConkJa00,G,Joel Bitonio,BitoJo00,G,Wyatt Teller,TellWy00,C,Ethan Pocic,PociEt00,DE,Myles Garrett,GarrMy00,DE,Isaiah McGuire,McGuIs00,DT,Mason Graham,GrahMa00,DT,Maliek Collins,CollMa00,LB,Carson Schwesinger,SchwCa00,LB,Devin Bush Jr.,BushDe01,LB,Jerome Baker,BakeJe00,CB,Greg Newsome II,NewsGr00,CB,Denzel Ward,WardDe02,S,Ronnie Hickman,HickRo00,S,Grant Delpit,DelpGr00,QB,Carson Wentz,WentCa00,RB,Jordan Mason,MasoJo00,WR,Jalen Nailor,NailJa00,WR,Justin Jefferson,JeffJu00,TE,Josh Oliver,OlivJo00,TE,T.J. Hockenson,HockTJ00,T,Christian Darrisaw,DarrCh00,T,Justin Skule,SkulJu00,OG,Joe Huber,HubeJo00,G,Blake Brandel,BranBl00,G,Will Fries,FrieWi00,DL,Jalen Redmond,RedmJa01,DL,Jonathan Allen,AlleJo01,DL,Javon Hargrave,HargJa00,OLB,Dallas Turner,TurnDa01,OLB,Jonathan Greenard,GreeJo04,LB,Eric Wilson,WilsEr00,LB,Ivan Pace,PaceIv00,CB,Isaiah Rodgers,RodgIs00,CB,Byron Murphy,MurpBy00,S,Josh Metellus,MeteJo00,S,Theo Jackson,JackTh00,Referee,Scott Novak,Umpire,Mike Morton,Down Judge,Brian Sakowski,Line Judge,Mark Stewart,Back Judge,Tony Josselyn,Side Judge,Don Willard,Field Judge,Terry Brown
202510050clt,2025-10-05,Sunday,1:00pm,Indianapolis Colts,Las Vegas Raiders,clt,rai,40,6,Shane Steichen,Pete Carroll,Lucas Oil Stadium,64955,2:53,retractable roof (closed),fieldturf,,QB,Daniel Jones,JoneDa05,RB,Jonathan Taylor,TaylJo02,WR,Michael Pittman Jr.,PittMi01,WR,Ashton Dulin,DuliAs00,WR,Josh Downs,DownJo00,TE,Tyler Warren,WarrTy00,T,Bernhard Raimann,RaimBe00,T,Braden Smith,SmitBr06,G,Matt Goncalves,GoncMa00,G,Quenton Nelson,NelsQu00,C,Tanor Bortolini,BortTa00,DE,Laiatu Latu,LatuLa00,DE,Kwity Paye,PayeKw00,DT,DeForest Buckner,BuckDe00,DT,Grover Stewart,StewGr00,LB,Zaire Franklin,FranZa00,LB,Joe Bachie,BachJo01,CB,Mike Hilton,HiltMi01,CB,Mekhi Blackmon,BlacMe00,CB,Charvarius Ward,WardCh01,S,Nick Cross,CrosNi00,S,Camryn Bynum,BynuCa00,QB,Geno Smith,SmitGe00,RB,Ashton Jeanty,JeanAs00,WR,Tre Tucker,TuckTr00,WR,Dont'e Thornton,ThorDo00,WR,Jakobi Meyers,MeyeJa01,TE,Ian Thomas,ThomIa00,OL,Stone Forsythe,ForsSt00,OT,Delmar Glaze,GlazDe00,G,Jordan Meredith,MereJo00,G,Dylan Parham,ParhDy00,C,Jackson Powers-Johnson,PoweJa00,DE,Maxx Crosby,CrosMa00,DE,Charles Snowden,SnowCh00,DT,Thomas Booker,BookTh00,DT,Jonah Laulu,LaulJo00,DT,Adam Butler,ButlAd00,LB,Elandon Roberts,RobeEl00,LB,Devin White,WhitDe02,CB,Darien Porter,PortDa00,CB,Kyu Blu Kelly,BluxKy00,S,Isaiah Pola-Mao,PolaIs00,S,Jeremy Chinn,ChinJe00,Referee,Alex Kemp,Umpire,Brandon Ellison,Down Judge,Mike Carr,Line Judge,Rusty Baynes,Back Judge,Scott Helverson,Side Judge,Lo van Pham,Field Judge,Sean Petty
202510050crd,2025-10-05,Sunday,4:05pm,Arizona Cardinals,Tennessee Titans,crd,oti,21,22,Jonathan Gannon,Brian Callahan,State Farm Stadium,64280,3:13,retractable roof (closed),grass,,QB,Kyler Murray,MurrKy00,RB,Michael Carter,CartMi03,WR,Marvin Harrison Jr.,HarrMa09,TE,Tip Reiman,ReimTi00,TE,Trey McBride,McBrTr01,TE,Elijah Higgins,HiggEl00,OL,Isaiah Adams,AdamIs01,OL,Paris Johnson,JohnPa03,OL,Will Hernandez,HernWi00,OL,Hjalte Froholdt,FrohHj00,OL,Jonah Williams,WillJo10,DL,Calais Campbell,CampCa99,DL,Dante Stills,StilDa01,DT,Dalvin Tomlinson,TomlDa00,OLB,Josh Sweat,SweaJo00,OLB,Baron Browning,BrowBa01,LB,Mack Wilson,WilsMa03,LB,Akeem Davis-Gaither,DaviAk01,CB,Will Johnson,JohnWi02,CB,Kei'Trel Clark,ClarKe02,S,Jalen Thompson,ThomJa04,S,Budda Baker,BakeBu00,QB,Cam Ward,WardCa00,RB,Tony Pollard,PollTo00,WR,Chimere Dike,DikeCh00,TE,Gunnar Helm,HelmGu00,TE,David Martin-Robinson,MartDa01,OL,Oli Udoh,UdohOl01,OL,Peter Skoronski,SkorPe00,OT,Brandon Crenshaw-Dickson,CrenBr00,OT,Dan Moore,MoorDa05,G,Kevin Zeitler,ZeitKe00,C,Lloyd Cushenberry III,CushLl00,DE,Sebastian Joseph-Day,JoseSe00,DT,Jeffery Simmons,SimmJe01,DT,Shy Tuttle,TuttSh00,OLB,Dre'Mont Jones,JoneDr00,OLB,Oluwafemi Oladejo,OladOl00,LB,Cedric Gray,GrayCe00,LB,Cody Barton,BartCo00,CB,L'Jarius Sneed,SneeLJ00,CB,Jalyn Armour-Davis,ArmoJa00,S,Amani Hooker,HookAm00,S,Xavier Woods,WoodXa00,Referee,Shawn Smith,Umpire,Tra Blake,Down Judge,Jay Bilbo,Line Judge,Jeff Seeman,Back Judge,Dino Paganelli,Side Judge,Boris Cheek,Field Judge,Dyrol Prioleau
202510050nor,2025-10-05,Sunday,1:00pm,New Orleans Saints,New York Giants,nor,nyg,26,14,Kellen Moore,Brian Daboll,Caesars Superdome,70008,3:05,dome,sportturf,,QB,Spencer Rattler,RattSp00,RB,Alvin Kamara,KamaAl00,WR,Rashid Shaheed,ShahRa00,WR,Chris Olave,OlavCh00,TE,Juwan Johnson,JohnJu02,TE,Foster Moreau,MoreFo00,OL,Erik McCoy,McCoEr01,OL,Trevor Penning,PennTr00,OT,Kelvin Banks,BankKe01,OT,Taliese Fuaga,FuagTa00,OG,Torricelli Simpkins,SimpTo00,DE,Carl Granderson,GranCa01,DE,Cameron Jordan,JordCa00,DT,Bryan Bresee,BresBr00,DT,Nathan Shepherd,ShepNa00,DT,Davon Godchaux,GodcDa00,LB,Demario Davis,DaviDe00,LB,Pete Werner,WernPe00,CB,Kool-Aid McKinstry,McKiKo00,CB,Alontae Taylor,TaylAl01,S,Justin Reid,ReidJu00,S,Jonas Sanker,SankJo00,QB,Jaxson Dart,DartJa00,RB,Cam Skattebo,SkatCa00,WR,Darius Slayton,SlayDa01,WR,Wan'Dale Robinson,RobiWa01,TE,Daniel Bellinger,BellDa00,TE,Theo Johnson,JohnTh00,OL,Jermaine Eluemunor,ElueJe00,T,Andrew Thomas,ThomAn02,OG,Greg Van Roten,VanRGr00,G,Jon Runyan Jr.,RunyJo00,C,John Michael Schmitz,MichJo00,DL,Rakeem Nunez-Roches,NuneRa00,DL,Dexter Lawrence,LawrDe03,DT,Roy Robertson-Harris,RobeRo00,OLB,Kayvon Thibodeaux,ThibKa00,OLB,Brian Burns,BurnBr00,LB,Darius Muasau,MuasDa00,LB,Bobby Okereke,OkerBo00,CB,Cordale Flott,FlotCo00,CB,Paulson Adebo,AdebPa00,S,Tyler Nubin,NubiTy00,S,Jevon Holland,HollJe02,Referee,Alan Eck,Umpire,Tab Slaughter,Down Judge,David Oliver,Line Judge,Greg Bradley,Back Judge,Grantis Bell,Side Judge,Dale Shaw,Field Judge,John Jenkins
202510050nyj,2025-10-05,Sunday,1:00pm,New York Jets,Dallas Cowboys,nyj,dal,22,37,Aaron Glenn,Brian Schottenheimer,MetLife Stadium,81738,3:10,outdoors,fieldturf,"82 degrees, relative humidity 46%, wind 3 mph",QB,Justin Fields,FielJu00,RB,Breece Hall,HallBr03,WR,Garrett Wilson,WilsGa00,WR,Arian Smith,SmitAr01,TE,Mason Taylor,TaylMa02,TE,Jeremy Ruckert,RuckJe00,OL,Olumuyiwa Fashanu,FashOl00,OL,John Simpson,SimpJo00,OT,Armand Membou,MembAr00,C,Josh Myers,MyerJo00,C,Joe Tippmann,TippJo00,DL,Harrison Phillips,PhilHa00,DL,Micheal Clemons,ClemMi03,DL,Quinnen Williams,WillQu00,DE,Will McDonald,McDoWi00,LB,Jamien Sherwood,SherJa00,LB,Francisco Mauigoa,MauiFr00,CB,Brandon Stephens,StepBr01,CB,Sauce Gardner,GardSa00,DB,Malachi Moore,MoorMa04,S,Tony Adams,AdamTo03,S,Andre Cisco,CiscAn00,QB,Dak Prescott,PresDa01,RB,Javonte Williams,WillJa10,WR,Jalen Tolbert,TolbJa00,WR,Ryan Flournoy,FlouRy00,WR,George Pickens,PickGe00,TE,Jake Ferguson,FergJa00,OT,Hakeem Adeniji,AdenHa00,T,Nathan Thomas,ThomNa01,T,Terence Steele,SteeTe01,G,T.J. Bass,BassTJ00,C,Brock Hoffman,HoffBr00,DE,Sam Williams,WillSa00,DE,Dante Fowler,FowlDa00,DT,Osa Odighizuwa,OdigOs00,DT,Kenny Clark,ClarKe01,MLB,Jack Sanborn,SanbJa00,MLB,Kenneth Murray,MurrKe00,LB,Marist Liufau,LiufMa00,CB,Trevon Diggs,DiggTr00,CB,DaRon Bland,BlanDa00,S,Juanyeh Thomas,ThomJu03,S,Donovan Wilson,WilsDo01,Referee,Alex Moore,Umpire,Terry Killens,Down Judge,Dana McKenzie,Line Judge,Tom Eaton,Back Judge,Terrence Miles,Side Judge,Anthony Jeffries,Field Judge,Mearl Robinson
202510050phi,2025-10-05,Sunday,1:00pm,Philadelphia Eagles,Denver Broncos,phi,den,17,21,Nick Sirianni,Sean Payton,Lincoln Financial Field,69879,3:19,outdoors,grass,"80 degrees, relative humidity 43%, wind 6 mph",QB,Jalen Hurts,HurtJa00,RB,Saquon Barkley,BarkSa00,WR,A.J. Brown,BrowAJ00,WR,DeVonta Smith,SmitDe07,WR,Jahan Dotson,DotsJa00,TE,Dallas Goedert,GoedDa00,OL,Tyler Steen,SteeTy00,OL,Cam Jurgens,JurgCa01,T,Jordan Mailata,MailJo00,T,Lane Johnson,JohnLa01,G,Landon Dickerson,DickLa00,DT,Jalen Carter,CartJa05,DT,Jordan Davis,DaviJo03,OLB,Jalyx Hunt,HuntJa02,OLB,Za'Darius Smith,SmitZa00,LB,Jihaad Campbell,CampJi00,LB,Zack Baun,BaunZa00,CB,Quinyon Mitchell,MitcQu00,CB,Kelee Ringo,RingKe00,DB,Cooper DeJean,DeJeCo00,S,Andrew Mukuba,MukuAn00,S,Reed Blankenship,BlanRe00,QB,Bo Nix,NixxBo00,RB,J.K. Dobbins,DobbJK00,WR,Courtland Sutton,SuttCo00,WR,Pat Bryant,BryaPa00,WR,Troy Franklin,FranTr00,TE,Nate Adkins,AdkiNa00,OL,Quinn Meinerz,MeinQu02,T,Garett Bolles,BollGa00,T,Mike McGlinchey,McGlMi00,G,Ben Powers,PoweBe00,C,Luke Wattenberg,WattLu00,DL,Zach Allen,AlleZa01,DT,D.J. Jones,,OLB,Jonathon Cooper,CoopJo02,OLB,Nik Bonitto,BoniNi00,LB,Alex Singleton,SingAl00,LB,Justin Strnad,StrnJu00,CB,Ja'Quan McMillian,McMiJa00,CB,Riley Moss,MossRi00,CB,Patrick Surtain II,SurtPa01,S,Brandon Jones,JoneBr06,S,Talanoa Hufanga,HufaTa00,Referee,Adrian Hill,Umpire,Roy Ellison,Down Judge,Derick Bowers,Line Judge,Julian Mapp,Back Judge,Greg Steed,Side Judge,Clay Reynard,Field Judge,Tra Boger
202510050rav,2025-10-05,Sunday,1:00pm,Baltimore Ravens,Houston Texans,rav,htx,10,44,John Harbaugh,DeMeco Ryans,M&amp;T Bank Stadium,70077,2:51,outdoors,grass,"78 degrees, relative humidity 45%, wind 2 mph",QB,Cooper Rush,RushCo00,RB,Derrick Henry,HenrDe00,WR,Zay Flowers,FlowZa00,WR,Rashod Bateman,BateRa00,TE,Charlie Kolar,KolaCh00,TE,Zaire Mitchell-Paden,MitcZa00,OL,Andrew Vorhees,VorhAn00,T,Joseph Noteboom,NoteJo00,T,Roger Rosengarten,RoseRo01,G,Daniel Faalele,FaalDa00,C,Tyler Linderbaum,LindTy00,DL,Travis Jones,JoneTr00,DT,John Jenkins,JenkJo00,OLB,Mike Green,GreeMi02,OLB,Tavius Robinson,RobiTa00,LB,Teddye Buchanan,BuchTe00,LB,Trenton Simpson,SimpTr00,CB,Nate Wiggins,WiggNa00,CB,T.J. Tampa,TampTJ00,CB,Keyon Martin,MartKe03,S,Malaki Starks,StarMa00,S,Reuben Lowery,LoweRe00,QB,C.J. Stroud,StroCJ00,RB,Nick Chubb,ChubNi00,WR,Nico Collins,CollNi00,WR,Jayden Higgins,HiggJa00,TE,Harrison Bryant,BryaHa00,OL,Juice Scruggs,ScruJu00,OT,Aireontae Ersery,ErseAi00,T,Blake Fisher,FishBl00,T,Tytus Howard,HowaTy00,G,Ed Ingram,IngrEd00,C,Jake Andrews,AndrJa00,DE,Will Anderson,AndeWi01,DE,Danielle Hunter,HuntDa01,DT,Sheldon Rankins,RankSh00,DT,Tim Settle,SettTi00,DT,Tommy Togiai,TogiTo00,LB,E.J. Speed,SpeeEJ00,LB,Azeez Al-Shaair,AlShAz00,CB,Kamari Lassiter,LassKa00,CB,Derek Stingley Jr.,StinDe00,S,Jalen Pitre,PitrJa00,S,Calen Bullock,BullCa00,Referee,Land Clark,Umpire,Mark Pellis,Down Judge,Tom Stephan,Line Judge,Jeff Hutcheon,Back Judge,Brad Freeman,Side Judge,Dominique Pender,Field Judge,Jabir Walker
202510050sdg,2025-10-05,Sunday,4:25pm,Los Angeles Chargers,Washington Commanders,sdg,was,10,27,Jim Harbaugh,Dan Quinn,SoFi Stadium,71021,2:57,dome,matrixturf,,QB,Justin Herbert,HerbJu00,RB,Omarion Hampton,HampOm00,WR,Tre Harris,HarrTr03,TE,Tyler Conklin,ConkTy00,TE,Tucker Fisk,FiskTu00,TE,Oronde Gadsden II,GadsOr01,OL,Trey Pipkins,PipkTr00,T,Austin Deculus,DecuAu00,G,Mekhi Becton,BectMe00,G,Zion Johnson,JohnZi00,C,Bradley Bozeman,BozeBr00,DL,Da'Shawn Hand,HandDa00,DL,Teair Tart,TartTe00,OLB,Bud Dupree,DuprAl00,OLB,Tuli Tuipulotu,TuipTu00,LB,Daiyan Henley,HenlDa00,LB,Troy Dye,DyexTr00,CB,Donte Jackson,JackDo02,CB,Tarheeb Still,StilTa00,DB,Elijah Molden,MoldEl00,S,Alohi Gilman,GilmAl00,S,Derwin James,JameDe00,QB,Jayden Daniels,DaniJa02,RB,Jacory Croskey-Merritt,CrosJa00,WR,Chris Moore,MoorCh00,WR,Jaylin Lane,LaneJa00,WR,Deebo Samuel,SamuDe00,TE,Zach Ertz,ErtzZa00,OL,Andrew Wylie,WyliAn00,OT,Josh Conerly,ConeJo00,T,Laremy Tunsil,TunsLa00,G,Chris Paul,PaulCh00,C,Tyler Biadasz,BiadTy00,DE,Jalyn Holmes,HolmJa01,DT,Daron Payne,PaynDa00,DT,Javon Kinlaw,KinlJa00,DT,Eddie Goldman,GoldEd00,MLB,Bobby Wagner,WagnBo00,LB,Frankie Luvu,LuvuFr00,LB,Jordan Magee,MageJo00,CB,Marshon Lattimore,LattMa01,S,Jeremy Reaves,ReavJe00,S,Quan Martin,MartJa04,S,Percy Butler,ButlPe00,Referee,John Hussey,Umpire,Duane Heydt,Down Judge,Max Causey,Line Judge,Carl Johnson,Back Judge,Matt Edwards,Side Judge,Allen Baynes,Field Judge,Anthony Flemming
202510050sea,2025-10-05,Sunday,4:05pm,Seattle Seahawks,Tampa Bay Buccaneers,sea,tam,35,38,Mike Macdonald,Todd Bowles,Lumen Field,68804,2:56,outdoors,fieldturf,"61 degrees, relative humidity 73%, wind 8 mph",QB,Sam Darnold,DarnSa00,RB,Kenneth Walker III,WalkKe00,WR,Jaxon Smith-Njigba,SmitJa06,WR,Tory Horton,HortTo00,WR,Cooper Kupp,KuppCo00,TE,AJ Barner,BarnAJ00,T,Charles Cross,CrosCh00,T,Abraham Lucas,LucaAb00,OG,Grey Zabel,ZabeGr00,G,Anthony Bradford,BradAn00,C,Jalen Sundell,SundJa00,DE,Leonard Williams,WillLe02,DT,Byron Murphy,MurpBy01,OLB,Derick Hall,HallDe04,LB,Ernest Jones,JoneEr01,LB,Boye Mafe,MafeBo00,LB,Drake Thomas,ThomDr00,CB,Josh Jobe,JobeJo00,CB,Riq Woolen,WoolTa00,FS,Ty Okada,OkadTy00,FS,Coby Bryant,BryaCo01,S,Nick Emmanwori,EmmaNi00,QB,Baker Mayfield,MayfBa00,RB,Rachaad White,WhitRa01,WR,Ryan Miller,MillRy01,WR,Emeka Egbuka,EgbuEm01,WR,Chris Godwin,GodwCh00,TE,Cade Otton,OttoCa00,OT,Charlie Heck,HeckCh00,OT,Luke Haggard,HaggLu00,T,Tristan Wirfs,WirfTr00,G,Ben Bredeson,BredBe00,C,Graham Barton,BartGr00,DL,Logan Hall,HallLo00,DL,Greg Gaines,GainGr00,NT,Vita Vea,VeaxVi00,OLB,YaYa Diaby,DiabYa00,OLB,Haason Reddick,ReddHa00,LB,SirVocea Dennis,DennSi00,LB,Lavonte David,DaviLa00,CB,Zyon McCollum,McCoZy02,CB,Jacob Parrish,ParrJa01,S,Tykee Smith,SmitTy05,S,Antoine Winfield Jr.,WinfAn00,Referee,Craig Wrolstad,Umpire,Brandon Cruse,Down Judge,Danny Short,Line Judge,Brett Bergman,Back Judge,Rich Martinez,Side Judge,Frank Steratore,Field Judge,Jeff Shears
202510060jax,2025-10-06,Monday,8:15pm,Jacksonville Jaguars,Kansas City Chiefs,jax,kan,31,28,Liam Coen,Andy Reid,EverBank Stadium,69329,3:00,outdoors,grass,"80 degrees, relative humidity 79%, wind 12 mph",QB,Trevor Lawrence,LawrTr00,RB,Travis Etienne,EtieTr00,WR,Dyami Brown,BrowDy00,WR,Brian Thomas,ThomBr06,TE,Johnny Mundt,MundJo00,TE,Brenton Strange,StraBr00,OL,Ezra Cleveland,ClevEz00,OL,Patrick Mekari,MekaPa00,OL,Anton Harrison,HarrAn00,OL,Walker Little,LittWa00,C,Robert Hainsey,HainRo00,DL,Emmanuel Ogbah,OgbaEm00,DE,Josh Hines-Allen,AlleJo03,DT,DaVon Hamilton,HamiDa02,DT,Arik Armstead,ArmsAr01,LB,Devin Lloyd,LloyDe00,LB,Foyesade Oluokun,OluoFo00,CB,Jourdan Lewis,LewiJo01,CB,Travis Hunter,HuntTr00,CB,Tyson Campbell,CampTy01,S,Eric Murray,MurrEr00,S,Andrew Wingard,WingAn01,QB,Patrick Mahomes,MahoPa00,RB,Isiah Pacheco,PachIs00,WR,Marquise Brown,BrowMa04,WR,Xavier Worthy,WortXa00,WR,JuJu Smith-Schuster,SmitJu00,TE,Travis Kelce,KelcTr00,OT,Josh Simmons,SimmJo01,T,Jawaan Taylor,TaylJa02,T,Kingsley Suamataia,SuamKi00,G,Trey Smith,SmitTr05,C,Creed Humphrey,HumpCr00,DE,George Karlaftis III,KarlGe00,DE,Michael Danna,DannMi00,DT,Chris Jones,JoneCh09,DT,Derrick Nnadi,NnadDe00,LB,Nick Bolton,BoltNi00,LB,Drue Tranquill,TranDr00,LB,Leo Chenal,ChenLe00,CB,Trent McDuffie,McDuTr00,CB,Jaylen Watson,WatsJa02,DB,Chamarri Conner,ConnCh01,S,Bryan Cook,CookBr02,Referee,Brad Rogers,Umpire,Bryan Neale,Down Judge,Patrick Turner,Line Judge,Kevin Codey,Back Judge,Greg Yette,Side Judge,David Meslow,Field Judge,Joe Blubaugh
202510090nyg,2025-10-09,Thursday,8:15pm,New York Giants,Philadelphia Eagles,nyg,phi,34,17,Brian Daboll,Nick Sirianni,MetLife Stadium,81564,3:00,outdoors,fieldturf,"53 degrees, relative humidity 31%, wind 3 mph",QB,Jaxson Dart,DartJa00,RB,Cam Skattebo,SkatCa00,WR,Wan'Dale Robinson,RobiWa01,WR,Lil'Jordan Humphrey,HumpLi01,TE,Daniel Bellinger,BellDa00,TE,Theo Johnson,JohnTh00,OL,Jermaine Eluemunor,ElueJe00,T,Andrew Thomas,ThomAn02,OG,Greg Van Roten,VanRGr00,G,Jon Runyan Jr.,RunyJo00,C,John Michael Schmitz,MichJo00,DL,Dexter Lawrence,LawrDe03,DT,Roy Robertson-Harris,RobeRo00,OLB,Kayvon Thibodeaux,ThibKa00,OLB,Brian Burns,BurnBr00,LB,Darius Muasau,MuasDa00,LB,Bobby Okereke,OkerBo00,CB,Andru Phillips,PhilAn02,CB,Cordale Flott,FlotCo00,CB,Paulson Adebo,AdebPa00,S,Tyler Nubin,NubiTy00,S,Jevon Holland,HollJe02,QB,Jalen Hurts,HurtJa00,RB,Saquon Barkley,BarkSa00,WR,A.J. Brown,BrowAJ00,WR,DeVonta Smith,SmitDe07,WR,Jahan Dotson,DotsJa00,TE,Dallas Goedert,GoedDa00,OL,Brett Toth,TothBr00,OL,Tyler Steen,SteeTy00,OL,Cam Jurgens,JurgCa01,T,Jordan Mailata,MailJo00,T,Lane Johnson,JohnLa01,DT,Byron Young,YounBy00,DT,Moro Ojomo,OjomMo00,DT,Jordan Davis,DaviJo03,OLB,Jalyx Hunt,HuntJa02,OLB,Azeez Ojulari,OjulAz00,LB,Jihaad Campbell,CampJi00,LB,Zack Baun,BaunZa00,CB,Quinyon Mitchell,MitcQu00,DB,Cooper DeJean,DeJeCo00,S,Andrew Mukuba,MukuAn00,S,Reed Blankenship,BlanRe00,Referee,Clete Blakeman,Umpire,Scott Campbell,Down Judge,Andy Warner,Line Judge,Kent Payne,Back Judge,Jonah Monroe,Side Judge,James Coleman,Field Judge,Karina Tovar
202510120car,2025-10-12,Sunday,1:00pm,Carolina Panthers,Dallas Cowboys,car,dal,30,27,Dave Canales,Brian Schottenheimer,Bank of America Stadium,71619,3:00,outdoors,grass,"68 degrees, relative humidity 71%, wind 15 mph",QB,Bryce Young,YounBr01,RB,Rico Dowdle,DowdRi01,WR,Tetairoa McMillan,McMiTe00,WR,Xavier Legette,LegeXa00,TE,Mitchell Evans,EvanMi01,TE,Tommy Tremble,TremTo00,T,Ikem Ekwonu,EkwoIk00,T,Yosh Nijman,NijmYo01,G,Brady Christensen,ChriBr00,G,Damien Lewis,LewiDa05,C,Cade Mays,MaysCa00,DE,A'Shawn Robinson,RobiAS00,DE,Derrick Brown,BrowDe05,NT,Bobby Brown,BrowBo04,OLB,Patrick Jones II,JonePa00,OLB,D.J. Wonnum,WonnDJ00,LB,Christian Rozeboom,RozeCh00,LB,Trevin Wallace,WallTr00,CB,Michael Jackson,JackMi01,CB,Jaycee Horn,HornJa00,S,Tre'von Moehrig,MoehTr00,S,Nick Scott,ScotNi01,QB,Dak Prescott,PresDa01,RB,Javonte Williams,WillJa10,WR,Jalen Tolbert,TolbJa00,WR,George Pickens,PickGe00,TE,Brevyn Spann-Ford,SpanBr00,TE,Luke Schoonmaker,SchoLu00,OL,Tyler Smith,SmitTy02,OT,Tyler Guyton,GuytTy00,T,Terence Steele,SteeTe01,G,T.J. Bass,BassTJ00,C,Brock Hoffman,HoffBr00,DE,Marshawn Kneeland,KneeMa00,DE,Dante Fowler,FowlDa00,DT,Osa Odighizuwa,OdigOs00,DT,Kenny Clark,ClarKe01,MLB,Kenneth Murray,MurrKe00,LB,Marist Liufau,LiufMa00,LB,Shemar James,JameSh00,CB,DaRon Bland,BlanDa00,CB,Trevon Diggs,DiggTr00,S,Juanyeh Thomas,ThomJu03,S,Donovan Wilson,WilsDo01,Referee,John Hussey,Umpire,Duane Heydt,Down Judge,Max Causey,Line Judge,Carl Johnson,Back Judge,Matt Edwards,Side Judge,Allen Baynes,Field Judge,Anthony Flemming
202510120clt,2025-10-12,Sunday,1:00pm,Indianapolis Colts,Arizona Cardinals,clt,crd,31,27,Shane Steichen,Jonathan Gannon,Lucas Oil Stadium,65523,3:03,retractable roof (open),fieldturf,,QB,Daniel Jones,JoneDa05,RB,Jonathan Taylor,TaylJo02,WR,Josh Downs,DownJo00,WR,Michael Pittman Jr.,PittMi01,TE,Mo Alie-Cox,AlieMo00,TE,Andrew Ogletree,OgleAn00,T,Braden Smith,SmitBr06,T,Bernhard Raimann,RaimBe00,G,Matt Goncalves,GoncMa00,G,Quenton Nelson,NelsQu00,C,Tanor Bortolini,BortTa00,DE,Laiatu Latu,LatuLa00,DT,DeForest Buckner,BuckDe00,DT,Grover Stewart,StewGr00,DT,Neville Gallimore,GallNe00,LB,Germaine Pratt,PratGe00,LB,Zaire Franklin,FranZa00,CB,Chris Lammons,LammCh00,CB,Mekhi Blackmon,BlacMe00,CB,Johnathan Edwards,EdwaJo00,S,Nick Cross,CrosNi00,S,Camryn Bynum,BynuCa00,QB,Jacoby Brissett,BrisJa00,RB,Michael Carter,CartMi03,WR,Michael Wilson,WilsMi02,WR,Marvin Harrison Jr.,HarrMa09,WR,Greg Dortch,DortGr01,TE,Trey McBride,McBrTr01,OL,Evan Brown,BrowEv00,OL,Hjalte Froholdt,FrohHj00,OL,Will Hernandez,HernWi00,OL,Paris Johnson,JohnPa03,OL,Jonah Williams,WillJo10,DL,Calais Campbell,CampCa99,DL,Dante Stills,StilDa01,DT,Dalvin Tomlinson,TomlDa00,OLB,Baron Browning,BrowBa01,OLB,Josh Sweat,SweaJo00,LB,Mack Wilson,WilsMa03,CB,Max Melton,MeltMa00,CB,Will Johnson,JohnWi02,S,Jalen Thompson,ThomJa04,S,Dadrion Taylor-Demerson,TaylDa02,S,Budda Baker,BakeBu00,Referee,Shawn Hochuli,Umpire,Larry Smith,Down Judge,Patrick Holt,Line Judge,Tim Podraza,Back Judge,Jimmy Russell,Side Judge,Jim Quirk,Field Judge,Jason Ledet
202510120gnb,2025-10-12,Sunday,4:25pm,Green Bay Packers,Cincinnati Bengals,gnb,cin,27,18,Matt LaFleur,Zac Taylor,Lambeau Field,78277,2:52,outdoors,grass,"64 degrees, relative humidity 56%, wind 14 mph",QB,Jordan Love,LoveJo03,RB,Josh Jacobs,JacoJo01,WR,Dontayvion Wicks,WickDo00,WR,Romeo Doubs,DoubRo00,TE,Tucker Kraft,KrafTu00,TE,Luke Musgrave,MusgLu00,OL,Zach Tom,TomxZa00,OL,Elgton Jenkins,JenkEl00,OT,Jordan Morgan,MorgJo03,T,Rasheed Walker,WalkRa00,G,Aaron Banks,BankAa00,DL,Karl Brooks,BrooKa00,DL,Colby Wooden,WoodCo01,DL,Micah Parsons,ParsMi00,DL,Rashan Gary,GaryRa00,LB,Quay Walker,WalkQu00,LB,Edgerrin Cooper,CoopEd00,CB,Keisean Nixon,NixoKe00,CB,Nate Hobbs,HobbNa00,S,Xavier McKinney,McKiXa00,S,Evan Williams,WillEv00,S,Javon Bullard,BullJa00,QB,Joe Flacco,FlacJo00,RB,Chase Brown,BrowCh10,WR,Ja'Marr Chase,ChasJa00,WR,Tee Higgins,HiggTe00,WR,Andrei Iosivas,IosiAn00,TE,Drew Sample,SampDr00,OT,Orlando Brown Jr.,BrowOr00,OT,Amarius Mims,MimsAm00,G,Jalen Rivers,RiveJa00,G,Dalton Risner,RisnDa00,C,Ted Karras,KarrTe00,DE,Trey Hendrickson,HendTr00,DT,Kris Jenkins,JenkKr01,DT,Tedarrell Slaton,SlatTe00,DT,B.J. Hill,,LB,Demetrius Knight,KnigDe00,LB,Barrett Carter,CartBa00,LB,Logan Wilson,WilsLo00,CB,Daxton Hill,HillDa04,CB,DJ Turner,TurnDJ01,S,Jordan Battle,BattJo00,S,Geno Stone,StonGe00,Referee,Brad Allen,Umpire,Marcus Woods,Down Judge,Sarah Thomas,Line Judge,Walter Flowers,Back Judge,Tyree Walton,Side Judge,Chad Hill,Field Judge,Rick Patterson
202510120jax,2025-10-12,Sunday,1:00pm,Jacksonville Jaguars,Seattle Seahawks,jax,sea,12,20,Liam Coen,Mike Macdonald,EverBank Stadium,61056,3:03,outdoors,grass,"76 degrees, relative humidity 59%, wind 8 mph",QB,Trevor Lawrence,LawrTr00,RB,Travis Etienne,EtieTr00,WR,Dyami Brown,BrowDy00,WR,Brian Thomas,ThomBr06,WR,Travis Hunter,HuntTr00,TE,Johnny Mundt,MundJo00,TE,Hunter Long,LongHu00,OL,Ezra Cleveland,ClevEz00,OL,Anton Harrison,HarrAn00,OL,Walker Little,LittWa00,OL,Patrick Mekari,MekaPa00,C,Jonah Monheim,MonhJo00,DL,Emmanuel Ogbah,OgbaEm00,DE,Josh Hines-Allen,AlleJo03,DT,Arik Armstead,ArmsAr01,DT,DaVon Hamilton,HamiDa02,LB,Devin Lloyd,LloyDe00,LB,Foyesade Oluokun,OluoFo00,CB,Jourdan Lewis,LewiJo01,CB,Montaric Brown,BrowMo00,S,Eric Murray,MurrEr00,S,Andrew Wingard,WingAn01,QB,Sam Darnold,DarnSa00,RB,Kenneth Walker III,WalkKe00,WR,Jaxon Smith-Njigba,SmitJa06,WR,Tory Horton,HortTo00,WR,Cooper Kupp,KuppCo00,TE,AJ Barner,BarnAJ00,T,Charles Cross,CrosCh00,T,Abraham Lucas,LucaAb00,OG,Grey Zabel,ZabeGr00,G,Anthony Bradford,BradAn00,C,Jalen Sundell,SundJa00,DE,Leonard Williams,WillLe02,DT,Byron Murphy,MurpBy01,NT,Jarran Reed,ReedJa02,LB,Ernest Jones,JoneEr01,LB,DeMarcus Lawrence,LawrDe00,LB,Uchenna Nwosu,NwosUc00,LB,Drake Thomas,ThomDr00,CB,Josh Jobe,JobeJo00,CB,Shaquill Griffin,GrifSh00,FS,Ty Okada,OkadTy00,FS,Coby Bryant,BryaCo01,Referee,Clay Martin,Umpire,Steve Woods,Down Judge,Jerod Phillips,Line Judge,Brian Perry,Back Judge,Greg Wilson,Side Judge,Alonzo Ramsey,Field Judge,Dave Hawkshaw
202510120kan,2025-10-12,Sunday,8:20pm,Kansas City Chiefs,Detroit Lions,kan,det,30,17,Andy Reid,Dan Campbell,GEHA Field at Arrowhead Stadium,73543,2:46,outdoors,grass,"85 degrees, relative humidity 37%, wind 13 mph",QB,Patrick Mahomes,MahoPa00,RB,Isiah Pacheco,PachIs00,WR,Xavier Worthy,WortXa00,WR,JuJu Smith-Schuster,SmitJu00,TE,Noah Gray,GrayNo00,TE,Travis Kelce,KelcTr00,OL,Jaylon Moore,MoorJa04,T,Jawaan Taylor,TaylJa02,T,Kingsley Suamataia,SuamKi00,G,Trey Smith,SmitTr05,C,Creed Humphrey,HumpCr00,DE,George Karlaftis III,KarlGe00,DE,Michael Danna,DannMi00,DT,Chris Jones,JoneCh09,DT,Derrick Nnadi,NnadDe00,LB,Drue Tranquill,TranDr00,LB,Leo Chenal,ChenLe00,LB,Nick Bolton,BoltNi00,CB,Trent McDuffie,McDuTr00,CB,Jaylen Watson,WatsJa02,DB,Chamarri Conner,ConnCh01,S,Bryan Cook,CookBr02,QB,Jared Goff,GoffJa00,RB,Jahmyr Gibbs,GibbJa01,WR,Amon-Ra St. Brown,StxxAm00,TE,Brock Wright,WrigBr01,TE,Sam LaPorta,LaPoSa01,OL,Graham Glasgow,GlasGr00,OL,Dan Skipper,SkipDa00,OL,Christian Mahogany,MahoCh00,OL,Tate Ratledge,RatlTa00,T,Trystan Colon,ColoTr01,T,Penei Sewell,SewePe00,DL,D.J. Reader,,DE,Aidan Hutchinson,HutcAi00,DT,Tyleik Williams,WillTy02,DT,Tyler Lacy,LacyTy00,LB,Derrick Barnes,BarnDe02,LB,Jack Campbell,CampJa04,LB,Alex Anzalone,AnzaAl00,CB,Amik Robertson,RobeAm00,CB,Rock Ya-Sin,Ya-SRo00,DB,Brian Branch,BranBr00,S,Kerby Joseph,JoseKe03,Referee,Craig Wrolstad,Umpire,Brandon Cruse,Down Judge,Danny Short,Line Judge,Brett Bergman,Back Judge,Rich Martinez,Side Judge,Frank Steratore,Field Judge,Jeff Shears
202510120mia,2025-10-12,Sunday,1:00pm,Miami Dolphins,Los Angeles Chargers,mia,sdg,27,29,Mike McDaniel,Jim Harbaugh,Hard Rock Stadium,65592,2:58,outdoors,grass,"85 degrees, relative humidity 62%, wind 4 mph",QB,Tua Tagovailoa,TagoTu00,RB,De'Von Achane,AchaDe00,FB,Alec Ingold,IngoAl01,WR,Nick Westbrook-Ikhine,WestNi00,WR,Jaylen Waddle,WaddJa00,TE,Julian Hill,HillJu02,OL,Larry Borom,BoroLa00,OL,Jonah Savaiinaea,SavaJo00,OL,Aaron Brewer,BrewAa01,OT,Patrick Paul,PaulPa01,G,Cole Strange,StraCo01,DT,Jordan Phillips,PhilJo02,DT,Zach Sieler,SielZa00,LB,Jaelan Phillips,PhilJa02,LB,Bradley Chubb,ChubBr00,LB,Jordyn Brooks,BrooJo01,LB,K.J. Britt,BritKJ00,CB,Rasul Douglas,DougRa00,CB,Jack Jones,JoneJa10,S,Minkah Fitzpatrick,FitzMi00,S,Ashtyn Davis,DaviAs00,S,Dante Trader,TradDa00,QB,Justin Herbert,HerbJu00,RB,Kimani Vidal,VidaKi00,WR,Ladd McConkey,McCoLa00,WR,KeAndre Lambert-Smith,LambKe01,WR,Tre Harris,HarrTr03,TE,Oronde Gadsden II,GadsOr01,T,Austin Deculus,DecuAu00,T,Bobby Hart,HartBo00,G,Mekhi Becton,BectMe00,G,Zion Johnson,JohnZi00,C,Bradley Bozeman,BozeBr00,DL,Justin Eboigbe,EboiJu00,DL,Teair Tart,TartTe00,DT,Jamaree Caldwell,CaldJa00,OLB,Bud Dupree,DuprAl00,OLB,Tuli Tuipulotu,TuipTu00,LB,Daiyan Henley,HenlDa00,LB,Troy Dye,DyexTr00,CB,Donte Jackson,JackDo02,CB,Tarheeb Still,StilTa00,DB,Elijah Molden,MoldEl00,S,Derwin James,JameDe00,Referee,Bill Vinovich,Umpire,Scott Walker,Down Judge,Dale Keller,Line Judge,Tripp Sutter,Back Judge,Todd Prukop,Side Judge,Jimmy Buchanan,Field Judge,Aaron Santi
202510120nor,2025-10-12,Sunday,1:00pm,New Orleans Saints,New England Patriots,nor,nwe,19,25,Kellen Moore,Mike Vrabel,Caesars Superdome,70042,3:02,dome,sportturf,,QB,Spencer Rattler,RattSp00,RB,Alvin Kamara,KamaAl00,WR,Devaughn Vele,VeleDe00,WR,Rashid Shaheed,ShahRa00,WR,Chris Olave,OlavCh00,TE,Juwan Johnson,JohnJu02,OL,Cesar Ruiz,RuizCe00,OL,Erik McCoy,McCoEr01,OL,Trevor Penning,PennTr00,OT,Kelvin Banks,BankKe01,OT,Taliese Fuaga,FuagTa00,DE,Chase Young,YounCh04,DE,Cameron Jordan,JordCa00,DT,Davon Godchaux,GodcDa00,DT,Bryan Bresee,BresBr00,LB,Demario Davis,DaviDe00,LB,Pete Werner,WernPe00,CB,Kool-Aid McKinstry,McKiKo00,CB,Quincy Riley,RileQu00,CB,Alontae Taylor,TaylAl01,S,Justin Reid,ReidJu00,S,Jonas Sanker,SankJo00,QB,Drake Maye,MayeDr00,RB,Rhamondre Stevenson,StevRh00,WR,Kayshon Boutte,BoutKa00,WR,Stefon Diggs,DiggSt00,TE,Austin Hooper,HoopAu00,TE,Hunter Henry,HenrHu00,OL,Michael Onwenu,OnweMi00,OT,Will Campbell,CampWi01,OT,Morgan Moses,MoseMo00,C,Garrett Bradbury,BradGa00,C,Jared Wilson,WilsJa02,DT,Christian Barmore,BarmCh00,DT,Milton Williams,WillMi08,OLB,Harold Landry,LandHa00,LB,Christian Elliss,ElliCh00,LB,K'Lavon Chaisson,ChaiKL00,LB,Robert Spillane,SpilRo00,CB,Carlton Davis,DaviCa02,CB,Christian Gonzalez,GonzCh00,CB,Marcus Jones,JoneMa06,S,Kyle Dugger,DuggKy00,S,Craig Woodson,WoodCr00,Referee,Adrian Hill,Umpire,Roy Ellison,Down Judge,Derick Bowers,Line Judge,Julian Mapp,Back Judge,Greg Steed,Side Judge,Clay Reynard,Field Judge,Tra Boger
202510120nyj,2025-10-12,Sunday,9:30am,New York Jets,Denver Broncos,nyj,den,11,13,Aaron Glenn,Sean Payton,Tottenham Stadium,61155,3:01,outdoors,grass,"59 degrees, relative humidity 69%, wind 6 mph",QB,Justin Fields,FielJu00,RB,Breece Hall,HallBr03,WR,Garrett Wilson,WilsGa00,WR,Josh Reynolds,ReynJo00,TE,Mason Taylor,TaylMa02,TE,Jeremy Ruckert,RuckJe00,OL,Olumuyiwa Fashanu,FashOl00,OL,John Simpson,SimpJo00,OT,Armand Membou,MembAr00,C,Josh Myers,MyerJo00,C,Joe Tippmann,TippJo00,DL,Harrison Phillips,PhilHa00,DL,Quinnen Williams,WillQu00,DE,Will McDonald,McDoWi00,LB,Francisco Mauigoa,MauiFr00,LB,Jamien Sherwood,SherJa00,LB,Jermaine Johnson II,JohnJe07,LB,Mykal Walker,WalkMy00,CB,Brandon Stephens,StepBr01,CB,Sauce Gardner,GardSa00,DB,Malachi Moore,MoorMa04,S,Andre Cisco,CiscAn00,QB,Bo Nix,NixxBo00,RB,J.K. Dobbins,DobbJK00,WR,Courtland Sutton,SuttCo00,WR,Trent Sherfield,SherTr00,TE,Nate Adkins,AdkiNa00,TE,Adam Trautman,TrauAd00,OL,Quinn Meinerz,MeinQu02,T,Garett Bolles,BollGa00,T,Matt Peart,PearMa00,T,Mike McGlinchey,McGlMi00,C,Luke Wattenberg,WattLu00,DL,John Franklin-Myers,FranJo02,DL,Zach Allen,AlleZa01,DT,D.J. Jones,,OLB,Jonathon Cooper,CoopJo02,OLB,Nik Bonitto,BoniNi00,LB,Alex Singleton,SingAl00,LB,Justin Strnad,StrnJu00,CB,Riley Moss,MossRi00,CB,Patrick Surtain II,SurtPa01,S,Brandon Jones,JoneBr06,S,Talanoa Hufanga,HufaTa00,Referee,Land Clark,Umpire,Mark Pellis,Down Judge,Tom Stephan,Line Judge,Jeff Hutcheon,Back Judge,Brad Freeman,Side Judge,Dominique Pender,Field Judge,Jabir Walker
202510120pit,2025-10-12,Sunday,1:00pm,Pittsburgh Steelers,Cleveland Browns,pit,cle,23,9,Mike Tomlin,Kevin Stefanski,Acrisure Stadium,66738,3:17,outdoors,grass,"64 degrees, relative humidity 77%, wind 8 mph",QB,Aaron Rodgers,RodgAa00,RB,Jaylen Warren,WarrJa01,WR,D.K. Metcalf,MetcDK00,TE,Darnell Washington,WashDa03,TE,Jonnu Smith,SmitJo01,OL,Spencer Anderson,AndeSp00,OT,Troy Fautanu,FautTr00,OT,Broderick Jones,JoneBr09,G,Isaac Seumalo,SeumIs00,G,Mason McCormick,McCoMa00,C,Zach Frazier,FrazZa00,DL,Keeanu Benton,BentKe00,DT,Cameron Heyward,HeywCa01,DT,Derrick Harmon,HarmDe01,LB,Patrick Queen,QueePa00,LB,Cole Holcomb,HolcCo00,LB,Alex Highsmith,HighAl02,LB,T.J. Watt,,CB,Joey Porter Jr.,PortJo02,CB,Jalen Ramsey,RamsJa00,CB,Darius Slay,SlayDa00,S,DeShon Elliott,ElliDe02,QB,Dillon Gabriel,GabrDi00,RB,Quinshon Judkins,JudkQu00,WR,Jerry Jeudy,JeudJe00,TE,David Njoku,NjokDa00,TE,Blake Whiteheart,WhitBl01,TE,Harold Fannin,FannHa00,OT,Cam Robinson,RobiCa00,T,Jack Conklin,ConkJa00,G,Wyatt Teller,TellWy00,G,Joel Bitonio,BitoJo00,C,Ethan Pocic,PociEt00,DE,Myles Garrett,GarrMy00,DE,Alex Wright,WrigAl01,DT,Mason Graham,GrahMa00,DT,Maliek Collins,CollMa00,LB,Carson Schwesinger,SchwCa00,LB,Devin Bush Jr.,BushDe01,LB,Mohamoud Diabate,DiabMo00,CB,Denzel Ward,WardDe02,CB,Tyson Campbell,CampTy01,S,Ronnie Hickman,HickRo00,S,Grant Delpit,DelpGr00,Referee,Ron Torbert,Umpire,Barry Anderson,Down Judge,Frank LeBlanc,Line Judge,Brian Bolinger,Back Judge,Courtney Brown,Side Judge,Keith Washington,Field Judge,Ryan Dickson
202510120rai,2025-10-12,Sunday,4:05pm,Las Vegas Raiders,Tennessee Titans,rai,oti,20,10,Pete Carroll,Brian Callahan,Allegiant Stadium,61981,2:50,dome,grass,,QB,Geno Smith,SmitGe00,RB,Ashton Jeanty,JeanAs00,WR,Tre Tucker,TuckTr00,WR,Jakobi Meyers,MeyeJa01,WR,Jack Bech,BechJa00,TE,Michael Mayer,MayeMi00,OL,Stone Forsythe,ForsSt00,OT,Delmar Glaze,GlazDe00,G,Jordan Meredith,MereJo00,G,Dylan Parham,ParhDy00,C,Jackson Powers-Johnson,PoweJa00,DE,Maxx Crosby,CrosMa00,DE,Charles Snowden,SnowCh00,DT,Adam Butler,ButlAd00,DT,Leki Fotu,FotuLe00,DT,Jonah Laulu,LaulJo00,LB,Devin White,WhitDe02,LB,Elandon Roberts,RobeEl00,CB,Eric Stokes,StokEr00,CB,Kyu Blu Kelly,BluxKy00,S,Isaiah Pola-Mao,PolaIs00,S,Jeremy Chinn,ChinJe00,QB,Cam Ward,WardCa00,RB,Tony Pollard,PollTo00,WR,Elic Ayomanor,AyomEl00,WR,Calvin Ridley,RidlCa00,TE,David Martin-Robinson,MartDa01,TE,Gunnar Helm,HelmGu00,OL,Peter Skoronski,SkorPe00,OT,JC Latham,LathJC00,OT,Dan Moore,MoorDa05,G,Kevin Zeitler,ZeitKe00,C,Lloyd Cushenberry III,CushLl00,DE,Sebastian Joseph-Day,JoseSe00,DT,Jeffery Simmons,SimmJe01,OLB,Dre'Mont Jones,JoneDr00,OLB,Jihad Ward,WardJi02,LB,Cedric Gray,GrayCe00,LB,Cody Barton,BartCo00,CB,Jalyn Armour-Davis,ArmoJa00,CB,L'Jarius Sneed,SneeLJ00,FS,Quandre Diggs,DiggQu00,S,Amani Hooker,HookAm00,S,Xavier Woods,WoodXa00,Referee,Carl Cheffers,Umpire,Derek Anderson,Down Judge,Daniel Gallagher,Line Judge,Quentin Givens,Back Judge,Martin Hankins,Side Judge,Eugene Hall,Field Judge,Nathan Jones
202510120rav,2025-10-12,Sunday,1:00pm,Baltimore Ravens,Los Angeles Rams,rav,ram,3,17,John Harbaugh,Sean McVay,M&amp;T Bank Stadium,70055,2:50,outdoors,grass,"64 degrees, relative humidity 66%, wind 15 mph",QB,Cooper Rush,RushCo00,RB,Derrick Henry,HenrDe00,WR,Rashod Bateman,BateRa00,WR,Zay Flowers,FlowZa00,TE,Isaiah Likely,LikeIs00,TE,Mark Andrews,AndrMa00,OL,Andrew Vorhees,VorhAn00,T,Roger Rosengarten,RoseRo01,T,Ronnie Stanley,StanRo00,G,Daniel Faalele,FaalDa00,C,Tyler Linderbaum,LindTy00,DL,Travis Jones,JoneTr00,DT,John Jenkins,JenkJo00,OLB,Tavius Robinson,RobiTa00,OLB,Kyle Van Noy,VanNKy00,LB,Teddye Buchanan,BuchTe00,LB,Trenton Simpson,SimpTr00,CB,Marlon Humphrey,HumpMa00,CB,Nate Wiggins,WiggNa00,S,Kyle Hamilton,HamiKy00,S,Alohi Gilman,GilmAl00,S,Malaki Starks,StarMa00,QB,Matthew Stafford,StafMa00,RB,Kyren Williams,WillKy02,WR,Davante Adams,AdamDa01,WR,Jordan Whittington,WhitJo04,WR,Puka Nacua,NacuPu00,TE,Tyler Higbee,HigbTy00,OL,Steve Avila,AvilSt00,OL,Warren McClendon,McClWa00,OL,Alaric Jackson,JackAl01,OL,Kevin Dotson,DotsKe00,C,Coleman Shelton,ShelCo00,DE,Braden Fiske,FiskBr00,DE,Kobie Turner,TurnKo00,OLB,Jared Verse,VersJa00,OLB,Byron Young,YounBy01,LB,Nathan Landman,LandNa01,LB,Troy Reeder,ReedTr01,CB,Cobie Durant,DuraDe01,CB,Darious Williams,WillDa09,S,Kamren Kinchens,KincKa00,S,Quentin Lake,LakeQu00,S,Kamren Curl,CurlKa00,Referee,Alex Kemp,Umpire,Brandon Ellison,Down Judge,Mike Carr,Line Judge,Rusty Baynes,Back Judge,Scott Helverson,Side Judge,Lo van Pham,Field Judge,Sean Petty
202510120tam,2025-10-12,Sunday,4:25pm,Tampa Bay Buccaneers,San Francisco 49ers,tam,sfo,30,19,Todd Bowles,Kyle Shanahan,Raymond James Stadium,62411,2:56,outdoors,grass,"82 degrees, relative humidity 49%, wind 10 mph",QB,Baker Mayfield,MayfBa00,RB,Rachaad White,WhitRa01,WR,Tez Johnson,JohnTe03,WR,Emeka Egbuka,EgbuEm01,TE,Cade Otton,OttoCa00,TE,Payne Durham,DurhPa00,OT,Charlie Heck,HeckCh00,OT,Luke Haggard,HaggLu00,T,Tristan Wirfs,WirfTr00,G,Ben Bredeson,BredBe00,C,Graham Barton,BartGr00,DL,Greg Gaines,GainGr00,DL,Logan Hall,HallLo00,NT,Vita Vea,VeaxVi00,OLB,YaYa Diaby,DiabYa00,OLB,Haason Reddick,ReddHa00,LB,SirVocea Dennis,DennSi00,LB,Lavonte David,DaviLa00,CB,Jamel Dean,DeanJa00,CB,Jacob Parrish,ParrJa01,S,Tykee Smith,SmitTy05,S,Antoine Winfield Jr.,WinfAn00,QB,Mac Jones,JoneMa05,RB,Christian McCaffrey,McCaCh01,FB,Kyle Juszczyk,JuszKy00,WR,Kendrick Bourne,BourKe00,WR,Jauan Jennings,JennJa00,TE,Luke Farrell,FarrLu00,OL,Jake Brendel,BrenJa01,OL,Dominick Puni,PuniDo00,OL,Colton McKivitz,McKiCo00,OL,Connor Colby,ColbCo00,OT,Trent Williams,WillTr21,DL,Jordan Elliott,ElliJo02,DL,Kalia Davis,DaviKa01,DL,Sam Okuayinonu,OkuaSa00,DL,Mykel Williams,WillMy00,LB,Luke Gifford,GiffLu00,LB,Fred Warner,WarnFr00,LB,Dee Winters,WintDe00,CB,Renardo Green,GreeRe00,DB,Deommodore Lenoir,LenoDe00,S,Ji'Ayir Brown,BrowJi01,S,Marques Sigle,SiglMa00,Referee,Brad Rogers,Umpire,Bryan Neale,Down Judge,Patrick Turner,Line Judge,Kevin Codey,Back Judge,Greg Yette,Side Judge,David Meslow,Field Judge,Joe Blubaugh
202510130atl,2025-10-13,Monday,7:15pm,Atlanta Falcons,Buffalo Bills,atl,buf,24,14,Raheem Morris,Sean McDermott,Mercedes-Benz Stadium,72067,3:07,retractable roof (open),fieldturf,,QB,Michael Penix,PeniMi00,RB,Bijan Robinson,RobiBi01,WR,Casey Washington,WashCa01,WR,Drake London,LondDr00,TE,Charlie Woerner,WoerCh00,TE,Kyle Pitts,PittKy00,OL,Ryan Neuzil,NeuzRy00,OL,Elijah Wilkinson,WilkEl00,OL,Matthew Bergeron,BergMa00,T,Jake Matthews,MattJa00,G,Chris Lindstrom,LindCh00,DL,David Onyemata,OnyeDa00,DL,Zach Harrison,HarrZa00,DE,Leonard Floyd,FloyLe00,DE,Jalon Walker,WalkJa02,DT,Brandon Dorlus,DorlBr00,LB,Kaden Elliss,ElliKa00,LB,Divine Deablo,DeabDi00,CB,Mike Hughes,HughMi00,CB,AJ Terrell,TerrAJ00,S,Jessie Bates III,BateJe00,S,Xavier Watts,WattXa00,QB,Josh Allen,AlleJo02,RB,James Cook,CookJa01,FB,Reggie Gilliam,GillRe00,WR,Josh Palmer,PalmJo00,TE,Dawson Knox,KnoxDa00,TE,Jackson Hawes,HaweJa00,T,Spencer Brown,BrowSp00,T,Dion Dawkins,DawkDi00,G,David Edwards,EdwaDa01,G,Connor McGovern,McGoCo01,G,O'Cyrus Torrence,TorrOC00,DE,Joey Bosa,BosaJo00,DE,Gregory Rousseau,RousGr00,DT,Ed Oliver,OlivEd00,DT,Deone Walker,WalkDe04,OLB,Shaq Thompson,ThomSh01,LB,Dorian Williams,WillDo04,LB,Terrel Bernard,BernTe00,CB,Tre'Davious White,WhitTr01,CB,Christian Benford,BenfCh00,S,Taylor Rapp,RappTa00,S,Cole Bishop,BishCo00,Referee,Shawn Smith,Umpire,Tra Blake,Down Judge,Jay Bilbo,Line Judge,Jeff Seeman,Back Judge,Dino Paganelli,Side Judge,Boris Cheek,Field Judge,Dyrol Prioleau
202510130was,2025-10-13,Monday,8:15pm,Washington Commanders,Chicago Bears,was,chi,24,25,Dan Quinn,Ben Johnson,Northwest Stadium,64457,3:03,outdoors,grass,"59 degrees, relative humidity 82%, wind 12 mph",QB,Jayden Daniels,DaniJa02,RB,Jacory Croskey-Merritt,CrosJa00,WR,Chris Moore,MoorCh00,TE,John Bates,BateJo00,TE,Zach Ertz,ErtzZa00,OL,Andrew Wylie,WyliAn00,OT,Josh Conerly,ConeJo00,T,Laremy Tunsil,TunsLa00,T,Trenton Scott,ScotTr01,G,Chris Paul,PaulCh00,C,Tyler Biadasz,BiadTy00,DE,Jacob Martin,MartJa02,DE,Dorance Armstrong Jr.,ArmsDo00,DT,Daron Payne,PaynDa00,DT,Javon Kinlaw,KinlJa00,MLB,Bobby Wagner,WagnBo00,LB,Frankie Luvu,LuvuFr00,CB,Trey Amos,AmosTr00,CB,Mike Sainristil,SainMi00,CB,Marshon Lattimore,LattMa01,S,Quan Martin,MartJa04,S,Jeremy Reaves,ReavJe00,QB,Caleb Williams,WillCa03,RB,D'Andre Swift,SwifDA00,WR,Olamide Zaccheaus,ZaccOl01,WR,D.J. Moore,,WR,Rome Odunze,OdunRo00,TE,Cole Kmet,KmetCo00,OL,Darnell Wright,WrigDa00,OL,Drew Dalman,DalmDr00,OL,Jonah Jackson,JackJo03,G,Joe Thuney,ThunJo00,G,Theo Benedet,BeneTh00,DL,Dayo Odeyingbo,OdeyDa00,DL,Montez Sweat,SweaMo00,DL,Gervon Dexter,DextGe00,DL,Andrew Billings,BillAn00,LB,Noah Sewell,SeweNo00,LB,T.J. Edwards,EdwaTJ02,LB,Tremaine Edmunds,EdmuTr01,CB,Nahshon Wright,WrigNa00,DB,Tyrique Stevenson,StevTy01,DB,Kevin Byard,ByarKe01,DB,Jaquan Brisker,BrisJa01,Referee,Alex Moore,Umpire,Terry Killens,Down Judge,Dana McKenzie,Line Judge,Tom Eaton,Back Judge,Terrence Miles,Side Judge,Anthony Jeffries,Field Judge,Mearl Robinson
202510160cin,2025-10-16,Thursday,8:15pm,Cincinnati Bengals,Pittsburgh Steelers,cin,pit,33,31,Zac Taylor,Mike Tomlin,Paycor Stadium,66569,3:12,outdoors,fieldturf,"60 degrees, relative humidity 74%, wind 5 mph",QB,Joe Flacco,FlacJo00,RB,Chase Brown,BrowCh10,WR,Ja'Marr Chase,ChasJa00,WR,Tee Higgins,HiggTe00,WR,Andrei Iosivas,IosiAn00,TE,Drew Sample,SampDr00,OT,Orlando Brown Jr.,BrowOr00,OT,Amarius Mims,MimsAm00,G,Dalton Risner,RisnDa00,G,Jalen Rivers,RiveJa00,C,Ted Karras,KarrTe00,DE,Shemar Stewart,StewSh00,DE,Joseph Ossai,OssaJo00,DT,B.J. Hill,,DT,Tedarrell Slaton,SlatTe00,LB,Logan Wilson,WilsLo00,LB,Demetrius Knight,KnigDe00,LB,Barrett Carter,CartBa00,CB,Daxton Hill,HillDa04,CB,DJ Turner,TurnDJ01,S,Geno Stone,StonGe00,S,Jordan Battle,BattJo00,QB,Aaron Rodgers,RodgAa00,RB,Jaylen Warren,WarrJa01,WR,D.K. Metcalf,MetcDK00,TE,Darnell Washington,WashDa03,TE,Pat Freiermuth,FreiPa00,TE,Jonnu Smith,SmitJo01,OT,Troy Fautanu,FautTr00,OT,Broderick Jones,JoneBr09,G,Mason McCormick,McCoMa00,G,Isaac Seumalo,SeumIs00,C,Zach Frazier,FrazZa00,DL,Keeanu Benton,BentKe00,DT,Cameron Heyward,HeywCa01,LB,T.J. Watt,,LB,Patrick Queen,QueePa00,LB,Cole Holcomb,HolcCo00,LB,Alex Highsmith,HighAl02,CB,Jalen Ramsey,RamsJa00,CB,Joey Porter Jr.,PortJo02,CB,Darius Slay,SlayDa00,S,DeShon Elliott,ElliDe02,S,Chuck Clark,ClarCh00,Referee,Clay Martin,Umpire,Steve Woods,Down Judge,Jerod Phillips,Line Judge,Brian Perry,Back Judge,Greg Wilson,Side Judge,Alonzo Ramsey,Field Judge,Dave Hawkshaw
202510190chi,2025-10-19,Sunday,1:00pm,Chicago Bears,New Orleans Saints,chi,nor,26,14,Ben Johnson,Kellen Moore,Soldier Field,58102,2:57,outdoors,grass,"49 degrees, relative humidity 87%, wind 8 mph",QB,Caleb Williams,WillCa03,RB,D'Andre Swift,SwifDA00,WR,Rome Odunze,OdunRo00,WR,D.J. Moore,,TE,Cole Kmet,KmetCo00,TE,Colston Loveland,LoveCo00,OL,Darnell Wright,WrigDa00,OL,Drew Dalman,DalmDr00,OL,Jonah Jackson,JackJo03,G,Theo Benedet,BeneTh00,G,Joe Thuney,ThunJo00,DL,Andrew Billings,BillAn00,DL,Montez Sweat,SweaMo00,DL,Dayo Odeyingbo,OdeyDa00,DL,Gervon Dexter,DextGe00,LB,T.J. Edwards,EdwaTJ02,LB,Tremaine Edmunds,EdmuTr01,CB,Nahshon Wright,WrigNa00,DB,Kyler Gordon,GordKy00,DB,Tyrique Stevenson,StevTy01,DB,Kevin Byard,ByarKe01,DB,Jaquan Brisker,BrisJa01,QB,Spencer Rattler,RattSp00,RB,Alvin Kamara,KamaAl00,WR,Brandin Cooks,CookBr00,WR,Rashid Shaheed,ShahRa00,WR,Chris Olave,OlavCh00,TE,Juwan Johnson,JohnJu02,OL,Cesar Ruiz,RuizCe00,OL,Erik McCoy,McCoEr01,OL,Trevor Penning,PennTr00,OT,Kelvin Banks,BankKe01,OT,Taliese Fuaga,FuagTa00,DE,Chase Young,YounCh04,DE,Cameron Jordan,JordCa00,DT,Davon Godchaux,GodcDa00,DT,Bryan Bresee,BresBr00,LB,Demario Davis,DaviDe00,LB,Pete Werner,WernPe00,CB,Kool-Aid McKinstry,McKiKo00,CB,Quincy Riley,RileQu00,CB,Alontae Taylor,TaylAl01,S,Justin Reid,ReidJu00,S,Jonas Sanker,SankJo00,Referee,Scott Novak,Umpire,Mike Morton,Down Judge,Brian Sakowski,Line Judge,Mark Stewart,Back Judge,Tony Josselyn,Side Judge,Don Willard,Field Judge,Terry Brown
202510190cle,2025-10-19,Sunday,1:00pm,Cleveland Browns,Miami Dolphins,cle,mia,31,6,Kevin Stefanski,Mike McDaniel,Huntington Bank Field,63762,3:00,outdoors,grass,"65 degrees, relative humidity 85%, wind 17 mph",QB,Dillon Gabriel,GabrDi00,RB,Quinshon Judkins,JudkQu00,WR,Jerry Jeudy,JeudJe00,TE,Blake Whiteheart,WhitBl01,TE,Harold Fannin,FannHa00,OT,Cam Robinson,RobiCa00,T,Cornelius Lucas,LucaCo01,G,Joel Bitonio,BitoJo00,G,Wyatt Teller,TellWy00,C,Ethan Pocic,PociEt00,C,Luke Wypler,WyplLu00,DE,Myles Garrett,GarrMy00,DE,Alex Wright,WrigAl01,DT,Mason Graham,GrahMa00,DT,Maliek Collins,CollMa00,LB,Carson Schwesinger,SchwCa00,LB,Devin Bush Jr.,BushDe01,LB,Jerome Baker,BakeJe00,CB,Tyson Campbell,CampTy01,CB,Denzel Ward,WardDe02,S,Ronnie Hickman,HickRo00,S,Grant Delpit,DelpGr00,QB,Tua Tagovailoa,TagoTu00,RB,De'Von Achane,AchaDe00,FB,Alec Ingold,IngoAl01,WR,Jaylen Waddle,WaddJa00,TE,Darren Waller,WallDa01,TE,Julian Hill,HillJu02,OL,Larry Borom,BoroLa00,OL,Jonah Savaiinaea,SavaJo00,OL,Aaron Brewer,BrewAa01,OT,Patrick Paul,PaulPa01,G,Cole Strange,StraCo01,DT,Benito Jones,JoneBe03,DT,Jordan Phillips,PhilJo02,DT,Zach Sieler,SielZa00,LB,Tyrel Dodson,DodsTy01,LB,Jaelan Phillips,PhilJa02,LB,Bradley Chubb,ChubBr00,LB,Jordyn Brooks,BrooJo01,CB,Rasul Douglas,DougRa00,CB,Jack Jones,JoneJa10,S,Minkah Fitzpatrick,FitzMi00,S,Ashtyn Davis,DaviAs00,Referee,Shawn Hochuli,Umpire,Larry Smith,Down Judge,Patrick Holt,Line Judge,Tim Podraza,Back Judge,Jimmy Russell,Side Judge,Jim Quirk,Field Judge,Jason Ledet
202510190crd,2025-10-19,Sunday,4:25pm,Arizona Cardinals,Green Bay Packers,crd,gnb,23,27,Jonathan Gannon,Matt LaFleur,State Farm Stadium,64810,3:07,retractable roof (closed),grass,,QB,Jacoby Brissett,BrisJa00,RB,Zonovan Knight,KnigZo00,WR,Michael Wilson,WilsMi02,WR,Marvin Harrison Jr.,HarrMa09,TE,Elijah Higgins,HiggEl00,TE,Trey McBride,McBrTr01,OL,Hjalte Froholdt,FrohHj00,OL,Evan Brown,BrowEv00,OL,Will Hernandez,HernWi00,OL,Paris Johnson,JohnPa03,OL,Jonah Williams,WillJo10,DL,Calais Campbell,CampCa99,DL,Dante Stills,StilDa01,DT,Dalvin Tomlinson,TomlDa00,OLB,Baron Browning,BrowBa01,OLB,Josh Sweat,SweaJo00,LB,Akeem Davis-Gaither,DaviAk01,LB,Mack Wilson,WilsMa03,CB,Max Melton,MeltMa00,CB,Will Johnson,JohnWi02,S,Jalen Thompson,ThomJa04,S,Budda Baker,BakeBu00,QB,Jordan Love,LoveJo03,RB,Josh Jacobs,JacoJo01,WR,Romeo Doubs,DoubRo00,WR,Matthew Golden,GoldMa02,TE,Tucker Kraft,KrafTu00,TE,Luke Musgrave,MusgLu00,OL,Zach Tom,TomxZa00,OL,Elgton Jenkins,JenkEl00,OT,Jordan Morgan,MorgJo03,T,Rasheed Walker,WalkRa00,G,Aaron Banks,BankAa00,DL,Karl Brooks,BrooKa00,DL,Colby Wooden,WoodCo01,DL,Micah Parsons,ParsMi00,DL,Rashan Gary,GaryRa00,LB,Isaiah McDuffie,McDuIs00,LB,Quay Walker,WalkQu00,LB,Edgerrin Cooper,CoopEd00,CB,Keisean Nixon,NixoKe00,CB,Nate Hobbs,HobbNa00,S,Xavier McKinney,McKiXa00,S,Evan Williams,WillEv00,Referee,Alex Moore,Umpire,Terry Killens,Down Judge,Dana McKenzie,Line Judge,Tom Eaton,Back Judge,Terrence Miles,Side Judge,Anthony Jeffries,Field Judge,Mearl Robinson
202510190dal,2025-10-19,Sunday,4:25pm,Dallas Cowboys,Washington Commanders,dal,was,44,22,Brian Schottenheimer,Dan Quinn,AT&amp;T Stadium,93051,3:10,retractable roof (closed),matrixturf,,QB,Dak Prescott,PresDa01,RB,Javonte Williams,WillJa10,WR,KaVontae Turpin,TurpKa00,WR,CeeDee Lamb,LambCe00,WR,George Pickens,PickGe00,TE,Jake Ferguson,FergJa00,OL,Tyler Smith,SmitTy02,OT,Tyler Guyton,GuytTy00,T,Terence Steele,SteeTe01,OG,Tyler Booker,BookTy00,C,Brock Hoffman,HoffBr00,DE,Sam Williams,WillSa00,DE,Dante Fowler,FowlDa00,DT,Osa Odighizuwa,OdigOs00,DT,Kenny Clark,ClarKe01,MLB,Kenneth Murray,MurrKe00,LB,Marist Liufau,LiufMa00,LB,Shemar James,JameSh00,CB,DaRon Bland,BlanDa00,CB,Kaiir Elam,ElamKa00,S,Markquese Bell,BellMa01,S,Donovan Wilson,WilsDo01,QB,Jayden Daniels,DaniJa02,RB,Jacory Croskey-Merritt,CrosJa00,WR,Jaylin Lane,LaneJa00,WR,Chris Moore,MoorCh00,TE,John Bates,BateJo00,TE,Zach Ertz,ErtzZa00,OL,Samuel Cosmi,CosmSa00,OT,Josh Conerly,ConeJo00,T,Laremy Tunsil,TunsLa00,G,Chris Paul,PaulCh00,C,Tyler Biadasz,BiadTy00,DE,Dorance Armstrong Jr.,ArmsDo00,DE,Jacob Martin,MartJa02,DT,Javon Kinlaw,KinlJa00,DT,Daron Payne,PaynDa00,MLB,Bobby Wagner,WagnBo00,LB,Frankie Luvu,LuvuFr00,CB,Mike Sainristil,SainMi00,CB,Marshon Lattimore,LattMa01,CB,Trey Amos,AmosTr00,S,Quan Martin,MartJa04,S,Jeremy Reaves,ReavJe00,Referee,Alex Kemp,Umpire,Brandon Ellison,Down Judge,Mike Carr,Line Judge,Rusty Baynes,Back Judge,Scott Helverson,Side Judge,Lo van Pham,Field Judge,Sean Petty
202510190den,2025-10-19,Sunday,4:05pm,Denver Broncos,New York Giants,den,nyg,33,32,Sean Payton,Brian Daboll,Empower Field at Mile High,76830,3:33,outdoors,grass,"72 degrees, relative humidity 17%, wind 3 mph",QB,Bo Nix,NixxBo00,RB,J.K. Dobbins,DobbJK00,WR,Courtland Sutton,SuttCo00,WR,Pat Bryant,BryaPa00,WR,Marvin Mims,MimsMa00,TE,Evan Engram,EngrEv00,OL,Quinn Meinerz,MeinQu02,T,Garett Bolles,BollGa00,T,Alex Palczewski,PalcAl00,T,Mike McGlinchey,McGlMi00,C,Luke Wattenberg,WattLu00,DL,John Franklin-Myers,FranJo02,DL,Zach Allen,AlleZa01,DT,D.J. Jones,,OLB,Jonathon Cooper,CoopJo02,OLB,Nik Bonitto,BoniNi00,LB,Dre Greenlaw,GreeDr00,LB,Alex Singleton,SingAl00,CB,Riley Moss,MossRi00,CB,Patrick Surtain II,SurtPa01,S,Brandon Jones,JoneBr06,S,Talanoa Hufanga,HufaTa00,QB,Jaxson Dart,DartJa00,RB,Cam Skattebo,SkatCa00,WR,Lil'Jordan Humphrey,HumpLi01,WR,Wan'Dale Robinson,RobiWa01,TE,Daniel Bellinger,BellDa00,TE,Theo Johnson,JohnTh00,OL,Jermaine Eluemunor,ElueJe00,OL,Austin Schlottmann,SchlAu00,T,Andrew Thomas,ThomAn02,OG,Greg Van Roten,VanRGr00,G,Jon Runyan Jr.,RunyJo00,DL,Dexter Lawrence,LawrDe03,DT,Roy Robertson-Harris,RobeRo00,OLB,Kayvon Thibodeaux,ThibKa00,OLB,Brian Burns,BurnBr00,LB,Darius Muasau,MuasDa00,LB,Bobby Okereke,OkerBo00,CB,Andru Phillips,PhilAn02,CB,Cordale Flott,FlotCo00,CB,Paulson Adebo,AdebPa00,S,Tyler Nubin,NubiTy00,S,Jevon Holland,HollJe02,Referee,Brad Allen,Umpire,Marcus Woods,Down Judge,Sarah Thomas,Line Judge,Walter Flowers,Back Judge,Tyree Walton,Side Judge,Chad Hill,Field Judge,Rick Patterson
202510190jax,2025-10-19,Sunday,9:30am,Jacksonville Jaguars,Los Angeles Rams,jax,ram,7,35,Liam Coen,Sean McVay,Wembley Stadium,86152,3:18,outdoors,grass,"59 degrees, relative humidity 95%, wind 9 mph",QB,Trevor Lawrence,LawrTr00,RB,Travis Etienne,EtieTr00,WR,Parker Washington,WashPa01,WR,Brian Thomas,ThomBr06,WR,Travis Hunter,HuntTr00,TE,Hunter Long,LongHu00,OL,Ezra Cleveland,ClevEz00,OL,Anton Harrison,HarrAn00,OL,Walker Little,LittWa00,OL,Patrick Mekari,MekaPa00,C,Robert Hainsey,HainRo00,DL,Emmanuel Ogbah,OgbaEm00,DE,Josh Hines-Allen,AlleJo03,DT,Arik Armstead,ArmsAr01,DT,DaVon Hamilton,HamiDa02,LB,Ventrell Miller,MillVe00,LB,Foyesade Oluokun,OluoFo00,CB,Greg Newsome II,NewsGr00,CB,Jourdan Lewis,LewiJo01,CB,Montaric Brown,BrowMo00,S,Eric Murray,MurrEr00,S,Andrew Wingard,WingAn01,QB,Matthew Stafford,StafMa00,RB,Kyren Williams,WillKy02,WR,Tutu Atwell,AtweTu00,WR,Jordan Whittington,WhitJo04,WR,Davante Adams,AdamDa01,TE,Colby Parkinson,ParkCo02,OL,Warren McClendon,McClWa00,OL,Alaric Jackson,JackAl01,OL,Kevin Dotson,DotsKe00,OL,Steve Avila,AvilSt00,C,Coleman Shelton,ShelCo00,DE,Braden Fiske,FiskBr00,DE,Kobie Turner,TurnKo00,OLB,Jared Verse,VersJa00,OLB,Byron Young,YounBy01,LB,Nathan Landman,LandNa01,LB,Omar Speights,SpeiOm00,CB,Cobie Durant,DuraDe01,CB,Darious Williams,WillDa09,S,Kamren Kinchens,KincKa00,S,Quentin Lake,LakeQu00,S,Kamren Curl,CurlKa00,Referee,Adrian Hill,Umpire,Roy Ellison,Down Judge,Derick Bowers,Line Judge,Julian Mapp,Back Judge,Greg Steed,Side Judge,Clay Reynard,Field Judge,Tra Boger
202510190kan,2025-10-19,Sunday,1:00pm,Kansas City Chiefs,Las Vegas Raiders,kan,rai,31,0,Andy Reid,Pete Carroll,GEHA Field at Arrowhead Stadium,73584,2:41,outdoors,grass,"57 degrees, relative humidity 41%, wind 9 mph",QB,Patrick Mahomes,MahoPa00,RB,Isiah Pacheco,PachIs00,WR,Xavier Worthy,WortXa00,WR,Rashee Rice,RiceRa01,TE,Noah Gray,GrayNo00,TE,Travis Kelce,KelcTr00,OL,Jaylon Moore,MoorJa04,T,Jawaan Taylor,TaylJa02,T,Kingsley Suamataia,SuamKi00,G,Trey Smith,SmitTr05,C,Creed Humphrey,HumpCr00,DE,George Karlaftis III,KarlGe00,DE,Michael Danna,DannMi00,DT,Chris Jones,JoneCh09,DT,Derrick Nnadi,NnadDe00,LB,Drue Tranquill,TranDr00,LB,Leo Chenal,ChenLe00,LB,Nick Bolton,BoltNi00,CB,Trent McDuffie,McDuTr00,CB,Jaylen Watson,WatsJa02,DB,Chamarri Conner,ConnCh01,S,Bryan Cook,CookBr02,QB,Geno Smith,SmitGe00,RB,Ashton Jeanty,JeanAs00,WR,Tre Tucker,TuckTr00,WR,Dont'e Thornton,ThorDo00,TE,Ian Thomas,ThomIa00,TE,Michael Mayer,MayeMi00,OL,Stone Forsythe,ForsSt00,OT,Delmar Glaze,GlazDe00,G,Dylan Parham,ParhDy00,G,Jordan Meredith,MereJo00,C,Jackson Powers-Johnson,PoweJa00,DE,Malcolm Koonce,KoonMa00,DE,Maxx Crosby,CrosMa00,DT,Jonah Laulu,LaulJo00,DT,Thomas Booker,BookTh00,LB,Devin White,WhitDe02,LB,Jamal Adams,AdamJa00,LB,Elandon Roberts,RobeEl00,CB,Eric Stokes,StokEr00,CB,Kyu Blu Kelly,BluxKy00,S,Isaiah Pola-Mao,PolaIs00,S,Jeremy Chinn,ChinJe00,Referee,Clete Blakeman,Umpire,Scott Campbell,Down Judge,Andy Warner,Line Judge,Kent Payne,Back Judge,Jonah Monroe,Side Judge,James Coleman,Field Judge,Karina Tovar
202510190min,2025-10-19,Sunday,1:00pm,Minnesota Vikings,Philadelphia Eagles,min,phi,22,28,Kevin O'Connell,Nick Sirianni,U.S. Bank Stadium,66899,3:06,dome,sportturf,,QB,Carson Wentz,WentCa00,RB,Jordan Mason,MasoJo00,WR,Jordan Addison,AddiJo00,WR,Jalen Nailor,NailJa00,WR,Justin Jefferson,JeffJu00,TE,T.J. Hockenson,HockTJ00,OL,Donovan Jackson,JackDo03,T,Christian Darrisaw,DarrCh00,T,Brian O'Neill,ONeiBr00,G,Blake Brandel,BranBl00,G,Will Fries,FrieWi00,DL,Jonathan Allen,AlleJo01,DL,Javon Hargrave,HargJa00,OLB,Jonathan Greenard,GreeJo04,OLB,Dallas Turner,TurnDa01,LB,Blake Cashman,CashBl00,LB,Eric Wilson,WilsEr00,CB,Byron Murphy,MurpBy00,CB,Isaiah Rodgers,RodgIs00,S,Theo Jackson,JackTh00,S,Josh Metellus,MeteJo00,S,Harrison Smith,SmitHa00,QB,Jalen Hurts,HurtJa00,RB,Saquon Barkley,BarkSa00,WR,DeVonta Smith,SmitDe07,WR,A.J. Brown,BrowAJ00,TE,Dallas Goedert,GoedDa00,TE,Kylen Granson,GranKy00,OL,Tyler Steen,SteeTy00,OL,Cam Jurgens,JurgCa01,T,Jordan Mailata,MailJo00,T,Lane Johnson,JohnLa01,G,Landon Dickerson,DickLa00,DT,Jalen Carter,CartJa05,DT,Jordan Davis,DaviJo03,OLB,Jalyx Hunt,HuntJa02,OLB,Azeez Ojulari,OjulAz00,LB,Jihaad Campbell,CampJi00,LB,Zack Baun,BaunZa00,CB,Adoree' Jackson,JackAd00,CB,Quinyon Mitchell,MitcQu00,DB,Cooper DeJean,DeJeCo00,S,Andrew Mukuba,MukuAn00,S,Reed Blankenship,BlanRe00,Referee,Bill Vinovich,Umpire,Scott Walker,Down Judge,Dale Keller,Line Judge,Tripp Sutter,Back Judge,Todd Prukop,Side Judge,Jimmy Buchanan,Field Judge,Aaron Santi
202510190nyj,2025-10-19,Sunday,1:00pm,New York Jets,Carolina Panthers,nyj,car,6,13,Aaron Glenn,Dave Canales,MetLife Stadium,71047,3:04,outdoors,fieldturf,"71 degrees, relative humidity 70%, wind 13 mph",QB,Justin Fields,FielJu00,RB,Breece Hall,HallBr03,WR,Allen Lazard,LazaAl00,WR,Arian Smith,SmitAr01,WR,Josh Reynolds,ReynJo00,TE,Mason Taylor,TaylMa02,OL,Olumuyiwa Fashanu,FashOl00,OL,John Simpson,SimpJo00,OT,Armand Membou,MembAr00,C,Josh Myers,MyerJo00,C,Joe Tippmann,TippJo00,DL,Harrison Phillips,PhilHa00,DL,Quinnen Williams,WillQu00,DE,Will McDonald,McDoWi00,LB,Jamien Sherwood,SherJa00,LB,Francisco Mauigoa,MauiFr00,LB,Jermaine Johnson II,JohnJe07,LB,Mykal Walker,WalkMy00,CB,Brandon Stephens,StepBr01,CB,Sauce Gardner,GardSa00,DB,Malachi Moore,MoorMa04,S,Andre Cisco,CiscAn00,QB,Bryce Young,YounBr01,RB,Chuba Hubbard,HubbCh01,WR,Tetairoa McMillan,McMiTe00,WR,Xavier Legette,LegeXa00,TE,Tommy Tremble,TremTo00,TE,Mitchell Evans,EvanMi01,T,Ikem Ekwonu,EkwoIk00,T,Taylor Moton,MotoTa00,G,Brady Christensen,ChriBr00,C,Cade Mays,MaysCa00,C,Austin Corbett,CorbAu00,DE,A'Shawn Robinson,RobiAS00,DE,Derrick Brown,BrowDe05,DT,Tershawn Wharton,WharTe00,OLB,D.J. Wonnum,WonnDJ00,LB,Christian Rozeboom,RozeCh00,LB,Trevin Wallace,WallTr00,CB,Michael Jackson,JackMi01,CB,Jaycee Horn,HornJa00,S,Tre'von Moehrig,MoehTr00,S,Lathan Ransom,RansLa00,S,Nick Scott,ScotNi01,Referee,Brad Rogers,Umpire,Bryan Neale,Down Judge,Patrick Turner,Line Judge,Kevin Codey,Back Judge,Greg Yette,Side Judge,David Meslow,Field Judge,Joe Blubaugh
202510190oti,2025-10-19,Sunday,1:00pm,Tennessee Titans,New England Patriots,oti,nwe,13,31,Mike McCoy,Mike Vrabel,Nissan Stadium,67410,2:42,outdoors,grass,"60 degrees, relative humidity 78%, wind 18 mph",QB,Cam Ward,WardCa00,RB,Tony Pollard,PollTo00,WR,Elic Ayomanor,AyomEl00,WR,Van Jefferson,JeffVa00,TE,Gunnar Helm,HelmGu00,TE,Chig Okonkwo,OkonCh00,OL,Peter Skoronski,SkorPe00,OT,Dan Moore,MoorDa05,OT,JC Latham,LathJC00,G,Kevin Zeitler,ZeitKe00,C,Lloyd Cushenberry III,CushLl00,DT,Jeffery Simmons,SimmJe01,NT,T'Vondre Sweat,SweaTV01,OLB,Dre'Mont Jones,JoneDr00,OLB,Jihad Ward,WardJi02,LB,Cedric Gray,GrayCe00,LB,Cody Barton,BartCo00,CB,Roger McCreary,McCrRo01,CB,Jalyn Armour-Davis,ArmoJa00,CB,L'Jarius Sneed,SneeLJ00,S,Amani Hooker,HookAm00,S,Xavier Woods,WoodXa00,QB,Drake Maye,MayeDr00,RB,Rhamondre Stevenson,StevRh00,WR,Kayshon Boutte,BoutKa00,WR,Stefon Diggs,DiggSt00,WR,Mack Hollins,HollMa00,TE,Hunter Henry,HenrHu00,OL,Michael Onwenu,OnweMi00,OT,Will Campbell,CampWi01,OT,Morgan Moses,MoseMo00,C,Garrett Bradbury,BradGa00,C,Jared Wilson,WilsJa02,DL,Khyiris Tonga,TongKh00,DT,Milton Williams,WillMi08,DT,Christian Barmore,BarmCh00,OLB,Harold Landry,LandHa00,LB,Robert Spillane,SpilRo00,LB,Jahlani Tavai,TavaJa00,LB,Jack Gibbens,GibbJa00,CB,Christian Gonzalez,GonzCh00,CB,Carlton Davis,DaviCa02,S,Kyle Dugger,DuggKy00,S,Craig Woodson,WoodCr00,Referee,Craig Wrolstad,Umpire,Brandon Cruse,Down Judge,Danny Short,Line Judge,Brett Bergman,Back Judge,Rich Martinez,Side Judge,Frank Steratore,Field Judge,Jeff Shears
202510190sdg,2025-10-19,Sunday,4:05pm,Los Angeles Chargers,Indianapolis Colts,sdg,clt,24,38,Jim Harbaugh,Shane Steichen,SoFi Stadium,71124,3:09,dome,matrixturf,,QB,Justin Herbert,HerbJu00,RB,Kimani Vidal,VidaKi00,WR,Tre Harris,HarrTr03,WR,Ladd McConkey,McCoLa00,WR,Quentin Johnston,JohnQu02,TE,Tucker Fisk,FiskTu00,T,Austin Deculus,DecuAu00,T,Bobby Hart,HartBo00,G,Mekhi Becton,BectMe00,G,Zion Johnson,JohnZi00,C,Bradley Bozeman,BozeBr00,DL,Teair Tart,TartTe00,DT,Jamaree Caldwell,CaldJa00,OLB,Odafe Oweh,OwehJa00,OLB,Tuli Tuipulotu,TuipTu00,LB,Daiyan Henley,HenlDa00,LB,Denzel Perryman,PerrDe00,CB,Donte Jackson,JackDo02,CB,Tarheeb Still,StilTa00,CB,Benjamin St-Juste,StJuBe00,S,Tony Jefferson,JeffTo00,S,Derwin James,JameDe00,QB,Daniel Jones,JoneDa05,RB,Jonathan Taylor,TaylJo02,WR,Michael Pittman Jr.,PittMi01,WR,Alec Pierce,PierAl00,WR,Anthony Gould,GoulAn00,TE,Tyler Warren,WarrTy00,T,Braden Smith,SmitBr06,T,Bernhard Raimann,RaimBe00,G,Matt Goncalves,GoncMa00,G,Quenton Nelson,NelsQu00,C,Tanor Bortolini,BortTa00,DE,Laiatu Latu,LatuLa00,DE,Kwity Paye,PayeKw00,DT,Grover Stewart,StewGr00,DT,DeForest Buckner,BuckDe00,LB,Zaire Franklin,FranZa00,LB,Germaine Pratt,PratGe00,CB,Kenny Moore,MoorKe03,CB,Johnathan Edwards,EdwaJo00,CB,Mekhi Blackmon,BlacMe00,S,Nick Cross,CrosNi00,S,Camryn Bynum,BynuCa00,Referee,Alan Eck,Umpire,Tab Slaughter,Down Judge,David Oliver,Line Judge,Greg Bradley,Back Judge,Grantis Bell,Side Judge,Dale Shaw,Field Judge,John Jenkins
202510190sfo,2025-10-19,Sunday,8:20pm,San Francisco 49ers,Atlanta Falcons,sfo,atl,20,10,Kyle Shanahan,Raheem Morris,Levi's Stadium,71217,2:56,outdoors,grass,"74 degrees, relative humidity 49%, wind 5 mph",QB,Mac Jones,JoneMa05,RB,Christian McCaffrey,McCaCh01,FB,Kyle Juszczyk,JuszKy00,WR,Kendrick Bourne,BourKe00,WR,Jauan Jennings,JennJa00,TE,George Kittle,KittGe00,OL,Connor Colby,ColbCo00,OL,Jake Brendel,BrenJa01,OL,Dominick Puni,PuniDo00,OL,Colton McKivitz,McKiCo00,OT,Trent Williams,WillTr21,DL,Jordan Elliott,ElliJo02,DL,Kalia Davis,DaviKa01,DL,Mykel Williams,WillMy00,DL,Sam Okuayinonu,OkuaSa00,LB,Dee Winters,WintDe00,LB,Tatum Bethune,BethTa00,LB,Luke Gifford,GiffLu00,CB,Renardo Green,GreeRe00,DB,Deommodore Lenoir,LenoDe00,S,Marques Sigle,SiglMa00,S,Ji'Ayir Brown,BrowJi01,QB,Michael Penix,PeniMi00,RB,Bijan Robinson,RobiBi01,WR,Darnell Mooney,MoonDa00,WR,Drake London,LondDr00,TE,Charlie Woerner,WoerCh00,TE,Kyle Pitts,PittKy00,OL,Ryan Neuzil,NeuzRy00,OL,Matthew Bergeron,BergMa00,OL,Elijah Wilkinson,WilkEl00,T,Jake Matthews,MattJa00,G,Chris Lindstrom,LindCh00,DL,Zach Harrison,HarrZa00,DL,David Onyemata,OnyeDa00,DE,Leonard Floyd,FloyLe00,DE,Arnold Ebiketie,EbikAr00,DT,Ruke Orhorhoro,OrhoRu00,LB,Kaden Elliss,ElliKa00,LB,Divine Deablo,DeabDi00,CB,Mike Hughes,HughMi00,CB,AJ Terrell,TerrAJ00,S,Xavier Watts,WattXa00,S,Jessie Bates III,BateJe00,Referee,Ron Torbert,Umpire,Barry Anderson,Down Judge,Frank LeBlanc,Line Judge,Brian Bolinger,Back Judge,Courtney Brown,Side Judge,Keith Washington,Field Judge,Ryan Dickson
202510200det,2025-10-20,Monday,7:00pm,Detroit Lions,Tampa Bay Buccaneers,det,tam,24,9,Dan Campbell,Todd Bowles,Ford Field,64656,3:18,dome,fieldturf,,QB,Jared Goff,GoffJa00,RB,Jahmyr Gibbs,GibbJa01,WR,Jameson Williams,WillJa11,WR,Amon-Ra St. Brown,StxxAm00,TE,Brock Wright,WrigBr01,TE,Sam LaPorta,LaPoSa01,OL,Graham Glasgow,GlasGr00,OL,Christian Mahogany,MahoCh00,OL,Tate Ratledge,RatlTa00,T,Taylor Decker,DeckTa00,T,Penei Sewell,SewePe00,DL,Alim McNeill,McNeAl00,DL,D.J. Reader,,DE,Aidan Hutchinson,HutcAi00,DT,Tyler Lacy,LacyTy00,LB,Derrick Barnes,BarnDe02,LB,Jack Campbell,CampJa04,LB,Alex Anzalone,AnzaAl00,CB,Amik Robertson,RobeAm00,CB,Rock Ya-Sin,Ya-SRo00,S,Thomas Harper,HarpTh00,S,Erick Hallett,HallEr00,QB,Baker Mayfield,MayfBa00,RB,Rachaad White,WhitRa01,WR,Ryan Miller,MillRy01,WR,Mike Evans,EvanMi00,TE,Cade Otton,OttoCa00,TE,Payne Durham,DurhPa00,OT,Charlie Heck,HeckCh00,T,Tristan Wirfs,WirfTr00,G,Michael Jordan,JordMi01,G,Ben Bredeson,BredBe00,C,Graham Barton,BartGr00,DL,Logan Hall,HallLo00,DL,Elijah Roberts,RobeEl01,NT,Vita Vea,VeaxVi00,OLB,YaYa Diaby,DiabYa00,OLB,Haason Reddick,ReddHa00,LB,SirVocea Dennis,DennSi00,LB,Lavonte David,DaviLa00,CB,Zyon McCollum,McCoZy02,CB,Jamel Dean,DeanJa00,S,Tykee Smith,SmitTy05,S,Antoine Winfield Jr.,WinfAn00,Referee,John Hussey,Umpire,Duane Heydt,Down Judge,Max Causey,Line Judge,Carl Johnson,Back Judge,Matt Edwards,Side Judge,Allen Baynes,Field Judge,Anthony Flemming
202510200sea,2025-10-20,Monday,10:00pm,Seattle Seahawks,Houston Texans,sea,htx,27,19,Mike Macdonald,DeMeco Ryans,Lumen Field,68632,3:24,outdoors,fieldturf,"56 degrees, relative humidity 54%, wind 5 mph",QB,Sam Darnold,DarnSa00,RB,Kenneth Walker III,WalkKe00,FB,Brady Russell,RussBr00,WR,Jaxon Smith-Njigba,SmitJa06,WR,Cooper Kupp,KuppCo00,TE,AJ Barner,BarnAJ00,T,Charles Cross,CrosCh00,T,Abraham Lucas,LucaAb00,OG,Grey Zabel,ZabeGr00,G,Anthony Bradford,BradAn00,C,Jalen Sundell,SundJa00,DE,Leonard Williams,WillLe02,DT,Byron Murphy,MurpBy01,LB,DeMarcus Lawrence,LawrDe00,LB,Uchenna Nwosu,NwosUc00,LB,Ernest Jones,JoneEr01,LB,Drake Thomas,ThomDr00,CB,Josh Jobe,JobeJo00,CB,Riq Woolen,WoolTa00,FS,Ty Okada,OkadTy00,FS,Coby Bryant,BryaCo01,S,Nick Emmanwori,EmmaNi00,QB,C.J. Stroud,StroCJ00,RB,Nick Chubb,ChubNi00,WR,Nico Collins,CollNi00,WR,Jayden Higgins,HiggJa00,WR,Jaylin Noel,NoelJa00,TE,Dalton Schultz,SchuDa00,OT,Aireontae Ersery,ErseAi00,T,Tytus Howard,HowaTy00,G,Ed Ingram,IngrEd00,G,Laken Tomlinson,TomlLa01,C,Jake Andrews,AndrJa00,DE,Will Anderson,AndeWi01,DE,Danielle Hunter,HuntDa01,DT,Sheldon Rankins,RankSh00,DT,Tim Settle,SettTi00,LB,Azeez Al-Shaair,AlShAz00,LB,Henry To'oTo'o,TooTHe00,LB,E.J. Speed,SpeeEJ00,CB,Derek Stingley Jr.,StinDe00,CB,Kamari Lassiter,LassKa00,S,Jalen Pitre,PitrJa00,S,Calen Bullock,BullCa00,Referee,Carl Cheffers,Umpire,Derek Anderson,Down Judge,Daniel Gallagher,Line Judge,Quentin Givens,Back Judge,Martin Hankins,Side Judge,Eugene Hall,Field Judge,Nathan Jones
202510230sdg,2025-10-23,Thursday,8:15pm,Los Angeles Chargers,Minnesota Vikings,sdg,min,37,10,Jim Harbaugh,Kevin O'Connell,SoFi Stadium,71094,3:03,dome,matrixturf,,QB,Justin Herbert,HerbJu00,RB,Kimani Vidal,VidaKi00,WR,Ladd McConkey,McCoLa00,WR,Tre Harris,HarrTr03,TE,Tucker Fisk,FiskTu00,T,Joe Alt,AltxJo01,T,Bobby Hart,HartBo00,G,Zion Johnson,JohnZi00,G,Mekhi Becton,BectMe00,C,Bradley Bozeman,BozeBr00,DL,Scott Matlock,MatlSc00,DL,Teair Tart,TartTe00,DT,Jamaree Caldwell,CaldJa00,OLB,Khalil Mack,MackKh00,OLB,Tuli Tuipulotu,TuipTu00,LB,Daiyan Henley,HenlDa00,LB,Denzel Perryman,PerrDe00,CB,Tarheeb Still,StilTa00,CB,Benjamin St-Juste,StJuBe00,DB,Elijah Molden,MoldEl00,S,Derwin James,JameDe00,S,Tony Jefferson,JeffTo00,QB,Carson Wentz,WentCa00,RB,Aaron Jones,JoneAa00,WR,Jordan Addison,AddiJo00,WR,Justin Jefferson,JeffJu00,WR,Adam Thielen,ThieAd00,TE,T.J. Hockenson,HockTJ00,OL,Donovan Jackson,JackDo03,T,Christian Darrisaw,DarrCh00,T,Justin Skule,SkulJu00,G,Blake Brandel,BranBl00,G,Will Fries,FrieWi00,DL,Jonathan Allen,AlleJo01,DL,Jalen Redmond,RedmJa01,DL,Levi Drake Rodriguez,RodrLe00,OLB,Jonathan Greenard,GreeJo04,LB,Eric Wilson,WilsEr00,LB,Ivan Pace,PaceIv00,LB,Blake Cashman,CashBl00,CB,Isaiah Rodgers,RodgIs00,CB,Byron Murphy,MurpBy00,S,Harrison Smith,SmitHa00,S,Josh Metellus,MeteJo00,Referee,Clete Blakeman,Umpire,Scott Campbell,Down Judge,Andy Warner,Line Judge,Kent Payne,Back Judge,Jonah Monroe,Side Judge,James Coleman,Field Judge,Karina Tovar
202510260atl,2025-10-26,Sunday,1:00pm,Atlanta Falcons,Miami Dolphins,atl,mia,10,34,Raheem Morris,Mike McDaniel,Mercedes-Benz Stadium,71344,2:52,retractable roof (closed),fieldturf,,QB,Kirk Cousins,CousKi00,RB,Bijan Robinson,RobiBi01,WR,KhaDarel Hodge,HodgKh00,WR,Darnell Mooney,MoonDa00,TE,Charlie Woerner,WoerCh00,TE,Kyle Pitts,PittKy00,OL,Ryan Neuzil,NeuzRy00,OL,Elijah Wilkinson,WilkEl00,OL,Matthew Bergeron,BergMa00,T,Jake Matthews,MattJa00,G,Chris Lindstrom,LindCh00,DL,David Onyemata,OnyeDa00,DE,James Pearce,PearJa00,DE,Leonard Floyd,FloyLe00,DT,Ruke Orhorhoro,OrhoRu00,DT,Sam Roberts,RobeSa00,LB,Kaden Elliss,ElliKa00,LB,JD Bertrand,BertJD00,CB,Mike Hughes,HughMi00,CB,AJ Terrell,TerrAJ00,S,Jessie Bates III,BateJe00,S,Xavier Watts,WattXa00,QB,Tua Tagovailoa,TagoTu00,RB,De'Von Achane,AchaDe00,FB,Alec Ingold,IngoAl01,WR,Nick Westbrook-Ikhine,WestNi00,WR,Jaylen Waddle,WaddJa00,OL,Larry Borom,BoroLa00,OL,Jonah Savaiinaea,SavaJo00,OL,Daniel Brunskill,BrunDa00,OL,Aaron Brewer,BrewAa01,OT,Patrick Paul,PaulPa01,G,Cole Strange,StraCo01,DT,Benito Jones,JoneBe03,DT,Jordan Phillips,PhilJo02,DT,Zach Sieler,SielZa00,LB,Tyrel Dodson,DodsTy01,LB,Jaelan Phillips,PhilJa02,LB,Bradley Chubb,ChubBr00,LB,Jordyn Brooks,BrooJo01,CB,Rasul Douglas,DougRa00,CB,Jack Jones,JoneJa10,S,Minkah Fitzpatrick,FitzMi00,S,Ifeatu Melifonwu,MeliIf00,Referee,John Hussey,Umpire,Duane Heydt,Down Judge,Max Causey,Line Judge,Carl Johnson,Back Judge,Matt Edwards,Side Judge,Allen Baynes,Field Judge,Anthony Flemming
202510260car,2025-10-26,Sunday,1:00pm,Carolina Panthers,Buffalo Bills,car,buf,9,40,Dave Canales,Sean McDermott,Bank of America Stadium,73505,2:55,outdoors,grass,"63 degrees, relative humidity 36%, wind 9 mph",QB,Andy Dalton,DaltAn00,RB,Chuba Hubbard,HubbCh01,WR,Tetairoa McMillan,McMiTe00,WR,Xavier Legette,LegeXa00,TE,Tommy Tremble,TremTo00,TE,Mitchell Evans,EvanMi01,T,Ikem Ekwonu,EkwoIk00,T,Taylor Moton,MotoTa00,G,Brady Christensen,ChriBr00,G,Damien Lewis,LewiDa05,C,Cade Mays,MaysCa00,DE,A'Shawn Robinson,RobiAS00,DE,Derrick Brown,BrowDe05,DT,Tershawn Wharton,WharTe00,OLB,D.J. Wonnum,WonnDJ00,LB,Christian Rozeboom,RozeCh00,LB,Trevin Wallace,WallTr00,CB,Michael Jackson,JackMi01,CB,Jaycee Horn,HornJa00,S,Tre'von Moehrig,MoehTr00,S,Lathan Ransom,RansLa00,S,Nick Scott,ScotNi01,QB,Josh Allen,AlleJo02,RB,James Cook,CookJa01,WR,Tyrell Shavers,ShavTy00,WR,Khalil Shakir,ShakKh00,WR,Elijah Moore,MoorEl00,TE,Jackson Hawes,HaweJa00,T,Spencer Brown,BrowSp00,T,Dion Dawkins,DawkDi00,G,David Edwards,EdwaDa01,G,Connor McGovern,McGoCo01,G,O'Cyrus Torrence,TorrOC00,DE,Joey Bosa,BosaJo00,DE,Gregory Rousseau,RousGr00,DT,Ed Oliver,OlivEd00,DT,Deone Walker,WalkDe04,OLB,Shaq Thompson,ThomSh01,LB,Dorian Williams,WillDo04,LB,Joe Andreessen,AndrJo02,CB,Christian Benford,BenfCh00,CB,Tre'Davious White,WhitTr01,S,Jordan Poyer,PoyeJo00,S,Cole Bishop,BishCo00,Referee,Craig Wrolstad,Umpire,Brandon Cruse,Down Judge,Danny Short,Line Judge,Brett Bergman,Back Judge,Rich Martinez,Side Judge,Frank Steratore,Field Judge,Jeff Shears
202510260cin,2025-10-26,Sunday,1:00pm,Cincinnati Bengals,New York Jets,cin,nyj,38,39,Zac Taylor,Aaron Glenn,Paycor Stadium,65526,3:04,outdoors,fieldturf,"57 degrees, relative humidity 48%, wind 8 mph",QB,Joe Flacco,FlacJo00,RB,Chase Brown,BrowCh10,WR,Tee Higgins,HiggTe00,WR,Ja'Marr Chase,ChasJa00,TE,Noah Fant,FantNo00,TE,Tanner Hudson,HudsTa00,OT,Orlando Brown Jr.,BrowOr00,OT,Amarius Mims,MimsAm00,OG,Dylan Fairchild,FairDy00,G,Jalen Rivers,RiveJa00,C,Ted Karras,KarrTe00,DE,Trey Hendrickson,HendTr00,DE,Shemar Stewart,StewSh00,DT,B.J. Hill,,DT,Tedarrell Slaton,SlatTe00,LB,Barrett Carter,CartBa00,LB,Demetrius Knight,KnigDe00,CB,DJ Turner,TurnDJ01,CB,Cam Taylor-Britt,TaylCa01,CB,Daxton Hill,HillDa04,S,Geno Stone,StonGe00,S,Jordan Battle,BattJo00,QB,Justin Fields,FielJu00,RB,Breece Hall,HallBr03,WR,Tyler Johnson,JohnTy00,WR,Allen Lazard,LazaAl00,WR,Arian Smith,SmitAr01,TE,Mason Taylor,TaylMa02,OL,Olumuyiwa Fashanu,FashOl00,OL,John Simpson,SimpJo00,OT,Armand Membou,MembAr00,C,Josh Myers,MyerJo00,C,Joe Tippmann,TippJo00,DL,Harrison Phillips,PhilHa00,DL,Quinnen Williams,WillQu00,DE,Will McDonald,McDoWi00,LB,Francisco Mauigoa,MauiFr00,LB,Jermaine Johnson II,JohnJe07,LB,Quincy Williams,WillQu01,CB,Brandon Stephens,StepBr01,CB,Azareye'h Thomas,ThomAz00,DB,Malachi Moore,MoorMa04,S,Andre Cisco,CiscAn00,S,Isaiah Oliver,OlivIs00,Referee,Scott Novak,Umpire,Mike Morton,Down Judge,Brian Sakowski,Line Judge,Mark Stewart,Back Judge,Tony Josselyn,Side Judge,Don Willard,Field Judge,Terry Brown
202510260clt,2025-10-26,Sunday,4:25pm,Indianapolis Colts,Tennessee Titans,clt,oti,38,14,Shane Steichen,Mike McCoy,Lucas Oil Stadium,65816,2:57,retractable roof (closed),fieldturf,,QB,Daniel Jones,JoneDa05,RB,Jonathan Taylor,TaylJo02,WR,Josh Downs,DownJo00,WR,Michael Pittman Jr.,PittMi01,WR,Alec Pierce,PierAl00,TE,Mo Alie-Cox,AlieMo00,T,Braden Smith,SmitBr06,T,Bernhard Raimann,RaimBe00,G,Matt Goncalves,GoncMa00,G,Quenton Nelson,NelsQu00,C,Tanor Bortolini,BortTa00,DE,Laiatu Latu,LatuLa00,DE,Kwity Paye,PayeKw00,DT,Neville Gallimore,GallNe00,DT,Grover Stewart,StewGr00,DT,DeForest Buckner,BuckDe00,LB,Zaire Franklin,FranZa00,LB,Germaine Pratt,PratGe00,CB,Mekhi Blackmon,BlacMe00,CB,Johnathan Edwards,EdwaJo00,S,Nick Cross,CrosNi00,S,Camryn Bynum,BynuCa00,QB,Cam Ward,WardCa00,RB,Tony Pollard,PollTo00,WR,Elic Ayomanor,AyomEl00,WR,Chimere Dike,DikeCh00,TE,Chig Okonkwo,OkonCh00,TE,Gunnar Helm,HelmGu00,OL,Peter Skoronski,SkorPe00,OT,Dan Moore,MoorDa05,OT,JC Latham,LathJC00,G,Kevin Zeitler,ZeitKe00,C,Lloyd Cushenberry III,CushLl00,DL,C.J. Ravenell,RaveCJ00,NT,T'Vondre Sweat,SweaTV01,OLB,Dre'Mont Jones,JoneDr00,OLB,Jihad Ward,WardJi02,LB,Cedric Gray,GrayCe00,LB,Cody Barton,BartCo00,CB,Roger McCreary,McCrRo01,CB,Darrell Baker,BakeDa02,CB,Jalyn Armour-Davis,ArmoJa00,S,Amani Hooker,HookAm00,S,Xavier Woods,WoodXa00,Referee,Land Clark,Umpire,Mark Pellis,Down Judge,Tom Stephan,Line Judge,Jeff Hutcheon,Back Judge,Brad Freeman,Side Judge,Dominique Pender,Field Judge,Jabir Walker
202510260den,2025-10-26,Sunday,4:25pm,Denver Broncos,Dallas Cowboys,den,dal,44,24,Sean Payton,Brian Schottenheimer,Empower Field at Mile High,76545,3:07,outdoors,grass,"67 degrees, relative humidity 25%, wind 4 mph",QB,Bo Nix,NixxBo00,RB,J.K. Dobbins,DobbJK00,WR,Courtland Sutton,SuttCo00,WR,Pat Bryant,BryaPa00,WR,Trent Sherfield,SherTr00,TE,Adam Trautman,TrauAd00,OL,Quinn Meinerz,MeinQu02,T,Garett Bolles,BollGa00,T,Alex Palczewski,PalcAl00,T,Mike McGlinchey,McGlMi00,C,Luke Wattenberg,WattLu00,DL,John Franklin-Myers,FranJo02,DL,Zach Allen,AlleZa01,DT,D.J. Jones,,OLB,Jonathon Cooper,CoopJo02,OLB,Nik Bonitto,BoniNi00,LB,Alex Singleton,SingAl00,LB,Justin Strnad,StrnJu00,CB,Riley Moss,MossRi00,CB,Patrick Surtain II,SurtPa01,S,Brandon Jones,JoneBr06,S,Talanoa Hufanga,HufaTa00,QB,Dak Prescott,PresDa01,RB,Javonte Williams,WillJa10,WR,George Pickens,PickGe00,WR,CeeDee Lamb,LambCe00,TE,Brevyn Spann-Ford,SpanBr00,TE,Luke Schoonmaker,SchoLu00,OL,Tyler Smith,SmitTy02,OT,Tyler Guyton,GuytTy00,T,Terence Steele,SteeTe01,OG,Tyler Booker,BookTy00,C,Brock Hoffman,HoffBr00,DE,Marshawn Kneeland,KneeMa00,DE,Dante Fowler,FowlDa00,DT,Osa Odighizuwa,OdigOs00,DT,Kenny Clark,ClarKe01,MLB,Kenneth Murray,MurrKe00,LB,Shemar James,JameSh00,CB,Kaiir Elam,ElamKa00,CB,Trikweze Bridges,BridTr00,CB,DaRon Bland,BlanDa00,DB,Alijah Clark,ClarAl01,S,Markquese Bell,BellMa01,Referee,Carl Cheffers,Umpire,Derek Anderson,Down Judge,Daniel Gallagher,Line Judge,Quentin Givens,Back Judge,Martin Hankins,Side Judge,Eugene Hall,Field Judge,Nathan Jones
202510260htx,2025-10-26,Sunday,1:00pm,Houston Texans,San Francisco 49ers,htx,sfo,26,15,DeMeco Ryans,Kyle Shanahan,NRG Stadium,70581,2:58,retractable roof (closed),astroturf,,QB,C.J. Stroud,StroCJ00,RB,British Brooks,BrooBr01,RB,Nick Chubb,ChubNi00,WR,Jared Wayne,WaynJa01,WR,Jayden Higgins,HiggJa00,OT,Aireontae Ersery,ErseAi00,T,Blake Fisher,FishBl00,T,Tytus Howard,HowaTy00,G,Ed Ingram,IngrEd00,G,Laken Tomlinson,TomlLa01,C,Jake Andrews,AndrJa00,DE,Danielle Hunter,HuntDa01,DE,Will Anderson,AndeWi01,DT,Sheldon Rankins,RankSh00,DT,Tim Settle,SettTi00,LB,Azeez Al-Shaair,AlShAz00,LB,E.J. Speed,SpeeEJ00,CB,Kamari Lassiter,LassKa00,CB,Derek Stingley Jr.,StinDe00,S,Jalen Pitre,PitrJa00,S,M.J. Stewart,,S,Calen Bullock,BullCa00,QB,Mac Jones,JoneMa05,RB,Christian McCaffrey,McCaCh01,FB,Kyle Juszczyk,JuszKy00,WR,Kendrick Bourne,BourKe00,WR,Jauan Jennings,JennJa00,TE,George Kittle,KittGe00,OL,Matt Hennessy,HennMa00,OL,Connor Colby,ColbCo00,OL,Dominick Puni,PuniDo00,OL,Colton McKivitz,McKiCo00,OT,Trent Williams,WillTr21,DL,Jordan Elliott,ElliJo02,DL,Kalia Davis,DaviKa01,DL,Mykel Williams,WillMy00,DL,Sam Okuayinonu,OkuaSa00,LB,Luke Gifford,GiffLu00,LB,Dee Winters,WintDe00,LB,Tatum Bethune,BethTa00,CB,Renardo Green,GreeRe00,DB,Deommodore Lenoir,LenoDe00,S,Malik Mustapha,MustMa00,S,Ji'Ayir Brown,BrowJi01,Referee,Alan Eck,Umpire,Tab Slaughter,Down Judge,David Oliver,Line Judge,Greg Bradley,Back Judge,Grantis Bell,Side Judge,Dale Shaw,Field Judge,John Jenkins
202510260nor,2025-10-26,Sunday,4:05pm,New Orleans Saints,Tampa Bay Buccaneers,nor,tam,3,23,Kellen Moore,Todd Bowles,Caesars Superdome,70038,2:59,dome,sportturf,,QB,Spencer Rattler,RattSp00,RB,Alvin Kamara,KamaAl00,WR,Devaughn Vele,VeleDe00,WR,Rashid Shaheed,ShahRa00,WR,Chris Olave,OlavCh00,TE,Foster Moreau,MoreFo00,OL,Luke Fortner,FortLu01,OL,Cesar Ruiz,RuizCe00,OL,Trevor Penning,PennTr00,OT,Kelvin Banks,BankKe01,OT,Taliese Fuaga,FuagTa00,DE,Chase Young,YounCh04,DE,Cameron Jordan,JordCa00,DE,Carl Granderson,GranCa01,DT,Davon Godchaux,GodcDa00,DT,Nathan Shepherd,ShepNa00,DT,Bryan Bresee,BresBr00,LB,Demario Davis,DaviDe00,CB,Kool-Aid McKinstry,McKiKo00,CB,Alontae Taylor,TaylAl01,S,Justin Reid,ReidJu00,S,Jonas Sanker,SankJo00,QB,Baker Mayfield,MayfBa00,RB,Rachaad White,WhitRa01,WR,Tez Johnson,JohnTe03,WR,Emeka Egbuka,EgbuEm01,TE,Cade Otton,OttoCa00,TE,Payne Durham,DurhPa00,OT,Charlie Heck,HeckCh00,T,Tristan Wirfs,WirfTr00,G,Dan Feeney,FeenDa00,G,Ben Bredeson,BredBe00,C,Graham Barton,BartGr00,DL,Logan Hall,HallLo00,DL,Elijah Roberts,RobeEl01,NT,Vita Vea,VeaxVi00,OLB,YaYa Diaby,DiabYa00,OLB,Anthony Nelson,NelsAn01,LB,SirVocea Dennis,DennSi00,LB,Lavonte David,DaviLa00,CB,Jamel Dean,DeanJa00,CB,Zyon McCollum,McCoZy02,S,Tykee Smith,SmitTy05,S,Antoine Winfield Jr.,WinfAn00,Referee,Ron Torbert,Umpire,Barry Anderson,Down Judge,Frank LeBlanc,Line Judge,Brian Bolinger,Back Judge,Courtney Brown,Side Judge,Keith Washington,Field Judge,Ryan Dickson
202510260nwe,2025-10-26,Sunday,1:00pm,New England Patriots,Cleveland Browns,nwe,cle,32,13,Mike Vrabel,Kevin Stefanski,Gillette Stadium,64628,3:00,outdoors,fieldturf,"53 degrees, relative humidity 52%, wind 7 mph",QB,Drake Maye,MayeDr00,RB,Rhamondre Stevenson,StevRh00,WR,Stefon Diggs,DiggSt00,WR,Mack Hollins,HollMa00,TE,Austin Hooper,HoopAu00,TE,Hunter Henry,HenrHu00,OL,Michael Onwenu,OnweMi00,OT,Will Campbell,CampWi01,OT,Morgan Moses,MoseMo00,C,Garrett Bradbury,BradGa00,C,Jared Wilson,WilsJa02,DL,Khyiris Tonga,TongKh00,DT,Joshua Farmer,FarmJo00,DT,Milton Williams,WillMi08,OLB,Harold Landry,LandHa00,LB,Jack Gibbens,GibbJa00,LB,Christian Elliss,ElliCh00,LB,K'Lavon Chaisson,ChaiKL00,LB,Robert Spillane,SpilRo00,CB,Christian Gonzalez,GonzCh00,CB,Carlton Davis,DaviCa02,S,Jaylinn Hawkins,HawkJa00,QB,Dillon Gabriel,GabrDi00,RB,Quinshon Judkins,JudkQu00,WR,Isaiah Bond,BondIs00,WR,Jerry Jeudy,JeudJe00,TE,Harold Fannin,FannHa00,TE,David Njoku,NjokDa00,OT,Cam Robinson,RobiCa00,T,Jack Conklin,ConkJa00,G,Joel Bitonio,BitoJo00,G,Wyatt Teller,TellWy00,C,Ethan Pocic,PociEt00,DE,Alex Wright,WrigAl01,DE,Myles Garrett,GarrMy00,DT,Mason Graham,GrahMa00,DT,Maliek Collins,CollMa00,LB,Carson Schwesinger,SchwCa00,LB,Devin Bush Jr.,BushDe01,LB,Jerome Baker,BakeJe00,CB,Tyson Campbell,CampTy01,CB,Denzel Ward,WardDe02,S,Rayshawn Jenkins,JenkRa00,S,Ronnie Hickman,HickRo00,Referee,Alex Moore,Umpire,Terry Killens,Down Judge,Dana McKenzie,Line Judge,Tom Eaton,Back Judge,Terrence Miles,Side Judge,Anthony Jeffries,Field Judge,Mearl Robinson
202510260phi,2025-10-26,Sunday,1:00pm,Philadelphia Eagles,New York Giants,phi,nyg,38,20,Nick Sirianni,Brian Daboll,Lincoln Financial Field,69879,2:59,outdoors,grass,"60 degrees, relative humidity 41%, wind 4 mph",QB,Jalen Hurts,HurtJa00,RB,Saquon Barkley,BarkSa00,WR,DeVonta Smith,SmitDe07,WR,Jahan Dotson,DotsJa00,TE,Grant Calcaterra,CalcGr00,TE,Dallas Goedert,GoedDa00,OL,Brett Toth,TothBr00,OL,Tyler Steen,SteeTy00,T,Lane Johnson,JohnLa01,T,Jordan Mailata,MailJo00,G,Landon Dickerson,DickLa00,DT,Jordan Davis,DaviJo03,DT,Jalen Carter,CartJa05,DT,Moro Ojomo,OjomMo00,OLB,Jalyx Hunt,HuntJa02,LB,Nakobe Dean,DeanNa00,LB,Jihaad Campbell,CampJi00,LB,Zack Baun,BaunZa00,CB,Quinyon Mitchell,MitcQu00,DB,Cooper DeJean,DeJeCo00,S,Andrew Mukuba,MukuAn00,S,Reed Blankenship,BlanRe00,QB,Jaxson Dart,DartJa00,RB,Cam Skattebo,SkatCa00,WR,Darius Slayton,SlayDa01,WR,Wan'Dale Robinson,RobiWa01,TE,Daniel Bellinger,BellDa00,TE,Theo Johnson,JohnTh00,OL,Jermaine Eluemunor,ElueJe00,T,Andrew Thomas,ThomAn02,OG,Greg Van Roten,VanRGr00,G,Jon Runyan Jr.,RunyJo00,C,John Michael Schmitz,MichJo00,DL,Rakeem Nunez-Roches,NuneRa00,DL,Dexter Lawrence,LawrDe03,DT,Roy Robertson-Harris,RobeRo00,OLB,Brian Burns,BurnBr00,OLB,Kayvon Thibodeaux,ThibKa00,LB,Darius Muasau,MuasDa00,LB,Bobby Okereke,OkerBo00,CB,Cordale Flott,FlotCo00,CB,Deonte Banks,BankDe00,S,Tyler Nubin,NubiTy00,S,Dane Belton,BeltDa00,Referee,Brad Rogers,Umpire,Bryan Neale,Down Judge,Patrick Turner,Line Judge,Kevin Codey,Back Judge,Greg Yette,Side Judge,David Meslow,Field Judge,Joe Blubaugh
202510260pit,2025-10-26,Sunday,8:20pm,Pittsburgh Steelers,Green Bay Packers,pit,gnb,25,35,Mike Tomlin,Matt LaFleur,Acrisure Stadium,67386,3:11,outdoors,grass,"46 degrees, relative humidity 56%, wind 5 mph",QB,Aaron Rodgers,RodgAa00,RB,Jaylen Warren,WarrJa01,WR,D.K. Metcalf,MetcDK00,WR,Roman Wilson,WilsRo02,WR,Calvin Austin III,AustCa00,TE,Pat Freiermuth,FreiPa00,OT,Broderick Jones,JoneBr09,OT,Troy Fautanu,FautTr00,G,Isaac Seumalo,SeumIs00,G,Mason McCormick,McCoMa00,C,Zach Frazier,FrazZa00,DL,Keeanu Benton,BentKe00,DT,Cameron Heyward,HeywCa01,LB,Patrick Queen,QueePa00,LB,Alex Highsmith,HighAl02,LB,T.J. Watt,,LB,Payton Wilson,WilsPa00,CB,Joey Porter Jr.,PortJo02,CB,Jalen Ramsey,RamsJa00,CB,Darius Slay,SlayDa00,S,DeShon Elliott,ElliDe02,S,Chuck Clark,ClarCh00,QB,Jordan Love,LoveJo03,RB,Josh Jacobs,JacoJo01,WR,Romeo Doubs,DoubRo00,WR,Christian Watson,WatsCh00,WR,Matthew Golden,GoldMa02,TE,Tucker Kraft,KrafTu00,OL,Elgton Jenkins,JenkEl00,OL,Zach Tom,TomxZa00,OT,Jordan Morgan,MorgJo03,T,Rasheed Walker,WalkRa00,G,Aaron Banks,BankAa00,DL,Devonte Wyatt,WyatDe00,DL,Colby Wooden,WoodCo01,DL,Micah Parsons,ParsMi00,DL,Rashan Gary,GaryRa00,LB,Quay Walker,WalkQu00,LB,Edgerrin Cooper,CoopEd00,CB,Keisean Nixon,NixoKe00,CB,Carrington Valentine,ValeCa00,S,Xavier McKinney,McKiXa00,S,Evan Williams,WillEv00,S,Javon Bullard,BullJa00,Referee,Shawn Hochuli,Umpire,Larry Smith,Down Judge,Patrick Holt,Line Judge,Tim Podraza,Back Judge,Jimmy Russell,Side Judge,Jim Quirk,Field Judge,Jason Ledet
202510260rav,2025-10-26,Sunday,1:00pm,Baltimore Ravens,Chicago Bears,rav,chi,30,16,John Harbaugh,Ben Johnson,M&amp;T Bank Stadium,70045,3:01,outdoors,grass,"60 degrees, relative humidity 38%, wind 2 mph",QB,Tyler Huntley,HuntTy01,RB,Derrick Henry,HenrDe00,WR,Rashod Bateman,BateRa00,WR,Zay Flowers,FlowZa00,WR,DeAndre Hopkins,HopkDe00,TE,Mark Andrews,AndrMa00,OL,Andrew Vorhees,VorhAn00,T,Ronnie Stanley,StanRo00,T,Roger Rosengarten,RoseRo01,G,Daniel Faalele,FaalDa00,C,Tyler Linderbaum,LindTy00,DL,Brent Urban,UrbaBr00,DL,Travis Jones,JoneTr00,DT,John Jenkins,JenkJo00,OLB,Kyle Van Noy,VanNKy00,LB,Roquan Smith,SmitRo07,LB,Teddye Buchanan,BuchTe00,CB,Marlon Humphrey,HumpMa00,CB,Nate Wiggins,WiggNa00,S,Kyle Hamilton,HamiKy00,S,Malaki Starks,StarMa00,S,Alohi Gilman,GilmAl00,QB,Caleb Williams,WillCa03,RB,D'Andre Swift,SwifDA00,WR,Luther Burden,BurdLu00,WR,Rome Odunze,OdunRo00,WR,D.J. Moore,,TE,Colston Loveland,LoveCo00,OL,Darnell Wright,WrigDa00,OL,Drew Dalman,DalmDr00,OL,Jonah Jackson,JackJo03,G,Theo Benedet,BeneTh00,G,Joe Thuney,ThunJo00,DL,Andrew Billings,BillAn00,DL,Montez Sweat,SweaMo00,DL,Dayo Odeyingbo,OdeyDa00,DL,Gervon Dexter,DextGe00,LB,T.J. Edwards,EdwaTJ02,LB,Tremaine Edmunds,EdmuTr01,CB,Nick McCloud,McClNi00,CB,Jaylon Jones,JoneJa12,CB,Nahshon Wright,WrigNa00,DB,Kevin Byard,ByarKe01,DB,Jaquan Brisker,BrisJa01,Referee,Shawn Smith,Umpire,Tra Blake,Down Judge,Jay Bilbo,Line Judge,Jeff Seeman,Back Judge,Dino Paganelli,Side Judge,Boris Cheek,Field Judge,Dyrol Prioleau
202510270kan,2025-10-27,Monday,8:15pm,Kansas City Chiefs,Washington Commanders,kan,was,28,7,Andy Reid,Dan Quinn,GEHA Field at Arrowhead Stadium,73569,2:50,outdoors,grass,"54 degrees, relative humidity 94%, wind 8 mph",QB,Patrick Mahomes,MahoPa00,RB,Isiah Pacheco,PachIs00,WR,Xavier Worthy,WortXa00,WR,Rashee Rice,RiceRa01,TE,Noah Gray,GrayNo00,TE,Travis Kelce,KelcTr00,OL,Mike Caliendo,CaliMi00,OL,Jaylon Moore,MoorJa04,T,Jawaan Taylor,TaylJa02,T,Kingsley Suamataia,SuamKi00,C,Creed Humphrey,HumpCr00,DE,Michael Danna,DannMi00,DE,George Karlaftis III,KarlGe00,DT,Derrick Nnadi,NnadDe00,DT,Chris Jones,JoneCh09,LB,Leo Chenal,ChenLe00,LB,Drue Tranquill,TranDr00,LB,Nick Bolton,BoltNi00,CB,Trent McDuffie,McDuTr00,CB,Jaylen Watson,WatsJa02,DB,Chamarri Conner,ConnCh01,S,Bryan Cook,CookBr02,QB,Marcus Mariota,MariMa01,RB,Jacory Croskey-Merritt,CrosJa00,WR,Deebo Samuel,SamuDe00,WR,Terry McLaurin,McLaTe00,TE,John Bates,BateJo00,TE,Zach Ertz,ErtzZa00,OL,Samuel Cosmi,CosmSa00,OT,Josh Conerly,ConeJo00,T,Laremy Tunsil,TunsLa00,G,Chris Paul,PaulCh00,C,Tyler Biadasz,BiadTy00,DE,Jacob Martin,MartJa02,DT,Eddie Goldman,GoldEd00,DT,Javon Kinlaw,KinlJa00,DT,Daron Payne,PaynDa00,MLB,Bobby Wagner,WagnBo00,LB,Jordan Magee,MageJo00,LB,Frankie Luvu,LuvuFr00,CB,Marshon Lattimore,LattMa01,CB,Trey Amos,AmosTr00,S,Tyler Owens,OwenTy00,S,Quan Martin,MartJa04,Referee,Brad Allen,Umpire,Marcus Woods,Down Judge,Sarah Thomas,Line Judge,Walter Flowers,Back Judge,Tyree Walton,Side Judge,Chad Hill,Field Judge,Rick Patterson
202510300mia,2025-10-30,Thursday,8:15pm,Miami Dolphins,Baltimore Ravens,mia,rav,6,28,Mike McDaniel,John Harbaugh,Hard Rock Stadium,66132,2:54,outdoors,grass,"73 degrees, relative humidity 57%, wind 5 mph",QB,Tua Tagovailoa,TagoTu00,RB,De'Von Achane,AchaDe00,RB,Ollie Gordon,GordOl00,WR,Tahj Washington,WashTa00,WR,Jaylen Waddle,WaddJa00,OL,Larry Borom,BoroLa00,OL,Jonah Savaiinaea,SavaJo00,OL,Daniel Brunskill,BrunDa00,OL,Aaron Brewer,BrewAa01,OT,Patrick Paul,PaulPa01,G,Cole Strange,StraCo01,DT,Benito Jones,JoneBe03,DT,Jordan Phillips,PhilJo02,DT,Zach Sieler,SielZa00,LB,Tyrel Dodson,DodsTy01,LB,Jaelan Phillips,PhilJa02,LB,Bradley Chubb,ChubBr00,LB,Jordyn Brooks,BrooJo01,CB,Rasul Douglas,DougRa00,CB,Jack Jones,JoneJa10,S,Minkah Fitzpatrick,FitzMi00,S,Ifeatu Melifonwu,MeliIf00,QB,Lamar Jackson,JackLa00,RB,Derrick Henry,HenrDe00,FB,Patrick Ricard,RicaPa00,WR,Rashod Bateman,BateRa00,WR,Zay Flowers,FlowZa00,TE,Charlie Kolar,KolaCh00,OL,Andrew Vorhees,VorhAn00,T,Roger Rosengarten,RoseRo01,T,Ronnie Stanley,StanRo00,G,Daniel Faalele,FaalDa00,C,Tyler Linderbaum,LindTy00,DL,Brent Urban,UrbaBr00,DL,Travis Jones,JoneTr00,DT,John Jenkins,JenkJo00,OLB,Kyle Van Noy,VanNKy00,LB,Teddye Buchanan,BuchTe00,LB,Roquan Smith,SmitRo07,CB,Marlon Humphrey,HumpMa00,CB,Nate Wiggins,WiggNa00,S,Malaki Starks,StarMa00,S,Kyle Hamilton,HamiKy00,S,Alohi Gilman,GilmAl00,Referee,Scott Novak,Umpire,Mike Morton,Down Judge,Brian Sakowski,Line Judge,Mark Stewart,Back Judge,Tony Josselyn,Side Judge,Don Willard,Field Judge,Terry Brown
202511020buf,2025-11-02,Sunday,4:25pm,Buffalo Bills,Kansas City Chiefs,buf,kan,28,21,Sean McDermott,Andy Reid,Highmark Stadium,71024,3:00,outdoors,a_turf,"54 degrees, relative humidity 55%, wind 6 mph",QB,Josh Allen,AlleJo02,RB,James Cook,CookJa01,WR,Tyrell Shavers,ShavTy00,WR,Khalil Shakir,ShakKh00,WR,Keon Coleman,ColeKe02,TE,Dawson Knox,KnoxDa00,T,Spencer Brown,BrowSp00,T,Dion Dawkins,DawkDi00,G,David Edwards,EdwaDa01,G,Connor McGovern,McGoCo01,G,O'Cyrus Torrence,TorrOC00,DE,Joey Bosa,BosaJo00,DE,Gregory Rousseau,RousGr00,DT,Deone Walker,WalkDe04,DT,Jordan Phillips,PhilJo01,LB,Matt Milano,MilaMa00,LB,Terrel Bernard,BernTe00,CB,Tre'Davious White,WhitTr01,CB,Christian Benford,BenfCh00,DB,Cameron Lewis,LewiCa00,S,Jordan Poyer,PoyeJo00,S,Cole Bishop,BishCo00,QB,Patrick Mahomes,MahoPa00,RB,Kareem Hunt,HuntKa00,WR,Xavier Worthy,WortXa00,WR,Rashee Rice,RiceRa01,TE,Travis Kelce,KelcTr00,TE,Noah Gray,GrayNo00,OL,Jaylon Moore,MoorJa04,T,Kingsley Suamataia,SuamKi00,T,Jawaan Taylor,TaylJa02,G,Trey Smith,SmitTr05,C,Creed Humphrey,HumpCr00,DL,Jerry Tillery,TillJe00,DE,George Karlaftis III,KarlGe00,DE,Michael Danna,DannMi00,DT,Chris Jones,JoneCh09,LB,Nick Bolton,BoltNi00,LB,Drue Tranquill,TranDr00,CB,Trent McDuffie,McDuTr00,CB,Jaylen Watson,WatsJa02,DB,Nohl Williams,WillNo01,DB,Chamarri Conner,ConnCh01,S,Bryan Cook,CookBr02,Referee,Carl Cheffers,Umpire,Derek Anderson,Down Judge,Daniel Gallagher,Line Judge,Quentin Givens,Back Judge,Martin Hankins,Side Judge,Eugene Hall,Field Judge,Nathan Jones
202511020cin,2025-11-02,Sunday,1:00pm,Cincinnati Bengals,Chicago Bears,cin,chi,42,47,Zac Taylor,Ben Johnson,Paycor Stadium,66264,3:35,outdoors,fieldturf,"50 degrees, relative humidity 74%, wind 6 mph",QB,Joe Flacco,FlacJo00,RB,Chase Brown,BrowCh10,WR,Tee Higgins,HiggTe00,WR,Ja'Marr Chase,ChasJa00,TE,Noah Fant,FantNo00,TE,Drew Sample,SampDr00,OT,Orlando Brown Jr.,BrowOr00,OT,Amarius Mims,MimsAm00,OG,Dylan Fairchild,FairDy00,G,Jalen Rivers,RiveJa00,C,Ted Karras,KarrTe00,DE,Shemar Stewart,StewSh00,DE,Myles Murphy,MurpMy00,DT,B.J. Hill,,DT,Tedarrell Slaton,SlatTe00,LB,Barrett Carter,CartBa00,LB,Oren Burks,BurkOr00,LB,Demetrius Knight,KnigDe00,CB,DJ Turner,TurnDJ01,CB,Daxton Hill,HillDa04,S,Geno Stone,StonGe00,S,Jordan Battle,BattJo00,QB,Caleb Williams,WillCa03,RB,Kyle Monangai,MonaKy00,WR,Rome Odunze,OdunRo00,WR,D.J. Moore,,TE,Cole Kmet,KmetCo00,TE,Colston Loveland,LoveCo00,OL,Darnell Wright,WrigDa00,OL,Drew Dalman,DalmDr00,OL,Jonah Jackson,JackJo03,G,Theo Benedet,BeneTh00,G,Joe Thuney,ThunJo00,DL,Andrew Billings,BillAn00,DL,Montez Sweat,SweaMo00,DL,Dayo Odeyingbo,OdeyDa00,DL,Gervon Dexter,DextGe00,LB,T.J. Edwards,EdwaTJ02,LB,Noah Sewell,SeweNo00,LB,Tremaine Edmunds,EdmuTr01,CB,Nahshon Wright,WrigNa00,DB,Tyrique Stevenson,StevTy01,DB,Kevin Byard,ByarKe01,DB,Jaquan Brisker,BrisJa01,Referee,Clete Blakeman,Umpire,Scott Campbell,Down Judge,Andy Warner,Line Judge,Kent Payne,Back Judge,Jonah Monroe,Side Judge,James Coleman,Field Judge,Karina Tovar
202511020det,2025-11-02,Sunday,1:00pm,Detroit Lions,Minnesota Vikings,det,min,24,27,Dan Campbell,Kevin O'Connell,Ford Field,64642,3:12,dome,fieldturf,,QB,Jared Goff,GoffJa00,RB,Jahmyr Gibbs,GibbJa01,WR,Jameson Williams,WillJa11,WR,Amon-Ra St. Brown,StxxAm00,TE,Brock Wright,WrigBr01,TE,Sam LaPorta,LaPoSa01,OL,Graham Glasgow,GlasGr00,OL,Tate Ratledge,RatlTa00,OL,Christian Mahogany,MahoCh00,T,Penei Sewell,SewePe00,T,Taylor Decker,DeckTa00,DL,D.J. Reader,,DL,Alim McNeill,McNeAl00,DE,Aidan Hutchinson,HutcAi00,DT,Tyler Lacy,LacyTy00,LB,Alex Anzalone,AnzaAl00,LB,Jack Campbell,CampJa04,LB,Derrick Barnes,BarnDe02,CB,Amik Robertson,RobeAm00,CB,Terrion Arnold,ArnoTe00,DB,Brian Branch,BranBr00,S,Thomas Harper,HarpTh00,QB,J.J. McCarthy,McCaJJ00,RB,Aaron Jones,JoneAa00,WR,Jordan Addison,AddiJo00,WR,Justin Jefferson,JeffJu00,TE,Nick Vannett,VannNi00,TE,T.J. Hockenson,HockTJ00,OL,Donovan Jackson,JackDo03,T,Christian Darrisaw,DarrCh00,T,Brian O'Neill,ONeiBr00,G,Blake Brandel,BranBl00,G,Will Fries,FrieWi00,DL,Jonathan Allen,AlleJo01,DL,Jalen Redmond,RedmJa01,DL,Javon Hargrave,HargJa00,OLB,Jonathan Greenard,GreeJo04,OLB,Andrew Van Ginkel,VanGAn00,LB,Blake Cashman,CashBl00,LB,Eric Wilson,WilsEr00,CB,Byron Murphy,MurpBy00,CB,Isaiah Rodgers,RodgIs00,S,Josh Metellus,MeteJo00,S,Harrison Smith,SmitHa00,Referee,Clay Martin,Umpire,Steve Woods,Down Judge,Jerod Phillips,Line Judge,Brian Perry,Back Judge,Greg Wilson,Side Judge,Alonzo Ramsey,Field Judge,Dave Hawkshaw
202511020gnb,2025-11-02,Sunday,1:00pm,Green Bay Packers,Carolina Panthers,gnb,car,13,16,Matt LaFleur,Dave Canales,Lambeau Field,77864,3:00,outdoors,grass,"47 degrees, relative humidity 53%, wind 15 mph",QB,Jordan Love,LoveJo03,RB,Josh Jacobs,JacoJo01,WR,Romeo Doubs,DoubRo00,WR,Christian Watson,WatsCh00,TE,Tucker Kraft,KrafTu00,TE,Luke Musgrave,MusgLu00,OL,Elgton Jenkins,JenkEl00,OL,Zach Tom,TomxZa00,OT,Jordan Morgan,MorgJo03,T,Rasheed Walker,WalkRa00,G,Aaron Banks,BankAa00,DL,Devonte Wyatt,WyatDe00,DL,Colby Wooden,WoodCo01,DL,Micah Parsons,ParsMi00,DL,Rashan Gary,GaryRa00,LB,Quay Walker,WalkQu00,LB,Isaiah McDuffie,McDuIs00,LB,Edgerrin Cooper,CoopEd00,CB,Keisean Nixon,NixoKe00,CB,Carrington Valentine,ValeCa00,S,Xavier McKinney,McKiXa00,S,Evan Williams,WillEv00,QB,Bryce Young,YounBr01,RB,Rico Dowdle,DowdRi01,WR,Jalen Coker,CokeJa01,WR,Tetairoa McMillan,McMiTe00,WR,Xavier Legette,LegeXa00,TE,Tommy Tremble,TremTo00,T,Yosh Nijman,NijmYo01,T,Ikem Ekwonu,EkwoIk00,G,Damien Lewis,LewiDa05,G,Chandler Zavala,ZavaCh00,C,Austin Corbett,CorbAu00,DE,Derrick Brown,BrowDe05,DE,A'Shawn Robinson,RobiAS00,DT,Tershawn Wharton,WharTe00,OLB,D.J. Wonnum,WonnDJ00,LB,Christian Rozeboom,RozeCh00,LB,Trevin Wallace,WallTr00,CB,Michael Jackson,JackMi01,CB,Jaycee Horn,HornJa00,S,Tre'von Moehrig,MoehTr00,S,Lathan Ransom,RansLa00,S,Nick Scott,ScotNi01,Referee,Land Clark,Umpire,Mark Pellis,Down Judge,Tom Stephan,Line Judge,Jeff Hutcheon,Back Judge,Brad Freeman,Side Judge,Dominique Pender,Field Judge,Jabir Walker
202511020htx,2025-11-02,Sunday,1:00pm,Houston Texans,Denver Broncos,htx,den,15,18,DeMeco Ryans,Sean Payton,NRG Stadium,70471,3:22,retractable roof (closed),astroturf,,QB,C.J. Stroud,StroCJ00,RB,British Brooks,BrooBr01,RB,Nick Chubb,ChubNi00,WR,Nico Collins,CollNi00,WR,Xavier Hutchinson,HutcXa00,OT,Aireontae Ersery,ErseAi00,T,Blake Fisher,FishBl00,T,Tytus Howard,HowaTy00,G,Laken Tomlinson,TomlLa01,G,Ed Ingram,IngrEd00,C,Jake Andrews,AndrJa00,DE,Will Anderson,AndeWi01,DE,Danielle Hunter,HuntDa01,DT,Sheldon Rankins,RankSh00,DT,Tim Settle,SettTi00,LB,Azeez Al-Shaair,AlShAz00,LB,Henry To'oTo'o,TooTHe00,CB,Kamari Lassiter,LassKa00,CB,Derek Stingley Jr.,StinDe00,S,Jalen Pitre,PitrJa00,S,M.J. Stewart,,S,Calen Bullock,BullCa00,QB,Bo Nix,NixxBo00,RB,J.K. Dobbins,DobbJK00,WR,Pat Bryant,BryaPa00,WR,Troy Franklin,FranTr00,WR,Courtland Sutton,SuttCo00,TE,Adam Trautman,TrauAd00,OL,Quinn Meinerz,MeinQu02,T,Garett Bolles,BollGa00,T,Alex Palczewski,PalcAl00,T,Mike McGlinchey,McGlMi00,C,Luke Wattenberg,WattLu00,DL,John Franklin-Myers,FranJo02,DL,Zach Allen,AlleZa01,DT,D.J. Jones,,DT,Malcolm Roach,RoacMa01,OLB,Jonathon Cooper,CoopJo02,LB,Alex Singleton,SingAl00,LB,Dre Greenlaw,GreeDr00,CB,Riley Moss,MossRi00,CB,Jahdae Barron,BarrJa01,S,Brandon Jones,JoneBr06,S,Talanoa Hufanga,HufaTa00,Referee,Ron Torbert,Umpire,Barry Anderson,Down Judge,Frank LeBlanc,Line Judge,Brian Bolinger,Back Judge,Courtney Brown,Side Judge,Keith Washington,Field Judge,Ryan Dickson
202511020nwe,2025-11-02,Sunday,1:00pm,New England Patriots,Atlanta Falcons,nwe,atl,24,23,Mike Vrabel,Raheem Morris,Gillette Stadium,64628,2:59,outdoors,fieldturf,"52 degrees, relative humidity 51%, wind 7 mph",QB,Drake Maye,MayeDr00,RB,TreVeyon Henderson,HendTr02,WR,Kayshon Boutte,BoutKa00,WR,Mack Hollins,HollMa00,WR,Stefon Diggs,DiggSt00,TE,Hunter Henry,HenrHu00,OL,Michael Onwenu,OnweMi00,OT,Will Campbell,CampWi01,OT,Morgan Moses,MoseMo00,C,Jared Wilson,WilsJa02,C,Garrett Bradbury,BradGa00,DL,Khyiris Tonga,TongKh00,DT,Milton Williams,WillMi08,DT,Christian Barmore,BarmCh00,OLB,Harold Landry,LandHa00,LB,Jack Gibbens,GibbJa00,LB,Jahlani Tavai,TavaJa00,LB,Robert Spillane,SpilRo00,CB,Christian Gonzalez,GonzCh00,CB,Carlton Davis,DaviCa02,S,Jaylinn Hawkins,HawkJa00,S,Craig Woodson,WoodCr00,QB,Michael Penix,PeniMi00,RB,Bijan Robinson,RobiBi01,WR,David Sills V,SillDa01,WR,Darnell Mooney,MoonDa00,WR,Drake London,LondDr00,TE,Kyle Pitts,PittKy00,OL,Ryan Neuzil,NeuzRy00,OL,Elijah Wilkinson,WilkEl00,OL,Matthew Bergeron,BergMa00,T,Jake Matthews,MattJa00,G,Chris Lindstrom,LindCh00,DL,David Onyemata,OnyeDa00,DE,Leonard Floyd,FloyLe00,DE,Jalon Walker,WalkJa02,DT,Ruke Orhorhoro,OrhoRu00,LB,Kaden Elliss,ElliKa00,LB,JD Bertrand,BertJD00,CB,Mike Hughes,HughMi00,CB,DeAundre Alford,AlfoDe00,CB,AJ Terrell,TerrAJ00,S,Xavier Watts,WattXa00,S,Jessie Bates III,BateJe00,Referee,Brad Allen,Umpire,Marcus Woods,Down Judge,Sarah Thomas,Line Judge,Walter Flowers,Back Judge,Tyree Walton,Side Judge,Chad Hill,Field Judge,Rick Patterson
202511020nyg,2025-11-02,Sunday,1:00pm,New York Giants,San Francisco 49ers,nyg,sfo,24,34,Brian Daboll,Kyle Shanahan,MetLife Stadium,83258,2:53,outdoors,fieldturf,"56 degrees, relative humidity 47%, wind 5 mph",QB,Jaxson Dart,DartJa00,RB,Tyrone Tracy Jr.,TracTy00,WR,Darius Slayton,SlayDa01,WR,Wan'Dale Robinson,RobiWa01,WR,Ray-Ray McCloud,McClRa00,TE,Theo Johnson,JohnTh00,OL,Marcus Mbow,MbowMa00,T,Andrew Thomas,ThomAn02,OG,Greg Van Roten,VanRGr00,G,Jon Runyan Jr.,RunyJo00,C,John Michael Schmitz,MichJo00,DL,Rakeem Nunez-Roches,NuneRa00,DL,Dexter Lawrence,LawrDe03,DT,Roy Robertson-Harris,RobeRo00,OLB,Brian Burns,BurnBr00,OLB,Kayvon Thibodeaux,ThibKa00,LB,Darius Muasau,MuasDa00,LB,Bobby Okereke,OkerBo00,CB,Deonte Banks,BankDe00,CB,Korie Black,BlacKo00,S,Tyler Nubin,NubiTy00,S,Dane Belton,BeltDa00,QB,Mac Jones,JoneMa05,RB,Christian McCaffrey,McCaCh01,FB,Kyle Juszczyk,JuszKy00,WR,Kendrick Bourne,BourKe00,WR,Jauan Jennings,JennJa00,TE,George Kittle,KittGe00,OL,Matt Hennessy,HennMa00,OL,Spencer Burford,BurfSp00,OL,Colton McKivitz,McKiCo00,OL,Dominick Puni,PuniDo00,OT,Trent Williams,WillTr21,DL,Jordan Elliott,ElliJo02,DL,Kalia Davis,DaviKa01,DL,Sam Okuayinonu,OkuaSa00,DL,Mykel Williams,WillMy00,LB,Tatum Bethune,BethTa00,LB,Dee Winters,WintDe00,CB,Renardo Green,GreeRe00,CB,Upton Stout,StouUp00,DB,Deommodore Lenoir,LenoDe00,S,Ji'Ayir Brown,BrowJi01,S,Malik Mustapha,MustMa00,Referee,John Hussey,Umpire,Duane Heydt,Down Judge,Max Causey,Line Judge,Carl Johnson,Back Judge,Matt Edwards,Side Judge,Allen Baynes,Field Judge,Anthony Flemming
202511020oti,2025-11-02,Sunday,1:00pm,Tennessee Titans,Los Angeles Chargers,oti,sdg,20,27,Mike McCoy,Jim Harbaugh,Nissan Stadium,58592,2:49,outdoors,grass,"46 degrees, relative humidity 84%, wind 5 mph",QB,Cam Ward,WardCa00,RB,Tony Pollard,PollTo00,WR,Elic Ayomanor,AyomEl00,WR,Chimere Dike,DikeCh00,WR,Van Jefferson,JeffVa00,TE,Chig Okonkwo,OkonCh00,OL,Peter Skoronski,SkorPe00,OT,Dan Moore,MoorDa05,OT,JC Latham,LathJC00,G,Kevin Zeitler,ZeitKe00,C,Lloyd Cushenberry III,CushLl00,DE,Sebastian Joseph-Day,JoseSe00,NT,T'Vondre Sweat,SweaTV01,OLB,Dre'Mont Jones,JoneDr00,OLB,Jihad Ward,WardJi02,LB,Cedric Gray,GrayCe00,LB,Cody Barton,BartCo00,CB,Darrell Baker,BakeDa02,CB,Jalyn Armour-Davis,ArmoJa00,FS,Quandre Diggs,DiggQu00,S,Amani Hooker,HookAm00,S,Kevin Winston,WinsKe02,QB,Justin Herbert,HerbJu00,RB,Kimani Vidal,VidaKi00,WR,Quentin Johnston,JohnQu02,WR,Ladd McConkey,McCoLa00,WR,Keenan Allen,AlleKe00,TE,Oronde Gadsden II,GadsOr01,T,Joe Alt,AltxJo01,T,Foster Sarell,SareFo00,T,Bobby Hart,HartBo00,G,Zion Johnson,JohnZi00,C,Bradley Bozeman,BozeBr00,DL,Teair Tart,TartTe00,DT,Jamaree Caldwell,CaldJa00,OLB,Khalil Mack,MackKh00,OLB,Tuli Tuipulotu,TuipTu00,LB,Denzel Perryman,PerrDe00,LB,Daiyan Henley,HenlDa00,CB,Donte Jackson,JackDo02,CB,Cam Hart,HartCa00,DB,Elijah Molden,MoldEl00,S,R.J. Mickens,MickRJ00,S,Derwin James,JameDe00,Referee,Alex Kemp,Umpire,Brandon Ellison,Down Judge,Mike Carr,Line Judge,Rusty Baynes,Back Judge,Scott Helverson,Side Judge,Lo van Pham,Field Judge,Sean Petty
202511020pit,2025-11-02,Sunday,1:00pm,Pittsburgh Steelers,Indianapolis Colts,pit,clt,27,20,Mike Tomlin,Shane Steichen,Acrisure Stadium,66677,3:16,outdoors,grass,"56 degrees, relative humidity 66%, wind 2 mph",QB,Aaron Rodgers,RodgAa00,RB,Jaylen Warren,WarrJa01,WR,Calvin Austin III,AustCa00,WR,D.K. Metcalf,MetcDK00,TE,Darnell Washington,WashDa03,TE,Jonnu Smith,SmitJo01,OT,Troy Fautanu,FautTr00,OT,Broderick Jones,JoneBr09,G,Isaac Seumalo,SeumIs00,G,Mason McCormick,McCoMa00,C,Zach Frazier,FrazZa00,DL,Keeanu Benton,BentKe00,DT,Cameron Heyward,HeywCa01,DT,Derrick Harmon,HarmDe01,OLB,Malik Harrison,HarrMa06,LB,Patrick Queen,QueePa00,LB,Alex Highsmith,HighAl02,LB,T.J. Watt,,CB,Joey Porter Jr.,PortJo02,CB,Jalen Ramsey,RamsJa00,CB,Darius Slay,SlayDa00,S,Kyle Dugger,DuggKy00,QB,Daniel Jones,JoneDa05,RB,Jonathan Taylor,TaylJo02,WR,Michael Pittman Jr.,PittMi01,WR,Alec Pierce,PierAl00,TE,Andrew Ogletree,OgleAn00,TE,Mo Alie-Cox,AlieMo00,T,Braden Smith,SmitBr06,T,Bernhard Raimann,RaimBe00,G,Matt Goncalves,GoncMa00,G,Quenton Nelson,NelsQu00,C,Tanor Bortolini,BortTa00,DE,Laiatu Latu,LatuLa00,DE,Kwity Paye,PayeKw00,DT,Neville Gallimore,GallNe00,DT,DeForest Buckner,BuckDe00,DT,Grover Stewart,StewGr00,LB,Zaire Franklin,FranZa00,LB,Germaine Pratt,PratGe00,CB,Jaylon Jones,JoneJa13,CB,Mekhi Blackmon,BlacMe00,S,Nick Cross,CrosNi00,S,Camryn Bynum,BynuCa00,Referee,Craig Wrolstad,Umpire,Brandon Cruse,Down Judge,Danny Short,Line Judge,Brett Bergman,Back Judge,Rich Martinez,Side Judge,Frank Steratore,Field Judge,Jeff Shears
202511020rai,2025-11-02,Sunday,4:05pm,Las Vegas Raiders,Jacksonville Jaguars,rai,jax,29,30,Pete Carroll,Liam Coen,Allegiant Stadium,62080,3:22,dome,grass,,QB,Geno Smith,SmitGe00,RB,Ashton Jeanty,JeanAs00,WR,Tre Tucker,TuckTr00,TE,Brock Bowers,BoweBr01,TE,Ian Thomas,ThomIa00,TE,Michael Mayer,MayeMi00,OL,Stone Forsythe,ForsSt00,OT,Delmar Glaze,GlazDe00,G,Jordan Meredith,MereJo00,G,Dylan Parham,ParhDy00,C,Jackson Powers-Johnson,PoweJa00,DE,Maxx Crosby,CrosMa00,DE,Charles Snowden,SnowCh00,DT,Adam Butler,ButlAd00,DT,Jonah Laulu,LaulJo00,DT,Leki Fotu,FotuLe00,LB,Elandon Roberts,RobeEl00,LB,Devin White,WhitDe02,CB,Darien Porter,PortDa00,CB,Eric Stokes,StokEr00,S,Isaiah Pola-Mao,PolaIs00,S,Jeremy Chinn,ChinJe00,QB,Trevor Lawrence,LawrTr00,RB,Travis Etienne,EtieTr00,WR,Dyami Brown,BrowDy00,WR,Brian Thomas,ThomBr06,TE,Hunter Long,LongHu00,OL,Ezra Cleveland,ClevEz00,OL,Cole Van Lanen,VanxCo00,OL,Anton Harrison,HarrAn00,OL,Patrick Mekari,MekaPa00,OL,Walker Little,LittWa00,C,Robert Hainsey,HainRo00,DE,Josh Hines-Allen,AlleJo03,DE,Travon Walker,WalkTr03,DT,Arik Armstead,ArmsAr01,DT,DaVon Hamilton,HamiDa02,OLB,Dennis Gardeck,GardDe01,LB,Ventrell Miller,MillVe00,LB,Foyesade Oluokun,OluoFo00,CB,Greg Newsome II,NewsGr00,CB,Montaric Brown,BrowMo00,S,Antonio Johnson,JohnAn07,S,Andrew Wingard,WingAn01,Referee,Alan Eck,Umpire,Tab Slaughter,Down Judge,David Oliver,Line Judge,Greg Bradley,Back Judge,Grantis Bell,Side Judge,Dale Shaw,Field Judge,John Jenkins
202511020ram,2025-11-02,Sunday,4:05pm,Los Angeles Rams,New Orleans Saints,ram,nor,34,10,Sean McVay,Kellen Moore,SoFi Stadium,72055,2:47,dome,matrixturf,,QB,Matthew Stafford,StafMa00,RB,Kyren Williams,WillKy02,WR,Davante Adams,AdamDa01,WR,Jordan Whittington,WhitJo04,WR,Puka Nacua,NacuPu00,TE,Tyler Higbee,HigbTy00,OL,Steve Avila,AvilSt00,OL,Kevin Dotson,DotsKe00,OL,Rob Havenstein,HaveRo00,OL,Alaric Jackson,JackAl01,C,Coleman Shelton,ShelCo00,DE,Braden Fiske,FiskBr00,DE,Kobie Turner,TurnKo00,NT,Poona Ford,FordPo00,OLB,Byron Young,YounBy01,OLB,Jared Verse,VersJa00,LB,Omar Speights,SpeiOm00,LB,Nathan Landman,LandNa01,CB,Emmanuel Forbes,ForbEm00,CB,Cobie Durant,DuraDe01,S,Quentin Lake,LakeQu00,S,Kamren Curl,CurlKa00,QB,Tyler Shough,ShouTy00,RB,Alvin Kamara,KamaAl00,WR,Rashid Shaheed,ShahRa00,WR,Chris Olave,OlavCh00,TE,Taysom Hill,HillTa00,TE,Foster Moreau,MoreFo00,OL,Luke Fortner,FortLu01,OL,Cesar Ruiz,RuizCe00,OL,Trevor Penning,PennTr00,OT,Kelvin Banks,BankKe01,OT,Taliese Fuaga,FuagTa00,DE,Chase Young,YounCh04,DE,Cameron Jordan,JordCa00,DE,Jonathan Bullard,BullJo00,DT,Davon Godchaux,GodcDa00,DT,Bryan Bresee,BresBr00,LB,Demario Davis,DaviDe00,LB,Pete Werner,WernPe00,CB,Kool-Aid McKinstry,McKiKo00,CB,Alontae Taylor,TaylAl01,S,Justin Reid,ReidJu00,S,Jonas Sanker,SankJo00,Referee,Shawn Smith,Umpire,Tra Blake,Down Judge,Jay Bilbo,Line Judge,Jeff Seeman,Back Judge,Dino Paganelli,Side Judge,Boris Cheek,Field Judge,Dyrol Prioleau
202511020was,2025-11-02,Sunday,8:20pm,Washington Commanders,Seattle Seahawks,was,sea,14,38,Dan Quinn,Mike Macdonald,Northwest Stadium,64197,2:57,outdoors,grass,"53 degrees, relative humidity 70%, wind 3 mph",QB,Jayden Daniels,DaniJa02,RB,Jacory Croskey-Merritt,CrosJa00,WR,Jaylin Lane,LaneJa00,WR,Deebo Samuel,SamuDe00,WR,Chris Moore,MoorCh00,TE,Zach Ertz,ErtzZa00,OL,Samuel Cosmi,CosmSa00,OT,Josh Conerly,ConeJo00,T,Laremy Tunsil,TunsLa00,G,Chris Paul,PaulCh00,C,Tyler Biadasz,BiadTy00,DE,Jalyn Holmes,HolmJa01,DT,Eddie Goldman,GoldEd00,DT,Javon Kinlaw,KinlJa00,DT,Daron Payne,PaynDa00,MLB,Bobby Wagner,WagnBo00,LB,Jordan Magee,MageJo00,LB,Frankie Luvu,LuvuFr00,CB,Marshon Lattimore,LattMa01,CB,Trey Amos,AmosTr00,S,Quan Martin,MartJa04,S,Jeremy Reaves,ReavJe00,QB,Sam Darnold,DarnSa00,RB,Kenneth Walker III,WalkKe00,WR,Jaxon Smith-Njigba,SmitJa06,WR,Tory Horton,HortTo00,TE,AJ Barner,BarnAJ00,TE,Elijah Arroyo,ArroEl00,T,Abraham Lucas,LucaAb00,T,Charles Cross,CrosCh00,OG,Grey Zabel,ZabeGr00,G,Anthony Bradford,BradAn00,C,Jalen Sundell,SundJa00,DE,Leonard Williams,WillLe02,DT,Byron Murphy,MurpBy01,LB,Ernest Jones,JoneEr01,LB,DeMarcus Lawrence,LawrDe00,LB,Uchenna Nwosu,NwosUc00,LB,Drake Thomas,ThomDr00,CB,Josh Jobe,JobeJo00,CB,Devon Witherspoon,WithDe00,FS,Ty Okada,OkadTy00,FS,Coby Bryant,BryaCo01,S,Nick Emmanwori,EmmaNi00,Referee,Bill Vinovich,Umpire,Scott Walker,Down Judge,Dale Keller,Line Judge,Tripp Sutter,Back Judge,Todd Prukop,Side Judge,Jimmy Buchanan,Field Judge,Aaron Santi
202511030dal,2025-11-03,Monday,8:15pm,Dallas Cowboys,Arizona Cardinals,dal,crd,17,27,Brian Schottenheimer,Jonathan Gannon,AT&amp;T Stadium,92211,2:58,retractable roof (closed),matrixturf,,QB,Dak Prescott,PresDa01,RB,Javonte Williams,WillJa10,WR,CeeDee Lamb,LambCe00,WR,George Pickens,PickGe00,TE,Jake Ferguson,FergJa00,TE,Brevyn Spann-Ford,SpanBr00,OL,Tyler Smith,SmitTy02,OT,Tyler Guyton,GuytTy00,T,Terence Steele,SteeTe01,OG,Tyler Booker,BookTy00,C,Cooper Beebe,BeebCo00,DE,Jadeveon Clowney,ClowJa00,DE,Donovan Ezeiruaku,EzeiDo00,DT,Osa Odighizuwa,OdigOs00,DT,Solomon Thomas,ThomSo00,DT,Kenny Clark,ClarKe01,MLB,Kenneth Murray,MurrKe00,LB,Shemar James,JameSh00,CB,DaRon Bland,BlanDa00,CB,Kaiir Elam,ElamKa00,S,Juanyeh Thomas,ThomJu03,S,Markquese Bell,BellMa01,QB,Jacoby Brissett,BrisJa00,RB,Zonovan Knight,KnigZo00,WR,Marvin Harrison Jr.,HarrMa09,TE,Trey McBride,McBrTr01,TE,Elijah Higgins,HiggEl00,OL,Kelvin Beachum,BeacKe00,OL,Jonah Williams,WillJo10,OL,Paris Johnson,JohnPa03,OL,Will Hernandez,HernWi00,OL,Hjalte Froholdt,FrohHj00,OL,Evan Brown,BrowEv00,DL,Calais Campbell,CampCa99,DL,Darius Robinson,RobiDa01,DT,Dalvin Tomlinson,TomlDa00,OLB,Zaven Collins,CollZa00,OLB,Josh Sweat,SweaJo00,LB,Mack Wilson,WilsMa03,CB,Max Melton,MeltMa00,CB,Garrett Williams,WillGa00,CB,Will Johnson,JohnWi02,S,Jalen Thompson,ThomJa04,S,Budda Baker,BakeBu00,Referee,Adrian Hill,Umpire,Roy Ellison,Down Judge,Derick Bowers,Line Judge,Julian Mapp,Back Judge,Greg Steed,Side Judge,Clay Reynard,Field Judge,Tra Boger
202511060den,2025-11-06,Thursday,8:15pm,Denver Broncos,Las Vegas Raiders,den,rai,10,7,Sean Payton,Pete Carroll,Empower Field at Mile High,74692,3:02,outdoors,grass,"60 degrees, relative humidity 26%, wind 10 mph",QB,Bo Nix,NixxBo00,RB,J.K. Dobbins,DobbJK00,WR,Courtland Sutton,SuttCo00,WR,Trent Sherfield,SherTr00,TE,Adam Trautman,TrauAd00,TE,Marcedes Lewis,LewiMa00,OL,Quinn Meinerz,MeinQu02,T,Garett Bolles,BollGa00,T,Alex Palczewski,PalcAl00,T,Mike McGlinchey,McGlMi00,C,Luke Wattenberg,WattLu00,DL,John Franklin-Myers,FranJo02,DL,Zach Allen,AlleZa01,OLB,Jonathon Cooper,CoopJo02,OLB,Nik Bonitto,BoniNi00,LB,Dre Greenlaw,GreeDr00,LB,Alex Singleton,SingAl00,CB,Ja'Quan McMillian,McMiJa00,CB,Riley Moss,MossRi00,CB,Kris Abrams-Draine,AbraKr00,S,Brandon Jones,JoneBr06,S,Talanoa Hufanga,HufaTa00,QB,Geno Smith,SmitGe00,RB,Ashton Jeanty,JeanAs00,WR,Jack Bech,BechJa00,WR,Tre Tucker,TuckTr00,WR,Dont'e Thornton,ThorDo00,TE,Michael Mayer,MayeMi00,OL,Stone Forsythe,ForsSt00,OT,Delmar Glaze,GlazDe00,G,Jordan Meredith,MereJo00,G,Dylan Parham,ParhDy00,C,Jackson Powers-Johnson,PoweJa00,DE,Maxx Crosby,CrosMa00,DE,Charles Snowden,SnowCh00,DT,Thomas Booker,BookTh00,DT,Jonah Laulu,LaulJo00,DT,Adam Butler,ButlAd00,LB,Elandon Roberts,RobeEl00,LB,Devin White,WhitDe02,CB,Darien Porter,PortDa00,CB,Eric Stokes,StokEr00,S,Isaiah Pola-Mao,PolaIs00,S,Jeremy Chinn,ChinJe00,Referee,Bill Vinovich,Umpire,Scott Walker,Down Judge,Dale Keller,Line Judge,Tripp Sutter,Back Judge,Todd Prukop,Side Judge,Jimmy Buchanan,Field Judge,Aaron Santi
202511090car,2025-11-09,Sunday,1:00pm,Carolina Panthers,New Orleans Saints,car,nor,7,17,Dave Canales,Kellen Moore,Bank of America Stadium,72804,2:46,outdoors,grass,"73 degrees, relative humidity 52%, wind 15 mph",QB,Bryce Young,YounBr01,RB,Rico Dowdle,DowdRi01,WR,Xavier Legette,LegeXa00,WR,Tetairoa McMillan,McMiTe00,TE,Mitchell Evans,EvanMi01,TE,Tommy Tremble,TremTo00,T,Ikem Ekwonu,EkwoIk00,T,Taylor Moton,MotoTa00,G,Damien Lewis,LewiDa05,C,Austin Corbett,CorbAu00,C,Cade Mays,MaysCa00,DE,Derrick Brown,BrowDe05,DT,Tershawn Wharton,WharTe00,OLB,Nic Scourton,ScouNi00,OLB,D.J. Wonnum,WonnDJ00,LB,Christian Rozeboom,RozeCh00,LB,Trevin Wallace,WallTr00,CB,Michael Jackson,JackMi01,CB,Chau Smith-Wade,SmitCh05,CB,Jaycee Horn,HornJa00,S,Tre'von Moehrig,MoehTr00,S,Nick Scott,ScotNi01,QB,Tyler Shough,ShouTy00,RB,Alvin Kamara,KamaAl00,WR,Devaughn Vele,VeleDe00,WR,Brandin Cooks,CookBr00,WR,Chris Olave,OlavCh00,TE,Foster Moreau,MoreFo00,OL,Luke Fortner,FortLu01,OL,Cesar Ruiz,RuizCe00,OL,Asim Richards,RichAs00,OL,Dillon Radunz,RaduDi00,OT,Kelvin Banks,BankKe01,DE,Chase Young,YounCh04,DE,Cameron Jordan,JordCa00,DE,Jonathan Bullard,BullJo00,DT,Davon Godchaux,GodcDa00,DT,Bryan Bresee,BresBr00,LB,Demario Davis,DaviDe00,LB,Pete Werner,WernPe00,CB,Kool-Aid McKinstry,McKiKo00,CB,Alontae Taylor,TaylAl01,S,Justin Reid,ReidJu00,S,Jonas Sanker,SankJo00,Referee,Brad Allen,Umpire,Marcus Woods,Down Judge,Sarah Thomas,Line Judge,Walter Flowers,Back Judge,Tyree Walton,Side Judge,Chad Hill,Field Judge,Rick Patterson
202511090chi,2025-11-09,Sunday,1:00pm,Chicago Bears,New York Giants,chi,nyg,24,20,Ben Johnson,Brian Daboll,Soldier Field,58884,3:07,outdoors,grass,"33 degrees, relative humidity 68%, wind 10 mph",QB,Caleb Williams,WillCa03,RB,D'Andre Swift,SwifDA00,WR,D.J. Moore,,WR,Olamide Zaccheaus,ZaccOl01,WR,Rome Odunze,OdunRo00,TE,Colston Loveland,LoveCo00,OL,Drew Dalman,DalmDr00,OL,Darnell Wright,WrigDa00,OL,Jonah Jackson,JackJo03,G,Theo Benedet,BeneTh00,G,Joe Thuney,ThunJo00,DL,Gervon Dexter,DextGe00,DL,Andrew Billings,BillAn00,DL,Austin Booker,BookAu00,DL,Montez Sweat,SweaMo00,LB,Noah Sewell,SeweNo00,LB,Tremaine Edmunds,EdmuTr01,CB,Nahshon Wright,WrigNa00,DB,Tyrique Stevenson,StevTy01,DB,Jaquan Brisker,BrisJa01,DB,Kevin Byard,ByarKe01,S,C.J. Gardner-Johnson,GardCh00,QB,Jaxson Dart,DartJa00,RB,Tyrone Tracy Jr.,TracTy00,WR,Darius Slayton,SlayDa01,WR,Wan'Dale Robinson,RobiWa01,TE,Daniel Bellinger,BellDa00,TE,Theo Johnson,JohnTh00,OL,Jermaine Eluemunor,ElueJe00,OL,Austin Schlottmann,SchlAu00,T,Andrew Thomas,ThomAn02,OG,Greg Van Roten,VanRGr00,G,Jon Runyan Jr.,RunyJo00,DL,Rakeem Nunez-Roches,NuneRa00,DL,Dexter Lawrence,LawrDe03,DT,Roy Robertson-Harris,RobeRo00,OLB,Kayvon Thibodeaux,ThibKa00,OLB,Brian Burns,BurnBr00,LB,Bobby Okereke,OkerBo00,LB,Demetrius Flannigan-Fowles,FlanDe00,CB,Cordale Flott,FlotCo00,CB,Deonte Banks,BankDe00,S,Tyler Nubin,NubiTy00,S,Jevon Holland,HollJe02,Referee,Adrian Hill,Umpire,Roy Ellison,Down Judge,Derick Bowers,Line Judge,Julian Mapp,Back Judge,Greg Steed,Side Judge,Clay Reynard,Field Judge,Tra Boger
202511090clt,2025-11-09,Sunday,9:30am,Indianapolis Colts,Atlanta Falcons,clt,atl,31,25,Shane Steichen,Raheem Morris,Olympiastadion,72203,3:14,outdoors,grass,"46 degrees, relative humidity 80%, wind 2 mph",QB,Daniel Jones,JoneDa05,RB,Jonathan Taylor,TaylJo02,WR,Alec Pierce,PierAl00,TE,Mo Alie-Cox,AlieMo00,TE,Tyler Warren,WarrTy00,TE,Andrew Ogletree,OgleAn00,T,Bernhard Raimann,RaimBe00,T,Braden Smith,SmitBr06,G,Matt Goncalves,GoncMa00,G,Quenton Nelson,NelsQu00,C,Tanor Bortolini,BortTa00,DE,Laiatu Latu,LatuLa00,DE,Kwity Paye,PayeKw00,DT,Neville Gallimore,GallNe00,DT,Grover Stewart,StewGr00,DT,Adetomiwa Adebawore,AdebAd00,LB,Zaire Franklin,FranZa00,LB,Germaine Pratt,PratGe00,CB,Sauce Gardner,GardSa00,CB,Mekhi Blackmon,BlacMe00,S,Nick Cross,CrosNi00,S,Camryn Bynum,BynuCa00,QB,Michael Penix,PeniMi00,RB,Bijan Robinson,RobiBi01,WR,Drake London,LondDr00,WR,Darnell Mooney,MoonDa00,TE,Charlie Woerner,WoerCh00,TE,Kyle Pitts,PittKy00,OL,Elijah Wilkinson,WilkEl00,OL,Kyle Hinton,HintKy00,OL,Ryan Neuzil,NeuzRy00,T,Jake Matthews,MattJa00,G,Chris Lindstrom,LindCh00,DL,David Onyemata,OnyeDa00,DL,Zach Harrison,HarrZa00,DE,James Pearce,PearJa00,DE,Jalon Walker,WalkJa02,DT,Ruke Orhorhoro,OrhoRu00,LB,Ronnie Harrison,HarrRo02,LB,Kaden Elliss,ElliKa00,CB,DeAundre Alford,AlfoDe00,CB,AJ Terrell,TerrAJ00,S,Xavier Watts,WattXa00,S,Jessie Bates III,BateJe00,Referee,Clete Blakeman,Umpire,Scott Campbell,Down Judge,Andy Warner,Line Judge,Kent Payne,Back Judge,Jonah Monroe,Side Judge,James Coleman,Field Judge,Karina Tovar
202511090htx,2025-11-09,Sunday,1:00pm,Houston Texans,Jacksonville Jaguars,htx,jax,36,29,DeMeco Ryans,Liam Coen,NRG Stadium,70531,3:27,retractable roof (closed),astroturf,,QB,Davis Mills,MillDa02,RB,Woody Marks,MarkWo00,WR,Nico Collins,CollNi00,WR,Jaylin Noel,NoelJa00,TE,Harrison Bryant,BryaHa00,OL,Jarrett Patterson,PattJa03,OT,Trent Brown,BrowTr02,OT,Aireontae Ersery,ErseAi00,T,Blake Fisher,FishBl00,G,Sidy Sow,SowxSi00,C,Jake Andrews,AndrJa00,DE,Will Anderson,AndeWi01,DE,Danielle Hunter,HuntDa01,DT,Sheldon Rankins,RankSh00,DT,Tim Settle,SettTi00,LB,Azeez Al-Shaair,AlShAz00,LB,E.J. Speed,SpeeEJ00,LB,Henry To'oTo'o,TooTHe00,CB,Kamari Lassiter,LassKa00,CB,Derek Stingley Jr.,StinDe00,S,Calen Bullock,BullCa00,S,M.J. Stewart,,QB,Trevor Lawrence,LawrTr00,RB,Travis Etienne,EtieTr00,WR,Parker Washington,WashPa01,WR,Tim Patrick,PatrTi00,TE,Quintin Morris,MorrQu00,OL,Cole Van Lanen,VanxCo00,OL,Anton Harrison,HarrAn00,OL,Walker Little,LittWa00,OL,Patrick Mekari,MekaPa00,G,Chuma Edoga,EdogCh00,C,Robert Hainsey,HainRo00,DE,Josh Hines-Allen,AlleJo03,DE,Travon Walker,WalkTr03,DT,Arik Armstead,ArmsAr01,DT,DaVon Hamilton,HamiDa02,OLB,Dennis Gardeck,GardDe01,LB,Devin Lloyd,LloyDe00,LB,Foyesade Oluokun,OluoFo00,CB,Greg Newsome II,NewsGr00,CB,Montaric Brown,BrowMo00,S,Antonio Johnson,JohnAn07,S,Andrew Wingard,WingAn01,Referee,Alex Moore,Umpire,Terry Killens,Down Judge,Dana McKenzie,Line Judge,Tom Eaton,Back Judge,Terrence Miles,Side Judge,Anthony Jeffries,Field Judge,Mearl Robinson
202511090mia,2025-11-09,Sunday,1:00pm,Miami Dolphins,Buffalo Bills,mia,buf,30,13,Mike McDaniel,Sean McDermott,Hard Rock Stadium,66030,3:01,outdoors,grass,"84 degrees, relative humidity 68%, wind 6 mph",QB,Tua Tagovailoa,TagoTu00,RB,De'Von Achane,AchaDe00,FB,Alec Ingold,IngoAl01,WR,Nick Westbrook-Ikhine,WestNi00,WR,Jaylen Waddle,WaddJa00,OL,Larry Borom,BoroLa00,OL,Jonah Savaiinaea,SavaJo00,OL,Daniel Brunskill,BrunDa00,OL,Aaron Brewer,BrewAa01,OT,Patrick Paul,PaulPa01,G,Cole Strange,StraCo01,DT,Benito Jones,JoneBe03,DT,Jordan Phillips,PhilJo02,DT,Zach Sieler,SielZa00,LB,Tyrel Dodson,DodsTy01,LB,Willie Gay Jr.,GayJWi00,LB,Bradley Chubb,ChubBr00,LB,Jordyn Brooks,BrooJo01,CB,Jack Jones,JoneJa10,CB,Julius Brents,BrenJu00,S,Minkah Fitzpatrick,FitzMi00,S,Dante Trader,TradDa00,QB,Josh Allen,AlleJo02,RB,James Cook,CookJa01,WR,Keon Coleman,ColeKe02,WR,Tyrell Shavers,ShavTy00,WR,Khalil Shakir,ShakKh00,TE,Jackson Hawes,HaweJa00,T,Spencer Brown,BrowSp00,T,Dion Dawkins,DawkDi00,G,David Edwards,EdwaDa01,G,O'Cyrus Torrence,TorrOC00,G,Connor McGovern,McGoCo01,DE,Joey Bosa,BosaJo00,DE,Gregory Rousseau,RousGr00,DT,Deone Walker,WalkDe04,DT,DaQuan Jones,JoneDa04,LB,Terrel Bernard,BernTe00,LB,Matt Milano,MilaMa00,CB,Maxwell Hairston,HairMa00,CB,Tre'Davious White,WhitTr01,DB,Cameron Lewis,LewiCa00,S,Jordan Poyer,PoyeJo00,S,Cole Bishop,BishCo00,Referee,Ron Torbert,Umpire,Barry Anderson,Down Judge,Frank LeBlanc,Line Judge,Brian Bolinger,Back Judge,Courtney Brown,Side Judge,Keith Washington,Field Judge,Ryan Dickson
202511090min,2025-11-09,Sunday,1:00pm,Minnesota Vikings,Baltimore Ravens,min,rav,19,27,Kevin O'Connell,John Harbaugh,U.S. Bank Stadium,66946,3:14,dome,sportturf,,QB,J.J. McCarthy,McCaJJ00,RB,Aaron Jones,JoneAa00,WR,Jordan Addison,AddiJo00,WR,Justin Jefferson,JeffJu00,TE,Ben Sims,SimsBe00,TE,T.J. Hockenson,HockTJ00,OL,Donovan Jackson,JackDo03,T,Christian Darrisaw,DarrCh00,T,Brian O'Neill,ONeiBr00,G,Blake Brandel,BranBl00,G,Will Fries,FrieWi00,DL,Jonathan Allen,AlleJo01,DL,Jalen Redmond,RedmJa01,DL,Javon Hargrave,HargJa00,OLB,Jonathan Greenard,GreeJo04,OLB,Andrew Van Ginkel,VanGAn00,LB,Blake Cashman,CashBl00,LB,Eric Wilson,WilsEr00,CB,Byron Murphy,MurpBy00,CB,Isaiah Rodgers,RodgIs00,S,Josh Metellus,MeteJo00,S,Harrison Smith,SmitHa00,QB,Lamar Jackson,JackLa00,RB,Derrick Henry,HenrDe00,WR,Rashod Bateman,BateRa00,WR,Zay Flowers,FlowZa00,TE,Isaiah Likely,LikeIs00,TE,Mark Andrews,AndrMa00,OL,Andrew Vorhees,VorhAn00,T,Ronnie Stanley,StanRo00,T,Roger Rosengarten,RoseRo01,G,Daniel Faalele,FaalDa00,C,Tyler Linderbaum,LindTy00,DL,Travis Jones,JoneTr00,DE,Dre'Mont Jones,JoneDr00,DT,John Jenkins,JenkJo00,OLB,Kyle Van Noy,VanNKy00,LB,Roquan Smith,SmitRo07,LB,Teddye Buchanan,BuchTe00,CB,Marlon Humphrey,HumpMa00,CB,Nate Wiggins,WiggNa00,S,Kyle Hamilton,HamiKy00,S,Alohi Gilman,GilmAl00,S,Malaki Starks,StarMa00,Referee,Shawn Hochuli,Umpire,Larry Smith,Down Judge,Patrick Holt,Line Judge,Tim Podraza,Back Judge,Jimmy Russell,Side Judge,Jim Quirk,Field Judge,Jason Ledet
202511090nyj,2025-11-09,Sunday,1:00pm,New York Jets,Cleveland Browns,nyj,cle,27,20,Aaron Glenn,Kevin Stefanski,MetLife Stadium,72623,3:00,outdoors,fieldturf,"62 degrees, relative humidity 78%, wind 12 mph",QB,Justin Fields,FielJu00,RB,Breece Hall,HallBr03,WR,Garrett Wilson,WilsGa00,WR,Tyler Johnson,JohnTy00,TE,Mason Taylor,TaylMa02,TE,Jeremy Ruckert,RuckJe00,OL,Olumuyiwa Fashanu,FashOl00,OL,John Simpson,SimpJo00,OT,Armand Membou,MembAr00,C,Joe Tippmann,TippJo00,C,Josh Myers,MyerJo00,DL,Harrison Phillips,PhilHa00,DE,Will McDonald,McDoWi00,DT,Jay Tufele,TufeJa00,LB,Jamien Sherwood,SherJa00,LB,Jermaine Johnson II,JohnJe07,LB,Mykal Walker,WalkMy00,CB,Brandon Stephens,StepBr01,CB,Azareye'h Thomas,ThomAz00,CB,Jarvis Brownlee,BrowJa09,DB,Malachi Moore,MoorMa04,S,Tony Adams,AdamTo03,QB,Dillon Gabriel,GabrDi00,RB,Quinshon Judkins,JudkQu00,WR,Malachi Corley,CorlMa00,WR,Cedric Tillman,TillCe01,WR,Jerry Jeudy,JeudJe00,TE,David Njoku,NjokDa00,OT,Cam Robinson,RobiCa00,T,Jack Conklin,ConkJa00,G,Joel Bitonio,BitoJo00,G,Wyatt Teller,TellWy00,C,Ethan Pocic,PociEt00,DE,Myles Garrett,GarrMy00,DE,Alex Wright,WrigAl01,DT,Mason Graham,GrahMa00,DT,Maliek Collins,CollMa00,LB,Carson Schwesinger,SchwCa00,LB,Devin Bush Jr.,BushDe01,CB,Denzel Ward,WardDe02,CB,Tyson Campbell,CampTy01,S,Rayshawn Jenkins,JenkRa00,S,Ronnie Hickman,HickRo00,S,Grant Delpit,DelpGr00,Referee,Shawn Smith,Umpire,Tra Blake,Down Judge,Jay Bilbo,Line Judge,Jeff Seeman,Back Judge,Dino Paganelli,Side Judge,Boris Cheek,Field Judge,Dyrol Prioleau
202511090sdg,2025-11-09,Sunday,8:20pm,Los Angeles Chargers,Pittsburgh Steelers,sdg,pit,25,10,Jim Harbaugh,Mike Tomlin,SoFi Stadium,72174,3:05,dome,matrixturf,,QB,Justin Herbert,HerbJu00,RB,Kimani Vidal,VidaKi00,WR,Ladd McConkey,McCoLa00,WR,Quentin Johnston,JohnQu02,TE,Tucker Fisk,FiskTu00,TE,Oronde Gadsden II,GadsOr01,OL,Trey Pipkins,PipkTr00,T,Austin Deculus,DecuAu00,G,Mekhi Becton,BectMe00,G,Zion Johnson,JohnZi00,C,Bradley Bozeman,BozeBr00,DL,Da'Shawn Hand,HandDa00,DL,Teair Tart,TartTe00,DT,Jamaree Caldwell,CaldJa00,OLB,Khalil Mack,MackKh00,OLB,Tuli Tuipulotu,TuipTu00,LB,Daiyan Henley,HenlDa00,LB,Denzel Perryman,PerrDe00,CB,Donte Jackson,JackDo02,CB,Cam Hart,HartCa00,DB,Elijah Molden,MoldEl00,S,Derwin James,JameDe00,QB,Aaron Rodgers,RodgAa00,RB,Jaylen Warren,WarrJa01,WR,Ben Skowronek,SkowBe00,WR,D.K. Metcalf,MetcDK00,TE,Darnell Washington,WashDa03,OL,Spencer Anderson,AndeSp00,OT,Troy Fautanu,FautTr00,OT,Broderick Jones,JoneBr09,OG,Andrus Peat,PeatAn00,G,Mason McCormick,McCoMa00,C,Ryan McCollum,McCoRy00,DL,Keeanu Benton,BentKe00,DT,Cameron Heyward,HeywCa01,DT,Derrick Harmon,HarmDe01,OLB,Malik Harrison,HarrMa06,LB,Alex Highsmith,HighAl02,LB,Patrick Queen,QueePa00,LB,T.J. Watt,,CB,Joey Porter Jr.,PortJo02,CB,Jalen Ramsey,RamsJa00,CB,Darius Slay,SlayDa00,S,Kyle Dugger,DuggKy00,Referee,Brad Rogers,Umpire,Bryan Neale,Down Judge,Patrick Turner,Line Judge,Kevin Codey,Back Judge,Greg Yette,Side Judge,David Meslow,Field Judge,Joe Blubaugh
202511090sea,2025-11-09,Sunday,4:05pm,Seattle Seahawks,Arizona Cardinals,sea,crd,44,22,Mike Macdonald,Jonathan Gannon,Lumen Field,68723,3:14,outdoors,fieldturf,"59 degrees, relative humidity 72%, wind 5 mph",QB,Sam Darnold,DarnSa00,RB,Kenneth Walker III,WalkKe00,WR,Cooper Kupp,KuppCo00,WR,Jaxon Smith-Njigba,SmitJa06,WR,Rashid Shaheed,ShahRa00,TE,AJ Barner,BarnAJ00,T,Charles Cross,CrosCh00,T,Abraham Lucas,LucaAb00,OG,Grey Zabel,ZabeGr00,G,Anthony Bradford,BradAn00,C,Jalen Sundell,SundJa00,DE,Leonard Williams,WillLe02,DT,Byron Murphy,MurpBy01,NT,Brandon Pili,PiliBr00,LB,Uchenna Nwosu,NwosUc00,LB,DeMarcus Lawrence,LawrDe00,LB,Drake Thomas,ThomDr00,LB,Tyrice Knight,KnigTy00,CB,Devon Witherspoon,WithDe00,CB,Riq Woolen,WoolTa00,FS,Ty Okada,OkadTy00,FS,Coby Bryant,BryaCo01,QB,Jacoby Brissett,BrisJa00,RB,Zonovan Knight,KnigZo00,WR,Marvin Harrison Jr.,HarrMa09,TE,Trey McBride,McBrTr01,TE,Elijah Higgins,HiggEl00,OL,Paris Johnson,JohnPa03,OL,Jonah Williams,WillJo10,OL,Will Hernandez,HernWi00,OL,Hjalte Froholdt,FrohHj00,OL,Evan Brown,BrowEv00,OL,Kelvin Beachum,BeacKe00,DL,Calais Campbell,CampCa99,DL,Darius Robinson,RobiDa01,DT,Dalvin Tomlinson,TomlDa00,OLB,Josh Sweat,SweaJo00,LB,Akeem Davis-Gaither,DaviAk01,LB,Cody Simon,SimoCo01,CB,Denzel Burke,BurkDe01,CB,Garrett Williams,WillGa00,S,Budda Baker,BakeBu00,S,Dadrion Taylor-Demerson,TaylDa02,S,Jalen Thompson,ThomJa04,Referee,Alan Eck,Umpire,Tab Slaughter,Down Judge,David Oliver,Line Judge,Greg Bradley,Back Judge,Grantis Bell,Side Judge,Dale Shaw,Field Judge,John Jenkins
202511090sfo,2025-11-09,Sunday,4:25pm,San Francisco 49ers,Los Angeles Rams,sfo,ram,26,42,Kyle Shanahan,Sean McVay,Levi's Stadium,71239,2:56,outdoors,grass,"77 degrees, relative humidity 49%, wind 3 mph",QB,Mac Jones,JoneMa05,RB,Christian McCaffrey,McCaCh01,FB,Kyle Juszczyk,JuszKy00,WR,Kendrick Bourne,BourKe00,WR,Jauan Jennings,JennJa00,TE,George Kittle,KittGe00,OL,Dominick Puni,PuniDo00,OL,Colton McKivitz,McKiCo00,OL,Spencer Burford,BurfSp00,OL,Jake Brendel,BrenJa01,OT,Trent Williams,WillTr21,DL,Jordan Elliott,ElliJo02,DL,Sam Okuayinonu,OkuaSa00,DL,Bryce Huff,HuffBr00,DL,Kalia Davis,DaviKa01,LB,Tatum Bethune,BethTa00,LB,Luke Gifford,GiffLu00,LB,Dee Winters,WintDe00,CB,Renardo Green,GreeRe00,DB,Deommodore Lenoir,LenoDe00,S,Ji'Ayir Brown,BrowJi01,S,Malik Mustapha,MustMa00,QB,Matthew Stafford,StafMa00,RB,Kyren Williams,WillKy02,WR,Davante Adams,AdamDa01,TE,Davis Allen,AlleDa02,TE,Colby Parkinson,ParkCo02,TE,Terrance Ferguson,FergTe00,OL,Alaric Jackson,JackAl01,OL,Rob Havenstein,HaveRo00,OL,Kevin Dotson,DotsKe00,OL,Steve Avila,AvilSt00,C,Coleman Shelton,ShelCo00,DE,Braden Fiske,FiskBr00,DE,Kobie Turner,TurnKo00,NT,Poona Ford,FordPo00,OLB,Jared Verse,VersJa00,OLB,Byron Young,YounBy01,LB,Nathan Landman,LandNa01,LB,Omar Speights,SpeiOm00,CB,Emmanuel Forbes,ForbEm00,CB,Cobie Durant,DuraDe01,S,Quentin Lake,LakeQu00,S,Kamren Curl,CurlKa00,Referee,Land Clark,Umpire,Mark Pellis,Down Judge,Tom Stephan,Line Judge,Jeff Hutcheon,Back Judge,Brad Freeman,Side Judge,Dominique Pender,Field Judge,Jabir Walker
202511090tam,2025-11-09,Sunday,1:00pm,Tampa Bay Buccaneers,New England Patriots,tam,nwe,23,28,Todd Bowles,Mike Vrabel,Raymond James Stadium,65492,3:04,outdoors,grass,"82 degrees, relative humidity 74%, wind 11 mph",QB,Baker Mayfield,MayfBa00,RB,Rachaad White,WhitRa01,WR,Tez Johnson,JohnTe03,WR,Emeka Egbuka,EgbuEm01,TE,Cade Otton,OttoCa00,TE,Payne Durham,DurhPa00,T,Tristan Wirfs,WirfTr00,T,Luke Goedeke,GoedLu00,G,Dan Feeney,FeenDa00,G,Ben Bredeson,BredBe00,C,Graham Barton,BartGr00,DL,Logan Hall,HallLo00,DL,Elijah Roberts,RobeEl01,NT,Vita Vea,VeaxVi00,OLB,YaYa Diaby,DiabYa00,OLB,Anthony Nelson,NelsAn01,LB,SirVocea Dennis,DennSi00,LB,Lavonte David,DaviLa00,CB,Jamel Dean,DeanJa00,CB,Zyon McCollum,McCoZy02,S,Tykee Smith,SmitTy05,S,Antoine Winfield Jr.,WinfAn00,QB,Drake Maye,MayeDr00,RB,TreVeyon Henderson,HendTr02,WR,Stefon Diggs,DiggSt00,WR,Mack Hollins,HollMa00,TE,Austin Hooper,HoopAu00,TE,Hunter Henry,HenrHu00,OL,Michael Onwenu,OnweMi00,OT,Will Campbell,CampWi01,OT,Morgan Moses,MoseMo00,C,Garrett Bradbury,BradGa00,C,Jared Wilson,WilsJa02,DL,Khyiris Tonga,TongKh00,DT,Milton Williams,WillMi08,DT,Christian Barmore,BarmCh00,OLB,Harold Landry,LandHa00,LB,Jack Gibbens,GibbJa00,LB,Robert Spillane,SpilRo00,LB,Jahlani Tavai,TavaJa00,CB,Christian Gonzalez,GonzCh00,CB,Carlton Davis,DaviCa02,S,Jaylinn Hawkins,HawkJa00,S,Craig Woodson,WoodCr00,Referee,Alex Kemp,Umpire,Brandon Ellison,Down Judge,Mike Carr,Line Judge,Rusty Baynes,Back Judge,Scott Helverson,Side Judge,Lo van Pham,Field Judge,Sean Petty
202511090was,2025-11-09,Sunday,4:25pm,Washington Commanders,Detroit Lions,was,det,22,44,Dan Quinn,Dan Campbell,Northwest Stadium,64470,2:58,outdoors,grass,"64 degrees, relative humidity 82%, wind 9 mph",QB,Marcus Mariota,MariMa01,RB,Chris Rodriguez,RodrCh00,WR,Deebo Samuel,SamuDe00,TE,John Bates,BateJo00,TE,Zach Ertz,ErtzZa00,TE,Ben Sinnott,SinnBe00,OL,Samuel Cosmi,CosmSa00,OT,Josh Conerly,ConeJo00,T,Laremy Tunsil,TunsLa00,G,Chris Paul,PaulCh00,C,Tyler Biadasz,BiadTy00,DE,Jacob Martin,MartJa02,DT,Javon Kinlaw,KinlJa00,DT,Daron Payne,PaynDa00,MLB,Bobby Wagner,WagnBo00,LB,Von Miller,MillVo00,LB,Frankie Luvu,LuvuFr00,CB,Mike Sainristil,SainMi00,CB,Jonathan Jones,JoneJo03,CB,Trey Amos,AmosTr00,S,Jeremy Reaves,ReavJe00,S,Quan Martin,MartJa04,QB,Jared Goff,GoffJa00,RB,Jahmyr Gibbs,GibbJa01,WR,Amon-Ra St. Brown,StxxAm00,TE,Brock Wright,WrigBr01,TE,Sam LaPorta,LaPoSa01,OL,Graham Glasgow,GlasGr00,OL,Tate Ratledge,RatlTa00,OT,Dan Skipper,SkipDa00,T,Penei Sewell,SewePe00,T,Taylor Decker,DeckTa00,G,Kayode Awosika,AwosKa00,DL,D.J. Reader,,DL,Alim McNeill,McNeAl00,DE,Aidan Hutchinson,HutcAi00,DT,Tyler Lacy,LacyTy00,LB,Alex Anzalone,AnzaAl00,LB,Jack Campbell,CampJa04,LB,Derrick Barnes,BarnDe02,CB,Amik Robertson,RobeAm00,CB,Terrion Arnold,ArnoTe00,DB,Brian Branch,BranBr00,S,Thomas Harper,HarpTh00,Referee,Scott Novak,Umpire,Mike Morton,Down Judge,Brian Sakowski,Line Judge,Mark Stewart,Back Judge,Tony Josselyn,Side Judge,Don Willard,Field Judge,Terry Brown
202511100gnb,2025-11-10,Monday,8:15pm,Green Bay Packers,Philadelphia Eagles,gnb,phi,7,10,Matt LaFleur,Nick Sirianni,Lambeau Field,78254,3:05,outdoors,grass,"33 degrees, relative humidity 55%, wind 9 mph",QB,Jordan Love,LoveJo03,RB,Josh Jacobs,JacoJo01,WR,Romeo Doubs,DoubRo00,WR,Dontayvion Wicks,WickDo00,WR,Christian Watson,WatsCh00,TE,Luke Musgrave,MusgLu00,OL,Elgton Jenkins,JenkEl00,OL,Zach Tom,TomxZa00,OT,Jordan Morgan,MorgJo03,T,Rasheed Walker,WalkRa00,G,Aaron Banks,BankAa00,DL,Rashan Gary,GaryRa00,DL,Devonte Wyatt,WyatDe00,DL,Colby Wooden,WoodCo01,DL,Micah Parsons,ParsMi00,LB,Edgerrin Cooper,CoopEd00,LB,Quay Walker,WalkQu00,LB,Isaiah McDuffie,McDuIs00,CB,Carrington Valentine,ValeCa00,CB,Keisean Nixon,NixoKe00,S,Evan Williams,WillEv00,S,Xavier McKinney,McKiXa00,QB,Jalen Hurts,HurtJa00,RB,Saquon Barkley,BarkSa00,WR,A.J. Brown,BrowAJ00,WR,DeVonta Smith,SmitDe07,TE,Dallas Goedert,GoedDa00,TE,Cameron Latu,LatuCa01,OL,Brett Toth,TothBr00,OL,Tyler Steen,SteeTy00,T,Lane Johnson,JohnLa01,T,Jordan Mailata,MailJo00,G,Landon Dickerson,DickLa00,DT,Jalen Carter,CartJa05,DT,Jordan Davis,DaviJo03,OLB,Nolan Smith,SmitNo02,OLB,Jaelan Phillips,PhilJa02,LB,Zack Baun,BaunZa00,LB,Nakobe Dean,DeanNa00,CB,Quinyon Mitchell,MitcQu00,CB,Adoree' Jackson,JackAd00,DB,Cooper DeJean,DeJeCo00,S,Andrew Mukuba,MukuAn00,S,Reed Blankenship,BlanRe00,Referee,Clay Martin,Umpire,Steve Woods,Down Judge,Jerod Phillips,Line Judge,Brian Perry,Back Judge,Greg Wilson,Side Judge,Alonzo Ramsey,Field Judge,Dave Hawkshaw
202511130nwe,2025-11-13,Thursday,8:15pm,New England Patriots,New York Jets,nwe,nyj,27,14,Mike Vrabel,Aaron Glenn,Gillette Stadium,64628,2:50,outdoors,fieldturf,"39 degrees, relative humidity 76%, wind 9 mph",QB,Drake Maye,MayeDr00,RB,TreVeyon Henderson,HendTr02,FB,Jack Westover,WestJa01,WR,Stefon Diggs,DiggSt00,WR,Mack Hollins,HollMa00,TE,Hunter Henry,HenrHu00,OL,Michael Onwenu,OnweMi00,OT,Will Campbell,CampWi01,OT,Morgan Moses,MoseMo00,C,Garrett Bradbury,BradGa00,C,Jared Wilson,WilsJa02,DL,Khyiris Tonga,TongKh00,DT,Milton Williams,WillMi08,DT,Christian Barmore,BarmCh00,OLB,Harold Landry,LandHa00,LB,Robert Spillane,SpilRo00,LB,Jahlani Tavai,TavaJa00,LB,K'Lavon Chaisson,ChaiKL00,CB,Christian Gonzalez,GonzCh00,CB,Carlton Davis,DaviCa02,S,Jaylinn Hawkins,HawkJa00,S,Craig Woodson,WoodCr00,QB,Justin Fields,FielJu00,RB,Breece Hall,HallBr03,WR,Tyler Johnson,JohnTy00,WR,John Metchie,MetcJo00,TE,Mason Taylor,TaylMa02,TE,Jeremy Ruckert,RuckJe00,OL,Olumuyiwa Fashanu,FashOl00,OL,John Simpson,SimpJo00,OT,Armand Membou,MembAr00,C,Joe Tippmann,TippJo00,C,Josh Myers,MyerJo00,DL,Micheal Clemons,ClemMi03,DL,Harrison Phillips,PhilHa00,DT,Jowon Briggs,BrigJo00,LB,Quincy Williams,WillQu01,LB,Jamien Sherwood,SherJa00,LB,Jermaine Johnson II,JohnJe07,CB,Brandon Stephens,StepBr01,CB,Qwan'tez Stiggers,StigQw00,CB,Jarvis Brownlee,BrowJa09,DB,Malachi Moore,MoorMa04,S,Tony Adams,AdamTo03,Referee,Alan Eck,Umpire,Tab Slaughter,Down Judge,David Oliver,Line Judge,Greg Bradley,Back Judge,Grantis Bell,Side Judge,Dale Shaw,Field Judge,John Jenkins
202511160atl,2025-11-16,Sunday,1:00pm,Atlanta Falcons,Carolina Panthers,atl,car,27,30,Raheem Morris,Dave Canales,Mercedes-Benz Stadium,70739,3:32,retractable roof (open),fieldturf,,QB,Michael Penix,PeniMi00,RB,Bijan Robinson,RobiBi01,WR,Darnell Mooney,MoonDa00,WR,Drake London,LondDr00,TE,Charlie Woerner,WoerCh00,TE,Kyle Pitts,PittKy00,OL,Ryan Neuzil,NeuzRy00,OL,Elijah Wilkinson,WilkEl00,OL,Kyle Hinton,HintKy00,T,Jake Matthews,MattJa00,G,Chris Lindstrom,LindCh00,DL,LaCale London,LondLa00,DL,David Onyemata,OnyeDa00,DE,James Pearce,PearJa00,DE,Jalon Walker,WalkJa02,DT,Brandon Dorlus,DorlBr00,LB,Ronnie Harrison,HarrRo02,LB,Kaden Elliss,ElliKa00,CB,AJ Terrell,TerrAJ00,CB,Natrone Brooks,BrooNa01,S,Jessie Bates III,BateJe00,S,Xavier Watts,WattXa00,QB,Bryce Young,YounBr01,RB,Rico Dowdle,DowdRi01,WR,Xavier Legette,LegeXa00,WR,Tetairoa McMillan,McMiTe00,TE,Tommy Tremble,TremTo00,TE,Mitchell Evans,EvanMi01,T,Ikem Ekwonu,EkwoIk00,T,Taylor Moton,MotoTa00,G,Chandler Zavala,ZavaCh00,G,Damien Lewis,LewiDa05,C,Cade Mays,MaysCa00,DE,A'Shawn Robinson,RobiAS00,DT,Derrick Brown,BrowDe05,DT,Tershawn Wharton,WharTe00,OLB,D.J. Wonnum,WonnDJ00,OLB,Nic Scourton,ScouNi00,LB,Claudin Cherelus,CherCl00,LB,Christian Rozeboom,RozeCh00,CB,Michael Jackson,JackMi01,CB,Jaycee Horn,HornJa00,S,Nick Scott,ScotNi01,S,Tre'von Moehrig,MoehTr00,Referee,Clay Martin,Umpire,Steve Woods,Down Judge,Jerod Phillips,Line Judge,Brian Perry,Back Judge,Greg Wilson,Side Judge,Alonzo Ramsey,Field Judge,Dave Hawkshaw
202511160buf,2025-11-16,Sunday,1:00pm,Buffalo Bills,Tampa Bay Buccaneers,buf,tam,44,32,Sean McDermott,Todd Bowles,Highmark Stadium,71005,3:15,outdoors,a_turf,"38 degrees, relative humidity 50%, wind 20 mph",QB,Josh Allen,AlleJo02,RB,James Cook,CookJa01,WR,Gabe Davis,DaviGa01,WR,Khalil Shakir,ShakKh00,WR,Josh Palmer,PalmJo00,TE,Dawson Knox,KnoxDa00,T,Spencer Brown,BrowSp00,T,Dion Dawkins,DawkDi00,G,O'Cyrus Torrence,TorrOC00,G,David Edwards,EdwaDa01,G,Connor McGovern,McGoCo01,DE,Joey Bosa,BosaJo00,DE,Gregory Rousseau,RousGr00,DT,Deone Walker,WalkDe04,DT,DaQuan Jones,JoneDa04,LB,Dorian Williams,WillDo04,LB,Matt Milano,MilaMa00,LB,Terrel Bernard,BernTe00,CB,Tre'Davious White,WhitTr01,CB,Christian Benford,BenfCh00,S,Jordan Poyer,PoyeJo00,S,Cole Bishop,BishCo00,QB,Baker Mayfield,MayfBa00,RB,Rachaad White,WhitRa01,WR,Tez Johnson,JohnTe03,WR,Emeka Egbuka,EgbuEm01,TE,Cade Otton,OttoCa00,TE,Payne Durham,DurhPa00,T,Tristan Wirfs,WirfTr00,T,Luke Goedeke,GoedLu00,G,Dan Feeney,FeenDa00,G,Michael Jordan,JordMi01,C,Graham Barton,BartGr00,DL,Elijah Roberts,RobeEl01,NT,Vita Vea,VeaxVi00,OLB,YaYa Diaby,DiabYa00,OLB,Anthony Nelson,NelsAn01,LB,SirVocea Dennis,DennSi00,LB,Lavonte David,DaviLa00,CB,Zyon McCollum,McCoZy02,CB,Jamel Dean,DeanJa00,CB,Jacob Parrish,ParrJa01,S,Tykee Smith,SmitTy05,S,Antoine Winfield Jr.,WinfAn00,Referee,Alex Moore,Umpire,Terry Killens,Down Judge,Dana McKenzie,Line Judge,Tom Eaton,Back Judge,Terrence Miles,Field Judge,Mearl Robinson,,
202511160cle,2025-11-16,Sunday,4:25pm,Cleveland Browns,Baltimore Ravens,cle,rav,16,23,Kevin Stefanski,John Harbaugh,Huntington Bank Field,64230,3:00,outdoors,grass,"44 degrees, relative humidity 53%, wind 20 mph",QB,Dillon Gabriel,GabrDi00,RB,Quinshon Judkins,JudkQu00,WR,Malachi Corley,CorlMa00,WR,Cedric Tillman,TillCe01,WR,Jerry Jeudy,JeudJe00,TE,Harold Fannin,FannHa00,OT,Cam Robinson,RobiCa00,T,Jack Conklin,ConkJa00,G,Joel Bitonio,BitoJo00,G,Wyatt Teller,TellWy00,C,Ethan Pocic,PociEt00,DE,Myles Garrett,GarrMy00,DE,Isaiah McGuire,McGuIs00,DT,Mason Graham,GrahMa00,DT,Maliek Collins,CollMa00,LB,Carson Schwesinger,SchwCa00,LB,Devin Bush Jr.,BushDe01,CB,Denzel Ward,WardDe02,CB,Myles Harden,HardMy00,CB,Tyson Campbell,CampTy01,S,Ronnie Hickman,HickRo00,S,Grant Delpit,DelpGr00,QB,Lamar Jackson,JackLa00,RB,Derrick Henry,HenrDe00,WR,Tylan Wallace,WallTy00,WR,Zay Flowers,FlowZa00,WR,DeAndre Hopkins,HopkDe00,TE,Isaiah Likely,LikeIs00,OL,Andrew Vorhees,VorhAn00,T,Roger Rosengarten,RoseRo01,T,Ronnie Stanley,StanRo00,G,Daniel Faalele,FaalDa00,C,Tyler Linderbaum,LindTy00,DL,Travis Jones,JoneTr00,DE,Dre'Mont Jones,JoneDr00,DT,John Jenkins,JenkJo00,OLB,Kyle Van Noy,VanNKy00,LB,Teddye Buchanan,BuchTe00,LB,Roquan Smith,SmitRo07,CB,Chidobe Awuzie,AwuzCh00,CB,Nate Wiggins,WiggNa00,S,Malaki Starks,StarMa00,S,Kyle Hamilton,HamiKy00,S,Alohi Gilman,GilmAl00,Referee,Land Clark,Umpire,Mark Pellis,Down Judge,Tom Stephan,Line Judge,Jeff Hutcheon,Back Judge,Brad Freeman,Side Judge,Dominique Pender,Field Judge,Jabir Walker
202511160crd,2025-11-16,Sunday,4:05pm,Arizona Cardinals,San Francisco 49ers,crd,sfo,22,41,Jonathan Gannon,Kyle Shanahan,State Farm Stadium,65032,3:05,retractable roof (open),grass,,QB,Jacoby Brissett,BrisJa00,RB,Zonovan Knight,KnigZo00,WR,Michael Wilson,WilsMi02,TE,Trey McBride,McBrTr01,TE,Pharaoh Brown,BrowPh01,OL,Paris Johnson,JohnPa03,OL,Will Hernandez,HernWi00,OL,Josh Fryar,FryaJo00,OL,Hjalte Froholdt,FrohHj00,OL,Evan Brown,BrowEv00,OL,Kelvin Beachum,BeacKe00,DL,Calais Campbell,CampCa99,DL,Darius Robinson,RobiDa01,DT,Dalvin Tomlinson,TomlDa00,OLB,Zaven Collins,CollZa00,OLB,Josh Sweat,SweaJo00,LB,Akeem Davis-Gaither,DaviAk01,LB,Cody Simon,SimoCo01,CB,Max Melton,MeltMa00,CB,Garrett Williams,WillGa00,S,Budda Baker,BakeBu00,S,Jalen Thompson,ThomJa04,QB,Brock Purdy,PurdBr00,RB,Christian McCaffrey,McCaCh01,FB,Kyle Juszczyk,JuszKy00,WR,Jauan Jennings,JennJa00,WR,Ricky Pearsall,PearRi00,TE,George Kittle,KittGe00,OL,Spencer Burford,BurfSp00,OL,Colton McKivitz,McKiCo00,OL,Dominick Puni,PuniDo00,OL,Jake Brendel,BrenJa01,OT,Trent Williams,WillTr21,DL,Jordan Elliott,ElliJo02,DL,Bryce Huff,HuffBr00,DL,Kalia Davis,DaviKa01,DL,Sam Okuayinonu,OkuaSa00,LB,Dee Winters,WintDe00,LB,Tatum Bethune,BethTa00,CB,Renardo Green,GreeRe00,DB,Deommodore Lenoir,LenoDe00,S,Jason Pinnock,PinnJa01,S,Malik Mustapha,MustMa00,S,Ji'Ayir Brown,BrowJi01,Referee,Carl Cheffers,Umpire,Derek Anderson,Down Judge,Daniel Gallagher,Line Judge,Quentin Givens,Back Judge,Martin Hankins,Side Judge,Eugene Hall,Field Judge,Nathan Jones
202511160den,2025-11-16,Sunday,4:25pm,Denver Broncos,Kansas City Chiefs,den,kan,22,19,Sean Payton,Andy Reid,Empower Field at Mile High,76750,3:13,outdoors,grass,"70 degrees, relative humidity 23%, wind 6 mph",QB,Bo Nix,NixxBo00,RB,RJ Harvey,HarvRJ00,WR,Pat Bryant,BryaPa00,WR,Courtland Sutton,SuttCo00,WR,Troy Franklin,FranTr00,TE,Adam Trautman,TrauAd00,OL,Quinn Meinerz,MeinQu02,T,Garett Bolles,BollGa00,T,Alex Palczewski,PalcAl00,T,Mike McGlinchey,McGlMi00,C,Luke Wattenberg,WattLu00,DL,Zach Allen,AlleZa01,DL,John Franklin-Myers,FranJo02,OLB,Jonathon Cooper,CoopJo02,OLB,Nik Bonitto,BoniNi00,LB,Dre Greenlaw,GreeDr00,LB,Justin Strnad,StrnJu00,CB,Ja'Quan McMillian,McMiJa00,CB,Riley Moss,MossRi00,CB,Kris Abrams-Draine,AbraKr00,S,Brandon Jones,JoneBr06,S,Talanoa Hufanga,HufaTa00,QB,Patrick Mahomes,MahoPa00,RB,Kareem Hunt,HuntKa00,WR,Rashee Rice,RiceRa01,WR,Xavier Worthy,WortXa00,WR,JuJu Smith-Schuster,SmitJu00,TE,Travis Kelce,KelcTr00,OT,Josh Simmons,SimmJo01,T,Jawaan Taylor,TaylJa02,T,Kingsley Suamataia,SuamKi00,G,Trey Smith,SmitTr05,C,Creed Humphrey,HumpCr00,DL,Jerry Tillery,TillJe00,DE,George Karlaftis III,KarlGe00,DT,Chris Jones,JoneCh09,LB,Nick Bolton,BoltNi00,LB,Drue Tranquill,TranDr00,LB,Leo Chenal,ChenLe00,CB,Christian Roland-Wallace,RolaCh00,CB,Trent McDuffie,McDuTr00,CB,Jaylen Watson,WatsJa02,DB,Chamarri Conner,ConnCh01,S,Bryan Cook,CookBr02,Referee,Adrian Hill,Umpire,Roy Ellison,Down Judge,Derick Bowers,Line Judge,Julian Mapp,Back Judge,Greg Steed,Side Judge,Clay Reynard,Field Judge,Tra Boger
202511160jax,2025-11-16,Sunday,1:00pm,Jacksonville Jaguars,Los Angeles Chargers,jax,sdg,35,6,Liam Coen,Jim Harbaugh,EverBank Stadium,58461,2:47,outdoors,grass,"74 degrees, relative humidity 50%, wind 9 mph",QB,Trevor Lawrence,LawrTr00,RB,Travis Etienne,EtieTr00,WR,Parker Washington,WashPa01,WR,Jakobi Meyers,MeyeJa01,WR,Tim Patrick,PatrTi00,TE,Quintin Morris,MorrQu00,OL,Ezra Cleveland,ClevEz00,OL,Cole Van Lanen,VanxCo00,OL,Walker Little,LittWa00,OL,Patrick Mekari,MekaPa00,C,Robert Hainsey,HainRo00,DE,Travon Walker,WalkTr03,DE,Josh Hines-Allen,AlleJo03,DT,Arik Armstead,ArmsAr01,DT,DaVon Hamilton,HamiDa02,LB,Devin Lloyd,LloyDe00,LB,Foyesade Oluokun,OluoFo00,CB,Greg Newsome II,NewsGr00,CB,Jarrian Jones,JoneJa14,CB,Montaric Brown,BrowMo00,S,Antonio Johnson,JohnAn07,S,Andrew Wingard,WingAn01,QB,Justin Herbert,HerbJu00,RB,Kimani Vidal,VidaKi00,WR,Tre Harris,HarrTr03,WR,Ladd McConkey,McCoLa00,WR,Quentin Johnston,JohnQu02,TE,Tucker Fisk,FiskTu00,OL,Trey Pipkins,PipkTr00,OT,Trevor Penning,PennTr00,G,Zion Johnson,JohnZi00,G,Mekhi Becton,BectMe00,C,Bradley Bozeman,BozeBr00,DL,Da'Shawn Hand,HandDa00,DL,Teair Tart,TartTe00,OLB,Khalil Mack,MackKh00,OLB,Tuli Tuipulotu,TuipTu00,LB,Daiyan Henley,HenlDa00,LB,Denzel Perryman,PerrDe00,CB,Donte Jackson,JackDo02,CB,Cam Hart,HartCa00,DB,Elijah Molden,MoldEl00,S,Derwin James,JameDe00,S,R.J. Mickens,MickRJ00,Referee,Craig Wrolstad,Umpire,Brandon Cruse,Down Judge,Danny Short,Line Judge,Brett Bergman,Back Judge,Rich Martinez,Side Judge,Frank Steratore,Field Judge,Jeff Shears
202511160mia,2025-11-16,Sunday,9:30am,Miami Dolphins,Washington Commanders,mia,was,16,13,Mike McDaniel,Dan Quinn,Estadio Santiago BernabÃ©u,78610,3:08,retractable roof (closed),grass,,QB,Tua Tagovailoa,TagoTu00,RB,De'Von Achane,AchaDe00,WR,Jaylen Waddle,WaddJa00,TE,Julian Hill,HillJu02,TE,Greg Dulcich,DulcGr00,OL,Daniel Brunskill,BrunDa00,OL,Larry Borom,BoroLa00,OL,Jonah Savaiinaea,SavaJo00,OL,Aaron Brewer,BrewAa01,OT,Patrick Paul,PaulPa01,G,Cole Strange,StraCo01,DT,Zach Sieler,SielZa00,DT,Benito Jones,JoneBe03,DT,Jordan Phillips,PhilJo02,OLB,Matt Judon,JudoMa00,LB,Bradley Chubb,ChubBr00,LB,Jordyn Brooks,BrooJo01,LB,Tyrel Dodson,DodsTy01,CB,Jack Jones,JoneJa10,CB,Julius Brents,BrenJu00,S,Minkah Fitzpatrick,FitzMi00,S,Ashtyn Davis,DaviAs00,QB,Marcus Mariota,MariMa01,RB,Chris Rodriguez,RodrCh00,WR,Deebo Samuel,SamuDe00,WR,Chris Moore,MoorCh00,TE,John Bates,BateJo00,TE,Zach Ertz,ErtzZa00,OL,Samuel Cosmi,CosmSa00,OT,Josh Conerly,ConeJo00,T,Laremy Tunsil,TunsLa00,G,Chris Paul,PaulCh00,C,Tyler Biadasz,BiadTy00,DE,Jacob Martin,MartJa02,DE,Jalyn Holmes,HolmJa01,DT,Javon Kinlaw,KinlJa00,DT,Eddie Goldman,GoldEd00,MLB,Bobby Wagner,WagnBo00,LB,Jordan Magee,MageJo00,LB,Frankie Luvu,LuvuFr00,CB,Jonathan Jones,JoneJo03,CB,Mike Sainristil,SainMi00,S,Quan Martin,MartJa04,S,Jeremy Reaves,ReavJe00,Referee,Shawn Smith,Umpire,Tra Blake,Down Judge,Jay Bilbo,Line Judge,Jeff Seeman,Back Judge,Dino Paganelli,Side Judge,Boris Cheek,Field Judge,Dyrol Prioleau
202511160min,2025-11-16,Sunday,1:00pm,Minnesota Vikings,Chicago Bears,min,chi,17,19,Kevin O'Connell,Ben Johnson,U.S. Bank Stadium,66952,3:01,dome,sportturf,,QB,J.J. McCarthy,McCaJJ00,RB,Aaron Jones,JoneAa00,WR,Jordan Addison,AddiJo00,WR,Justin Jefferson,JeffJu00,WR,Jalen Nailor,NailJa00,TE,T.J. Hockenson,HockTJ00,OL,Donovan Jackson,JackDo03,T,Christian Darrisaw,DarrCh00,T,Brian O'Neill,ONeiBr00,G,Blake Brandel,BranBl00,G,Will Fries,FrieWi00,DL,Jonathan Allen,AlleJo01,DL,Jalen Redmond,RedmJa01,DL,Javon Hargrave,HargJa00,OLB,Dallas Turner,TurnDa01,OLB,Andrew Van Ginkel,VanGAn00,LB,Blake Cashman,CashBl00,LB,Eric Wilson,WilsEr00,CB,Byron Murphy,MurpBy00,S,Josh Metellus,MeteJo00,S,Harrison Smith,SmitHa00,S,Jay Ward,WardJa00,QB,Caleb Williams,WillCa03,RB,D'Andre Swift,SwifDA00,WR,Rome Odunze,OdunRo00,WR,D.J. Moore,,TE,Cole Kmet,KmetCo00,TE,Colston Loveland,LoveCo00,OL,Darnell Wright,WrigDa00,OL,Drew Dalman,DalmDr00,OL,Jonah Jackson,JackJo03,G,Theo Benedet,BeneTh00,G,Joe Thuney,ThunJo00,DL,Andrew Billings,BillAn00,DL,Montez Sweat,SweaMo00,DL,Gervon Dexter,DextGe00,DL,Austin Booker,BookAu00,LB,Noah Sewell,SeweNo00,LB,Tremaine Edmunds,EdmuTr01,CB,Nahshon Wright,WrigNa00,DB,Tyrique Stevenson,StevTy01,DB,Kevin Byard,ByarKe01,DB,Jaquan Brisker,BrisJa01,S,C.J. Gardner-Johnson,GardCh00,Referee,Brad Rogers,Umpire,Bryan Neale,Down Judge,Patrick Turner,Line Judge,Kevin Codey,Back Judge,Greg Yette,Side Judge,David Meslow,Field Judge,Joe Blubaugh
202511160nyg,2025-11-16,Sunday,1:00pm,New York Giants,Green Bay Packers,nyg,gnb,20,27,Mike Kafka,Matt LaFleur,MetLife Stadium,82438,3:02,outdoors,fieldturf,"55 degrees, relative humidity 31%, wind 17 mph",QB,Jameis Winston,WinsJa00,RB,Tyrone Tracy Jr.,TracTy00,WR,Wan'Dale Robinson,RobiWa01,WR,Isaiah Hodgins,HodgIs00,TE,Theo Johnson,JohnTh00,TE,Daniel Bellinger,BellDa00,OL,Jermaine Eluemunor,ElueJe00,T,Andrew Thomas,ThomAn02,OG,Greg Van Roten,VanRGr00,G,Jon Runyan Jr.,RunyJo00,C,John Michael Schmitz,MichJo00,DL,Dexter Lawrence,LawrDe03,DT,Darius Alexander,AlexDa01,DT,Roy Robertson-Harris,RobeRo00,OLB,Tomon Fox,FoxxTo00,OLB,Brian Burns,BurnBr00,LB,Demetrius Flannigan-Fowles,FlanDe00,LB,Bobby Okereke,OkerBo00,CB,Cordale Flott,FlotCo00,CB,Deonte Banks,BankDe00,S,Dane Belton,BeltDa00,S,Jevon Holland,HollJe02,QB,Jordan Love,LoveJo03,RB,Josh Jacobs,JacoJo01,WR,Romeo Doubs,DoubRo00,WR,Christian Watson,WatsCh00,TE,John FitzPatrick,FitzJo00,TE,Josh Whyle,WhylJo01,OL,Zach Tom,TomxZa00,OT,Jordan Morgan,MorgJo03,T,Rasheed Walker,WalkRa00,G,Aaron Banks,BankAa00,G,Sean Rhyan,RhyaSe00,DL,Micah Parsons,ParsMi00,DL,Devonte Wyatt,WyatDe00,DL,Colby Wooden,WoodCo01,DL,Rashan Gary,GaryRa00,LB,Quay Walker,WalkQu00,LB,Isaiah McDuffie,McDuIs00,LB,Edgerrin Cooper,CoopEd00,CB,Carrington Valentine,ValeCa00,CB,Keisean Nixon,NixoKe00,S,Xavier McKinney,McKiXa00,S,Evan Williams,WillEv00,Referee,Scott Novak,Umpire,Mike Morton,Down Judge,Brian Sakowski,Line Judge,Mark Stewart,Back Judge,Tony Josselyn,Side Judge,Don Willard,Field Judge,Terry Brown
202511160oti,2025-11-16,Sunday,1:00pm,Tennessee Titans,Houston Texans,oti,htx,13,16,Mike McCoy,DeMeco Ryans,Nissan Stadium,55999,3:04,outdoors,grass,"64 degrees, relative humidity 26%, wind 8 mph",QB,Cam Ward,WardCa00,RB,Tony Pollard,PollTo00,WR,Elic Ayomanor,AyomEl00,WR,Calvin Ridley,RidlCa00,WR,Chimere Dike,DikeCh00,TE,Chig Okonkwo,OkonCh00,OL,Peter Skoronski,SkorPe00,OT,Dan Moore,MoorDa05,OT,JC Latham,LathJC00,G,Kevin Zeitler,ZeitKe00,C,Lloyd Cushenberry III,CushLl00,DE,Sebastian Joseph-Day,JoseSe00,DT,Jeffery Simmons,SimmJe01,NT,T'Vondre Sweat,SweaTV01,OLB,Arden Key,KeyxAr00,OLB,Jihad Ward,WardJi02,LB,Cedric Gray,GrayCe00,LB,Cody Barton,BartCo00,CB,Jalyn Armour-Davis,ArmoJa00,CB,Darrell Baker,BakeDa02,S,Amani Hooker,HookAm00,S,Kevin Winston,WinsKe02,QB,Davis Mills,MillDa02,RB,Woody Marks,MarkWo00,FB,Jakob Johnson,JohnJa12,WR,Nico Collins,CollNi00,WR,Jayden Higgins,HiggJa00,OL,Jarrett Patterson,PattJa03,OT,Trent Brown,BrowTr02,OT,Aireontae Ersery,ErseAi00,T,Blake Fisher,FishBl00,T,Tytus Howard,HowaTy00,C,Jake Andrews,AndrJa00,DE,Will Anderson,AndeWi01,DE,Danielle Hunter,HuntDa01,DT,Sheldon Rankins,RankSh00,DT,Tim Settle,SettTi00,LB,Azeez Al-Shaair,AlShAz00,LB,E.J. Speed,SpeeEJ00,CB,Kamari Lassiter,LassKa00,CB,Myles Bryant,BryaMy01,CB,Derek Stingley Jr.,StinDe00,S,Calen Bullock,BullCa00,S,Jalen Mills,MillJa02,Referee,Shawn Hochuli,Umpire,Larry Smith,Down Judge,Patrick Holt,Line Judge,Tim Podraza,Back Judge,Jimmy Russell,Side Judge,Jim Quirk,Field Judge,Jason Ledet
202511160phi,2025-11-16,Sunday,8:20pm,Philadelphia Eagles,Detroit Lions,phi,det,16,9,Nick Sirianni,Dan Campbell,Lincoln Financial Field,69879,3:10,outdoors,grass,"45 degrees, relative humidity 43%, wind 15 mph",QB,Jalen Hurts,HurtJa00,RB,Saquon Barkley,BarkSa00,WR,A.J. Brown,BrowAJ00,WR,DeVonta Smith,SmitDe07,TE,Dallas Goedert,GoedDa00,OL,Tyler Steen,SteeTy00,OL,Cam Jurgens,JurgCa01,T,Fred Johnson,JohnFr01,T,Lane Johnson,JohnLa01,T,Jordan Mailata,MailJo00,G,Landon Dickerson,DickLa00,DT,Jalen Carter,CartJa05,DT,Jordan Davis,DaviJo03,OLB,Nolan Smith,SmitNo02,OLB,Jaelan Phillips,PhilJa02,LB,Zack Baun,BaunZa00,LB,Nakobe Dean,DeanNa00,CB,Quinyon Mitchell,MitcQu00,CB,Adoree' Jackson,JackAd00,DB,Cooper DeJean,DeJeCo00,S,Andrew Mukuba,MukuAn00,S,Reed Blankenship,BlanRe00,QB,Jared Goff,GoffJa00,RB,Jahmyr Gibbs,GibbJa01,WR,Jameson Williams,WillJa11,WR,Amon-Ra St. Brown,StxxAm00,WR,Kalif Raymond,RaymKa00,TE,Brock Wright,WrigBr01,OL,Graham Glasgow,GlasGr00,OL,Tate Ratledge,RatlTa00,T,Taylor Decker,DeckTa00,T,Penei Sewell,SewePe00,G,Kayode Awosika,AwosKa00,DL,Alim McNeill,McNeAl00,DL,D.J. Reader,,DE,Aidan Hutchinson,HutcAi00,DT,Tyleik Williams,WillTy02,LB,Alex Anzalone,AnzaAl00,LB,Jack Campbell,CampJa04,LB,Derrick Barnes,BarnDe02,CB,Amik Robertson,RobeAm00,CB,Rock Ya-Sin,Ya-SRo00,DB,Brian Branch,BranBr00,S,Thomas Harper,HarpTh00,Referee,Alex Kemp,Umpire,Brandon Ellison,Down Judge,Mike Carr,Line Judge,Rusty Baynes,Back Judge,Scott Helverson,Side Judge,Lo van Pham,Field Judge,Sean Petty
202511160pit,2025-11-16,Sunday,1:00pm,Pittsburgh Steelers,Cincinnati Bengals,pit,cin,34,12,Mike Tomlin,Zac Taylor,Acrisure Stadium,66132,3:10,outdoors,grass,"46 degrees, relative humidity 50%, wind 17 mph",QB,Aaron Rodgers,RodgAa00,RB,Jaylen Warren,WarrJa01,WR,Ben Skowronek,SkowBe00,WR,D.K. Metcalf,MetcDK00,TE,Darnell Washington,WashDa03,OL,Spencer Anderson,AndeSp00,OT,Troy Fautanu,FautTr00,OT,Broderick Jones,JoneBr09,G,Isaac Seumalo,SeumIs00,G,Mason McCormick,McCoMa00,C,Zach Frazier,FrazZa00,DT,Keeanu Benton,BentKe00,DT,Cameron Heyward,HeywCa01,DT,Derrick Harmon,HarmDe01,OLB,Malik Harrison,HarrMa06,LB,Patrick Queen,QueePa00,LB,Nick Herbig,HerbNi00,LB,T.J. Watt,,CB,James Pierre,PierJa01,CB,Joey Porter Jr.,PortJo02,CB,Jalen Ramsey,RamsJa00,S,Kyle Dugger,DuggKy00,QB,Joe Flacco,FlacJo00,RB,Chase Brown,BrowCh10,WR,Tee Higgins,HiggTe00,WR,Ja'Marr Chase,ChasJa00,TE,Noah Fant,FantNo00,TE,Drew Sample,SampDr00,OT,Orlando Brown Jr.,BrowOr00,OT,Amarius Mims,MimsAm00,OG,Dylan Fairchild,FairDy00,G,Jalen Rivers,RiveJa00,C,Ted Karras,KarrTe00,DE,Myles Murphy,MurpMy00,DE,Joseph Ossai,OssaJo00,DT,B.J. Hill,,DT,Tedarrell Slaton,SlatTe00,DT,Kris Jenkins,JenkKr01,LB,Barrett Carter,CartBa00,LB,Oren Burks,BurkOr00,CB,DJ Turner,TurnDJ01,CB,Daxton Hill,HillDa04,S,Geno Stone,StonGe00,S,Jordan Battle,BattJo00,Referee,Bill Vinovich,Umpire,Scott Walker,Down Judge,Dale Keller,Line Judge,Tripp Sutter,Back Judge,Todd Prukop,Side Judge,Jimmy Buchanan,Field Judge,Aaron Santi
202511160ram,2025-11-16,Sunday,4:05pm,Los Angeles Rams,Seattle Seahawks,ram,sea,21,19,Sean McVay,Mike Macdonald,SoFi Stadium,75323,3:05,dome,matrixturf,,QB,Matthew Stafford,StafMa00,RB,Kyren Williams,WillKy02,WR,Davante Adams,AdamDa01,WR,Xavier Smith,SmitXa00,WR,Puka Nacua,NacuPu00,TE,Tyler Higbee,HigbTy00,OL,Steve Avila,AvilSt00,OL,Kevin Dotson,DotsKe00,OL,Rob Havenstein,HaveRo00,OL,Alaric Jackson,JackAl01,C,Coleman Shelton,ShelCo00,DE,Braden Fiske,FiskBr00,DE,Kobie Turner,TurnKo00,OLB,Byron Young,YounBy01,OLB,Jared Verse,VersJa00,LB,Nathan Landman,LandNa01,LB,Omar Speights,SpeiOm00,CB,Emmanuel Forbes,ForbEm00,CB,Cobie Durant,DuraDe01,S,Quentin Lake,LakeQu00,S,Kamren Kinchens,KincKa00,S,Kamren Curl,CurlKa00,QB,Sam Darnold,DarnSa00,RB,Kenneth Walker III,WalkKe00,WR,Jaxon Smith-Njigba,SmitJa06,WR,Cooper Kupp,KuppCo00,TE,AJ Barner,BarnAJ00,TE,Elijah Arroyo,ArroEl00,T,Abraham Lucas,LucaAb00,T,Charles Cross,CrosCh00,OG,Grey Zabel,ZabeGr00,G,Anthony Bradford,BradAn00,C,Olusegun Oluwatimi,OluwOl00,DE,Leonard Williams,WillLe02,DT,Byron Murphy,MurpBy01,LB,Ernest Jones,JoneEr01,LB,DeMarcus Lawrence,LawrDe00,LB,Uchenna Nwosu,NwosUc00,LB,Drake Thomas,ThomDr00,CB,Josh Jobe,JobeJo00,CB,Devon Witherspoon,WithDe00,FS,Ty Okada,OkadTy00,FS,Coby Bryant,BryaCo01,S,Nick Emmanwori,EmmaNi00,Referee,John Hussey,Umpire,Duane Heydt,Down Judge,Max Causey,Line Judge,Carl Johnson,Back Judge,Matt Edwards,Side Judge,Allen Baynes,Field Judge,Anthony Flemming
202511170rai,2025-11-17,Monday,8:15pm,Las Vegas Raiders,Dallas Cowboys,rai,dal,16,33,Pete Carroll,Brian Schottenheimer,Allegiant Stadium,62625,2:56,dome,grass,,QB,Geno Smith,SmitGe00,RB,Ashton Jeanty,JeanAs00,WR,Tre Tucker,TuckTr00,TE,Brock Bowers,BoweBr01,TE,Ian Thomas,ThomIa00,TE,Michael Mayer,MayeMi00,OL,Stone Forsythe,ForsSt00,OT,Delmar Glaze,GlazDe00,G,Dylan Parham,ParhDy00,G,Jordan Meredith,MereJo00,C,Will Putnam,PutnWi00,DE,Maxx Crosby,CrosMa00,DT,Thomas Booker,BookTh00,DT,Jonah Laulu,LaulJo00,DT,Adam Butler,ButlAd00,LB,Jamin Davis,DaviJa11,LB,Elandon Roberts,RobeEl00,LB,Devin White,WhitDe02,CB,Eric Stokes,StokEr00,CB,Kyu Blu Kelly,BluxKy00,S,Isaiah Pola-Mao,PolaIs00,S,Jeremy Chinn,ChinJe00,QB,Dak Prescott,PresDa01,RB,Javonte Williams,WillJa10,WR,Jalen Tolbert,TolbJa00,WR,Ryan Flournoy,FlouRy00,TE,Luke Schoonmaker,SchoLu00,TE,Jake Ferguson,FergJa00,OL,Tyler Smith,SmitTy02,OT,Tyler Guyton,GuytTy00,T,Terence Steele,SteeTe01,OG,Tyler Booker,BookTy00,C,Cooper Beebe,BeebCo00,DE,Donovan Ezeiruaku,EzeiDo00,DE,Jadeveon Clowney,ClowJa00,DT,Osa Odighizuwa,OdigOs00,DT,Kenny Clark,ClarKe01,DT,Quinnen Williams,WillQu00,MLB,Kenneth Murray,MurrKe00,LB,DeMarvion Overshown,OverDe00,CB,DaRon Bland,BlanDa00,CB,Caelen Carson,CarsCa01,S,Malik Hooker,HookMa00,S,Donovan Wilson,WilsDo01,Referee,Brad Allen,Umpire,Marcus Woods,Down Judge,Sarah Thomas,Line Judge,Walter Flowers,Back Judge,Tyree Walton,Side Judge,Chad Hill,Field Judge,Rick Patterson
202511200htx,2025-11-20,Thursday,8:15pm,Houston Texans,Buffalo Bills,htx,buf,23,19,DeMeco Ryans,Sean McDermott,NRG Stadium,70451,3:11,retractable roof (closed),astroturf,,QB,Davis Mills,MillDa02,RB,Woody Marks,MarkWo00,WR,Jaylin Noel,NoelJa00,WR,Nico Collins,CollNi00,WR,Xavier Hutchinson,HutcXa00,TE,Cade Stover,StovCa00,OT,Trent Brown,BrowTr02,OT,Aireontae Ersery,ErseAi00,T,Tytus Howard,HowaTy00,G,Ed Ingram,IngrEd00,C,Jake Andrews,AndrJa00,DE,Will Anderson,AndeWi01,DE,Danielle Hunter,HuntDa01,DT,Sheldon Rankins,RankSh00,DT,Tim Settle,SettTi00,LB,E.J. Speed,SpeeEJ00,LB,Azeez Al-Shaair,AlShAz00,LB,Henry To'oTo'o,TooTHe00,CB,Kamari Lassiter,LassKa00,CB,Myles Bryant,BryaMy01,CB,Derek Stingley Jr.,StinDe00,S,Calen Bullock,BullCa00,QB,Josh Allen,AlleJo02,RB,James Cook,CookJa01,WR,Josh Palmer,PalmJo00,WR,Gabe Davis,DaviGa01,TE,Dawson Knox,KnoxDa00,TE,Jackson Hawes,HaweJa00,T,Spencer Brown,BrowSp00,T,Dion Dawkins,DawkDi00,G,O'Cyrus Torrence,TorrOC00,G,Connor McGovern,McGoCo01,G,David Edwards,EdwaDa01,DE,Gregory Rousseau,RousGr00,DE,Joey Bosa,BosaJo00,DT,DaQuan Jones,JoneDa04,DT,Deone Walker,WalkDe04,LB,Matt Milano,MilaMa00,LB,Terrel Bernard,BernTe00,CB,Tre'Davious White,WhitTr01,CB,Taron Johnson,JohnTa01,CB,Christian Benford,BenfCh00,S,Jordan Poyer,PoyeJo00,S,Cole Bishop,BishCo00,Referee,Adrian Hill,Umpire,Roy Ellison,Down Judge,Derick Bowers,Line Judge,Julian Mapp,Back Judge,Greg Steed,Side Judge,Clay Reynard,Field Judge,Tra Boger
202511230chi,2025-11-23,Sunday,1:00pm,Chicago Bears,Pittsburgh Steelers,chi,pit,31,28,Ben Johnson,Mike Tomlin,Soldier Field,59658,3:08,outdoors,grass,"51 degrees, relative humidity 58%, wind 3 mph",QB,Caleb Williams,WillCa03,RB,D'Andre Swift,SwifDA00,WR,Rome Odunze,OdunRo00,WR,D.J. Moore,,TE,Cole Kmet,KmetCo00,TE,Colston Loveland,LoveCo00,OL,Darnell Wright,WrigDa00,OL,Ozzy Trapilo,TrapOz00,OL,Drew Dalman,DalmDr00,OL,Jonah Jackson,JackJo03,G,Joe Thuney,ThunJo00,DL,Austin Booker,BookAu00,DL,Montez Sweat,SweaMo00,DL,Gervon Dexter,DextGe00,DL,Andrew Billings,BillAn00,LB,D'Marco Jackson,JackDM00,LB,Ruben Hyppolite,HyppRu00,CB,Nahshon Wright,WrigNa00,DB,Tyrique Stevenson,StevTy01,DB,Kevin Byard,ByarKe01,DB,Jaquan Brisker,BrisJa01,S,C.J. Gardner-Johnson,GardCh00,QB,Mason Rudolph,RudoMa00,RB,Kenneth Gainwell,GainKe00,WR,Roman Wilson,WilsRo02,WR,D.K. Metcalf,MetcDK00,WR,Calvin Austin III,AustCa00,TE,Pat Freiermuth,FreiPa00,OT,Broderick Jones,JoneBr09,OT,Troy Fautanu,FautTr00,G,Mason McCormick,McCoMa00,G,Isaac Seumalo,SeumIs00,C,Zach Frazier,FrazZa00,DT,Derrick Harmon,HarmDe01,DT,Cameron Heyward,HeywCa01,DT,Keeanu Benton,BentKe00,OLB,Malik Harrison,HarrMa06,LB,Nick Herbig,HerbNi00,LB,Patrick Queen,QueePa00,LB,T.J. Watt,,CB,James Pierre,PierJa01,CB,Joey Porter Jr.,PortJo02,CB,Jalen Ramsey,RamsJa00,S,Kyle Dugger,DuggKy00,Referee,John Hussey,Umpire,Duane Heydt,Down Judge,Max Causey,Line Judge,Carl Johnson,Back Judge,Matt Edwards,Side Judge,Allen Baynes,Field Judge,Anthony Flemming
202511230cin,2025-11-23,Sunday,1:00pm,Cincinnati Bengals,New England Patriots,cin,nwe,20,26,Zac Taylor,Mike Vrabel,Paycor Stadium,65659,3:18,outdoors,fieldturf,"54 degrees, relative humidity 61%, wind 7 mph",QB,Joe Flacco,FlacJo00,RB,Chase Brown,BrowCh10,WR,Mitchell Tinsley,TinsMi00,WR,Tee Higgins,HiggTe00,WR,Andrei Iosivas,IosiAn00,TE,Drew Sample,SampDr00,OT,Orlando Brown Jr.,BrowOr00,OT,Amarius Mims,MimsAm00,OG,Dylan Fairchild,FairDy00,G,Dalton Risner,RisnDa00,C,Ted Karras,KarrTe00,DE,Myles Murphy,MurpMy00,DE,Joseph Ossai,OssaJo00,DT,B.J. Hill,,DT,Tedarrell Slaton,SlatTe00,LB,Demetrius Knight,KnigDe00,LB,Barrett Carter,CartBa00,CB,Daxton Hill,HillDa04,CB,Jalen Davis,DaviJa06,CB,DJ Turner,TurnDJ01,S,Jordan Battle,BattJo00,S,Geno Stone,StonGe00,QB,Drake Maye,MayeDr00,RB,TreVeyon Henderson,HendTr02,WR,Kayshon Boutte,BoutKa00,WR,Mack Hollins,HollMa00,WR,Stefon Diggs,DiggSt00,TE,Hunter Henry,HenrHu00,OL,Michael Onwenu,OnweMi00,OT,Will Campbell,CampWi01,OT,Morgan Moses,MoseMo00,C,Garrett Bradbury,BradGa00,C,Jared Wilson,WilsJa02,DL,Khyiris Tonga,TongKh00,DT,Christian Barmore,BarmCh00,OLB,Harold Landry,LandHa00,LB,Christian Elliss,ElliCh00,LB,K'Lavon Chaisson,ChaiKL00,LB,Robert Spillane,SpilRo00,CB,Carlton Davis,DaviCa02,CB,Christian Gonzalez,GonzCh00,CB,Marcus Jones,JoneMa06,S,Jaylinn Hawkins,HawkJa00,S,Craig Woodson,WoodCr00,Referee,Land Clark,Umpire,Mark Pellis,Down Judge,Tom Stephan,Line Judge,Jeff Hutcheon,Back Judge,Brad Freeman,Side Judge,Dominique Pender,Field Judge,Jabir Walker
202511230crd,2025-11-23,Sunday,4:05pm,Arizona Cardinals,Jacksonville Jaguars,crd,jax,24,27,Jonathan Gannon,Liam Coen,State Farm Stadium,62413,3:22,retractable roof (closed),grass,,QB,Jacoby Brissett,BrisJa00,RB,Zonovan Knight,KnigZo00,WR,Michael Wilson,WilsMi02,WR,Xavier Weaver,WeavXa00,WR,Greg Dortch,DortGr01,TE,Trey McBride,McBrTr01,OL,Paris Johnson,JohnPa03,OL,Will Hernandez,HernWi00,OL,Hjalte Froholdt,FrohHj00,OL,Evan Brown,BrowEv00,OL,Kelvin Beachum,BeacKe00,DL,Calais Campbell,CampCa99,DL,Darius Robinson,RobiDa01,DT,Dalvin Tomlinson,TomlDa00,OLB,Zaven Collins,CollZa00,OLB,Josh Sweat,SweaJo00,LB,Akeem Davis-Gaither,DaviAk01,LB,Cody Simon,SimoCo01,CB,Denzel Burke,BurkDe01,CB,Garrett Williams,WillGa00,S,Budda Baker,BakeBu00,S,Jalen Thompson,ThomJa04,QB,Trevor Lawrence,LawrTr00,RB,Travis Etienne,EtieTr00,WR,Parker Washington,WashPa01,TE,Brenton Strange,StraBr00,TE,Johnny Mundt,MundJo00,OL,Ezra Cleveland,ClevEz00,OL,Cole Van Lanen,VanxCo00,OL,Walker Little,LittWa00,OL,Patrick Mekari,MekaPa00,G,Chuma Edoga,EdogCh00,C,Robert Hainsey,HainRo00,DL,Danny Striggow,StriDa01,DE,Josh Hines-Allen,AlleJo03,DT,Arik Armstead,ArmsAr01,DT,DaVon Hamilton,HamiDa02,LB,Devin Lloyd,LloyDe00,LB,Foyesade Oluokun,OluoFo00,CB,Greg Newsome II,NewsGr00,CB,Jarrian Jones,JoneJa14,CB,Montaric Brown,BrowMo00,S,Antonio Johnson,JohnAn07,S,Andrew Wingard,WingAn01,Referee,Scott Novak,Umpire,Mike Morton,Down Judge,Brian Sakowski,Line Judge,Mark Stewart,Back Judge,Tony Josselyn,Side Judge,Don Willard,Field Judge,Terry Brown
202511230dal,2025-11-23,Sunday,4:25pm,Dallas Cowboys,Philadelphia Eagles,dal,phi,24,21,Brian Schottenheimer,Nick Sirianni,AT&amp;T Stadium,93068,3:19,retractable roof (closed),matrixturf,,QB,Dak Prescott,PresDa01,RB,Hunter Luepke,LuepHu00,RB,Javonte Williams,WillJa10,WR,George Pickens,PickGe00,WR,CeeDee Lamb,LambCe00,TE,Brevyn Spann-Ford,SpanBr00,OL,Tyler Smith,SmitTy02,OT,Tyler Guyton,GuytTy00,T,Terence Steele,SteeTe01,OG,Tyler Booker,BookTy00,C,Cooper Beebe,BeebCo00,DE,Donovan Ezeiruaku,EzeiDo00,DE,Jadeveon Clowney,ClowJa00,DT,Osa Odighizuwa,OdigOs00,DT,Kenny Clark,ClarKe01,DT,Quinnen Williams,WillQu00,MLB,Kenneth Murray,MurrKe00,LB,DeMarvion Overshown,OverDe00,CB,DaRon Bland,BlanDa00,CB,Caelen Carson,CarsCa01,S,Malik Hooker,HookMa00,S,Donovan Wilson,WilsDo01,QB,Jalen Hurts,HurtJa00,RB,Saquon Barkley,BarkSa00,WR,DeVonta Smith,SmitDe07,WR,A.J. Brown,BrowAJ00,TE,Grant Calcaterra,CalcGr00,TE,Dallas Goedert,GoedDa00,OL,Tyler Steen,SteeTy00,OL,Cam Jurgens,JurgCa01,T,Fred Johnson,JohnFr01,T,Jordan Mailata,MailJo00,G,Landon Dickerson,DickLa00,DT,Jordan Davis,DaviJo03,DT,Jalen Carter,CartJa05,DT,Moro Ojomo,OjomMo00,OLB,Jaelan Phillips,PhilJa02,OLB,Nolan Smith,SmitNo02,LB,Nakobe Dean,DeanNa00,LB,Zack Baun,BaunZa00,CB,Quinyon Mitchell,MitcQu00,DB,Cooper DeJean,DeJeCo00,S,Andrew Mukuba,MukuAn00,S,Reed Blankenship,BlanRe00,Referee,Bill Vinovich,Umpire,Scott Walker,Down Judge,Dale Keller,Line Judge,Tripp Sutter,Back Judge,Todd Prukop,Side Judge,Jimmy Buchanan,Field Judge,Aaron Santi
202511230det,2025-11-23,Sunday,1:00pm,Detroit Lions,New York Giants,det,nyg,34,27,Dan Campbell,Mike Kafka,Ford Field,64238,3:27,dome,fieldturf,,QB,Jared Goff,GoffJa00,RB,Jahmyr Gibbs,GibbJa01,WR,Jameson Williams,WillJa11,WR,Amon-Ra St. Brown,StxxAm00,TE,Brock Wright,WrigBr01,OL,Graham Glasgow,GlasGr00,OL,Tate Ratledge,RatlTa00,OT,Dan Skipper,SkipDa00,T,Taylor Decker,DeckTa00,T,Penei Sewell,SewePe00,G,Kayode Awosika,AwosKa00,DL,Alim McNeill,McNeAl00,DL,D.J. Reader,,DE,Aidan Hutchinson,HutcAi00,DT,Tyleik Williams,WillTy02,LB,Jack Campbell,CampJa04,LB,Derrick Barnes,BarnDe02,LB,Alex Anzalone,AnzaAl00,CB,D.J. Reed,,CB,Amik Robertson,RobeAm00,DB,Brian Branch,BranBr00,S,Thomas Harper,HarpTh00,QB,Jameis Winston,WinsJa00,RB,Tyrone Tracy Jr.,TracTy00,WR,Darius Slayton,SlayDa01,WR,Wan'Dale Robinson,RobiWa01,TE,Theo Johnson,JohnTh00,TE,Daniel Bellinger,BellDa00,OL,Jermaine Eluemunor,ElueJe00,T,Andrew Thomas,ThomAn02,OG,Greg Van Roten,VanRGr00,G,Jon Runyan Jr.,RunyJo00,C,John Michael Schmitz,MichJo00,DL,Dexter Lawrence,LawrDe03,DL,Rakeem Nunez-Roches,NuneRa00,DT,Roy Robertson-Harris,RobeRo00,OLB,Abdul Carter,CartAb00,OLB,Brian Burns,BurnBr00,LB,Bobby Okereke,OkerBo00,LB,Demetrius Flannigan-Fowles,FlanDe00,CB,Cordale Flott,FlotCo00,CB,Korie Black,BlacKo00,S,Jevon Holland,HollJe02,S,Dane Belton,BeltDa00,Referee,Craig Wrolstad,Umpire,Brandon Cruse,Down Judge,Danny Short,Line Judge,Brett Bergman,Back Judge,Rich Martinez,Side Judge,Frank Steratore,Field Judge,Jeff Shears
202511230gnb,2025-11-23,Sunday,1:00pm,Green Bay Packers,Minnesota Vikings,gnb,min,23,6,Matt LaFleur,Kevin O'Connell,Lambeau Field,77991,2:42,outdoors,grass,"43 degrees, relative humidity 60%, wind 10 mph",QB,Jordan Love,LoveJo03,RB,Emanuel Wilson,WilsEm00,WR,Romeo Doubs,DoubRo00,WR,Dontayvion Wicks,WickDo00,WR,Christian Watson,WatsCh00,TE,John FitzPatrick,FitzJo00,OL,Zach Tom,TomxZa00,OT,Jordan Morgan,MorgJo03,T,Rasheed Walker,WalkRa00,G,Aaron Banks,BankAa00,G,Sean Rhyan,RhyaSe00,DL,Micah Parsons,ParsMi00,DL,Devonte Wyatt,WyatDe00,DL,Colby Wooden,WoodCo01,DL,Rashan Gary,GaryRa00,DL,Karl Brooks,BrooKa00,LB,Isaiah McDuffie,McDuIs00,LB,Edgerrin Cooper,CoopEd00,CB,Carrington Valentine,ValeCa00,CB,Keisean Nixon,NixoKe00,S,Xavier McKinney,McKiXa00,S,Evan Williams,WillEv00,QB,J.J. McCarthy,McCaJJ00,RB,Aaron Jones,JoneAa00,WR,Jordan Addison,AddiJo00,WR,Justin Jefferson,JeffJu00,TE,T.J. Hockenson,HockTJ00,TE,Josh Oliver,OlivJo00,OL,Donovan Jackson,JackDo03,T,Christian Darrisaw,DarrCh00,T,Brian O'Neill,ONeiBr00,G,Will Fries,FrieWi00,C,Ryan Kelly,KellRy00,DL,Jonathan Allen,AlleJo01,DL,Jalen Redmond,RedmJa01,DL,Javon Hargrave,HargJa00,OLB,Andrew Van Ginkel,VanGAn00,LB,Blake Cashman,CashBl00,LB,Eric Wilson,WilsEr00,CB,Byron Murphy,MurpBy00,CB,Isaiah Rodgers,RodgIs00,S,Josh Metellus,MeteJo00,S,Theo Jackson,JackTh00,S,Harrison Smith,SmitHa00,Referee,Carl Cheffers,Umpire,Derek Anderson,Down Judge,Daniel Gallagher,Line Judge,Quentin Givens,Back Judge,Martin Hankins,Side Judge,Eugene Hall,Field Judge,Nathan Jones
202511230kan,2025-11-23,Sunday,1:00pm,Kansas City Chiefs,Indianapolis Colts,kan,clt,23,20,Andy Reid,Shane Steichen,GEHA Field at Arrowhead Stadium,73611,3:33,outdoors,grass,,QB,Patrick Mahomes,MahoPa00,RB,Kareem Hunt,HuntKa00,WR,Xavier Worthy,WortXa00,WR,JuJu Smith-Schuster,SmitJu00,WR,Rashee Rice,RiceRa01,TE,Travis Kelce,KelcTr00,OT,Josh Simmons,SimmJo01,T,Jawaan Taylor,TaylJa02,T,Kingsley Suamataia,SuamKi00,G,Trey Smith,SmitTr05,C,Creed Humphrey,HumpCr00,DE,Michael Danna,DannMi00,DE,George Karlaftis III,KarlGe00,DT,Derrick Nnadi,NnadDe00,DT,Chris Jones,JoneCh09,LB,Nick Bolton,BoltNi00,LB,Drue Tranquill,TranDr00,CB,Christian Roland-Wallace,RolaCh00,CB,Trent McDuffie,McDuTr00,CB,Jaylen Watson,WatsJa02,DB,Chamarri Conner,ConnCh01,S,Bryan Cook,CookBr02,QB,Daniel Jones,JoneDa05,RB,Jonathan Taylor,TaylJo02,WR,Josh Downs,DownJo00,WR,Michael Pittman Jr.,PittMi01,WR,Alec Pierce,PierAl00,TE,Tyler Warren,WarrTy00,T,Braden Smith,SmitBr06,T,Bernhard Raimann,RaimBe00,G,Quenton Nelson,NelsQu00,G,Matt Goncalves,GoncMa00,C,Tanor Bortolini,BortTa00,DE,Laiatu Latu,LatuLa00,DE,Kwity Paye,PayeKw00,DT,Adetomiwa Adebawore,AdebAd00,DT,Grover Stewart,StewGr00,LB,Germaine Pratt,PratGe00,LB,Zaire Franklin,FranZa00,CB,Kenny Moore,MoorKe03,CB,Sauce Gardner,GardSa00,CB,Charvarius Ward,WardCh01,S,Nick Cross,CrosNi00,S,Camryn Bynum,BynuCa00,Referee,Alex Moore,Umpire,Terry Killens,Down Judge,Dana McKenzie,Line Judge,Tom Eaton,Back Judge,Terrence Miles,Side Judge,Anthony Jeffries,Field Judge,Mearl Robinson
202511230nor,2025-11-23,Sunday,4:25pm,New Orleans Saints,Atlanta Falcons,nor,atl,10,24,Kellen Moore,Raheem Morris,Caesars Superdome,70005,3:03,dome,sportturf,,QB,Tyler Shough,ShouTy00,RB,Alvin Kamara,KamaAl00,WR,Devaughn Vele,VeleDe00,WR,Mason Tipton,TiptMa00,WR,Chris Olave,OlavCh00,TE,Foster Moreau,MoreFo00,OL,Luke Fortner,FortLu01,OL,Cesar Ruiz,RuizCe00,OL,Asim Richards,RichAs00,OL,Dillon Radunz,RaduDi00,OT,Kelvin Banks,BankKe01,DE,Chase Young,YounCh04,DE,Cameron Jordan,JordCa00,DE,Jonathan Bullard,BullJo00,DT,Davon Godchaux,GodcDa00,DT,Bryan Bresee,BresBr00,LB,Demario Davis,DaviDe00,LB,Pete Werner,WernPe00,CB,Kool-Aid McKinstry,McKiKo00,CB,Alontae Taylor,TaylAl01,S,Justin Reid,ReidJu00,S,Jonas Sanker,SankJo00,QB,Kirk Cousins,CousKi00,RB,Bijan Robinson,RobiBi01,WR,Darnell Mooney,MoonDa00,TE,Charlie Woerner,WoerCh00,TE,Teagan Quitoriano,QuitTe00,TE,Kyle Pitts,PittKy00,OL,Ryan Neuzil,NeuzRy00,OL,Elijah Wilkinson,WilkEl00,OL,Matthew Bergeron,BergMa00,T,Jake Matthews,MattJa00,G,Chris Lindstrom,LindCh00,DL,David Onyemata,OnyeDa00,DE,Leonard Floyd,FloyLe00,DE,Jalon Walker,WalkJa02,DT,Ruke Orhorhoro,OrhoRu00,LB,Kaden Elliss,ElliKa00,LB,Divine Deablo,DeabDi00,CB,Mike Hughes,HughMi00,CB,DeAundre Alford,AlfoDe00,CB,AJ Terrell,TerrAJ00,S,Xavier Watts,WattXa00,S,Jessie Bates III,BateJe00,Referee,Brad Rogers,Umpire,Bryan Neale,Down Judge,Patrick Turner,Line Judge,Kevin Codey,Back Judge,Greg Yette,Side Judge,David Meslow,Field Judge,Joe Blubaugh
202511230oti,2025-11-23,Sunday,1:00pm,Tennessee Titans,Seattle Seahawks,oti,sea,24,30,Mike McCoy,Mike Macdonald,Nissan Stadium,60487,3:10,outdoors,grass,"55 degrees, relative humidity 64%, wind 1 mph",QB,Cam Ward,WardCa00,RB,Tony Pollard,PollTo00,WR,Chimere Dike,DikeCh00,WR,Van Jefferson,JeffVa00,TE,Gunnar Helm,HelmGu00,TE,David Martin-Robinson,MartDa01,OL,Peter Skoronski,SkorPe00,OT,Dan Moore,MoorDa05,OT,JC Latham,LathJC00,G,Kevin Zeitler,ZeitKe00,C,Lloyd Cushenberry III,CushLl00,DT,Jeffery Simmons,SimmJe01,NT,T'Vondre Sweat,SweaTV01,OLB,Arden Key,KeyxAr00,OLB,Jihad Ward,WardJi02,LB,Cedric Gray,GrayCe00,LB,Cody Barton,BartCo00,CB,Marcus Harris,HarrMa10,CB,Samuel Womack,WomaSa00,CB,Darrell Baker,BakeDa02,S,Amani Hooker,HookAm00,S,Kevin Winston,WinsKe02,QB,Sam Darnold,DarnSa00,RB,Kenneth Walker III,WalkKe00,WR,Jaxon Smith-Njigba,SmitJa06,WR,Rashid Shaheed,ShahRa00,WR,Cooper Kupp,KuppCo00,TE,AJ Barner,BarnAJ00,T,Charles Cross,CrosCh00,T,Abraham Lucas,LucaAb00,OG,Grey Zabel,ZabeGr00,G,Anthony Bradford,BradAn00,C,Olusegun Oluwatimi,OluwOl00,DE,Leonard Williams,WillLe02,DT,Byron Murphy,MurpBy01,OLB,Derick Hall,HallDe04,LB,DeMarcus Lawrence,LawrDe00,LB,Uchenna Nwosu,NwosUc00,LB,Drake Thomas,ThomDr00,CB,Josh Jobe,JobeJo00,CB,Devon Witherspoon,WithDe00,FS,Ty Okada,OkadTy00,FS,Coby Bryant,BryaCo01,S,Nick Emmanwori,EmmaNi00,Referee,Ron Torbert,Umpire,Barry Anderson,Down Judge,Frank LeBlanc,Line Judge,Brian Bolinger,Back Judge,Courtney Brown,Side Judge,Keith Washington,Field Judge,Ryan Dickson
202511230rai,2025-11-23,Sunday,4:05pm,Las Vegas Raiders,Cleveland Browns,rai,cle,10,24,Pete Carroll,Kevin Stefanski,Allegiant Stadium,62244,3:09,dome,grass,,QB,Geno Smith,SmitGe00,RB,Ashton Jeanty,JeanAs00,WR,Tre Tucker,TuckTr00,TE,Brock Bowers,BoweBr01,TE,Ian Thomas,ThomIa00,TE,Michael Mayer,MayeMi00,OL,Stone Forsythe,ForsSt00,OT,Delmar Glaze,GlazDe00,G,Dylan Parham,ParhDy00,G,Jordan Meredith,MereJo00,C,Will Putnam,PutnWi00,DE,Maxx Crosby,CrosMa00,DE,Charles Snowden,SnowCh00,DT,Jonah Laulu,LaulJo00,DT,Thomas Booker,BookTh00,DT,Adam Butler,ButlAd00,LB,Elandon Roberts,RobeEl00,LB,Devin White,WhitDe02,CB,Darien Porter,PortDa00,CB,Eric Stokes,StokEr00,S,Isaiah Pola-Mao,PolaIs00,S,Jeremy Chinn,ChinJe00,QB,Shedeur Sanders,SandSh00,RB,Quinshon Judkins,JudkQu00,WR,Jerry Jeudy,JeudJe00,TE,Brenden Bates,BateBr00,TE,David Njoku,NjokDa00,TE,Harold Fannin,FannHa00,OT,Cam Robinson,RobiCa00,T,Jack Conklin,ConkJa00,G,Joel Bitonio,BitoJo00,G,Wyatt Teller,TellWy00,C,Ethan Pocic,PociEt00,DE,Myles Garrett,GarrMy00,DE,Isaiah McGuire,McGuIs00,DT,Mason Graham,GrahMa00,DT,Maliek Collins,CollMa00,LB,Carson Schwesinger,SchwCa00,LB,Mohamoud Diabate,DiabMo00,LB,Devin Bush Jr.,BushDe01,CB,Denzel Ward,WardDe02,CB,Tyson Campbell,CampTy01,S,Ronnie Hickman,HickRo00,S,Grant Delpit,DelpGr00,Referee,Shawn Hochuli,Umpire,Larry Smith,Down Judge,Patrick Holt,Line Judge,Tim Podraza,Back Judge,Jimmy Russell,Side Judge,Jim Quirk,Field Judge,Jason Ledet
202511230ram,2025-11-23,Sunday,8:20pm,Los Angeles Rams,Tampa Bay Buccaneers,ram,tam,34,7,Sean McVay,Todd Bowles,SoFi Stadium,75545,2:51,dome,matrixturf,,QB,Matthew Stafford,StafMa00,RB,Kyren Williams,WillKy02,WR,Davante Adams,AdamDa01,WR,Jordan Whittington,WhitJo04,WR,Puka Nacua,NacuPu00,TE,Colby Parkinson,ParkCo02,OL,Steve Avila,AvilSt00,OL,Warren McClendon,McClWa00,OL,Alaric Jackson,JackAl01,OL,Kevin Dotson,DotsKe00,C,Coleman Shelton,ShelCo00,DE,Braden Fiske,FiskBr00,DE,Kobie Turner,TurnKo00,NT,Poona Ford,FordPo00,OLB,Jared Verse,VersJa00,OLB,Byron Young,YounBy01,LB,Nathan Landman,LandNa01,LB,Omar Speights,SpeiOm00,CB,Emmanuel Forbes,ForbEm00,CB,Cobie Durant,DuraDe01,S,Kamren Kinchens,KincKa00,S,Kamren Curl,CurlKa00,QB,Baker Mayfield,MayfBa00,RB,Rachaad White,WhitRa01,WR,Emeka Egbuka,EgbuEm01,WR,Tez Johnson,JohnTe03,TE,Cade Otton,OttoCa00,TE,Payne Durham,DurhPa00,T,Tristan Wirfs,WirfTr00,T,Luke Goedeke,GoedLu00,G,Dan Feeney,FeenDa00,G,Michael Jordan,JordMi01,C,Graham Barton,BartGr00,DL,Logan Hall,HallLo00,NT,Vita Vea,VeaxVi00,OLB,YaYa Diaby,DiabYa00,OLB,Anthony Nelson,NelsAn01,LB,SirVocea Dennis,DennSi00,LB,Lavonte David,DaviLa00,CB,Zyon McCollum,McCoZy02,CB,Jacob Parrish,ParrJa01,CB,Kindle Vildor,VildKi00,S,Tykee Smith,SmitTy05,S,Antoine Winfield Jr.,WinfAn00,Referee,Clay Martin,Umpire,Steve Woods,Down Judge,Jerod Phillips,Line Judge,Brian Perry,Back Judge,Greg Wilson,Side Judge,Alonzo Ramsey,Field Judge,Dave Hawkshaw
202511230rav,2025-11-23,Sunday,1:00pm,Baltimore Ravens,New York Jets,rav,nyj,23,10,John Harbaugh,Aaron Glenn,M&amp;T Bank Stadium,70029,2:52,outdoors,grass,"54 degrees, relative humidity 69%, wind 3 mph",QB,Lamar Jackson,JackLa00,RB,Derrick Henry,HenrDe00,WR,Zay Flowers,FlowZa00,WR,DeAndre Hopkins,HopkDe00,TE,Mark Andrews,AndrMa00,TE,Isaiah Likely,LikeIs00,OL,Andrew Vorhees,VorhAn00,T,Ronnie Stanley,StanRo00,T,Roger Rosengarten,RoseRo01,G,Daniel Faalele,FaalDa00,C,Tyler Linderbaum,LindTy00,DL,Brent Urban,UrbaBr00,DL,Travis Jones,JoneTr00,DE,Dre'Mont Jones,JoneDr00,DT,John Jenkins,JenkJo00,OLB,Kyle Van Noy,VanNKy00,LB,Teddye Buchanan,BuchTe00,LB,Roquan Smith,SmitRo07,CB,Marlon Humphrey,HumpMa00,CB,Nate Wiggins,WiggNa00,S,Kyle Hamilton,HamiKy00,S,Alohi Gilman,GilmAl00,QB,Tyrod Taylor,TaylTy00,RB,Breece Hall,HallBr03,WR,Arian Smith,SmitAr01,TE,Mason Taylor,TaylMa02,TE,Jeremy Ruckert,RuckJe00,OL,Olumuyiwa Fashanu,FashOl00,OL,Max Mitchell,MitcMa02,OL,John Simpson,SimpJo00,OT,Armand Membou,MembAr00,C,Joe Tippmann,TippJo00,C,Josh Myers,MyerJo00,DL,Harrison Phillips,PhilHa00,DE,Will McDonald,McDoWi00,DT,Jowon Briggs,BrigJo00,LB,Jamien Sherwood,SherJa00,LB,Francisco Mauigoa,MauiFr00,LB,Jermaine Johnson II,JohnJe07,LB,Quincy Williams,WillQu01,CB,Brandon Stephens,StepBr01,CB,Azareye'h Thomas,ThomAz00,DB,Malachi Moore,MoorMa04,S,Tony Adams,AdamTo03,Referee,Clete Blakeman,Umpire,Scott Campbell,Down Judge,Andy Warner,Line Judge,Kent Payne,Back Judge,Jonah Monroe,Side Judge,James Coleman,Field Judge,Karina Tovar
202511240sfo,2025-11-24,Monday,8:15pm,San Francisco 49ers,Carolina Panthers,sfo,car,20,9,Kyle Shanahan,Dave Canales,Levi's Stadium,71337,2:43,outdoors,grass,"58 degrees, relative humidity 78%, wind 3 mph",QB,Brock Purdy,PurdBr00,RB,Christian McCaffrey,McCaCh01,FB,Kyle Juszczyk,JuszKy00,WR,Ricky Pearsall,PearRi00,WR,Jauan Jennings,JennJa00,TE,George Kittle,KittGe00,OL,Dominick Puni,PuniDo00,OL,Colton McKivitz,McKiCo00,OL,Spencer Burford,BurfSp00,OL,Jake Brendel,BrenJa01,OT,Trent Williams,WillTr21,DL,Bryce Huff,HuffBr00,DL,Jordan Elliott,ElliJo02,DL,Kalia Davis,DaviKa01,DL,Sam Okuayinonu,OkuaSa00,LB,Curtis Robinson,RobiCu00,LB,Dee Winters,WintDe00,CB,Renardo Green,GreeRe00,DB,Deommodore Lenoir,LenoDe00,S,Jason Pinnock,PinnJa01,S,Malik Mustapha,MustMa00,S,Ji'Ayir Brown,BrowJi01,QB,Bryce Young,YounBr01,RB,Rico Dowdle,DowdRi01,WR,Jalen Coker,CokeJa01,WR,Tetairoa McMillan,McMiTe00,WR,Xavier Legette,LegeXa00,TE,Tommy Tremble,TremTo00,T,Ikem Ekwonu,EkwoIk00,T,Taylor Moton,MotoTa00,OG,Austin Corbett,CorbAu00,G,Chandler Zavala,ZavaCh00,G,Damien Lewis,LewiDa05,DE,A'Shawn Robinson,RobiAS00,DT,Tershawn Wharton,WharTe00,DT,Derrick Brown,BrowDe05,OLB,D.J. Wonnum,WonnDJ00,LB,Claudin Cherelus,CherCl00,LB,Krys Barnes,BarnKr00,CB,Michael Jackson,JackMi01,CB,Jaycee Horn,HornJa00,S,Tre'von Moehrig,MoehTr00,S,Lathan Ransom,RansLa00,S,Nick Scott,ScotNi01,Referee,Alex Kemp,Umpire,Brandon Ellison,Down Judge,Mike Carr,Line Judge,Rusty Baynes,Back Judge,Scott Helverson,Side Judge,Lo van Pham,Field Judge,Sean Petty
202511270dal,2025-11-27,Thursday,4:30pm,Dallas Cowboys,Kansas City Chiefs,dal,kan,31,28,Brian Schottenheimer,Andy Reid,AT&amp;T Stadium,93739,3:19,retractable roof (closed),matrixturf,,QB,Dak Prescott,PresDa01,RB,Hunter Luepke,LuepHu00,RB,Javonte Williams,WillJa10,WR,Jalen Tolbert,TolbJa00,WR,CeeDee Lamb,LambCe00,TE,Luke Schoonmaker,SchoLu00,OL,Tyler Smith,SmitTy02,T,Nathan Thomas,ThomNa01,T,Terence Steele,SteeTe01,OG,Tyler Booker,BookTy00,C,Cooper Beebe,BeebCo00,DE,Dante Fowler,FowlDa00,DE,Donovan Ezeiruaku,EzeiDo00,DT,Quinnen Williams,WillQu00,DT,Kenny Clark,ClarKe01,MLB,Kenneth Murray,MurrKe00,LB,DeMarvion Overshown,OverDe00,CB,DaRon Bland,BlanDa00,CB,Reddy Steward,StewRe00,CB,Shavon Revel,ReveSh00,S,Malik Hooker,HookMa00,S,Donovan Wilson,WilsDo01,QB,Patrick Mahomes,MahoPa00,RB,Kareem Hunt,HuntKa00,WR,Marquise Brown,BrowMa04,WR,Xavier Worthy,WortXa00,WR,Rashee Rice,RiceRa01,TE,Travis Kelce,KelcTr00,OL,Mike Caliendo,CaliMi00,OT,Josh Simmons,SimmJo01,T,Jawaan Taylor,TaylJa02,T,Kingsley Suamataia,SuamKi00,C,Creed Humphrey,HumpCr00,DE,Michael Danna,DannMi00,DE,George Karlaftis III,KarlGe00,DT,Chris Jones,JoneCh09,DT,Derrick Nnadi,NnadDe00,LB,Nick Bolton,BoltNi00,LB,Drue Tranquill,TranDr00,LB,Leo Chenal,ChenLe00,CB,Trent McDuffie,McDuTr00,CB,Jaylen Watson,WatsJa02,DB,Chamarri Conner,ConnCh01,S,Bryan Cook,CookBr02,Referee,John Hussey,Umpire,Duane Heydt,Down Judge,Max Causey,Line Judge,Carl Johnson,Back Judge,Matt Edwards,Side Judge,Allen Baynes,Field Judge,Anthony Flemming
202511270det,2025-11-27,Thursday,1:00pm,Detroit Lions,Green Bay Packers,det,gnb,24,31,Dan Campbell,Matt LaFleur,Ford Field,66662,3:14,dome,fieldturf,,QB,Jared Goff,GoffJa00,RB,Jahmyr Gibbs,GibbJa01,WR,Jameson Williams,WillJa11,WR,Amon-Ra St. Brown,StxxAm00,TE,Ross Dwelley,DwelRo00,OL,Tate Ratledge,RatlTa00,OT,Dan Skipper,SkipDa00,T,Taylor Decker,DeckTa00,T,Penei Sewell,SewePe00,G,Kayode Awosika,AwosKa00,C,Trystan Colon,ColoTr01,DL,D.J. Reader,,DL,Alim McNeill,McNeAl00,DE,Aidan Hutchinson,HutcAi00,DT,Tyleik Williams,WillTy02,LB,Alex Anzalone,AnzaAl00,LB,Jack Campbell,CampJa04,LB,Derrick Barnes,BarnDe02,CB,D.J. Reed,,CB,Amik Robertson,RobeAm00,DB,Brian Branch,BranBr00,S,Thomas Harper,HarpTh00,QB,Jordan Love,LoveJo03,RB,Josh Jacobs,JacoJo01,WR,Christian Watson,WatsCh00,WR,Romeo Doubs,DoubRo00,TE,John FitzPatrick,FitzJo00,TE,Luke Musgrave,MusgLu00,OL,Zach Tom,TomxZa00,OT,Anthony Belton,BeltAn00,T,Rasheed Walker,WalkRa00,G,Sean Rhyan,RhyaSe00,G,Aaron Banks,BankAa00,DL,Rashan Gary,GaryRa00,DL,Micah Parsons,ParsMi00,DL,Colby Wooden,WoodCo01,DL,Devonte Wyatt,WyatDe00,LB,Ty'Ron Hopper,HoppTy00,LB,Isaiah McDuffie,McDuIs00,LB,Edgerrin Cooper,CoopEd00,CB,Keisean Nixon,NixoKe00,CB,Carrington Valentine,ValeCa00,S,Xavier McKinney,McKiXa00,S,Evan Williams,WillEv00,Referee,Ron Torbert,Umpire,Terry Killens,Down Judge,Patrick Turner,Line Judge,Walter Flowers,Back Judge,Terrence Miles,Side Judge,Dominique Pender,Field Judge,John Jenkins
202511270rav,2025-11-27,Thursday,8:20pm,Baltimore Ravens,Cincinnati Bengals,rav,cin,14,32,John Harbaugh,Zac Taylor,M&amp;T Bank Stadium,70066,3:20,outdoors,grass,"38 degrees, relative humidity 44%, wind 11 mph",QB,Lamar Jackson,JackLa00,RB,Derrick Henry,HenrDe00,FB,Patrick Ricard,RicaPa00,WR,Rashod Bateman,BateRa00,WR,Zay Flowers,FlowZa00,TE,Charlie Kolar,KolaCh00,OL,Andrew Vorhees,VorhAn00,T,Ronnie Stanley,StanRo00,T,Roger Rosengarten,RoseRo01,G,Daniel Faalele,FaalDa00,C,Tyler Linderbaum,LindTy00,DL,Travis Jones,JoneTr00,DE,Dre'Mont Jones,JoneDr00,DT,John Jenkins,JenkJo00,OLB,Kyle Van Noy,VanNKy00,LB,Teddye Buchanan,BuchTe00,LB,Roquan Smith,SmitRo07,CB,Marlon Humphrey,HumpMa00,CB,Nate Wiggins,WiggNa00,S,Malaki Starks,StarMa00,S,Kyle Hamilton,HamiKy00,S,Alohi Gilman,GilmAl00,QB,Joe Burrow,BurrJo01,RB,Chase Brown,BrowCh10,WR,Mitchell Tinsley,TinsMi00,WR,Ja'Marr Chase,ChasJa00,WR,Andrei Iosivas,IosiAn00,TE,Drew Sample,SampDr00,OT,Orlando Brown Jr.,BrowOr00,OT,Amarius Mims,MimsAm00,OG,Dylan Fairchild,FairDy00,G,Dalton Risner,RisnDa00,C,Ted Karras,KarrTe00,DE,Joseph Ossai,OssaJo00,DE,Myles Murphy,MurpMy00,DT,Kris Jenkins,JenkKr01,DT,Tedarrell Slaton,SlatTe00,DT,B.J. Hill,,LB,Barrett Carter,CartBa00,LB,Oren Burks,BurkOr00,CB,Daxton Hill,HillDa04,CB,DJ Turner,TurnDJ01,S,Jordan Battle,BattJo00,S,Geno Stone,StonGe00,Referee,Craig Wrolstad,Umpire,Brandon Cruse,Down Judge,Danny Short,Line Judge,Brett Bergman,Back Judge,Rich Martinez,Side Judge,Frank Steratore,Field Judge,Jeff Shears
202511280phi,2025-11-28,Friday,3:00pm,Philadelphia Eagles,Chicago Bears,phi,chi,15,24,Nick Sirianni,Ben Johnson,Lincoln Financial Field,69879,3:00,outdoors,grass,"42 degrees, relative humidity 35%, wind 18 mph",QB,Jalen Hurts,HurtJa00,RB,Saquon Barkley,BarkSa00,WR,DeVonta Smith,SmitDe07,WR,A.J. Brown,BrowAJ00,WR,Jahan Dotson,DotsJa00,TE,Dallas Goedert,GoedDa00,OL,Tyler Steen,SteeTy00,OL,Cam Jurgens,JurgCa01,T,Fred Johnson,JohnFr01,T,Jordan Mailata,MailJo00,G,Landon Dickerson,DickLa00,DT,Jordan Davis,DaviJo03,DT,Jalen Carter,CartJa05,OLB,Jaelan Phillips,PhilJa02,OLB,Nolan Smith,SmitNo02,LB,Nakobe Dean,DeanNa00,LB,Zack Baun,BaunZa00,CB,Adoree' Jackson,JackAd00,CB,Quinyon Mitchell,MitcQu00,DB,Cooper DeJean,DeJeCo00,S,Sydney Brown,BrowSy00,S,Reed Blankenship,BlanRe00,QB,Caleb Williams,WillCa03,RB,D'Andre Swift,SwifDA00,WR,Luther Burden,BurdLu00,WR,Rome Odunze,OdunRo00,WR,D.J. Moore,,TE,Cole Kmet,KmetCo00,OL,Darnell Wright,WrigDa00,OL,Ozzy Trapilo,TrapOz00,OL,Drew Dalman,DalmDr00,OL,Jonah Jackson,JackJo03,G,Joe Thuney,ThunJo00,DL,Austin Booker,BookAu00,DL,Montez Sweat,SweaMo00,DL,Gervon Dexter,DextGe00,DL,Andrew Billings,BillAn00,LB,Amen Ogbongbemiga,OgboAm00,LB,D'Marco Jackson,JackDM00,CB,Nahshon Wright,WrigNa00,DB,Jaylon Johnson,JohnJa13,DB,Kevin Byard,ByarKe01,DB,Jaquan Brisker,BrisJa01,S,C.J. Gardner-Johnson,GardCh00,Referee,Carl Cheffers,Umpire,Derek Anderson,Down Judge,Daniel Gallagher,Line Judge,Quentin Givens,Back Judge,Martin Hankins,Side Judge,Eugene Hall,Field Judge,Nathan Jones
202511300car,2025-11-30,Sunday,1:00pm,Carolina Panthers,Los Angeles Rams,car,ram,31,28,Dave Canales,Sean McVay,Bank of America Stadium,71292,2:44,outdoors,grass,"45 degrees, relative humidity 57%, wind 3 mph",QB,Bryce Young,YounBr01,RB,Rico Dowdle,DowdRi01,WR,Tetairoa McMillan,McMiTe00,WR,Xavier Legette,LegeXa00,TE,Tommy Tremble,TremTo00,TE,Mitchell Evans,EvanMi01,OT,Jake Curhan,CurhJa00,T,Taylor Moton,MotoTa00,T,Ikem Ekwonu,EkwoIk00,OG,Austin Corbett,CorbAu00,G,Damien Lewis,LewiDa05,DE,A'Shawn Robinson,RobiAS00,DT,Tershawn Wharton,WharTe00,DT,Derrick Brown,BrowDe05,OLB,D.J. Wonnum,WonnDJ00,LB,Krys Barnes,BarnKr00,LB,Trevin Wallace,WallTr00,CB,Michael Jackson,JackMi01,CB,Chau Smith-Wade,SmitCh05,S,Lathan Ransom,RansLa00,S,Demani Richardson,RichDe03,S,Nick Scott,ScotNi01,QB,Matthew Stafford,StafMa00,RB,Kyren Williams,WillKy02,WR,Davante Adams,AdamDa01,WR,Puka Nacua,NacuPu00,WR,Xavier Smith,SmitXa00,TE,Colby Parkinson,ParkCo02,OL,Steve Avila,AvilSt00,OL,Kevin Dotson,DotsKe00,OL,Alaric Jackson,JackAl01,OL,Warren McClendon,McClWa00,C,Coleman Shelton,ShelCo00,DE,Braden Fiske,FiskBr00,DE,Kobie Turner,TurnKo00,NT,Poona Ford,FordPo00,OLB,Byron Young,YounBy01,OLB,Jared Verse,VersJa00,LB,Omar Speights,SpeiOm00,LB,Nathan Landman,LandNa01,CB,Emmanuel Forbes,ForbEm00,CB,Cobie Durant,DuraDe01,S,Jaylen McCollough,McCoJa02,S,Kamren Curl,CurlKa00,Referee,Scott Novak,Umpire,Roy Ellison,Down Judge,Derick Bowers,Line Judge,Julian Mapp,Back Judge,Greg Steed,Side Judge,Clay Reynard,Field Judge,Tra Boger
202511300cle,2025-11-30,Sunday,1:00pm,Cleveland Browns,San Francisco 49ers,cle,sfo,8,26,Kevin Stefanski,Kyle Shanahan,Huntington Bank Field,64042,2:52,outdoors,grass,"35 degrees, relative humidity 73%, wind 20 mph",QB,Shedeur Sanders,SandSh00,RB,Quinshon Judkins,JudkQu00,WR,Malachi Corley,CorlMa00,WR,Jerry Jeudy,JeudJe00,TE,Harold Fannin,FannHa00,TE,David Njoku,NjokDa00,OT,Cam Robinson,RobiCa00,T,Jack Conklin,ConkJa00,G,Joel Bitonio,BitoJo00,G,Wyatt Teller,TellWy00,C,Ethan Pocic,PociEt00,DE,Myles Garrett,GarrMy00,DE,Isaiah McGuire,McGuIs00,DT,Mason Graham,GrahMa00,DT,Maliek Collins,CollMa00,LB,Carson Schwesinger,SchwCa00,LB,Devin Bush Jr.,BushDe01,CB,Denzel Ward,WardDe02,CB,Tyson Campbell,CampTy01,S,Rayshawn Jenkins,JenkRa00,S,Ronnie Hickman,HickRo00,S,Grant Delpit,DelpGr00,QB,Brock Purdy,PurdBr00,RB,Christian McCaffrey,McCaCh01,FB,Kyle Juszczyk,JuszKy00,WR,Ricky Pearsall,PearRi00,WR,Jauan Jennings,JennJa00,TE,George Kittle,KittGe00,OL,Spencer Burford,BurfSp00,OL,Dominick Puni,PuniDo00,OL,Colton McKivitz,McKiCo00,OL,Jake Brendel,BrenJa01,OT,Trent Williams,WillTr21,DL,Keion White,WhitKe03,DL,Bryce Huff,HuffBr00,DL,Jordan Elliott,ElliJo02,DL,Kalia Davis,DaviKa01,LB,Luke Gifford,GiffLu00,LB,Dee Winters,WintDe00,LB,Curtis Robinson,RobiCu00,CB,Renardo Green,GreeRe00,DB,Deommodore Lenoir,LenoDe00,S,Malik Mustapha,MustMa00,S,Ji'Ayir Brown,BrowJi01,Referee,Brad Allen,Umpire,Marcus Woods,Down Judge,Sarah Thomas,Line Judge,Walter Flowers,Back Judge,Tyree Walton,Side Judge,Chad Hill,Field Judge,Rick Patterson
202511300clt,2025-11-30,Sunday,1:00pm,Indianapolis Colts,Houston Texans,clt,htx,16,20,Shane Steichen,DeMeco Ryans,Lucas Oil Stadium,65977,2:59,retractable roof (closed),fieldturf,,QB,Daniel Jones,JoneDa05,RB,Jonathan Taylor,TaylJo02,WR,Michael Pittman Jr.,PittMi01,WR,Alec Pierce,PierAl00,TE,Mo Alie-Cox,AlieMo00,TE,Andrew Ogletree,OgleAn00,T,Braden Smith,SmitBr06,T,Bernhard Raimann,RaimBe00,G,Quenton Nelson,NelsQu00,G,Matt Goncalves,GoncMa00,C,Tanor Bortolini,BortTa00,DE,Laiatu Latu,LatuLa00,DE,Kwity Paye,PayeKw00,DT,Adetomiwa Adebawore,AdebAd00,DT,Grover Stewart,StewGr00,LB,Zaire Franklin,FranZa00,LB,Germaine Pratt,PratGe00,CB,Kenny Moore,MoorKe03,CB,Sauce Gardner,GardSa00,CB,Charvarius Ward,WardCh01,S,Nick Cross,CrosNi00,S,Camryn Bynum,BynuCa00,QB,C.J. Stroud,StroCJ00,RB,Woody Marks,MarkWo00,WR,Nico Collins,CollNi00,WR,Jayden Higgins,HiggJa00,TE,Cade Stover,StovCa00,OT,Trent Brown,BrowTr02,OT,Aireontae Ersery,ErseAi00,T,Blake Fisher,FishBl00,T,Tytus Howard,HowaTy00,G,Ed Ingram,IngrEd00,C,Jake Andrews,AndrJa00,DE,Will Anderson,AndeWi01,DE,Danielle Hunter,HuntDa01,DT,Sheldon Rankins,RankSh00,DT,Tim Settle,SettTi00,LB,Azeez Al-Shaair,AlShAz00,LB,Henry To'oTo'o,TooTHe00,CB,Kamari Lassiter,LassKa00,CB,Derek Stingley Jr.,StinDe00,S,Jalen Pitre,PitrJa00,S,Jaylen Reed,ReedJa04,S,Calen Bullock,BullCa00,Referee,Clay Martin,Umpire,Steve Woods,Down Judge,Jerod Phillips,Line Judge,Brian Perry,Back Judge,Greg Wilson,Side Judge,Alonzo Ramsey,Field Judge,Dave Hawkshaw
202511300mia,2025-11-30,Sunday,1:00pm,Miami Dolphins,New Orleans Saints,mia,nor,21,17,Mike McDaniel,Kellen Moore,Hard Rock Stadium,63864,3:04,outdoors,grass,"76 degrees, relative humidity 87%, wind 10 mph",QB,Tua Tagovailoa,TagoTu00,RB,De'Von Achane,AchaDe00,FB,Alec Ingold,IngoAl01,WR,Cedrick Wilson Jr.,WilsCe01,WR,Jaylen Waddle,WaddJa00,TE,Darren Waller,WallDa01,OL,Aaron Brewer,BrewAa01,OL,Jonah Savaiinaea,SavaJo00,OL,Austin Jackson,JackAu00,OT,Patrick Paul,PaulPa01,G,Cole Strange,StraCo01,DT,Jordan Phillips,PhilJo02,DT,Zach Sieler,SielZa00,LB,Chop Robinson,RobiCh00,LB,Tyrel Dodson,DodsTy01,LB,Bradley Chubb,ChubBr00,LB,Jordyn Brooks,BrooJo01,CB,Jack Jones,JoneJa10,CB,Rasul Douglas,DougRa00,S,Minkah Fitzpatrick,FitzMi00,S,Ifeatu Melifonwu,MeliIf00,S,Ashtyn Davis,DaviAs00,QB,Tyler Shough,ShouTy00,RB,Devin Neal,NealDe00,WR,Devaughn Vele,VeleDe00,WR,Chris Olave,OlavCh00,TE,Taysom Hill,HillTa00,TE,Foster Moreau,MoreFo00,OL,Luke Fortner,FortLu01,OL,Cesar Ruiz,RuizCe00,OL,Dillon Radunz,RaduDi00,OT,Kelvin Banks,BankKe01,OT,Taliese Fuaga,FuagTa00,DE,Chase Young,YounCh04,DE,Cameron Jordan,JordCa00,DE,Jonathan Bullard,BullJo00,DT,Davon Godchaux,GodcDa00,DT,Bryan Bresee,BresBr00,LB,Demario Davis,DaviDe00,LB,Pete Werner,WernPe00,CB,Kool-Aid McKinstry,McKiKo00,CB,Alontae Taylor,TaylAl01,S,Justin Reid,ReidJu00,S,Jonas Sanker,SankJo00,Referee,Alan Eck,Umpire,Tab Slaughter,Down Judge,David Oliver,Line Judge,Greg Bradley,Back Judge,Grantis Bell,Side Judge,Dale Shaw,Field Judge,John Jenkins
202511300nyj,2025-11-30,Sunday,1:00pm,New York Jets,Atlanta Falcons,nyj,atl,27,24,Aaron Glenn,Raheem Morris,MetLife Stadium,70012,3:09,outdoors,fieldturf,"43 degrees, relative humidity 79%, wind 8 mph",QB,Tyrod Taylor,TaylTy00,RB,Breece Hall,HallBr03,WR,John Metchie,MetcJo00,WR,Adonai Mitchell,MitcAd00,TE,Mason Taylor,TaylMa02,TE,Jeremy Ruckert,RuckJe00,OL,Olumuyiwa Fashanu,FashOl00,OL,John Simpson,SimpJo00,OT,Armand Membou,MembAr00,C,Joe Tippmann,TippJo00,C,Josh Myers,MyerJo00,DL,Harrison Phillips,PhilHa00,DE,Will McDonald,McDoWi00,DT,Jowon Briggs,BrigJo00,LB,Jamien Sherwood,SherJa00,LB,Francisco Mauigoa,MauiFr00,LB,Jermaine Johnson II,JohnJe07,LB,Quincy Williams,WillQu01,CB,Brandon Stephens,StepBr01,CB,Azareye'h Thomas,ThomAz00,DB,Malachi Moore,MoorMa04,S,Tony Adams,AdamTo03,QB,Kirk Cousins,CousKi00,RB,Bijan Robinson,RobiBi01,WR,David Sills V,SillDa01,WR,Darnell Mooney,MoonDa00,TE,Charlie Woerner,WoerCh00,TE,Kyle Pitts,PittKy00,OL,Ryan Neuzil,NeuzRy00,OL,Matthew Bergeron,BergMa00,OL,Elijah Wilkinson,WilkEl00,T,Jake Matthews,MattJa00,G,Chris Lindstrom,LindCh00,DL,LaCale London,LondLa00,DL,David Onyemata,OnyeDa00,DE,Leonard Floyd,FloyLe00,DE,Jalon Walker,WalkJa02,DT,Brandon Dorlus,DorlBr00,LB,Kaden Elliss,ElliKa00,LB,Divine Deablo,DeabDi00,CB,Mike Hughes,HughMi00,CB,AJ Terrell,TerrAJ00,S,Xavier Watts,WattXa00,S,Jessie Bates III,BateJe00,Referee,Shawn Hochuli,Umpire,Larry Smith,Down Judge,Patrick Holt,Line Judge,Tim Podraza,Back Judge,Jimmy Russell,Side Judge,Jim Quirk,Field Judge,Jason Ledet
202511300oti,2025-11-30,Sunday,1:00pm,Tennessee Titans,Jacksonville Jaguars,oti,jax,3,25,Mike McCoy,Liam Coen,Nissan Stadium,54098,3:08,outdoors,grass,"38 degrees, relative humidity 79%, wind 7 mph",QB,Cam Ward,WardCa00,RB,Tony Pollard,PollTo00,WR,Elic Ayomanor,AyomEl00,WR,Van Jefferson,JeffVa00,TE,Gunnar Helm,HelmGu00,TE,Chig Okonkwo,OkonCh00,OL,Peter Skoronski,SkorPe00,OL,Corey Levin,LeviCo00,OT,Dan Moore,MoorDa05,OT,JC Latham,LathJC00,G,Kevin Zeitler,ZeitKe00,DT,Jeffery Simmons,SimmJe01,NT,T'Vondre Sweat,SweaTV01,OLB,Arden Key,KeyxAr00,OLB,Jihad Ward,WardJi02,LB,Cedric Gray,GrayCe00,LB,Cody Barton,BartCo00,CB,Marcus Harris,HarrMa10,CB,Darrell Baker,BakeDa02,S,Amani Hooker,HookAm00,S,Kevin Winston,WinsKe02,S,Xavier Woods,WoodXa00,QB,Trevor Lawrence,LawrTr00,RB,Travis Etienne,EtieTr00,WR,Brian Thomas,ThomBr06,WR,Jakobi Meyers,MeyeJa01,WR,Parker Washington,WashPa01,TE,Brenton Strange,StraBr00,OL,Anton Harrison,HarrAn00,OL,Ezra Cleveland,ClevEz00,OL,Walker Little,LittWa00,OL,Cole Van Lanen,VanxCo00,C,Robert Hainsey,HainRo00,DL,Danny Striggow,StriDa01,DE,Josh Hines-Allen,AlleJo03,DT,DaVon Hamilton,HamiDa02,DT,Maason Smith,SmitMa07,OLB,Dennis Gardeck,GardDe01,LB,Devin Lloyd,LloyDe00,LB,Foyesade Oluokun,OluoFo00,CB,Montaric Brown,BrowMo00,CB,Greg Newsome II,NewsGr00,S,Antonio Johnson,JohnAn07,S,Andrew Wingard,WingAn01,Referee,Brad Rogers,Umpire,Bryan Neale,Down Judge,Patrick Turner,Line Judge,Kevin Codey,Back Judge,Greg Yette,Side Judge,David Meslow,Field Judge,Joe Blubaugh
202511300pit,2025-11-30,Sunday,4:25pm,Pittsburgh Steelers,Buffalo Bills,pit,buf,7,26,Mike Tomlin,Sean McDermott,Acrisure Stadium,66068,2:53,outdoors,grass,"34 degrees, relative humidity 68%, wind 16 mph",QB,Aaron Rodgers,RodgAa00,RB,Jaylen Warren,WarrJa01,WR,Roman Wilson,WilsRo02,WR,D.K. Metcalf,MetcDK00,TE,Darnell Washington,WashDa03,OL,Spencer Anderson,AndeSp00,OT,Troy Fautanu,FautTr00,OG,Andrus Peat,PeatAn00,G,Mason McCormick,McCoMa00,G,Isaac Seumalo,SeumIs00,C,Zach Frazier,FrazZa00,DT,Cameron Heyward,HeywCa01,DT,Keeanu Benton,BentKe00,OLB,Malik Harrison,HarrMa06,LB,Alex Highsmith,HighAl02,LB,Patrick Queen,QueePa00,LB,T.J. Watt,,CB,James Pierre,PierJa01,CB,Joey Porter Jr.,PortJo02,CB,Jalen Ramsey,RamsJa00,CB,Brandin Echols,EchoBr00,S,Kyle Dugger,DuggKy00,QB,Josh Allen,AlleJo02,RB,James Cook,CookJa01,WR,Tyrell Shavers,ShavTy00,WR,Khalil Shakir,ShakKh00,WR,Brandin Cooks,CookBr00,TE,Jackson Hawes,HaweJa00,T,Alec Anderson,AndeAl01,T,Ryan Van Demark,VanDRy00,G,David Edwards,EdwaDa01,G,Connor McGovern,McGoCo01,G,O'Cyrus Torrence,TorrOC00,DE,Joey Bosa,BosaJo00,DE,Gregory Rousseau,RousGr00,DT,DaQuan Jones,JoneDa04,DT,Deone Walker,WalkDe04,OLB,Shaq Thompson,ThomSh01,LB,Dorian Williams,WillDo04,LB,Matt Milano,MilaMa00,CB,Tre'Davious White,WhitTr01,CB,Christian Benford,BenfCh00,S,Jordan Poyer,PoyeJo00,S,Cole Bishop,BishCo00,Referee,Alex Kemp,Umpire,Brandon Ellison,Down Judge,Mike Carr,Line Judge,Rusty Baynes,Back Judge,Scott Helverson,Side Judge,Lo van Pham,Field Judge,Sean Petty
202511300sdg,2025-11-30,Sunday,4:25pm,Los Angeles Chargers,Las Vegas Raiders,sdg,rai,31,14,Jim Harbaugh,Pete Carroll,SoFi Stadium,71018,2:50,dome,matrixturf,,QB,Justin Herbert,HerbJu00,RB,Kimani Vidal,VidaKi00,FB,Scott Matlock,MatlSc00,WR,Tre Harris,HarrTr03,TE,Tucker Fisk,FiskTu00,TE,Oronde Gadsden II,GadsOr01,OL,Jamaree Salyer,SalyJa00,OL,Trey Pipkins,PipkTr00,G,Mekhi Becton,BectMe00,G,Zion Johnson,JohnZi00,C,Bradley Bozeman,BozeBr00,DL,Teair Tart,TartTe00,DL,Da'Shawn Hand,HandDa00,OLB,Khalil Mack,MackKh00,OLB,Tuli Tuipulotu,TuipTu00,LB,Denzel Perryman,PerrDe00,LB,Daiyan Henley,HenlDa00,CB,Donte Jackson,JackDo02,CB,Tarheeb Still,StilTa00,DB,Elijah Molden,MoldEl00,S,Derwin James,JameDe00,S,R.J. Mickens,MickRJ00,QB,Geno Smith,SmitGe00,RB,Ashton Jeanty,JeanAs00,WR,Dont'e Thornton,ThorDo00,WR,Tre Tucker,TuckTr00,TE,Brock Bowers,BoweBr01,TE,Ian Thomas,ThomIa00,OL,Stone Forsythe,ForsSt00,OT,Delmar Glaze,GlazDe00,OG,Caleb Rogers,RogeCa01,G,Alex Cappa,CappAl00,G,Dylan Parham,ParhDy00,DE,Charles Snowden,SnowCh00,DE,Maxx Crosby,CrosMa00,DT,Jonah Laulu,LaulJo00,DT,Leki Fotu,FotuLe00,DT,Adam Butler,ButlAd00,LB,Devin White,WhitDe02,LB,Elandon Roberts,RobeEl00,CB,Eric Stokes,StokEr00,CB,Darien Porter,PortDa00,S,Isaiah Pola-Mao,PolaIs00,S,Jeremy Chinn,ChinJe00,Referee,Alex Moore,Umpire,Terry Killens,Down Judge,Dana McKenzie,Line Judge,Tom Eaton,Back Judge,Terrence Miles,Side Judge,Anthony Jeffries,Field Judge,Mearl Robinson
202511300sea,2025-11-30,Sunday,4:05pm,Seattle Seahawks,Minnesota Vikings,sea,min,26,0,Mike Macdonald,Kevin O'Connell,Lumen Field,68790,2:49,outdoors,fieldturf,"45 degrees, relative humidity 75%, wind 2 mph",QB,Sam Darnold,DarnSa00,RB,Kenneth Walker III,WalkKe00,WR,Jaxon Smith-Njigba,SmitJa06,WR,Cooper Kupp,KuppCo00,TE,AJ Barner,BarnAJ00,TE,Elijah Arroyo,ArroEl00,T,Abraham Lucas,LucaAb00,T,Charles Cross,CrosCh00,OG,Grey Zabel,ZabeGr00,G,Anthony Bradford,BradAn00,C,Olusegun Oluwatimi,OluwOl00,DE,Leonard Williams,WillLe02,DT,Byron Murphy,MurpBy01,LB,Ernest Jones,JoneEr01,LB,DeMarcus Lawrence,LawrDe00,LB,Uchenna Nwosu,NwosUc00,LB,Drake Thomas,ThomDr00,CB,Josh Jobe,JobeJo00,CB,Devon Witherspoon,WithDe00,FS,Ty Okada,OkadTy00,FS,Coby Bryant,BryaCo01,S,Nick Emmanwori,EmmaNi00,QB,Max Brosmer,BrosMa00,RB,Aaron Jones,JoneAa00,WR,Jordan Addison,AddiJo00,WR,Justin Jefferson,JeffJu00,TE,Josh Oliver,OlivJo00,TE,T.J. Hockenson,HockTJ00,T,Justin Skule,SkulJu00,T,Brian O'Neill,ONeiBr00,G,Will Fries,FrieWi00,G,Blake Brandel,BranBl00,C,Ryan Kelly,KellRy00,DL,Javon Hargrave,HargJa00,DL,Jonathan Allen,AlleJo01,DL,Jalen Redmond,RedmJa01,OLB,Andrew Van Ginkel,VanGAn00,OLB,Dallas Turner,TurnDa01,LB,Eric Wilson,WilsEr00,LB,Blake Cashman,CashBl00,CB,Isaiah Rodgers,RodgIs00,CB,Byron Murphy,MurpBy00,S,Harrison Smith,SmitHa00,S,Josh Metellus,MeteJo00,Referee,Clete Blakeman,Umpire,Scott Campbell,Down Judge,Andy Warner,Line Judge,Kent Payne,Back Judge,Jonah Monroe,Side Judge,James Coleman,Field Judge,Karina Tovar
202511300tam,2025-11-30,Sunday,1:00pm,Tampa Bay Buccaneers,Arizona Cardinals,tam,crd,20,17,Todd Bowles,Jonathan Gannon,Raymond James Stadium,61103,2:50,outdoors,grass,"80 degrees, relative humidity 56%, wind 8 mph",QB,Baker Mayfield,MayfBa00,RB,Rachaad White,WhitRa01,WR,Tez Johnson,JohnTe03,WR,Emeka Egbuka,EgbuEm01,WR,Chris Godwin,GodwCh00,TE,Cade Otton,OttoCa00,T,Tristan Wirfs,WirfTr00,T,Luke Goedeke,GoedLu00,G,Dan Feeney,FeenDa00,G,Ben Bredeson,BredBe00,C,Graham Barton,BartGr00,DL,Logan Hall,HallLo00,DL,Elijah Roberts,RobeEl01,NT,Vita Vea,VeaxVi00,OLB,YaYa Diaby,DiabYa00,OLB,Haason Reddick,ReddHa00,LB,SirVocea Dennis,DennSi00,LB,Lavonte David,DaviLa00,CB,Jamel Dean,DeanJa00,CB,Zyon McCollum,McCoZy02,S,Tykee Smith,SmitTy05,S,Antoine Winfield Jr.,WinfAn00,QB,Jacoby Brissett,BrisJa00,RB,Zonovan Knight,KnigZo00,WR,Michael Wilson,WilsMi02,WR,Marvin Harrison Jr.,HarrMa09,TE,Trey McBride,McBrTr01,TE,Elijah Higgins,HiggEl00,OL,Paris Johnson,JohnPa03,OL,Isaiah Adams,AdamIs01,OL,Hjalte Froholdt,FrohHj00,OL,Evan Brown,BrowEv00,OL,Kelvin Beachum,BeacKe00,DL,Calais Campbell,CampCa99,DL,Darius Robinson,RobiDa01,DT,Dalvin Tomlinson,TomlDa00,OLB,Zaven Collins,CollZa00,OLB,Josh Sweat,SweaJo00,LB,Cody Simon,SimoCo01,CB,Denzel Burke,BurkDe01,CB,Will Johnson,JohnWi02,CB,Garrett Williams,WillGa00,S,Jalen Thompson,ThomJa04,S,Budda Baker,BakeBu00,Referee,Bill Vinovich,Umpire,Scott Walker,Down Judge,Dale Keller,Line Judge,Tripp Sutter,Back Judge,Todd Prukop,Side Judge,Jimmy Buchanan,Field Judge,Aaron Santi
202511300was,2025-11-30,Sunday,8:20pm,Washington Commanders,Denver Broncos,was,den,26,27,Dan Quinn,Sean Payton,Northwest Stadium,63159,3:36,outdoors,grass,"40 degrees, relative humidity 77%, wind 13 mph",QB,Marcus Mariota,MariMa01,RB,Chris Rodriguez,RodrCh00,WR,Deebo Samuel,SamuDe00,WR,Terry McLaurin,McLaTe00,TE,John Bates,BateJo00,TE,Zach Ertz,ErtzZa00,OL,Samuel Cosmi,CosmSa00,OT,Josh Conerly,ConeJo00,T,Laremy Tunsil,TunsLa00,G,Chris Paul,PaulCh00,C,Tyler Biadasz,BiadTy00,DE,Jacob Martin,MartJa02,DT,Javon Kinlaw,KinlJa00,DT,Daron Payne,PaynDa00,DT,Eddie Goldman,GoldEd00,MLB,Bobby Wagner,WagnBo00,LB,Jordan Magee,MageJo00,LB,Frankie Luvu,LuvuFr00,CB,Jonathan Jones,JoneJo03,CB,Mike Sainristil,SainMi00,FS,Will Harris,HarrWi02,S,Quan Martin,MartJa04,QB,Bo Nix,NixxBo00,RB,RJ Harvey,HarvRJ00,FB,Adam Prentice,PrenAd00,WR,Courtland Sutton,SuttCo00,TE,Adam Trautman,TrauAd00,OL,Quinn Meinerz,MeinQu02,OT,Frank Crum,CrumFr00,T,Garett Bolles,BollGa00,T,Alex Palczewski,PalcAl00,T,Mike McGlinchey,McGlMi00,C,Luke Wattenberg,WattLu00,DL,John Franklin-Myers,FranJo02,DL,Zach Allen,AlleZa01,DT,D.J. Jones,,OLB,Jonathon Cooper,CoopJo02,OLB,Nik Bonitto,BoniNi00,LB,Dre Greenlaw,GreeDr00,LB,Alex Singleton,SingAl00,CB,Riley Moss,MossRi00,CB,Patrick Surtain II,SurtPa01,S,Brandon Jones,JoneBr06,S,Talanoa Hufanga,HufaTa00,Referee,Land Clark,Umpire,Mark Pellis,Down Judge,Tom Stephan,Line Judge,Jeff Hutcheon,Back Judge,Brad Freeman,Side Judge,Dominique Pender,Field Judge,Jabir Walker
202512010nwe,2025-12-01,Monday,8:15pm,New England Patriots,New York Giants,nwe,nyg,33,15,Mike Vrabel,Mike Kafka,Gillette Stadium,64628,2:50,outdoors,fieldturf,"30 degrees, relative humidity 58%, wind 5 mph",QB,Drake Maye,MayeDr00,RB,Rhamondre Stevenson,StevRh00,WR,Kayshon Boutte,BoutKa00,WR,Mack Hollins,HollMa00,WR,Stefon Diggs,DiggSt00,TE,Hunter Henry,HenrHu00,OL,Michael Onwenu,OnweMi00,OT,Morgan Moses,MoseMo00,T,Vederian Lowe,LoweVe00,C,Ben Brown,BrowBe01,C,Garrett Bradbury,BradGa00,DT,Christian Barmore,BarmCh00,NT,Cory Durden,DurdCo00,OLB,Harold Landry,LandHa00,LB,Christian Elliss,ElliCh00,LB,K'Lavon Chaisson,ChaiKL00,LB,Robert Spillane,SpilRo00,CB,Carlton Davis,DaviCa02,CB,Christian Gonzalez,GonzCh00,CB,Marcus Jones,JoneMa06,S,Jaylinn Hawkins,HawkJa00,S,Craig Woodson,WoodCr00,QB,Jaxson Dart,DartJa00,RB,Tyrone Tracy Jr.,TracTy00,WR,Darius Slayton,SlayDa01,WR,Isaiah Hodgins,HodgIs00,WR,Wan'Dale Robinson,RobiWa01,TE,Theo Johnson,JohnTh00,OL,Jermaine Eluemunor,ElueJe00,T,Andrew Thomas,ThomAn02,OG,Greg Van Roten,VanRGr00,G,Jon Runyan Jr.,RunyJo00,C,John Michael Schmitz,MichJo00,DL,Dexter Lawrence,LawrDe03,DL,Chauncey Golston,GolsCh00,DT,Roy Robertson-Harris,RobeRo00,OLB,Brian Burns,BurnBr00,LB,Bobby Okereke,OkerBo00,LB,Zaire Barnes,BarnZa00,CB,Paulson Adebo,AdebPa00,CB,Andru Phillips,PhilAn02,CB,Cordale Flott,FlotCo00,S,Jevon Holland,HollJe02,S,Dane Belton,BeltDa00,Referee,Alex Kemp,Umpire,Brandon Ellison,Down Judge,Mike Carr,Line Judge,Rusty Baynes,Back Judge,Scott Helverson,Side Judge,Lo van Pham,Field Judge,Sean Petty
202512040det,2025-12-04,Thursday,8:15pm,Detroit Lions,Dallas Cowboys,det,dal,44,30,Dan Campbell,Brian Schottenheimer,Ford Field,64028,3:22,dome,fieldturf,,QB,Jared Goff,GoffJa00,RB,Jahmyr Gibbs,GibbJa01,WR,Jameson Williams,WillJa11,WR,Isaac TeSlaa,TeSlIs00,WR,Amon-Ra St. Brown,StxxAm00,TE,Anthony Firkser,FirkAn00,OL,Graham Glasgow,GlasGr00,OL,Tate Ratledge,RatlTa00,T,Taylor Decker,DeckTa00,T,Penei Sewell,SewePe00,C,Trystan Colon,ColoTr01,DL,Alim McNeill,McNeAl00,DL,D.J. Reader,,DE,Marcus Davenport,DaveMa00,DE,Aidan Hutchinson,HutcAi00,LB,Derrick Barnes,BarnDe02,LB,Jack Campbell,CampJa04,LB,Alex Anzalone,AnzaAl00,CB,D.J. Reed,,CB,Amik Robertson,RobeAm00,DB,Brian Branch,BranBr00,S,Thomas Harper,HarpTh00,QB,Dak Prescott,PresDa01,RB,Javonte Williams,WillJa10,RB,Hunter Luepke,LuepHu00,WR,CeeDee Lamb,LambCe00,WR,George Pickens,PickGe00,TE,Luke Schoonmaker,SchoLu00,OL,Tyler Smith,SmitTy02,T,Nathan Thomas,ThomNa01,T,Terence Steele,SteeTe01,OG,Tyler Booker,BookTy00,C,Cooper Beebe,BeebCo00,DE,Dante Fowler,FowlDa00,DE,Donovan Ezeiruaku,EzeiDo00,DT,Osa Odighizuwa,OdigOs00,DT,Quinnen Williams,WillQu00,DT,Kenny Clark,ClarKe01,MLB,Kenneth Murray,MurrKe00,CB,DaRon Bland,BlanDa00,CB,Reddy Steward,StewRe00,CB,Shavon Revel,ReveSh00,S,Malik Hooker,HookMa00,S,Donovan Wilson,WilsDo01,Referee,Shawn Hochuli,Umpire,Larry Smith,Down Judge,Patrick Holt,Line Judge,Tim Podraza,Back Judge,Jimmy Russell,Side Judge,Jim Quirk,Field Judge,Jason Ledet
202512070atl,2025-12-07,Sunday,1:00pm,Atlanta Falcons,Seattle Seahawks,atl,sea,9,37,Raheem Morris,Mike Macdonald,Mercedes-Benz Stadium,68721,2:55,retractable roof (closed),fieldturf,,QB,Kirk Cousins,CousKi00,RB,Bijan Robinson,RobiBi01,WR,David Sills V,SillDa01,WR,Darnell Mooney,MoonDa00,TE,Charlie Woerner,WoerCh00,TE,Kyle Pitts,PittKy00,OL,Ryan Neuzil,NeuzRy00,OL,Elijah Wilkinson,WilkEl00,OL,Matthew Bergeron,BergMa00,T,Jake Matthews,MattJa00,G,Chris Lindstrom,LindCh00,DL,David Onyemata,OnyeDa00,DE,Leonard Floyd,FloyLe00,DE,Jalon Walker,WalkJa02,DT,Ruke Orhorhoro,OrhoRu00,LB,Kaden Elliss,ElliKa00,LB,Divine Deablo,DeabDi00,CB,Mike Hughes,HughMi00,CB,DeAundre Alford,AlfoDe00,CB,AJ Terrell,TerrAJ00,S,Xavier Watts,WattXa00,S,Jessie Bates III,BateJe00,QB,Sam Darnold,DarnSa00,RB,Kenneth Walker III,WalkKe00,WR,Jaxon Smith-Njigba,SmitJa06,WR,Rashid Shaheed,ShahRa00,WR,Cooper Kupp,KuppCo00,TE,AJ Barner,BarnAJ00,T,Charles Cross,CrosCh00,T,Abraham Lucas,LucaAb00,OG,Grey Zabel,ZabeGr00,G,Anthony Bradford,BradAn00,C,Olusegun Oluwatimi,OluwOl00,DT,Byron Murphy,MurpBy01,DT,Leonard Williams,WillLe02,LB,DeMarcus Lawrence,LawrDe00,LB,Ernest Jones,JoneEr01,LB,Uchenna Nwosu,NwosUc00,LB,Drake Thomas,ThomDr00,CB,Josh Jobe,JobeJo00,CB,Devon Witherspoon,WithDe00,FS,Julian Love,LoveJu00,FS,Coby Bryant,BryaCo01,S,Nick Emmanwori,EmmaNi00,Referee,Alex Kemp,Umpire,Brandon Ellison,Down Judge,Mike Carr,Line Judge,Rusty Baynes,Back Judge,Scott Helverson,Side Judge,Lo van Pham,Field Judge,Sean Petty
202512070buf,2025-12-07,Sunday,1:00pm,Buffalo Bills,Cincinnati Bengals,buf,cin,39,34,Sean McDermott,Zac Taylor,Highmark Stadium,70613,3:05,outdoors,a_turf,"31 degrees, relative humidity 86%, wind 12 mph",QB,Josh Allen,AlleJo02,RB,James Cook,CookJa01,WR,Tyrell Shavers,ShavTy00,WR,Gabe Davis,DaviGa01,WR,Khalil Shakir,ShakKh00,TE,Dawson Knox,KnoxDa00,T,Dion Dawkins,DawkDi00,T,Ryan Van Demark,VanDRy00,G,David Edwards,EdwaDa01,G,Connor McGovern,McGoCo01,G,O'Cyrus Torrence,TorrOC00,DE,A.J. Epenesa,EpenAJ00,DE,Gregory Rousseau,RousGr00,DT,DaQuan Jones,JoneDa04,DT,Deone Walker,WalkDe04,OLB,Shaq Thompson,ThomSh01,LB,Matt Milano,MilaMa00,CB,Tre'Davious White,WhitTr01,CB,Taron Johnson,JohnTa01,CB,Christian Benford,BenfCh00,S,Jordan Poyer,PoyeJo00,S,Cole Bishop,BishCo00,QB,Joe Burrow,BurrJo01,RB,Chase Brown,BrowCh10,WR,Tee Higgins,HiggTe00,WR,Andrei Iosivas,IosiAn00,WR,Ja'Marr Chase,ChasJa00,TE,Noah Fant,FantNo00,OT,Orlando Brown Jr.,BrowOr00,OT,Amarius Mims,MimsAm00,OG,Dylan Fairchild,FairDy00,G,Dalton Risner,RisnDa00,C,Ted Karras,KarrTe00,DE,Myles Murphy,MurpMy00,DE,Joseph Ossai,OssaJo00,DT,Tedarrell Slaton,SlatTe00,DT,B.J. Hill,,LB,Barrett Carter,CartBa00,LB,Demetrius Knight,KnigDe00,CB,DJ Turner,TurnDJ01,CB,Daxton Hill,HillDa04,CB,Jalen Davis,DaviJa06,S,Geno Stone,StonGe00,S,Jordan Battle,BattJo00,Referee,Brad Rogers,Umpire,Bryan Neale,Down Judge,Patrick Turner,Line Judge,Kevin Codey,Back Judge,Greg Yette,Side Judge,David Meslow,Field Judge,Joe Blubaugh
202512070cle,2025-12-07,Sunday,1:00pm,Cleveland Browns,Tennessee Titans,cle,oti,29,31,Kevin Stefanski,Mike McCoy,Huntington Bank Field,62982,3:30,outdoors,grass,"33 degrees, relative humidity 86%, wind 6 mph",QB,Shedeur Sanders,SandSh00,RB,Quinshon Judkins,JudkQu00,WR,Cedric Tillman,TillCe01,WR,Malachi Corley,CorlMa00,WR,Jerry Jeudy,JeudJe00,TE,David Njoku,NjokDa00,OT,Cam Robinson,RobiCa00,OT,KT Leveston,LeveKT00,G,Joel Bitonio,BitoJo00,G,Teven Jenkins,JenkTe00,C,Ethan Pocic,PociEt00,DE,Alex Wright,WrigAl01,DE,Myles Garrett,GarrMy00,DT,Sam Kamara,KamaSa00,DT,Shelby Harris,HarrSh00,DT,Mason Graham,GrahMa00,LB,Carson Schwesinger,SchwCa00,LB,Devin Bush Jr.,BushDe01,CB,Tyson Campbell,CampTy01,CB,Denzel Ward,WardDe02,S,Ronnie Hickman,HickRo00,S,Grant Delpit,DelpGr00,QB,Cam Ward,WardCa00,RB,Tony Pollard,PollTo00,WR,Elic Ayomanor,AyomEl00,WR,Van Jefferson,JeffVa00,TE,Gunnar Helm,HelmGu00,TE,David Martin-Robinson,MartDa01,OL,Peter Skoronski,SkorPe00,OL,Corey Levin,LeviCo00,OT,Dan Moore,MoorDa05,OT,JC Latham,LathJC00,G,Kevin Zeitler,ZeitKe00,DT,Jeffery Simmons,SimmJe01,NT,T'Vondre Sweat,SweaTV01,OLB,Arden Key,KeyxAr00,OLB,Jihad Ward,WardJi02,LB,Cedric Gray,GrayCe00,LB,Cody Barton,BartCo00,CB,Marcus Harris,HarrMa10,CB,Darrell Baker,BakeDa02,S,Amani Hooker,HookAm00,S,Kevin Winston,WinsKe02,S,Xavier Woods,WoodXa00,Referee,Carl Cheffers,Umpire,Derek Anderson,Down Judge,Daniel Gallagher,Line Judge,Quentin Givens,Back Judge,Martin Hankins,Side Judge,Eugene Hall,Field Judge,Nathan Jones
202512070crd,2025-12-07,Sunday,4:25pm,Arizona Cardinals,Los Angeles Rams,crd,ram,17,45,Jonathan Gannon,Sean McVay,State Farm Stadium,61970,2:56,retractable roof (open),grass,,QB,Jacoby Brissett,BrisJa00,RB,Zonovan Knight,KnigZo00,WR,Andre Baccellia,BaccAn00,WR,Michael Wilson,WilsMi02,TE,Elijah Higgins,HiggEl00,TE,Trey McBride,McBrTr01,OL,Isaiah Adams,AdamIs01,OL,Hjalte Froholdt,FrohHj00,OL,Jon Gaines,GainJo00,OL,Paris Johnson,JohnPa03,OL,Kelvin Beachum,BeacKe00,DL,Calais Campbell,CampCa99,DT,Dalvin Tomlinson,TomlDa00,OLB,Zaven Collins,CollZa00,OLB,Josh Sweat,SweaJo00,LB,Cody Simon,SimoCo01,CB,Will Johnson,JohnWi02,CB,Garrett Williams,WillGa00,CB,Denzel Burke,BurkDe01,S,Jalen Thompson,ThomJa04,S,Budda Baker,BakeBu00,S,Kitan Crawford,CrawKi00,QB,Matthew Stafford,StafMa00,RB,Kyren Williams,WillKy02,WR,Davante Adams,AdamDa01,WR,Puka Nacua,NacuPu00,WR,Xavier Smith,SmitXa00,TE,Colby Parkinson,ParkCo02,OL,Steve Avila,AvilSt00,OL,Kevin Dotson,DotsKe00,OL,Alaric Jackson,JackAl01,OL,Warren McClendon,McClWa00,C,Coleman Shelton,ShelCo00,DE,Braden Fiske,FiskBr00,DE,Kobie Turner,TurnKo00,NT,Poona Ford,FordPo00,OLB,Byron Young,YounBy01,OLB,Jared Verse,VersJa00,LB,Omar Speights,SpeiOm00,LB,Nathan Landman,LandNa01,CB,Emmanuel Forbes,ForbEm00,CB,Cobie Durant,DuraDe01,S,Jaylen McCollough,McCoJa02,S,Kamren Curl,CurlKa00,Referee,Ron Torbert,Umpire,Barry Anderson,Down Judge,Frank LeBlanc,Line Judge,Brian Bolinger,Back Judge,Courtney Brown,Side Judge,Keith Washington,Field Judge,Ryan Dickson
202512070gnb,2025-12-07,Sunday,4:25pm,Green Bay Packers,Chicago Bears,gnb,chi,28,21,Matt LaFleur,Ben Johnson,Lambeau Field,78214,2:58,outdoors,grass,"16 degrees, relative humidity 55%, wind 9 mph",QB,Jordan Love,LoveJo03,RB,Josh Jacobs,JacoJo01,WR,Dontayvion Wicks,WickDo00,WR,Christian Watson,WatsCh00,WR,Jayden Reed,ReedJa03,TE,Luke Musgrave,MusgLu00,OL,Zach Tom,TomxZa00,OT,Anthony Belton,BeltAn00,T,Rasheed Walker,WalkRa00,G,Aaron Banks,BankAa00,G,Sean Rhyan,RhyaSe00,DL,Colby Wooden,WoodCo01,DL,Micah Parsons,ParsMi00,DL,Rashan Gary,GaryRa00,DL,Karl Brooks,BrooKa00,LB,Quay Walker,WalkQu00,LB,Isaiah McDuffie,McDuIs00,LB,Edgerrin Cooper,CoopEd00,CB,Keisean Nixon,NixoKe00,CB,Carrington Valentine,ValeCa00,S,Xavier McKinney,McKiXa00,S,Evan Williams,WillEv00,QB,Caleb Williams,WillCa03,RB,D'Andre Swift,SwifDA00,WR,Olamide Zaccheaus,ZaccOl01,WR,Luther Burden,BurdLu00,WR,D.J. Moore,,TE,Cole Kmet,KmetCo00,OL,Darnell Wright,WrigDa00,OL,Drew Dalman,DalmDr00,OL,Ozzy Trapilo,TrapOz00,OL,Jonah Jackson,JackJo03,G,Joe Thuney,ThunJo00,DL,Austin Booker,BookAu00,DL,Montez Sweat,SweaMo00,DL,Gervon Dexter,DextGe00,DL,Andrew Billings,BillAn00,LB,D'Marco Jackson,JackDM00,LB,T.J. Edwards,EdwaTJ02,CB,Nahshon Wright,WrigNa00,DB,Jaylon Johnson,JohnJa13,DB,Kevin Byard,ByarKe01,DB,Jaquan Brisker,BrisJa01,S,C.J. Gardner-Johnson,GardCh00,Referee,Craig Wrolstad,Umpire,Brandon Cruse,Down Judge,Danny Short,Line Judge,Brett Bergman,Back Judge,Rich Martinez,Side Judge,Frank Steratore,Field Judge,Jeff Shears
202512070jax,2025-12-07,Sunday,1:00pm,Jacksonville Jaguars,Indianapolis Colts,jax,clt,36,19,Liam Coen,Shane Steichen,EverBank Stadium,60067,3:13,outdoors,grass,"61 degrees, relative humidity 98%, wind 7 mph",QB,Trevor Lawrence,LawrTr00,RB,Travis Etienne,EtieTr00,WR,Brian Thomas,ThomBr06,WR,Jakobi Meyers,MeyeJa01,TE,Brenton Strange,StraBr00,TE,Quintin Morris,MorrQu00,OL,Ezra Cleveland,ClevEz00,OL,Cole Van Lanen,VanxCo00,OL,Anton Harrison,HarrAn00,OL,Patrick Mekari,MekaPa00,C,Robert Hainsey,HainRo00,DE,Travon Walker,WalkTr03,DE,Josh Hines-Allen,AlleJo03,DT,Maason Smith,SmitMa07,DT,DaVon Hamilton,HamiDa02,OLB,Dennis Gardeck,GardDe01,LB,Devin Lloyd,LloyDe00,LB,Foyesade Oluokun,OluoFo00,CB,Greg Newsome II,NewsGr00,CB,Montaric Brown,BrowMo00,S,Eric Murray,MurrEr00,S,Antonio Johnson,JohnAn07,QB,Daniel Jones,JoneDa05,RB,Jonathan Taylor,TaylJo02,WR,Josh Downs,DownJo00,WR,Michael Pittman Jr.,PittMi01,WR,Alec Pierce,PierAl00,TE,Andrew Ogletree,OgleAn00,T,Braden Smith,SmitBr06,T,Bernhard Raimann,RaimBe00,G,Matt Goncalves,GoncMa00,G,Quenton Nelson,NelsQu00,C,Tanor Bortolini,BortTa00,DE,Laiatu Latu,LatuLa00,DE,Kwity Paye,PayeKw00,DT,Neville Gallimore,GallNe00,DT,Grover Stewart,StewGr00,DT,Adetomiwa Adebawore,AdebAd00,LB,Zaire Franklin,FranZa00,LB,Germaine Pratt,PratGe00,CB,Jaylon Jones,JoneJa13,CB,Charvarius Ward,WardCh01,S,Nick Cross,CrosNi00,S,Camryn Bynum,BynuCa00,Referee,John Hussey,Umpire,Duane Heydt,Down Judge,Max Causey,Line Judge,Carl Johnson,Back Judge,Matt Edwards,Side Judge,Allen Baynes,Field Judge,Anthony Flemming
202512070kan,2025-12-07,Sunday,8:20pm,Kansas City Chiefs,Houston Texans,kan,htx,10,20,Andy Reid,DeMeco Ryans,GEHA Field at Arrowhead Stadium,73611,3:12,outdoors,grass,"27 degrees, relative humidity 80%, wind 8 mph",QB,Patrick Mahomes,MahoPa00,RB,Isiah Pacheco,PachIs00,WR,Xavier Worthy,WortXa00,WR,JuJu Smith-Schuster,SmitJu00,WR,Rashee Rice,RiceRa01,TE,Travis Kelce,KelcTr00,OL,Mike Caliendo,CaliMi00,OL,Wanya Morris,MorrWa01,OL,Jaylon Moore,MoorJa04,T,Kingsley Suamataia,SuamKi00,C,Creed Humphrey,HumpCr00,DE,George Karlaftis III,KarlGe00,DE,Michael Danna,DannMi00,DT,Chris Jones,JoneCh09,DT,Derrick Nnadi,NnadDe00,LB,Leo Chenal,ChenLe00,LB,Drue Tranquill,TranDr00,LB,Nick Bolton,BoltNi00,CB,Trent McDuffie,McDuTr00,CB,Jaylen Watson,WatsJa02,DB,Chamarri Conner,ConnCh01,S,Bryan Cook,CookBr02,QB,C.J. Stroud,StroCJ00,RB,Woody Marks,MarkWo00,WR,Nico Collins,CollNi00,WR,Jayden Higgins,HiggJa00,TE,Cade Stover,StovCa00,OT,Trent Brown,BrowTr02,OT,Aireontae Ersery,ErseAi00,T,Blake Fisher,FishBl00,T,Tytus Howard,HowaTy00,G,Ed Ingram,IngrEd00,C,Jake Andrews,AndrJa00,DE,Will Anderson,AndeWi01,DE,Danielle Hunter,HuntDa01,DT,Sheldon Rankins,RankSh00,DT,Tommy Togiai,TogiTo00,LB,E.J. Speed,SpeeEJ00,LB,Azeez Al-Shaair,AlShAz00,LB,Henry To'oTo'o,TooTHe00,CB,Kamari Lassiter,LassKa00,CB,Derek Stingley Jr.,StinDe00,S,Jalen Pitre,PitrJa00,S,Calen Bullock,BullCa00,Referee,Alan Eck,Umpire,Tab Slaughter,Down Judge,David Oliver,Line Judge,Greg Bradley,Back Judge,Grantis Bell,Side Judge,Dale Shaw,Field Judge,John Jenkins
202512070min,2025-12-07,Sunday,1:00pm,Minnesota Vikings,Washington Commanders,min,was,31,0,Kevin O'Connell,Dan Quinn,U.S. Bank Stadium,66810,2:39,dome,sportturf,,QB,J.J. McCarthy,McCaJJ00,RB,Aaron Jones,JoneAa00,WR,Jordan Addison,AddiJo00,WR,Justin Jefferson,JeffJu00,WR,Jalen Nailor,NailJa00,TE,T.J. Hockenson,HockTJ00,OL,Donovan Jackson,JackDo03,T,Christian Darrisaw,DarrCh00,T,Brian O'Neill,ONeiBr00,G,Will Fries,FrieWi00,C,Ryan Kelly,KellRy00,DL,Jonathan Allen,AlleJo01,DL,Jalen Redmond,RedmJa01,DL,Javon Hargrave,HargJa00,OLB,Dallas Turner,TurnDa01,OLB,Andrew Van Ginkel,VanGAn00,LB,Blake Cashman,CashBl00,LB,Eric Wilson,WilsEr00,CB,Byron Murphy,MurpBy00,S,Josh Metellus,MeteJo00,S,Harrison Smith,SmitHa00,S,Jay Ward,WardJa00,QB,Jayden Daniels,DaniJa02,RB,Chris Rodriguez,RodrCh00,WR,Noah Brown,BrowNo00,WR,Deebo Samuel,SamuDe00,WR,Terry McLaurin,McLaTe00,TE,Zach Ertz,ErtzZa00,OL,Samuel Cosmi,CosmSa00,OT,Josh Conerly,ConeJo00,T,Laremy Tunsil,TunsLa00,G,Chris Paul,PaulCh00,C,Tyler Biadasz,BiadTy00,DE,Jacob Martin,MartJa02,DT,Javon Kinlaw,KinlJa00,DT,Daron Payne,PaynDa00,MLB,Bobby Wagner,WagnBo00,LB,Frankie Luvu,LuvuFr00,LB,Von Miller,MillVo00,CB,Jonathan Jones,JoneJo03,CB,Mike Sainristil,SainMi00,CB,Noah Igbinoghene,IgbiNo00,FS,Will Harris,HarrWi02,S,Quan Martin,MartJa04,Referee,Brad Allen,Umpire,Marcus Woods,Down Judge,Sarah Thomas,Line Judge,Walter Flowers,Back Judge,Tyree Walton,Side Judge,Chad Hill,Field Judge,Rick Patterson
202512070nyj,2025-12-07,Sunday,1:00pm,New York Jets,Miami Dolphins,nyj,mia,10,34,Aaron Glenn,Mike McDaniel,MetLife Stadium,68625,3:07,outdoors,fieldturf,"41 degrees, relative humidity 58%, wind 6 mph",QB,Tyrod Taylor,TaylTy00,RB,Breece Hall,HallBr03,FB,Andrew Beck,BeckAn01,WR,John Metchie,MetcJo00,WR,Adonai Mitchell,MitcAd00,TE,Jeremy Ruckert,RuckJe00,OL,Olumuyiwa Fashanu,FashOl00,OL,John Simpson,SimpJo00,OT,Armand Membou,MembAr00,C,Joe Tippmann,TippJo00,C,Josh Myers,MyerJo00,DL,Harrison Phillips,PhilHa00,DE,Will McDonald,McDoWi00,DT,Jowon Briggs,BrigJo00,LB,Jamien Sherwood,SherJa00,LB,Francisco Mauigoa,MauiFr00,LB,Jermaine Johnson II,JohnJe07,LB,Quincy Williams,WillQu01,CB,Brandon Stephens,StepBr01,CB,Azareye'h Thomas,ThomAz00,DB,Malachi Moore,MoorMa04,S,Isaiah Oliver,OlivIs00,QB,Tua Tagovailoa,TagoTu00,RB,De'Von Achane,AchaDe00,FB,Alec Ingold,IngoAl01,WR,Cedrick Wilson Jr.,WilsCe01,WR,Jaylen Waddle,WaddJa00,TE,Julian Hill,HillJu02,OL,Aaron Brewer,BrewAa01,OL,Jonah Savaiinaea,SavaJo00,OL,Austin Jackson,JackAu00,OT,Patrick Paul,PaulPa01,G,Cole Strange,StraCo01,DT,Benito Jones,JoneBe03,DT,Jordan Phillips,PhilJo02,DT,Zach Sieler,SielZa00,OLB,Matt Judon,JudoMa00,LB,Tyrel Dodson,DodsTy01,LB,Bradley Chubb,ChubBr00,LB,Jordyn Brooks,BrooJo01,CB,Rasul Douglas,DougRa00,CB,Jack Jones,JoneJa10,S,Minkah Fitzpatrick,FitzMi00,S,Ashtyn Davis,DaviAs00,Referee,Bill Vinovich,Umpire,Scott Walker,Down Judge,Dale Keller,Line Judge,Tripp Sutter,Back Judge,Todd Prukop,Side Judge,Jimmy Buchanan,Field Judge,Aaron Santi
202512070rai,2025-12-07,Sunday,4:05pm,Las Vegas Raiders,Denver Broncos,rai,den,17,24,Pete Carroll,Sean Payton,Allegiant Stadium,62442,2:50,dome,grass,,QB,Geno Smith,SmitGe00,RB,Ashton Jeanty,JeanAs00,WR,Jack Bech,BechJa00,WR,Tre Tucker,TuckTr00,TE,Brock Bowers,BoweBr01,TE,Ian Thomas,ThomIa00,OL,Stone Forsythe,ForsSt00,OT,Delmar Glaze,GlazDe00,OG,Caleb Rogers,RogeCa01,G,Alex Cappa,CappAl00,G,Dylan Parham,ParhDy00,DE,Maxx Crosby,CrosMa00,DE,Charles Snowden,SnowCh00,DT,Thomas Booker,BookTh00,DT,Jonah Laulu,LaulJo00,DT,Adam Butler,ButlAd00,LB,Elandon Roberts,RobeEl00,LB,Devin White,WhitDe02,CB,Darien Porter,PortDa00,CB,Eric Stokes,StokEr00,S,Isaiah Pola-Mao,PolaIs00,S,Jeremy Chinn,ChinJe00,QB,Bo Nix,NixxBo00,RB,RJ Harvey,HarvRJ00,WR,Courtland Sutton,SuttCo00,WR,Pat Bryant,BryaPa00,WR,Troy Franklin,FranTr00,TE,Adam Trautman,TrauAd00,OL,Quinn Meinerz,MeinQu02,T,Garett Bolles,BollGa00,T,Alex Palczewski,PalcAl00,T,Mike McGlinchey,McGlMi00,C,Luke Wattenberg,WattLu00,DL,John Franklin-Myers,FranJo02,DL,Zach Allen,AlleZa01,DT,Malcolm Roach,RoacMa01,OLB,Jonathon Cooper,CoopJo02,OLB,Nik Bonitto,BoniNi00,LB,Dre Greenlaw,GreeDr00,LB,Alex Singleton,SingAl00,CB,Riley Moss,MossRi00,CB,Patrick Surtain II,SurtPa01,CB,Jahdae Barron,BarrJa01,S,Talanoa Hufanga,HufaTa00,Referee,Shawn Smith,Umpire,Tra Blake,Down Judge,Jay Bilbo,Line Judge,Jeff Seeman,Back Judge,Dino Paganelli,Side Judge,Boris Cheek,Field Judge,Dyrol Prioleau
202512070rav,2025-12-07,Sunday,1:00pm,Baltimore Ravens,Pittsburgh Steelers,rav,pit,22,27,John Harbaugh,Mike Tomlin,M&amp;T Bank Stadium,70544,3:21,outdoors,grass,"44 degrees, relative humidity 51%, wind 6 mph",QB,Lamar Jackson,JackLa00,RB,Derrick Henry,HenrDe00,WR,Rashod Bateman,BateRa00,WR,Zay Flowers,FlowZa00,TE,Isaiah Likely,LikeIs00,TE,Mark Andrews,AndrMa00,OL,Andrew Vorhees,VorhAn00,T,Ronnie Stanley,StanRo00,T,Roger Rosengarten,RoseRo01,G,Daniel Faalele,FaalDa00,C,Tyler Linderbaum,LindTy00,DL,Travis Jones,JoneTr00,DE,Dre'Mont Jones,JoneDr00,DT,John Jenkins,JenkJo00,OLB,Kyle Van Noy,VanNKy00,LB,Roquan Smith,SmitRo07,LB,Teddye Buchanan,BuchTe00,CB,Marlon Humphrey,HumpMa00,CB,Nate Wiggins,WiggNa00,S,Kyle Hamilton,HamiKy00,S,Alohi Gilman,GilmAl00,S,Malaki Starks,StarMa00,QB,Aaron Rodgers,RodgAa00,RB,Jaylen Warren,WarrJa01,WR,D.K. Metcalf,MetcDK00,WR,Adam Thielen,ThieAd00,TE,Pat Freiermuth,FreiPa00,TE,Darnell Washington,WashDa03,OT,Troy Fautanu,FautTr00,OG,Andrus Peat,PeatAn00,G,Mason McCormick,McCoMa00,G,Isaac Seumalo,SeumIs00,C,Zach Frazier,FrazZa00,DE,Yahya Black,BlacYa00,DT,Cameron Heyward,HeywCa01,DT,Keeanu Benton,BentKe00,OLB,Malik Harrison,HarrMa06,LB,T.J. Watt,,LB,Patrick Queen,QueePa00,LB,Alex Highsmith,HighAl02,CB,Jalen Ramsey,RamsJa00,CB,Joey Porter Jr.,PortJo02,CB,James Pierre,PierJa01,S,Jabrill Peppers,PeppJa00,Referee,Alex Moore,Umpire,Terry Killens,Down Judge,Dana McKenzie,Line Judge,Tom Eaton,Back Judge,Terrence Miles,Side Judge,Anthony Jeffries,Field Judge,Mearl Robinson
202512070tam,2025-12-07,Sunday,1:00pm,Tampa Bay Buccaneers,New Orleans Saints,tam,nor,20,24,Todd Bowles,Kellen Moore,Raymond James Stadium,63125,3:06,outdoors,grass,"73 degrees, relative humidity 88%, wind 6 mph",QB,Baker Mayfield,MayfBa00,RB,Bucky Irving,IrviBu00,WR,Sterling Shepard,ShepSt00,WR,Tez Johnson,JohnTe03,WR,Emeka Egbuka,EgbuEm01,TE,Cade Otton,OttoCa00,OT,Benjamin Chukwuma,ChukBe00,T,Luke Goedeke,GoedLu00,G,Ben Bredeson,BredBe00,G,Dan Feeney,FeenDa00,C,Graham Barton,BartGr00,DL,Logan Hall,HallLo00,DL,Elijah Roberts,RobeEl01,NT,Vita Vea,VeaxVi00,OLB,YaYa Diaby,DiabYa00,OLB,Haason Reddick,ReddHa00,LB,SirVocea Dennis,DennSi00,LB,Lavonte David,DaviLa00,CB,Jamel Dean,DeanJa00,CB,Zyon McCollum,McCoZy02,S,Tykee Smith,SmitTy05,S,Antoine Winfield Jr.,WinfAn00,QB,Tyler Shough,ShouTy00,RB,Devin Neal,NealDe00,WR,Mason Tipton,TiptMa00,WR,Chris Olave,OlavCh00,TE,Jack Stoll,StolJa00,TE,Foster Moreau,MoreFo00,OL,Luke Fortner,FortLu01,OL,Cesar Ruiz,RuizCe00,OL,Dillon Radunz,RaduDi00,OL,Asim Richards,RichAs00,OT,Kelvin Banks,BankKe01,DE,Chase Young,YounCh04,DE,Cameron Jordan,JordCa00,DT,Nathan Shepherd,ShepNa00,DT,Bryan Bresee,BresBr00,LB,Demario Davis,DaviDe00,LB,Pete Werner,WernPe00,CB,Quincy Riley,RileQu00,CB,Kool-Aid McKinstry,McKiKo00,CB,Alontae Taylor,TaylAl01,DB,Jordan Howden,HowdJo00,S,Jonas Sanker,SankJo00,Referee,Clete Blakeman,Umpire,Scott Campbell,Down Judge,Andy Warner,Line Judge,Kent Payne,Back Judge,Jonah Monroe,Side Judge,James Coleman,Field Judge,Karina Tovar
202512080sdg,2025-12-08,Monday,8:15pm,Los Angeles Chargers,Philadelphia Eagles,sdg,phi,22,19,Jim Harbaugh,Nick Sirianni,SoFi Stadium,72241,3:33,dome,matrixturf,,QB,Justin Herbert,HerbJu00,RB,Kimani Vidal,VidaKi00,WR,Keenan Allen,AlleKe00,WR,Tre Harris,HarrTr03,WR,Ladd McConkey,McCoLa00,TE,Oronde Gadsden II,GadsOr01,OL,Jamaree Salyer,SalyJa00,OL,Trey Pipkins,PipkTr00,G,Mekhi Becton,BectMe00,G,Zion Johnson,JohnZi00,C,Bradley Bozeman,BozeBr00,DL,Da'Shawn Hand,HandDa00,DL,Teair Tart,TartTe00,OLB,Khalil Mack,MackKh00,OLB,Tuli Tuipulotu,TuipTu00,LB,Denzel Perryman,PerrDe00,LB,Daiyan Henley,HenlDa00,CB,Donte Jackson,JackDo02,CB,Tarheeb Still,StilTa00,DB,Elijah Molden,MoldEl00,S,Derwin James,JameDe00,S,R.J. Mickens,MickRJ00,QB,Jalen Hurts,HurtJa00,RB,Saquon Barkley,BarkSa00,WR,DeVonta Smith,SmitDe07,WR,A.J. Brown,BrowAJ00,WR,Jahan Dotson,DotsJa00,TE,Dallas Goedert,GoedDa00,OL,Tyler Steen,SteeTy00,OL,Cam Jurgens,JurgCa01,T,Fred Johnson,JohnFr01,T,Jordan Mailata,MailJo00,G,Landon Dickerson,DickLa00,DT,Jordan Davis,DaviJo03,DT,Moro Ojomo,OjomMo00,OLB,Jaelan Phillips,PhilJa02,OLB,Nolan Smith,SmitNo02,LB,Nakobe Dean,DeanNa00,LB,Zack Baun,BaunZa00,CB,Adoree' Jackson,JackAd00,CB,Quinyon Mitchell,MitcQu00,DB,Cooper DeJean,DeJeCo00,S,Marcus Epps,EppsMa00,S,Reed Blankenship,BlanRe00,Referee,Scott Novak,Umpire,Mike Morton,Down Judge,Brian Sakowski,Line Judge,Mark Stewart,Back Judge,Tony Josselyn,Side Judge,Don Willard,Field Judge,Terry Brown
202512110tam,2025-12-11,Thursday,8:15pm,Tampa Bay Buccaneers,Atlanta Falcons,tam,atl,28,29,Todd Bowles,Raheem Morris,Raymond James Stadium,64917,3:20,outdoors,grass,"56 degrees, relative humidity 68%, wind 5 mph",QB,Baker Mayfield,MayfBa00,RB,Bucky Irving,IrviBu00,WR,Jalen McMillan,McMiJa01,WR,Mike Evans,EvanMi00,WR,Chris Godwin,GodwCh00,TE,Payne Durham,DurhPa00,T,Tristan Wirfs,WirfTr00,T,Luke Goedeke,GoedLu00,G,Dan Feeney,FeenDa00,G,Michael Jordan,JordMi01,C,Graham Barton,BartGr00,DL,Logan Hall,HallLo00,DL,Elijah Roberts,RobeEl01,DT,Adam Gotsis,GotsAd00,NT,Vita Vea,VeaxVi00,OLB,YaYa Diaby,DiabYa00,LB,Nick Jackson,JackNi00,LB,Lavonte David,DaviLa00,CB,Jamel Dean,DeanJa00,CB,Zyon McCollum,McCoZy02,S,Christian Izien,IzieCh00,S,Antoine Winfield Jr.,WinfAn00,QB,Kirk Cousins,CousKi00,RB,Bijan Robinson,RobiBi01,WR,David Sills V,SillDa01,WR,Darnell Mooney,MoonDa00,TE,Charlie Woerner,WoerCh00,TE,Kyle Pitts,PittKy00,OL,Ryan Neuzil,NeuzRy00,OL,Elijah Wilkinson,WilkEl00,OL,Matthew Bergeron,BergMa00,T,Jake Matthews,MattJa00,G,Chris Lindstrom,LindCh00,DL,David Onyemata,OnyeDa00,DE,Leonard Floyd,FloyLe00,DE,Jalon Walker,WalkJa02,DT,Ruke Orhorhoro,OrhoRu00,LB,Kaden Elliss,ElliKa00,LB,Divine Deablo,DeabDi00,CB,Mike Hughes,HughMi00,CB,DeAundre Alford,AlfoDe00,CB,AJ Terrell,TerrAJ00,S,Xavier Watts,WattXa00,S,Jessie Bates III,BateJe00,Referee,Carl Cheffers,Umpire,Derek Anderson,Down Judge,Daniel Gallagher,Line Judge,Quentin Givens,Back Judge,Martin Hankins,Side Judge,Eugene Hall,Field Judge,Nathan Jones
202512140chi,2025-12-14,Sunday,1:00pm,Chicago Bears,Cleveland Browns,chi,cle,31,3,Ben Johnson,Kevin Stefanski,Soldier Field,54051,3:04,outdoors,grass,"8 degrees, relative humidity 62%, wind 6 mph",QB,Caleb Williams,WillCa03,RB,D'Andre Swift,SwifDA00,WR,Olamide Zaccheaus,ZaccOl01,WR,D.J. Moore,,TE,Colston Loveland,LoveCo00,TE,Cole Kmet,KmetCo00,OL,Jonah Jackson,JackJo03,OL,Drew Dalman,DalmDr00,OL,Ozzy Trapilo,TrapOz00,OL,Darnell Wright,WrigDa00,G,Joe Thuney,ThunJo00,DL,Grady Jarrett,JarrGr00,DL,Gervon Dexter,DextGe00,DL,Andrew Billings,BillAn00,DL,Montez Sweat,SweaMo00,DL,Austin Booker,BookAu00,LB,T.J. Edwards,EdwaTJ02,LB,D'Marco Jackson,JackDM00,LB,Noah Sewell,SeweNo00,CB,Nahshon Wright,WrigNa00,DB,Kevin Byard,ByarKe01,DB,Jaquan Brisker,BrisJa01,QB,Shedeur Sanders,SandSh00,RB,Quinshon Judkins,JudkQu00,TE,Brenden Bates,BateBr00,TE,Harold Fannin,FannHa00,OT,Cam Robinson,RobiCa00,OT,KT Leveston,LeveKT00,T,Cornelius Lucas,LucaCo01,G,Joel Bitonio,BitoJo00,G,Teven Jenkins,JenkTe00,C,Luke Wypler,WyplLu00,DE,Myles Garrett,GarrMy00,DE,Alex Wright,WrigAl01,DT,Shelby Harris,HarrSh00,DT,Mason Graham,GrahMa00,LB,Mohamoud Diabate,DiabMo00,LB,Easton Mascarenas-Arnold,MascEa00,LB,Devin Bush Jr.,BushDe01,LB,Carson Schwesinger,SchwCa00,CB,Tyson Campbell,CampTy01,CB,Sam Webb,WebbSa00,S,Ronnie Hickman,HickRo00,S,Grant Delpit,DelpGr00,Referee,Ron Torbert,Umpire,Barry Anderson,Down Judge,Frank LeBlanc,Line Judge,Brian Bolinger,Back Judge,Courtney Brown,Side Judge,Keith Washington,Field Judge,Ryan Dickson
202512140cin,2025-12-14,Sunday,1:00pm,Cincinnati Bengals,Baltimore Ravens,cin,rav,0,24,Zac Taylor,John Harbaugh,Paycor Stadium,64907,2:52,outdoors,fieldturf,"10 degrees, relative humidity 63%, wind 7 mph",QB,Joe Burrow,BurrJo01,RB,Chase Brown,BrowCh10,RB,Samaje Perine,PeriSa00,WR,Mitchell Tinsley,TinsMi00,WR,Ja'Marr Chase,ChasJa00,TE,Drew Sample,SampDr00,OT,Orlando Brown Jr.,BrowOr00,OT,Amarius Mims,MimsAm00,OG,Dylan Fairchild,FairDy00,G,Dalton Risner,RisnDa00,C,Ted Karras,KarrTe00,DE,Myles Murphy,MurpMy00,DE,Joseph Ossai,OssaJo00,DT,Tedarrell Slaton,SlatTe00,DT,B.J. Hill,,LB,Demetrius Knight,KnigDe00,LB,Barrett Carter,CartBa00,LB,Oren Burks,BurkOr00,CB,Daxton Hill,HillDa04,CB,DJ Turner,TurnDJ01,S,Jordan Battle,BattJo00,S,Geno Stone,StonGe00,QB,Lamar Jackson,JackLa00,RB,Derrick Henry,HenrDe00,WR,Zay Flowers,FlowZa00,WR,Devontez Walker,WalkDe01,TE,Mark Andrews,AndrMa00,TE,Isaiah Likely,LikeIs00,OL,Andrew Vorhees,VorhAn00,T,Roger Rosengarten,RoseRo01,T,Ronnie Stanley,StanRo00,G,Daniel Faalele,FaalDa00,C,Tyler Linderbaum,LindTy00,DL,Travis Jones,JoneTr00,DE,Dre'Mont Jones,JoneDr00,DT,John Jenkins,JenkJo00,OLB,Kyle Van Noy,VanNKy00,LB,Teddye Buchanan,BuchTe00,LB,Roquan Smith,SmitRo07,CB,Marlon Humphrey,HumpMa00,CB,Nate Wiggins,WiggNa00,S,Malaki Starks,StarMa00,S,Kyle Hamilton,HamiKy00,S,Alohi Gilman,GilmAl00,Referee,Brad Allen,Umpire,Marcus Woods,Down Judge,Sarah Thomas,Line Judge,Walter Flowers,Back Judge,Tyree Walton,Side Judge,Chad Hill,Field Judge,Rick Patterson
202512140dal,2025-12-14,Sunday,8:20pm,Dallas Cowboys,Minnesota Vikings,dal,min,26,34,Brian Schottenheimer,Kevin O'Connell,AT&amp;T Stadium,92991,3:07,retractable roof (closed),matrixturf,,QB,Dak Prescott,PresDa01,RB,Javonte Williams,WillJa10,WR,CeeDee Lamb,LambCe00,WR,George Pickens,PickGe00,TE,Luke Schoonmaker,SchoLu00,TE,Brevyn Spann-Ford,SpanBr00,OL,Tyler Smith,SmitTy02,T,Nathan Thomas,ThomNa01,T,Terence Steele,SteeTe01,OG,Tyler Booker,BookTy00,C,Cooper Beebe,BeebCo00,DE,Jadeveon Clowney,ClowJa00,DE,Donovan Ezeiruaku,EzeiDo00,DT,Kenny Clark,ClarKe01,DT,Quinnen Williams,WillQu00,LB,Logan Wilson,WilsLo00,LB,DeMarvion Overshown,OverDe00,LB,Marist Liufau,LiufMa00,CB,Shavon Revel,ReveSh00,CB,DaRon Bland,BlanDa00,S,Malik Hooker,HookMa00,S,Donovan Wilson,WilsDo01,QB,J.J. McCarthy,McCaJJ00,RB,Aaron Jones,JoneAa00,WR,Jordan Addison,AddiJo00,WR,Justin Jefferson,JeffJu00,TE,T.J. Hockenson,HockTJ00,TE,Josh Oliver,OlivJo00,OL,Donovan Jackson,JackDo03,T,Justin Skule,SkulJu00,T,Brian O'Neill,ONeiBr00,G,Will Fries,FrieWi00,C,Ryan Kelly,KellRy00,DL,Jonathan Allen,AlleJo01,DL,Jalen Redmond,RedmJa01,DL,Javon Hargrave,HargJa00,OLB,Jonathan Greenard,GreeJo04,OLB,Andrew Van Ginkel,VanGAn00,LB,Blake Cashman,CashBl00,LB,Eric Wilson,WilsEr00,CB,Byron Murphy,MurpBy00,CB,Isaiah Rodgers,RodgIs00,S,Josh Metellus,MeteJo00,S,Harrison Smith,SmitHa00,Referee,Scott Novak,Umpire,Mike Morton,Down Judge,Brian Sakowski,Line Judge,Mark Stewart,Back Judge,Tony Josselyn,Side Judge,Don Willard,Field Judge,Terry Brown
202512140den,2025-12-14,Sunday,4:25pm,Denver Broncos,Green Bay Packers,den,gnb,34,26,Sean Payton,Matt LaFleur,Empower Field at Mile High,76809,3:18,outdoors,grass,"65 degrees, relative humidity 16%, wind 3 mph",QB,Bo Nix,NixxBo00,RB,RJ Harvey,HarvRJ00,FB,Adam Prentice,PrenAd00,WR,Courtland Sutton,SuttCo00,TE,Nate Adkins,AdkiNa00,TE,Adam Trautman,TrauAd00,OL,Quinn Meinerz,MeinQu02,T,Garett Bolles,BollGa00,T,Alex Palczewski,PalcAl00,T,Mike McGlinchey,McGlMi00,C,Luke Wattenberg,WattLu00,DL,John Franklin-Myers,FranJo02,DL,Zach Allen,AlleZa01,DT,D.J. Jones,,OLB,Jonathon Cooper,CoopJo02,OLB,Nik Bonitto,BoniNi00,LB,Dre Greenlaw,GreeDr00,LB,Alex Singleton,SingAl00,CB,Riley Moss,MossRi00,CB,Patrick Surtain II,SurtPa01,S,Brandon Jones,JoneBr06,S,Talanoa Hufanga,HufaTa00,QB,Jordan Love,LoveJo03,RB,Josh Jacobs,JacoJo01,WR,Christian Watson,WatsCh00,WR,Romeo Doubs,DoubRo00,TE,John FitzPatrick,FitzJo00,TE,Luke Musgrave,MusgLu00,OL,Zach Tom,TomxZa00,OT,Anthony Belton,BeltAn00,T,Rasheed Walker,WalkRa00,G,Aaron Banks,BankAa00,G,Sean Rhyan,RhyaSe00,DL,Colby Wooden,WoodCo01,DL,Lukas Van Ness,VanNLu00,DL,Micah Parsons,ParsMi00,DL,Kingsley Enagbare,EnagKi00,DL,Karl Brooks,BrooKa00,LB,Quay Walker,WalkQu00,LB,Edgerrin Cooper,CoopEd00,CB,Keisean Nixon,NixoKe00,CB,Carrington Valentine,ValeCa00,S,Xavier McKinney,McKiXa00,S,Evan Williams,WillEv00,Referee,Brad Rogers,Umpire,Bryan Neale,Down Judge,Patrick Turner,Line Judge,Kevin Codey,Back Judge,Greg Yette,Side Judge,David Meslow,Field Judge,Joe Blubaugh
202512140htx,2025-12-14,Sunday,1:00pm,Houston Texans,Arizona Cardinals,htx,crd,40,20,DeMeco Ryans,Jonathan Gannon,NRG Stadium,71086,3:05,retractable roof (closed),astroturf,,QB,C.J. Stroud,StroCJ00,RB,Woody Marks,MarkWo00,WR,Nico Collins,CollNi00,WR,Jayden Higgins,HiggJa00,TE,Cade Stover,StovCa00,OT,Trent Brown,BrowTr02,OT,Aireontae Ersery,ErseAi00,T,Blake Fisher,FishBl00,T,Tytus Howard,HowaTy00,G,Ed Ingram,IngrEd00,C,Jake Andrews,AndrJa00,DE,Will Anderson,AndeWi01,DE,Danielle Hunter,HuntDa01,DT,Sheldon Rankins,RankSh00,DT,Tommy Togiai,TogiTo00,LB,Christian Harris,HarrCh06,LB,Azeez Al-Shaair,AlShAz00,LB,Henry To'oTo'o,TooTHe00,CB,Kamari Lassiter,LassKa00,CB,Derek Stingley Jr.,StinDe00,S,Jalen Pitre,PitrJa00,S,Calen Bullock,BullCa00,QB,Jacoby Brissett,BrisJa00,RB,Zonovan Knight,KnigZo00,WR,Andre Baccellia,BaccAn00,WR,Michael Wilson,WilsMi02,TE,Trey McBride,McBrTr01,TE,Elijah Higgins,HiggEl00,OL,Kelvin Beachum,BeacKe00,OL,Isaiah Adams,AdamIs01,OL,Hjalte Froholdt,FrohHj00,OL,Josh Fryar,FryaJo00,OL,Jon Gaines,GainJo00,DL,Calais Campbell,CampCa99,DL,Darius Robinson,RobiDa01,DT,Dalvin Tomlinson,TomlDa00,OLB,Josh Sweat,SweaJo00,OLB,Zaven Collins,CollZa00,LB,Akeem Davis-Gaither,DaviAk01,LB,Cody Simon,SimoCo01,CB,Will Johnson,JohnWi02,CB,Darren Hall,HallDa03,CB,Garrett Williams,WillGa00,S,Budda Baker,BakeBu00,Referee,Clete Blakeman,Umpire,Scott Campbell,Down Judge,Andy Warner,Line Judge,Kent Payne,Back Judge,Jonah Monroe,Side Judge,James Coleman,Field Judge,Karina Tovar
202512140jax,2025-12-14,Sunday,1:00pm,Jacksonville Jaguars,New York Jets,jax,nyj,48,20,Liam Coen,Aaron Glenn,EverBank Stadium,60815,3:09,outdoors,grass,"70 degrees, relative humidity 60%, wind 11 mph",QB,Trevor Lawrence,LawrTr00,RB,Travis Etienne,EtieTr00,WR,Brian Thomas,ThomBr06,WR,Jakobi Meyers,MeyeJa01,TE,Quintin Morris,MorrQu00,TE,Brenton Strange,StraBr00,OL,Anton Harrison,HarrAn00,OL,Ezra Cleveland,ClevEz00,OL,Patrick Mekari,MekaPa00,OL,Cole Van Lanen,VanxCo00,C,Robert Hainsey,HainRo00,DL,Matt Dickerson,DickMa00,DE,Josh Hines-Allen,AlleJo03,DE,Travon Walker,WalkTr03,DT,DaVon Hamilton,HamiDa02,OLB,Dennis Gardeck,GardDe01,LB,Devin Lloyd,LloyDe00,LB,Foyesade Oluokun,OluoFo00,CB,Montaric Brown,BrowMo00,CB,Greg Newsome II,NewsGr00,S,Eric Murray,MurrEr00,S,Andrew Wingard,WingAn01,QB,Brady Cook,CookBr03,RB,Breece Hall,HallBr03,FB,Andrew Beck,BeckAn01,WR,John Metchie,MetcJo00,TE,Jeremy Ruckert,RuckJe00,OL,John Simpson,SimpJo00,OL,Max Mitchell,MitcMa02,OL,Olumuyiwa Fashanu,FashOl00,OT,Armand Membou,MembAr00,C,Josh Myers,MyerJo00,C,Joe Tippmann,TippJo00,DL,Micheal Clemons,ClemMi03,DL,Harrison Phillips,PhilHa00,DE,Will McDonald,McDoWi00,DT,Jowon Briggs,BrigJo00,LB,Mykal Walker,WalkMy00,LB,Quincy Williams,WillQu01,LB,Jamien Sherwood,SherJa00,CB,Brandon Stephens,StepBr01,CB,Qwan'tez Stiggers,StigQw00,DB,Malachi Moore,MoorMa04,S,Tony Adams,AdamTo03,Referee,Shawn Smith,Umpire,Tra Blake,Down Judge,Jay Bilbo,Line Judge,Jeff Seeman,Back Judge,Dino Paganelli,Side Judge,Boris Cheek,Field Judge,Dyrol Prioleau
202512140kan,2025-12-14,Sunday,1:00pm,Kansas City Chiefs,Los Angeles Chargers,kan,sdg,13,16,Andy Reid,Jim Harbaugh,GEHA Field at Arrowhead Stadium,73073,3:12,outdoors,grass,,QB,Patrick Mahomes,MahoPa00,RB,Isiah Pacheco,PachIs00,WR,Tyquan Thornton,ThorTy00,WR,JuJu Smith-Schuster,SmitJu00,WR,Rashee Rice,RiceRa01,TE,Travis Kelce,KelcTr00,OL,Mike Caliendo,CaliMi00,OL,Jaylon Moore,MoorJa04,T,Esa Pole,PoleEs00,T,Kingsley Suamataia,SuamKi00,C,Creed Humphrey,HumpCr00,DE,George Karlaftis III,KarlGe00,DE,Michael Danna,DannMi00,DT,Chris Jones,JoneCh09,DT,Derrick Nnadi,NnadDe00,LB,Leo Chenal,ChenLe00,LB,Nick Bolton,BoltNi00,LB,Drue Tranquill,TranDr00,CB,Jaylen Watson,WatsJa02,DB,Chamarri Conner,ConnCh01,DB,Nohl Williams,WillNo01,S,Bryan Cook,CookBr02,QB,Justin Herbert,HerbJu00,RB,Kimani Vidal,VidaKi00,FB,Scott Matlock,MatlSc00,WR,Tre Harris,HarrTr03,TE,Oronde Gadsden II,GadsOr01,OL,Jamaree Salyer,SalyJa00,OT,Trevor Penning,PennTr00,T,Bobby Hart,HartBo00,G,Mekhi Becton,BectMe00,G,Zion Johnson,JohnZi00,C,Bradley Bozeman,BozeBr00,DL,Teair Tart,TartTe00,DL,Da'Shawn Hand,HandDa00,OLB,Khalil Mack,MackKh00,OLB,Tuli Tuipulotu,TuipTu00,LB,Daiyan Henley,HenlDa00,LB,Denzel Perryman,PerrDe00,CB,Donte Jackson,JackDo02,CB,Cam Hart,HartCa00,S,Tony Jefferson,JeffTo00,S,Derwin James,JameDe00,S,R.J. Mickens,MickRJ00,Referee,Shawn Hochuli,Umpire,Larry Smith,Down Judge,Patrick Holt,Line Judge,Tim Podraza,Back Judge,Jimmy Russell,Side Judge,Jim Quirk,Field Judge,Jason Ledet
202512140nor,2025-12-14,Sunday,4:25pm,New Orleans Saints,Carolina Panthers,nor,car,20,17,Kellen Moore,Dave Canales,Caesars Superdome,70070,3:06,dome,sportturf,,QB,Tyler Shough,ShouTy00,RB,Devin Neal,NealDe00,WR,Devaughn Vele,VeleDe00,WR,Mason Tipton,TiptMa00,WR,Chris Olave,OlavCh00,TE,Foster Moreau,MoreFo00,OL,Luke Fortner,FortLu01,OL,Cesar Ruiz,RuizCe00,OL,Dillon Radunz,RaduDi00,OT,Kelvin Banks,BankKe01,OT,Taliese Fuaga,FuagTa00,DE,Chase Young,YounCh04,DE,Cameron Jordan,JordCa00,DE,Jonathan Bullard,BullJo00,DT,Davon Godchaux,GodcDa00,DT,Bryan Bresee,BresBr00,LB,Demario Davis,DaviDe00,LB,Pete Werner,WernPe00,CB,Kool-Aid McKinstry,McKiKo00,CB,Alontae Taylor,TaylAl01,DB,Jordan Howden,HowdJo00,S,Jonas Sanker,SankJo00,QB,Bryce Young,YounBr01,RB,Rico Dowdle,DowdRi01,WR,Tetairoa McMillan,McMiTe00,TE,Tommy Tremble,TremTo00,TE,Mitchell Evans,EvanMi01,TE,Ja'Tavion Sanders,SandJa01,T,Taylor Moton,MotoTa00,T,Ikem Ekwonu,EkwoIk00,OG,Austin Corbett,CorbAu00,G,Damien Lewis,LewiDa05,C,Cade Mays,MaysCa00,DT,Derrick Brown,BrowDe05,DT,A'Shawn Robinson,RobiAS00,OLB,Nic Scourton,ScouNi00,OLB,D.J. Wonnum,WonnDJ00,LB,Christian Rozeboom,RozeCh00,LB,Trevin Wallace,WallTr00,CB,Michael Jackson,JackMi01,CB,Jaycee Horn,HornJa00,CB,Chau Smith-Wade,SmitCh05,FS,Nick Scott,ScotNi01,S,Tre'von Moehrig,MoehTr00,Referee,Alex Moore,Umpire,Terry Killens,Down Judge,Dana McKenzie,Line Judge,Tom Eaton,Back Judge,Terrence Miles,Side Judge,Anthony Jeffries,Field Judge,Mearl Robinson
202512140nwe,2025-12-14,Sunday,1:00pm,New England Patriots,Buffalo Bills,nwe,buf,31,35,Mike Vrabel,Sean McDermott,Gillette Stadium,64628,3:02,outdoors,fieldturf,"32 degrees, relative humidity 86%, wind 6 mph",QB,Drake Maye,MayeDr00,RB,Rhamondre Stevenson,StevRh00,WR,Kayshon Boutte,BoutKa00,WR,Mack Hollins,HollMa00,WR,Stefon Diggs,DiggSt00,TE,Hunter Henry,HenrHu00,OL,Michael Onwenu,OnweMi00,OT,Morgan Moses,MoseMo00,T,Vederian Lowe,LoweVe00,C,Jared Wilson,WilsJa02,C,Garrett Bradbury,BradGa00,DL,Khyiris Tonga,TongKh00,DT,Joshua Farmer,FarmJo00,DT,Christian Barmore,BarmCh00,LB,Christian Elliss,ElliCh00,LB,Jahlani Tavai,TavaJa00,LB,Anfernee Jennings,JennAn00,LB,Jack Gibbens,GibbJa00,CB,Carlton Davis,DaviCa02,CB,Christian Gonzalez,GonzCh00,S,Jaylinn Hawkins,HawkJa00,S,Craig Woodson,WoodCr00,QB,Josh Allen,AlleJo02,RB,James Cook,CookJa01,WR,Josh Palmer,PalmJo00,WR,Brandin Cooks,CookBr00,TE,Jackson Hawes,HaweJa00,TE,Dawson Knox,KnoxDa00,T,Dion Dawkins,DawkDi00,T,Spencer Brown,BrowSp00,G,David Edwards,EdwaDa01,G,O'Cyrus Torrence,TorrOC00,G,Connor McGovern,McGoCo01,DE,Joey Bosa,BosaJo00,DE,Gregory Rousseau,RousGr00,DT,Deone Walker,WalkDe04,DT,DaQuan Jones,JoneDa04,OLB,Shaq Thompson,ThomSh01,LB,Matt Milano,MilaMa00,CB,Tre'Davious White,WhitTr01,CB,Taron Johnson,JohnTa01,CB,Maxwell Hairston,HairMa00,S,Jordan Poyer,PoyeJo00,S,Cole Bishop,BishCo00,Referee,John Hussey,Umpire,Duane Heydt,Down Judge,Max Causey,Line Judge,Carl Johnson,Back Judge,Matt Edwards,Side Judge,Allen Baynes,Field Judge,Anthony Flemming
202512140nyg,2025-12-14,Sunday,1:00pm,New York Giants,Washington Commanders,nyg,was,21,29,Mike Kafka,Dan Quinn,MetLife Stadium,77481,3:10,outdoors,fieldturf,"27 degrees, relative humidity 69%, wind 13 mph",QB,Jaxson Dart,DartJa00,RB,Tyrone Tracy Jr.,TracTy00,WR,Darius Slayton,SlayDa01,WR,Isaiah Hodgins,HodgIs00,WR,Wan'Dale Robinson,RobiWa01,TE,Theo Johnson,JohnTh00,OL,Jermaine Eluemunor,ElueJe00,T,Andrew Thomas,ThomAn02,OG,Greg Van Roten,VanRGr00,G,Jon Runyan Jr.,RunyJo00,C,John Michael Schmitz,MichJo00,DL,Dexter Lawrence,LawrDe03,DT,Roy Robertson-Harris,RobeRo00,OLB,Abdul Carter,CartAb00,OLB,Brian Burns,BurnBr00,LB,Darius Muasau,MuasDa00,LB,Bobby Okereke,OkerBo00,CB,Paulson Adebo,AdebPa00,CB,Andru Phillips,PhilAn02,CB,Cordale Flott,FlotCo00,S,Jevon Holland,HollJe02,S,Dane Belton,BeltDa00,QB,Marcus Mariota,MariMa01,RB,Jeremy McNichols,McNiJe00,WR,Noah Brown,BrowNo00,WR,Deebo Samuel,SamuDe00,WR,Terry McLaurin,McLaTe00,TE,John Bates,BateJo00,OL,Samuel Cosmi,CosmSa00,OT,Josh Conerly,ConeJo00,T,Laremy Tunsil,TunsLa00,G,Chris Paul,PaulCh00,C,Tyler Biadasz,BiadTy00,DE,Jacob Martin,MartJa02,DT,Javon Kinlaw,KinlJa00,DT,Daron Payne,PaynDa00,MLB,Bobby Wagner,WagnBo00,LB,Frankie Luvu,LuvuFr00,LB,Von Miller,MillVo00,CB,Noah Igbinoghene,IgbiNo00,CB,Mike Sainristil,SainMi00,CB,Antonio Hamilton,HamiAn01,FS,Will Harris,HarrWi02,S,Quan Martin,MartJa04,Referee,Bill Vinovich,Umpire,Scott Walker,Down Judge,Dale Keller,Line Judge,Tripp Sutter,Back Judge,Todd Prukop,Side Judge,Jimmy Buchanan,Field Judge,Aaron Santi
202512140phi,2025-12-14,Sunday,1:00pm,Philadelphia Eagles,Las Vegas Raiders,phi,rai,31,0,Nick Sirianni,Pete Carroll,Lincoln Financial Field,69879,2:31,outdoors,grass,"30 degrees, relative humidity 56%, wind 20 mph",QB,Jalen Hurts,HurtJa00,RB,Saquon Barkley,BarkSa00,WR,A.J. Brown,BrowAJ00,TE,Cameron Latu,LatuCa01,TE,Grant Calcaterra,CalcGr00,TE,Dallas Goedert,GoedDa00,OL,Tyler Steen,SteeTy00,OL,Cam Jurgens,JurgCa01,T,Fred Johnson,JohnFr01,T,Jordan Mailata,MailJo00,G,Landon Dickerson,DickLa00,DT,Jordan Davis,DaviJo03,DT,Moro Ojomo,OjomMo00,OLB,Jaelan Phillips,PhilJa02,OLB,Nolan Smith,SmitNo02,LB,Nakobe Dean,DeanNa00,LB,Zack Baun,BaunZa00,CB,Adoree' Jackson,JackAd00,CB,Quinyon Mitchell,MitcQu00,DB,Cooper DeJean,DeJeCo00,S,Marcus Epps,EppsMa00,S,Reed Blankenship,BlanRe00,QB,Kenny Pickett,PickKe00,RB,Ashton Jeanty,JeanAs00,WR,Jack Bech,BechJa00,WR,Tre Tucker,TuckTr00,WR,Tyler Lockett,LockTy00,TE,Brock Bowers,BoweBr01,OL,Stone Forsythe,ForsSt00,OT,Delmar Glaze,GlazDe00,OG,Caleb Rogers,RogeCa01,G,Alex Cappa,CappAl00,G,Dylan Parham,ParhDy00,DE,Charles Snowden,SnowCh00,DE,Maxx Crosby,CrosMa00,DT,Thomas Booker,BookTh00,DT,Jonah Laulu,LaulJo00,DT,Adam Butler,ButlAd00,LB,Elandon Roberts,RobeEl00,LB,Devin White,WhitDe02,CB,Darien Porter,PortDa00,CB,Eric Stokes,StokEr00,S,Isaiah Pola-Mao,PolaIs00,S,Jeremy Chinn,ChinJe00,Referee,Clay Martin,Umpire,Steve Woods,Down Judge,Jerod Phillips,Line Judge,Brian Perry,Back Judge,Greg Wilson,Side Judge,Alonzo Ramsey,Field Judge,Dave Hawkshaw
202512140ram,2025-12-14,Sunday,4:25pm,Los Angeles Rams,Detroit Lions,ram,det,41,34,Sean McVay,Dan Campbell,SoFi Stadium,74701,3:10,dome,matrixturf,,QB,Matthew Stafford,StafMa00,RB,Kyren Williams,WillKy02,WR,Puka Nacua,NacuPu00,WR,Davante Adams,AdamDa01,TE,Davis Allen,AlleDa02,TE,Colby Parkinson,ParkCo02,OL,Warren McClendon,McClWa00,OL,Alaric Jackson,JackAl01,OL,Kevin Dotson,DotsKe00,OL,Steve Avila,AvilSt00,C,Coleman Shelton,ShelCo00,DE,Braden Fiske,FiskBr00,DE,Kobie Turner,TurnKo00,NT,Poona Ford,FordPo00,OLB,Jared Verse,VersJa00,OLB,Byron Young,YounBy01,LB,Nathan Landman,LandNa01,LB,Omar Speights,SpeiOm00,CB,Emmanuel Forbes,ForbEm00,CB,Cobie Durant,DuraDe01,S,Jaylen McCollough,McCoJa02,S,Kamren Curl,CurlKa00,QB,Jared Goff,GoffJa00,RB,Jahmyr Gibbs,GibbJa01,WR,Jameson Williams,WillJa11,WR,Amon-Ra St. Brown,StxxAm00,TE,Shane Zylstra,ZylsSh00,TE,Anthony Firkser,FirkAn00,OL,Graham Glasgow,GlasGr00,OL,Tate Ratledge,RatlTa00,T,Taylor Decker,DeckTa00,T,Penei Sewell,SewePe00,C,Trystan Colon,ColoTr01,DL,D.J. Reader,,DL,Alim McNeill,McNeAl00,DE,Aidan Hutchinson,HutcAi00,DE,Marcus Davenport,DaveMa00,LB,Alex Anzalone,AnzaAl00,LB,Jack Campbell,CampJa04,LB,Derrick Barnes,BarnDe02,CB,Avonte Maddox,MaddAv00,CB,D.J. Reed,,CB,Amik Robertson,RobeAm00,S,Erick Hallett,HallEr00,Referee,Alan Eck,Umpire,Tab Slaughter,Down Judge,David Oliver,Line Judge,Greg Bradley,Back Judge,Grantis Bell,Side Judge,Dale Shaw,Field Judge,John Jenkins
202512140sea,2025-12-14,Sunday,4:25pm,Seattle Seahawks,Indianapolis Colts,sea,clt,18,16,Mike Macdonald,Shane Steichen,Lumen Field,68771,2:57,outdoors,fieldturf,"51 degrees, relative humidity 87%, wind 9 mph",QB,Sam Darnold,DarnSa00,RB,Kenneth Walker III,WalkKe00,WR,Jaxon Smith-Njigba,SmitJa06,WR,Cooper Kupp,KuppCo00,TE,AJ Barner,BarnAJ00,TE,Eric Saubert,SaubEr00,T,Charles Cross,CrosCh00,T,Abraham Lucas,LucaAb00,OG,Grey Zabel,ZabeGr00,G,Anthony Bradford,BradAn00,C,Jalen Sundell,SundJa00,DT,Byron Murphy,MurpBy01,DT,Leonard Williams,WillLe02,LB,DeMarcus Lawrence,LawrDe00,LB,Ernest Jones,JoneEr01,LB,Uchenna Nwosu,NwosUc00,LB,Drake Thomas,ThomDr00,CB,Josh Jobe,JobeJo00,CB,Devon Witherspoon,WithDe00,FS,Julian Love,LoveJu00,FS,Coby Bryant,BryaCo01,S,Nick Emmanwori,EmmaNi00,QB,Philip Rivers,RivePh00,RB,Jonathan Taylor,TaylJo02,WR,Josh Downs,DownJo00,WR,Michael Pittman Jr.,PittMi01,WR,Alec Pierce,PierAl00,TE,Tyler Warren,WarrTy00,T,Jalen Travis,TravJa00,T,Bernhard Raimann,RaimBe00,G,Quenton Nelson,NelsQu00,G,Matt Goncalves,GoncMa00,C,Tanor Bortolini,BortTa00,DE,Laiatu Latu,LatuLa00,DE,Kwity Paye,PayeKw00,DT,Adetomiwa Adebawore,AdebAd00,DT,Neville Gallimore,GallNe00,DT,Grover Stewart,StewGr00,LB,Zaire Franklin,FranZa00,LB,Germaine Pratt,PratGe00,CB,Johnathan Edwards,EdwaJo00,CB,Mekhi Blackmon,BlacMe00,S,Nick Cross,CrosNi00,S,Camryn Bynum,BynuCa00,Referee,Adrian Hill,Umpire,Roy Ellison,Down Judge,Derick Bowers,Line Judge,Julian Mapp,Back Judge,Greg Steed,Side Judge,Clay Reynard,Field Judge,Tra Boger
202512140sfo,2025-12-14,Sunday,4:25pm,San Francisco 49ers,Tennessee Titans,sfo,oti,37,24,Kyle Shanahan,Mike McCoy,Levi's Stadium,71042,3:06,outdoors,grass,"54 degrees, relative humidity 82%, wind 4 mph",QB,Brock Purdy,PurdBr00,RB,Christian McCaffrey,McCaCh01,FB,Kyle Juszczyk,JuszKy00,WR,Jauan Jennings,JennJa00,WR,Ricky Pearsall,PearRi00,TE,George Kittle,KittGe00,OL,Spencer Burford,BurfSp00,OL,Colton McKivitz,McKiCo00,OL,Dominick Puni,PuniDo00,OL,Jake Brendel,BrenJa01,OT,Trent Williams,WillTr21,DL,Kalia Davis,DaviKa01,DL,Bryce Huff,HuffBr00,DL,Keion White,WhitKe03,DT,Alfred Collins,CollAl01,LB,Dee Winters,WintDe00,LB,Curtis Robinson,RobiCu00,CB,Upton Stout,StouUp00,CB,Renardo Green,GreeRe00,DB,Deommodore Lenoir,LenoDe00,S,Malik Mustapha,MustMa00,S,Ji'Ayir Brown,BrowJi01,QB,Cam Ward,WardCa00,RB,Tony Pollard,PollTo00,WR,Elic Ayomanor,AyomEl00,WR,James Proche,ProcJa00,WR,Van Jefferson,JeffVa00,TE,Chig Okonkwo,OkonCh00,OL,Oli Udoh,UdohOl01,OL,Peter Skoronski,SkorPe00,OT,JC Latham,LathJC00,G,Kevin Zeitler,ZeitKe00,C,Lloyd Cushenberry III,CushLl00,DE,Sebastian Joseph-Day,JoseSe00,DT,Jeffery Simmons,SimmJe01,NT,T'Vondre Sweat,SweaTV01,OLB,Arden Key,KeyxAr00,OLB,Jihad Ward,WardJi02,LB,Cedric Gray,GrayCe00,LB,Cody Barton,BartCo00,CB,Marcus Harris,HarrMa10,CB,Darrell Baker,BakeDa02,S,Amani Hooker,HookAm00,S,Kevin Winston,WinsKe02,Referee,Craig Wrolstad,Umpire,Brandon Cruse,Down Judge,Danny Short,Line Judge,Brett Bergman,Back Judge,Rich Martinez,Side Judge,Frank Steratore,Field Judge,Jeff Shears
202512150pit,2025-12-15,Monday,8:15pm,Pittsburgh Steelers,Miami Dolphins,pit,mia,28,15,Mike Tomlin,Mike McDaniel,Acrisure Stadium,65663,2:56,outdoors,grass,"17 degrees, relative humidity 71%, wind 7 mph",QB,Aaron Rodgers,RodgAa00,RB,Jaylen Warren,WarrJa01,WR,Adam Thielen,ThieAd00,WR,D.K. Metcalf,MetcDK00,TE,Darnell Washington,WashDa03,TE,Jonnu Smith,SmitJo01,OT,Troy Fautanu,FautTr00,OT,Dylan Cook,CookDy00,G,Mason McCormick,McCoMa00,G,Isaac Seumalo,SeumIs00,C,Zach Frazier,FrazZa00,DE,Yahya Black,BlacYa00,DT,Cameron Heyward,HeywCa01,DT,Keeanu Benton,BentKe00,OLB,Malik Harrison,HarrMa06,LB,Nick Herbig,HerbNi00,LB,Alex Highsmith,HighAl02,LB,Patrick Queen,QueePa00,CB,Joey Porter Jr.,PortJo02,CB,Jalen Ramsey,RamsJa00,CB,Asante Samuel Jr.,SamuAs00,S,Kyle Dugger,DuggKy00,QB,Tua Tagovailoa,TagoTu00,RB,De'Von Achane,AchaDe00,WR,Malik Washington,WashMa00,WR,Jaylen Waddle,WaddJa00,TE,Julian Hill,HillJu02,OL,Aaron Brewer,BrewAa01,OL,Jonah Savaiinaea,SavaJo00,OL,Austin Jackson,JackAu00,OL,Daniel Brunskill,BrunDa00,OT,Patrick Paul,PaulPa01,G,Cole Strange,StraCo01,DT,Benito Jones,JoneBe03,DT,Jordan Phillips,PhilJo02,DT,Zach Sieler,SielZa00,OLB,Matt Judon,JudoMa00,LB,Tyrel Dodson,DodsTy01,LB,Bradley Chubb,ChubBr00,LB,Jordyn Brooks,BrooJo01,CB,Rasul Douglas,DougRa00,CB,Jack Jones,JoneJa10,S,Minkah Fitzpatrick,FitzMi00,S,Ashtyn Davis,DaviAs00,Referee,Land Clark,Umpire,Mark Pellis,Down Judge,Tom Stephan,Line Judge,Jeff Hutcheon,Back Judge,Brad Freeman,Side Judge,Dominique Pender,Field Judge,Jabir Walker
202512180sea,2025-12-18,Thursday,8:15pm,Seattle Seahawks,Los Angeles Rams,sea,ram,38,37,Mike Macdonald,Sean McVay,Lumen Field,68853,3:37,outdoors,fieldturf,"51 degrees, relative humidity 91%, wind 17 mph",QB,Sam Darnold,DarnSa00,RB,Kenneth Walker III,WalkKe00,WR,Jaxon Smith-Njigba,SmitJa06,WR,Cooper Kupp,KuppCo00,TE,AJ Barner,BarnAJ00,TE,Eric Saubert,SaubEr00,OL,Josh Jones,JoneJo07,T,Abraham Lucas,LucaAb00,OG,Grey Zabel,ZabeGr00,G,Anthony Bradford,BradAn00,C,Jalen Sundell,SundJa00,DT,Byron Murphy,MurpBy01,DT,Leonard Williams,WillLe02,LB,DeMarcus Lawrence,LawrDe00,LB,Ernest Jones,JoneEr01,LB,Uchenna Nwosu,NwosUc00,LB,Drake Thomas,ThomDr00,CB,Josh Jobe,JobeJo00,CB,Devon Witherspoon,WithDe00,FS,Julian Love,LoveJu00,FS,Coby Bryant,BryaCo01,S,Nick Emmanwori,EmmaNi00,QB,Matthew Stafford,StafMa00,RB,Kyren Williams,WillKy02,WR,Puka Nacua,NacuPu00,TE,Davis Allen,AlleDa02,TE,Colby Parkinson,ParkCo02,TE,Terrance Ferguson,FergTe00,OL,Steve Avila,AvilSt00,OL,Warren McClendon,McClWa00,OL,Alaric Jackson,JackAl01,OL,Kevin Dotson,DotsKe00,C,Coleman Shelton,ShelCo00,DE,Tyler Davis,DaviTy05,DE,Kobie Turner,TurnKo00,NT,Poona Ford,FordPo00,OLB,Jared Verse,VersJa00,OLB,Byron Young,YounBy01,LB,Nathan Landman,LandNa01,LB,Omar Speights,SpeiOm00,CB,Emmanuel Forbes,ForbEm00,CB,Cobie Durant,DuraDe01,S,Jaylen McCollough,McCoJa02,S,Kamren Curl,CurlKa00,Referee,Brad Allen,Umpire,Marcus Woods,Down Judge,Sarah Thomas,Line Judge,Walter Flowers,Back Judge,Tyree Walton,Side Judge,Chad Hill,Field Judge,Rick Patterson
202512200chi,2025-12-20,Saturday,8:20pm,Chicago Bears,Green Bay Packers,chi,gnb,22,16,Ben Johnson,Matt LaFleur,Soldier Field,60152,3:09,outdoors,grass,"37 degrees, relative humidity 48%, wind 6 mph",QB,Caleb Williams,WillCa03,RB,D'Andre Swift,SwifDA00,WR,D.J. Moore,,TE,Durham Smythe,SmytDu00,TE,Cole Kmet,KmetCo00,TE,Colston Loveland,LoveCo00,OL,Darnell Wright,WrigDa00,OL,Ozzy Trapilo,TrapOz00,OL,Drew Dalman,DalmDr00,OL,Jonah Jackson,JackJo03,G,Joe Thuney,ThunJo00,DL,Austin Booker,BookAu00,DL,Montez Sweat,SweaMo00,DL,Gervon Dexter,DextGe00,DL,Andrew Billings,BillAn00,LB,T.J. Edwards,EdwaTJ02,LB,Tremaine Edmunds,EdmuTr01,CB,Nahshon Wright,WrigNa00,DB,Jaylon Johnson,JohnJa13,DB,Kevin Byard,ByarKe01,DB,Jaquan Brisker,BrisJa01,S,C.J. Gardner-Johnson,GardCh00,QB,Jordan Love,LoveJo03,RB,Josh Jacobs,JacoJo01,WR,Christian Watson,WatsCh00,WR,Romeo Doubs,DoubRo00,WR,Jayden Reed,ReedJa03,OL,Darian Kinnard,KinnDa00,OT,Anthony Belton,BeltAn00,OT,Jordan Morgan,MorgJo03,T,Rasheed Walker,WalkRa00,G,Aaron Banks,BankAa00,G,Sean Rhyan,RhyaSe00,DL,Colby Wooden,WoodCo01,DL,Rashan Gary,GaryRa00,DL,Kingsley Enagbare,EnagKi00,DL,Karl Brooks,BrooKa00,LB,Isaiah McDuffie,McDuIs00,LB,Quay Walker,WalkQu00,LB,Edgerrin Cooper,CoopEd00,CB,Keisean Nixon,NixoKe00,CB,Carrington Valentine,ValeCa00,S,Xavier McKinney,McKiXa00,S,Javon Bullard,BullJa00,Referee,Alex Kemp,Umpire,Brandon Ellison,Down Judge,Mike Carr,Line Judge,Rusty Baynes,Back Judge,Scott Helverson,Side Judge,Lo van Pham,Field Judge,Sean Petty
202512200was,2025-12-20,Saturday,5:00pm,Washington Commanders,Philadelphia Eagles,was,phi,18,29,Dan Quinn,Nick Sirianni,Northwest Stadium,64582,3:02,outdoors,grass,"42 degrees, relative humidity 49%, wind 7 mph",QB,Marcus Mariota,MariMa01,RB,Chris Rodriguez,RodrCh00,WR,Treylon Burks,BurkTr00,WR,Deebo Samuel,SamuDe00,WR,Jaylin Lane,LaneJa00,WR,Terry McLaurin,McLaTe00,OL,Samuel Cosmi,CosmSa00,OT,Brandon Coleman,ColeBr02,OT,Josh Conerly,ConeJo00,G,Chris Paul,PaulCh00,C,Tyler Biadasz,BiadTy00,DE,Jalyn Holmes,HolmJa01,DE,Jacob Martin,MartJa02,DT,Javon Kinlaw,KinlJa00,DT,Daron Payne,PaynDa00,MLB,Bobby Wagner,WagnBo00,LB,Jordan Magee,MageJo00,LB,Frankie Luvu,LuvuFr00,CB,Mike Sainristil,SainMi00,CB,Jonathan Jones,JoneJo03,FS,Will Harris,HarrWi02,S,Quan Martin,MartJa04,QB,Jalen Hurts,HurtJa00,RB,Saquon Barkley,BarkSa00,WR,DeVonta Smith,SmitDe07,WR,A.J. Brown,BrowAJ00,WR,Jahan Dotson,DotsJa00,TE,Dallas Goedert,GoedDa00,OL,Tyler Steen,SteeTy00,OL,Cam Jurgens,JurgCa01,T,Fred Johnson,JohnFr01,T,Jordan Mailata,MailJo00,G,Landon Dickerson,DickLa00,DT,Jordan Davis,DaviJo03,DT,Moro Ojomo,OjomMo00,OLB,Jaelan Phillips,PhilJa02,OLB,Nolan Smith,SmitNo02,LB,Nakobe Dean,DeanNa00,LB,Zack Baun,BaunZa00,CB,Adoree' Jackson,JackAd00,CB,Quinyon Mitchell,MitcQu00,DB,Cooper DeJean,DeJeCo00,S,Marcus Epps,EppsMa00,S,Reed Blankenship,BlanRe00,Referee,Craig Wrolstad,Umpire,Brandon Cruse,Down Judge,Danny Short,Line Judge,Brett Bergman,Back Judge,Rich Martinez,Side Judge,Frank Steratore,Field Judge,Jeff Shears
202512210car,2025-12-21,Sunday,1:00pm,Carolina Panthers,Tampa Bay Buccaneers,car,tam,23,20,Dave Canales,Todd Bowles,Bank of America Stadium,73530,2:57,outdoors,grass,"61 degrees, relative humidity 28%, wind 8 mph",QB,Bryce Young,YounBr01,RB,Rico Dowdle,DowdRi01,WR,Xavier Legette,LegeXa00,WR,Tetairoa McMillan,McMiTe00,TE,Mitchell Evans,EvanMi01,TE,Tommy Tremble,TremTo00,T,Taylor Moton,MotoTa00,T,Yosh Nijman,NijmYo01,OG,Austin Corbett,CorbAu00,G,Damien Lewis,LewiDa05,C,Cade Mays,MaysCa00,DT,Derrick Brown,BrowDe05,DT,A'Shawn Robinson,RobiAS00,OLB,D.J. Wonnum,WonnDJ00,OLB,Nic Scourton,ScouNi00,LB,Claudin Cherelus,CherCl00,LB,Christian Rozeboom,RozeCh00,CB,Chau Smith-Wade,SmitCh05,CB,Michael Jackson,JackMi01,CB,Jaycee Horn,HornJa00,FS,Nick Scott,ScotNi01,S,Tre'von Moehrig,MoehTr00,QB,Baker Mayfield,MayfBa00,RB,Bucky Irving,IrviBu00,WR,Jalen McMillan,McMiJa01,WR,Emeka Egbuka,EgbuEm01,WR,Mike Evans,EvanMi00,TE,Cade Otton,OttoCa00,T,Tristan Wirfs,WirfTr00,T,Luke Goedeke,GoedLu00,G,Dan Feeney,FeenDa00,G,Michael Jordan,JordMi01,C,Graham Barton,BartGr00,DL,Logan Hall,HallLo00,DT,Adam Gotsis,GotsAd00,NT,Vita Vea,VeaxVi00,OLB,YaYa Diaby,DiabYa00,OLB,Haason Reddick,ReddHa00,LB,SirVocea Dennis,DennSi00,LB,Lavonte David,DaviLa00,CB,Jamel Dean,DeanJa00,CB,Benjamin Morrison,MorrBe00,S,Tykee Smith,SmitTy05,S,Antoine Winfield Jr.,WinfAn00,Referee,Shawn Smith,Umpire,Tra Blake,Down Judge,Jay Bilbo,Line Judge,Jeff Seeman,Back Judge,Dino Paganelli,Side Judge,Boris Cheek,Field Judge,Dyrol Prioleau
202512210cle,2025-12-21,Sunday,1:00pm,Cleveland Browns,Buffalo Bills,cle,buf,20,23,Kevin Stefanski,Sean McDermott,Huntington Bank Field,67580,2:53,outdoors,grass,"25 degrees, relative humidity 68%, wind 16 mph",QB,Shedeur Sanders,SandSh00,RB,Quinshon Judkins,JudkQu00,WR,Cedric Tillman,TillCe01,WR,Jerry Jeudy,JeudJe00,TE,Blake Whiteheart,WhitBl01,TE,Harold Fannin,FannHa00,OT,Cam Robinson,RobiCa00,OT,KT Leveston,LeveKT00,G,Joel Bitonio,BitoJo00,G,Teven Jenkins,JenkTe00,C,Luke Wypler,WyplLu00,DE,Myles Garrett,GarrMy00,DE,Alex Wright,WrigAl01,DT,Shelby Harris,HarrSh00,DT,Mason Graham,GrahMa00,LB,Mohamoud Diabate,DiabMo00,LB,Carson Schwesinger,SchwCa00,LB,Devin Bush Jr.,BushDe01,CB,Sam Webb,WebbSa00,CB,Tyson Campbell,CampTy01,S,Ronnie Hickman,HickRo00,S,Grant Delpit,DelpGr00,QB,Josh Allen,AlleJo02,RB,James Cook,CookJa01,WR,Tyrell Shavers,ShavTy00,WR,Josh Palmer,PalmJo00,TE,Jackson Hawes,HaweJa00,TE,Dawson Knox,KnoxDa00,T,Spencer Brown,BrowSp00,T,Dion Dawkins,DawkDi00,G,David Edwards,EdwaDa01,G,O'Cyrus Torrence,TorrOC00,G,Connor McGovern,McGoCo01,DE,Joey Bosa,BosaJo00,DE,Gregory Rousseau,RousGr00,DT,DaQuan Jones,JoneDa04,DT,Deone Walker,WalkDe04,OLB,Shaq Thompson,ThomSh01,LB,Matt Milano,MilaMa00,CB,Tre'Davious White,WhitTr01,CB,Taron Johnson,JohnTa01,CB,Christian Benford,BenfCh00,S,Jordan Poyer,PoyeJo00,S,Cole Bishop,BishCo00,Referee,Bill Vinovich,Umpire,Scott Walker,Down Judge,Dale Keller,Line Judge,Tripp Sutter,Back Judge,Todd Prukop,Side Judge,Jimmy Buchanan,Field Judge,Aaron Santi
202512210crd,2025-12-21,Sunday,4:05pm,Arizona Cardinals,Atlanta Falcons,crd,atl,19,26,Jonathan Gannon,Raheem Morris,State Farm Stadium,60673,3:12,retractable roof (open),grass,,QB,Jacoby Brissett,BrisJa00,RB,Michael Carter,CartMi03,WR,Michael Wilson,WilsMi02,TE,Trey McBride,McBrTr01,TE,Elijah Higgins,HiggEl00,TE,Josiah Deguara,DeguJo00,OL,Jon Gaines,GainJo00,OL,Isaiah Adams,AdamIs01,OL,Josh Fryar,FryaJo00,OL,Hjalte Froholdt,FrohHj00,OL,Kelvin Beachum,BeacKe00,DL,Calais Campbell,CampCa99,DL,Darius Robinson,RobiDa01,DT,Dalvin Tomlinson,TomlDa00,OLB,Zaven Collins,CollZa00,OLB,Josh Sweat,SweaJo00,LB,Akeem Davis-Gaither,DaviAk01,LB,Cody Simon,SimoCo01,CB,Will Johnson,JohnWi02,CB,Garrett Williams,WillGa00,S,Dadrion Taylor-Demerson,TaylDa02,S,Budda Baker,BakeBu00,QB,Kirk Cousins,CousKi00,RB,Bijan Robinson,RobiBi01,WR,Darnell Mooney,MoonDa00,WR,Drake London,LondDr00,TE,Charlie Woerner,WoerCh00,TE,Kyle Pitts,PittKy00,OL,Matthew Bergeron,BergMa00,OL,Elijah Wilkinson,WilkEl00,OL,Ryan Neuzil,NeuzRy00,T,Jake Matthews,MattJa00,G,Chris Lindstrom,LindCh00,DL,LaCale London,LondLa00,DL,David Onyemata,OnyeDa00,DE,Leonard Floyd,FloyLe00,DT,Brandon Dorlus,DorlBr00,LB,Ronnie Harrison,HarrRo02,LB,Kaden Elliss,ElliKa00,LB,Divine Deablo,DeabDi00,CB,AJ Terrell,TerrAJ00,CB,Cobee Bryant,BryaCo02,S,Xavier Watts,WattXa00,S,Jessie Bates III,BateJe00,Referee,Land Clark,Umpire,Mark Pellis,Down Judge,Tom Stephan,Line Judge,Jeff Hutcheon,Back Judge,Brad Freeman,Side Judge,Dominique Pender,Field Judge,Jabir Walker
202512210dal,2025-12-21,Sunday,1:00pm,Dallas Cowboys,Los Angeles Chargers,dal,sdg,17,34,Brian Schottenheimer,Jim Harbaugh,AT&amp;T Stadium,92740,2:53,retractable roof (closed),matrixturf,,QB,Dak Prescott,PresDa01,RB,Javonte Williams,WillJa10,WR,George Pickens,PickGe00,WR,CeeDee Lamb,LambCe00,WR,Ryan Flournoy,FlouRy00,TE,Jake Ferguson,FergJa00,OL,Tyler Smith,SmitTy02,T,Terence Steele,SteeTe01,OG,Tyler Booker,BookTy00,G,T.J. Bass,BassTJ00,C,Cooper Beebe,BeebCo00,DE,Donovan Ezeiruaku,EzeiDo00,DE,Jadeveon Clowney,ClowJa00,DT,Solomon Thomas,ThomSo00,DT,Kenny Clark,ClarKe01,DT,Osa Odighizuwa,OdigOs00,MLB,Kenneth Murray,MurrKe00,LB,DeMarvion Overshown,OverDe00,CB,Shavon Revel,ReveSh00,CB,Trevon Diggs,DiggTr00,S,Malik Hooker,HookMa00,S,Donovan Wilson,WilsDo01,QB,Justin Herbert,HerbJu00,RB,Kimani Vidal,VidaKi00,FB,Scott Matlock,MatlSc00,WR,Ladd McConkey,McCoLa00,WR,Quentin Johnston,JohnQu02,OL,Jamaree Salyer,SalyJa00,OT,Trevor Penning,PennTr00,T,Bobby Hart,HartBo00,G,Mekhi Becton,BectMe00,G,Zion Johnson,JohnZi00,C,Bradley Bozeman,BozeBr00,DL,Teair Tart,TartTe00,DL,Da'Shawn Hand,HandDa00,OLB,Khalil Mack,MackKh00,OLB,Tuli Tuipulotu,TuipTu00,LB,Daiyan Henley,HenlDa00,LB,Denzel Perryman,PerrDe00,CB,Cam Hart,HartCa00,CB,Tarheeb Still,StilTa00,DB,Elijah Molden,MoldEl00,S,Tony Jefferson,JeffTo00,S,Derwin James,JameDe00,Referee,Alan Eck,Umpire,Tab Slaughter,Down Judge,David Oliver,Line Judge,Greg Bradley,Back Judge,Grantis Bell,Side Judge,Dale Shaw,Field Judge,John Jenkins
202512210den,2025-12-21,Sunday,4:05pm,Denver Broncos,Jacksonville Jaguars,den,jax,20,34,Sean Payton,Liam Coen,Empower Field at Mile High,76858,3:18,outdoors,grass,"62 degrees, relative humidity 26%, wind 3 mph",QB,Bo Nix,NixxBo00,RB,RJ Harvey,HarvRJ00,WR,Lil'Jordan Humphrey,HumpLi01,TE,Nate Adkins,AdkiNa00,TE,Adam Trautman,TrauAd00,TE,Evan Engram,EngrEv00,OL,Quinn Meinerz,MeinQu02,T,Garett Bolles,BollGa00,T,Alex Palczewski,PalcAl00,T,Mike McGlinchey,McGlMi00,C,Luke Wattenberg,WattLu00,DL,Zach Allen,AlleZa01,DL,John Franklin-Myers,FranJo02,DT,D.J. Jones,,OLB,Jonathon Cooper,CoopJo02,OLB,Nik Bonitto,BoniNi00,LB,Alex Singleton,SingAl00,CB,Riley Moss,MossRi00,CB,Patrick Surtain II,SurtPa01,CB,Jahdae Barron,BarrJa01,S,P.J. Locke,LockPJ00,S,Talanoa Hufanga,HufaTa00,QB,Trevor Lawrence,LawrTr00,RB,Travis Etienne,EtieTr00,WR,Tim Patrick,PatrTi00,WR,Brian Thomas,ThomBr06,WR,Jakobi Meyers,MeyeJa01,TE,Brenton Strange,StraBr00,OL,Anton Harrison,HarrAn00,OL,Patrick Mekari,MekaPa00,OL,Cole Van Lanen,VanxCo00,OL,Ezra Cleveland,ClevEz00,C,Robert Hainsey,HainRo00,DL,Matt Dickerson,DickMa00,DE,Travon Walker,WalkTr03,DE,Josh Hines-Allen,AlleJo03,DT,DaVon Hamilton,HamiDa02,LB,Devin Lloyd,LloyDe00,LB,Foyesade Oluokun,OluoFo00,CB,Montaric Brown,BrowMo00,CB,Greg Newsome II,NewsGr00,S,Eric Murray,MurrEr00,S,Antonio Johnson,JohnAn07,S,Andrew Wingard,WingAn01,Referee,Shawn Hochuli,Umpire,Larry Smith,Down Judge,Patrick Holt,Line Judge,Tim Podraza,Back Judge,Jimmy Russell,Side Judge,Jim Quirk,Field Judge,Jason Ledet
202512210det,2025-12-21,Sunday,4:25pm,Detroit Lions,Pittsburgh Steelers,det,pit,24,29,Dan Campbell,Mike Tomlin,Ford Field,63798,3:25,dome,fieldturf,,QB,Jared Goff,GoffJa00,RB,Jahmyr Gibbs,GibbJa01,WR,Jameson Williams,WillJa11,WR,Amon-Ra St. Brown,StxxAm00,TE,Shane Zylstra,ZylsSh00,TE,Anthony Firkser,FirkAn00,OL,Christian Mahogany,MahoCh00,OL,Tate Ratledge,RatlTa00,T,Taylor Decker,DeckTa00,T,Penei Sewell,SewePe00,C,Kingsley Eguakun,EguaKi00,DL,Alim McNeill,McNeAl00,DL,D.J. Reader,,DE,Marcus Davenport,DaveMa00,DE,Aidan Hutchinson,HutcAi00,LB,Derrick Barnes,BarnDe02,LB,Jack Campbell,CampJa04,LB,Alex Anzalone,AnzaAl00,CB,D.J. Reed,,CB,Avonte Maddox,MaddAv00,CB,Rock Ya-Sin,Ya-SRo00,S,Thomas Harper,HarpTh00,QB,Aaron Rodgers,RodgAa00,RB,Jaylen Warren,WarrJa01,WR,D.K. Metcalf,MetcDK00,TE,Darnell Washington,WashDa03,TE,Jonnu Smith,SmitJo01,TE,Pat Freiermuth,FreiPa00,OL,Spencer Anderson,AndeSp00,OT,Dylan Cook,CookDy00,OT,Troy Fautanu,FautTr00,G,Mason McCormick,McCoMa00,C,Zach Frazier,FrazZa00,DT,Cameron Heyward,HeywCa01,DT,Derrick Harmon,HarmDe01,DT,Keeanu Benton,BentKe00,OLB,Malik Harrison,HarrMa06,OLB,Jack Sawyer,SawyJa00,LB,Alex Highsmith,HighAl02,LB,Patrick Queen,QueePa00,CB,Joey Porter Jr.,PortJo02,CB,Jalen Ramsey,RamsJa00,CB,Asante Samuel Jr.,SamuAs00,S,Kyle Dugger,DuggKy00,Referee,Carl Cheffers,Umpire,Derek Anderson,Down Judge,Daniel Gallagher,Line Judge,Quentin Givens,Back Judge,Martin Hankins,Side Judge,Eugene Hall,Field Judge,Nathan Jones
202512210htx,2025-12-21,Sunday,4:25pm,Houston Texans,Las Vegas Raiders,htx,rai,23,21,DeMeco Ryans,Pete Carroll,NRG Stadium,71160,2:56,retractable roof (closed),astroturf,,QB,C.J. Stroud,StroCJ00,RB,Nick Chubb,ChubNi00,WR,Nico Collins,CollNi00,WR,Jayden Higgins,HiggJa00,TE,Cade Stover,StovCa00,OT,Trent Brown,BrowTr02,OT,Aireontae Ersery,ErseAi00,T,Blake Fisher,FishBl00,T,Tytus Howard,HowaTy00,G,Ed Ingram,IngrEd00,C,Jake Andrews,AndrJa00,DE,Danielle Hunter,HuntDa01,DE,Will Anderson,AndeWi01,DT,Sheldon Rankins,RankSh00,DT,Tommy Togiai,TogiTo00,LB,E.J. Speed,SpeeEJ00,LB,Henry To'oTo'o,TooTHe00,CB,Kamari Lassiter,LassKa00,CB,Derek Stingley Jr.,StinDe00,CB,Myles Bryant,BryaMy01,S,Jalen Pitre,PitrJa00,S,Calen Bullock,BullCa00,QB,Geno Smith,SmitGe00,RB,Ashton Jeanty,JeanAs00,WR,Jack Bech,BechJa00,WR,Tre Tucker,TuckTr00,TE,Brock Bowers,BoweBr01,TE,Michael Mayer,MayeMi00,OL,Stone Forsythe,ForsSt00,OT,Delmar Glaze,GlazDe00,OG,Caleb Rogers,RogeCa01,G,Alex Cappa,CappAl00,G,Dylan Parham,ParhDy00,DE,Charles Snowden,SnowCh00,DE,Maxx Crosby,CrosMa00,DT,Thomas Booker,BookTh00,DT,Jonah Laulu,LaulJo00,DT,Adam Butler,ButlAd00,LB,Elandon Roberts,RobeEl00,LB,Devin White,WhitDe02,CB,Darien Porter,PortDa00,CB,Eric Stokes,StokEr00,S,Isaiah Pola-Mao,PolaIs00,S,Jeremy Chinn,ChinJe00,Referee,Scott Novak,Umpire,Mike Morton,Down Judge,Brian Sakowski,Line Judge,Mark Stewart,Back Judge,Tony Josselyn,Side Judge,Don Willard,Field Judge,Terry Brown
202512210mia,2025-12-21,Sunday,1:00pm,Miami Dolphins,Cincinnati Bengals,mia,cin,21,45,Mike McDaniel,Zac Taylor,Hard Rock Stadium,65885,2:51,outdoors,grass,"81 degrees, relative humidity 64%, wind 7 mph",QB,Quinn Ewers,EwerQu00,RB,De'Von Achane,AchaDe00,WR,Cedrick Wilson Jr.,WilsCe01,WR,Jaylen Waddle,WaddJa00,TE,Darren Waller,WallDa01,TE,Greg Dulcich,DulcGr00,OL,Aaron Brewer,BrewAa01,OL,Jonah Savaiinaea,SavaJo00,OL,Austin Jackson,JackAu00,OT,Patrick Paul,PaulPa01,G,Cole Strange,StraCo01,DT,Jordan Phillips,PhilJo02,DT,Zach Sieler,SielZa00,LB,Chop Robinson,RobiCh00,LB,Tyrel Dodson,DodsTy01,LB,Bradley Chubb,ChubBr00,LB,Jordyn Brooks,BrooJo01,CB,Rasul Douglas,DougRa00,CB,Jack Jones,JoneJa10,CB,Jason Marshall,MarsJa00,S,Ifeatu Melifonwu,MeliIf00,S,Ashtyn Davis,DaviAs00,QB,Joe Burrow,BurrJo01,RB,Chase Brown,BrowCh10,RB,Samaje Perine,PeriSa00,WR,Mitchell Tinsley,TinsMi00,WR,Ja'Marr Chase,ChasJa00,TE,Drew Sample,SampDr00,OT,Orlando Brown Jr.,BrowOr00,OT,Amarius Mims,MimsAm00,OG,Dylan Fairchild,FairDy00,G,Dalton Risner,RisnDa00,C,Ted Karras,KarrTe00,DE,Cameron Sample,SampCa00,DE,Myles Murphy,MurpMy00,DT,Tedarrell Slaton,SlatTe00,DT,B.J. Hill,,LB,Demetrius Knight,KnigDe00,LB,Barrett Carter,CartBa00,CB,Daxton Hill,HillDa04,CB,Jalen Davis,DaviJa06,CB,DJ Turner,TurnDJ01,S,Jordan Battle,BattJo00,S,Geno Stone,StonGe00,Referee,John Hussey,Umpire,Duane Heydt,Down Judge,Max Causey,Line Judge,Carl Johnson,Back Judge,Matt Edwards,Side Judge,Allen Baynes,Field Judge,Anthony Flemming
202512210nor,2025-12-21,Sunday,1:00pm,New Orleans Saints,New York Jets,nor,nyj,29,6,Kellen Moore,Aaron Glenn,Caesars Superdome,70043,3:00,dome,sportturf,,QB,Tyler Shough,ShouTy00,RB,Audric Estime,EstiAu00,WR,Chris Olave,OlavCh00,TE,Taysom Hill,HillTa00,TE,Juwan Johnson,JohnJu02,TE,Foster Moreau,MoreFo00,OL,Luke Fortner,FortLu01,OL,Dillon Radunz,RaduDi00,OT,Kelvin Banks,BankKe01,OT,Taliese Fuaga,FuagTa00,G,William Sherman,SherWi01,DE,Jonathan Bullard,BullJo00,DE,Chase Young,YounCh04,DE,Cameron Jordan,JordCa00,DT,Bryan Bresee,BresBr00,DT,Davon Godchaux,GodcDa00,LB,Pete Werner,WernPe00,LB,Demario Davis,DaviDe00,CB,Kool-Aid McKinstry,McKiKo00,CB,Alontae Taylor,TaylAl01,S,Justin Reid,ReidJu00,S,Jonas Sanker,SankJo00,QB,Brady Cook,CookBr03,RB,Breece Hall,HallBr03,WR,John Metchie,MetcJo00,TE,Jelani Woods,WoodJe01,TE,Stone Smartt,SmarSt00,TE,Jeremy Ruckert,RuckJe00,OL,Olumuyiwa Fashanu,FashOl00,OL,John Simpson,SimpJo00,OT,Armand Membou,MembAr00,C,Joe Tippmann,TippJo00,C,Josh Myers,MyerJo00,DL,Harrison Phillips,PhilHa00,DE,Will McDonald,McDoWi00,DT,Jowon Briggs,BrigJo00,DT,Jay Tufele,TufeJa00,LB,Jamien Sherwood,SherJa00,LB,Jermaine Johnson II,JohnJe07,LB,Quincy Williams,WillQu01,CB,Brandon Stephens,StepBr01,CB,Qwan'tez Stiggers,StigQw00,DB,Malachi Moore,MoorMa04,S,Dean Clark,ClarDe03,Referee,Clay Martin,Umpire,Steve Woods,Down Judge,Jerod Phillips,Line Judge,Brian Perry,Back Judge,Greg Wilson,Side Judge,Alonzo Ramsey,Field Judge,Dave Hawkshaw
202512210nyg,2025-12-21,Sunday,1:00pm,New York Giants,Minnesota Vikings,nyg,min,13,16,Mike Kafka,Kevin O'Connell,MetLife Stadium,76515,2:57,outdoors,fieldturf,"46 degrees, relative humidity 37%, wind 20 mph",QB,Jaxson Dart,DartJa00,RB,Tyrone Tracy Jr.,TracTy00,WR,Wan'Dale Robinson,RobiWa01,TE,Daniel Bellinger,BellDa00,TE,Chris Manhertz,ManhCh00,TE,Theo Johnson,JohnTh00,OL,Jermaine Eluemunor,ElueJe00,OL,Aaron Stinnie,StinAa00,T,Andrew Thomas,ThomAn02,OG,Greg Van Roten,VanRGr00,C,John Michael Schmitz,MichJo00,DL,Dexter Lawrence,LawrDe03,DT,Roy Robertson-Harris,RobeRo00,OLB,Abdul Carter,CartAb00,OLB,Brian Burns,BurnBr00,LB,Darius Muasau,MuasDa00,LB,Bobby Okereke,OkerBo00,CB,Cordale Flott,FlotCo00,CB,Paulson Adebo,AdebPa00,S,Jevon Holland,HollJe02,S,Tyler Nubin,NubiTy00,S,Dane Belton,BeltDa00,QB,J.J. McCarthy,McCaJJ00,RB,Aaron Jones,JoneAa00,WR,Jordan Addison,AddiJo00,WR,Jalen Nailor,NailJa00,WR,Justin Jefferson,JeffJu00,TE,T.J. Hockenson,HockTJ00,OL,Donovan Jackson,JackDo03,T,Justin Skule,SkulJu00,T,Brian O'Neill,ONeiBr00,G,Will Fries,FrieWi00,C,Ryan Kelly,KellRy00,DL,Tyrion Ingram-Dawkins,IngrTy00,DL,Jonathan Allen,AlleJo01,DL,Jalen Redmond,RedmJa01,OLB,Andrew Van Ginkel,VanGAn00,OLB,Dallas Turner,TurnDa01,LB,Eric Wilson,WilsEr00,LB,Blake Cashman,CashBl00,CB,Isaiah Rodgers,RodgIs00,CB,Byron Murphy,MurpBy00,S,Harrison Smith,SmitHa00,S,Jay Ward,WardJa00,Referee,Alex Moore,Umpire,Terry Killens,Down Judge,Dana McKenzie,Line Judge,Tom Eaton,Back Judge,Terrence Miles,Side Judge,Anthony Jeffries,Field Judge,Mearl Robinson
202512210oti,2025-12-21,Sunday,1:00pm,Tennessee Titans,Kansas City Chiefs,oti,kan,26,9,Mike McCoy,Andy Reid,Nissan Stadium,61752,2:58,outdoors,grass,"51 degrees, relative humidity 27%, wind 8 mph",QB,Cam Ward,WardCa00,RB,Tony Pollard,PollTo00,WR,James Proche,ProcJa00,WR,Chimere Dike,DikeCh00,TE,Chig Okonkwo,OkonCh00,TE,Gunnar Helm,HelmGu00,OL,Peter Skoronski,SkorPe00,OT,Dan Moore,MoorDa05,OT,JC Latham,LathJC00,G,Kevin Zeitler,ZeitKe00,C,Lloyd Cushenberry III,CushLl00,DT,Jeffery Simmons,SimmJe01,NT,T'Vondre Sweat,SweaTV01,OLB,Arden Key,KeyxAr00,OLB,Jihad Ward,WardJi02,LB,Cody Barton,BartCo00,LB,James Williams,WillJa15,CB,Marcus Harris,HarrMa10,CB,Darrell Baker,BakeDa02,CB,Jalyn Armour-Davis,ArmoJa00,DB,Kendell Brooks,BrooKe02,S,Amani Hooker,HookAm00,QB,Gardner Minshew II,MinsGa00,RB,Isiah Pacheco,PachIs00,WR,Xavier Worthy,WortXa00,WR,JuJu Smith-Schuster,SmitJu00,TE,Noah Gray,GrayNo00,TE,Travis Kelce,KelcTr00,T,Chukwuebuka Godrick,GodrJa00,T,Kingsley Suamataia,SuamKi00,T,Esa Pole,PoleEs00,G,Trey Smith,SmitTr05,C,Creed Humphrey,HumpCr00,DE,George Karlaftis III,KarlGe00,DE,Michael Danna,DannMi00,DT,Chris Jones,JoneCh09,NT,Mike Pennel,PennMi00,LB,Jack Cochrane,CochJa00,LB,Drue Tranquill,TranDr00,LB,Nick Bolton,BoltNi00,CB,Jaylen Watson,WatsJa02,DB,Chamarri Conner,ConnCh01,DB,Nohl Williams,WillNo01,S,Bryan Cook,CookBr02,Referee,Clete Blakeman,Umpire,Scott Campbell,Down Judge,Andy Warner,Line Judge,Kent Payne,Back Judge,Jonah Monroe,Side Judge,James Coleman,Field Judge,Karina Tovar
202512210rav,2025-12-21,Sunday,8:20pm,Baltimore Ravens,New England Patriots,rav,nwe,24,28,John Harbaugh,Mike Vrabel,M&amp;T Bank Stadium,70709,3:03,outdoors,grass,"40 degrees, relative humidity 36%, wind 2 mph",QB,Lamar Jackson,JackLa00,RB,Derrick Henry,HenrDe00,FB,Patrick Ricard,RicaPa00,WR,Rashod Bateman,BateRa00,WR,Zay Flowers,FlowZa00,TE,Charlie Kolar,KolaCh00,OL,Andrew Vorhees,VorhAn00,T,Ronnie Stanley,StanRo00,T,Roger Rosengarten,RoseRo01,G,Daniel Faalele,FaalDa00,C,Tyler Linderbaum,LindTy00,DL,Travis Jones,JoneTr00,DE,Dre'Mont Jones,JoneDr00,DT,John Jenkins,JenkJo00,OLB,Kyle Van Noy,VanNKy00,LB,Trenton Simpson,SimpTr00,LB,Roquan Smith,SmitRo07,CB,Marlon Humphrey,HumpMa00,CB,Nate Wiggins,WiggNa00,S,Kyle Hamilton,HamiKy00,S,Malaki Starks,StarMa00,S,Alohi Gilman,GilmAl00,QB,Drake Maye,MayeDr00,RB,Rhamondre Stevenson,StevRh00,WR,Kayshon Boutte,BoutKa00,WR,Stefon Diggs,DiggSt00,WR,Mack Hollins,HollMa00,TE,Hunter Henry,HenrHu00,OL,Michael Onwenu,OnweMi00,OT,Morgan Moses,MoseMo00,T,Vederian Lowe,LoweVe00,C,Garrett Bradbury,BradGa00,C,Jared Wilson,WilsJa02,DL,Khyiris Tonga,TongKh00,DT,Joshua Farmer,FarmJo00,DT,Christian Barmore,BarmCh00,NT,Cory Durden,DurdCo00,OLB,Harold Landry,LandHa00,LB,Christian Elliss,ElliCh00,LB,Jack Gibbens,GibbJa00,LB,Jahlani Tavai,TavaJa00,CB,Christian Gonzalez,GonzCh00,CB,Carlton Davis,DaviCa02,S,Jaylinn Hawkins,HawkJa00,Referee,Brad Rogers,Umpire,Bryan Neale,Down Judge,Patrick Turner,Line Judge,Kevin Codey,Back Judge,Greg Yette,Side Judge,David Meslow,Field Judge,Joe Blubaugh
202512220clt,2025-12-22,Monday,8:15pm,Indianapolis Colts,San Francisco 49ers,clt,sfo,27,48,Shane Steichen,Kyle Shanahan,Lucas Oil Stadium,66265,3:03,retractable roof (closed),fieldturf,,QB,Philip Rivers,RivePh00,RB,Jonathan Taylor,TaylJo02,WR,Josh Downs,DownJo00,WR,Michael Pittman Jr.,PittMi01,WR,Alec Pierce,PierAl00,TE,Tyler Warren,WarrTy00,T,Jalen Travis,TravJa00,G,Quenton Nelson,NelsQu00,G,Dalton Tucker,TuckDa00,G,Matt Goncalves,GoncMa00,C,Tanor Bortolini,BortTa00,DE,Laiatu Latu,LatuLa00,DE,Kwity Paye,PayeKw00,DT,Grover Stewart,StewGr00,DT,DeForest Buckner,BuckDe00,LB,Zaire Franklin,FranZa00,LB,Germaine Pratt,PratGe00,CB,Kenny Moore,MoorKe03,CB,Mekhi Blackmon,BlacMe00,CB,Johnathan Edwards,EdwaJo00,S,Nick Cross,CrosNi00,S,Camryn Bynum,BynuCa00,QB,Brock Purdy,PurdBr00,RB,Christian McCaffrey,McCaCh01,FB,Kyle Juszczyk,JuszKy00,WR,Kendrick Bourne,BourKe00,WR,Jauan Jennings,JennJa00,TE,George Kittle,KittGe00,OL,Spencer Burford,BurfSp00,OL,Colton McKivitz,McKiCo00,OL,Dominick Puni,PuniDo00,OL,Jake Brendel,BrenJa01,OT,Trent Williams,WillTr21,DL,Jordan Elliott,ElliJo02,DL,Bryce Huff,HuffBr00,DL,Kalia Davis,DaviKa01,DL,Sam Okuayinonu,OkuaSa00,LB,Luke Gifford,GiffLu00,LB,Tatum Bethune,BethTa00,LB,Dee Winters,WintDe00,CB,Darrell Luter,LuteDa00,DB,Deommodore Lenoir,LenoDe00,S,Ji'Ayir Brown,BrowJi01,S,Malik Mustapha,MustMa00,Referee,Ron Torbert,Umpire,Barry Anderson,Down Judge,Frank LeBlanc,Line Judge,Brian Bolinger,Back Judge,Courtney Brown,Side Judge,Keith Washington,Field Judge,Ryan Dickson
202512250kan,2025-12-25,Thursday,8:15pm,Kansas City Chiefs,Denver Broncos,kan,den,13,20,Andy Reid,Sean Payton,GEHA Field at Arrowhead Stadium,73045,2:45,outdoors,grass,,QB,Chris Oladokun,OladCh00,RB,Isiah Pacheco,PachIs00,WR,Xavier Worthy,WortXa00,WR,JuJu Smith-Schuster,SmitJu00,WR,Jalen Royals,RoyaJa00,TE,Travis Kelce,KelcTr00,T,Chukwuebuka Godrick,GodrJa00,T,Esa Pole,PoleEs00,T,Kingsley Suamataia,SuamKi00,G,Trey Smith,SmitTr05,C,Creed Humphrey,HumpCr00,DE,George Karlaftis III,KarlGe00,DE,Michael Danna,DannMi00,DT,Chris Jones,JoneCh09,NT,Mike Pennel,PennMi00,LB,Nick Bolton,BoltNi00,LB,Drue Tranquill,TranDr00,CB,Kristian Fulton,FultKr00,DB,Chamarri Conner,ConnCh01,DB,Nohl Williams,WillNo01,DB,Jaden Hicks,HickJa01,S,Bryan Cook,CookBr02,QB,Bo Nix,NixxBo00,RB,RJ Harvey,HarvRJ00,WR,Courtland Sutton,SuttCo00,WR,Marvin Mims,MimsMa00,WR,Lil'Jordan Humphrey,HumpLi01,OL,Quinn Meinerz,MeinQu02,OT,Frank Crum,CrumFr00,T,Garett Bolles,BollGa00,T,Alex Palczewski,PalcAl00,T,Mike McGlinchey,McGlMi00,C,Alex Forsyth,ForsAl00,DL,John Franklin-Myers,FranJo02,DL,Zach Allen,AlleZa01,DT,D.J. Jones,,OLB,Jonathon Cooper,CoopJo02,OLB,Nik Bonitto,BoniNi00,LB,Alex Singleton,SingAl00,CB,Riley Moss,MossRi00,CB,Patrick Surtain II,SurtPa01,CB,Jahdae Barron,BarrJa01,S,P.J. Locke,LockPJ00,S,Talanoa Hufanga,HufaTa00,Referee,Bill Vinovich,Umpire,Scott Walker,Down Judge,Dale Keller,Line Judge,Tripp Sutter,Back Judge,Todd Prukop,Side Judge,Jimmy Buchanan,Field Judge,Aaron Santi
202512250min,2025-12-25,Thursday,4:30pm,Minnesota Vikings,Detroit Lions,min,det,23,10,Kevin O'Connell,Dan Campbell,U.S. Bank Stadium,66874,3:13,dome,sportturf,,QB,Max Brosmer,BrosMa00,RB,Aaron Jones,JoneAa00,WR,Jordan Addison,AddiJo00,WR,Justin Jefferson,JeffJu00,TE,Ben Sims,SimsBe00,TE,Josh Oliver,OlivJo00,OL,Donovan Jackson,JackDo03,T,Justin Skule,SkulJu00,G,Will Fries,FrieWi00,G,Blake Brandel,BranBl00,G,Michael Jurgens,JurgMi02,DL,Javon Hargrave,HargJa00,DL,Jonathan Allen,AlleJo01,DL,Jalen Redmond,RedmJa01,DL,Levi Drake Rodriguez,RodrLe00,OLB,Andrew Van Ginkel,VanGAn00,LB,Eric Wilson,WilsEr00,LB,Blake Cashman,CashBl00,CB,Isaiah Rodgers,RodgIs00,CB,Byron Murphy,MurpBy00,S,Harrison Smith,SmitHa00,S,Jay Ward,WardJa00,QB,Jared Goff,GoffJa00,RB,Jahmyr Gibbs,GibbJa01,WR,Jameson Williams,WillJa11,WR,Amon-Ra St. Brown,StxxAm00,TE,Anthony Firkser,FirkAn00,TE,Giovanni Ricci,RiccGi00,OL,Christian Mahogany,MahoCh00,OL,Tate Ratledge,RatlTa00,OT,Dan Skipper,SkipDa00,T,Penei Sewell,SewePe00,C,Kingsley Eguakun,EguaKi00,DL,Alim McNeill,McNeAl00,DL,D.J. Reader,,DE,Marcus Davenport,DaveMa00,DE,Aidan Hutchinson,HutcAi00,LB,Derrick Barnes,BarnDe02,LB,Jack Campbell,CampJa04,LB,Alex Anzalone,AnzaAl00,CB,D.J. Reed,,CB,Rock Ya-Sin,Ya-SRo00,S,Thomas Harper,HarpTh00,S,Daniel Thomas,ThomDa07,Referee,Shawn Smith,Umpire,Tra Blake,Down Judge,Jay Bilbo,Line Judge,Jeff Seeman,Back Judge,Dino Paganelli,Side Judge,Boris Cheek,Field Judge,Dyrol Prioleau
202512250was,2025-12-25,Thursday,1:00pm,Washington Commanders,Dallas Cowboys,was,dal,23,30,Dan Quinn,Brian Schottenheimer,Northwest Stadium,64407,3:05,outdoors,grass,"50 degrees, relative humidity 53%, wind 7 mph",QB,Josh Johnson,JohnJo05,RB,Jacory Croskey-Merritt,CrosJa00,WR,Treylon Burks,BurkTr00,WR,Deebo Samuel,SamuDe00,WR,Terry McLaurin,McLaTe00,TE,John Bates,BateJo00,OT,Brandon Coleman,ColeBr02,OT,Josh Conerly,ConeJo00,G,Chris Paul,PaulCh00,G,Nick Allegretti,AlleNi00,C,Tyler Biadasz,BiadTy00,DE,Jalyn Holmes,HolmJa01,DE,Jacob Martin,MartJa02,DT,Javon Kinlaw,KinlJa00,DT,Jer'Zhan Newton,NewtJe00,MLB,Bobby Wagner,WagnBo00,LB,Jordan Magee,MageJo00,LB,Frankie Luvu,LuvuFr00,CB,Jonathan Jones,JoneJo03,CB,Mike Sainristil,SainMi00,FS,Will Harris,HarrWi02,S,Quan Martin,MartJa04,QB,Dak Prescott,PresDa01,RB,Javonte Williams,WillJa10,WR,Jalen Tolbert,TolbJa00,WR,CeeDee Lamb,LambCe00,WR,George Pickens,PickGe00,TE,Jake Ferguson,FergJa00,OL,Tyler Smith,SmitTy02,T,Terence Steele,SteeTe01,OG,Tyler Booker,BookTy00,G,T.J. Bass,BassTJ00,C,Cooper Beebe,BeebCo00,DE,Donovan Ezeiruaku,EzeiDo00,DE,Dante Fowler,FowlDa00,DT,Kenny Clark,ClarKe01,DT,Quinnen Williams,WillQu00,MLB,Kenneth Murray,MurrKe00,LB,Shemar James,JameSh00,CB,Shavon Revel,ReveSh00,CB,Reddy Steward,StewRe00,CB,Trevon Diggs,DiggTr00,S,Malik Hooker,HookMa00,S,Donovan Wilson,WilsDo01,Referee,Brad Rogers,Umpire,Bryan Neale,Down Judge,Patrick Turner,Line Judge,Kevin Codey,Back Judge,Greg Yette,Side Judge,David Meslow,Field Judge,Joe Blubaugh
202512270gnb,2025-12-27,Saturday,8:00pm,Green Bay Packers,Baltimore Ravens,gnb,rav,24,41,Matt LaFleur,John Harbaugh,Lambeau Field,77660,2:52,outdoors,grass,"36 degrees, relative humidity 95%, wind 10 mph",QB,Malik Willis,WillMa12,RB,Josh Jacobs,JacoJo01,WR,Christian Watson,WatsCh00,WR,Romeo Doubs,DoubRo00,TE,Luke Musgrave,MusgLu00,OL,Darian Kinnard,KinnDa00,OT,Anthony Belton,BeltAn00,OT,Jordan Morgan,MorgJo03,T,Rasheed Walker,WalkRa00,G,Sean Rhyan,RhyaSe00,G,Aaron Banks,BankAa00,DL,Rashan Gary,GaryRa00,DL,Kingsley Enagbare,EnagKi00,DL,Karl Brooks,BrooKa00,DL,Colby Wooden,WoodCo01,LB,Isaiah McDuffie,McDuIs00,LB,Edgerrin Cooper,CoopEd00,LB,Quay Walker,WalkQu00,CB,Keisean Nixon,NixoKe00,CB,Carrington Valentine,ValeCa00,S,Xavier McKinney,McKiXa00,S,Evan Williams,WillEv00,QB,Tyler Huntley,HuntTy01,RB,Derrick Henry,HenrDe00,FB,Patrick Ricard,RicaPa00,WR,Rashod Bateman,BateRa00,WR,Zay Flowers,FlowZa00,TE,Mark Andrews,AndrMa00,OL,Andrew Vorhees,VorhAn00,T,Ronnie Stanley,StanRo00,T,Roger Rosengarten,RoseRo01,G,Daniel Faalele,FaalDa00,C,Tyler Linderbaum,LindTy00,DL,Travis Jones,JoneTr00,DE,Dre'Mont Jones,JoneDr00,DT,John Jenkins,JenkJo00,OLB,Kyle Van Noy,VanNKy00,LB,Trenton Simpson,SimpTr00,LB,Roquan Smith,SmitRo07,CB,Marlon Humphrey,HumpMa00,CB,Nate Wiggins,WiggNa00,S,Kyle Hamilton,HamiKy00,S,Malaki Starks,StarMa00,S,Alohi Gilman,GilmAl00,Referee,Alan Eck,Umpire,Tab Slaughter,Down Judge,David Oliver,Line Judge,Greg Bradley,Back Judge,Grantis Bell,Side Judge,Dale Shaw,Field Judge,John Jenkins
202512270sdg,2025-12-27,Saturday,4:30pm,Los Angeles Chargers,Houston Texans,sdg,htx,16,20,Jim Harbaugh,DeMeco Ryans,SoFi Stadium,73066,3:04,dome,matrixturf,,QB,Justin Herbert,HerbJu00,RB,Omarion Hampton,HampOm00,FB,Scott Matlock,MatlSc00,WR,Tre Harris,HarrTr03,WR,Ladd McConkey,McCoLa00,WR,Quentin Johnston,JohnQu02,OL,Trey Pipkins,PipkTr00,T,Bobby Hart,HartBo00,G,Mekhi Becton,BectMe00,G,Zion Johnson,JohnZi00,C,Bradley Bozeman,BozeBr00,DL,Da'Shawn Hand,HandDa00,DL,Teair Tart,TartTe00,OLB,Tuli Tuipulotu,TuipTu00,OLB,Khalil Mack,MackKh00,LB,Daiyan Henley,HenlDa00,LB,Troy Dye,DyexTr00,CB,Donte Jackson,JackDo02,CB,Tarheeb Still,StilTa00,DB,Elijah Molden,MoldEl00,S,Tony Jefferson,JeffTo00,S,Derwin James,JameDe00,QB,C.J. Stroud,StroCJ00,RB,Woody Marks,MarkWo00,WR,Christian Kirk,KirkCh01,WR,Nico Collins,CollNi00,WR,Xavier Hutchinson,HutcXa00,TE,Dalton Schultz,SchuDa00,OL,Jarrett Patterson,PattJa03,T,Tytus Howard,HowaTy00,T,Blake Fisher,FishBl00,G,Ed Ingram,IngrEd00,C,Jake Andrews,AndrJa00,DE,Danielle Hunter,HuntDa01,DE,Will Anderson,AndeWi01,DT,Tommy Togiai,TogiTo00,DT,Sheldon Rankins,RankSh00,LB,Azeez Al-Shaair,AlShAz00,LB,Henry To'oTo'o,TooTHe00,LB,E.J. Speed,SpeeEJ00,CB,Derek Stingley Jr.,StinDe00,CB,Kamari Lassiter,LassKa00,S,Jalen Pitre,PitrJa00,S,Calen Bullock,BullCa00,Referee,Craig Wrolstad,Umpire,Brandon Cruse,Down Judge,Danny Short,Line Judge,Brett Bergman,Back Judge,Rich Martinez,Side Judge,Frank Steratore,Field Judge,Jeff Shears
202512280buf,2025-12-28,Sunday,4:25pm,Buffalo Bills,Philadelphia Eagles,buf,phi,12,13,Sean McDermott,Nick Sirianni,Highmark Stadium,71105,3:07,outdoors,a_turf,"38 degrees, relative humidity 94%, wind 6 mph",QB,Josh Allen,AlleJo02,RB,James Cook,CookJa01,WR,Khalil Shakir,ShakKh00,WR,Tyrell Shavers,ShavTy00,WR,Gabe Davis,DaviGa01,TE,Dawson Knox,KnoxDa00,T,Spencer Brown,BrowSp00,T,Dion Dawkins,DawkDi00,G,David Edwards,EdwaDa01,G,O'Cyrus Torrence,TorrOC00,G,Connor McGovern,McGoCo01,DE,Joey Bosa,BosaJo00,DE,Gregory Rousseau,RousGr00,DT,Deone Walker,WalkDe04,DT,T.J. Sanders,SandTJ00,LB,Terrel Bernard,BernTe00,LB,Matt Milano,MilaMa00,CB,Tre'Davious White,WhitTr01,CB,Taron Johnson,JohnTa01,CB,Christian Benford,BenfCh00,DB,Cameron Lewis,LewiCa00,S,Cole Bishop,BishCo00,QB,Jalen Hurts,HurtJa00,RB,Saquon Barkley,BarkSa00,WR,DeVonta Smith,SmitDe07,WR,A.J. Brown,BrowAJ00,WR,Jahan Dotson,DotsJa00,TE,Dallas Goedert,GoedDa00,OL,Tyler Steen,SteeTy00,OL,Cam Jurgens,JurgCa01,T,Fred Johnson,JohnFr01,T,Jordan Mailata,MailJo00,G,Landon Dickerson,DickLa00,DT,Jordan Davis,DaviJo03,DT,Jalen Carter,CartJa05,OLB,Jaelan Phillips,PhilJa02,OLB,Nolan Smith,SmitNo02,LB,Jihaad Campbell,CampJi00,LB,Zack Baun,BaunZa00,CB,Adoree' Jackson,JackAd00,CB,Quinyon Mitchell,MitcQu00,DB,Cooper DeJean,DeJeCo00,S,Marcus Epps,EppsMa00,S,Reed Blankenship,BlanRe00,Referee,Ron Torbert,Umpire,Barry Anderson,Down Judge,Frank LeBlanc,Line Judge,Brian Bolinger,Back Judge,Courtney Brown,Side Judge,Keith Washington,Field Judge,Ryan Dickson
202512280car,2025-12-28,Sunday,1:00pm,Carolina Panthers,Seattle Seahawks,car,sea,10,27,Dave Canales,Mike Macdonald,Bank of America Stadium,73163,2:54,outdoors,grass,"43 degrees, relative humidity 94%, wind 2 mph",QB,Bryce Young,YounBr01,RB,Rico Dowdle,DowdRi01,WR,Tetairoa McMillan,McMiTe00,TE,Mitchell Evans,EvanMi01,TE,Tommy Tremble,TremTo00,TE,Ja'Tavion Sanders,SandJa01,T,Ikem Ekwonu,EkwoIk00,T,Taylor Moton,MotoTa00,OG,Austin Corbett,CorbAu00,G,Damien Lewis,LewiDa05,C,Cade Mays,MaysCa00,DT,Derrick Brown,BrowDe05,DT,A'Shawn Robinson,RobiAS00,NT,Bobby Brown,BrowBo04,OLB,D.J. Wonnum,WonnDJ00,OLB,Nic Scourton,ScouNi00,LB,Claudin Cherelus,CherCl00,LB,Christian Rozeboom,RozeCh00,CB,Michael Jackson,JackMi01,CB,Jaycee Horn,HornJa00,FS,Nick Scott,ScotNi01,S,Tre'von Moehrig,MoehTr00,QB,Sam Darnold,DarnSa00,RB,Kenneth Walker III,WalkKe00,WR,Jaxon Smith-Njigba,SmitJa06,WR,Cooper Kupp,KuppCo00,TE,AJ Barner,BarnAJ00,TE,Eric Saubert,SaubEr00,OL,Josh Jones,JoneJo07,T,Abraham Lucas,LucaAb00,OG,Grey Zabel,ZabeGr00,G,Anthony Bradford,BradAn00,C,Jalen Sundell,SundJa00,DT,Byron Murphy,MurpBy01,DT,Leonard Williams,WillLe02,NT,Jarran Reed,ReedJa02,LB,DeMarcus Lawrence,LawrDe00,LB,Ernest Jones,JoneEr01,LB,Drake Thomas,ThomDr00,CB,Josh Jobe,JobeJo00,CB,Devon Witherspoon,WithDe00,FS,Julian Love,LoveJu00,FS,Ty Okada,OkadTy00,S,Nick Emmanwori,EmmaNi00,Referee,Carl Cheffers,Umpire,Derek Anderson,Down Judge,Daniel Gallagher,Line Judge,Quentin Givens,Back Judge,Martin Hankins,Side Judge,Eugene Hall,Field Judge,Nathan Jones
202512280cin,2025-12-28,Sunday,1:00pm,Cincinnati Bengals,Arizona Cardinals,cin,crd,37,14,Zac Taylor,Jonathan Gannon,Paycor Stadium,61402,2:50,outdoors,fieldturf,"65 degrees, relative humidity 87%, wind 9 mph",QB,Joe Burrow,BurrJo01,RB,Chase Brown,BrowCh10,WR,Tee Higgins,HiggTe00,WR,Andrei Iosivas,IosiAn00,WR,Ja'Marr Chase,ChasJa00,TE,Mike Gesicki,GesiMi00,OT,Orlando Brown Jr.,BrowOr00,OT,Amarius Mims,MimsAm00,OG,Dylan Fairchild,FairDy00,G,Dalton Risner,RisnDa00,C,Ted Karras,KarrTe00,DE,Myles Murphy,MurpMy00,DE,Cameron Sample,SampCa00,DT,B.J. Hill,,DT,Tedarrell Slaton,SlatTe00,LB,Barrett Carter,CartBa00,LB,Oren Burks,BurkOr00,LB,Demetrius Knight,KnigDe00,CB,DJ Turner,TurnDJ01,CB,Daxton Hill,HillDa04,S,Geno Stone,StonGe00,S,Jordan Battle,BattJo00,QB,Jacoby Brissett,BrisJa00,RB,Michael Carter,CartMi03,WR,Michael Wilson,WilsMi02,TE,Trey McBride,McBrTr01,TE,Elijah Higgins,HiggEl00,TE,Josiah Deguara,DeguJo00,OL,Jon Gaines,GainJo00,OL,Isaiah Adams,AdamIs01,OL,Josh Fryar,FryaJo00,OL,Hjalte Froholdt,FrohHj00,OL,Kelvin Beachum,BeacKe00,DL,Calais Campbell,CampCa99,DT,Dalvin Tomlinson,TomlDa00,OLB,Zaven Collins,CollZa00,OLB,Josh Sweat,SweaJo00,LB,Akeem Davis-Gaither,DaviAk01,LB,Cody Simon,SimoCo01,CB,Darren Hall,HallDa03,CB,Will Johnson,JohnWi02,CB,Denzel Burke,BurkDe01,S,Dadrion Taylor-Demerson,TaylDa02,S,Jalen Thompson,ThomJa04,Referee,Clay Martin,Umpire,Steve Woods,Down Judge,Jerod Phillips,Line Judge,Brian Perry,Back Judge,Greg Wilson,Side Judge,Alonzo Ramsey,Field Judge,Dave Hawkshaw
202512280cle,2025-12-28,Sunday,1:00pm,Cleveland Browns,Pittsburgh Steelers,cle,pit,13,6,Kevin Stefanski,Mike Tomlin,Huntington Bank Field,67194,2:51,outdoors,grass,"45 degrees, relative humidity 95%, wind 14 mph",QB,Shedeur Sanders,SandSh00,RB,Raheim Sanders,SandRa00,WR,Cedric Tillman,TillCe01,WR,Malachi Corley,CorlMa00,WR,Jerry Jeudy,JeudJe00,TE,Harold Fannin,FannHa00,OT,Cam Robinson,RobiCa00,OT,KT Leveston,LeveKT00,G,Joel Bitonio,BitoJo00,G,Wyatt Teller,TellWy00,C,Luke Wypler,WyplLu00,DE,Myles Garrett,GarrMy00,DE,Alex Wright,WrigAl01,DT,Shelby Harris,HarrSh00,DT,Mason Graham,GrahMa00,LB,Mohamoud Diabate,DiabMo00,LB,Carson Schwesinger,SchwCa00,LB,Devin Bush Jr.,BushDe01,CB,Tyson Campbell,CampTy01,CB,Denzel Ward,WardDe02,S,Ronnie Hickman,HickRo00,S,Grant Delpit,DelpGr00,QB,Aaron Rodgers,RodgAa00,RB,Jaylen Warren,WarrJa01,WR,Adam Thielen,ThieAd00,TE,Connor Heyward,HeywCo00,TE,Darnell Washington,WashDa03,TE,Pat Freiermuth,FreiPa00,OL,Spencer Anderson,AndeSp00,OT,Troy Fautanu,FautTr00,OT,Dylan Cook,CookDy00,G,Mason McCormick,McCoMa00,C,Zach Frazier,FrazZa00,DT,Derrick Harmon,HarmDe01,DT,Cameron Heyward,HeywCa01,DT,Keeanu Benton,BentKe00,LB,Nick Herbig,HerbNi00,LB,Alex Highsmith,HighAl02,LB,Patrick Queen,QueePa00,CB,Joey Porter Jr.,PortJo02,CB,Jalen Ramsey,RamsJa00,CB,Asante Samuel Jr.,SamuAs00,S,Kyle Dugger,DuggKy00,S,Chuck Clark,ClarCh00,Referee,John Hussey,Umpire,Duane Heydt,Down Judge,Max Causey,Line Judge,Carl Johnson,Back Judge,Matt Edwards,Side Judge,Allen Baynes,Field Judge,Anthony Flemming
202512280clt,2025-12-28,Sunday,1:00pm,Indianapolis Colts,Jacksonville Jaguars,clt,jax,17,23,Shane Steichen,Liam Coen,Lucas Oil Stadium,66080,3:05,retractable roof (closed),fieldturf,,QB,Philip Rivers,RivePh00,RB,Jonathan Taylor,TaylJo02,WR,Josh Downs,DownJo00,WR,Michael Pittman Jr.,PittMi01,WR,Alec Pierce,PierAl00,TE,Tyler Warren,WarrTy00,T,Jalen Travis,TravJa00,T,Bernhard Raimann,RaimBe00,G,Matt Goncalves,GoncMa00,G,Quenton Nelson,NelsQu00,C,Danny Pinter,PintDa00,DE,Kwity Paye,PayeKw00,DE,Laiatu Latu,LatuLa00,DT,Adetomiwa Adebawore,AdebAd00,DT,Grover Stewart,StewGr00,LB,Germaine Pratt,PratGe00,LB,Zaire Franklin,FranZa00,CB,Kenny Moore,MoorKe03,CB,Sauce Gardner,GardSa00,CB,Mekhi Blackmon,BlacMe00,S,Nick Cross,CrosNi00,S,Camryn Bynum,BynuCa00,QB,Trevor Lawrence,LawrTr00,RB,Travis Etienne,EtieTr00,WR,Brian Thomas,ThomBr06,WR,Jakobi Meyers,MeyeJa01,WR,Parker Washington,WashPa01,TE,Brenton Strange,StraBr00,OL,Walker Little,LittWa00,OL,Cole Van Lanen,VanxCo00,OL,Anton Harrison,HarrAn00,OL,Ezra Cleveland,ClevEz00,C,Jonah Monheim,MonhJo00,DL,Matt Dickerson,DickMa00,DE,Travon Walker,WalkTr03,DE,Josh Hines-Allen,AlleJo03,DT,DaVon Hamilton,HamiDa02,LB,Devin Lloyd,LloyDe00,LB,Foyesade Oluokun,OluoFo00,CB,Montaric Brown,BrowMo00,CB,Greg Newsome II,NewsGr00,S,Eric Murray,MurrEr00,S,Antonio Johnson,JohnAn07,S,Andrew Wingard,WingAn01,Referee,Brad Allen,Umpire,Marcus Woods,Down Judge,Sarah Thomas,Line Judge,Walter Flowers,Back Judge,Tyree Walton,Side Judge,Chad Hill,Field Judge,Rick Patterson
202512280mia,2025-12-28,Sunday,1:00pm,Miami Dolphins,Tampa Bay Buccaneers,mia,tam,20,17,Mike McDaniel,Todd Bowles,Hard Rock Stadium,66552,2:53,outdoors,grass,"80 degrees, relative humidity 51%, wind 3 mph",QB,Quinn Ewers,EwerQu00,RB,De'Von Achane,AchaDe00,WR,Cedrick Wilson Jr.,WilsCe01,WR,Malik Washington,WashMa00,WR,Jaylen Waddle,WaddJa00,TE,Greg Dulcich,DulcGr00,OL,Austin Jackson,JackAu00,OL,Jonah Savaiinaea,SavaJo00,OL,Andrew Meyer,MeyeAn00,OT,Patrick Paul,PaulPa01,G,Cole Strange,StraCo01,DT,Kenneth Grant,GranKe01,DT,Zach Sieler,SielZa00,DT,Jordan Phillips,PhilJo02,LB,Jordyn Brooks,BrooJo01,LB,Chop Robinson,RobiCh00,LB,Tyrel Dodson,DodsTy01,LB,Bradley Chubb,ChubBr00,CB,Jack Jones,JoneJa10,CB,Rasul Douglas,DougRa00,S,Ifeatu Melifonwu,MeliIf00,S,Ashtyn Davis,DaviAs00,QB,Baker Mayfield,MayfBa00,RB,Bucky Irving,IrviBu00,WR,Mike Evans,EvanMi00,WR,Chris Godwin,GodwCh00,TE,Cade Otton,OttoCa00,TE,Payne Durham,DurhPa00,OT,Benjamin Chukwuma,ChukBe00,T,Luke Goedeke,GoedLu00,G,Michael Jordan,JordMi01,G,Dan Feeney,FeenDa00,C,Graham Barton,BartGr00,DL,Logan Hall,HallLo00,DL,Elijah Roberts,RobeEl01,NT,Vita Vea,VeaxVi00,OLB,YaYa Diaby,DiabYa00,OLB,Haason Reddick,ReddHa00,LB,SirVocea Dennis,DennSi00,LB,Lavonte David,DaviLa00,CB,Benjamin Morrison,MorrBe00,CB,Jamel Dean,DeanJa00,S,Tykee Smith,SmitTy05,S,Antoine Winfield Jr.,WinfAn00,Referee,Scott Novak,Umpire,Mike Morton,Down Judge,Brian Sakowski,Line Judge,Mark Stewart,Back Judge,Tony Josselyn,Side Judge,Don Willard,Field Judge,Terry Brown
202512280nyj,2025-12-28,Sunday,1:00pm,New York Jets,New England Patriots,nyj,nwe,10,42,Aaron Glenn,Mike Vrabel,MetLife Stadium,70918,2:52,outdoors,fieldturf,"29 degrees, relative humidity 81%, wind 4 mph",QB,Brady Cook,CookBr03,RB,Breece Hall,HallBr03,WR,Isaiah Williams,WillIs03,WR,John Metchie,MetcJo00,WR,Adonai Mitchell,MitcAd00,TE,Jeremy Ruckert,RuckJe00,OL,Olumuyiwa Fashanu,FashOl00,OL,John Simpson,SimpJo00,OT,Armand Membou,MembAr00,C,Josh Myers,MyerJo00,C,Joe Tippmann,TippJo00,DL,Micheal Clemons,ClemMi03,DL,Harrison Phillips,PhilHa00,DT,Jowon Briggs,BrigJo00,LB,Quincy Williams,WillQu01,LB,Mykal Walker,WalkMy00,LB,Jamien Sherwood,SherJa00,LB,Jermaine Johnson II,JohnJe07,CB,Brandon Stephens,StepBr01,CB,Qwan'tez Stiggers,StigQw00,DB,Malachi Moore,MoorMa04,S,Dean Clark,ClarDe03,QB,Drake Maye,MayeDr00,RB,Rhamondre Stevenson,StevRh00,FB,Jack Westover,WestJa01,WR,Stefon Diggs,DiggSt00,TE,Hunter Henry,HenrHu00,OL,Michael Onwenu,OnweMi00,OT,Morgan Moses,MoseMo00,T,Thayer Munford,MunfTh00,T,Vederian Lowe,LoweVe00,C,Garrett Bradbury,BradGa00,C,Ben Brown,BrowBe01,DT,Christian Barmore,BarmCh00,NT,Cory Durden,DurdCo00,LB,Anfernee Jennings,JennAn00,LB,Jack Gibbens,GibbJa00,LB,Christian Elliss,ElliCh00,LB,K'Lavon Chaisson,ChaiKL00,CB,Christian Gonzalez,GonzCh00,CB,Marcus Jones,JoneMa06,CB,Carlton Davis,DaviCa02,S,Jaylinn Hawkins,HawkJa00,S,Craig Woodson,WoodCr00,Referee,Alex Kemp,Umpire,Brandon Ellison,Down Judge,Mike Carr,Line Judge,Rusty Baynes,Back Judge,Scott Helverson,Side Judge,Lo van Pham,Field Judge,Sean Petty
202512280oti,2025-12-28,Sunday,1:00pm,Tennessee Titans,New Orleans Saints,oti,nor,26,34,Mike McCoy,Kellen Moore,Nissan Stadium,56269,3:10,outdoors,grass,"71 degrees, relative humidity 71%, wind 14 mph",QB,Cam Ward,WardCa00,RB,Tony Pollard,PollTo00,WR,Elic Ayomanor,AyomEl00,WR,Van Jefferson,JeffVa00,WR,Chimere Dike,DikeCh00,TE,Gunnar Helm,HelmGu00,OL,Peter Skoronski,SkorPe00,OT,Dan Moore,MoorDa05,OT,JC Latham,LathJC00,G,Kevin Zeitler,ZeitKe00,C,Lloyd Cushenberry III,CushLl00,DE,Sebastian Joseph-Day,JoseSe00,DT,Jeffery Simmons,SimmJe01,NT,T'Vondre Sweat,SweaTV01,OLB,Jaylen Harrell,HarrJa05,OLB,Jihad Ward,WardJi02,LB,Cody Barton,BartCo00,LB,Cedric Gray,GrayCe00,CB,Darrell Baker,BakeDa02,CB,Jalyn Armour-Davis,ArmoJa00,DB,Kendell Brooks,BrooKe02,S,Amani Hooker,HookAm00,QB,Tyler Shough,ShouTy00,WR,Chris Olave,OlavCh00,TE,Taysom Hill,HillTa00,TE,Juwan Johnson,JohnJu02,TE,Moliki Matavao,MataMo00,TE,Jack Stoll,StolJa00,OL,Luke Fortner,FortLu01,OL,Dillon Radunz,RaduDi00,OT,Kelvin Banks,BankKe01,OT,Taliese Fuaga,FuagTa00,G,William Sherman,SherWi01,DE,Chase Young,YounCh04,DE,Cameron Jordan,JordCa00,DT,John Ridgeway,RidgJo00,DT,Nathan Shepherd,ShepNa00,LB,Pete Werner,WernPe00,LB,Demario Davis,DaviDe00,CB,Quincy Riley,RileQu00,CB,Alontae Taylor,TaylAl01,CB,Kool-Aid McKinstry,McKiKo00,S,Jonas Sanker,SankJo00,S,Justin Reid,ReidJu00,Referee,Adrian Hill,Umpire,Roy Ellison,Down Judge,Derick Bowers,Line Judge,Julian Mapp,Back Judge,Greg Steed,Side Judge,Clay Reynard,Field Judge,Tra Boger
202512280rai,2025-12-28,Sunday,4:05pm,Las Vegas Raiders,New York Giants,rai,nyg,10,34,Pete Carroll,Mike Kafka,Allegiant Stadium,62021,2:49,dome,grass,,QB,Geno Smith,SmitGe00,RB,Ashton Jeanty,JeanAs00,WR,Tre Tucker,TuckTr00,WR,Dont'e Thornton,ThorDo00,TE,Michael Mayer,MayeMi00,TE,Ian Thomas,ThomIa00,OL,Stone Forsythe,ForsSt00,OT,Delmar Glaze,GlazDe00,OG,Caleb Rogers,RogeCa01,G,Alex Cappa,CappAl00,G,Atonio Mafi,MafiAt00,DE,Tyree Wilson,WilsTy01,DE,Malcolm Koonce,KoonMa00,DT,Adam Butler,ButlAd00,DT,Jonah Laulu,LaulJo00,LB,Elandon Roberts,RobeEl00,LB,Devin White,WhitDe02,LB,Jamal Adams,AdamJa00,CB,Darien Porter,PortDa00,CB,Eric Stokes,StokEr00,S,Isaiah Pola-Mao,PolaIs00,S,Lonnie Johnson Jr.,JohnLo01,QB,Jaxson Dart,DartJa00,RB,Tyrone Tracy Jr.,TracTy00,WR,Wan'Dale Robinson,RobiWa01,WR,Isaiah Hodgins,HodgIs00,WR,Darius Slayton,SlayDa01,TE,Daniel Bellinger,BellDa00,OL,Marcus Mbow,MbowMa00,OL,Austin Schlottmann,SchlAu00,OL,Jermaine Eluemunor,ElueJe00,OG,Greg Van Roten,VanRGr00,G,Jon Runyan Jr.,RunyJo00,DL,Dexter Lawrence,LawrDe03,DT,Roy Robertson-Harris,RobeRo00,OLB,Abdul Carter,CartAb00,OLB,Brian Burns,BurnBr00,LB,Darius Muasau,MuasDa00,LB,Bobby Okereke,OkerBo00,CB,Deonte Banks,BankDe00,CB,Paulson Adebo,AdebPa00,S,Raheem Layne,LaynRa00,S,Jevon Holland,HollJe02,S,Dane Belton,BeltDa00,Referee,Land Clark,Umpire,Mark Pellis,Down Judge,Tom Stephan,Line Judge,Jeff Hutcheon,Back Judge,Brad Freeman,Side Judge,Dominique Pender,Field Judge,Jabir Walker
202512280sfo,2025-12-28,Sunday,8:20pm,San Francisco 49ers,Chicago Bears,sfo,chi,42,38,Kyle Shanahan,Ben Johnson,Levi's Stadium,71836,3:09,outdoors,grass,"53 degrees, relative humidity 65%, wind 5 mph",QB,Brock Purdy,PurdBr00,RB,Christian McCaffrey,McCaCh01,FB,Kyle Juszczyk,JuszKy00,WR,Jauan Jennings,JennJa00,WR,Ricky Pearsall,PearRi00,TE,Jake Tonges,TongJa00,OL,Spencer Burford,BurfSp00,OL,Colton McKivitz,McKiCo00,OL,Dominick Puni,PuniDo00,OL,Jake Brendel,BrenJa01,OT,Trent Williams,WillTr21,DL,Jordan Elliott,ElliJo02,DL,Bryce Huff,HuffBr00,DL,Kalia Davis,DaviKa01,DL,Sam Okuayinonu,OkuaSa00,LB,Dee Winters,WintDe00,LB,Tatum Bethune,BethTa00,LB,Luke Gifford,GiffLu00,CB,Darrell Luter,LuteDa00,DB,Deommodore Lenoir,LenoDe00,S,Malik Mustapha,MustMa00,S,Ji'Ayir Brown,BrowJi01,QB,Caleb Williams,WillCa03,RB,D'Andre Swift,SwifDA00,WR,Luther Burden,BurdLu00,WR,Jahdae Walker,WalkJa03,WR,D.J. Moore,,TE,Cole Kmet,KmetCo00,OL,Darnell Wright,WrigDa00,OL,Drew Dalman,DalmDr00,OL,Ozzy Trapilo,TrapOz00,OL,Jonah Jackson,JackJo03,G,Joe Thuney,ThunJo00,DL,Austin Booker,BookAu00,DL,Montez Sweat,SweaMo00,DL,Gervon Dexter,DextGe00,DL,Andrew Billings,BillAn00,LB,Noah Sewell,SeweNo00,LB,T.J. Edwards,EdwaTJ02,LB,Tremaine Edmunds,EdmuTr01,CB,Nahshon Wright,WrigNa00,DB,Jaylon Johnson,JohnJa13,DB,Kevin Byard,ByarKe01,DB,Jaquan Brisker,BrisJa01,Referee,Alex Moore,Umpire,Terry Killens,Down Judge,Dana McKenzie,Line Judge,Tom Eaton,Back Judge,Terrence Miles,Side Judge,Anthony Jeffries,Field Judge,Mearl Robinson
202512290atl,2025-12-29,Monday,8:15pm,Atlanta Falcons,Los Angeles Rams,atl,ram,27,24,Raheem Morris,Sean McVay,Mercedes-Benz Stadium,69313,2:55,retractable roof (closed),fieldturf,,QB,Kirk Cousins,CousKi00,RB,Bijan Robinson,RobiBi01,WR,Darnell Mooney,MoonDa00,WR,Drake London,LondDr00,TE,Charlie Woerner,WoerCh00,TE,Kyle Pitts,PittKy00,OL,Matthew Bergeron,BergMa00,OL,Elijah Wilkinson,WilkEl00,OL,Ryan Neuzil,NeuzRy00,T,Jake Matthews,MattJa00,G,Chris Lindstrom,LindCh00,DL,LaCale London,LondLa00,DL,David Onyemata,OnyeDa00,DE,Leonard Floyd,FloyLe00,DT,Brandon Dorlus,DorlBr00,LB,Ronnie Harrison,HarrRo02,LB,Kaden Elliss,ElliKa00,LB,Divine Deablo,DeabDi00,CB,C.J. Henderson,HendCJ00,CB,AJ Terrell,TerrAJ00,S,Xavier Watts,WattXa00,S,Jessie Bates III,BateJe00,QB,Matthew Stafford,StafMa00,RB,Kyren Williams,WillKy02,WR,Puka Nacua,NacuPu00,TE,Davis Allen,AlleDa02,TE,Colby Parkinson,ParkCo02,TE,Terrance Ferguson,FergTe00,OL,Steve Avila,AvilSt00,OL,Warren McClendon,McClWa00,OL,D.J. Humphries,,OL,Justin Dedich,DediJu00,C,Coleman Shelton,ShelCo00,DE,Braden Fiske,FiskBr00,DE,Kobie Turner,TurnKo00,OLB,Jared Verse,VersJa00,OLB,Byron Young,YounBy01,LB,Nathan Landman,LandNa01,LB,Omar Speights,SpeiOm00,CB,Emmanuel Forbes,ForbEm00,CB,Cobie Durant,DuraDe01,S,Kamren Kinchens,KincKa00,S,Jaylen McCollough,McCoJa02,S,Kamren Curl,CurlKa00,Referee,Clete Blakeman,Umpire,Scott Campbell,Down Judge,Andy Warner,Line Judge,Kent Payne,Back Judge,Jonah Monroe,Side Judge,James Coleman,Field Judge,Karina Tovar
202601030sfo,2026-01-03,Saturday,8:00pm,San Francisco 49ers,Seattle Seahawks,sfo,sea,3,13,Kyle Shanahan,Mike Macdonald,Levi's Stadium,71836,2:38,outdoors,grass,"57 degrees, relative humidity 81%, wind 8 mph",QB,Brock Purdy,PurdBr00,RB,Christian McCaffrey,McCaCh01,FB,Kyle Juszczyk,JuszKy00,WR,Demarcus Robinson,RobiDe01,WR,Jauan Jennings,JennJa00,TE,George Kittle,KittGe00,OL,Jake Brendel,BrenJa01,OL,Dominick Puni,PuniDo00,OL,Austen Pleasants,PleaAu00,OL,Colton McKivitz,McKiCo00,OL,Spencer Burford,BurfSp00,DL,Bryce Huff,HuffBr00,DL,Jordan Elliott,ElliJo02,DL,Sam Okuayinonu,OkuaSa00,DL,Kalia Davis,DaviKa01,LB,Eric Kendricks,KendEr00,LB,Tatum Bethune,BethTa00,LB,Dee Winters,WintDe00,CB,Renardo Green,GreeRe00,DB,Deommodore Lenoir,LenoDe00,S,Malik Mustapha,MustMa00,S,Ji'Ayir Brown,BrowJi01,QB,Sam Darnold,DarnSa00,RB,Kenneth Walker III,WalkKe00,WR,Jaxon Smith-Njigba,SmitJa06,WR,Rashid Shaheed,ShahRa00,TE,AJ Barner,BarnAJ00,TE,Eric Saubert,SaubEr00,OL,Josh Jones,JoneJo07,T,Abraham Lucas,LucaAb00,OG,Grey Zabel,ZabeGr00,G,Anthony Bradford,BradAn00,C,Jalen Sundell,SundJa00,DT,Byron Murphy,MurpBy01,DT,Leonard Williams,WillLe02,LB,Uchenna Nwosu,NwosUc00,LB,DeMarcus Lawrence,LawrDe00,LB,Ernest Jones,JoneEr01,LB,Drake Thomas,ThomDr00,CB,Josh Jobe,JobeJo00,CB,Devon Witherspoon,WithDe00,FS,Ty Okada,OkadTy00,FS,Julian Love,LoveJu00,S,Nick Emmanwori,EmmaNi00,Referee,Bill Vinovich,Umpire,Scott Walker,Down Judge,Dale Keller,Line Judge,Tripp Sutter,Back Judge,Todd Prukop,Side Judge,Jimmy Buchanan,Field Judge,Aaron Santi
202601030tam,2026-01-03,Saturday,4:30pm,Tampa Bay Buccaneers,Carolina Panthers,tam,car,16,14,Todd Bowles,Dave Canales,Raymond James Stadium,65082,2:52,outdoors,grass,"69 degrees, relative humidity 85%, wind 11 mph",QB,Baker Mayfield,MayfBa00,RB,Bucky Irving,IrviBu00,WR,Mike Evans,EvanMi00,WR,Chris Godwin,GodwCh00,TE,Cade Otton,OttoCa00,TE,Payne Durham,DurhPa00,T,Tristan Wirfs,WirfTr00,T,Luke Goedeke,GoedLu00,G,Michael Jordan,JordMi01,G,Dan Feeney,FeenDa00,C,Graham Barton,BartGr00,DL,Logan Hall,HallLo00,DL,Elijah Roberts,RobeEl01,NT,Vita Vea,VeaxVi00,OLB,YaYa Diaby,DiabYa00,OLB,Haason Reddick,ReddHa00,LB,SirVocea Dennis,DennSi00,LB,Lavonte David,DaviLa00,CB,Benjamin Morrison,MorrBe00,CB,Jacob Parrish,ParrJa01,S,Tykee Smith,SmitTy05,S,Antoine Winfield Jr.,WinfAn00,QB,Bryce Young,YounBr01,RB,Rico Dowdle,DowdRi01,WR,Jalen Coker,CokeJa01,WR,Tetairoa McMillan,McMiTe00,TE,Tommy Tremble,TremTo00,TE,Mitchell Evans,EvanMi01,T,Ikem Ekwonu,EkwoIk00,T,Taylor Moton,MotoTa00,OG,Austin Corbett,CorbAu00,G,Damien Lewis,LewiDa05,C,Cade Mays,MaysCa00,DT,A'Shawn Robinson,RobiAS00,DT,Derrick Brown,BrowDe05,NT,Bobby Brown,BrowBo04,OLB,Nic Scourton,ScouNi00,OLB,D.J. Wonnum,WonnDJ00,LB,Krys Barnes,BarnKr00,LB,Christian Rozeboom,RozeCh00,CB,Michael Jackson,JackMi01,CB,Jaycee Horn,HornJa00,FS,Nick Scott,ScotNi01,S,Tre'von Moehrig,MoehTr00,Referee,Brad Allen,Umpire,Marcus Woods,Down Judge,Sarah Thomas,Line Judge,Walter Flowers,Back Judge,Tyree Walton,Side Judge,Chad Hill,Field Judge,Rick Patterson
202601040atl,2026-01-04,Sunday,1:00pm,Atlanta Falcons,New Orleans Saints,atl,nor,19,17,Raheem Morris,Kellen Moore,Mercedes-Benz Stadium,69512,3:04,retractable roof (closed),fieldturf,,QB,Kirk Cousins,CousKi00,RB,Bijan Robinson,RobiBi01,RB,Tyler Allgeier,AllgTy00,WR,Darnell Mooney,MoonDa00,WR,Drake London,LondDr00,TE,Kyle Pitts,PittKy00,OL,Elijah Wilkinson,WilkEl00,OL,Matthew Bergeron,BergMa00,OL,Ryan Neuzil,NeuzRy00,T,Jake Matthews,MattJa00,G,Chris Lindstrom,LindCh00,DL,LaCale London,LondLa00,DL,David Onyemata,OnyeDa00,DE,Leonard Floyd,FloyLe00,DE,Jalon Walker,WalkJa02,DT,Ruke Orhorhoro,OrhoRu00,LB,Kaden Elliss,ElliKa00,LB,Divine Deablo,DeabDi00,CB,C.J. Henderson,HendCJ00,CB,AJ Terrell,TerrAJ00,S,Xavier Watts,WattXa00,S,Jessie Bates III,BateJe00,QB,Tyler Shough,ShouTy00,WR,Kevin Austin,AustKe00,TE,Taysom Hill,HillTa00,TE,Juwan Johnson,JohnJu02,TE,Moliki Matavao,MataMo00,TE,Treyton Welch,WelcTr00,OL,Luke Fortner,FortLu01,OL,Dillon Radunz,RaduDi00,OL,Cesar Ruiz,RuizCe00,OT,Kelvin Banks,BankKe01,OT,Taliese Fuaga,FuagTa00,DE,Chase Young,YounCh04,DE,Jonah Williams,WillJo16,DE,Cameron Jordan,JordCa00,DT,John Ridgeway,RidgJo00,LB,Pete Werner,WernPe00,LB,Demario Davis,DaviDe00,CB,Quincy Riley,RileQu00,CB,Alontae Taylor,TaylAl01,CB,Kool-Aid McKinstry,McKiKo00,S,Jonas Sanker,SankJo00,S,Justin Reid,ReidJu00,Referee,Ron Torbert,Umpire,Barry Anderson,Down Judge,Frank LeBlanc,Line Judge,Brian Bolinger,Back Judge,Courtney Brown,Side Judge,Keith Washington,Field Judge,Ryan Dickson
202601040buf,2026-01-04,Sunday,4:25pm,Buffalo Bills,New York Jets,buf,nyj,35,8,Sean McDermott,Aaron Glenn,Highmark Stadium,70944,2:48,outdoors,a_turf,"27 degrees, relative humidity 75%, wind 13 mph",QB,Josh Allen,AlleJo02,RB,James Cook,CookJa01,WR,Gabe Davis,DaviGa01,WR,Tyrell Shavers,ShavTy00,WR,Josh Palmer,PalmJo00,TE,Dalton Kincaid,KincDa00,OL,Sedrick Van Pran-Granger,VanPSe00,OT,Tylan Grable,GrabTy00,T,Alec Anderson,AndeAl01,T,Ryan Van Demark,VanDRy00,G,O'Cyrus Torrence,TorrOC00,DE,A.J. Epenesa,EpenAJ00,DE,Javon Solomon,SoloJa00,DT,T.J. Sanders,SandTJ00,DT,Deone Walker,WalkDe04,LB,Joe Andreessen,AndrJo02,LB,Dorian Williams,WillDo04,CB,Maxwell Hairston,HairMa00,CB,Tre'Davious White,WhitTr01,DB,Cameron Lewis,LewiCa00,S,Darnell Savage Jr.,SavaDa00,S,Cole Bishop,BishCo00,QB,Brady Cook,CookBr03,RB,Kene Nwangwu,NwanKe00,WR,Isaiah Williams,WillIs03,WR,John Metchie,MetcJo00,WR,Adonai Mitchell,MitcAd00,TE,Jeremy Ruckert,RuckJe00,OL,Olumuyiwa Fashanu,FashOl00,OL,John Simpson,SimpJo00,OT,Armand Membou,MembAr00,C,Josh Myers,MyerJo00,C,Joe Tippmann,TippJo00,DL,Harrison Phillips,PhilHa00,DL,Eric Watts,WattEr00,DT,Jowon Briggs,BrigJo00,LB,Jamien Sherwood,SherJa00,LB,Quincy Williams,WillQu01,LB,Jermaine Johnson II,JohnJe07,CB,Samuel Womack,WomaSa00,CB,Ja'Sir Taylor,TaylJa04,CB,Tre Brown,BrowTr03,DB,Keidron Smith,SmitKe05,DB,Malachi Moore,MoorMa04,Referee,Alan Eck,Umpire,Tab Slaughter,Down Judge,David Oliver,Line Judge,Greg Bradley,Back Judge,Grantis Bell,Side Judge,Dale Shaw,Field Judge,John Jenkins
202601040chi,2026-01-04,Sunday,4:25pm,Chicago Bears,Detroit Lions,chi,det,16,19,Ben Johnson,Dan Campbell,Soldier Field,57036,2:53,outdoors,grass,"33 degrees, relative humidity 70%, wind 4 mph",QB,Caleb Williams,WillCa03,RB,D'Andre Swift,SwifDA00,WR,Luther Burden,BurdLu00,WR,D.J. Moore,,TE,Colston Loveland,LoveCo00,TE,Cole Kmet,KmetCo00,OL,Darnell Wright,WrigDa00,OL,Drew Dalman,DalmDr00,OL,Jonah Jackson,JackJo03,G,Theo Benedet,BeneTh00,G,Joe Thuney,ThunJo00,DL,Andrew Billings,BillAn00,DL,Montez Sweat,SweaMo00,DL,Gervon Dexter,DextGe00,DL,Austin Booker,BookAu00,LB,T.J. Edwards,EdwaTJ02,LB,Tremaine Edmunds,EdmuTr01,CB,Nahshon Wright,WrigNa00,DB,Jaylon Johnson,JohnJa13,DB,Kevin Byard,ByarKe01,DB,Jaquan Brisker,BrisJa01,S,C.J. Gardner-Johnson,GardCh00,QB,Jared Goff,GoffJa00,RB,Jahmyr Gibbs,GibbJa01,WR,Jameson Williams,WillJa11,WR,Isaac TeSlaa,TeSlIs00,WR,Amon-Ra St. Brown,StxxAm00,TE,Shane Zylstra,ZylsSh00,OL,Tate Ratledge,RatlTa00,OL,Christian Mahogany,MahoCh00,OL,Chris Hubbard,HubbCh00,OL,Graham Glasgow,GlasGr00,T,Taylor Decker,DeckTa00,DL,D.J. Reader,,DE,Aidan Hutchinson,HutcAi00,DE,Marcus Davenport,DaveMa00,DT,Tyleik Williams,WillTy02,LB,Derrick Barnes,BarnDe02,LB,Malcolm Rodriguez,RodrMa00,LB,Jack Campbell,CampJa04,CB,Avonte Maddox,MaddAv00,CB,D.J. Reed,,CB,Rock Ya-Sin,Ya-SRo00,S,Daniel Thomas,ThomDa07,Referee,Brad Rogers,Umpire,Bryan Neale,Down Judge,Patrick Turner,Line Judge,Kevin Codey,Back Judge,Greg Yette,Side Judge,David Meslow,Field Judge,Joe Blubaugh
202601040cin,2026-01-04,Sunday,1:00pm,Cincinnati Bengals,Cleveland Browns,cin,cle,18,20,Zac Taylor,Kevin Stefanski,Paycor Stadium,62230,2:52,outdoors,fieldturf,"37 degrees, relative humidity 56%, no wind",QB,Joe Burrow,BurrJo01,RB,Chase Brown,BrowCh10,WR,Tee Higgins,HiggTe00,WR,Andrei Iosivas,IosiAn00,WR,Ja'Marr Chase,ChasJa00,TE,Noah Fant,FantNo00,OT,Orlando Brown Jr.,BrowOr00,OT,Amarius Mims,MimsAm00,OG,Dylan Fairchild,FairDy00,G,Dalton Risner,RisnDa00,C,Ted Karras,KarrTe00,DE,Shemar Stewart,StewSh00,DE,Myles Murphy,MurpMy00,DT,B.J. Hill,,DT,Tedarrell Slaton,SlatTe00,LB,Barrett Carter,CartBa00,LB,Oren Burks,BurkOr00,LB,Demetrius Knight,KnigDe00,CB,DJ Turner,TurnDJ01,CB,Daxton Hill,HillDa04,S,Geno Stone,StonGe00,S,Jordan Battle,BattJo00,QB,Shedeur Sanders,SandSh00,RB,Dylan Sampson,SampDy00,WR,Cedric Tillman,TillCe01,WR,Jerry Jeudy,JeudJe00,TE,Brenden Bates,BateBr00,TE,Blake Whiteheart,WhitBl01,OT,Cam Robinson,RobiCa00,OT,KT Leveston,LeveKT00,G,Joel Bitonio,BitoJo00,G,Teven Jenkins,JenkTe00,C,Luke Wypler,WyplLu00,DE,Myles Garrett,GarrMy00,DE,Alex Wright,WrigAl01,DT,Shelby Harris,HarrSh00,DT,Mason Graham,GrahMa00,LB,Mohamoud Diabate,DiabMo00,LB,Devin Bush Jr.,BushDe01,CB,Myles Harden,HardMy00,CB,Tyson Campbell,CampTy01,CB,Denzel Ward,WardDe02,S,Ronnie Hickman,HickRo00,S,Grant Delpit,DelpGr00,Referee,Alex Kemp,Umpire,Brandon Ellison,Down Judge,Mike Carr,Line Judge,Rusty Baynes,Back Judge,Scott Helverson,Side Judge,Lo van Pham,Field Judge,Sean Petty
202601040den,2026-01-04,Sunday,4:25pm,Denver Broncos,Los Angeles Chargers,den,sdg,19,3,Sean Payton,Jim Harbaugh,Empower Field at Mile High,76821,3:10,outdoors,grass,"66 degrees, relative humidity 14%, wind 8 mph",QB,Bo Nix,NixxBo00,RB,Jaleel McLaughlin,McLaJa00,WR,Courtland Sutton,SuttCo00,WR,Pat Bryant,BryaPa00,WR,Marvin Mims,MimsMa00,TE,Nate Adkins,AdkiNa00,OL,Quinn Meinerz,MeinQu02,T,Garett Bolles,BollGa00,T,Mike McGlinchey,McGlMi00,G,Ben Powers,PoweBe00,C,Alex Forsyth,ForsAl00,DL,Eyioma Uwazurike,UwazEy00,DL,Zach Allen,AlleZa01,DT,D.J. Jones,,OLB,Jonathon Cooper,CoopJo02,OLB,Nik Bonitto,BoniNi00,LB,Alex Singleton,SingAl00,LB,Justin Strnad,StrnJu00,CB,Riley Moss,MossRi00,CB,Patrick Surtain II,SurtPa01,S,P.J. Locke,LockPJ00,S,Talanoa Hufanga,HufaTa00,QB,Trey Lance,LancTr00,RB,Jaret Patterson,PattJa01,FB,Scott Matlock,MatlSc00,WR,KeAndre Lambert-Smith,LambKe01,WR,Tre Harris,HarrTr03,TE,Will Dissly,DissWi00,OT,Trevor Penning,PennTr00,T,Bobby Hart,HartBo00,T,Austin Deculus,DecuAu00,G,Branson Taylor,TaylBr04,C,Andre James,JameAn01,DL,Da'Shawn Hand,HandDa00,DL,Teair Tart,TartTe00,OLB,Bud Dupree,DuprAl00,OLB,Odafe Oweh,OwehJa00,LB,Troy Dye,DyexTr00,LB,Del'Shawn Phillips,PhilDe00,CB,Cam Hart,HartCa00,CB,Donte Jackson,JackDo02,CB,Tarheeb Still,StilTa00,S,Tony Jefferson,JeffTo00,S,R.J. Mickens,MickRJ00,Referee,Clete Blakeman,Umpire,Scott Campbell,Down Judge,Andy Warner,Line Judge,Kent Payne,Back Judge,Jonah Monroe,Side Judge,James Coleman,Field Judge,Karina Tovar
202601040htx,2026-01-04,Sunday,1:00pm,Houston Texans,Indianapolis Colts,htx,clt,38,30,DeMeco Ryans,Shane Steichen,NRG Stadium,71133,3:11,retractable roof (closed),astroturf,,QB,C.J. Stroud,StroCJ00,RB,Woody Marks,MarkWo00,WR,Xavier Hutchinson,HutcXa00,TE,Harrison Bryant,BryaHa00,TE,Cade Stover,StovCa00,TE,Dalton Schultz,SchuDa00,OL,Jarrett Patterson,PattJa03,OT,Aireontae Ersery,ErseAi00,T,Tytus Howard,HowaTy00,G,Ed Ingram,IngrEd00,C,Jake Andrews,AndrJa00,DE,Will Anderson,AndeWi01,DE,Danielle Hunter,HuntDa01,DT,Sheldon Rankins,RankSh00,DT,Tommy Togiai,TogiTo00,LB,Azeez Al-Shaair,AlShAz00,LB,Henry To'oTo'o,TooTHe00,CB,Tremon Smith,SmitTr04,CB,Derek Stingley Jr.,StinDe00,CB,K'Von Wallace,WallKV00,S,Jalen Pitre,PitrJa00,S,Calen Bullock,BullCa00,QB,Riley Leonard,LeonRi02,RB,Jonathan Taylor,TaylJo02,WR,Josh Downs,DownJo00,WR,Michael Pittman Jr.,PittMi01,WR,Alec Pierce,PierAl00,TE,Tyler Warren,WarrTy00,T,Jalen Travis,TravJa00,T,Bernhard Raimann,RaimBe00,G,Matt Goncalves,GoncMa00,G,Quenton Nelson,NelsQu00,C,Tanor Bortolini,BortTa00,DE,Laiatu Latu,LatuLa00,DE,Kwity Paye,PayeKw00,DT,Adetomiwa Adebawore,AdebAd00,DT,Neville Gallimore,GallNe00,DT,Grover Stewart,StewGr00,LB,Germaine Pratt,PratGe00,LB,Zaire Franklin,FranZa00,CB,Cameron Mitchell,MitcCa01,CB,Mekhi Blackmon,BlacMe00,S,Nick Cross,CrosNi00,S,Camryn Bynum,BynuCa00,Referee,Land Clark,Umpire,Mark Pellis,Down Judge,Tom Stephan,Line Judge,Jeff Hutcheon,Back Judge,Brad Freeman,Side Judge,Dominique Pender,Field Judge,Jabir Walker
202601040jax,2026-01-04,Sunday,1:00pm,Jacksonville Jaguars,Tennessee Titans,jax,oti,41,7,Liam Coen,Mike McCoy,EverBank Stadium,66015,2:46,outdoors,grass,"55 degrees, relative humidity 83%, wind 8 mph",QB,Trevor Lawrence,LawrTr00,RB,LeQuint Allen,AlleLe01,WR,Jakobi Meyers,MeyeJa01,WR,Brian Thomas,ThomBr06,TE,Quintin Morris,MorrQu00,TE,Brenton Strange,StraBr00,OL,Ezra Cleveland,ClevEz00,OL,Anton Harrison,HarrAn00,OL,Cole Van Lanen,VanxCo00,OL,Walker Little,LittWa00,C,Robert Hainsey,HainRo00,DL,Matt Dickerson,DickMa00,DE,Travon Walker,WalkTr03,DE,Josh Hines-Allen,AlleJo03,DT,DaVon Hamilton,HamiDa02,LB,Devin Lloyd,LloyDe00,LB,Foyesade Oluokun,OluoFo00,CB,Greg Newsome II,NewsGr00,CB,Montaric Brown,BrowMo00,S,Eric Murray,MurrEr00,S,Antonio Johnson,JohnAn07,S,Andrew Wingard,WingAn01,QB,Cam Ward,WardCa00,RB,Tyjae Spears,SpeaTy00,RB,Tony Pollard,PollTo00,WR,Elic Ayomanor,AyomEl00,WR,Chimere Dike,DikeCh00,TE,Chig Okonkwo,OkonCh00,OL,Peter Skoronski,SkorPe00,OT,Dan Moore,MoorDa05,OT,JC Latham,LathJC00,G,Kevin Zeitler,ZeitKe00,C,Lloyd Cushenberry III,CushLl00,DE,Sebastian Joseph-Day,JoseSe00,DT,Jeffery Simmons,SimmJe01,NT,T'Vondre Sweat,SweaTV01,OLB,Jaylen Harrell,HarrJa05,OLB,Jihad Ward,WardJi02,LB,Cedric Gray,GrayCe00,LB,Cody Barton,BartCo00,CB,Micah Robinson,RobiMi01,CB,Darrell Baker,BakeDa02,S,Sanoussi Kane,KaneSa00,S,Jerrick Reed,ReedJe00,Referee,Scott Novak,Umpire,Mike Morton,Down Judge,Brian Sakowski,Line Judge,Mark Stewart,Back Judge,Tony Josselyn,Side Judge,Don Willard,Field Judge,Terry Brown
202601040min,2026-01-04,Sunday,1:00pm,Minnesota Vikings,Green Bay Packers,min,gnb,16,3,Kevin O'Connell,Matt LaFleur,U.S. Bank Stadium,66606,2:42,dome,sportturf,,QB,J.J. McCarthy,McCaJJ00,RB,Jordan Mason,MasoJo00,FB,C.J. Ham,,WR,Justin Jefferson,JeffJu00,TE,Ben Yurosek,YuroBe00,TE,Josh Oliver,OlivJo00,OL,Donovan Jackson,JackDo03,T,Justin Skule,SkulJu00,T,Brian O'Neill,ONeiBr00,G,Will Fries,FrieWi00,G,Michael Jurgens,JurgMi02,DL,Jonathan Allen,AlleJo01,DL,Javon Hargrave,HargJa00,OLB,Andrew Van Ginkel,VanGAn00,OLB,Dallas Turner,TurnDa01,LB,Eric Wilson,WilsEr00,LB,Blake Cashman,CashBl00,CB,Isaiah Rodgers,RodgIs00,CB,Byron Murphy,MurpBy00,S,Harrison Smith,SmitHa00,S,Jay Ward,WardJa00,S,Theo Jackson,JackTh00,QB,Clayton Tune,TuneCl00,RB,Emanuel Wilson,WilsEm00,WR,Matthew Golden,GoldMa02,WR,Jakobie Keeney-James,KeenJa00,TE,Drake Dabney,DabnDr00,OL,Lecitus Smith,SmitLe01,OL,Darian Kinnard,KinnDa00,OL,Jacob Monk,MonkJa00,OT,Anthony Belton,BeltAn00,OT,Jordan Morgan,MorgJo03,DL,Warren Brinson,BrinWa00,DL,Barryn Sorrell,SorrBa00,DL,Brenton Cox,CoxxBr02,DT,Nazir Stackhouse,StacNa00,LB,Isaiah McDuffie,McDuIs00,LB,Ty'Ron Hopper,HoppTy00,LB,Jamon Johnson,DumaJa00,CB,Bo Melton,MeltBo00,CB,Keisean Nixon,NixoKe00,CB,Trevon Diggs,DiggTr00,S,Evan Williams,WillEv00,S,Javon Bullard,BullJa00,Referee,John Hussey,Umpire,Duane Heydt,Down Judge,Max Causey,Line Judge,Carl Johnson,Back Judge,Matt Edwards,Side Judge,Allen Baynes,Field Judge,Anthony Flemming
202601040nwe,2026-01-04,Sunday,4:25pm,New England Patriots,Miami Dolphins,nwe,mia,38,10,Mike Vrabel,Mike McDaniel,Gillette Stadium,64628,2:50,outdoors,fieldturf,"29 degrees, relative humidity 56%, wind 6 mph",QB,Drake Maye,MayeDr00,RB,Rhamondre Stevenson,StevRh00,WR,Efton Chism,ChisEf00,WR,Stefon Diggs,DiggSt00,TE,Hunter Henry,HenrHu00,OL,Michael Onwenu,OnweMi00,OT,Will Campbell,CampWi01,OT,Morgan Moses,MoseMo00,T,Thayer Munford,MunfTh00,C,Garrett Bradbury,BradGa00,C,Ben Brown,BrowBe01,DT,Milton Williams,WillMi08,DT,Christian Barmore,BarmCh00,NT,Cory Durden,DurdCo00,LB,Anfernee Jennings,JennAn00,LB,Jack Gibbens,GibbJa00,LB,Christian Elliss,ElliCh00,LB,Jahlani Tavai,TavaJa00,CB,Christian Gonzalez,GonzCh00,CB,Carlton Davis,DaviCa02,S,Craig Woodson,WoodCr00,S,Jaylinn Hawkins,HawkJa00,QB,Quinn Ewers,EwerQu00,RB,Jaylen Wright,WrigJa04,FB,Alec Ingold,IngoAl01,WR,Cedrick Wilson Jr.,WilsCe01,WR,Malik Washington,WashMa00,TE,Julian Hill,HillJu02,OL,Aaron Brewer,BrewAa01,OL,Larry Borom,BoroLa00,OL,Jonah Savaiinaea,SavaJo00,OT,Patrick Paul,PaulPa01,G,Cole Strange,StraCo01,DT,Kenneth Grant,GranKe01,DT,Jordan Phillips,PhilJo02,DT,Zach Sieler,SielZa00,LB,Tyrel Dodson,DodsTy01,LB,Jordyn Brooks,BrooJo01,LB,Cameron Goode,GoodCa00,LB,Bradley Chubb,ChubBr00,CB,Jack Jones,JoneJa10,CB,Rasul Douglas,DougRa00,S,Ifeatu Melifonwu,MeliIf00,S,Ashtyn Davis,DaviAs00,Referee,Clay Martin,Umpire,Steve Woods,Down Judge,Jerod Phillips,Line Judge,Brian Perry,Back Judge,Greg Wilson,Side Judge,Alonzo Ramsey,Field Judge,Dave Hawkshaw
202601040nyg,2026-01-04,Sunday,1:00pm,New York Giants,Dallas Cowboys,nyg,dal,34,17,Mike Kafka,Brian Schottenheimer,MetLife Stadium,74395,3:00,outdoors,fieldturf,"33 degrees, relative humidity 52%, wind 7 mph",QB,Jaxson Dart,DartJa00,RB,Tyrone Tracy Jr.,TracTy00,WR,Darius Slayton,SlayDa01,WR,Gunner Olszewski,OlszGu00,WR,Isaiah Hodgins,HodgIs00,TE,Daniel Bellinger,BellDa00,OL,Austin Schlottmann,SchlAu00,OL,Jermaine Eluemunor,ElueJe00,OL,Marcus Mbow,MbowMa00,OG,Greg Van Roten,VanRGr00,G,Jon Runyan Jr.,RunyJo00,DL,Dexter Lawrence,LawrDe03,DT,Roy Robertson-Harris,RobeRo00,OLB,Abdul Carter,CartAb00,OLB,Brian Burns,BurnBr00,LB,Darius Muasau,MuasDa00,LB,Bobby Okereke,OkerBo00,CB,Andru Phillips,PhilAn02,CB,Deonte Banks,BankDe00,CB,Paulson Adebo,AdebPa00,S,Raheem Layne,LaynRa00,S,Dane Belton,BeltDa00,QB,Dak Prescott,PresDa01,RB,Hunter Luepke,LuepHu00,WR,Ryan Flournoy,FlouRy00,WR,George Pickens,PickGe00,WR,CeeDee Lamb,LambCe00,TE,Jake Ferguson,FergJa00,OL,Tyler Smith,SmitTy02,T,Terence Steele,SteeTe01,OG,Tyler Booker,BookTy00,C,Brock Hoffman,HoffBr00,C,Cooper Beebe,BeebCo00,DE,Jadeveon Clowney,ClowJa00,DE,Donovan Ezeiruaku,EzeiDo00,DT,Kenny Clark,ClarKe01,DT,Quinnen Williams,WillQu00,MLB,Kenneth Murray,MurrKe00,LB,Shemar James,JameSh00,CB,Caelen Carson,CarsCa01,CB,Reddy Steward,StewRe00,CB,Trikweze Bridges,BridTr00,S,Malik Hooker,HookMa00,S,Donovan Wilson,WilsDo01,Referee,Adrian Hill,Umpire,Roy Ellison,Down Judge,Derick Bowers,Line Judge,Julian Mapp,Back Judge,Greg Steed,Side Judge,Clay Reynard,Field Judge,Tra Boger
202601040phi,2026-01-04,Sunday,4:25pm,Philadelphia Eagles,Washington Commanders,phi,was,17,24,Nick Sirianni,Dan Quinn,Lincoln Financial Field,69879,3:02,outdoors,grass,"35 degrees, relative humidity 47%, wind 9 mph",QB,Tanner McKee,McKeTa01,RB,Tank Bigsby,BigsTa00,WR,DeVonta Smith,SmitDe07,WR,Jahan Dotson,DotsJa00,TE,Grant Calcaterra,CalcGr00,TE,Kylen Granson,GranKy00,OL,Brett Toth,TothBr00,OL,Tyler Steen,SteeTy00,OL,Matt Pryor,PryoMa00,OL,Drew Kendall,KendDr00,T,Fred Johnson,JohnFr01,DT,Moro Ojomo,OjomMo00,DT,Jordan Davis,DaviJo03,OLB,Jalyx Hunt,HuntJa02,OLB,Nolan Smith,SmitNo02,LB,Jihaad Campbell,CampJi00,LB,Jeremiah Trotter Jr.,TrotJe01,CB,Jakorian Bennett,BennJa00,CB,Kelee Ringo,RingKe00,CB,Michael Carter II,CartMi02,DB,Brandon Johnson,JohnBr24,S,Sydney Brown,BrowSy00,QB,Josh Johnson,JohnJo05,RB,Jacory Croskey-Merritt,CrosJa00,WR,Treylon Burks,BurkTr00,WR,Deebo Samuel,SamuDe00,WR,Terry McLaurin,McLaTe00,TE,John Bates,BateJo00,OL,Andrew Wylie,WyliAn00,OT,Josh Conerly,ConeJo00,OT,Brandon Coleman,ColeBr02,G,Chris Paul,PaulCh00,G,Nick Allegretti,AlleNi00,DE,Jacob Martin,MartJa02,DT,Javon Kinlaw,KinlJa00,DT,Jer'Zhan Newton,NewtJe00,DT,Daron Payne,PaynDa00,MLB,Bobby Wagner,WagnBo00,LB,Frankie Luvu,LuvuFr00,LB,Jordan Magee,MageJo00,CB,Jonathan Jones,JoneJo03,CB,Mike Sainristil,SainMi00,FS,Will Harris,HarrWi02,S,Jeremy Reaves,ReavJe00,Referee,Shawn Hochuli,Umpire,Larry Smith,Down Judge,Patrick Holt,Line Judge,Tim Podraza,Back Judge,Jimmy Russell,Side Judge,Jim Quirk,Field Judge,Jason Ledet
202601040pit,2026-01-04,Sunday,8:20pm,Pittsburgh Steelers,Baltimore Ravens,pit,rav,26,24,Mike Tomlin,John Harbaugh,Acrisure Stadium,65400,3:12,outdoors,grass,"25 degrees, relative humidity 81%, wind 3 mph",QB,Aaron Rodgers,RodgAa00,RB,Jaylen Warren,WarrJa01,WR,Marquez Valdes-Scantling,ValdMa00,TE,Pat Freiermuth,FreiPa00,TE,Jonnu Smith,SmitJo01,OL,Spencer Anderson,AndeSp00,OT,Dylan Cook,CookDy00,OT,Troy Fautanu,FautTr00,G,Isaac Seumalo,SeumIs00,G,Mason McCormick,McCoMa00,C,Zach Frazier,FrazZa00,DT,Keeanu Benton,BentKe00,DT,Cameron Heyward,HeywCa01,DT,Derrick Harmon,HarmDe01,OLB,Malik Harrison,HarrMa06,LB,Patrick Queen,QueePa00,LB,Alex Highsmith,HighAl02,LB,T.J. Watt,,CB,James Pierre,PierJa01,CB,Joey Porter Jr.,PortJo02,CB,Jalen Ramsey,RamsJa00,S,Kyle Dugger,DuggKy00,QB,Lamar Jackson,JackLa00,RB,Derrick Henry,HenrDe00,FB,Patrick Ricard,RicaPa00,WR,Zay Flowers,FlowZa00,WR,Devontez Walker,WalkDe01,TE,Charlie Kolar,KolaCh00,OL,Andrew Vorhees,VorhAn00,T,Ronnie Stanley,StanRo00,T,Roger Rosengarten,RoseRo01,G,Daniel Faalele,FaalDa00,C,Tyler Linderbaum,LindTy00,DL,Travis Jones,JoneTr00,DL,Brent Urban,UrbaBr00,DT,John Jenkins,JenkJo00,OLB,Tavius Robinson,RobiTa00,OLB,Mike Green,GreeMi02,LB,Trenton Simpson,SimpTr00,LB,Roquan Smith,SmitRo07,CB,Marlon Humphrey,HumpMa00,CB,Nate Wiggins,WiggNa00,S,Kyle Hamilton,HamiKy00,S,Alohi Gilman,GilmAl00,Referee,Shawn Smith,Umpire,Tra Blake,Down Judge,Jay Bilbo,Line Judge,Jeff Seeman,Back Judge,Dino Paganelli,Side Judge,Boris Cheek,Field Judge,Dyrol Prioleau
202601040rai,2026-01-04,Sunday,4:25pm,Las Vegas Raiders,Kansas City Chiefs,rai,kan,14,12,Pete Carroll,Andy Reid,Allegiant Stadium,61780,3:01,dome,grass,,QB,Kenny Pickett,PickKe00,RB,Ashton Jeanty,JeanAs00,WR,Tre Tucker,TuckTr00,TE,Ian Thomas,ThomIa00,TE,Michael Mayer,MayeMi00,OL,Stone Forsythe,ForsSt00,OT,Delmar Glaze,GlazDe00,OT,Charles Grant,GranCh00,OG,Caleb Rogers,RogeCa01,G,Alex Cappa,CappAl00,G,Atonio Mafi,MafiAt00,DE,Tyree Wilson,WilsTy01,DE,Malcolm Koonce,KoonMa00,DT,Jonah Laulu,LaulJo00,DT,Thomas Booker,BookTh00,LB,Elandon Roberts,RobeEl00,LB,Devin White,WhitDe02,LB,Jamal Adams,AdamJa00,CB,Darien Porter,PortDa00,CB,Eric Stokes,StokEr00,S,Isaiah Pola-Mao,PolaIs00,S,Lonnie Johnson Jr.,JohnLo01,QB,Chris Oladokun,OladCh00,RB,Brashard Smith,SmitBr09,WR,Marquise Brown,BrowMa04,WR,Jalen Royals,RoyaJa00,WR,JuJu Smith-Schuster,SmitJu00,TE,Travis Kelce,KelcTr00,OL,Hunter Nourzad,NourHu00,T,Chukwuebuka Godrick,GodrJa00,T,Kingsley Suamataia,SuamKi00,T,Esa Pole,PoleEs00,C,Creed Humphrey,HumpCr00,DE,Michael Danna,DannMi00,DE,Ashton Gillotte,GillAs00,DT,Chris Jones,JoneCh09,DT,Derrick Nnadi,NnadDe00,LB,Drue Tranquill,TranDr00,LB,Cooper McDonald,McDoCo01,LB,Nick Bolton,BoltNi00,CB,Kristian Fulton,FultKr00,DB,Chamarri Conner,ConnCh01,DB,Nohl Williams,WillNo01,S,Bryan Cook,CookBr02,Referee,Craig Wrolstad,Umpire,Brandon Cruse,Down Judge,Danny Short,Line Judge,Brett Bergman,Back Judge,Rich Martinez,Side Judge,Frank Steratore,Field Judge,Jeff Shears
202601040ram,2026-01-04,Sunday,4:25pm,Los Angeles Rams,Arizona Cardinals,ram,crd,37,20,Sean McVay,Jonathan Gannon,SoFi Stadium,72004,2:53,dome,matrixturf,,QB,Matthew Stafford,StafMa00,RB,Kyren Williams,WillKy02,WR,Puka Nacua,NacuPu00,TE,Davis Allen,AlleDa02,TE,Colby Parkinson,ParkCo02,TE,Tyler Higbee,HigbTy00,OL,Steve Avila,AvilSt00,OL,Warren McClendon,McClWa00,OL,Alaric Jackson,JackAl01,OL,Justin Dedich,DediJu00,C,Coleman Shelton,ShelCo00,DE,Braden Fiske,FiskBr00,DE,Kobie Turner,TurnKo00,NT,Poona Ford,FordPo00,OLB,Jared Verse,VersJa00,OLB,Byron Young,YounBy01,LB,Nathan Landman,LandNa01,LB,Omar Speights,SpeiOm00,CB,Emmanuel Forbes,ForbEm00,CB,Cobie Durant,DuraDe01,S,Jaylen McCollough,McCoJa02,S,Kamren Curl,CurlKa00,QB,Jacoby Brissett,BrisJa00,RB,Michael Carter,CartMi03,WR,Michael Wilson,WilsMi02,WR,Xavier Weaver,WeavXa00,TE,Pharaoh Brown,BrowPh01,TE,Trey McBride,McBrTr01,OL,Josh Fryar,FryaJo00,OL,Jon Gaines,GainJo00,OL,Isaiah Adams,AdamIs01,OL,Hjalte Froholdt,FrohHj00,OL,Kelvin Beachum,BeacKe00,DL,Calais Campbell,CampCa99,DL,Darius Robinson,RobiDa01,DT,Dalvin Tomlinson,TomlDa00,OLB,Zaven Collins,CollZa00,OLB,Josh Sweat,SweaJo00,LB,Akeem Davis-Gaither,DaviAk01,LB,Cody Simon,SimoCo01,CB,Will Johnson,JohnWi02,CB,Denzel Burke,BurkDe01,S,Jalen Thompson,ThomJa04,S,Budda Baker,BakeBu00,Referee,Carl Cheffers,Umpire,Derek Anderson,Down Judge,Daniel Gallagher,Line Judge,Quentin Givens,Back Judge,Martin Hankins,Side Judge,Eugene Hall,Field Judge,Nathan Jones
202602080nwe,2026-02-08,Sunday,6:30pm,New England Patriots,Seattle Seahawks,nwe,sea,13,29,Mike Vrabel,Mike Macdonald,Levi's Stadium,70823,3:42,outdoors,grass,"67 degrees, relative humidity 50%, wind 7 mph",QB,Drake Maye,MayeDr00,RB,Rhamondre Stevenson,StevRh00,RB,TreVeyon Henderson,HendTr02,WR,Mack Hollins,HollMa00,TE,Austin Hooper,HoopAu00,TE,Hunter Henry,HenrHu00,OL,Michael Onwenu,OnweMi00,OT,Will Campbell,CampWi01,OT,Morgan Moses,MoseMo00,C,Garrett Bradbury,BradGa00,C,Jared Wilson,WilsJa02,DT,Milton Williams,WillMi08,DT,Christian Barmore,BarmCh00,NT,Cory Durden,DurdCo00,LB,Anfernee Jennings,JennAn00,LB,Jack Gibbens,GibbJa00,LB,Robert Spillane,SpilRo00,LB,Jahlani Tavai,TavaJa00,CB,Christian Gonzalez,GonzCh00,CB,Carlton Davis,DaviCa02,S,Jaylinn Hawkins,HawkJa00,S,Craig Woodson,WoodCr00,QB,Sam Darnold,DarnSa00,RB,Kenneth Walker III,WalkKe00,WR,Jaxon Smith-Njigba,SmitJa06,WR,Cooper Kupp,KuppCo00,TE,AJ Barner,BarnAJ00,TE,Eric Saubert,SaubEr00,T,Charles Cross,CrosCh00,T,Abraham Lucas,LucaAb00,OG,Grey Zabel,ZabeGr00,G,Anthony Bradford,BradAn00,C,Jalen Sundell,SundJa00,DT,Byron Murphy,MurpBy01,DT,Leonard Williams,WillLe02,LB,DeMarcus Lawrence,LawrDe00,LB,Ernest Jones,JoneEr01,LB,Uchenna Nwosu,NwosUc00,LB,Drake Thomas,ThomDr00,CB,Josh Jobe,JobeJo00,CB,Devon Witherspoon,WithDe00,FS,Julian Love,LoveJu00,FS,Coby Bryant,BryaCo01,S,Nick Emmanwori,EmmaNi00,Referee,Shawn Smith,Umpire,Roy Ellison,Down Judge,Dana McKenzie,Line Judge,Julian Mapp,Back Judge,Greg Steed,Side Judge,Eugene Hall,Field Judge,Jason Ledet
