GameId,GameDate,DayOfWeek,StartTime,HomeTeam,AwayTeam,HomeTeamCode,AwayTeamCode,HomeScore,AwayScore,HomeCoach,AwayCoach,Stadium,Attendance,Duration,Roof,Surface,Weather,HomeOff01_Position,HomeOff01_Name,HomeOff01_ID,HomeOff02_Position,HomeOff02_Name,HomeOff02_ID,HomeOff03_Position,HomeOff03_Name,HomeOff03_ID,HomeOff04_Position,HomeOff04_Name,HomeOff04_ID,HomeOff05_Position,HomeOff05_Name,HomeOff05_ID,HomeOff06_Position,HomeOff06_Name,HomeOff06_ID,HomeOff07_Position,HomeOff07_Name,HomeOff07_ID,HomeOff08_Position,HomeOff08_Name,HomeOff08_ID,HomeOff09_Position,HomeOff09_Name,HomeOff09_ID,HomeOff10_Position,HomeOff10_Name,HomeOff10_ID,HomeOff11_Position,HomeOff11_Name,HomeOff11_ID,HomeDef01_Position,HomeDef01_Name,HomeDef01_ID,HomeDef02_Position,HomeDef02_Name,HomeDef02_ID,HomeDef03_Position,HomeDef03_Name,HomeDef03_ID,HomeDef04_Position,HomeDef04_Name,HomeDef04_ID,HomeDef05_Position,HomeDef05_Name,HomeDef05_ID,HomeDef06_Position,HomeDef06_Name,HomeDef06_ID,HomeDef07_Position,HomeDef07_Name,HomeDef07_ID,HomeDef08_Position,HomeDef08_Name,HomeDef08_ID,HomeDef09_Position,HomeDef09_Name,HomeDef09_ID,HomeDef10_Position,HomeDef10_Name,HomeDef10_ID,HomeDef11_Position,HomeDef11_Name,HomeDef11_ID,AwayOff01_Position,AwayOff01_Name,AwayOff01_ID,AwayOff02_Position,AwayOff02_Name,AwayOff02_ID,AwayOff03_Position,AwayOff03_Name,AwayOff03_ID,AwayOff04_Position,AwayOff04_Name,AwayOff04_ID,AwayOff05_Position,AwayOff05_Name,AwayOff05_ID,AwayOff06_Position,AwayOff06_Name,AwayOff06_ID,AwayOff07_Position,AwayOff07_Name,AwayOff07_ID,AwayOff08_Position,AwayOff08_Name,AwayOff08_ID,AwayOff09_Position,AwayOff09_Name,AwayOff09_ID,AwayOff10_Position,AwayOff10_Name,AwayOff10_ID,AwayOff11_Position,AwayOff11_Name,AwayOff11_ID,AwayDef01_Position,AwayDef01_Name,AwayDef01_ID,AwayDef02_Position,AwayDef02_Name,AwayDef02_ID,AwayDef03_Position,AwayDef03_Name,AwayDef03_ID,AwayDef04_Position,AwayDef04_Name,AwayDef04_ID,AwayDef05_Position,AwayDef05_Name,AwayDef05_ID,AwayDef06_Position,AwayDef06_Name,AwayDef06_ID,AwayDef07_Position,AwayDef07_Name,AwayDef07_ID,AwayDef08_Position,AwayDef08_Name,AwayDef08_ID,AwayDef09_Position,AwayDef09_Name,AwayDef09_ID,AwayDef10_Position,AwayDef10_Name,AwayDef10_ID,AwayDef11_Position,AwayDef11_Name,AwayDef11_ID,Official01_Role,Official01_Name,Official02_Role,Official02_Name,Official03_Role,Official03_Name,Official04_Role,Official04_Name,Official05_Role,Official05_Name,Official06_Role,Official06_Name,Official07_Role,Official07_Name
202209080ram,2022-09-08,Thursday,8:20pm,Los Angeles Rams,Buffalo Bills,ram,buf,10,31,Sean McVay,Sean McDermott,SoFi Stadium,73846,2:46,dome,matrixturf,,QB,Matthew Stafford,StafMa00,RB,Darrell Henderson,HendDa00,WR,Ben Skowronek,SkowBe00,WR,Allen Robinson,RobiAl02,WR,Cooper Kupp,KuppCo00,TE,Tyler Higbee,HigbTy00,OL,Brian Allen,AlleBr02,OL,David Edwards,EdwaDa01,OL,Coleman Shelton,ShelCo00,OL,Rob Havenstein,HaveRo00,OL,Joseph Noteboom,NoteJo00,DT,Aaron Donald,DonaAa00,DT,A'Shawn Robinson,RobiAS00,DT,Greg Gaines,GainGr00,OLB,Leonard Floyd,FloyLe00,LB,Ernest Jones,JoneEr01,LB,Bobby Wagner,WagnBo00,CB,Troy Hill,HillTr01,DB,Jalen Ramsey,RamsJa00,DB,Taylor Rapp,RappTa00,DB,Jordan Fuller,FullJo01,S,Nick Scott,ScotNi01,QB,Josh Allen,AlleJo02,RB,Devin Singletary,SingDe00,WR,Isaiah McKenzie,McKeIs00,WR,Gabe Davis,DaviGa01,WR,Stefon Diggs,DiggSt00,TE,Dawson Knox,KnoxDa00,OL,Ryan Bates,BateRy02,T,Dion Dawkins,DawkDi00,T,Spencer Brown,BrowSp00,G,Rodger Saffold,SaffRo20,C,Mitch Morse,MorsMi00,DE,Gregory Rousseau,RousGr00,DT,DaQuan Jones,JoneDa04,DT,Ed Oliver,OlivEd00,LB,Tremaine Edmunds,EdmuTr01,LB,Matt Milano,MilaMa00,LB,Von Miller,MillVo00,CB,Dane Jackson,JackDa02,CB,Taron Johnson,JohnTa01,CB,Christian Benford,BenfCh00,S,Micah Hyde,HydeMi00,S,Jordan Poyer,PoyeJo00,Referee,Carl Cheffers,Umpire,Brandon Cruse,Down Judge,Mike Carr,Line Judge,Jeff Seeman,Back Judge,Matt Edwards,Side Judge,Eugene Hall,Field Judge,Nathan Jones
202209110atl,2022-09-11,Sunday,1:00pm,Atlanta Falcons,New Orleans Saints,atl,nor,26,27,Arthur Smith,Dennis Allen,Mercedes-Benz Stadium,70078,3:07,retractable roof (closed),fieldturf,,QB,Marcus Mariota,MariMa01,RB,Damien Williams,WillDa05,WR,Olamide Zaccheaus,ZaccOl01,WR,KhaDarel Hodge,HodgKh00,WR,Bryan Edwards,EdwaBr01,TE,Kyle Pitts,PittKy00,OL,Drew Dalman,DalmDr00,T,Elijah Wilkinson,WilkEl00,T,Jake Matthews,MattJa00,T,Kaleb McGary,McGaKa00,G,Chris Lindstrom,LindCh00,DL,Ta'Quon Graham,GrahTa00,DT,Grady Jarrett,JarrGr00,DT,Anthony Rush,RushAn00,OLB,Adetokunbo Ogundeji,OgunAd01,LB,Lorenzo Carter,CartLo01,LB,Mykal Walker,WalkMy00,LB,Rashaan Evans,EvanRa01,CB,AJ Terrell,TerrAJ00,CB,Casey Hayward,HaywCa00,SS,Jaylinn Hawkins,HawkJa00,S,Richie Grant,GranRi00,QB,Jameis Winston,WinsJa00,RB,Alvin Kamara,KamaAl00,WR,Michael Thomas,ThomMi05,WR,Jarvis Landry,LandJa00,TE,Adam Trautman,TrauAd00,TE,Taysom Hill,HillTa00,OL,Erik McCoy,McCoEr01,OL,Cesar Ruiz,RuizCe00,OL,Andrus Peat,PeatAn00,OL,James Hurst,HursJa00,T,Ryan Ramczyk,RamcRy00,DE,Marcus Davenport,DaveMa00,DE,Cameron Jordan,JordCa00,DT,David Onyemata,OnyeDa00,DT,Shy Tuttle,TuttSh00,LB,Pete Werner,WernPe00,LB,Demario Davis,DaviDe00,CB,Marshon Lattimore,LattMa01,CB,Bradley Roby,RobyBr00,FS,Tyrann Mathieu,MathTy00,S,Marcus Maye,MayeMa00,S,Justin Evans,EvanJu00,Referee,Alex Kemp,Umpire,Mike Morton,Down Judge,Danny Short,Line Judge,Jeff Bergman,Back Judge,Scott Helverson,Side Judge,Dale Shaw,Field Judge,John Jenkins
202209110car,2022-09-11,Sunday,1:00pm,Carolina Panthers,Cleveland Browns,car,cle,24,26,Matt Rhule,Kevin Stefanski,Bank of America Stadium,72205,3:16,outdoors,grass,"80 degrees, relative humidity 81%, wind 8 mph",QB,Baker Mayfield,MayfBa00,RB,Christian McCaffrey,McCaCh01,WR,Shi Smith,SmitSh03,WR,D.J. Moore,,WR,Robbie Chosen,AndeRo04,TE,Ian Thomas,ThomIa00,OL,Austin Corbett,CorbAu00,T,Brady Christensen,ChriBr00,T,Ikem Ekwonu,EkwoIk00,T,Taylor Moton,MotoTa00,G,Pat Elflein,ElflPa00,DE,Brian Burns,BurnBr00,DE,Yetur Gross-Matos,GrosYe00,DT,Derrick Brown,BrowDe05,DT,Matthew Ioannidis,IoanMa01,LB,Frankie Luvu,LuvuFr00,LB,Shaq Thompson,ThomSh01,LB,Damien Wilson,WilsDa02,CB,Donte Jackson,JackDo02,CB,Jaycee Horn,HornJa00,S,Jeremy Chinn,ChinJe00,S,Xavier Woods,WoodXa00,QB,Jacoby Brissett,BrisJa00,RB,Nick Chubb,ChubNi00,WR,Donovan Peoples-Jones,PeopDo00,WR,Amari Cooper,CoopAm00,WR,David Bell,BellDa02,TE,David Njoku,NjokDa00,T,James Hudson,HudsJa00,T,Jedrick Wills Jr.,WillJe04,G,Wyatt Teller,TellWy00,G,Joel Bitonio,BitoJo00,C,Ethan Pocic,PociEt00,DE,Myles Garrett,GarrMy00,DE,Jadeveon Clowney,ClowJa00,DT,Jordan Elliott,ElliJo02,DT,Taven Bryan,BryaTa00,LB,Jeremiah Owusu-Koramoah,OwusJe00,LB,Anthony Walker,WalkAn01,CB,Greg Newsome II,NewsGr00,CB,Denzel Ward,WardDe02,S,Ronnie Harrison,HarrRo02,S,Grant Delpit,DelpGr00,S,John Johnson,JohnJo10,Referee,Brad Rogers,Umpire,Carl Paganelli,Down Judge,Kent Payne,Line Judge,Tom Eaton,Back Judge,Greg Steed,Side Judge,Anthony Jeffries,Field Judge,Aaron Santi
202209110chi,2022-09-11,Sunday,1:00pm,Chicago Bears,San Francisco 49ers,chi,sfo,19,10,Matt Eberflus,Kyle Shanahan,Soldier Field,62159,3:01,outdoors,grass,"69 degrees, relative humidity 87%, wind 16 mph",QB,Justin Fields,FielJu00,RB,David Montgomery,MontDa01,WR,Equanimeous St. Brown,,WR,Dante Pettis,PettDa00,WR,Darnell Mooney,MoonDa00,TE,Cole Kmet,KmetCo00,OL,Cody Whitehair,WhitCo03,OL,Sam Mustipher,MustSa01,OL,Braxton Jones,JoneBr08,OL,Teven Jenkins,JenkTe00,OL,Larry Borom,BoroLa00,DT,Justin Jones,JoneJu03,DT,Al-Quadin Muhammad,MuhaAl00,DT,Robert Quinn,QuinRo00,DT,Angelo Blackson,BlacAn00,LB,Nicholas Morrow,MorrNi00,LB,Roquan Smith,SmitRo07,DB,Jaylon Johnson,JohnJa13,DB,Eddie Jackson,JackEd01,DB,Kyler Gordon,GordKy00,DB,Jaquan Brisker,BrisJa01,DB,Kindle Vildor,VildKi00,QB,Trey Lance,LancTr00,RB,Elijah Mitchell,MitcEl00,WR,Brandon Aiyuk,AiyuBr00,WR,Deebo Samuel,SamuDe00,WR,Jauan Jennings,JennJa00,TE,Tyler Kroft,KrofTy00,OL,Aaron Banks,BankAa00,OL,Jake Brendel,BrenJa01,OL,Spencer Burford,BurfSp00,T,Trent Williams,WillTr21,T,Mike McGlinchey,McGlMi00,DE,Nick Bosa,BosaNi00,DE,Samson Ebukam,EbukSa00,DT,Arik Armstead,ArmsAr01,DT,Javon Kinlaw,KinlJa00,LB,Dre Greenlaw,GreeDr00,LB,Fred Warner,WarnFr00,CB,Emmanuel Moseley,MoseEm00,CB,Charvarius Ward,WardCh01,CB,Samuel Womack,WomaSa00,S,Talanoa Hufanga,HufaTa00,S,Tashaun Gipson,GipsTa00,Referee,Clay Martin,Umpire,Fred Bryan,Down Judge,Jerod Phillips,Line Judge,Maia Chaka,Back Judge,Greg Wilson,Side Judge,Dave Hawkshaw,Field Judge,James Coleman
202209110cin,2022-09-11,Sunday,1:00pm,Cincinnati Bengals,Pittsburgh Steelers,cin,pit,20,23,Zac Taylor,Mike Tomlin,Paycor Stadium,65841,3:42,outdoors,fieldturf,"76 degrees, relative humidity 83%, wind 5 mph",QB,Joe Burrow,BurrJo01,RB,Joe Mixon,MixoJo00,WR,Ja'Marr Chase,ChasJa00,WR,Tee Higgins,HiggTe00,TE,Drew Sample,SampDr00,TE,Hayden Hurst,HursHa00,OL,Cordell Volson,VolsCo02,T,Jonah Williams,WillJo10,T,La'el Collins,CollLa01,G,Alex Cappa,CappAl00,C,Ted Karras,KarrTe00,DE,Trey Hendrickson,HendTr00,DE,Sam Hubbard,HubbSa00,DT,D.J. Reader,,DT,B.J. Hill,,LB,Logan Wilson,WilsLo00,LB,Germaine Pratt,PratGe00,CB,Mike Hilton,HiltMi01,CB,Eli Apple,ApplEl00,CB,Chidobe Awuzie,AwuzCh00,S,Vonn Bell,BellVo00,S,Jessie Bates III,BateJe00,QB,Mitchell Trubisky,TrubMi00,RB,Najee Harris,HarrNa00,WR,Chase Claypool,ClayCh01,WR,George Pickens,PickGe00,WR,Diontae Johnson,JohnDi01,TE,Pat Freiermuth,FreiPa00,OL,Mason Cole,ColeMa02,OL,James Daniels,DaniJa01,OL,Kevin Dotson,DotsKe00,OL,Chukwuma Okorafor,OkorCh00,T,Dan Moore,MoorDa05,DT,Cameron Heyward,HeywCa01,DT,Larry Ogunjobi,OgunLa00,LB,Myles Jack,JackMy00,LB,T.J. Watt,,LB,Devin Bush Jr.,BushDe01,LB,Alex Highsmith,HighAl02,CB,Cameron Sutton,SuttCa00,CB,Ahkello Witherspoon,WithAh00,DB,Tre Norwood,NorwTr00,S,Minkah Fitzpatrick,FitzMi00,S,Terrell Edmunds,EdmuTe00,Referee,Shawn Hochuli,Umpire,Terry Killens,Down Judge,Patrick Holt,Line Judge,Greg Bradley,Back Judge,Rich Martinez,Side Judge,Chad Hill,Field Judge,Anthony Flemming
202209110crd,2022-09-11,Sunday,4:25pm,Arizona Cardinals,Kansas City Chiefs,crd,kan,21,44,Kliff Kingsbury,Andy Reid,State Farm Stadium,63697,3:00,retractable roof (closed),grass,,QB,Kyler Murray,MurrKy00,RB,James Conner,ConnJa00,WR,Marquise Brown,BrowMa04,WR,Greg Dortch,DortGr01,WR,A.J. Green,,TE,Zach Ertz,ErtzZa00,OL,Kelvin Beachum,BeacKe00,OL,Sean Harlow,HarlSe00,OL,Will Hernandez,HernWi00,OL,Rodney Hudson,HudsRo00,OL,D.J. Humphries,,DE,Zach Allen,AlleZa01,DE,Michael Dogbe,DogbMi00,DT,Rashard Lawrence,LawrRa01,OLB,Markus Golden,GoldMa00,LB,Nick Vigil,VigiNi00,LB,Zaven Collins,CollZa00,LB,Isaiah Simmons,SimmIs00,CB,Marco Wilson,WilsMa04,CB,Byron Murphy,MurpBy00,S,Jalen Thompson,ThomJa04,S,Budda Baker,BakeBu00,QB,Patrick Mahomes,MahoPa00,RB,Clyde Edwards-Helaire,EdwaCl00,WR,Marquez Valdes-Scantling,ValdMa00,WR,JuJu Smith-Schuster,SmitJu00,WR,Mecole Hardman,HardMe00,TE,Travis Kelce,KelcTr00,OL,Joe Thuney,ThunJo00,OL,Trey Smith,SmitTr05,T,Orlando Brown Jr.,BrowOr00,G,Andrew Wylie,WyliAn00,C,Creed Humphrey,HumpCr00,DE,George Karlaftis III,KarlGe00,DE,Frank Clark,ClarFr01,DT,Chris Jones,JoneCh09,DT,Derrick Nnadi,NnadDe00,LB,Willie Gay Jr.,GayJWi00,LB,Nick Bolton,BoltNi00,CB,Trent McDuffie,McDuTr00,CB,Rashad Fenton,FentRa00,CB,L'Jarius Sneed,SneeLJ00,S,Justin Reid,ReidJu00,S,Juan Thornhill,ThorJu00,Referee,Scott Novak,Umpire,Ramon George,Down Judge,Derick Bowers,Line Judge,Walt Coleman IV,Back Judge,Terrence Miles,Side Judge,David Meslow,Field Judge,Tra Boger
202209110dal,2022-09-11,Sunday,8:20pm,Dallas Cowboys,Tampa Bay Buccaneers,dal,tam,3,19,Mike McCarthy,Todd Bowles,AT&amp;T Stadium,93797,2:57,retractable roof (closed),matrixturf,,QB,Dak Prescott,PresDa01,RB,Ezekiel Elliott,ElliEz00,RB,Tony Pollard,PollTo00,WR,Noah Brown,BrowNo00,WR,CeeDee Lamb,LambCe00,TE,Dalton Schultz,SchuDa00,OL,Tyler Smith,SmitTy02,T,Terence Steele,SteeTe01,G,Connor McGovern,McGoCo01,G,Zack Martin,MartZa00,C,Tyler Biadasz,BiadTy00,DE,DeMarcus Lawrence,LawrDe00,DE,Dorance Armstrong Jr.,ArmsDo00,DT,Osa Odighizuwa,OdigOs00,DT,Quinton Bohanna,BohaQu00,LB,Micah Parsons,ParsMi00,LB,Leighton Vander Esch,VandLe00,CB,Jourdan Lewis,LewiJo01,CB,Trevon Diggs,DiggTr00,CB,Anthony Brown,BrowAn02,S,Jayron Kearse,KearJa00,S,Donovan Wilson,WilsDo01,QB,Tom Brady,BradTo00,RB,Leonard Fournette,FourLe00,WR,Chris Godwin,GodwCh00,WR,Mike Evans,EvanMi00,TE,Cameron Brate,BratCa00,TE,Cade Otton,OttoCa00,OL,Robert Hainsey,HainRo00,T,Donovan Smith,SmitDo02,T,Tristan Wirfs,WirfTr00,G,Luke Goedeke,GoedLu00,G,Shaq Mason,MasoSh01,DL,Akiem Hicks,HickAk00,DL,Vita Vea,VeaxVi00,OLB,Shaquil Barrett,BarrSh00,OLB,Joe Tryon-Shoyinka,TryoJo00,LB,Lavonte David,DaviLa00,LB,Devin White,WhitDe02,CB,Jamel Dean,DeanJa00,CB,Carlton Davis,DaviCa02,S,Mike Edwards,EdwaMi01,S,Logan Ryan,RyanLo00,S,Antoine Winfield Jr.,WinfAn00,Referee,Ron Torbert,Umpire,Mark Pellis,Line Judge,Tim Podraza,Back Judge,Tony Josselyn,Side Judge,Keith Washington,Field Judge,Ryan Dickson,,
202209110det,2022-09-11,Sunday,1:00pm,Detroit Lions,Philadelphia Eagles,det,phi,35,38,Dan Campbell,Nick Sirianni,Ford Field,64537,3:15,dome,fieldturf,,QB,Jared Goff,GoffJa00,RB,D'Andre Swift,SwifDA00,WR,DJ Chark,CharDJ00,WR,Amon-Ra St. Brown,StxxAm00,WR,Josh Reynolds,ReynJo00,TE,T.J. Hockenson,HockTJ00,T,Taylor Decker,DeckTa00,T,Penei Sewell,SewePe00,G,Jonah Jackson,JackJo03,G,Logan Stenberg,StenLo00,C,Frank Ragnow,RagnFr00,DE,Michael Brockers,BrocMi00,DE,Aidan Hutchinson,HutcAi00,NT,Alim McNeill,McNeAl00,OLB,Charles Harris,HarrCh03,LB,Derrick Barnes,BarnDe02,LB,Malcolm Rodriguez,RodrMa00,LB,Alex Anzalone,AnzaAl00,CB,Amani Oruwariye,OruwAm00,CB,Jeff Okudah,OkudJe00,S,DeShon Elliott,ElliDe02,S,Tracy Walker,WalkTr01,QB,Jalen Hurts,HurtJa00,RB,Miles Sanders,SandMi01,WR,A.J. Brown,BrowAJ00,WR,DeVonta Smith,SmitDe07,TE,Jack Stoll,StolJa00,TE,Dallas Goedert,GoedDa00,T,Jordan Mailata,MailJo00,T,Lane Johnson,JohnLa01,G,Landon Dickerson,DickLa00,G,Isaac Seumalo,SeumIs00,C,Jason Kelce,KelcJa00,DE,Josh Sweat,SweaJo00,DT,Javon Hargrave,HargJa00,DT,Fletcher Cox,CoxxFl00,LB,Haason Reddick,ReddHa00,LB,T.J. Edwards,EdwaTJ02,LB,Kyzir White,WhitKy00,CB,James Bradberry,BradJa00,CB,Avonte Maddox,MaddAv00,CB,Darius Slay,SlayDa00,S,C.J. Gardner-Johnson,GardCh00,S,Marcus Epps,EppsMa00,Referee,Brad Allen,Umpire,Duane Heydt,Down Judge,Sarah Thomas,Line Judge,Daniel Gallagher,Back Judge,Greg Yette,Side Judge,Boris Cheek,Field Judge,Rick Patterson
202209110htx,2022-09-11,Sunday,1:00pm,Houston Texans,Indianapolis Colts,htx,clt,20,20,Lovie Smith,Frank Reich,NRG Stadium,69415,3:33,retractable roof (closed),astroturf,,QB,Davis Mills,MillDa02,RB,Dameon Pierce,PierDa01,WR,Nico Collins,CollNi00,WR,Brandin Cooks,CookBr00,TE,Pharaoh Brown,BrowPh01,OL,Laremy Tunsil,TunsLa00,OL,Justin Britt,BritJu00,OL,Justin McCray,McCrJu00,OL,Tytus Howard,HowaTy00,OL,Charlie Heck,HeckCh00,OL,A.J. Cann,,DL,Jerry Hughes,HughJe99,DL,Roy Lopez,LopeRo00,DL,Jonathan Greenard,GreeJo04,DL,Maliek Collins,CollMa00,LB,Christian Kirksey,KirkCh00,LB,Kamu Grugier-Hill,GrugKa00,DB,Desmond King,KingDe01,DB,Steven Nelson,NelsSt01,DB,Jonathan Owens,OwenJo01,DB,Jalen Pitre,PitrJa00,DB,Derek Stingley Jr.,StinDe00,QB,Matt Ryan,RyanMa00,RB,Jonathan Taylor,TaylJo02,WR,Parris Campbell,CampPa00,WR,Alec Pierce,PierAl00,WR,Michael Pittman Jr.,PittMi01,TE,Mo Alie-Cox,AlieMo00,OL,Quenton Nelson,NelsQu00,T,Braden Smith,SmitBr06,T,Matt Pryor,PryoMa00,G,Danny Pinter,PintDa00,C,Ryan Kelly,KellRy00,DE,Yannick Ngakoue,NgakYa00,DE,Kwity Paye,PayeKw00,DT,DeForest Buckner,BuckDe00,DT,Grover Stewart,StewGr00,LB,E.J. Speed,SpeeEJ00,LB,Bobby Okereke,OkerBo00,LB,Zaire Franklin,FranZa00,CB,Kenny Moore,MoorKe03,CB,Stephon Gilmore,GilmSt00,S,Nick Cross,CrosNi00,S,Julian Blackmon,BlacJu01,Referee,Land Clark,Umpire,Paul King,Down Judge,Tom Stephan,Line Judge,Brian Bolinger,Back Judge,Greg Meyer,Side Judge,Dominique Pender,Field Judge,Michael Banks
202209110mia,2022-09-11,Sunday,1:00pm,Miami Dolphins,New England Patriots,mia,nwe,20,7,Mike McDaniel,Bill Belichick,Hard Rock Stadium,65786,2:50,outdoors,grass,"92 degrees, relative humidity 58%, wind 12 mph",QB,Tua Tagovailoa,TagoTu00,RB,Chase Edmonds,EdmoCh00,FB,Alec Ingold,IngoAl01,WR,Jaylen Waddle,WaddJa00,WR,Tyreek Hill,HillTy00,TE,Durham Smythe,SmytDu00,OL,Connor Williams,WillCo00,OL,Liam Eichenberg,EichLi00,OL,Robert Hunt,HuntRo01,T,Austin Jackson,JackAu00,T,Terron Armstead,ArmsTe00,DT,Zach Sieler,SielZa00,DT,Raekwon Davis,DaviRa03,DT,Christian Wilkins,WilkCh00,LB,Melvin Ingram,IngrMe00,LB,Jaelan Phillips,PhilJa02,LB,Elandon Roberts,RobeEl00,LB,Jerome Baker,BakeJe00,CB,Nik Needham,NeedNi00,CB,Xavien Howard,HowaXa00,S,Brandon Jones,JoneBr06,S,Jevon Holland,HollJe02,QB,Mac Jones,JoneMa05,RB,Damien Harris,HarrDa06,WR,DeVante Parker,ParkDe01,WR,Jakobi Meyers,MeyeJa01,TE,Hunter Henry,HenrHu00,TE,Jonnu Smith,SmitJo01,OL,Trent Brown,BrowTr02,OL,Isaiah Wynn,WynnIs00,OL,Cole Strange,StraCo01,OL,Michael Onwenu,OnweMi00,C,David Andrews,AndrDa00,DL,Deatrich Wise Jr.,WiseDe00,DT,Davon Godchaux,GodcDa00,DT,Lawrence Guy,GuyxLa00,LB,Ja'Whaun Bentley,BentJa00,LB,Raekwon McMillan,McMiRa02,LB,Matt Judon,JudoMa00,CB,Jalen Mills,MillJa02,DB,Adrian Phillips,PhilAd00,DB,Devin McCourty,McCoDe99,DB,Jonathan Jones,JoneJo03,DB,Kyle Dugger,DuggKy00,Referee,John Hussey,Umpire,Alan Eck,Down Judge,Robin DeLorenzo,Line Judge,Carl Johnson,Back Judge,Brad Freeman,Side Judge,Allen Baynes,Field Judge,Jabir Walker
202209110min,2022-09-11,Sunday,4:25pm,Minnesota Vikings,Green Bay Packers,min,gnb,23,7,Kevin O'Connell,Matt LaFleur,U.S. Bank Stadium,66959,3:03,dome,sportturf,,QB,Kirk Cousins,CousKi00,RB,Dalvin Cook,CookDa01,WR,Adam Thielen,ThieAd00,WR,K.J. Osborn,OsboKJ00,WR,Justin Jefferson,JeffJu00,TE,Johnny Mundt,MundJo00,T,Christian Darrisaw,DarrCh00,T,Brian O'Neill,ONeiBr00,G,Ezra Cleveland,ClevEz00,G,Ed Ingram,IngrEd00,C,Garrett Bradbury,BradGa00,DL,Jonathan Bullard,BullJo00,DT,Harrison Phillips,PhilHa00,DT,Dalvin Tomlinson,TomlDa00,OLB,Danielle Hunter,HuntDa01,LB,Eric Kendricks,KendEr00,LB,Jordan Hicks,HickJo00,LB,Za'Darius Smith,SmitZa00,CB,Cameron Dantzler,DantCa00,CB,Patrick Peterson,PetePa00,S,Harrison Smith,SmitHa00,S,Camryn Bynum,BynuCa00,QB,Aaron Rodgers,RodgAa00,RB,Aaron Jones,JoneAa00,WR,Christian Watson,WatsCh00,WR,Sammy Watkins,WatkSa00,TE,Robert Tonyan,TonyRo00,TE,Marcedes Lewis,LewiMa00,OL,Royce Newman,NewmRo00,OL,Josh Myers,MyerJo00,T,Yosh Nijman,NijmYo01,G,Jon Runyan Jr.,RunyJo00,C,Jake Hanson,HansJa00,DL,Kenny Clark,ClarKe01,DE,Dean Lowry,LowrDe00,DT,Jarran Reed,ReedJa02,LB,Rashan Gary,GaryRa00,LB,Preston Smith,SmitPr00,LB,Quay Walker,WalkQu00,LB,De'Vondre Campbell,CampDe00,CB,Jaire Alexander,AlexJa00,CB,Eric Stokes,StokEr00,S,Darnell Savage Jr.,SavaDa00,S,Adrian Amos,AmosAd00,Referee,Bill Vinovich,Umpire,Alex Moore,Down Judge,Jerry Bergman,Line Judge,Mark Perlman,Back Judge,Jimmy Russell,Side Judge,Jimmy Buchanan,Field Judge,Joe Blubaugh
202209110nyj,2022-09-11,Sunday,1:00pm,New York Jets,Baltimore Ravens,nyj,rav,9,24,Robert Saleh,John Harbaugh,MetLife Stadium,78827,3:03,outdoors,fieldturf,"73 degrees, relative humidity 79%, wind 3 mph",QB,Joe Flacco,FlacJo00,RB,Michael Carter,CartMi03,WR,Elijah Moore,MoorEl00,TE,Lawrence Cager,CageLa01,TE,Tyler Conklin,ConkTy00,TE,C.J. Uzomah,,OL,Max Mitchell,MitcMa02,OL,Alijah Vera-Tucker,VeraAl00,OL,Connor McGovern,McGoCo00,T,George Fant,FantGe00,G,Laken Tomlinson,TomlLa01,DE,Carl Lawson,LawsCa00,DT,Sheldon Rankins,RankSh00,DT,John Franklin-Myers,FranJo02,DT,Quinnen Williams,WillQu00,LB,Kwon Alexander,AlexKw00,LB,C.J. Mosley,,LB,Quincy Williams,WillQu01,CB,Sauce Gardner,GardSa00,CB,D.J. Reed,,S,Lamarcus Joyner,JoynLa00,S,Jordan Whitehead,WhitJo03,QB,Lamar Jackson,JackLa00,RB,Kenyan Drake,DrakKe00,FB,Patrick Ricard,RicaPa00,WR,Rashod Bateman,BateRa00,WR,Devin Duvernay,DuveDe00,TE,Mark Andrews,AndrMa00,T,Ja'Wuan James,JameJa01,T,Morgan Moses,MoseMo00,G,Ben Powers,PoweBe00,G,Kevin Zeitler,ZeitKe00,C,Tyler Linderbaum,LindTy00,DT,Nnamdi Madubuike,MaduJu00,DT,Calais Campbell,CampCa99,DT,Michael Pierce,PierMi00,OLB,Odafe Oweh,OwehJa00,LB,Malik Harrison,HarrMa06,LB,Patrick Queen,QueePa00,LB,Josh Bynes,ByneJo00,CB,Marlon Humphrey,HumpMa00,CB,Kyle Fuller,FullKy00,S,Chuck Clark,ClarCh00,S,Marcus Williams,WillMa06,Referee,Craig Wrolstad,Umpire,Steve Woods,Down Judge,Jim Mello,Line Judge,Tripp Sutter,Back Judge,Grantis Bell,Side Judge,Jeff Lamberth,Field Judge,Jeff Shears
202209110oti,2022-09-11,Sunday,4:25pm,Tennessee Titans,New York Giants,oti,nyg,20,21,Mike Vrabel,Brian Daboll,Nissan Stadium,67805,3:00,outdoors,grass,"75 degrees, relative humidity 87%, wind 9 mph",QB,Ryan Tannehill,TannRy00,RB,Derrick Henry,HenrDe00,FB,Tory Carter,CartTo01,WR,Robert Woods,WoodRo02,WR,Nick Westbrook-Ikhine,WestNi00,TE,Geoff Swaim,SwaiGe00,OL,Nicholas Petit-Frere,PetiNi00,T,Taylor Lewan,LewaTa00,G,Nate Davis,DaviNa01,G,Aaron Brewer,BrewAa01,C,Ben Jones,JoneBe01,DL,DeMarcus Walker,WalkDe03,DT,Jeffery Simmons,SimmJe01,DT,Teair Tart,TartTe00,OLB,Olasunkanmi Adeniyi,AdenOl00,OLB,Bud Dupree,DuprAl00,LB,David Long,LongDa04,LB,Zach Cunningham,CunnZa00,CB,Kristian Fulton,FultKr00,CB,Roger McCreary,McCrRo01,DB,Amani Hooker,HookAm00,S,Kevin Byard,ByarKe01,QB,Daniel Jones,JoneDa05,RB,Saquon Barkley,BarkSa00,FB,Chris Myarick,MyarCh00,WR,Kenny Golladay,GollKe00,WR,David Sills V,SillDa01,TE,Daniel Bellinger,BellDa00,OL,Jon Feliciano,FeliJo00,OL,Mark Glowinski,GlowMa00,T,Andrew Thomas,ThomAn02,T,Evan Neal,NealEv00,G,Ben Bredeson,BredBe00,DL,Nick Williams,WillNi01,DL,Leonard Williams,WillLe02,DL,Dexter Lawrence,LawrDe03,OLB,Oshane Ximines,XimiOs00,OLB,Jihad Ward,WardJi02,LB,Tae Crowder,CrowTa00,LB,Austin Calitro,CaliAu00,CB,Aaron Robinson,RobiAa00,CB,Adoree' Jackson,JackAd00,S,Xavier McKinney,McKiXa00,S,Julian Love,LoveJu00,Referee,Jerome Boger,Umpire,Barry Anderson,Down Judge,Frank LeBlanc,Line Judge,Rusty Baynes,Back Judge,Steve Patrick,Side Judge,Jonah Monroe,Field Judge,Alonzo Ramsey
202209110sdg,2022-09-11,Sunday,4:25pm,Los Angeles Chargers,Las Vegas Raiders,sdg,rai,24,19,Brandon Staley,Josh McDaniels,SoFi Stadium,70240,2:54,dome,matrixturf,,QB,Justin Herbert,HerbJu00,RB,Austin Ekeler,EkelAu00,WR,Keenan Allen,AlleKe00,WR,Mike Williams,WillMi07,WR,Josh Palmer,PalmJo00,TE,Gerald Everett,EverGe00,T,Rashawn Slater,SlatRa00,T,Trey Pipkins,PipkTr00,G,Matt Feiler,FeilMa00,G,Zion Johnson,JohnZi00,C,Corey Linsley,LinsCo00,DT,Austin Johnson,JohnAu01,DT,Sebastian Joseph-Day,JoseSe00,OLB,Khalil Mack,MackKh00,OLB,Joey Bosa,BosaJo00,LB,Kenneth Murray,MurrKe00,LB,Drue Tranquill,TranDr00,CB,Michael Davis,DaviMi03,CB,Asante Samuel Jr.,SamuAs00,CB,Bryce Callahan,CallBr00,S,Derwin James,JameDe00,S,Nasir Adderley,AddeNa00,QB,Derek Carr,CarrDe02,RB,Josh Jacobs,JacoJo01,WR,Davante Adams,AdamDa01,WR,Hunter Renfrow,RenfHu00,WR,Mack Hollins,HollMa00,TE,Darren Waller,WallDa01,OL,Jermaine Eluemunor,ElueJe00,T,Kolton Miller,MillKo00,G,John Simpson,SimpJo00,G,Dylan Parham,ParhDy00,C,Andre James,JameAn01,DE,Chandler Jones,JoneCh03,DE,Maxx Crosby,CrosMa00,DT,Bilal Nichols,NichBi00,DT,Andrew Billings,BillAn00,LB,Divine Deablo,DeabDi00,LB,Denzel Perryman,PerrDe00,CB,Nate Hobbs,HobbNa00,CB,Anthony Averett,AverAn00,CB,Rock Ya-Sin,Ya-SRo00,S,Johnathan Abram,AbraJo01,S,Tre'von Moehrig,MoehTr00,Referee,Shawn Smith,Umpire,Bryan Neale,Down Judge,Mark Hittner,Line Judge,Michael Dolce,Back Judge,Dino Paganelli,Side Judge,Clay Reynard,Field Judge,Dyrol Prioleau
202209110was,2022-09-11,Sunday,1:00pm,Washington Commanders,Jacksonville Jaguars,was,jax,28,22,Ron Rivera,Doug Pederson,FedExField,58192,3:19,outdoors,grass,"74 degrees, relative humidity 95%, wind 4 mph",QB,Carson Wentz,WentCa00,RB,Antonio Gibson,GibsAn00,WR,Terry McLaurin,McLaTe00,WR,Jahan Dotson,DotsJa00,TE,John Bates,BateJo00,TE,Logan Thomas,ThomLo00,T,Charles Leno Jr.,LenoCh00,T,Samuel Cosmi,CosmSa00,G,Andrew Norwell,NorwAn01,G,Wes Schweitzer,SchwWe00,C,Chase Roullier,RoulCh00,DE,James Smith-Williams,SmitJa08,DE,Montez Sweat,SweaMo00,DT,Daron Payne,PaynDa00,DT,Jonathan Allen,AlleJo01,LB,Cole Holcomb,HolcCo00,LB,Jamin Davis,DaviJa11,CB,Kendall Fuller,FullKe00,CB,William Jackson III,JackWi02,CB,Benjamin St-Juste,StJuBe00,S,Darrick Forrest,ForrDa00,S,Bobby McCain,McCaBo01,QB,Trevor Lawrence,LawrTr00,RB,James Robinson,RobiJa00,WR,Christian Kirk,KirkCh01,WR,Zay Jones,JoneZa00,WR,Marvin Jones,JoneMa02,TE,Evan Engram,EngrEv00,OL,Ben Bartch,BartBe00,OL,Jawaan Taylor,TaylJa02,OL,Cam Robinson,RobiCa00,OL,Luke Fortner,FortLu01,G,Brandon Scherff,ScheBr00,DE,Roy Robertson-Harris,RobeRo00,DT,DaVon Hamilton,HamiDa02,DT,Folorunso Fatukasi,FatuFo00,OLB,Josh Hines-Allen,AlleJo03,OLB,Travon Walker,WalkTr03,LB,Devin Lloyd,LloyDe00,LB,Foyesade Oluokun,OluoFo00,CB,Shaquill Griffin,GrifSh00,CB,Tyson Campbell,CampTy01,S,Rayshawn Jenkins,JenkRa00,S,Andre Cisco,CiscAn00,Referee,Tra Blake,Umpire,Tony Michalek,Down Judge,Patrick Turner,Line Judge,Mark Stewart,Back Judge,Todd Prukop,Side Judge,Don Willard,Field Judge,Tom Hill
202209120sea,2022-09-12,Monday,8:20pm,Seattle Seahawks,Denver Broncos,sea,den,17,16,Pete Carroll,Nathaniel Hackett,Lumen Field,68965,2:57,outdoors,fieldturf,"74 degrees, relative humidity 53%, wind 6 mph",QB,Geno Smith,SmitGe00,RB,Rashaad Penny,PennRa00,WR,Tyler Lockett,LockTy00,WR,D.K. Metcalf,MetcDK00,TE,Will Dissly,DissWi00,TE,Noah Fant,FantNo00,T,Charles Cross,CrosCh00,T,Abraham Lucas,LucaAb00,G,Austin Blythe,BlytAu00,G,Phil Haynes,HaynPh00,G,Gabe Jackson,JackGa00,DE,Shelby Harris,HarrSh00,DT,Al Woods,WoodAl99,DT,Poona Ford,FordPo00,LB,Cody Barton,BartCo00,LB,Darrell Taylor,TaylDa00,LB,Uchenna Nwosu,NwosUc00,LB,Jordyn Brooks,BrooJo01,CB,Michael Jackson,JackMi01,CB,Riq Woolen,WoolTa00,SS,Jamal Adams,AdamJa00,FS,Quandre Diggs,DiggQu00,QB,Russell Wilson,WilsRu00,RB,Javonte Williams,WillJa10,FB,Andrew Beck,BeckAn01,WR,Courtland Sutton,SuttCo00,WR,Jerry Jeudy,JeudJe00,TE,Eric Tomlinson,TomlEr01,OL,Quinn Meinerz,MeinQu02,T,Garett Bolles,BollGa00,T,Cameron Fleming,FlemCa00,G,Dalton Risner,RisnDa00,C,Lloyd Cushenberry III,CushLl00,DE,Dre'Mont Jones,JoneDr00,DT,D.J. Jones,,DT,DeShawn Williams,WillDe04,OLB,Randy Gregory,GregRa00,OLB,Bradley Chubb,ChubBr00,LB,Jonas Griffith,GrifJo01,LB,Alex Singleton,SingAl00,CB,Patrick Surtain II,SurtPa01,CB,Ronald Darby,DarbRo00,S,Kareem Jackson,JackKa99,S,Justin Simmons,SimmJu00,Referee,Clete Blakeman,Umpire,Tab Slaughter,Down Judge,Dana McKenzie,Line Judge,Julian Mapp,Back Judge,Perry Paganelli,Side Judge,Lo Van Pham,Field Judge,Terry Brown
202209150kan,2022-09-15,Thursday,8:15pm,Kansas City Chiefs,Los Angeles Chargers,kan,sdg,27,24,Andy Reid,Brandon Staley,GEHA Field at Arrowhead Stadium,73461,2:58,outdoors,grass,,QB,Patrick Mahomes,MahoPa00,RB,Clyde Edwards-Helaire,EdwaCl00,WR,Marquez Valdes-Scantling,ValdMa00,WR,JuJu Smith-Schuster,SmitJu00,WR,Mecole Hardman,HardMe00,TE,Travis Kelce,KelcTr00,OL,Joe Thuney,ThunJo00,OL,Trey Smith,SmitTr05,T,Orlando Brown Jr.,BrowOr00,G,Andrew Wylie,WyliAn00,C,Creed Humphrey,HumpCr00,DE,George Karlaftis III,KarlGe00,DE,Frank Clark,ClarFr01,DT,Chris Jones,JoneCh09,DT,Derrick Nnadi,NnadDe00,LB,Willie Gay Jr.,GayJWi00,LB,Nick Bolton,BoltNi00,CB,Rashad Fenton,FentRa00,CB,L'Jarius Sneed,SneeLJ00,CB,Jaylen Watson,WatsJa02,S,Justin Reid,ReidJu00,S,Juan Thornhill,ThorJu00,QB,Justin Herbert,HerbJu00,RB,Austin Ekeler,EkelAu00,WR,Mike Williams,WillMi07,WR,DeAndre Carter,CartDe02,WR,Josh Palmer,PalmJo00,TE,Gerald Everett,EverGe00,T,Rashawn Slater,SlatRa00,T,Trey Pipkins,PipkTr00,G,Zion Johnson,JohnZi00,G,Matt Feiler,FeilMa00,C,Corey Linsley,LinsCo00,DT,Austin Johnson,JohnAu01,DT,Sebastian Joseph-Day,JoseSe00,OLB,Khalil Mack,MackKh00,OLB,Joey Bosa,BosaJo00,LB,Kenneth Murray,MurrKe00,LB,Drue Tranquill,TranDr00,CB,J.C. Jackson,,CB,Asante Samuel Jr.,SamuAs00,CB,Bryce Callahan,CallBr00,S,Derwin James,JameDe00,S,Nasir Adderley,AddeNa00,Referee,John Hussey,Umpire,Alan Eck,Down Judge,Robin DeLorenzo,Line Judge,Carl Johnson,Back Judge,Brad Freeman,Side Judge,Allen Baynes,Field Judge,Jabir Walker
202209180cle,2022-09-18,Sunday,1:00pm,Cleveland Browns,New York Jets,cle,nyj,30,31,Kevin Stefanski,Robert Saleh,FirstEnergy Stadium,67431,3:09,outdoors,grass,"80 degrees, relative humidity 55%, wind 11 mph",QB,Jacoby Brissett,BrisJa00,RB,Nick Chubb,ChubNi00,WR,Donovan Peoples-Jones,PeopDo00,WR,Amari Cooper,CoopAm00,TE,Harrison Bryant,BryaHa00,TE,David Njoku,NjokDa00,T,Jedrick Wills Jr.,WillJe04,T,James Hudson,HudsJa00,G,Wyatt Teller,TellWy00,G,Joel Bitonio,BitoJo00,C,Ethan Pocic,PociEt00,DE,Myles Garrett,GarrMy00,DE,Jadeveon Clowney,ClowJa00,DT,Jordan Elliott,ElliJo02,DT,Taven Bryan,BryaTa00,LB,Jeremiah Owusu-Koramoah,OwusJe00,LB,Anthony Walker,WalkAn01,CB,Greg Newsome II,NewsGr00,CB,Denzel Ward,WardDe02,S,Ronnie Harrison,HarrRo02,S,Grant Delpit,DelpGr00,S,John Johnson,JohnJo10,QB,Joe Flacco,FlacJo00,RB,Michael Carter,CartMi03,WR,Garrett Wilson,WilsGa00,WR,Elijah Moore,MoorEl00,WR,Corey Davis,DaviCo03,TE,Tyler Conklin,ConkTy00,OL,Connor McGovern,McGoCo00,OL,Max Mitchell,MitcMa02,OL,Alijah Vera-Tucker,VeraAl00,T,George Fant,FantGe00,G,Laken Tomlinson,TomlLa01,DE,Carl Lawson,LawsCa00,DT,John Franklin-Myers,FranJo02,DT,Quinnen Williams,WillQu00,DT,Sheldon Rankins,RankSh00,LB,Kwon Alexander,AlexKw00,LB,Quincy Williams,WillQu01,LB,C.J. Mosley,,CB,D.J. Reed,,CB,Sauce Gardner,GardSa00,S,Jordan Whitehead,WhitJo03,S,Lamarcus Joyner,JoynLa00,Referee,Tra Blake,Umpire,Tony Michalek,Down Judge,Patrick Turner,Line Judge,Mark Stewart,Back Judge,Todd Prukop,Side Judge,Don Willard,Field Judge,Tom Hill
202209180dal,2022-09-18,Sunday,4:25pm,Dallas Cowboys,Cincinnati Bengals,dal,cin,20,17,Mike McCarthy,Zac Taylor,AT&amp;T Stadium,92944,3:00,retractable roof (closed),matrixturf,,QB,Cooper Rush,RushCo00,RB,Ezekiel Elliott,ElliEz00,WR,Noah Brown,BrowNo00,WR,CeeDee Lamb,LambCe00,TE,Dalton Schultz,SchuDa00,TE,Jake Ferguson,FergJa00,OL,Tyler Smith,SmitTy02,T,Terence Steele,SteeTe01,G,Matt Farniok,FarnMa00,G,Zack Martin,MartZa00,C,Tyler Biadasz,BiadTy00,DE,DeMarcus Lawrence,LawrDe00,DT,Osa Odighizuwa,OdigOs00,DT,Quinton Bohanna,BohaQu00,LB,Anthony Barr,BarrAn00,LB,Micah Parsons,ParsMi00,LB,Leighton Vander Esch,VandLe00,CB,Trevon Diggs,DiggTr00,CB,Anthony Brown,BrowAn02,S,Israel Mukuamu,MukuIs00,S,Malik Hooker,HookMa00,S,Donovan Wilson,WilsDo01,QB,Joe Burrow,BurrJo01,RB,Joe Mixon,MixoJo00,WR,Ja'Marr Chase,ChasJa00,WR,Tee Higgins,HiggTe00,TE,Drew Sample,SampDr00,TE,Hayden Hurst,HursHa00,OL,Cordell Volson,VolsCo02,T,Jonah Williams,WillJo10,T,La'el Collins,CollLa01,G,Alex Cappa,CappAl00,C,Ted Karras,KarrTe00,DE,Trey Hendrickson,HendTr00,DE,Sam Hubbard,HubbSa00,DT,B.J. Hill,,DT,Josh Tupou,TupoJo00,DT,D.J. Reader,,LB,Logan Wilson,WilsLo00,LB,Germaine Pratt,PratGe00,CB,Chidobe Awuzie,AwuzCh00,CB,Eli Apple,ApplEl00,S,Vonn Bell,BellVo00,S,Jessie Bates III,BateJe00,Referee,Brad Allen,Umpire,Duane Heydt,Down Judge,Sarah Thomas,Line Judge,Daniel Gallagher,Back Judge,Greg Yette,Side Judge,Boris Cheek,Field Judge,Rick Patterson
202209180den,2022-09-18,Sunday,4:25pm,Denver Broncos,Houston Texans,den,htx,16,9,Nathaniel Hackett,Lovie Smith,Empower Field at Mile High,76191,3:04,outdoors,grass,"77 degrees, relative humidity 28%, wind 11 mph",QB,Russell Wilson,WilsRu00,RB,Javonte Williams,WillJa10,WR,Courtland Sutton,SuttCo00,WR,Kendall Hinton,HintKe00,WR,Jerry Jeudy,JeudJe00,TE,Eric Saubert,SaubEr00,T,Cameron Fleming,FlemCa00,T,Garett Bolles,BollGa00,G,Graham Glasgow,GlasGr00,G,Dalton Risner,RisnDa00,C,Lloyd Cushenberry III,CushLl00,DE,Dre'Mont Jones,JoneDr00,DT,D.J. Jones,,DT,DeShawn Williams,WillDe04,OLB,Randy Gregory,GregRa00,OLB,Bradley Chubb,ChubBr00,LB,Alex Singleton,SingAl00,LB,Jonas Griffith,GrifJo01,CB,Patrick Surtain II,SurtPa01,CB,Ronald Darby,DarbRo00,S,Kareem Jackson,JackKa99,S,Caden Sterns,SterCa00,QB,Davis Mills,MillDa02,RB,Dameon Pierce,PierDa01,WR,Brandin Cooks,CookBr00,TE,Pharaoh Brown,BrowPh01,TE,O.J. Howard,,TE,Brevin Jordan,JordBr00,OL,A.J. Cann,,OL,Laremy Tunsil,TunsLa00,OL,Scott Quessenberry,QuesSc00,OL,Tytus Howard,HowaTy00,OL,Kenyon Green,GreeKe03,DL,Jerry Hughes,HughJe99,DL,Roy Lopez,LopeRo00,DL,Jonathan Greenard,GreeJo04,DL,Maliek Collins,CollMa00,LB,Christian Kirksey,KirkCh00,LB,Kamu Grugier-Hill,GrugKa00,DB,Desmond King,KingDe01,DB,Steven Nelson,NelsSt01,DB,Jonathan Owens,OwenJo01,DB,Jalen Pitre,PitrJa00,DB,Derek Stingley Jr.,StinDe00,Referee,Carl Cheffers,Umpire,Brandon Cruse,Down Judge,Mike Carr,Line Judge,Jeff Seeman,Back Judge,Matt Edwards,Side Judge,Eugene Hall,Field Judge,Nathan Jones
202209180det,2022-09-18,Sunday,1:00pm,Detroit Lions,Washington Commanders,det,was,36,27,Dan Campbell,Ron Rivera,Ford Field,57687,3:07,dome,fieldturf,,QB,Jared Goff,GoffJa00,RB,D'Andre Swift,SwifDA00,WR,DJ Chark,CharDJ00,WR,Amon-Ra St. Brown,StxxAm00,WR,Josh Reynolds,ReynJo00,TE,T.J. Hockenson,HockTJ00,T,Taylor Decker,DeckTa00,T,Dan Skipper,SkipDa00,T,Penei Sewell,SewePe00,G,Logan Stenberg,StenLo00,C,Evan Brown,BrowEv00,DL,Charles Harris,HarrCh03,DL,Alim McNeill,McNeAl00,DE,Michael Brockers,BrocMi00,DE,Aidan Hutchinson,HutcAi00,LB,Malcolm Rodriguez,RodrMa00,LB,Alex Anzalone,AnzaAl00,CB,Jeff Okudah,OkudJe00,CB,Mike Hughes,HughMi00,CB,Will Harris,HarrWi02,S,DeShon Elliott,ElliDe02,S,Tracy Walker,WalkTr01,QB,Carson Wentz,WentCa00,RB,Antonio Gibson,GibsAn00,WR,Jahan Dotson,DotsJa00,WR,Curtis Samuel,SamuCu00,WR,Terry McLaurin,McLaTe00,TE,Logan Thomas,ThomLo00,T,Samuel Cosmi,CosmSa00,T,Charles Leno Jr.,LenoCh00,G,Andrew Norwell,NorwAn01,G,Trai Turner,TurnTr01,C,Chase Roullier,RoulCh00,DE,James Smith-Williams,SmitJa08,DE,Montez Sweat,SweaMo00,DT,Jonathan Allen,AlleJo01,DT,Daron Payne,PaynDa00,DT,Daniel Wise,WiseDa01,LB,Cole Holcomb,HolcCo00,CB,William Jackson III,JackWi02,CB,Benjamin St-Juste,StJuBe00,CB,Kendall Fuller,FullKe00,S,Bobby McCain,McCaBo01,S,Darrick Forrest,ForrDa00,Referee,Bill Vinovich,Umpire,Alex Moore,Down Judge,Jerry Bergman,Line Judge,Mark Perlman,Back Judge,Jimmy Russell,Side Judge,Jimmy Buchanan,Field Judge,Joe Blubaugh
202209180gnb,2022-09-18,Sunday,8:20pm,Green Bay Packers,Chicago Bears,gnb,chi,27,10,Matt LaFleur,Matt Eberflus,Lambeau Field,78350,2:46,outdoors,grass,"73 degrees, relative humidity 76%, wind 5 mph",QB,Aaron Rodgers,RodgAa00,RB,Aaron Jones,JoneAa00,WR,Sammy Watkins,WatkSa00,WR,Randall Cobb,CobbRa00,WR,Allen Lazard,LazaAl00,TE,Marcedes Lewis,LewiMa00,OL,Royce Newman,NewmRo00,OL,Josh Myers,MyerJo00,T,Yosh Nijman,NijmYo01,G,Jon Runyan Jr.,RunyJo00,G,Elgton Jenkins,JenkEl00,DL,Kenny Clark,ClarKe01,DE,Dean Lowry,LowrDe00,LB,Rashan Gary,GaryRa00,LB,De'Vondre Campbell,CampDe00,LB,Preston Smith,SmitPr00,LB,Quay Walker,WalkQu00,CB,Jaire Alexander,AlexJa00,CB,Rasul Douglas,DougRa00,CB,Eric Stokes,StokEr00,S,Darnell Savage Jr.,SavaDa00,S,Adrian Amos,AmosAd00,QB,Justin Fields,FielJu00,RB,David Montgomery,MontDa01,WR,Equanimeous St. Brown,,WR,Dante Pettis,PettDa00,WR,Darnell Mooney,MoonDa00,TE,Cole Kmet,KmetCo00,OL,Cody Whitehair,WhitCo03,OL,Sam Mustipher,MustSa01,OL,Braxton Jones,JoneBr08,OL,Teven Jenkins,JenkTe00,OL,Larry Borom,BoroLa00,DL,Justin Jones,JoneJu03,DL,Al-Quadin Muhammad,MuhaAl00,DL,Robert Quinn,QuinRo00,DL,Angelo Blackson,BlacAn00,LB,Nicholas Morrow,MorrNi00,LB,Roquan Smith,SmitRo07,DB,Jaylon Johnson,JohnJa13,DB,Eddie Jackson,JackEd01,DB,Kyler Gordon,GordKy00,DB,Jaquan Brisker,BrisJa01,DB,Kindle Vildor,VildKi00,Referee,Craig Wrolstad,Umpire,Steve Woods,Down Judge,Jim Mello,Line Judge,Tripp Sutter,Back Judge,Grantis Bell,Side Judge,Jeff Lamberth,Field Judge,Jeff Shears
202209180jax,2022-09-18,Sunday,1:00pm,Jacksonville Jaguars,Indianapolis Colts,jax,clt,24,0,Doug Pederson,Frank Reich,TIAA Bank Stadium,58360,2:45,outdoors,grass,,QB,Trevor Lawrence,LawrTr00,RB,James Robinson,RobiJa00,WR,Christian Kirk,KirkCh01,WR,Marvin Jones,JoneMa02,TE,Evan Engram,EngrEv00,TE,Chris Manhertz,ManhCh00,OL,Ben Bartch,BartBe00,OL,Jawaan Taylor,TaylJa02,OL,Cam Robinson,RobiCa00,OL,Luke Fortner,FortLu01,G,Brandon Scherff,ScheBr00,DE,Roy Robertson-Harris,RobeRo00,DT,DaVon Hamilton,HamiDa02,DT,Folorunso Fatukasi,FatuFo00,OLB,Josh Hines-Allen,AlleJo03,OLB,Travon Walker,WalkTr03,LB,Devin Lloyd,LloyDe00,LB,Foyesade Oluokun,OluoFo00,CB,Shaquill Griffin,GrifSh00,CB,Tyson Campbell,CampTy01,S,Rayshawn Jenkins,JenkRa00,S,Andre Cisco,CiscAn00,QB,Matt Ryan,RyanMa00,RB,Jonathan Taylor,TaylJo02,RB,Nyheim Hines,HineNy00,WR,Parris Campbell,CampPa00,WR,Ashton Dulin,DuliAs00,TE,Kylen Granson,GranKy00,OL,Quenton Nelson,NelsQu00,T,Matt Pryor,PryoMa00,T,Braden Smith,SmitBr06,G,Danny Pinter,PintDa00,C,Ryan Kelly,KellRy00,DE,Yannick Ngakoue,NgakYa00,DE,Kwity Paye,PayeKw00,DT,Grover Stewart,StewGr00,DT,DeForest Buckner,BuckDe00,LB,Zaire Franklin,FranZa00,LB,Bobby Okereke,OkerBo00,LB,E.J. Speed,SpeeEJ00,CB,Stephon Gilmore,GilmSt00,CB,Kenny Moore,MoorKe03,S,Julian Blackmon,BlacJu01,S,Nick Cross,CrosNi00,Referee,Alex Kemp,Umpire,Mike Morton,Down Judge,Danny Short,Line Judge,Jeff Bergman,Back Judge,Scott Helverson,Side Judge,Dale Shaw,Field Judge,John Jenkins
202209180nor,2022-09-18,Sunday,1:00pm,New Orleans Saints,Tampa Bay Buccaneers,nor,tam,10,20,Dennis Allen,Todd Bowles,Caesars Superdome,70400,3:11,dome,sportturf,,QB,Jameis Winston,WinsJa00,RB,Mark Ingram,IngrMa01,FB,Adam Prentice,PrenAd00,WR,Michael Thomas,ThomMi05,WR,Chris Olave,OlavCh00,TE,Adam Trautman,TrauAd00,OL,James Hurst,HursJa00,OL,Cesar Ruiz,RuizCe00,OL,Erik McCoy,McCoEr01,OL,Andrus Peat,PeatAn00,T,Ryan Ramczyk,RamcRy00,DE,Cameron Jordan,JordCa00,DE,Marcus Davenport,DaveMa00,DT,David Onyemata,OnyeDa00,DT,Shy Tuttle,TuttSh00,LB,Kaden Elliss,ElliKa00,LB,Pete Werner,WernPe00,LB,Demario Davis,DaviDe00,CB,Bradley Roby,RobyBr00,CB,Marshon Lattimore,LattMa01,FS,Tyrann Mathieu,MathTy00,S,Marcus Maye,MayeMa00,QB,Tom Brady,BradTo00,RB,Leonard Fournette,FourLe00,WR,Breshad Perriman,PerrBr02,WR,Mike Evans,EvanMi00,TE,Cade Otton,OttoCa00,TE,Ko Kieft,KiefKo00,OL,Robert Hainsey,HainRo00,T,Tristan Wirfs,WirfTr00,T,Josh Wells,WellJo02,G,Luke Goedeke,GoedLu00,G,Shaq Mason,MasoSh01,DL,William Gholston,GholWi00,DL,Akiem Hicks,HickAk00,DL,Vita Vea,VeaxVi00,OLB,Joe Tryon-Shoyinka,TryoJo00,OLB,Shaquil Barrett,BarrSh00,LB,Lavonte David,DaviLa00,LB,Devin White,WhitDe02,CB,Jamel Dean,DeanJa00,CB,Carlton Davis,DaviCa02,S,Mike Edwards,EdwaMi01,S,Antoine Winfield Jr.,WinfAn00,Referee,Shawn Hochuli,Umpire,Terry Killens,Down Judge,Patrick Holt,Line Judge,Greg Bradley,Back Judge,Rich Martinez,Side Judge,Chad Hill,Field Judge,Anthony Flemming
202209180nyg,2022-09-18,Sunday,1:00pm,New York Giants,Carolina Panthers,nyg,car,19,16,Brian Daboll,Matt Rhule,MetLife Stadium,73843,3:00,outdoors,fieldturf,"73 degrees, relative humidity 74%, wind 12 mph",QB,Daniel Jones,JoneDa05,RB,Saquon Barkley,BarkSa00,FB,Chris Myarick,MyarCh00,WR,Kadarius Toney,ToneKa00,WR,David Sills V,SillDa01,WR,Sterling Shepard,ShepSt00,OL,Jon Feliciano,FeliJo00,OL,Mark Glowinski,GlowMa00,T,Andrew Thomas,ThomAn02,T,Evan Neal,NealEv00,G,Ben Bredeson,BredBe00,DL,Nick Williams,WillNi01,DL,Leonard Williams,WillLe02,DL,Dexter Lawrence,LawrDe03,OLB,Jihad Ward,WardJi02,LB,Tae Crowder,CrowTa00,CB,Adoree' Jackson,JackAd00,CB,Darnay Holmes,HolmDa01,DB,Cordale Flott,FlotCo00,S,Julian Love,LoveJu00,S,Xavier McKinney,McKiXa00,S,Dane Belton,BeltDa00,QB,Baker Mayfield,MayfBa00,RB,Christian McCaffrey,McCaCh01,WR,Robbie Chosen,AndeRo04,WR,Shi Smith,SmitSh03,WR,D.J. Moore,,TE,Ian Thomas,ThomIa00,OL,Austin Corbett,CorbAu00,T,Brady Christensen,ChriBr00,T,Ikem Ekwonu,EkwoIk00,T,Taylor Moton,MotoTa00,G,Pat Elflein,ElflPa00,DE,Brian Burns,BurnBr00,DE,Yetur Gross-Matos,GrosYe00,DT,Derrick Brown,BrowDe05,DT,Matthew Ioannidis,IoanMa01,LB,Frankie Luvu,LuvuFr00,LB,Shaq Thompson,ThomSh01,CB,Donte Jackson,JackDo02,CB,Jaycee Horn,HornJa00,DB,Myles Hartsfield,HartMy00,S,Jeremy Chinn,ChinJe00,S,Xavier Woods,WoodXa00,Referee,Ron Torbert,Umpire,Mark Pellis,Down Judge,Max Causey,Line Judge,Tim Podraza,Back Judge,Tony Josselyn,Side Judge,Keith Washington,Field Judge,Ryan Dickson
202209180pit,2022-09-18,Sunday,1:00pm,Pittsburgh Steelers,New England Patriots,pit,nwe,14,17,Mike Tomlin,Bill Belichick,Acrisure Stadium,67307,2:58,outdoors,grass,"81 degrees, relative humidity 51%, wind 8 mph",QB,Mitchell Trubisky,TrubMi00,RB,Najee Harris,HarrNa00,WR,Chase Claypool,ClayCh01,WR,Diontae Johnson,JohnDi01,TE,Pat Freiermuth,FreiPa00,TE,Zach Gentry,GentZa00,OL,Mason Cole,ColeMa02,OL,James Daniels,DaniJa01,OL,Kevin Dotson,DotsKe00,OL,Chukwuma Okorafor,OkorCh00,T,Dan Moore,MoorDa05,DE,Tyson Alualu,AluaTy99,DT,Cameron Heyward,HeywCa01,DT,Larry Ogunjobi,OgunLa00,LB,Devin Bush Jr.,BushDe01,LB,Myles Jack,JackMy00,LB,Alex Highsmith,HighAl02,CB,Arthur Maulet,MaulAr00,CB,Cameron Sutton,SuttCa00,CB,Ahkello Witherspoon,WithAh00,S,Minkah Fitzpatrick,FitzMi00,S,Terrell Edmunds,EdmuTe00,QB,Mac Jones,JoneMa05,RB,Damien Harris,HarrDa06,WR,Lil'Jordan Humphrey,HumpLi01,WR,Jakobi Meyers,MeyeJa01,WR,DeVante Parker,ParkDe01,TE,Hunter Henry,HenrHu00,OL,Isaiah Wynn,WynnIs00,OL,Trent Brown,BrowTr02,OL,Cole Strange,StraCo01,OL,Michael Onwenu,OnweMi00,C,David Andrews,AndrDa00,DL,Deatrich Wise Jr.,WiseDe00,DT,Davon Godchaux,GodcDa00,DT,Lawrence Guy,GuyxLa00,OLB,Mack Wilson,WilsMa03,LB,Matt Judon,JudoMa00,LB,Ja'Whaun Bentley,BentJa00,CB,Jalen Mills,MillJa02,DB,Adrian Phillips,PhilAd00,DB,Devin McCourty,McCoDe99,DB,Jonathan Jones,JoneJo03,DB,Kyle Dugger,DuggKy00,Referee,Land Clark,Umpire,Paul King,Down Judge,Tom Stephan,Line Judge,Brian Bolinger,Back Judge,Greg Meyer,Side Judge,Dominique Pender,Field Judge,Michael Banks
202209180rai,2022-09-18,Sunday,4:25pm,Las Vegas Raiders,Arizona Cardinals,rai,crd,23,29,Josh McDaniels,Kliff Kingsbury,Allegiant Stadium,61707,3:31,dome,grass,,QB,Derek Carr,CarrDe02,RB,Josh Jacobs,JacoJo01,FB,Jakob Johnson,JohnJa12,WR,Davante Adams,AdamDa01,TE,Darren Waller,WallDa01,TE,Foster Moreau,MoreFo00,OL,Jermaine Eluemunor,ElueJe00,T,Kolton Miller,MillKo00,G,Lester Cotton,CottLe00,G,John Simpson,SimpJo00,G,Dylan Parham,ParhDy00,DE,Chandler Jones,JoneCh03,DE,Maxx Crosby,CrosMa00,DT,Andrew Billings,BillAn00,DT,Bilal Nichols,NichBi00,LB,Jayon Brown,BrowJa06,LB,Divine Deablo,DeabDi00,CB,Nate Hobbs,HobbNa00,CB,Amik Robertson,RobeAm00,CB,Rock Ya-Sin,Ya-SRo00,S,Johnathan Abram,AbraJo01,S,Duron Harmon,HarmDu00,QB,Kyler Murray,MurrKy00,RB,James Conner,ConnJa00,WR,Marquise Brown,BrowMa04,WR,Greg Dortch,DortGr01,WR,A.J. Green,,TE,Zach Ertz,ErtzZa00,OL,Kelvin Beachum,BeacKe00,OL,Justin Pugh,PughJu00,OL,Will Hernandez,HernWi00,OL,Rodney Hudson,HudsRo00,OL,D.J. Humphries,,DE,Zach Allen,AlleZa01,DE,J.J. Watt,,DT,Rashard Lawrence,LawrRa01,OLB,Markus Golden,GoldMa00,OLB,Dennis Gardeck,GardDe01,MLB,Tanner Vallejo,VallTa00,LB,Zaven Collins,CollZa00,CB,Marco Wilson,WilsMa04,CB,Byron Murphy,MurpBy00,S,Jalen Thompson,ThomJa04,S,Budda Baker,BakeBu00,Referee,Clete Blakeman,Umpire,Tab Slaughter,Down Judge,Dana McKenzie,Line Judge,Julian Mapp,Back Judge,Perry Paganelli,Side Judge,Lo Van Pham,Field Judge,Terry Brown
202209180ram,2022-09-18,Sunday,4:05pm,Los Angeles Rams,Atlanta Falcons,ram,atl,31,27,Sean McVay,Arthur Smith,SoFi Stadium,71802,2:56,dome,matrixturf,,QB,Matthew Stafford,StafMa00,RB,Darrell Henderson,HendDa00,WR,Ben Skowronek,SkowBe00,WR,Allen Robinson,RobiAl02,WR,Cooper Kupp,KuppCo00,TE,Tyler Higbee,HigbTy00,OL,Tremayne Anchrum,AnchTr00,OL,David Edwards,EdwaDa01,OL,Rob Havenstein,HaveRo00,OL,Coleman Shelton,ShelCo00,OL,Joseph Noteboom,NoteJo00,DT,Aaron Donald,DonaAa00,DT,A'Shawn Robinson,RobiAS00,DT,Greg Gaines,GainGr00,OLB,Leonard Floyd,FloyLe00,LB,Ernest Jones,JoneEr01,LB,Justin Hollins,HollJu00,LB,Bobby Wagner,WagnBo00,CB,Troy Hill,HillTr01,DB,Jalen Ramsey,RamsJa00,DB,Taylor Rapp,RappTa00,S,Nick Scott,ScotNi01,QB,Marcus Mariota,MariMa01,RB,Cordarrelle Patterson,PattCo00,WR,Olamide Zaccheaus,ZaccOl01,WR,Drake London,LondDr00,TE,Anthony Firkser,FirkAn00,TE,Kyle Pitts,PittKy00,OL,Drew Dalman,DalmDr00,T,Elijah Wilkinson,WilkEl00,T,Jake Matthews,MattJa00,T,Kaleb McGary,McGaKa00,G,Chris Lindstrom,LindCh00,DT,Anthony Rush,RushAn00,DT,Grady Jarrett,JarrGr00,OLB,Adetokunbo Ogundeji,OgunAd01,LB,Lorenzo Carter,CartLo01,LB,Mykal Walker,WalkMy00,LB,Rashaan Evans,EvanRa01,CB,Casey Hayward,HaywCa00,CB,AJ Terrell,TerrAJ00,SS,Jaylinn Hawkins,HawkJa00,S,Erik Harris,HarrEr00,S,Richie Grant,GranRi00,Referee,Clay Martin,Umpire,Fred Bryan,Down Judge,Jerod Phillips,Line Judge,Maia Chaka,Back Judge,Greg Wilson,Side Judge,Dave Hawkshaw,Field Judge,James Coleman
202209180rav,2022-09-18,Sunday,1:00pm,Baltimore Ravens,Miami Dolphins,rav,mia,38,42,John Harbaugh,Mike McDaniel,M&amp;T Bank Stadium,70582,3:20,outdoors,grass,"82 degrees, relative humidity 61%, wind 6 mph",QB,Lamar Jackson,JackLa00,RB,Kenyan Drake,DrakKe00,FB,Patrick Ricard,RicaPa00,WR,Devin Duvernay,DuveDe00,TE,Mark Andrews,AndrMa00,TE,Josh Oliver,OlivJo00,OL,Patrick Mekari,MekaPa00,T,Morgan Moses,MoseMo00,G,Kevin Zeitler,ZeitKe00,G,Ben Powers,PoweBe00,C,Tyler Linderbaum,LindTy00,DT,Nnamdi Madubuike,MaduJu00,DT,Michael Pierce,PierMi00,DT,Calais Campbell,CampCa99,OLB,Odafe Oweh,OwehJa00,LB,Malik Harrison,HarrMa06,LB,Patrick Queen,QueePa00,LB,Josh Bynes,ByneJo00,CB,Marlon Humphrey,HumpMa00,CB,Marcus Peters,PeteMa00,S,Chuck Clark,ClarCh00,S,Marcus Williams,WillMa06,QB,Tua Tagovailoa,TagoTu00,RB,Raheem Mostert,MostRa00,FB,Alec Ingold,IngoAl01,WR,Jaylen Waddle,WaddJa00,WR,Tyreek Hill,HillTy00,TE,Durham Smythe,SmytDu00,OL,Connor Williams,WillCo00,OL,Robert Hunt,HuntRo01,OL,Liam Eichenberg,EichLi00,T,Greg Little,LittGr01,T,Terron Armstead,ArmsTe00,DT,Zach Sieler,SielZa00,DT,Raekwon Davis,DaviRa03,DT,Christian Wilkins,WilkCh00,LB,Jaelan Phillips,PhilJa02,LB,Duke Riley,RileDu00,LB,Elandon Roberts,RobeEl00,LB,Jerome Baker,BakeJe00,CB,Xavien Howard,HowaXa00,CB,Nik Needham,NeedNi00,S,Brandon Jones,JoneBr06,S,Jevon Holland,HollJe02,Referee,Adrian Hill,Umpire,Roy Ellison,Down Judge,David Oliver,Line Judge,Kevin Codey,Back Judge,Keith Ferguson,Side Judge,Jim Quirk,Field Judge,Mearl Robinson
202209180sfo,2022-09-18,Sunday,4:05pm,San Francisco 49ers,Seattle Seahawks,sfo,sea,27,7,Kyle Shanahan,Pete Carroll,Levi's Stadium,71597,2:51,outdoors,grass,,QB,Trey Lance,LancTr00,RB,Jeff Wilson,WilsJe01,FB,Kyle Juszczyk,JuszKy00,WR,Deebo Samuel,SamuDe00,WR,Brandon Aiyuk,AiyuBr00,TE,Tyler Kroft,KrofTy00,OL,Jake Brendel,BrenJa01,OL,Spencer Burford,BurfSp00,OL,Aaron Banks,BankAa00,T,Trent Williams,WillTr21,T,Mike McGlinchey,McGlMi00,DL,Arik Armstead,ArmsAr01,DE,Nick Bosa,BosaNi00,DE,Samson Ebukam,EbukSa00,DT,Javon Kinlaw,KinlJa00,LB,Dre Greenlaw,GreeDr00,LB,Fred Warner,WarnFr00,LB,Azeez Al-Shaair,AlShAz00,CB,Emmanuel Moseley,MoseEm00,CB,Charvarius Ward,WardCh01,S,Talanoa Hufanga,HufaTa00,S,Tashaun Gipson,GipsTa00,QB,Geno Smith,SmitGe00,RB,Rashaad Penny,PennRa00,WR,D.K. Metcalf,MetcDK00,WR,Tyler Lockett,LockTy00,TE,Will Dissly,DissWi00,TE,Noah Fant,FantNo00,T,Charles Cross,CrosCh00,T,Abraham Lucas,LucaAb00,G,Gabe Jackson,JackGa00,G,Damien Lewis,LewiDa05,G,Austin Blythe,BlytAu00,DE,Shelby Harris,HarrSh00,DT,Poona Ford,FordPo00,DT,Al Woods,WoodAl99,DT,Bryan Mone,MoneBr00,LB,Darrell Taylor,TaylDa00,LB,Jordyn Brooks,BrooJo01,LB,Uchenna Nwosu,NwosUc00,CB,Michael Jackson,JackMi01,CB,Riq Woolen,WoolTa00,FS,Quandre Diggs,DiggQu00,S,Josh Jones,JoneJo06,Referee,Brad Rogers,Umpire,Carl Paganelli,Down Judge,Kent Payne,Line Judge,Tom Eaton,Back Judge,Greg Steed,Side Judge,Anthony Jeffries,Field Judge,Aaron Santi
202209190buf,2022-09-19,Monday,7:15pm,Buffalo Bills,Tennessee Titans,buf,oti,41,7,Sean McDermott,Mike Vrabel,Highmark Stadium,70683,3:15,outdoors,a_turf,"70 degrees, relative humidity 84%, wind 11 mph",QB,Josh Allen,AlleJo02,RB,Devin Singletary,SingDe00,WR,Isaiah McKenzie,McKeIs00,WR,Jake Kumerow,KumeJa00,WR,Stefon Diggs,DiggSt00,TE,Dawson Knox,KnoxDa00,OL,Ryan Bates,BateRy02,T,Dion Dawkins,DawkDi00,T,Spencer Brown,BrowSp00,G,Rodger Saffold,SaffRo20,C,Mitch Morse,MorsMi00,DE,Gregory Rousseau,RousGr00,DT,DaQuan Jones,JoneDa04,DT,Jordan Phillips,PhilJo01,LB,Tremaine Edmunds,EdmuTr01,LB,Matt Milano,MilaMa00,LB,Von Miller,MillVo00,CB,Dane Jackson,JackDa02,CB,Taron Johnson,JohnTa01,CB,Christian Benford,BenfCh00,S,Micah Hyde,HydeMi00,S,Jordan Poyer,PoyeJo00,QB,Ryan Tannehill,TannRy00,RB,Derrick Henry,HenrDe00,WR,Robert Woods,WoodRo02,WR,Treylon Burks,BurkTr00,WR,Nick Westbrook-Ikhine,WestNi00,TE,Geoff Swaim,SwaiGe00,OL,Nicholas Petit-Frere,PetiNi00,T,Taylor Lewan,LewaTa00,G,Nate Davis,DaviNa01,G,Aaron Brewer,BrewAa01,C,Ben Jones,JoneBe01,DL,DeMarcus Walker,WalkDe03,DT,Jeffery Simmons,SimmJe01,DT,Teair Tart,TartTe00,OLB,Bud Dupree,DuprAl00,LB,David Long,LongDa04,LB,Zach Cunningham,CunnZa00,CB,Caleb Farley,FarlCa00,CB,Tre Avery,AverTr01,CB,Roger McCreary,McCrRo01,DB,Amani Hooker,HookAm00,S,Kevin Byard,ByarKe01,Referee,Shawn Smith,Umpire,Bryan Neale,Down Judge,Mark Hittner,Line Judge,Michael Dolce,Back Judge,Dino Paganelli,Side Judge,Clay Reynard,Field Judge,Dyrol Prioleau
202209190phi,2022-09-19,Monday,8:30pm,Philadelphia Eagles,Minnesota Vikings,phi,min,24,7,Nick Sirianni,Kevin O'Connell,Lincoln Financial Field,69879,2:48,outdoors,grass,"76 degrees, relative humidity 62%, wind 4 mph",QB,Jalen Hurts,HurtJa00,RB,Miles Sanders,SandMi01,WR,A.J. Brown,BrowAJ00,WR,Quez Watkins,WatkQu00,WR,DeVonta Smith,SmitDe07,TE,Dallas Goedert,GoedDa00,T,Jordan Mailata,MailJo00,T,Lane Johnson,JohnLa01,G,Landon Dickerson,DickLa00,G,Isaac Seumalo,SeumIs00,C,Jason Kelce,KelcJa00,DE,Josh Sweat,SweaJo00,DT,Javon Hargrave,HargJa00,DT,Fletcher Cox,CoxxFl00,LB,Haason Reddick,ReddHa00,LB,T.J. Edwards,EdwaTJ02,LB,Kyzir White,WhitKy00,CB,James Bradberry,BradJa00,CB,Avonte Maddox,MaddAv00,CB,Darius Slay,SlayDa00,S,C.J. Gardner-Johnson,GardCh00,S,Marcus Epps,EppsMa00,QB,Kirk Cousins,CousKi00,RB,Dalvin Cook,CookDa01,WR,Adam Thielen,ThieAd00,WR,Justin Jefferson,JeffJu00,WR,K.J. Osborn,OsboKJ00,TE,Johnny Mundt,MundJo00,T,Christian Darrisaw,DarrCh00,T,Brian O'Neill,ONeiBr00,G,Ezra Cleveland,ClevEz00,G,Ed Ingram,IngrEd00,C,Garrett Bradbury,BradGa00,DT,Dalvin Tomlinson,TomlDa00,DT,Harrison Phillips,PhilHa00,OLB,Danielle Hunter,HuntDa01,LB,Eric Kendricks,KendEr00,LB,Za'Darius Smith,SmitZa00,LB,Jordan Hicks,HickJo00,CB,Patrick Peterson,PetePa00,CB,Chandon Sullivan,SullCh00,CB,Cameron Dantzler,DantCa00,S,Harrison Smith,SmitHa00,S,Camryn Bynum,BynuCa00,Referee,Scott Novak,Umpire,Ramon George,Down Judge,Derick Bowers,Line Judge,Walt Coleman IV,Back Judge,Terrence Miles,Side Judge,David Meslow,Field Judge,Tra Boger
202209220cle,2022-09-22,Thursday,8:15pm,Cleveland Browns,Pittsburgh Steelers,cle,pit,29,17,Kevin Stefanski,Mike Tomlin,FirstEnergy Stadium,67431,3:10,outdoors,grass,"60 degrees, relative humidity 54%, wind 21 mph",QB,Jacoby Brissett,BrisJa00,RB,Nick Chubb,ChubNi00,WR,Amari Cooper,CoopAm00,WR,Donovan Peoples-Jones,PeopDo00,TE,David Njoku,NjokDa00,T,Jack Conklin,ConkJa00,T,Jedrick Wills Jr.,WillJe04,G,Joel Bitonio,BitoJo00,G,Michael Dunn,DunnMi01,G,Wyatt Teller,TellWy00,C,Ethan Pocic,PociEt00,DE,Alex Wright,WrigAl01,DE,Myles Garrett,GarrMy00,DT,Jordan Elliott,ElliJo02,DT,Taven Bryan,BryaTa00,LB,Jeremiah Owusu-Koramoah,OwusJe00,LB,Sione Takitaki,TakiSi00,LB,Anthony Walker,WalkAn01,CB,Greg Newsome II,NewsGr00,CB,Denzel Ward,WardDe02,S,John Johnson,JohnJo10,S,Grant Delpit,DelpGr00,QB,Mitchell Trubisky,TrubMi00,RB,Najee Harris,HarrNa00,WR,Chase Claypool,ClayCh01,WR,Diontae Johnson,JohnDi01,TE,Pat Freiermuth,FreiPa00,TE,Zach Gentry,GentZa00,OL,Mason Cole,ColeMa02,OL,James Daniels,DaniJa01,OL,Kevin Dotson,DotsKe00,OL,Chukwuma Okorafor,OkorCh00,T,Dan Moore,MoorDa05,DE,Tyson Alualu,AluaTy99,DT,Cameron Heyward,HeywCa01,DT,Larry Ogunjobi,OgunLa00,LB,Devin Bush Jr.,BushDe01,LB,Malik Reed,ReedMa01,LB,Myles Jack,JackMy00,LB,Alex Highsmith,HighAl02,CB,Cameron Sutton,SuttCa00,CB,Ahkello Witherspoon,WithAh00,S,Minkah Fitzpatrick,FitzMi00,S,Terrell Edmunds,EdmuTe00,Referee,Clay Martin,Umpire,Fred Bryan,Down Judge,Jerod Phillips,Line Judge,Maia Chaka,Back Judge,Greg Wilson,Side Judge,Dave Hawkshaw,Field Judge,James Coleman
202209250car,2022-09-25,Sunday,1:00pm,Carolina Panthers,New Orleans Saints,car,nor,22,14,Matt Rhule,Dennis Allen,Bank of America Stadium,70496,3:01,outdoors,grass,"68 degrees, relative humidity 70%, wind 7 mph",QB,Baker Mayfield,MayfBa00,RB,Christian McCaffrey,McCaCh01,FB,Giovanni Ricci,RiccGi00,WR,D.J. Moore,,WR,Robbie Chosen,AndeRo04,TE,Ian Thomas,ThomIa00,OL,Austin Corbett,CorbAu00,T,Brady Christensen,ChriBr00,T,Ikem Ekwonu,EkwoIk00,T,Taylor Moton,MotoTa00,G,Pat Elflein,ElflPa00,DE,Brian Burns,BurnBr00,DE,Yetur Gross-Matos,GrosYe00,DT,Derrick Brown,BrowDe05,DT,Matthew Ioannidis,IoanMa01,LB,Frankie Luvu,LuvuFr00,LB,Shaq Thompson,ThomSh01,LB,Damien Wilson,WilsDa02,CB,Donte Jackson,JackDo02,CB,Jaycee Horn,HornJa00,S,Jeremy Chinn,ChinJe00,S,Xavier Woods,WoodXa00,QB,Jameis Winston,WinsJa00,RB,Alvin Kamara,KamaAl00,WR,Michael Thomas,ThomMi05,WR,Tre'Quan Smith,SmitTr03,TE,Adam Trautman,TrauAd00,TE,Juwan Johnson,JohnJu02,OL,Andrus Peat,PeatAn00,OL,Cesar Ruiz,RuizCe00,OL,Erik McCoy,McCoEr01,OL,James Hurst,HursJa00,T,Ryan Ramczyk,RamcRy00,DE,Marcus Davenport,DaveMa00,DE,Cameron Jordan,JordCa00,DT,David Onyemata,OnyeDa00,DT,Shy Tuttle,TuttSh00,LB,Kaden Elliss,ElliKa00,LB,Pete Werner,WernPe00,LB,Demario Davis,DaviDe00,CB,Bradley Roby,RobyBr00,CB,Marshon Lattimore,LattMa01,CB,P.J. Williams,,FS,Tyrann Mathieu,MathTy00,Referee,Carl Cheffers,Umpire,Brandon Cruse,Down Judge,Mike Carr,Line Judge,Jeff Seeman,Back Judge,Matt Edwards,Side Judge,Eugene Hall,Field Judge,Nathan Jones
202209250chi,2022-09-25,Sunday,1:00pm,Chicago Bears,Houston Texans,chi,htx,23,20,Matt Eberflus,Lovie Smith,Soldier Field,60592,2:55,outdoors,grass,"66 degrees, relative humidity 68%, wind 13 mph",QB,Justin Fields,FielJu00,RB,David Montgomery,MontDa01,WR,Equanimeous St. Brown,,WR,Byron Pringle,PrinBy00,WR,Darnell Mooney,MoonDa00,TE,Cole Kmet,KmetCo00,OL,Larry Borom,BoroLa00,OL,Cody Whitehair,WhitCo03,OL,Lucas Patrick,PatrLu00,OL,Sam Mustipher,MustSa01,OL,Braxton Jones,JoneBr08,DL,Justin Jones,JoneJu03,DL,Al-Quadin Muhammad,MuhaAl00,DL,Robert Quinn,QuinRo00,DL,Angelo Blackson,BlacAn00,LB,Nicholas Morrow,MorrNi00,LB,Roquan Smith,SmitRo07,LB,Joe Thomas,ThomJo04,DB,Eddie Jackson,JackEd01,DB,Kyler Gordon,GordKy00,DB,Jaquan Brisker,BrisJa01,DB,Kindle Vildor,VildKi00,QB,Davis Mills,MillDa02,RB,Dameon Pierce,PierDa01,FB,Troy Hairston,HairTr00,WR,Brandin Cooks,CookBr00,TE,Pharaoh Brown,BrowPh01,TE,O.J. Howard,,OL,A.J. Cann,,OL,Laremy Tunsil,TunsLa00,OL,Scott Quessenberry,QuesSc00,OL,Tytus Howard,HowaTy00,OL,Kenyon Green,GreeKe03,DL,Jerry Hughes,HughJe99,DL,Roy Lopez,LopeRo00,DL,Jonathan Greenard,GreeJo04,DL,Maliek Collins,CollMa00,LB,Christian Kirksey,KirkCh00,LB,Kamu Grugier-Hill,GrugKa00,DB,Desmond King,KingDe01,DB,Steven Nelson,NelsSt01,DB,Jonathan Owens,OwenJo01,DB,Jalen Pitre,PitrJa00,DB,Derek Stingley Jr.,StinDe00,Referee,Clete Blakeman,Umpire,Tab Slaughter,Down Judge,Dana McKenzie,Line Judge,Julian Mapp,Back Judge,Perry Paganelli,Side Judge,Lo Van Pham,Field Judge,Terry Brown
202209250clt,2022-09-25,Sunday,1:00pm,Indianapolis Colts,Kansas City Chiefs,clt,kan,20,17,Frank Reich,Andy Reid,Lucas Oil Stadium,65975,3:05,retractable roof (open),fieldturf,,QB,Matt Ryan,RyanMa00,RB,Jonathan Taylor,TaylJo02,RB,Nyheim Hines,HineNy00,WR,Parris Campbell,CampPa00,WR,Michael Pittman Jr.,PittMi01,TE,Kylen Granson,GranKy00,OL,Quenton Nelson,NelsQu00,T,Matt Pryor,PryoMa00,T,Braden Smith,SmitBr06,G,Danny Pinter,PintDa00,C,Ryan Kelly,KellRy00,DE,Yannick Ngakoue,NgakYa00,DE,Kwity Paye,PayeKw00,DT,Grover Stewart,StewGr00,DT,DeForest Buckner,BuckDe00,LB,Bobby Okereke,OkerBo00,LB,Zaire Franklin,FranZa00,CB,Stephon Gilmore,GilmSt00,CB,Kenny Moore,MoorKe03,CB,Brandon Facyson,FacyBr00,S,Rodney McLeod,McLeRo00,S,Julian Blackmon,BlacJu01,QB,Patrick Mahomes,MahoPa00,RB,Clyde Edwards-Helaire,EdwaCl00,WR,Marquez Valdes-Scantling,ValdMa00,WR,Mecole Hardman,HardMe00,WR,JuJu Smith-Schuster,SmitJu00,TE,Travis Kelce,KelcTr00,OL,Joe Thuney,ThunJo00,OL,Trey Smith,SmitTr05,T,Orlando Brown Jr.,BrowOr00,G,Andrew Wylie,WyliAn00,C,Creed Humphrey,HumpCr00,DE,George Karlaftis III,KarlGe00,DE,Frank Clark,ClarFr01,DT,Chris Jones,JoneCh09,DT,Derrick Nnadi,NnadDe00,LB,Darius Harris,HarrDa07,LB,Nick Bolton,BoltNi00,CB,Rashad Fenton,FentRa00,CB,L'Jarius Sneed,SneeLJ00,CB,Jaylen Watson,WatsJa02,S,Justin Reid,ReidJu00,S,Juan Thornhill,ThorJu00,Referee,Shawn Smith,Umpire,Bryan Neale,Down Judge,Mark Hittner,Line Judge,Michael Dolce,Back Judge,Dino Paganelli,Side Judge,Clay Reynard,Field Judge,Dyrol Prioleau
202209250crd,2022-09-25,Sunday,4:25pm,Arizona Cardinals,Los Angeles Rams,crd,ram,12,20,Kliff Kingsbury,Sean McVay,State Farm Stadium,63243,3:01,retractable roof (closed),grass,,QB,Kyler Murray,MurrKy00,RB,James Conner,ConnJa00,WR,Marquise Brown,BrowMa04,WR,A.J. Green,,TE,Zach Ertz,ErtzZa00,TE,Trey McBride,McBrTr01,OL,Kelvin Beachum,BeacKe00,OL,Justin Pugh,PughJu00,OL,Will Hernandez,HernWi00,OL,Rodney Hudson,HudsRo00,OL,D.J. Humphries,,DE,Zach Allen,AlleZa01,DE,J.J. Watt,,DT,Rashard Lawrence,LawrRa01,OLB,Markus Golden,GoldMa00,LB,Zaven Collins,CollZa00,LB,Nick Vigil,VigiNi00,CB,Jace Whittaker,WhitJa05,CB,Marco Wilson,WilsMa04,CB,Byron Murphy,MurpBy00,S,Jalen Thompson,ThomJa04,S,Budda Baker,BakeBu00,QB,Matthew Stafford,StafMa00,RB,Darrell Henderson,HendDa00,WR,Ben Skowronek,SkowBe00,WR,Allen Robinson,RobiAl02,WR,Cooper Kupp,KuppCo00,TE,Tyler Higbee,HigbTy00,OL,David Edwards,EdwaDa01,OL,Coleman Shelton,ShelCo00,OL,Joseph Noteboom,NoteJo00,OL,Alaric Jackson,JackAl01,OL,Rob Havenstein,HaveRo00,DT,A'Shawn Robinson,RobiAS00,DT,Greg Gaines,GainGr00,DT,Aaron Donald,DonaAa00,OLB,Leonard Floyd,FloyLe00,LB,Ernest Jones,JoneEr01,LB,Justin Hollins,HollJu00,LB,Bobby Wagner,WagnBo00,CB,Derion Kendrick,KendDe00,DB,Jalen Ramsey,RamsJa00,DB,Taylor Rapp,RappTa00,S,Nick Scott,ScotNi01,Referee,Adrian Hill,Umpire,Roy Ellison,Down Judge,David Oliver,Line Judge,Kevin Codey,Back Judge,Keith Ferguson,Side Judge,Jim Quirk,Field Judge,Mearl Robinson
202209250den,2022-09-25,Sunday,8:20pm,Denver Broncos,San Francisco 49ers,den,sfo,11,10,Nathaniel Hackett,Kyle Shanahan,Empower Field at Mile High,77021,3:05,outdoors,grass,"73 degrees, relative humidity 21%, wind 8 mph",QB,Russell Wilson,WilsRu00,RB,Javonte Williams,WillJa10,WR,Kendall Hinton,HintKe00,WR,Jerry Jeudy,JeudJe00,WR,Courtland Sutton,SuttCo00,TE,Eric Tomlinson,TomlEr01,T,Garett Bolles,BollGa00,T,Cameron Fleming,FlemCa00,G,Graham Glasgow,GlasGr00,G,Dalton Risner,RisnDa00,C,Lloyd Cushenberry III,CushLl00,DL,Jonathan Harris,HarrJo05,DE,Dre'Mont Jones,JoneDr00,DT,DeShawn Williams,WillDe04,DT,D.J. Jones,,OLB,Bradley Chubb,ChubBr00,LB,Josey Jewell,JeweJo00,LB,Jonas Griffith,GrifJo01,CB,Patrick Surtain II,SurtPa01,CB,K'Waun Williams,WillKW00,CB,Ronald Darby,DarbRo00,S,Kareem Jackson,JackKa99,QB,Jimmy Garoppolo,GaroJi00,RB,Jeff Wilson,WilsJe01,FB,Kyle Juszczyk,JuszKy00,WR,Deebo Samuel,SamuDe00,WR,Brandon Aiyuk,AiyuBr00,TE,George Kittle,KittGe00,OL,Jake Brendel,BrenJa01,OL,Spencer Burford,BurfSp00,OL,Aaron Banks,BankAa00,T,Trent Williams,WillTr21,T,Mike McGlinchey,McGlMi00,DE,Samson Ebukam,EbukSa00,DE,Nick Bosa,BosaNi00,DT,Kevin Givens,GiveKe01,DT,Javon Kinlaw,KinlJa00,LB,Fred Warner,WarnFr00,LB,Azeez Al-Shaair,AlShAz00,LB,Dre Greenlaw,GreeDr00,CB,Emmanuel Moseley,MoseEm00,CB,Charvarius Ward,WardCh01,S,Talanoa Hufanga,HufaTa00,S,Tashaun Gipson,GipsTa00,Referee,Shawn Hochuli,Umpire,Terry Killens,Down Judge,Patrick Holt,Line Judge,Greg Bradley,Back Judge,Rich Martinez,Side Judge,Chad Hill,Field Judge,Anthony Flemming
202209250mia,2022-09-25,Sunday,1:00pm,Miami Dolphins,Buffalo Bills,mia,buf,21,19,Mike McDaniel,Sean McDermott,Hard Rock Stadium,66206,3:11,outdoors,grass,"89 degrees, relative humidity 63%, wind 5 mph",QB,Tua Tagovailoa,TagoTu00,RB,Chase Edmonds,EdmoCh00,FB,Alec Ingold,IngoAl01,WR,Tyreek Hill,HillTy00,WR,Jaylen Waddle,WaddJa00,TE,Durham Smythe,SmytDu00,OL,Connor Williams,WillCo00,OL,Liam Eichenberg,EichLi00,OL,Robert Hunt,HuntRo01,T,Greg Little,LittGr01,T,Terron Armstead,ArmsTe00,DE,Emmanuel Ogbah,OgbaEm00,DT,Zach Sieler,SielZa00,DT,Christian Wilkins,WilkCh00,LB,Jaelan Phillips,PhilJa02,LB,Elandon Roberts,RobeEl00,LB,Jerome Baker,BakeJe00,CB,Kader Kohou,KohoKa00,CB,Nik Needham,NeedNi00,CB,Xavien Howard,HowaXa00,S,Brandon Jones,JoneBr06,S,Jevon Holland,HollJe02,QB,Josh Allen,AlleJo02,RB,Devin Singletary,SingDe00,WR,Gabe Davis,DaviGa01,WR,Stefon Diggs,DiggSt00,WR,Isaiah McKenzie,McKeIs00,TE,Dawson Knox,KnoxDa00,OL,Ryan Bates,BateRy02,T,Spencer Brown,BrowSp00,T,Dion Dawkins,DawkDi00,G,Greg Van Roten,VanRGr00,G,Rodger Saffold,SaffRo20,DE,Gregory Rousseau,RousGr00,DT,DaQuan Jones,JoneDa04,DT,Tim Settle,SettTi00,LB,Matt Milano,MilaMa00,LB,Von Miller,MillVo00,LB,Tremaine Edmunds,EdmuTr01,CB,Taron Johnson,JohnTa01,CB,Kaiir Elam,ElamKa00,CB,Christian Benford,BenfCh00,S,Jaquan Johnson,JohnJa11,S,Damar Hamlin,HamlDa00,Referee,Alex Kemp,Umpire,Mike Morton,Down Judge,Danny Short,Line Judge,Jeff Bergman,Back Judge,Scott Helverson,Side Judge,Dale Shaw,Field Judge,John Jenkins
202209250min,2022-09-25,Sunday,1:00pm,Minnesota Vikings,Detroit Lions,min,det,28,24,Kevin O'Connell,Dan Campbell,U.S. Bank Stadium,66638,3:14,dome,sportturf,,QB,Kirk Cousins,CousKi00,RB,Dalvin Cook,CookDa01,FB,C.J. Ham,,WR,Adam Thielen,ThieAd00,WR,Justin Jefferson,JeffJu00,TE,Ben Ellefson,ElleBe00,T,Christian Darrisaw,DarrCh00,T,Brian O'Neill,ONeiBr00,G,Ezra Cleveland,ClevEz00,G,Ed Ingram,IngrEd00,C,Garrett Bradbury,BradGa00,DT,Dalvin Tomlinson,TomlDa00,DT,Harrison Phillips,PhilHa00,OLB,Danielle Hunter,HuntDa01,LB,Eric Kendricks,KendEr00,LB,Jordan Hicks,HickJo00,LB,Za'Darius Smith,SmitZa00,CB,Patrick Peterson,PetePa00,CB,Chandon Sullivan,SullCh00,CB,Cameron Dantzler,DantCa00,S,Josh Metellus,MeteJo00,S,Camryn Bynum,BynuCa00,QB,Jared Goff,GoffJa00,RB,D'Andre Swift,SwifDA00,WR,DJ Chark,CharDJ00,WR,Amon-Ra St. Brown,StxxAm00,WR,Josh Reynolds,ReynJo00,TE,T.J. Hockenson,HockTJ00,T,Taylor Decker,DeckTa00,T,Dan Skipper,SkipDa00,T,Penei Sewell,SewePe00,C,Evan Brown,BrowEv00,C,Frank Ragnow,RagnFr00,DL,Charles Harris,HarrCh03,DL,Alim McNeill,McNeAl00,DE,Michael Brockers,BrocMi00,DE,Aidan Hutchinson,HutcAi00,LB,Chris Board,BoarCh00,LB,Malcolm Rodriguez,RodrMa00,LB,Alex Anzalone,AnzaAl00,CB,Amani Oruwariye,OruwAm00,CB,Jeff Okudah,OkudJe00,S,DeShon Elliott,ElliDe02,S,Tracy Walker,WalkTr01,Referee,John Hussey,Umpire,Alan Eck,Down Judge,Robin DeLorenzo,Line Judge,Carl Johnson,Back Judge,Brad Freeman,Side Judge,Allen Baynes,Field Judge,Jabir Walker
202209250nwe,2022-09-25,Sunday,1:00pm,New England Patriots,Baltimore Ravens,nwe,rav,26,37,Bill Belichick,John Harbaugh,Gillette Stadium,65878,3:04,outdoors,fieldturf,"66 degrees, relative humidity 61%, wind 10 mph",QB,Mac Jones,JoneMa05,RB,Damien Harris,HarrDa06,WR,Nelson Agholor,AghoNe00,WR,Kendrick Bourne,BourKe00,WR,DeVante Parker,ParkDe01,TE,Hunter Henry,HenrHu00,OL,Isaiah Wynn,WynnIs00,OL,Trent Brown,BrowTr02,OL,Cole Strange,StraCo01,OL,Michael Onwenu,OnweMi00,C,David Andrews,AndrDa00,DL,Deatrich Wise Jr.,WiseDe00,DT,Lawrence Guy,GuyxLa00,DT,Davon Godchaux,GodcDa00,OLB,Mack Wilson,WilsMa03,LB,Matt Judon,JudoMa00,LB,Ja'Whaun Bentley,BentJa00,CB,Jalen Mills,MillJa02,DB,Devin McCourty,McCoDe99,DB,Jonathan Jones,JoneJo03,DB,Jabrill Peppers,PeppJa00,DB,Adrian Phillips,PhilAd00,QB,Lamar Jackson,JackLa00,RB,J.K. Dobbins,DobbJK00,FB,Patrick Ricard,RicaPa00,WR,Rashod Bateman,BateRa00,WR,Devin Duvernay,DuveDe00,TE,Mark Andrews,AndrMa00,OL,Patrick Mekari,MekaPa00,T,Morgan Moses,MoseMo00,G,Kevin Zeitler,ZeitKe00,G,Ben Powers,PoweBe00,C,Tyler Linderbaum,LindTy00,DT,Nnamdi Madubuike,MaduJu00,DT,Michael Pierce,PierMi00,DT,Calais Campbell,CampCa99,OLB,Justin Houston,HousJu00,LB,Patrick Queen,QueePa00,LB,Josh Bynes,ByneJo00,CB,Marlon Humphrey,HumpMa00,CB,Marcus Peters,PeteMa00,CB,Jalyn Armour-Davis,ArmoJa00,S,Chuck Clark,ClarCh00,S,Marcus Williams,WillMa06,Referee,Bill Vinovich,Umpire,Alex Moore,Down Judge,Jerry Bergman,Line Judge,Mark Perlman,Back Judge,Jimmy Russell,Side Judge,Jimmy Buchanan,Field Judge,Joe Blubaugh
202209250nyj,2022-09-25,Sunday,1:00pm,New York Jets,Cincinnati Bengals,nyj,cin,12,27,Robert Saleh,Zac Taylor,MetLife Stadium,73708,3:15,outdoors,fieldturf,"66 degrees, relative humidity 62%, wind 8 mph",QB,Joe Flacco,FlacJo00,RB,Michael Carter,CartMi03,WR,Garrett Wilson,WilsGa00,WR,Elijah Moore,MoorEl00,TE,Tyler Conklin,ConkTy00,TE,C.J. Uzomah,,OL,Alijah Vera-Tucker,VeraAl00,OL,Connor McGovern,McGoCo00,OL,Max Mitchell,MitcMa02,T,George Fant,FantGe00,G,Laken Tomlinson,TomlLa01,DE,Carl Lawson,LawsCa00,DT,John Franklin-Myers,FranJo02,DT,Quinnen Williams,WillQu00,DT,Sheldon Rankins,RankSh00,LB,C.J. Mosley,,LB,Quincy Williams,WillQu01,CB,D.J. Reed,,CB,Sauce Gardner,GardSa00,CB,Michael Carter II,CartMi02,S,Lamarcus Joyner,JoynLa00,S,Jordan Whitehead,WhitJo03,QB,Joe Burrow,BurrJo01,RB,Joe Mixon,MixoJo00,WR,Tyler Boyd,BoydTy00,WR,Tee Higgins,HiggTe00,WR,Ja'Marr Chase,ChasJa00,TE,Hayden Hurst,HursHa00,OL,Cordell Volson,VolsCo02,T,La'el Collins,CollLa01,T,Jonah Williams,WillJo10,G,Alex Cappa,CappAl00,C,Ted Karras,KarrTe00,DE,Trey Hendrickson,HendTr00,DE,Sam Hubbard,HubbSa00,DT,B.J. Hill,,DT,D.J. Reader,,DT,Josh Tupou,TupoJo00,LB,Logan Wilson,WilsLo00,CB,Chidobe Awuzie,AwuzCh00,CB,Eli Apple,ApplEl00,S,Daxton Hill,HillDa04,S,Vonn Bell,BellVo00,S,Jessie Bates III,BateJe00,Referee,Jerome Boger,Umpire,Barry Anderson,Down Judge,Frank LeBlanc,Line Judge,Rusty Baynes,Back Judge,Steve Patrick,Side Judge,Jonah Monroe,Field Judge,Alonzo Ramsey
202209250oti,2022-09-25,Sunday,1:00pm,Tennessee Titans,Las Vegas Raiders,oti,rai,24,22,Mike Vrabel,Josh McDaniels,Nissan Stadium,68649,3:09,outdoors,grass,"77 degrees, relative humidity 72%, wind 5 mph",QB,Ryan Tannehill,TannRy00,RB,Derrick Henry,HenrDe00,FB,Tory Carter,CartTo01,WR,Robert Woods,WoodRo02,WR,Nick Westbrook-Ikhine,WestNi00,TE,Geoff Swaim,SwaiGe00,OL,Dennis Daley,DaleDe00,OL,Nicholas Petit-Frere,PetiNi00,G,Nate Davis,DaviNa01,G,Aaron Brewer,BrewAa01,C,Ben Jones,JoneBe01,DL,DeMarcus Walker,WalkDe03,DT,Jeffery Simmons,SimmJe01,DT,Teair Tart,TartTe00,OLB,Rashad Weaver,WeavRa00,OLB,Derrek Tuszka,TuszDe00,LB,David Long,LongDa04,LB,Zach Cunningham,CunnZa00,CB,Roger McCreary,McCrRo01,CB,Kristian Fulton,FultKr00,DB,Amani Hooker,HookAm00,S,Kevin Byard,ByarKe01,QB,Derek Carr,CarrDe02,RB,Josh Jacobs,JacoJo01,WR,Davante Adams,AdamDa01,WR,Mack Hollins,HollMa00,TE,Darren Waller,WallDa01,TE,Foster Moreau,MoreFo00,OL,Jermaine Eluemunor,ElueJe00,OL,Alex Bars,BarsAl01,T,Thayer Munford,MunfTh00,T,Kolton Miller,MillKo00,G,Dylan Parham,ParhDy00,DE,Maxx Crosby,CrosMa00,DE,Chandler Jones,JoneCh03,DT,Andrew Billings,BillAn00,DT,Bilal Nichols,NichBi00,LB,Divine Deablo,DeabDi00,LB,Jayon Brown,BrowJa06,CB,Nate Hobbs,HobbNa00,CB,Rock Ya-Sin,Ya-SRo00,S,Johnathan Abram,AbraJo01,S,Duron Harmon,HarmDu00,S,Roderic Teamer,TeamRo00,Referee,Brad Rogers,Umpire,Carl Paganelli,Down Judge,Kent Payne,Line Judge,Tom Eaton,Back Judge,Greg Steed,Side Judge,Anthony Jeffries,Field Judge,Aaron Santi
202209250sdg,2022-09-25,Sunday,4:05pm,Los Angeles Chargers,Jacksonville Jaguars,sdg,jax,10,38,Brandon Staley,Doug Pederson,SoFi Stadium,67964,2:59,dome,matrixturf,,QB,Justin Herbert,HerbJu00,RB,Austin Ekeler,EkelAu00,WR,Mike Williams,WillMi07,WR,DeAndre Carter,CartDe02,WR,Josh Palmer,PalmJo00,TE,Gerald Everett,EverGe00,OL,Will Clapp,ClapWi00,T,Rashawn Slater,SlatRa00,T,Trey Pipkins,PipkTr00,G,Matt Feiler,FeilMa00,G,Zion Johnson,JohnZi00,DL,Morgan Fox,FoxxMo00,DT,Austin Johnson,JohnAu01,DT,Sebastian Joseph-Day,JoseSe00,OLB,Khalil Mack,MackKh00,OLB,Kyle Van Noy,VanNKy00,LB,Kenneth Murray,MurrKe00,CB,Asante Samuel Jr.,SamuAs00,CB,Michael Davis,DaviMi03,CB,Bryce Callahan,CallBr00,S,Nasir Adderley,AddeNa00,S,Derwin James,JameDe00,QB,Trevor Lawrence,LawrTr00,RB,James Robinson,RobiJa00,WR,Christian Kirk,KirkCh01,WR,Zay Jones,JoneZa00,WR,Marvin Jones,JoneMa02,TE,Evan Engram,EngrEv00,OL,Ben Bartch,BartBe00,OL,Jawaan Taylor,TaylJa02,OL,Cam Robinson,RobiCa00,OL,Luke Fortner,FortLu01,G,Brandon Scherff,ScheBr00,DE,Roy Robertson-Harris,RobeRo00,DT,Folorunso Fatukasi,FatuFo00,OLB,Josh Hines-Allen,AlleJo03,OLB,Travon Walker,WalkTr03,LB,Devin Lloyd,LloyDe00,LB,Foyesade Oluokun,OluoFo00,CB,Tre Herndon,HernTr00,CB,Tyson Campbell,CampTy01,DB,Darious Williams,WillDa09,S,Rayshawn Jenkins,JenkRa00,S,Andre Cisco,CiscAn00,Referee,Craig Wrolstad,Umpire,Steve Woods,Down Judge,Jim Mello,Line Judge,Tripp Sutter,Back Judge,Grantis Bell,Side Judge,Jeff Lamberth,Field Judge,Jeff Shears
202209250sea,2022-09-25,Sunday,4:25pm,Seattle Seahawks,Atlanta Falcons,sea,atl,23,27,Pete Carroll,Arthur Smith,Lumen Field,68773,2:53,outdoors,fieldturf,"67 degrees, relative humidity 67%, wind 6 mph",QB,Geno Smith,SmitGe00,RB,Rashaad Penny,PennRa00,WR,D.K. Metcalf,MetcDK00,WR,Tyler Lockett,LockTy00,TE,Will Dissly,DissWi00,TE,Noah Fant,FantNo00,T,Charles Cross,CrosCh00,T,Abraham Lucas,LucaAb00,G,Austin Blythe,BlytAu00,G,Damien Lewis,LewiDa05,G,Gabe Jackson,JackGa00,DE,Quinton Jefferson,JeffQu00,DT,Al Woods,WoodAl99,DT,Poona Ford,FordPo00,LB,Darrell Taylor,TaylDa00,LB,Cody Barton,BartCo00,LB,Uchenna Nwosu,NwosUc00,LB,Jordyn Brooks,BrooJo01,CB,Riq Woolen,WoolTa00,CB,Michael Jackson,JackMi01,FS,Quandre Diggs,DiggQu00,S,Josh Jones,JoneJo06,QB,Marcus Mariota,MariMa01,RB,Cordarrelle Patterson,PattCo00,FB,Keith Smith,SmitKe03,WR,Drake London,LondDr00,TE,Kyle Pitts,PittKy00,TE,Parker Hesse,HessPa00,OL,Drew Dalman,DalmDr00,OL,Colby Gossett,GossCo00,T,Jake Matthews,MattJa00,T,Kaleb McGary,McGaKa00,G,Chris Lindstrom,LindCh00,DT,Grady Jarrett,JarrGr00,DT,Anthony Rush,RushAn00,OLB,Adetokunbo Ogundeji,OgunAd01,LB,Rashaan Evans,EvanRa01,LB,Lorenzo Carter,CartLo01,LB,Mykal Walker,WalkMy00,CB,Casey Hayward,HaywCa00,CB,AJ Terrell,TerrAJ00,SS,Jaylinn Hawkins,HawkJa00,DB,Mike Ford,FordMi01,S,Richie Grant,GranRi00,Referee,Tra Blake,Umpire,Tony Michalek,Down Judge,Patrick Turner,Line Judge,Mark Stewart,Back Judge,Todd Prukop,Side Judge,Don Willard,Field Judge,Tom Hill
202209250tam,2022-09-25,Sunday,4:25pm,Tampa Bay Buccaneers,Green Bay Packers,tam,gnb,12,14,Todd Bowles,Matt LaFleur,Raymond James Stadium,69197,3:00,outdoors,grass,"88 degrees, relative humidity 58%, wind 5 mph",QB,Tom Brady,BradTo00,RB,Leonard Fournette,FourLe00,WR,Breshad Perriman,PerrBr02,WR,Scott Miller,MillSc01,WR,Russell Gage,GageRu00,TE,Ko Kieft,KiefKo00,OL,Robert Hainsey,HainRo00,T,Brandon Walton,WaltBr01,T,Tristan Wirfs,WirfTr00,G,Luke Goedeke,GoedLu00,G,Shaq Mason,MasoSh01,DL,William Gholston,GholWi00,DL,Rakeem Nunez-Roches,NuneRa00,DL,Vita Vea,VeaxVi00,OLB,Shaquil Barrett,BarrSh00,OLB,Joe Tryon-Shoyinka,TryoJo00,LB,Lavonte David,DaviLa00,LB,Devin White,WhitDe02,CB,Jamel Dean,DeanJa00,CB,Carlton Davis,DaviCa02,S,Mike Edwards,EdwaMi01,S,Antoine Winfield Jr.,WinfAn00,QB,Aaron Rodgers,RodgAa00,RB,Aaron Jones,JoneAa00,WR,Allen Lazard,LazaAl00,WR,Romeo Doubs,DoubRo00,TE,Marcedes Lewis,LewiMa00,TE,Robert Tonyan,TonyRo00,OL,Josh Myers,MyerJo00,OL,Royce Newman,NewmRo00,T,David Bakhtiari,BakhDa00,G,Elgton Jenkins,JenkEl00,G,Jon Runyan Jr.,RunyJo00,DL,Kenny Clark,ClarKe01,DE,Dean Lowry,LowrDe00,DT,Jarran Reed,ReedJa02,LB,Rashan Gary,GaryRa00,LB,De'Vondre Campbell,CampDe00,LB,Preston Smith,SmitPr00,CB,Rasul Douglas,DougRa00,CB,Jaire Alexander,AlexJa00,CB,Eric Stokes,StokEr00,S,Darnell Savage Jr.,SavaDa00,S,Adrian Amos,AmosAd00,Referee,Scott Novak,Umpire,Ramon George,Down Judge,Derick Bowers,Line Judge,Walt Coleman IV,Back Judge,Terrence Miles,Side Judge,David Meslow,Field Judge,Tra Boger
202209250was,2022-09-25,Sunday,1:00pm,Washington Commanders,Philadelphia Eagles,was,phi,8,24,Ron Rivera,Nick Sirianni,FedExField,64426,3:11,outdoors,grass,"72 degrees, relative humidity 60%, wind 9 mph",QB,Carson Wentz,WentCa00,RB,Antonio Gibson,GibsAn00,WR,Jahan Dotson,DotsJa00,WR,Curtis Samuel,SamuCu00,WR,Terry McLaurin,McLaTe00,TE,Logan Thomas,ThomLo00,T,Samuel Cosmi,CosmSa00,T,Charles Leno Jr.,LenoCh00,G,Andrew Norwell,NorwAn01,G,Trai Turner,TurnTr01,G,Wes Schweitzer,SchwWe00,DE,Efe Obada,ObadEf00,DE,Montez Sweat,SweaMo00,DT,Jonathan Allen,AlleJo01,DT,Daron Payne,PaynDa00,LB,Cole Holcomb,HolcCo00,LB,Jamin Davis,DaviJa11,CB,Benjamin St-Juste,StJuBe00,CB,Kendall Fuller,FullKe00,CB,Rachad Wildgoose,WildRa00,S,Bobby McCain,McCaBo01,S,Kamren Curl,CurlKa00,QB,Jalen Hurts,HurtJa00,RB,Miles Sanders,SandMi01,WR,A.J. Brown,BrowAJ00,WR,Quez Watkins,WatkQu00,WR,DeVonta Smith,SmitDe07,TE,Dallas Goedert,GoedDa00,T,Lane Johnson,JohnLa01,T,Jordan Mailata,MailJo00,G,Landon Dickerson,DickLa00,G,Isaac Seumalo,SeumIs00,C,Jason Kelce,KelcJa00,DE,Josh Sweat,SweaJo00,DT,Javon Hargrave,HargJa00,DT,Jordan Davis,DaviJo03,DT,Fletcher Cox,CoxxFl00,LB,T.J. Edwards,EdwaTJ02,LB,Haason Reddick,ReddHa00,CB,Avonte Maddox,MaddAv00,CB,James Bradberry,BradJa00,CB,Darius Slay,SlayDa00,S,C.J. Gardner-Johnson,GardCh00,S,Marcus Epps,EppsMa00,Referee,Ron Torbert,Umpire,Mark Pellis,Down Judge,Max Causey,Line Judge,Tim Podraza,Back Judge,Tony Josselyn,Side Judge,Keith Washington,Field Judge,Ryan Dickson
202209260nyg,2022-09-26,Monday,8:15pm,New York Giants,Dallas Cowboys,nyg,dal,16,23,Brian Daboll,Mike McCarthy,MetLife Stadium,79445,3:11,outdoors,fieldturf,"66 degrees, relative humidity 44%, wind 5 mph",QB,Daniel Jones,JoneDa05,RB,Saquon Barkley,BarkSa00,WR,David Sills V,SillDa01,WR,Sterling Shepard,ShepSt00,WR,Richie James,JameRi00,TE,Daniel Bellinger,BellDa00,OL,Jon Feliciano,FeliJo00,OL,Mark Glowinski,GlowMa00,T,Evan Neal,NealEv00,T,Andrew Thomas,ThomAn02,G,Ben Bredeson,BredBe00,DL,Justin Ellis,ElliJu01,DL,Dexter Lawrence,LawrDe03,DL,Nick Williams,WillNi01,OLB,Azeez Ojulari,OjulAz00,OLB,Kayvon Thibodeaux,ThibKa00,LB,Tae Crowder,CrowTa00,LB,Austin Calitro,CaliAu00,CB,Adoree' Jackson,JackAd00,DB,Cordale Flott,FlotCo00,S,Julian Love,LoveJu00,S,Xavier McKinney,McKiXa00,QB,Cooper Rush,RushCo00,RB,Ezekiel Elliott,ElliEz00,WR,Noah Brown,BrowNo00,WR,CeeDee Lamb,LambCe00,TE,Jake Ferguson,FergJa00,TE,Peyton Hendershot,HendPe01,OL,Tyler Smith,SmitTy02,T,Terence Steele,SteeTe01,G,Zack Martin,MartZa00,G,Matt Farniok,FarnMa00,C,Tyler Biadasz,BiadTy00,DE,DeMarcus Lawrence,LawrDe00,DE,Dorance Armstrong Jr.,ArmsDo00,DT,Osa Odighizuwa,OdigOs00,DT,Quinton Bohanna,BohaQu00,LB,Micah Parsons,ParsMi00,LB,Leighton Vander Esch,VandLe00,CB,Jourdan Lewis,LewiJo01,CB,Trevon Diggs,DiggTr00,CB,Anthony Brown,BrowAn02,S,Malik Hooker,HookMa00,S,Donovan Wilson,WilsDo01,Referee,Land Clark,Umpire,Paul King,Down Judge,Tom Stephan,Line Judge,Brian Bolinger,Back Judge,Greg Meyer,Side Judge,Dominique Pender,Field Judge,Michael Banks
202209290cin,2022-09-29,Thursday,8:15pm,Cincinnati Bengals,Miami Dolphins,cin,mia,27,15,Zac Taylor,Mike McDaniel,Paycor Stadium,67260,3:06,outdoors,fieldturf,"63 degrees, relative humidity 54%, wind 12 mph",QB,Joe Burrow,BurrJo01,RB,Joe Mixon,MixoJo00,WR,Ja'Marr Chase,ChasJa00,WR,Tee Higgins,HiggTe00,WR,Tyler Boyd,BoydTy00,TE,Hayden Hurst,HursHa00,OL,Cordell Volson,VolsCo02,T,La'el Collins,CollLa01,T,Jonah Williams,WillJo10,G,Alex Cappa,CappAl00,C,Ted Karras,KarrTe00,DE,Trey Hendrickson,HendTr00,DE,Sam Hubbard,HubbSa00,DT,Josh Tupou,TupoJo00,DT,Zachary Carter,CartZa00,DT,B.J. Hill,,LB,Logan Wilson,WilsLo00,LB,Germaine Pratt,PratGe00,CB,Chidobe Awuzie,AwuzCh00,CB,Eli Apple,ApplEl00,S,Vonn Bell,BellVo00,S,Jessie Bates III,BateJe00,QB,Tua Tagovailoa,TagoTu00,RB,Raheem Mostert,MostRa00,FB,Alec Ingold,IngoAl01,WR,Tyreek Hill,HillTy00,WR,Jaylen Waddle,WaddJa00,TE,Durham Smythe,SmytDu00,OL,Connor Williams,WillCo00,OL,Liam Eichenberg,EichLi00,OL,Robert Hunt,HuntRo01,T,Terron Armstead,ArmsTe00,T,Greg Little,LittGr01,DE,Emmanuel Ogbah,OgbaEm00,DT,Raekwon Davis,DaviRa03,DT,Christian Wilkins,WilkCh00,LB,Jerome Baker,BakeJe00,LB,Elandon Roberts,RobeEl00,LB,Jaelan Phillips,PhilJa02,CB,Kader Kohou,KohoKa00,CB,Xavien Howard,HowaXa00,DB,Keion Crossen,CrosKe00,S,Brandon Jones,JoneBr06,S,Jevon Holland,HollJe02,Referee,Tra Blake,Umpire,Tony Michalek,Down Judge,Patrick Turner,Line Judge,Mark Stewart,Back Judge,Todd Prukop,Side Judge,Don Willard,Field Judge,Tom Hill
202210020atl,2022-10-02,Sunday,1:00pm,Atlanta Falcons,Cleveland Browns,atl,cle,23,20,Arthur Smith,Kevin Stefanski,Mercedes-Benz Stadium,69435,2:47,retractable roof (open),fieldturf,,QB,Marcus Mariota,MariMa01,RB,Cordarrelle Patterson,PattCo00,FB,Keith Smith,SmitKe03,WR,Drake London,LondDr00,TE,Kyle Pitts,PittKy00,TE,Parker Hesse,HessPa00,OL,Drew Dalman,DalmDr00,T,Jake Matthews,MattJa00,T,Kaleb McGary,McGaKa00,T,Elijah Wilkinson,WilkEl00,G,Chris Lindstrom,LindCh00,DL,Ta'Quon Graham,GrahTa00,DT,Grady Jarrett,JarrGr00,DT,Anthony Rush,RushAn00,OLB,Adetokunbo Ogundeji,OgunAd01,LB,Rashaan Evans,EvanRa01,LB,Lorenzo Carter,CartLo01,LB,Mykal Walker,WalkMy00,CB,Casey Hayward,HaywCa00,CB,AJ Terrell,TerrAJ00,SS,Jaylinn Hawkins,HawkJa00,S,Richie Grant,GranRi00,QB,Jacoby Brissett,BrisJa00,RB,Nick Chubb,ChubNi00,WR,Amari Cooper,CoopAm00,WR,Donovan Peoples-Jones,PeopDo00,TE,Harrison Bryant,BryaHa00,TE,David Njoku,NjokDa00,T,Jack Conklin,ConkJa00,T,Jedrick Wills Jr.,WillJe04,G,Joel Bitonio,BitoJo00,G,Wyatt Teller,TellWy00,C,Ethan Pocic,PociEt00,DE,Alex Wright,WrigAl01,DE,Isaac Rochell,RochIs00,DT,Tommy Togiai,TogiTo00,DT,Jordan Elliott,ElliJo02,LB,Jacob Phillips,PhilJa01,LB,Jeremiah Owusu-Koramoah,OwusJe00,LB,Sione Takitaki,TakiSi00,CB,Greg Newsome II,NewsGr00,CB,Denzel Ward,WardDe02,S,John Johnson,JohnJo10,S,Grant Delpit,DelpGr00,Referee,Craig Wrolstad,Umpire,Steve Woods,Down Judge,Jim Mello,Line Judge,Tripp Sutter,Back Judge,Grantis Bell,Side Judge,Jeff Lamberth,Field Judge,Jeff Shears
202210020car,2022-10-02,Sunday,4:05pm,Carolina Panthers,Arizona Cardinals,car,crd,16,26,Matt Rhule,Kliff Kingsbury,Bank of America Stadium,69810,3:07,outdoors,grass,"66 degrees, relative humidity 59%, wind 15 mph",QB,Baker Mayfield,MayfBa00,RB,Christian McCaffrey,McCaCh01,WR,Shi Smith,SmitSh03,WR,D.J. Moore,,WR,Robbie Chosen,AndeRo04,TE,Ian Thomas,ThomIa00,OL,Austin Corbett,CorbAu00,T,Brady Christensen,ChriBr00,T,Ikem Ekwonu,EkwoIk00,T,Taylor Moton,MotoTa00,G,Pat Elflein,ElflPa00,DE,Brian Burns,BurnBr00,DE,Yetur Gross-Matos,GrosYe00,DT,Derrick Brown,BrowDe05,DT,Matthew Ioannidis,IoanMa01,LB,Frankie Luvu,LuvuFr00,LB,Shaq Thompson,ThomSh01,LB,Damien Wilson,WilsDa02,CB,Donte Jackson,JackDo02,CB,Jaycee Horn,HornJa00,S,Jeremy Chinn,ChinJe00,S,Xavier Woods,WoodXa00,QB,Kyler Murray,MurrKy00,RB,James Conner,ConnJa00,WR,Marquise Brown,BrowMa04,WR,Rondale Moore,MoorRo02,TE,Zach Ertz,ErtzZa00,TE,Trey McBride,McBrTr01,OL,Justin Pugh,PughJu00,OL,Kelvin Beachum,BeacKe00,OL,Will Hernandez,HernWi00,OL,Rodney Hudson,HudsRo00,OL,D.J. Humphries,,DE,Zach Allen,AlleZa01,DE,J.J. Watt,,DE,Michael Dogbe,DogbMi00,OLB,Markus Golden,GoldMa00,LB,Zaven Collins,CollZa00,LB,Ben Niemann,NiemBe00,LB,Isaiah Simmons,SimmIs00,CB,Marco Wilson,WilsMa04,CB,Byron Murphy,MurpBy00,S,Jalen Thompson,ThomJa04,S,Budda Baker,BakeBu00,Referee,John Hussey,Umpire,Alan Eck,Down Judge,Robin DeLorenzo,Line Judge,Carl Johnson,Back Judge,Brad Freeman,Side Judge,Allen Baynes,Field Judge,Jabir Walker
202210020clt,2022-10-02,Sunday,1:00pm,Indianapolis Colts,Tennessee Titans,clt,oti,17,24,Frank Reich,Mike Vrabel,Lucas Oil Stadium,65781,2:49,retractable roof (open),fieldturf,,QB,Matt Ryan,RyanMa00,RB,Jonathan Taylor,TaylJo02,RB,Nyheim Hines,HineNy00,WR,Michael Pittman Jr.,PittMi01,WR,Alec Pierce,PierAl00,TE,Mo Alie-Cox,AlieMo00,OL,Quenton Nelson,NelsQu00,T,Braden Smith,SmitBr06,T,Matt Pryor,PryoMa00,G,Will Fries,FrieWi00,C,Ryan Kelly,KellRy00,DE,Tyquan Lewis,LewiTy00,DE,Yannick Ngakoue,NgakYa00,DE,Kwity Paye,PayeKw00,DT,Grover Stewart,StewGr00,LB,E.J. Speed,SpeeEJ00,LB,Zaire Franklin,FranZa00,LB,Shaquille Leonard,LeonDa00,CB,Kenny Moore,MoorKe03,CB,Stephon Gilmore,GilmSt00,DB,Rodney Thomas II,ThomRo07,S,Rodney McLeod,McLeRo00,QB,Ryan Tannehill,TannRy00,RB,Derrick Henry,HenrDe00,FB,Tory Carter,CartTo01,WR,Treylon Burks,BurkTr00,TE,Geoff Swaim,SwaiGe00,TE,Chig Okonkwo,OkonCh00,OL,Nicholas Petit-Frere,PetiNi00,OL,Dennis Daley,DaleDe00,G,Aaron Brewer,BrewAa01,G,Nate Davis,DaviNa01,C,Ben Jones,JoneBe01,DL,Denico Autry,AutrDe00,DT,Jeffery Simmons,SimmJe01,DT,Teair Tart,TartTe00,OLB,Bud Dupree,DuprAl00,LB,David Long,LongDa04,LB,Dylan Cole,ColeDy00,CB,Kristian Fulton,FultKr00,CB,Roger McCreary,McCrRo01,DB,Terrance Mitchell,MitcTe00,DB,Andrew Adams,AdamAn00,S,Kevin Byard,ByarKe01,Referee,Scott Novak,Umpire,Ramon George,Down Judge,Derick Bowers,Line Judge,Walt Coleman IV,Back Judge,Terrence Miles,Side Judge,David Meslow,Field Judge,Tra Boger
202210020dal,2022-10-02,Sunday,1:00pm,Dallas Cowboys,Washington Commanders,dal,was,25,10,Mike McCarthy,Ron Rivera,AT&amp;T Stadium,92946,3:08,retractable roof (closed),matrixturf,,QB,Cooper Rush,RushCo00,RB,Ezekiel Elliott,ElliEz00,WR,Noah Brown,BrowNo00,WR,Michael Gallup,GallMi00,WR,CeeDee Lamb,LambCe00,TE,Dalton Schultz,SchuDa00,OL,Tyler Smith,SmitTy02,T,Terence Steele,SteeTe01,G,Connor McGovern,McGoCo01,G,Zack Martin,MartZa00,C,Tyler Biadasz,BiadTy00,DE,DeMarcus Lawrence,LawrDe00,DT,Osa Odighizuwa,OdigOs00,DT,Quinton Bohanna,BohaQu00,LB,Micah Parsons,ParsMi00,LB,Anthony Barr,BarrAn00,LB,Leighton Vander Esch,VandLe00,CB,Trevon Diggs,DiggTr00,CB,Anthony Brown,BrowAn02,S,Malik Hooker,HookMa00,S,Israel Mukuamu,MukuIs00,S,Donovan Wilson,WilsDo01,QB,Carson Wentz,WentCa00,RB,Antonio Gibson,GibsAn00,WR,Curtis Samuel,SamuCu00,WR,Terry McLaurin,McLaTe00,TE,John Bates,BateJo00,TE,Logan Thomas,ThomLo00,T,Charles Leno Jr.,LenoCh00,T,Samuel Cosmi,CosmSa00,G,Andrew Norwell,NorwAn01,G,Trai Turner,TurnTr01,C,Nick Martin,MartNi00,DE,James Smith-Williams,SmitJa08,DE,Montez Sweat,SweaMo00,DT,Daron Payne,PaynDa00,DT,Jonathan Allen,AlleJo01,LB,Cole Holcomb,HolcCo00,LB,Jamin Davis,DaviJa11,CB,Kendall Fuller,FullKe00,CB,William Jackson III,JackWi02,CB,Benjamin St-Juste,StJuBe00,S,Bobby McCain,McCaBo01,S,Kamren Curl,CurlKa00,Referee,Shawn Smith,Umpire,Bryan Neale,Down Judge,Mark Hittner,Line Judge,Michael Dolce,Back Judge,Dino Paganelli,Side Judge,Clay Reynard,Field Judge,Dyrol Prioleau
202210020det,2022-10-02,Sunday,1:00pm,Detroit Lions,Seattle Seahawks,det,sea,45,48,Dan Campbell,Pete Carroll,Ford Field,63920,3:29,dome,fieldturf,,QB,Jared Goff,GoffJa00,RB,Jamaal Williams,WillJa06,WR,Josh Reynolds,ReynJo00,WR,Tom Kennedy,KennTo01,WR,Quintez Cephus,CephQu00,TE,T.J. Hockenson,HockTJ00,T,Taylor Decker,DeckTa00,T,Dan Skipper,SkipDa00,T,Penei Sewell,SewePe00,C,Frank Ragnow,RagnFr00,C,Evan Brown,BrowEv00,DL,Charles Harris,HarrCh03,DL,Alim McNeill,McNeAl00,DE,Aidan Hutchinson,HutcAi00,DE,Michael Brockers,BrocMi00,LB,Malcolm Rodriguez,RodrMa00,LB,Derrick Barnes,BarnDe02,LB,Alex Anzalone,AnzaAl00,CB,Amani Oruwariye,OruwAm00,CB,Jeff Okudah,OkudJe00,S,Kerby Joseph,JoseKe03,S,DeShon Elliott,ElliDe02,QB,Geno Smith,SmitGe00,RB,Rashaad Penny,PennRa00,WR,D.K. Metcalf,MetcDK00,WR,Tyler Lockett,LockTy00,TE,Will Dissly,DissWi00,TE,Noah Fant,FantNo00,T,Abraham Lucas,LucaAb00,T,Charles Cross,CrosCh00,G,Austin Blythe,BlytAu00,G,Damien Lewis,LewiDa05,G,Gabe Jackson,JackGa00,DE,Darryl Johnson,JohnDa10,DE,Shelby Harris,HarrSh00,DT,Poona Ford,FordPo00,DT,Al Woods,WoodAl99,LB,Uchenna Nwosu,NwosUc00,LB,Jordyn Brooks,BrooJo01,CB,Michael Jackson,JackMi01,CB,Coby Bryant,BryaCo01,CB,Riq Woolen,WoolTa00,FS,Quandre Diggs,DiggQu00,S,Josh Jones,JoneJo06,Referee,Clay Martin,Umpire,Fred Bryan,Down Judge,Jerod Phillips,Line Judge,Maia Chaka,Back Judge,Greg Wilson,Side Judge,Dave Hawkshaw,Field Judge,James Coleman
202210020gnb,2022-10-02,Sunday,4:25pm,Green Bay Packers,New England Patriots,gnb,nwe,27,24,Matt LaFleur,Bill Belichick,Lambeau Field,78317,3:21,outdoors,grass,"66 degrees, relative humidity 59%, wind 9 mph",QB,Aaron Rodgers,RodgAa00,RB,AJ Dillon,DillAJ00,RB,Aaron Jones,JoneAa00,WR,Romeo Doubs,DoubRo00,WR,Allen Lazard,LazaAl00,TE,Marcedes Lewis,LewiMa00,OL,Royce Newman,NewmRo00,OL,Josh Myers,MyerJo00,T,David Bakhtiari,BakhDa00,G,Elgton Jenkins,JenkEl00,G,Jon Runyan Jr.,RunyJo00,DL,Kenny Clark,ClarKe01,DE,Dean Lowry,LowrDe00,LB,Rashan Gary,GaryRa00,LB,De'Vondre Campbell,CampDe00,LB,Preston Smith,SmitPr00,LB,Quay Walker,WalkQu00,CB,Rasul Douglas,DougRa00,CB,Keisean Nixon,NixoKe00,CB,Eric Stokes,StokEr00,S,Adrian Amos,AmosAd00,S,Darnell Savage Jr.,SavaDa00,QB,Brian Hoyer,HoyeBr00,RB,Damien Harris,HarrDa06,WR,Nelson Agholor,AghoNe00,WR,DeVante Parker,ParkDe01,WR,Lil'Jordan Humphrey,HumpLi01,TE,Jonnu Smith,SmitJo01,OL,Isaiah Wynn,WynnIs00,OL,Cole Strange,StraCo01,OL,Trent Brown,BrowTr02,OL,Michael Onwenu,OnweMi00,C,David Andrews,AndrDa00,DL,Deatrich Wise Jr.,WiseDe00,DL,Christian Barmore,BarmCh00,DT,Davon Godchaux,GodcDa00,OLB,Mack Wilson,WilsMa03,LB,Matt Judon,JudoMa00,LB,Ja'Whaun Bentley,BentJa00,DB,Jonathan Jones,JoneJo03,DB,Devin McCourty,McCoDe99,DB,Jack Jones,JoneJa10,DB,Adrian Phillips,PhilAd00,DB,Kyle Dugger,DuggKy00,Referee,Adrian Hill,Umpire,Roy Ellison,Down Judge,David Oliver,Line Judge,Kevin Codey,Back Judge,Keith Ferguson,Side Judge,Jim Quirk,Field Judge,Mearl Robinson
202210020htx,2022-10-02,Sunday,1:00pm,Houston Texans,Los Angeles Chargers,htx,sdg,24,34,Lovie Smith,Brandon Staley,NRG Stadium,69071,3:00,retractable roof (closed),astroturf,,QB,Davis Mills,MillDa02,RB,Dameon Pierce,PierDa01,WR,Nico Collins,CollNi00,WR,Brandin Cooks,CookBr00,WR,Chris Moore,MoorCh00,TE,O.J. Howard,,OL,Laremy Tunsil,TunsLa00,OL,Kenyon Green,GreeKe03,OL,Scott Quessenberry,QuesSc00,OL,Tytus Howard,HowaTy00,OL,A.J. Cann,,DL,Maliek Collins,CollMa00,DL,Jonathan Greenard,GreeJo04,DL,Jerry Hughes,HughJe99,DL,Roy Lopez,LopeRo00,LB,Christian Kirksey,KirkCh00,LB,Kamu Grugier-Hill,GrugKa00,LB,Blake Cashman,CashBl00,DB,Jonathan Owens,OwenJo01,DB,Steven Nelson,NelsSt01,DB,Jalen Pitre,PitrJa00,DB,Derek Stingley Jr.,StinDe00,QB,Justin Herbert,HerbJu00,RB,Austin Ekeler,EkelAu00,WR,Mike Williams,WillMi07,WR,Josh Palmer,PalmJo00,TE,Gerald Everett,EverGe00,TE,Tre' McKitty,McKiTr00,T,Trey Pipkins,PipkTr00,G,Matt Feiler,FeilMa00,G,Jamaree Salyer,SalyJa00,G,Zion Johnson,JohnZi00,C,Corey Linsley,LinsCo00,DT,Sebastian Joseph-Day,JoseSe00,DT,Austin Johnson,JohnAu01,OLB,Khalil Mack,MackKh00,OLB,Kyle Van Noy,VanNKy00,LB,Kenneth Murray,MurrKe00,LB,Drue Tranquill,TranDr00,CB,J.C. Jackson,,CB,Asante Samuel Jr.,SamuAs00,CB,Bryce Callahan,CallBr00,S,Nasir Adderley,AddeNa00,S,Derwin James,JameDe00,Referee,Alex Kemp,Umpire,Mike Morton,Down Judge,Danny Short,Line Judge,Jeff Bergman,Back Judge,Scott Helverson,Side Judge,Dale Shaw,Field Judge,John Jenkins
202210020nor,2022-10-02,Sunday,9:30am,New Orleans Saints,Minnesota Vikings,nor,min,25,28,Dennis Allen,Kevin O'Connell,Tottenham Stadium,60639,3:02,outdoors,grass,"64 degrees, relative humidity 49%, wind 8 mph",QB,Andy Dalton,DaltAn00,RB,Mark Ingram,IngrMa01,WR,Marquez Callaway,CallMa01,WR,Chris Olave,OlavCh00,TE,Adam Trautman,TrauAd00,TE,J.P. Holtz,,OL,Erik McCoy,McCoEr01,OL,Calvin Throckmorton,ThroCa01,OL,Cesar Ruiz,RuizCe00,OL,James Hurst,HursJa00,T,Ryan Ramczyk,RamcRy00,DE,Cameron Jordan,JordCa00,DE,Marcus Davenport,DaveMa00,DT,David Onyemata,OnyeDa00,DT,Shy Tuttle,TuttSh00,LB,Demario Davis,DaviDe00,LB,Pete Werner,WernPe00,CB,Marshon Lattimore,LattMa01,CB,Paulson Adebo,AdebPa00,CB,Bradley Roby,RobyBr00,CB,P.J. Williams,,FS,Tyrann Mathieu,MathTy00,QB,Kirk Cousins,CousKi00,RB,Dalvin Cook,CookDa01,WR,Adam Thielen,ThieAd00,WR,K.J. Osborn,OsboKJ00,WR,Justin Jefferson,JeffJu00,TE,Johnny Mundt,MundJo00,T,Christian Darrisaw,DarrCh00,T,Brian O'Neill,ONeiBr00,G,Ezra Cleveland,ClevEz00,G,Ed Ingram,IngrEd00,C,Garrett Bradbury,BradGa00,DL,Jonathan Bullard,BullJo00,DT,Harrison Phillips,PhilHa00,DT,Dalvin Tomlinson,TomlDa00,OLB,Danielle Hunter,HuntDa01,LB,Eric Kendricks,KendEr00,LB,Jordan Hicks,HickJo00,LB,Za'Darius Smith,SmitZa00,CB,Cameron Dantzler,DantCa00,CB,Patrick Peterson,PetePa00,S,Harrison Smith,SmitHa00,S,Camryn Bynum,BynuCa00,Referee,Clete Blakeman,Umpire,Tab Slaughter,Down Judge,Dana McKenzie,Line Judge,Julian Mapp,Back Judge,Perry Paganelli,Side Judge,Lo Van Pham,Field Judge,Terry Brown
202210020nyg,2022-10-02,Sunday,1:00pm,New York Giants,Chicago Bears,nyg,chi,20,12,Brian Daboll,Matt Eberflus,MetLife Stadium,74044,2:59,outdoors,fieldturf,"59 degrees, relative humidity 63%, wind 15 mph",QB,Daniel Jones,JoneDa05,RB,Saquon Barkley,BarkSa00,FB,Chris Myarick,MyarCh00,WR,Kenny Golladay,GollKe00,WR,David Sills V,SillDa01,TE,Daniel Bellinger,BellDa00,OL,Jon Feliciano,FeliJo00,OL,Mark Glowinski,GlowMa00,T,Andrew Thomas,ThomAn02,T,Evan Neal,NealEv00,G,Ben Bredeson,BredBe00,DL,Nick Williams,WillNi01,DL,Dexter Lawrence,LawrDe03,DL,Justin Ellis,ElliJu01,OLB,Azeez Ojulari,OjulAz00,OLB,Kayvon Thibodeaux,ThibKa00,LB,Micah McFadden,McFaMi01,LB,Tae Crowder,CrowTa00,CB,Aaron Robinson,RobiAa00,CB,Adoree' Jackson,JackAd00,S,Xavier McKinney,McKiXa00,S,Julian Love,LoveJu00,QB,Justin Fields,FielJu00,RB,Khalil Herbert,HerbKh00,WR,Equanimeous St. Brown,,WR,Darnell Mooney,MoonDa00,TE,Trevon Wesco,WescTr00,TE,Cole Kmet,KmetCo00,OL,Cody Whitehair,WhitCo03,OL,Braxton Jones,JoneBr08,OL,Lucas Patrick,PatrLu00,OL,Larry Borom,BoroLa00,OL,Sam Mustipher,MustSa01,DL,Al-Quadin Muhammad,MuhaAl00,DL,Robert Quinn,QuinRo00,DL,Justin Jones,JoneJu03,DT,Armon Watts,WattAr01,LB,Nicholas Morrow,MorrNi00,LB,Roquan Smith,SmitRo07,LB,Joe Thomas,ThomJo04,DB,Eddie Jackson,JackEd01,DB,Kindle Vildor,VildKi00,DB,Kyler Gordon,GordKy00,DB,Jaquan Brisker,BrisJa01,Referee,Carl Cheffers,Umpire,Brandon Cruse,Down Judge,Mike Carr,Line Judge,Jeff Seeman,Back Judge,Matt Edwards,Side Judge,Eugene Hall,Field Judge,Nathan Jones
202210020phi,2022-10-02,Sunday,1:00pm,Philadelphia Eagles,Jacksonville Jaguars,phi,jax,29,21,Nick Sirianni,Doug Pederson,Lincoln Financial Field,69879,2:56,outdoors,grass,"57 degrees, relative humidity 93%, wind 11 mph",QB,Jalen Hurts,HurtJa00,RB,Miles Sanders,SandMi01,WR,A.J. Brown,BrowAJ00,WR,DeVonta Smith,SmitDe07,TE,Jack Stoll,StolJa00,TE,Dallas Goedert,GoedDa00,T,Lane Johnson,JohnLa01,T,Jordan Mailata,MailJo00,G,Landon Dickerson,DickLa00,G,Isaac Seumalo,SeumIs00,C,Jason Kelce,KelcJa00,DE,Josh Sweat,SweaJo00,DT,Javon Hargrave,HargJa00,DT,Jordan Davis,DaviJo03,DT,Fletcher Cox,CoxxFl00,LB,T.J. Edwards,EdwaTJ02,LB,Haason Reddick,ReddHa00,CB,James Bradberry,BradJa00,CB,Josiah Scott,ScotJo00,CB,Darius Slay,SlayDa00,S,C.J. Gardner-Johnson,GardCh00,S,Marcus Epps,EppsMa00,QB,Trevor Lawrence,LawrTr00,RB,James Robinson,RobiJa00,WR,Christian Kirk,KirkCh01,WR,Tim Jones,JoneTi00,WR,Marvin Jones,JoneMa02,TE,Chris Manhertz,ManhCh00,OL,Ben Bartch,BartBe00,OL,Jawaan Taylor,TaylJa02,OL,Cam Robinson,RobiCa00,OL,Luke Fortner,FortLu01,G,Brandon Scherff,ScheBr00,DE,Roy Robertson-Harris,RobeRo00,DT,DaVon Hamilton,HamiDa02,DT,Folorunso Fatukasi,FatuFo00,OLB,Josh Hines-Allen,AlleJo03,OLB,Travon Walker,WalkTr03,LB,Devin Lloyd,LloyDe00,LB,Foyesade Oluokun,OluoFo00,CB,Shaquill Griffin,GrifSh00,CB,Tyson Campbell,CampTy01,S,Rayshawn Jenkins,JenkRa00,S,Andre Cisco,CiscAn00,Referee,Shawn Hochuli,Umpire,Terry Killens,Down Judge,Patrick Holt,Line Judge,Greg Bradley,Back Judge,Rich Martinez,Side Judge,Chad Hill,Field Judge,Anthony Flemming
202210020pit,2022-10-02,Sunday,1:00pm,Pittsburgh Steelers,New York Jets,pit,nyj,20,24,Mike Tomlin,Robert Saleh,Acrisure Stadium,66578,3:13,outdoors,grass,"57 degrees, relative humidity 77%, wind 7 mph",QB,Mitchell Trubisky,TrubMi00,RB,Najee Harris,HarrNa00,WR,Chase Claypool,ClayCh01,WR,George Pickens,PickGe00,WR,Diontae Johnson,JohnDi01,TE,Pat Freiermuth,FreiPa00,OL,Mason Cole,ColeMa02,OL,James Daniels,DaniJa01,OL,Kevin Dotson,DotsKe00,OL,Chukwuma Okorafor,OkorCh00,T,Dan Moore,MoorDa05,DT,Montravius Adams,AdamMo00,DT,Cameron Heyward,HeywCa01,DT,Larry Ogunjobi,OgunLa00,LB,Devin Bush Jr.,BushDe01,LB,Malik Reed,ReedMa01,LB,Myles Jack,JackMy00,LB,Alex Highsmith,HighAl02,CB,Cameron Sutton,SuttCa00,CB,Levi Wallace,WallLe00,S,Minkah Fitzpatrick,FitzMi00,S,Terrell Edmunds,EdmuTe00,QB,Zach Wilson,WilsZa00,RB,Michael Carter,CartMi03,WR,Corey Davis,DaviCo03,WR,Elijah Moore,MoorEl00,TE,Tyler Conklin,ConkTy00,TE,C.J. Uzomah,,OL,Max Mitchell,MitcMa02,OL,Alijah Vera-Tucker,VeraAl00,OL,Connor McGovern,McGoCo00,OL,Nate Herbig,HerbNa01,G,Laken Tomlinson,TomlLa01,DE,Carl Lawson,LawsCa00,DT,Sheldon Rankins,RankSh00,DT,John Franklin-Myers,FranJo02,DT,Quinnen Williams,WillQu00,LB,Kwon Alexander,AlexKw00,LB,C.J. Mosley,,CB,D.J. Reed,,CB,Sauce Gardner,GardSa00,CB,Michael Carter II,CartMi02,S,Lamarcus Joyner,JoynLa00,S,Jordan Whitehead,WhitJo03,Referee,Brad Rogers,Umpire,Carl Paganelli,Down Judge,Kent Payne,Line Judge,Tom Eaton,Back Judge,Greg Steed,Side Judge,Anthony Jeffries,Field Judge,Aaron Santi
202210020rai,2022-10-02,Sunday,4:25pm,Las Vegas Raiders,Denver Broncos,rai,den,32,23,Josh McDaniels,Nathaniel Hackett,Allegiant Stadium,62332,3:09,dome,grass,,QB,Derek Carr,CarrDe02,RB,Josh Jacobs,JacoJo01,WR,Davante Adams,AdamDa01,WR,Mack Hollins,HollMa00,WR,Keelan Cole,ColeKe00,TE,Darren Waller,WallDa01,OL,Jermaine Eluemunor,ElueJe00,OL,Alex Bars,BarsAl01,T,Kolton Miller,MillKo00,G,Dylan Parham,ParhDy00,C,Andre James,JameAn01,DE,Maxx Crosby,CrosMa00,DE,Chandler Jones,JoneCh03,DT,Johnathan Hankins,HankJo00,DT,Andrew Billings,BillAn00,DT,Bilal Nichols,NichBi00,LB,Divine Deablo,DeabDi00,LB,Denzel Perryman,PerrDe00,CB,Nate Hobbs,HobbNa00,CB,Amik Robertson,RobeAm00,S,Duron Harmon,HarmDu00,S,Johnathan Abram,AbraJo01,QB,Russell Wilson,WilsRu00,RB,Javonte Williams,WillJa10,WR,Courtland Sutton,SuttCo00,WR,Jerry Jeudy,JeudJe00,TE,Eric Tomlinson,TomlEr01,TE,Eric Saubert,SaubEr00,T,Cameron Fleming,FlemCa00,T,Garett Bolles,BollGa00,G,Graham Glasgow,GlasGr00,G,Dalton Risner,RisnDa00,C,Lloyd Cushenberry III,CushLl00,DE,Dre'Mont Jones,JoneDr00,DT,D.J. Jones,,OLB,Randy Gregory,GregRa00,OLB,Bradley Chubb,ChubBr00,LB,Josey Jewell,JeweJo00,LB,Jonas Griffith,GrifJo01,CB,Patrick Surtain II,SurtPa01,CB,Ronald Darby,DarbRo00,CB,K'Waun Williams,WillKW00,S,Kareem Jackson,JackKa99,S,Caden Sterns,SterCa00,Referee,Land Clark,Umpire,Paul King,Down Judge,Tom Stephan,Line Judge,Brian Bolinger,Back Judge,Greg Meyer,Side Judge,Dominique Pender,Field Judge,Michael Banks
202210020rav,2022-10-02,Sunday,1:00pm,Baltimore Ravens,Buffalo Bills,rav,buf,20,23,John Harbaugh,Sean McDermott,M&amp;T Bank Stadium,70494,3:02,outdoors,grass,"58 degrees, relative humidity 78%, wind 2 mph",QB,Lamar Jackson,JackLa00,RB,J.K. Dobbins,DobbJK00,FB,Patrick Ricard,RicaPa00,WR,Rashod Bateman,BateRa00,WR,Devin Duvernay,DuveDe00,TE,Mark Andrews,AndrMa00,T,Morgan Moses,MoseMo00,T,Daniel Faalele,FaalDa00,G,Ben Powers,PoweBe00,G,Kevin Zeitler,ZeitKe00,C,Tyler Linderbaum,LindTy00,DT,Calais Campbell,CampCa99,DT,Broderick Washington Jr.,WashBr01,OLB,Odafe Oweh,OwehJa00,OLB,Jason Pierre-Paul,PierJa99,LB,Patrick Queen,QueePa00,LB,Josh Bynes,ByneJo00,CB,Marlon Humphrey,HumpMa00,CB,Marcus Peters,PeteMa00,DB,Brandon Stephens,StepBr01,S,Chuck Clark,ClarCh00,S,Marcus Williams,WillMa06,QB,Josh Allen,AlleJo02,RB,Devin Singletary,SingDe00,WR,Gabe Davis,DaviGa01,WR,Isaiah McKenzie,McKeIs00,WR,Stefon Diggs,DiggSt00,TE,Dawson Knox,KnoxDa00,OL,Ryan Bates,BateRy02,T,Dion Dawkins,DawkDi00,T,Spencer Brown,BrowSp00,G,Rodger Saffold,SaffRo20,C,Mitch Morse,MorsMi00,DE,Gregory Rousseau,RousGr00,DT,DaQuan Jones,JoneDa04,DT,Tim Settle,SettTi00,LB,Tremaine Edmunds,EdmuTr01,LB,Matt Milano,MilaMa00,LB,Von Miller,MillVo00,CB,Kaiir Elam,ElamKa00,CB,Dane Jackson,JackDa02,CB,Taron Johnson,JohnTa01,S,Damar Hamlin,HamlDa00,S,Jordan Poyer,PoyeJo00,Referee,Jerome Boger,Umpire,Barry Anderson,Down Judge,Frank LeBlanc,Line Judge,Rusty Baynes,Back Judge,Steve Patrick,Side Judge,Jonah Monroe,Field Judge,Alonzo Ramsey
202210020tam,2022-10-02,Sunday,8:20pm,Tampa Bay Buccaneers,Kansas City Chiefs,tam,kan,31,41,Todd Bowles,Andy Reid,Raymond James Stadium,68348,3:09,outdoors,grass,"75 degrees, relative humidity 64%, wind 2 mph",QB,Tom Brady,BradTo00,RB,Leonard Fournette,FourLe00,WR,Julio Jones,JoneJu02,WR,Chris Godwin,GodwCh00,WR,Mike Evans,EvanMi00,TE,Cade Otton,OttoCa00,OL,Robert Hainsey,HainRo00,T,Tristan Wirfs,WirfTr00,T,Donovan Smith,SmitDo02,G,Luke Goedeke,GoedLu00,G,Shaq Mason,MasoSh01,DL,Rakeem Nunez-Roches,NuneRa00,DL,Vita Vea,VeaxVi00,OLB,Shaquil Barrett,BarrSh00,OLB,Joe Tryon-Shoyinka,TryoJo00,LB,Lavonte David,DaviLa00,LB,Devin White,WhitDe02,CB,Carlton Davis,DaviCa02,CB,Jamel Dean,DeanJa00,S,Mike Edwards,EdwaMi01,S,Logan Ryan,RyanLo00,S,Antoine Winfield Jr.,WinfAn00,QB,Patrick Mahomes,MahoPa00,RB,Clyde Edwards-Helaire,EdwaCl00,WR,JuJu Smith-Schuster,SmitJu00,WR,Mecole Hardman,HardMe00,WR,Skyy Moore,MoorSk01,TE,Travis Kelce,KelcTr00,OL,Joe Thuney,ThunJo00,OL,Trey Smith,SmitTr05,T,Orlando Brown Jr.,BrowOr00,G,Andrew Wylie,WyliAn00,C,Creed Humphrey,HumpCr00,DE,George Karlaftis III,KarlGe00,DE,Frank Clark,ClarFr01,DT,Chris Jones,JoneCh09,DT,Derrick Nnadi,NnadDe00,LB,Darius Harris,HarrDa07,LB,Nick Bolton,BoltNi00,CB,Rashad Fenton,FentRa00,CB,L'Jarius Sneed,SneeLJ00,CB,Jaylen Watson,WatsJa02,S,Justin Reid,ReidJu00,S,Juan Thornhill,ThorJu00,Referee,Bill Vinovich,Umpire,Alex Moore,Down Judge,Jerry Bergman,Line Judge,Mark Perlman,Back Judge,Jimmy Russell,Side Judge,Jimmy Buchanan,Field Judge,Joe Blubaugh
202210030sfo,2022-10-03,Monday,8:15pm,San Francisco 49ers,Los Angeles Rams,sfo,ram,24,9,Kyle Shanahan,Sean McVay,Levi's Stadium,71597,2:47,outdoors,grass,"73 degrees, relative humidity 53%, wind 13 mph",QB,Jimmy Garoppolo,GaroJi00,FB,Kyle Juszczyk,JuszKy00,WR,Brandon Aiyuk,AiyuBr00,WR,Deebo Samuel,SamuDe00,WR,Ray-Ray McCloud,McClRa00,TE,George Kittle,KittGe00,OL,Aaron Banks,BankAa00,OL,Jake Brendel,BrenJa01,OL,Spencer Burford,BurfSp00,OL,Colton McKivitz,McKiCo00,T,Mike McGlinchey,McGlMi00,DL,Arik Armstead,ArmsAr01,DE,Nick Bosa,BosaNi00,DE,Samson Ebukam,EbukSa00,DT,Kevin Givens,GiveKe01,LB,Fred Warner,WarnFr00,LB,Dre Greenlaw,GreeDr00,CB,Emmanuel Moseley,MoseEm00,CB,Charvarius Ward,WardCh01,DB,Deommodore Lenoir,LenoDe00,S,Talanoa Hufanga,HufaTa00,S,Tashaun Gipson,GipsTa00,QB,Matthew Stafford,StafMa00,RB,Cam Akers,AkerCa00,WR,Ben Skowronek,SkowBe00,WR,Allen Robinson,RobiAl02,WR,Cooper Kupp,KuppCo00,TE,Tyler Higbee,HigbTy00,OL,Bobby Evans,EvanBo00,OL,Rob Havenstein,HaveRo00,OL,Coleman Shelton,ShelCo00,OL,Alaric Jackson,JackAl01,OL,Joseph Noteboom,NoteJo00,DT,Aaron Donald,DonaAa00,DT,A'Shawn Robinson,RobiAS00,DT,Greg Gaines,GainGr00,OLB,Leonard Floyd,FloyLe00,LB,Ernest Jones,JoneEr01,LB,Justin Hollins,HollJu00,LB,Bobby Wagner,WagnBo00,CB,Derion Kendrick,KendDe00,DB,Jalen Ramsey,RamsJa00,DB,Taylor Rapp,RappTa00,S,Nick Scott,ScotNi01,Referee,Brad Allen,Umpire,Duane Heydt,Down Judge,Sarah Thomas,Line Judge,Daniel Gallagher,Back Judge,Greg Yette,Side Judge,Boris Cheek,Field Judge,Rick Patterson
202210060den,2022-10-06,Thursday,8:15pm,Denver Broncos,Indianapolis Colts,den,clt,9,12,Nathaniel Hackett,Frank Reich,Empower Field at Mile High,76667,3:30,outdoors,grass,"69 degrees, relative humidity 24%, wind 6 mph",QB,Russell Wilson,WilsRu00,RB,Melvin Gordon,GordMe00,FB,Andrew Beck,BeckAn01,WR,Courtland Sutton,SuttCo00,WR,Jerry Jeudy,JeudJe00,TE,Eric Tomlinson,TomlEr01,T,Garett Bolles,BollGa00,T,Cameron Fleming,FlemCa00,G,Graham Glasgow,GlasGr00,G,Dalton Risner,RisnDa00,C,Lloyd Cushenberry III,CushLl00,DL,Mike Purcell,PurcMi00,DE,Dre'Mont Jones,JoneDr00,DT,D.J. Jones,,DT,DeShawn Williams,WillDe04,OLB,Bradley Chubb,ChubBr00,LB,Josey Jewell,JeweJo00,CB,Patrick Surtain II,SurtPa01,CB,Ronald Darby,DarbRo00,CB,K'Waun Williams,WillKW00,S,Kareem Jackson,JackKa99,S,Caden Sterns,SterCa00,QB,Matt Ryan,RyanMa00,RB,Nyheim Hines,HineNy00,WR,Parris Campbell,CampPa00,WR,Michael Pittman Jr.,PittMi01,WR,Alec Pierce,PierAl00,TE,Mo Alie-Cox,AlieMo00,OL,Quenton Nelson,NelsQu00,T,Bernhard Raimann,RaimBe00,T,Matt Pryor,PryoMa00,T,Braden Smith,SmitBr06,C,Ryan Kelly,KellRy00,DE,Yannick Ngakoue,NgakYa00,DE,Kwity Paye,PayeKw00,DT,Grover Stewart,StewGr00,DT,DeForest Buckner,BuckDe00,LB,E.J. Speed,SpeeEJ00,LB,Bobby Okereke,OkerBo00,LB,Zaire Franklin,FranZa00,CB,Kenny Moore,MoorKe03,CB,Stephon Gilmore,GilmSt00,DB,Rodney Thomas II,ThomRo07,S,Rodney McLeod,McLeRo00,Referee,Brad Rogers,Umpire,Carl Paganelli,Down Judge,Kent Payne,Line Judge,Tom Eaton,Back Judge,Greg Steed,Side Judge,Anthony Jeffries,Field Judge,Aaron Santi
202210090buf,2022-10-09,Sunday,1:00pm,Buffalo Bills,Pittsburgh Steelers,buf,pit,38,3,Sean McDermott,Mike Tomlin,Highmark Stadium,70764,3:10,outdoors,a_turf,"55 degrees, relative humidity 62%, wind 16 mph",QB,Josh Allen,AlleJo02,RB,Devin Singletary,SingDe00,WR,Gabe Davis,DaviGa01,WR,Khalil Shakir,ShakKh00,WR,Stefon Diggs,DiggSt00,TE,Quintin Morris,MorrQu00,OL,Ryan Bates,BateRy02,T,Dion Dawkins,DawkDi00,T,Spencer Brown,BrowSp00,G,Rodger Saffold,SaffRo20,C,Mitch Morse,MorsMi00,DE,Gregory Rousseau,RousGr00,DT,DaQuan Jones,JoneDa04,DT,Ed Oliver,OlivEd00,LB,Matt Milano,MilaMa00,LB,Von Miller,MillVo00,LB,Tyrel Dodson,DodsTy01,CB,Kaiir Elam,ElamKa00,CB,Dane Jackson,JackDa02,CB,Taron Johnson,JohnTa01,S,Damar Hamlin,HamlDa00,S,Jaquan Johnson,JohnJa11,QB,Kenny Pickett,PickKe00,RB,Najee Harris,HarrNa00,FB,Derek Watt,WattDe00,WR,Diontae Johnson,JohnDi01,WR,Chase Claypool,ClayCh01,TE,Zach Gentry,GentZa00,OL,James Daniels,DaniJa01,OL,Kevin Dotson,DotsKe00,OL,Chukwuma Okorafor,OkorCh00,OL,Mason Cole,ColeMa02,T,Dan Moore,MoorDa05,DE,DeMarvin Leal,LealDe00,DT,Cameron Heyward,HeywCa01,DT,Larry Ogunjobi,OgunLa00,LB,Alex Highsmith,HighAl02,LB,Myles Jack,JackMy00,LB,Devin Bush Jr.,BushDe01,CB,Arthur Maulet,MaulAr00,CB,Levi Wallace,WallLe00,CB,Cameron Sutton,SuttCa00,DB,Tre Norwood,NorwTr00,S,Minkah Fitzpatrick,FitzMi00,Referee,John Hussey,Umpire,Alan Eck,Down Judge,Robin DeLorenzo,Line Judge,Carl Johnson,Back Judge,Brad Freeman,Side Judge,Allen Baynes,Field Judge,Jabir Walker
202210090car,2022-10-09,Sunday,4:05pm,Carolina Panthers,San Francisco 49ers,car,sfo,15,37,Matt Rhule,Kyle Shanahan,Bank of America Stadium,72321,3:07,outdoors,grass,"68 degrees, relative humidity 53%, wind 3 mph",QB,Baker Mayfield,MayfBa00,RB,Christian McCaffrey,McCaCh01,FB,Giovanni Ricci,RiccGi00,WR,D.J. Moore,,TE,Ian Thomas,ThomIa00,TE,Tommy Tremble,TremTo00,OL,Austin Corbett,CorbAu00,T,Taylor Moton,MotoTa00,T,Ikem Ekwonu,EkwoIk00,T,Brady Christensen,ChriBr00,G,Pat Elflein,ElflPa00,DE,Yetur Gross-Matos,GrosYe00,DE,Brian Burns,BurnBr00,DT,Matthew Ioannidis,IoanMa01,DT,Derrick Brown,BrowDe05,LB,Shaq Thompson,ThomSh01,LB,Damien Wilson,WilsDa02,LB,Cory Littleton,LittCo01,CB,Donte Jackson,JackDo02,CB,Jaycee Horn,HornJa00,DB,Myles Hartsfield,HartMy00,S,Juston Burris,BurrJu00,QB,Jimmy Garoppolo,GaroJi00,RB,Jeff Wilson,WilsJe01,FB,Kyle Juszczyk,JuszKy00,WR,Brandon Aiyuk,AiyuBr00,TE,Charlie Woerner,WoerCh00,TE,George Kittle,KittGe00,OL,Spencer Burford,BurfSp00,OL,Jake Brendel,BrenJa01,OL,Jaylon Moore,MoorJa04,OL,Aaron Banks,BankAa00,T,Mike McGlinchey,McGlMi00,DE,Samson Ebukam,EbukSa00,DE,Nick Bosa,BosaNi00,DT,Kevin Givens,GiveKe01,DT,Hassan Ridgeway,RidgHa00,LB,Dre Greenlaw,GreeDr00,LB,Fred Warner,WarnFr00,CB,Emmanuel Moseley,MoseEm00,CB,Charvarius Ward,WardCh01,DB,Jimmie Ward,WardJi01,S,Tashaun Gipson,GipsTa00,S,Talanoa Hufanga,HufaTa00,Referee,Shawn Smith,Umpire,Bryan Neale,Down Judge,Mark Hittner,Line Judge,Michael Dolce,Back Judge,Dino Paganelli,Side Judge,Clay Reynard,Field Judge,Dyrol Prioleau
202210090cle,2022-10-09,Sunday,1:00pm,Cleveland Browns,Los Angeles Chargers,cle,sdg,28,30,Kevin Stefanski,Brandon Staley,FirstEnergy Stadium,67431,3:01,outdoors,grass,"59 degrees, relative humidity 44%, wind 15 mph",QB,Jacoby Brissett,BrisJa00,RB,Nick Chubb,ChubNi00,WR,Amari Cooper,CoopAm00,TE,Pharaoh Brown,BrowPh01,TE,Harrison Bryant,BryaHa00,TE,David Njoku,NjokDa00,T,Jedrick Wills Jr.,WillJe04,T,Jack Conklin,ConkJa00,G,Wyatt Teller,TellWy00,G,Joel Bitonio,BitoJo00,C,Ethan Pocic,PociEt00,DE,Jadeveon Clowney,ClowJa00,DE,Myles Garrett,GarrMy00,DT,Jordan Elliott,ElliJo02,DT,Taven Bryan,BryaTa00,LB,Jeremiah Owusu-Koramoah,OwusJe00,LB,Jacob Phillips,PhilJa01,CB,Greg Newsome II,NewsGr00,CB,Denzel Ward,WardDe02,S,Grant Delpit,DelpGr00,S,Ronnie Harrison,HarrRo02,S,John Johnson,JohnJo10,QB,Justin Herbert,HerbJu00,RB,Austin Ekeler,EkelAu00,WR,Mike Williams,WillMi07,WR,DeAndre Carter,CartDe02,WR,Josh Palmer,PalmJo00,TE,Gerald Everett,EverGe00,T,Trey Pipkins,PipkTr00,G,Jamaree Salyer,SalyJa00,G,Matt Feiler,FeilMa00,G,Zion Johnson,JohnZi00,C,Corey Linsley,LinsCo00,DL,Morgan Fox,FoxxMo00,DT,Sebastian Joseph-Day,JoseSe00,DT,Austin Johnson,JohnAu01,OLB,Khalil Mack,MackKh00,OLB,Kyle Van Noy,VanNKy00,LB,Kenneth Murray,MurrKe00,LB,Drue Tranquill,TranDr00,CB,J.C. Jackson,,CB,Asante Samuel Jr.,SamuAs00,S,Derwin James,JameDe00,S,Alohi Gilman,GilmAl00,Referee,Adrian Hill,Umpire,Roy Ellison,Down Judge,David Oliver,Line Judge,Kevin Codey,Back Judge,Keith Ferguson,Side Judge,Jim Quirk,Field Judge,Mearl Robinson
202210090crd,2022-10-09,Sunday,4:25pm,Arizona Cardinals,Philadelphia Eagles,crd,phi,17,20,Kliff Kingsbury,Nick Sirianni,State Farm Stadium,63919,2:53,retractable roof (closed),grass,,QB,Kyler Murray,MurrKy00,RB,James Conner,ConnJa00,WR,Marquise Brown,BrowMa04,WR,Rondale Moore,MoorRo02,TE,Zach Ertz,ErtzZa00,TE,Trey McBride,McBrTr01,OL,Justin Pugh,PughJu00,OL,Kelvin Beachum,BeacKe00,OL,Sean Harlow,HarlSe00,OL,Will Hernandez,HernWi00,OL,D.J. Humphries,,DE,J.J. Watt,,DE,Zach Allen,AlleZa01,DT,Leki Fotu,FotuLe00,OLB,Devon Kennard,KennDe00,OLB,Markus Golden,GoldMa00,MLB,Tanner Vallejo,VallTa00,LB,Zaven Collins,CollZa00,CB,Byron Murphy,MurpBy00,S,Chris Banjo,BanjCh00,S,Jalen Thompson,ThomJa04,S,Budda Baker,BakeBu00,QB,Jalen Hurts,HurtJa00,RB,Miles Sanders,SandMi01,WR,DeVonta Smith,SmitDe07,TE,Grant Calcaterra,CalcGr00,TE,Jack Stoll,StolJa00,TE,Dallas Goedert,GoedDa00,T,Jack Driscoll,DrisJa00,T,Lane Johnson,JohnLa01,G,Landon Dickerson,DickLa00,G,Isaac Seumalo,SeumIs00,C,Jason Kelce,KelcJa00,DE,Josh Sweat,SweaJo00,DT,Javon Hargrave,HargJa00,DT,Jordan Davis,DaviJo03,DT,Fletcher Cox,CoxxFl00,LB,T.J. Edwards,EdwaTJ02,LB,Haason Reddick,ReddHa00,CB,Josiah Scott,ScotJo00,CB,Darius Slay,SlayDa00,CB,James Bradberry,BradJa00,S,Marcus Epps,EppsMa00,S,C.J. Gardner-Johnson,GardCh00,Referee,Tra Blake,Umpire,Tony Michalek,Down Judge,Patrick Turner,Line Judge,Mark Stewart,Back Judge,Todd Prukop,Side Judge,Don Willard,Field Judge,Tom Hill
202210090gnb,2022-10-09,Sunday,9:30am,Green Bay Packers,New York Giants,gnb,nyg,22,27,Matt LaFleur,Brian Daboll,Tottenham Stadium,61024,2:59,outdoors,grass,"64 degrees, relative humidity 48%, wind 10 mph",QB,Aaron Rodgers,RodgAa00,RB,Aaron Jones,JoneAa00,WR,Romeo Doubs,DoubRo00,WR,Allen Lazard,LazaAl00,TE,Tyler Davis,DaviTy02,TE,Marcedes Lewis,LewiMa00,OL,Josh Myers,MyerJo00,OL,Royce Newman,NewmRo00,T,David Bakhtiari,BakhDa00,G,Jon Runyan Jr.,RunyJo00,G,Elgton Jenkins,JenkEl00,DL,Kenny Clark,ClarKe01,DE,Dean Lowry,LowrDe00,DT,Jarran Reed,ReedJa02,LB,Quay Walker,WalkQu00,LB,Preston Smith,SmitPr00,LB,Rashan Gary,GaryRa00,LB,De'Vondre Campbell,CampDe00,CB,Eric Stokes,StokEr00,CB,Jaire Alexander,AlexJa00,S,Darnell Savage Jr.,SavaDa00,S,Adrian Amos,AmosAd00,QB,Daniel Jones,JoneDa05,RB,Saquon Barkley,BarkSa00,FB,Chris Myarick,MyarCh00,WR,David Sills V,SillDa01,WR,Marcus Johnson,JohnMa07,TE,Daniel Bellinger,BellDa00,OL,Jon Feliciano,FeliJo00,OL,Mark Glowinski,GlowMa00,T,Andrew Thomas,ThomAn02,T,Evan Neal,NealEv00,G,Ben Bredeson,BredBe00,DL,Nick Williams,WillNi01,DL,Dexter Lawrence,LawrDe03,DL,Justin Ellis,ElliJu01,OLB,Jaylon Smith,SmitJa05,OLB,Kayvon Thibodeaux,ThibKa00,OLB,Jihad Ward,WardJi02,LB,Tae Crowder,CrowTa00,CB,Adoree' Jackson,JackAd00,DB,Fabian Moreau,MoreFa00,S,Xavier McKinney,McKiXa00,S,Julian Love,LoveJu00,Referee,Alex Kemp,Umpire,Mike Morton,Down Judge,Danny Short,Line Judge,Jeff Bergman,Back Judge,Scott Helverson,Side Judge,Dale Shaw,Field Judge,John Jenkins
202210090jax,2022-10-09,Sunday,1:00pm,Jacksonville Jaguars,Houston Texans,jax,htx,6,13,Doug Pederson,Lovie Smith,TIAA Bank Stadium,60018,2:58,outdoors,grass,"80 degrees, relative humidity 69%, wind 8 mph",QB,Trevor Lawrence,LawrTr00,RB,James Robinson,RobiJa00,WR,Christian Kirk,KirkCh01,WR,Zay Jones,JoneZa00,TE,Evan Engram,EngrEv00,TE,Chris Manhertz,ManhCh00,OL,Ben Bartch,BartBe00,OL,Jawaan Taylor,TaylJa02,OL,Cam Robinson,RobiCa00,OL,Luke Fortner,FortLu01,G,Brandon Scherff,ScheBr00,DL,Adam Gotsis,GotsAd00,DE,Roy Robertson-Harris,RobeRo00,DT,DaVon Hamilton,HamiDa02,OLB,Josh Hines-Allen,AlleJo03,OLB,Travon Walker,WalkTr03,LB,Devin Lloyd,LloyDe00,LB,Foyesade Oluokun,OluoFo00,CB,Shaquill Griffin,GrifSh00,CB,Tyson Campbell,CampTy01,S,Rayshawn Jenkins,JenkRa00,S,Andre Cisco,CiscAn00,QB,Davis Mills,MillDa02,RB,Dameon Pierce,PierDa01,WR,Nico Collins,CollNi00,WR,Brandin Cooks,CookBr00,TE,Mason Schreck,SchrMa00,TE,O.J. Howard,,OL,A.J. Cann,,OL,Kenyon Green,GreeKe03,OL,Laremy Tunsil,TunsLa00,OL,Tytus Howard,HowaTy00,OL,Scott Quessenberry,QuesSc00,DL,Maliek Collins,CollMa00,DL,Roy Lopez,LopeRo00,DL,Jerry Hughes,HughJe99,DL,Rasheem Green,GreeRa01,LB,Christian Kirksey,KirkCh00,LB,Kamu Grugier-Hill,GrugKa00,LB,Garret Wallow,WallGa00,DB,Steven Nelson,NelsSt01,DB,Jonathan Owens,OwenJo01,DB,Jalen Pitre,PitrJa00,DB,Derek Stingley Jr.,StinDe00,Referee,Ron Torbert,Umpire,Mark Pellis,Down Judge,Max Causey,Line Judge,Tim Podraza,Back Judge,Tony Josselyn,Side Judge,Keith Washington,Field Judge,Ryan Dickson
202210090min,2022-10-09,Sunday,1:00pm,Minnesota Vikings,Chicago Bears,min,chi,29,22,Kevin O'Connell,Matt Eberflus,U.S. Bank Stadium,66929,2:52,dome,sportturf,,QB,Kirk Cousins,CousKi00,RB,Dalvin Cook,CookDa01,WR,Adam Thielen,ThieAd00,WR,Justin Jefferson,JeffJu00,WR,K.J. Osborn,OsboKJ00,TE,Johnny Mundt,MundJo00,T,Christian Darrisaw,DarrCh00,T,Brian O'Neill,ONeiBr00,G,Ezra Cleveland,ClevEz00,G,Ed Ingram,IngrEd00,C,Garrett Bradbury,BradGa00,DT,Dalvin Tomlinson,TomlDa00,DT,Harrison Phillips,PhilHa00,OLB,Danielle Hunter,HuntDa01,LB,Eric Kendricks,KendEr00,LB,Za'Darius Smith,SmitZa00,LB,Jordan Hicks,HickJo00,CB,Patrick Peterson,PetePa00,CB,Chandon Sullivan,SullCh00,CB,Cameron Dantzler,DantCa00,S,Harrison Smith,SmitHa00,S,Camryn Bynum,BynuCa00,QB,Justin Fields,FielJu00,RB,David Montgomery,MontDa01,FB,Khari Blasingame,BlasKh00,WR,Equanimeous St. Brown,,WR,Darnell Mooney,MoonDa00,TE,Cole Kmet,KmetCo00,OL,Larry Borom,BoroLa00,OL,Lucas Patrick,PatrLu00,OL,Sam Mustipher,MustSa01,OL,Braxton Jones,JoneBr08,OL,Teven Jenkins,JenkTe00,DL,Justin Jones,JoneJu03,DL,Al-Quadin Muhammad,MuhaAl00,DL,Robert Quinn,QuinRo00,DT,Armon Watts,WattAr01,LB,Nicholas Morrow,MorrNi00,LB,Roquan Smith,SmitRo07,DB,Jaylon Jones,JoneJa12,DB,Eddie Jackson,JackEd01,DB,Kyler Gordon,GordKy00,DB,Jaquan Brisker,BrisJa01,DB,Kindle Vildor,VildKi00,Referee,Shawn Hochuli,Umpire,Terry Killens,Down Judge,Patrick Holt,Line Judge,Greg Bradley,Back Judge,Rich Martinez,Side Judge,Chad Hill,Field Judge,Anthony Flemming
202210090nor,2022-10-09,Sunday,1:00pm,New Orleans Saints,Seattle Seahawks,nor,sea,39,32,Dennis Allen,Pete Carroll,Caesars Superdome,70003,3:20,dome,sportturf,,QB,Andy Dalton,DaltAn00,RB,Alvin Kamara,KamaAl00,WR,Keith Kirkwood,KirkKe00,WR,Chris Olave,OlavCh00,TE,Adam Trautman,TrauAd00,TE,J.P. Holtz,,OL,Cesar Ruiz,RuizCe00,OL,James Hurst,HursJa00,OL,Andrus Peat,PeatAn00,OL,Erik McCoy,McCoEr01,T,Ryan Ramczyk,RamcRy00,DE,Marcus Davenport,DaveMa00,DE,Cameron Jordan,JordCa00,DT,Shy Tuttle,TuttSh00,DT,David Onyemata,OnyeDa00,LB,Pete Werner,WernPe00,LB,Kaden Elliss,ElliKa00,LB,Demario Davis,DaviDe00,CB,Marshon Lattimore,LattMa01,CB,Paulson Adebo,AdebPa00,FS,Tyrann Mathieu,MathTy00,S,Justin Evans,EvanJu00,QB,Geno Smith,SmitGe00,RB,Rashaad Penny,PennRa00,WR,D.K. Metcalf,MetcDK00,WR,Tyler Lockett,LockTy00,TE,Will Dissly,DissWi00,TE,Noah Fant,FantNo00,T,Charles Cross,CrosCh00,T,Abraham Lucas,LucaAb00,G,Austin Blythe,BlytAu00,G,Damien Lewis,LewiDa05,G,Gabe Jackson,JackGa00,DE,Shelby Harris,HarrSh00,DT,Poona Ford,FordPo00,DT,Al Woods,WoodAl99,LB,Boye Mafe,MafeBo00,LB,Uchenna Nwosu,NwosUc00,LB,Jordyn Brooks,BrooJo01,LB,Cody Barton,BartCo00,CB,Michael Jackson,JackMi01,CB,Riq Woolen,WoolTa00,SS,Ryan Neal,NealRy00,FS,Quandre Diggs,DiggQu00,Referee,Brad Allen,Umpire,Duane Heydt,Down Judge,Sarah Thomas,Line Judge,Daniel Gallagher,Back Judge,Greg Yette,Side Judge,Boris Cheek,Field Judge,Rick Patterson
202210090nwe,2022-10-09,Sunday,1:00pm,New England Patriots,Detroit Lions,nwe,det,29,0,Bill Belichick,Dan Campbell,Gillette Stadium,65878,2:55,outdoors,fieldturf,"58 degrees, relative humidity 44%, wind 12 mph",QB,Bailey Zappe,ZappBa00,RB,Damien Harris,HarrDa06,WR,Nelson Agholor,AghoNe00,WR,DeVante Parker,ParkDe01,TE,Hunter Henry,HenrHu00,OL,Isaiah Wynn,WynnIs00,OL,Trent Brown,BrowTr02,OL,Marcus Cannon,CannMa00,OL,Cole Strange,StraCo01,OL,Michael Onwenu,OnweMi00,C,David Andrews,AndrDa00,DL,Deatrich Wise Jr.,WiseDe00,DL,Christian Barmore,BarmCh00,DT,Davon Godchaux,GodcDa00,LB,Matt Judon,JudoMa00,LB,Jahlani Tavai,TavaJa00,LB,Ja'Whaun Bentley,BentJa00,CB,Jalen Mills,MillJa02,DB,Devin McCourty,McCoDe99,DB,Jonathan Jones,JoneJo03,DB,Adrian Phillips,PhilAd00,DB,Kyle Dugger,DuggKy00,QB,Jared Goff,GoffJa00,RB,Jamaal Williams,WillJa06,WR,Amon-Ra St. Brown,StxxAm00,WR,Josh Reynolds,ReynJo00,TE,Brock Wright,WrigBr01,TE,T.J. Hockenson,HockTJ00,T,Taylor Decker,DeckTa00,T,Penei Sewell,SewePe00,G,Jonah Jackson,JackJo03,G,Logan Stenberg,StenLo00,C,Frank Ragnow,RagnFr00,DL,Isaiah Buggs,BuggIs00,DL,Alim McNeill,McNeAl00,DE,Michael Brockers,BrocMi00,DE,Aidan Hutchinson,HutcAi00,LB,Anthony Pittman,PittAn01,LB,Malcolm Rodriguez,RodrMa00,LB,Alex Anzalone,AnzaAl00,CB,Jeff Okudah,OkudJe00,CB,Saivion Smith,SmitSa02,CB,Will Harris,HarrWi02,S,Kerby Joseph,JoseKe03,Referee,Craig Wrolstad,Umpire,Steve Woods,Down Judge,Jim Mello,Line Judge,Tripp Sutter,Back Judge,Grantis Bell,Side Judge,Jeff Lamberth,Field Judge,Jeff Shears
202210090nyj,2022-10-09,Sunday,1:00pm,New York Jets,Miami Dolphins,nyj,mia,40,17,Robert Saleh,Mike McDaniel,MetLife Stadium,82500,3:09,outdoors,fieldturf,"63 degrees, relative humidity 37%, wind 12 mph",QB,Zach Wilson,WilsZa00,RB,Michael Carter,CartMi03,WR,Elijah Moore,MoorEl00,WR,Garrett Wilson,WilsGa00,WR,Corey Davis,DaviCo03,TE,Tyler Conklin,ConkTy00,OL,Nate Herbig,HerbNa01,OL,Connor McGovern,McGoCo00,OL,Alijah Vera-Tucker,VeraAl00,T,Duane Brown,BrowDu20,G,Laken Tomlinson,TomlLa01,DE,Carl Lawson,LawsCa00,DT,John Franklin-Myers,FranJo02,DT,Quinnen Williams,WillQu00,DT,Sheldon Rankins,RankSh00,LB,C.J. Mosley,,LB,Kwon Alexander,AlexKw00,CB,D.J. Reed,,CB,Sauce Gardner,GardSa00,S,Will Parks,ParkWi01,S,Jordan Whitehead,WhitJo03,S,Lamarcus Joyner,JoynLa00,QB,Teddy Bridgewater,BridTe00,RB,Raheem Mostert,MostRa00,FB,Alec Ingold,IngoAl01,WR,Tyreek Hill,HillTy00,WR,Jaylen Waddle,WaddJa00,TE,Durham Smythe,SmytDu00,OL,Liam Eichenberg,EichLi00,OL,Connor Williams,WillCo00,OL,Robert Hunt,HuntRo01,T,Terron Armstead,ArmsTe00,T,Greg Little,LittGr01,DT,Raekwon Davis,DaviRa03,DT,Christian Wilkins,WilkCh00,DT,Zach Sieler,SielZa00,LB,Jerome Baker,BakeJe00,LB,Andrew Van Ginkel,VanGAn00,LB,Elandon Roberts,RobeEl00,LB,Melvin Ingram,IngrMe00,CB,Nik Needham,NeedNi00,CB,Kader Kohou,KohoKa00,S,Brandon Jones,JoneBr06,S,Jevon Holland,HollJe02,Referee,Clay Martin,Umpire,Fred Bryan,Down Judge,Jerod Phillips,Line Judge,Maia Chaka,Back Judge,Greg Wilson,Side Judge,Dave Hawkshaw,Field Judge,James Coleman
202210090ram,2022-10-09,Sunday,4:25pm,Los Angeles Rams,Dallas Cowboys,ram,dal,10,22,Sean McVay,Mike McCarthy,SoFi Stadium,74154,2:56,dome,matrixturf,,QB,Matthew Stafford,StafMa00,RB,Cam Akers,AkerCa00,WR,Allen Robinson,RobiAl02,WR,Ben Skowronek,SkowBe00,WR,Cooper Kupp,KuppCo00,TE,Tyler Higbee,HigbTy00,OL,Joseph Noteboom,NoteJo00,OL,David Edwards,EdwaDa01,OL,Rob Havenstein,HaveRo00,OL,Alaric Jackson,JackAl01,G,Jeremiah Kolone,KoloJe00,DT,A'Shawn Robinson,RobiAS00,DT,Greg Gaines,GainGr00,DT,Aaron Donald,DonaAa00,DT,Marquise Copeland,CopeMa01,OLB,Leonard Floyd,FloyLe00,LB,Bobby Wagner,WagnBo00,CB,Derion Kendrick,KendDe00,DB,Jalen Ramsey,RamsJa00,DB,Grant Haley,HaleGr00,S,Nick Scott,ScotNi01,S,Terrell Burgess,BurgTe00,QB,Cooper Rush,RushCo00,RB,Ezekiel Elliott,ElliEz00,WR,CeeDee Lamb,LambCe00,WR,Noah Brown,BrowNo00,TE,Dalton Schultz,SchuDa00,TE,Jake Ferguson,FergJa00,OL,Tyler Smith,SmitTy02,T,Terence Steele,SteeTe01,G,Zack Martin,MartZa00,G,Connor McGovern,McGoCo01,C,Tyler Biadasz,BiadTy00,DE,DeMarcus Lawrence,LawrDe00,DE,Dorance Armstrong Jr.,ArmsDo00,DT,Neville Gallimore,GallNe00,DT,Osa Odighizuwa,OdigOs00,LB,Leighton Vander Esch,VandLe00,LB,Micah Parsons,ParsMi00,CB,Jourdan Lewis,LewiJo01,CB,Trevon Diggs,DiggTr00,CB,Anthony Brown,BrowAn02,S,Jayron Kearse,KearJa00,S,Donovan Wilson,WilsDo01,Referee,Bill Vinovich,Umpire,Alex Moore,Down Judge,Jerry Bergman,Line Judge,Mark Perlman,Back Judge,Jimmy Russell,Side Judge,Jimmy Buchanan,Field Judge,Joe Blubaugh
202210090rav,2022-10-09,Sunday,8:20pm,Baltimore Ravens,Cincinnati Bengals,rav,cin,19,17,John Harbaugh,Zac Taylor,M&amp;T Bank Stadium,70548,2:57,outdoors,grass,"60 degrees, relative humidity 42%, wind 3 mph",QB,Lamar Jackson,JackLa00,RB,J.K. Dobbins,DobbJK00,FB,Patrick Ricard,RicaPa00,WR,Devin Duvernay,DuveDe00,TE,Mark Andrews,AndrMa00,TE,Josh Oliver,OlivJo00,T,Ronnie Stanley,StanRo00,T,Morgan Moses,MoseMo00,G,Kevin Zeitler,ZeitKe00,G,Ben Powers,PoweBe00,C,Tyler Linderbaum,LindTy00,DT,Nnamdi Madubuike,MaduJu00,DT,Calais Campbell,CampCa99,OLB,Odafe Oweh,OwehJa00,OLB,Jason Pierre-Paul,PierJa99,LB,Patrick Queen,QueePa00,LB,Josh Bynes,ByneJo00,CB,Marcus Peters,PeteMa00,CB,Marlon Humphrey,HumpMa00,DB,Brandon Stephens,StepBr01,S,Chuck Clark,ClarCh00,S,Marcus Williams,WillMa06,QB,Joe Burrow,BurrJo01,RB,Joe Mixon,MixoJo00,WR,Ja'Marr Chase,ChasJa00,WR,Tee Higgins,HiggTe00,WR,Tyler Boyd,BoydTy00,TE,Hayden Hurst,HursHa00,OL,Cordell Volson,VolsCo02,T,La'el Collins,CollLa01,T,Jonah Williams,WillJo10,G,Alex Cappa,CappAl00,C,Ted Karras,KarrTe00,DE,Trey Hendrickson,HendTr00,DE,Sam Hubbard,HubbSa00,DT,Josh Tupou,TupoJo00,DT,Zachary Carter,CartZa00,DT,B.J. Hill,,LB,Logan Wilson,WilsLo00,LB,Germaine Pratt,PratGe00,CB,Chidobe Awuzie,AwuzCh00,CB,Eli Apple,ApplEl00,S,Vonn Bell,BellVo00,S,Jessie Bates III,BateJe00,Referee,Scott Novak,Umpire,Ramon George,Down Judge,Derick Bowers,Line Judge,Walt Coleman IV,Back Judge,Terrence Miles,Side Judge,David Meslow,Field Judge,Tra Boger
202210090tam,2022-10-09,Sunday,1:00pm,Tampa Bay Buccaneers,Atlanta Falcons,tam,atl,21,15,Todd Bowles,Arthur Smith,Raymond James Stadium,68299,3:04,outdoors,grass,"83 degrees, relative humidity 57%, wind 8 mph",QB,Tom Brady,BradTo00,RB,Leonard Fournette,FourLe00,WR,Chris Godwin,GodwCh00,WR,Mike Evans,EvanMi00,WR,Russell Gage,GageRu00,TE,Cade Otton,OttoCa00,OL,Robert Hainsey,HainRo00,T,Tristan Wirfs,WirfTr00,T,Donovan Smith,SmitDo02,G,Luke Goedeke,GoedLu00,G,Shaq Mason,MasoSh01,DL,William Gholston,GholWi00,DL,Rakeem Nunez-Roches,NuneRa00,DL,Vita Vea,VeaxVi00,OLB,Joe Tryon-Shoyinka,TryoJo00,OLB,Shaquil Barrett,BarrSh00,LB,Lavonte David,DaviLa00,LB,Devin White,WhitDe02,CB,Jamel Dean,DeanJa00,CB,Carlton Davis,DaviCa02,S,Mike Edwards,EdwaMi01,S,Antoine Winfield Jr.,WinfAn00,QB,Marcus Mariota,MariMa01,RB,Avery Williams,WillAv02,RB,Tyler Allgeier,AllgTy00,WR,Olamide Zaccheaus,ZaccOl01,WR,Drake London,LondDr00,TE,Parker Hesse,HessPa00,OL,Drew Dalman,DalmDr00,T,Elijah Wilkinson,WilkEl00,T,Kaleb McGary,McGaKa00,T,Jake Matthews,MattJa00,G,Chris Lindstrom,LindCh00,DL,Ta'Quon Graham,GrahTa00,DT,Grady Jarrett,JarrGr00,OLB,Adetokunbo Ogundeji,OgunAd01,LB,Mykal Walker,WalkMy00,LB,Rashaan Evans,EvanRa01,LB,Lorenzo Carter,CartLo01,CB,Casey Hayward,HaywCa00,CB,AJ Terrell,TerrAJ00,SS,Jaylinn Hawkins,HawkJa00,DB,Mike Ford,FordMi01,S,Richie Grant,GranRi00,Referee,Jerome Boger,Umpire,Barry Anderson,Down Judge,Frank LeBlanc,Line Judge,Rusty Baynes,Back Judge,Steve Patrick,Side Judge,Jonah Monroe,Field Judge,Alonzo Ramsey
202210090was,2022-10-09,Sunday,1:00pm,Washington Commanders,Tennessee Titans,was,oti,17,21,Ron Rivera,Mike Vrabel,FedExField,51836,3:12,outdoors,grass,"61 degrees, relative humidity 36%, wind 9 mph",QB,Carson Wentz,WentCa00,RB,Antonio Gibson,GibsAn00,WR,Cam Sims,SimsCa00,WR,Curtis Samuel,SamuCu00,WR,Terry McLaurin,McLaTe00,TE,John Bates,BateJo00,T,Charles Leno Jr.,LenoCh00,T,Cornelius Lucas,LucaCo01,T,Saahdiq Charles,CharSa00,G,Andrew Norwell,NorwAn01,C,Nick Martin,MartNi00,DE,James Smith-Williams,SmitJa08,DE,Montez Sweat,SweaMo00,DT,Daron Payne,PaynDa00,DT,Jonathan Allen,AlleJo01,LB,Cole Holcomb,HolcCo00,LB,Jamin Davis,DaviJa11,CB,Kendall Fuller,FullKe00,CB,William Jackson III,JackWi02,CB,Benjamin St-Juste,StJuBe00,S,Bobby McCain,McCaBo01,S,Kamren Curl,CurlKa00,QB,Ryan Tannehill,TannRy00,RB,Derrick Henry,HenrDe00,WR,Robert Woods,WoodRo02,WR,Nick Westbrook-Ikhine,WestNi00,WR,Cody Hollister,HollCo00,TE,Geoff Swaim,SwaiGe00,OL,Dennis Daley,DaleDe00,OL,Dillon Radunz,RaduDi00,OL,Nicholas Petit-Frere,PetiNi00,G,Aaron Brewer,BrewAa01,C,Ben Jones,JoneBe01,DL,Denico Autry,AutrDe00,DT,Jeffery Simmons,SimmJe01,DT,Teair Tart,TartTe00,OLB,Rashad Weaver,WeavRa00,LB,David Long,LongDa04,LB,Dylan Cole,ColeDy00,CB,Roger McCreary,McCrRo01,CB,Kristian Fulton,FultKr00,DB,Terrance Mitchell,MitcTe00,DB,Joshua Kalu,KaluJo00,S,Kevin Byard,ByarKe01,Referee,Land Clark,Umpire,Paul King,Down Judge,Tom Stephan,Line Judge,Brian Bolinger,Back Judge,Greg Meyer,Side Judge,Dominique Pender,Field Judge,Michael Banks
202210100kan,2022-10-10,Monday,8:15pm,Kansas City Chiefs,Las Vegas Raiders,kan,rai,30,29,Andy Reid,Josh McDaniels,GEHA Field at Arrowhead Stadium,73523,3:08,outdoors,grass,"77 degrees, relative humidity 37%, wind 5 mph",QB,Patrick Mahomes,MahoPa00,RB,Clyde Edwards-Helaire,EdwaCl00,WR,Marquez Valdes-Scantling,ValdMa00,WR,JuJu Smith-Schuster,SmitJu00,WR,Skyy Moore,MoorSk01,TE,Travis Kelce,KelcTr00,OL,Joe Thuney,ThunJo00,T,Orlando Brown Jr.,BrowOr00,G,Andrew Wylie,WyliAn00,G,Nick Allegretti,AlleNi00,C,Creed Humphrey,HumpCr00,DE,George Karlaftis III,KarlGe00,DE,Frank Clark,ClarFr01,DT,Chris Jones,JoneCh09,DT,Derrick Nnadi,NnadDe00,LB,Darius Harris,HarrDa07,LB,Leo Chenal,ChenLe00,LB,Nick Bolton,BoltNi00,CB,Rashad Fenton,FentRa00,CB,L'Jarius Sneed,SneeLJ00,S,Justin Reid,ReidJu00,S,Juan Thornhill,ThorJu00,QB,Derek Carr,CarrDe02,RB,Josh Jacobs,JacoJo01,FB,Jakob Johnson,JohnJa12,WR,Davante Adams,AdamDa01,WR,Mack Hollins,HollMa00,OL,Jermaine Eluemunor,ElueJe00,OL,Alex Bars,BarsAl01,T,Kolton Miller,MillKo00,T,Thayer Munford,MunfTh00,G,Dylan Parham,ParhDy00,C,Andre James,JameAn01,DE,Maxx Crosby,CrosMa00,DE,Chandler Jones,JoneCh03,DT,Andrew Billings,BillAn00,DT,Bilal Nichols,NichBi00,LB,Divine Deablo,DeabDi00,LB,Denzel Perryman,PerrDe00,CB,Amik Robertson,RobeAm00,CB,Nate Hobbs,HobbNa00,S,Tre'von Moehrig,MoehTr00,S,Johnathan Abram,AbraJo01,S,Duron Harmon,HarmDu00,Referee,Carl Cheffers,Umpire,Brandon Cruse,Down Judge,Mike Carr,Line Judge,Jeff Seeman,Back Judge,Matt Edwards,Side Judge,Eugene Hall,Field Judge,Nathan Jones
202210130chi,2022-10-13,Thursday,8:15pm,Chicago Bears,Washington Commanders,chi,was,7,12,Matt Eberflus,Ron Rivera,Soldier Field,61873,2:51,outdoors,grass,"46 degrees, relative humidity 55%, wind 14 mph",QB,Justin Fields,FielJu00,RB,David Montgomery,MontDa01,WR,Equanimeous St. Brown,,WR,Dante Pettis,PettDa00,WR,Darnell Mooney,MoonDa00,TE,Cole Kmet,KmetCo00,OL,Larry Borom,BoroLa00,OL,Teven Jenkins,JenkTe00,OL,Braxton Jones,JoneBr08,OL,Lucas Patrick,PatrLu00,OL,Sam Mustipher,MustSa01,DL,Robert Quinn,QuinRo00,DL,Justin Jones,JoneJu03,DL,Al-Quadin Muhammad,MuhaAl00,DT,Armon Watts,WattAr01,LB,Nicholas Morrow,MorrNi00,LB,Roquan Smith,SmitRo07,LB,Joe Thomas,ThomJo04,DB,Jaylon Johnson,JohnJa13,DB,Eddie Jackson,JackEd01,DB,Kyler Gordon,GordKy00,DB,Jaquan Brisker,BrisJa01,QB,Carson Wentz,WentCa00,RB,Brian Robinson Jr.,RobiBr01,WR,Curtis Samuel,SamuCu00,WR,Terry McLaurin,McLaTe00,TE,Cole Turner,TurnCo00,TE,Armani Rogers,RogeAr00,T,Saahdiq Charles,CharSa00,T,Charles Leno Jr.,LenoCh00,T,Cornelius Lucas,LucaCo01,G,Andrew Norwell,NorwAn01,C,Tyler Larsen,LarsTy00,DE,James Smith-Williams,SmitJa08,DE,Montez Sweat,SweaMo00,DT,Jonathan Allen,AlleJo01,DT,Daron Payne,PaynDa00,LB,Cole Holcomb,HolcCo00,LB,Jamin Davis,DaviJa11,CB,Kendall Fuller,FullKe00,CB,Benjamin St-Juste,StJuBe00,CB,Rachad Wildgoose,WildRa00,S,Bobby McCain,McCaBo01,S,Kamren Curl,CurlKa00,Referee,Adrian Hill,Umpire,Roy Ellison,Down Judge,David Oliver,Line Judge,Kevin Codey,Back Judge,Keith Ferguson,Side Judge,Jim Quirk,Field Judge,Mearl Robinson
202210160atl,2022-10-16,Sunday,1:00pm,Atlanta Falcons,San Francisco 49ers,atl,sfo,28,14,Arthur Smith,Kyle Shanahan,Mercedes-Benz Stadium,69813,2:51,retractable roof (open),fieldturf,,QB,Marcus Mariota,MariMa01,RB,Tyler Allgeier,AllgTy00,RB,Avery Williams,WillAv02,WR,Olamide Zaccheaus,ZaccOl01,WR,Drake London,LondDr00,TE,Kyle Pitts,PittKy00,OL,Drew Dalman,DalmDr00,T,Elijah Wilkinson,WilkEl00,T,Kaleb McGary,McGaKa00,T,Jake Matthews,MattJa00,G,Chris Lindstrom,LindCh00,DL,Abdullah Anderson,AndeAb00,DL,Ta'Quon Graham,GrahTa00,DT,Grady Jarrett,JarrGr00,OLB,Arnold Ebiketie,EbikAr00,LB,Rashaan Evans,EvanRa01,LB,Lorenzo Carter,CartLo01,LB,Troy Andersen,AndeTr00,CB,Casey Hayward,HaywCa00,CB,AJ Terrell,TerrAJ00,SS,Jaylinn Hawkins,HawkJa00,S,Richie Grant,GranRi00,QB,Jimmy Garoppolo,GaroJi00,RB,Jeff Wilson,WilsJe01,FB,Kyle Juszczyk,JuszKy00,WR,Deebo Samuel,SamuDe00,WR,Brandon Aiyuk,AiyuBr00,TE,George Kittle,KittGe00,OL,Aaron Banks,BankAa00,OL,Spencer Burford,BurfSp00,OL,Jaylon Moore,MoorJa04,OL,Jake Brendel,BrenJa01,T,Mike McGlinchey,McGlMi00,DE,Charles Omenihu,OmenCh00,DE,Samson Ebukam,EbukSa00,DT,Kevin Givens,GiveKe01,DT,Hassan Ridgeway,RidgHa00,LB,Dre Greenlaw,GreeDr00,LB,Fred Warner,WarnFr00,LB,Oren Burks,BurkOr00,CB,Charvarius Ward,WardCh01,DB,Deommodore Lenoir,LenoDe00,S,Talanoa Hufanga,HufaTa00,S,Tashaun Gipson,GipsTa00,Referee,Carl Cheffers,Umpire,Brandon Cruse,Down Judge,Mike Carr,Line Judge,Jeff Seeman,Back Judge,Matt Edwards,Side Judge,Eugene Hall,Field Judge,Nathan Jones
202210160cle,2022-10-16,Sunday,1:00pm,Cleveland Browns,New England Patriots,cle,nwe,15,38,Kevin Stefanski,Bill Belichick,FirstEnergy Stadium,67431,3:22,outdoors,grass,"62 degrees, relative humidity 41%, wind 11 mph",QB,Jacoby Brissett,BrisJa00,RB,Nick Chubb,ChubNi00,WR,Amari Cooper,CoopAm00,TE,Pharaoh Brown,BrowPh01,TE,Harrison Bryant,BryaHa00,TE,David Njoku,NjokDa00,T,Jack Conklin,ConkJa00,T,Jedrick Wills Jr.,WillJe04,G,Joel Bitonio,BitoJo00,G,Wyatt Teller,TellWy00,C,Ethan Pocic,PociEt00,DE,Alex Wright,WrigAl01,DE,Myles Garrett,GarrMy00,DT,Jordan Elliott,ElliJo02,DT,Tommy Togiai,TogiTo00,DT,Taven Bryan,BryaTa00,LB,Jacob Phillips,PhilJa01,LB,Sione Takitaki,TakiSi00,CB,Greg Newsome II,NewsGr00,CB,Martin Emerson,EmerMa00,S,John Johnson,JohnJo10,S,Grant Delpit,DelpGr00,QB,Bailey Zappe,ZappBa00,RB,Rhamondre Stevenson,StevRh00,WR,Jakobi Meyers,MeyeJa01,TE,Hunter Henry,HenrHu00,TE,Jonnu Smith,SmitJo01,OL,Marcus Cannon,CannMa00,OL,Trent Brown,BrowTr02,OL,Isaiah Wynn,WynnIs00,OL,Cole Strange,StraCo01,OL,Michael Onwenu,OnweMi00,C,David Andrews,AndrDa00,DL,Christian Barmore,BarmCh00,DL,Deatrich Wise Jr.,WiseDe00,DL,Carl Davis,DaviCa01,DT,Davon Godchaux,GodcDa00,LB,Ja'Whaun Bentley,BentJa00,LB,Anfernee Jennings,JennAn00,LB,Jahlani Tavai,TavaJa00,CB,Jalen Mills,MillJa02,DB,Adrian Phillips,PhilAd00,DB,Devin McCourty,McCoDe99,DB,Kyle Dugger,DuggKy00,Referee,Scott Novak,Umpire,Ramon George,Down Judge,Derick Bowers,Line Judge,Walt Coleman IV,Back Judge,Terrence Miles,Side Judge,David Meslow,Field Judge,Tra Boger
202210160clt,2022-10-16,Sunday,1:00pm,Indianapolis Colts,Jacksonville Jaguars,clt,jax,34,27,Frank Reich,Doug Pederson,Lucas Oil Stadium,65749,3:04,retractable roof (open),fieldturf,,QB,Matt Ryan,RyanMa00,RB,Deon Jackson,JackDe02,WR,Parris Campbell,CampPa00,WR,Michael Pittman Jr.,PittMi01,WR,Alec Pierce,PierAl00,TE,Kylen Granson,GranKy00,OL,Quenton Nelson,NelsQu00,T,Matt Pryor,PryoMa00,T,Bernhard Raimann,RaimBe00,T,Braden Smith,SmitBr06,C,Ryan Kelly,KellRy00,DE,Tyquan Lewis,LewiTy00,DE,Yannick Ngakoue,NgakYa00,DT,DeForest Buckner,BuckDe00,DT,Grover Stewart,StewGr00,LB,Bobby Okereke,OkerBo00,LB,Zaire Franklin,FranZa00,CB,Kenny Moore,MoorKe03,CB,Stephon Gilmore,GilmSt00,CB,Brandon Facyson,FacyBr00,DB,Rodney Thomas II,ThomRo07,S,Rodney McLeod,McLeRo00,QB,Trevor Lawrence,LawrTr00,RB,Travis Etienne,EtieTr00,WR,Zay Jones,JoneZa00,WR,Christian Kirk,KirkCh01,TE,Evan Engram,EngrEv00,TE,Chris Manhertz,ManhCh00,OL,Jawaan Taylor,TaylJa02,OL,Luke Fortner,FortLu01,OL,Tyler Shatley,ShatTy00,OL,Cam Robinson,RobiCa00,G,Brandon Scherff,ScheBr00,DL,Corey Peters,PeteCo00,DE,Roy Robertson-Harris,RobeRo00,DT,DaVon Hamilton,HamiDa02,OLB,Travon Walker,WalkTr03,OLB,Josh Hines-Allen,AlleJo03,LB,Foyesade Oluokun,OluoFo00,LB,Devin Lloyd,LloyDe00,CB,Shaquill Griffin,GrifSh00,CB,Tyson Campbell,CampTy01,S,Rayshawn Jenkins,JenkRa00,S,Andre Cisco,CiscAn00,Referee,Jerome Boger,Umpire,Barry Anderson,Down Judge,Frank LeBlanc,Line Judge,Rusty Baynes,Back Judge,Steve Patrick,Side Judge,Jonah Monroe,Field Judge,Alonzo Ramsey
202210160gnb,2022-10-16,Sunday,1:00pm,Green Bay Packers,New York Jets,gnb,nyj,10,27,Matt LaFleur,Robert Saleh,Lambeau Field,78343,3:05,outdoors,grass,"49 degrees, relative humidity 64%, wind 12 mph",QB,Aaron Rodgers,RodgAa00,RB,AJ Dillon,DillAJ00,RB,Aaron Jones,JoneAa00,WR,Romeo Doubs,DoubRo00,WR,Allen Lazard,LazaAl00,TE,Marcedes Lewis,LewiMa00,OL,Josh Myers,MyerJo00,OL,Royce Newman,NewmRo00,T,David Bakhtiari,BakhDa00,G,Jon Runyan Jr.,RunyJo00,G,Elgton Jenkins,JenkEl00,DL,Kenny Clark,ClarKe01,DE,Dean Lowry,LowrDe00,DT,Jarran Reed,ReedJa02,LB,Quay Walker,WalkQu00,LB,Preston Smith,SmitPr00,LB,Rashan Gary,GaryRa00,LB,De'Vondre Campbell,CampDe00,CB,Eric Stokes,StokEr00,CB,Jaire Alexander,AlexJa00,S,Darnell Savage Jr.,SavaDa00,S,Adrian Amos,AmosAd00,QB,Zach Wilson,WilsZa00,RB,Breece Hall,HallBr03,WR,Elijah Moore,MoorEl00,WR,Corey Davis,DaviCo03,TE,Tyler Conklin,ConkTy00,TE,C.J. Uzomah,,OL,Nate Herbig,HerbNa01,OL,Connor McGovern,McGoCo00,OL,Alijah Vera-Tucker,VeraAl00,T,Duane Brown,BrowDu20,G,Laken Tomlinson,TomlLa01,DE,Carl Lawson,LawsCa00,DT,John Franklin-Myers,FranJo02,DT,Quinnen Williams,WillQu00,DT,Sheldon Rankins,RankSh00,LB,C.J. Mosley,,LB,Kwon Alexander,AlexKw00,LB,Quincy Williams,WillQu01,CB,D.J. Reed,,CB,Sauce Gardner,GardSa00,S,Jordan Whitehead,WhitJo03,S,Lamarcus Joyner,JoynLa00,Referee,Clete Blakeman,Umpire,Tab Slaughter,Down Judge,Dana McKenzie,Line Judge,Julian Mapp,Back Judge,Perry Paganelli,Side Judge,Lo Van Pham,Field Judge,Terry Brown
202210160kan,2022-10-16,Sunday,4:25pm,Kansas City Chiefs,Buffalo Bills,kan,buf,20,24,Andy Reid,Sean McDermott,GEHA Field at Arrowhead Stadium,73586,3:10,outdoors,grass,,QB,Patrick Mahomes,MahoPa00,RB,Clyde Edwards-Helaire,EdwaCl00,WR,Marquez Valdes-Scantling,ValdMa00,WR,JuJu Smith-Schuster,SmitJu00,TE,Noah Gray,GrayNo00,TE,Travis Kelce,KelcTr00,OL,Joe Thuney,ThunJo00,OL,Trey Smith,SmitTr05,T,Orlando Brown Jr.,BrowOr00,G,Andrew Wylie,WyliAn00,C,Creed Humphrey,HumpCr00,DE,George Karlaftis III,KarlGe00,DE,Frank Clark,ClarFr01,DT,Chris Jones,JoneCh09,DT,Derrick Nnadi,NnadDe00,LB,Darius Harris,HarrDa07,LB,Leo Chenal,ChenLe00,LB,Nick Bolton,BoltNi00,CB,L'Jarius Sneed,SneeLJ00,CB,Jaylen Watson,WatsJa02,S,Justin Reid,ReidJu00,S,Juan Thornhill,ThorJu00,QB,Josh Allen,AlleJo02,RB,Devin Singletary,SingDe00,FB,Reggie Gilliam,GillRe00,WR,Gabe Davis,DaviGa01,WR,Stefon Diggs,DiggSt00,TE,Dawson Knox,KnoxDa00,OL,Ryan Bates,BateRy02,T,Dion Dawkins,DawkDi00,T,Spencer Brown,BrowSp00,G,Rodger Saffold,SaffRo20,C,Mitch Morse,MorsMi00,DE,Gregory Rousseau,RousGr00,DT,DaQuan Jones,JoneDa04,DT,Ed Oliver,OlivEd00,LB,Tremaine Edmunds,EdmuTr01,LB,Matt Milano,MilaMa00,LB,Von Miller,MillVo00,CB,Kaiir Elam,ElamKa00,CB,Dane Jackson,JackDa02,CB,Taron Johnson,JohnTa01,S,Damar Hamlin,HamlDa00,S,Jordan Poyer,PoyeJo00,Referee,Brad Allen,Umpire,Duane Heydt,Down Judge,Sarah Thomas,Line Judge,Daniel Gallagher,Back Judge,Greg Yette,Side Judge,Boris Cheek,Field Judge,Rick Patterson
202210160mia,2022-10-16,Sunday,1:00pm,Miami Dolphins,Minnesota Vikings,mia,min,16,24,Mike McDaniel,Kevin O'Connell,Hard Rock Stadium,66100,3:07,outdoors,grass,"86 degrees, relative humidity 55%, wind 14 mph",QB,Skylar Thompson,ThomSk00,RB,Raheem Mostert,MostRa00,FB,Alec Ingold,IngoAl01,WR,Tyreek Hill,HillTy00,WR,Jaylen Waddle,WaddJa00,TE,Mike Gesicki,GesiMi00,OL,Connor Williams,WillCo00,OL,Liam Eichenberg,EichLi00,OL,Robert Hunt,HuntRo01,T,Greg Little,LittGr01,T,Brandon Shell,ShelBr00,DE,Emmanuel Ogbah,OgbaEm00,DT,Christian Wilkins,WilkCh00,DT,Raekwon Davis,DaviRa03,LB,Jerome Baker,BakeJe00,LB,Jaelan Phillips,PhilJa02,LB,Elandon Roberts,RobeEl00,LB,Melvin Ingram,IngrMe00,CB,Nik Needham,NeedNi00,CB,Xavien Howard,HowaXa00,S,Brandon Jones,JoneBr06,S,Jevon Holland,HollJe02,QB,Kirk Cousins,CousKi00,RB,Dalvin Cook,CookDa01,WR,Adam Thielen,ThieAd00,WR,K.J. Osborn,OsboKJ00,WR,Justin Jefferson,JeffJu00,TE,Johnny Mundt,MundJo00,T,Christian Darrisaw,DarrCh00,T,Brian O'Neill,ONeiBr00,G,Ezra Cleveland,ClevEz00,G,Ed Ingram,IngrEd00,C,Garrett Bradbury,BradGa00,DL,Jonathan Bullard,BullJo00,DT,Harrison Phillips,PhilHa00,DT,Dalvin Tomlinson,TomlDa00,OLB,Danielle Hunter,HuntDa01,LB,Eric Kendricks,KendEr00,LB,Jordan Hicks,HickJo00,LB,Za'Darius Smith,SmitZa00,CB,Cameron Dantzler,DantCa00,CB,Patrick Peterson,PetePa00,S,Harrison Smith,SmitHa00,S,Camryn Bynum,BynuCa00,Referee,Brad Rogers,Umpire,Carl Paganelli,Down Judge,Kent Payne,Line Judge,Tom Eaton,Back Judge,Greg Steed,Side Judge,Anthony Jeffries,Field Judge,Aaron Santi
202210160nor,2022-10-16,Sunday,1:00pm,New Orleans Saints,Cincinnati Bengals,nor,cin,26,30,Dennis Allen,Zac Taylor,Caesars Superdome,70004,2:58,dome,sportturf,,QB,Andy Dalton,DaltAn00,RB,Alvin Kamara,KamaAl00,WR,Marquez Callaway,CallMa01,WR,Tre'Quan Smith,SmitTr03,TE,Adam Trautman,TrauAd00,TE,Juwan Johnson,JohnJu02,OL,James Hurst,HursJa00,OL,Cesar Ruiz,RuizCe00,OL,Erik McCoy,McCoEr01,OL,Andrus Peat,PeatAn00,T,Ryan Ramczyk,RamcRy00,DE,Marcus Davenport,DaveMa00,DE,Cameron Jordan,JordCa00,DT,Shy Tuttle,TuttSh00,DT,David Onyemata,OnyeDa00,LB,Pete Werner,WernPe00,LB,Demario Davis,DaviDe00,CB,Bradley Roby,RobyBr00,CB,Paulson Adebo,AdebPa00,FS,Tyrann Mathieu,MathTy00,S,Marcus Maye,MayeMa00,S,Chris Harris Jr.,HarrCh01,QB,Joe Burrow,BurrJo01,RB,Joe Mixon,MixoJo00,WR,Ja'Marr Chase,ChasJa00,WR,Mike Thomas,ThomMi04,WR,Tyler Boyd,BoydTy00,TE,Hayden Hurst,HursHa00,OL,Cordell Volson,VolsCo02,T,La'el Collins,CollLa01,T,Jonah Williams,WillJo10,G,Alex Cappa,CappAl00,C,Ted Karras,KarrTe00,DE,Trey Hendrickson,HendTr00,DE,Sam Hubbard,HubbSa00,DT,Josh Tupou,TupoJo00,DT,Zachary Carter,CartZa00,DT,B.J. Hill,,LB,Logan Wilson,WilsLo00,LB,Germaine Pratt,PratGe00,CB,Chidobe Awuzie,AwuzCh00,CB,Eli Apple,ApplEl00,S,Vonn Bell,BellVo00,S,Jessie Bates III,BateJe00,Referee,Land Clark,Umpire,Paul King,Down Judge,Tom Stephan,Line Judge,Brian Bolinger,Back Judge,Greg Meyer,Side Judge,Dominique Pender,Field Judge,Michael Banks
202210160nyg,2022-10-16,Sunday,1:00pm,New York Giants,Baltimore Ravens,nyg,rav,24,20,Brian Daboll,John Harbaugh,MetLife Stadium,78019,3:02,outdoors,fieldturf,"60 degrees, relative humidity 53%, wind 3 mph",QB,Daniel Jones,JoneDa05,RB,Saquon Barkley,BarkSa00,FB,Chris Myarick,MyarCh00,WR,Marcus Johnson,JohnMa07,WR,Darius Slayton,SlayDa01,TE,Daniel Bellinger,BellDa00,OL,Jon Feliciano,FeliJo00,OL,Mark Glowinski,GlowMa00,T,Andrew Thomas,ThomAn02,T,Evan Neal,NealEv00,G,Ben Bredeson,BredBe00,DL,Nick Williams,WillNi01,DL,Leonard Williams,WillLe02,DL,Dexter Lawrence,LawrDe03,OLB,Kayvon Thibodeaux,ThibKa00,OLB,Jihad Ward,WardJi02,LB,Tae Crowder,CrowTa00,CB,Adoree' Jackson,JackAd00,DB,Fabian Moreau,MoreFa00,S,Xavier McKinney,McKiXa00,S,Julian Love,LoveJu00,S,Dane Belton,BeltDa00,QB,Lamar Jackson,JackLa00,RB,J.K. Dobbins,DobbJK00,FB,Patrick Ricard,RicaPa00,WR,Demarcus Robinson,RobiDe01,WR,Devin Duvernay,DuveDe00,TE,Mark Andrews,AndrMa00,T,Ronnie Stanley,StanRo00,T,Morgan Moses,MoseMo00,G,Kevin Zeitler,ZeitKe00,G,Ben Powers,PoweBe00,C,Tyler Linderbaum,LindTy00,DT,Nnamdi Madubuike,MaduJu00,DT,Travis Jones,JoneTr00,DT,Calais Campbell,CampCa99,OLB,Jason Pierre-Paul,PierJa99,LB,Patrick Queen,QueePa00,LB,Malik Harrison,HarrMa06,LB,Josh Bynes,ByneJo00,CB,Marcus Peters,PeteMa00,CB,Marlon Humphrey,HumpMa00,S,Chuck Clark,ClarCh00,S,Geno Stone,StonGe00,Referee,Clay Martin,Umpire,Fred Bryan,Down Judge,Jerod Phillips,Line Judge,Maia Chaka,Back Judge,Greg Wilson,Side Judge,Dave Hawkshaw,Field Judge,James Coleman
202210160phi,2022-10-16,Sunday,8:20pm,Philadelphia Eagles,Dallas Cowboys,phi,dal,26,17,Nick Sirianni,Mike McCarthy,Lincoln Financial Field,69879,3:03,outdoors,grass,"63 degrees, relative humidity 43%, wind 3 mph",QB,Jalen Hurts,HurtJa00,RB,Miles Sanders,SandMi01,WR,A.J. Brown,BrowAJ00,WR,DeVonta Smith,SmitDe07,TE,Jack Stoll,StolJa00,TE,Dallas Goedert,GoedDa00,T,Lane Johnson,JohnLa01,T,Jordan Mailata,MailJo00,G,Landon Dickerson,DickLa00,G,Isaac Seumalo,SeumIs00,C,Jason Kelce,KelcJa00,DE,Josh Sweat,SweaJo00,DT,Javon Hargrave,HargJa00,DT,Jordan Davis,DaviJo03,DT,Fletcher Cox,CoxxFl00,LB,T.J. Edwards,EdwaTJ02,LB,Haason Reddick,ReddHa00,LB,Kyzir White,WhitKy00,CB,James Bradberry,BradJa00,CB,Darius Slay,SlayDa00,S,C.J. Gardner-Johnson,GardCh00,S,Marcus Epps,EppsMa00,QB,Cooper Rush,RushCo00,RB,Ezekiel Elliott,ElliEz00,WR,Noah Brown,BrowNo00,WR,Michael Gallup,GallMi00,WR,CeeDee Lamb,LambCe00,TE,Jake Ferguson,FergJa00,OL,Tyler Smith,SmitTy02,T,Terence Steele,SteeTe01,G,Connor McGovern,McGoCo01,G,Zack Martin,MartZa00,C,Tyler Biadasz,BiadTy00,DE,DeMarcus Lawrence,LawrDe00,DE,Dorance Armstrong Jr.,ArmsDo00,DT,Osa Odighizuwa,OdigOs00,DT,Quinton Bohanna,BohaQu00,LB,Micah Parsons,ParsMi00,LB,Leighton Vander Esch,VandLe00,CB,Jourdan Lewis,LewiJo01,CB,Trevon Diggs,DiggTr00,CB,Anthony Brown,BrowAn02,S,Jayron Kearse,KearJa00,S,Donovan Wilson,WilsDo01,Referee,John Hussey,Umpire,Alan Eck,Down Judge,Robin DeLorenzo,Line Judge,Carl Johnson,Back Judge,Brad Freeman,Side Judge,Allen Baynes,Field Judge,Jabir Walker
202210160pit,2022-10-16,Sunday,1:00pm,Pittsburgh Steelers,Tampa Bay Buccaneers,pit,tam,20,18,Mike Tomlin,Todd Bowles,Acrisure Stadium,67307,3:05,outdoors,grass,"62 degrees, relative humidity 46%, wind 7 mph",QB,Kenny Pickett,PickKe00,RB,Najee Harris,HarrNa00,WR,Chase Claypool,ClayCh01,WR,George Pickens,PickGe00,WR,Diontae Johnson,JohnDi01,TE,Zach Gentry,GentZa00,OL,Mason Cole,ColeMa02,OL,James Daniels,DaniJa01,OL,Kevin Dotson,DotsKe00,OL,Chukwuma Okorafor,OkorCh00,T,Dan Moore,MoorDa05,DE,Isaiahh Loudermilk,LoudIs00,DT,Cameron Heyward,HeywCa01,DT,Larry Ogunjobi,OgunLa00,LB,Myles Jack,JackMy00,LB,Devin Bush Jr.,BushDe01,LB,Alex Highsmith,HighAl02,CB,Arthur Maulet,MaulAr00,CB,Josh Jackson,JackJo01,CB,James Pierre,PierJa01,DB,Tre Norwood,NorwTr00,S,Terrell Edmunds,EdmuTe00,QB,Tom Brady,BradTo00,RB,Leonard Fournette,FourLe00,WR,Chris Godwin,GodwCh00,WR,Russell Gage,GageRu00,WR,Mike Evans,EvanMi00,TE,Ko Kieft,KiefKo00,OL,Robert Hainsey,HainRo00,T,Donovan Smith,SmitDo02,T,Tristan Wirfs,WirfTr00,G,Luke Goedeke,GoedLu00,G,Shaq Mason,MasoSh01,DL,Rakeem Nunez-Roches,NuneRa00,DL,Vita Vea,VeaxVi00,OLB,Shaquil Barrett,BarrSh00,OLB,Joe Tryon-Shoyinka,TryoJo00,LB,Lavonte David,DaviLa00,LB,Devin White,WhitDe02,CB,Dee Delaney,DelaDe00,CB,Jamel Dean,DeanJa00,CB,Carlton Davis,DaviCa02,S,Keanu Neal,NealKe01,S,Antoine Winfield Jr.,WinfAn00,Referee,Shawn Smith,Umpire,Bryan Neale,Down Judge,Mark Hittner,Line Judge,Michael Dolce,Back Judge,Dino Paganelli,Side Judge,Clay Reynard,Field Judge,Dyrol Prioleau
202210160ram,2022-10-16,Sunday,4:05pm,Los Angeles Rams,Carolina Panthers,ram,car,24,10,Sean McVay,Steve Wilks,SoFi Stadium,71482,2:58,dome,matrixturf,,QB,Matthew Stafford,StafMa00,RB,Darrell Henderson,HendDa00,WR,Allen Robinson,RobiAl02,WR,Brandon Powell,PoweBr00,WR,Cooper Kupp,KuppCo00,TE,Tyler Higbee,HigbTy00,OL,Bobby Evans,EvanBo00,OL,Rob Havenstein,HaveRo00,OL,Alaric Jackson,JackAl01,OL,Joseph Noteboom,NoteJo00,G,Jeremiah Kolone,KoloJe00,DT,Aaron Donald,DonaAa00,DT,A'Shawn Robinson,RobiAS00,DT,Marquise Copeland,CopeMa01,OLB,Leonard Floyd,FloyLe00,LB,Justin Hollins,HollJu00,LB,Bobby Wagner,WagnBo00,CB,David Long,LongDa02,CB,Derion Kendrick,KendDe00,DB,Jalen Ramsey,RamsJa00,DB,Taylor Rapp,RappTa00,S,Nick Scott,ScotNi01,QB,P.J. Walker,WalkPh00,RB,Christian McCaffrey,McCaCh01,WR,Robbie Chosen,AndeRo04,WR,Shi Smith,SmitSh03,WR,D.J. Moore,,TE,Ian Thomas,ThomIa00,OL,Austin Corbett,CorbAu00,T,Brady Christensen,ChriBr00,T,Ikem Ekwonu,EkwoIk00,T,Taylor Moton,MotoTa00,G,Pat Elflein,ElflPa00,DE,Brian Burns,BurnBr00,DE,Yetur Gross-Matos,GrosYe00,DT,Derrick Brown,BrowDe05,DT,Matthew Ioannidis,IoanMa01,LB,Cory Littleton,LittCo01,LB,Shaq Thompson,ThomSh01,CB,Donte Jackson,JackDo02,CB,C.J. Henderson,HendCJ00,DB,Myles Hartsfield,HartMy00,S,Juston Burris,BurrJu00,S,Xavier Woods,WoodXa00,Referee,Tra Blake,Umpire,Tony Michalek,Down Judge,Patrick Turner,Line Judge,Mark Stewart,Back Judge,Todd Prukop,Side Judge,Don Willard,Field Judge,Tom Hill
202210160sea,2022-10-16,Sunday,4:05pm,Seattle Seahawks,Arizona Cardinals,sea,crd,19,9,Pete Carroll,Kliff Kingsbury,Lumen Field,68867,3:08,outdoors,fieldturf,"72 degrees, relative humidity 44%, wind 5 mph",QB,Geno Smith,SmitGe00,RB,Kenneth Walker III,WalkKe00,WR,D.K. Metcalf,MetcDK00,WR,Tyler Lockett,LockTy00,TE,Will Dissly,DissWi00,TE,Noah Fant,FantNo00,T,Charles Cross,CrosCh00,T,Abraham Lucas,LucaAb00,G,Austin Blythe,BlytAu00,G,Damien Lewis,LewiDa05,G,Phil Haynes,HaynPh00,DE,Shelby Harris,HarrSh00,DT,Poona Ford,FordPo00,DT,Bryan Mone,MoneBr00,LB,Boye Mafe,MafeBo00,LB,Uchenna Nwosu,NwosUc00,LB,Jordyn Brooks,BrooJo01,LB,Cody Barton,BartCo00,CB,Michael Jackson,JackMi01,CB,Riq Woolen,WoolTa00,SS,Ryan Neal,NealRy00,FS,Quandre Diggs,DiggQu00,QB,Kyler Murray,MurrKy00,RB,Eno Benjamin,BenjEn00,WR,Marquise Brown,BrowMa04,WR,Rondale Moore,MoorRo02,TE,Zach Ertz,ErtzZa00,TE,Trey McBride,McBrTr01,OL,Justin Pugh,PughJu00,OL,Kelvin Beachum,BeacKe00,OL,Sean Harlow,HarlSe00,OL,Will Hernandez,HernWi00,OL,D.J. Humphries,,DE,Zach Allen,AlleZa01,DE,J.J. Watt,,DT,Rashard Lawrence,LawrRa01,OLB,Markus Golden,GoldMa00,OLB,Dennis Gardeck,GardDe01,MLB,Tanner Vallejo,VallTa00,LB,Zaven Collins,CollZa00,CB,Marco Wilson,WilsMa04,CB,Byron Murphy,MurpBy00,S,Jalen Thompson,ThomJa04,S,Budda Baker,BakeBu00,Referee,Shawn Hochuli,Umpire,Terry Killens,Down Judge,Patrick Holt,Line Judge,Greg Bradley,Back Judge,Rich Martinez,Side Judge,Chad Hill,Field Judge,Anthony Flemming
202210170sdg,2022-10-17,Monday,8:15pm,Los Angeles Chargers,Denver Broncos,sdg,den,19,16,Brandon Staley,Nathaniel Hackett,SoFi Stadium,70240,3:19,dome,matrixturf,,QB,Justin Herbert,HerbJu00,RB,Austin Ekeler,EkelAu00,FB,Zander Horvath,HorvZa00,WR,Mike Williams,WillMi07,WR,Josh Palmer,PalmJo00,TE,Tre' McKitty,McKiTr00,OL,Will Clapp,ClapWi00,T,Trey Pipkins,PipkTr00,G,Zion Johnson,JohnZi00,G,Matt Feiler,FeilMa00,G,Jamaree Salyer,SalyJa00,DL,Morgan Fox,FoxxMo00,DT,Austin Johnson,JohnAu01,DT,Sebastian Joseph-Day,JoseSe00,OLB,Khalil Mack,MackKh00,OLB,Kyle Van Noy,VanNKy00,LB,Kenneth Murray,MurrKe00,LB,Drue Tranquill,TranDr00,CB,J.C. Jackson,,CB,Asante Samuel Jr.,SamuAs00,S,Derwin James,JameDe00,S,Nasir Adderley,AddeNa00,QB,Russell Wilson,WilsRu00,RB,Melvin Gordon,GordMe00,FB,Andrew Beck,BeckAn01,WR,Courtland Sutton,SuttCo00,WR,Jerry Jeudy,JeudJe00,TE,Eric Tomlinson,TomlEr01,OL,Quinn Meinerz,MeinQu02,T,Calvin Anderson,AndeCa00,T,Cameron Fleming,FlemCa00,G,Dalton Risner,RisnDa00,C,Lloyd Cushenberry III,CushLl00,DE,Dre'Mont Jones,JoneDr00,DT,D.J. Jones,,DT,DeShawn Williams,WillDe04,OLB,Bradley Chubb,ChubBr00,LB,Alex Singleton,SingAl00,LB,Jonas Griffith,GrifJo01,LB,Baron Browning,BrowBa01,CB,Damarri Mathis,MathDa00,CB,Patrick Surtain II,SurtPa01,S,Kareem Jackson,JackKa99,S,Justin Simmons,SimmJu00,Referee,Ron Torbert,Umpire,Mark Pellis,Down Judge,Max Causey,Line Judge,Tim Podraza,Back Judge,Tony Josselyn,Side Judge,Keith Washington,Field Judge,Ryan Dickson
202210200crd,2022-10-20,Thursday,8:15pm,Arizona Cardinals,New Orleans Saints,crd,nor,42,34,Kliff Kingsbury,Dennis Allen,State Farm Stadium,63290,3:17,retractable roof (open),grass,,QB,Kyler Murray,MurrKy00,RB,Eno Benjamin,BenjEn00,WR,DeAndre Hopkins,HopkDe00,WR,Rondale Moore,MoorRo02,TE,Zach Ertz,ErtzZa00,TE,Trey McBride,McBrTr01,OL,Billy Price,PricBi01,OL,Kelvin Beachum,BeacKe00,OL,Max Garcia,GarcMa00,OL,Will Hernandez,HernWi00,OL,D.J. Humphries,,DE,Zach Allen,AlleZa01,DE,J.J. Watt,,DT,Rashard Lawrence,LawrRa01,OLB,Victor Dimukeje,DimuVi00,LB,Zaven Collins,CollZa00,LB,Ben Niemann,NiemBe00,LB,Isaiah Simmons,SimmIs00,CB,Marco Wilson,WilsMa04,CB,Byron Murphy,MurpBy00,S,Jalen Thompson,ThomJa04,S,Budda Baker,BakeBu00,QB,Andy Dalton,DaltAn00,RB,Alvin Kamara,KamaAl00,WR,Marquez Callaway,CallMa01,WR,Chris Olave,OlavCh00,TE,Taysom Hill,HillTa00,TE,Juwan Johnson,JohnJu02,OL,James Hurst,HursJa00,OL,Calvin Throckmorton,ThroCa01,OL,Cesar Ruiz,RuizCe00,OL,Erik McCoy,McCoEr01,T,Ryan Ramczyk,RamcRy00,DE,Marcus Davenport,DaveMa00,DE,Cameron Jordan,JordCa00,DT,Shy Tuttle,TuttSh00,DT,David Onyemata,OnyeDa00,LB,Pete Werner,WernPe00,LB,Demario Davis,DaviDe00,CB,Bradley Roby,RobyBr00,CB,Alontae Taylor,TaylAl01,FS,Tyrann Mathieu,MathTy00,S,Marcus Maye,MayeMa00,S,Justin Evans,EvanJu00,Referee,Jerome Boger,Umpire,Barry Anderson,Down Judge,Frank LeBlanc,Line Judge,Rusty Baynes,Back Judge,Steve Patrick,Side Judge,Jonah Monroe,Field Judge,Alonzo Ramsey
202210230car,2022-10-23,Sunday,1:00pm,Carolina Panthers,Tampa Bay Buccaneers,car,tam,21,3,Steve Wilks,Todd Bowles,Bank of America Stadium,71941,2:44,outdoors,grass,"67 degrees, relative humidity 51%, wind 5 mph",QB,P.J. Walker,WalkPh00,RB,Raheem Blackshear,BlacRa00,RB,Chuba Hubbard,HubbCh01,WR,D.J. Moore,,WR,Terrace Marshall Jr.,MarsTe00,TE,Ian Thomas,ThomIa00,OL,Bradley Bozeman,BozeBr00,OL,Austin Corbett,CorbAu00,T,Ikem Ekwonu,EkwoIk00,T,Brady Christensen,ChriBr00,T,Taylor Moton,MotoTa00,DE,Yetur Gross-Matos,GrosYe00,DE,Brian Burns,BurnBr00,DT,Derrick Brown,BrowDe05,DT,Bravvion Roy,RoyxBr00,LB,Damien Wilson,WilsDa02,LB,Frankie Luvu,LuvuFr00,LB,Shaq Thompson,ThomSh01,CB,Donte Jackson,JackDo02,CB,C.J. Henderson,HendCJ00,DB,Myles Hartsfield,HartMy00,S,Xavier Woods,WoodXa00,QB,Tom Brady,BradTo00,RB,Leonard Fournette,FourLe00,WR,Chris Godwin,GodwCh00,WR,Russell Gage,GageRu00,WR,Mike Evans,EvanMi00,TE,Ko Kieft,KiefKo00,OL,Robert Hainsey,HainRo00,T,Donovan Smith,SmitDo02,T,Tristan Wirfs,WirfTr00,G,Luke Goedeke,GoedLu00,G,Shaq Mason,MasoSh01,DL,Rakeem Nunez-Roches,NuneRa00,DL,Vita Vea,VeaxVi00,OLB,Shaquil Barrett,BarrSh00,OLB,Joe Tryon-Shoyinka,TryoJo00,LB,Lavonte David,DaviLa00,LB,Devin White,WhitDe02,CB,Jamel Dean,DeanJa00,CB,Zyon McCollum,McCoZy02,S,Mike Edwards,EdwaMi01,S,Keanu Neal,NealKe01,S,Antoine Winfield Jr.,WinfAn00,Referee,Craig Wrolstad,Umpire,Steve Woods,Down Judge,Jim Mello,Line Judge,Tripp Sutter,Back Judge,Grantis Bell,Side Judge,Jeff Lamberth,Field Judge,Jeff Shears
202210230cin,2022-10-23,Sunday,1:00pm,Cincinnati Bengals,Atlanta Falcons,cin,atl,35,17,Zac Taylor,Arthur Smith,Paycor Stadium,66158,2:49,outdoors,fieldturf,"73 degrees, relative humidity 43%, wind 7 mph",QB,Joe Burrow,BurrJo01,RB,Joe Mixon,MixoJo00,WR,Tee Higgins,HiggTe00,WR,Tyler Boyd,BoydTy00,WR,Ja'Marr Chase,ChasJa00,TE,Hayden Hurst,HursHa00,OL,Cordell Volson,VolsCo02,T,Jonah Williams,WillJo10,T,La'el Collins,CollLa01,G,Alex Cappa,CappAl00,C,Ted Karras,KarrTe00,DE,Trey Hendrickson,HendTr00,DE,Sam Hubbard,HubbSa00,DT,Zachary Carter,CartZa00,DT,B.J. Hill,,LB,Germaine Pratt,PratGe00,LB,Akeem Davis-Gaither,DaviAk01,LB,Markus Bailey,BailMa01,CB,Eli Apple,ApplEl00,CB,Chidobe Awuzie,AwuzCh00,S,Vonn Bell,BellVo00,S,Jessie Bates III,BateJe00,QB,Marcus Mariota,MariMa01,RB,Tyler Allgeier,AllgTy00,WR,Damiere Byrd,ByrdDa00,TE,MyCole Pruitt,PruiMy00,TE,Feleipe Franks,FranFe00,TE,Kyle Pitts,PittKy00,OL,Drew Dalman,DalmDr00,T,Elijah Wilkinson,WilkEl00,T,Kaleb McGary,McGaKa00,T,Jake Matthews,MattJa00,G,Chris Lindstrom,LindCh00,DL,Ta'Quon Graham,GrahTa00,DT,Grady Jarrett,JarrGr00,OLB,Adetokunbo Ogundeji,OgunAd01,LB,Rashaan Evans,EvanRa01,LB,Mykal Walker,WalkMy00,LB,Lorenzo Carter,CartLo01,CB,Darren Hall,HallDa03,CB,Isaiah Oliver,OlivIs00,CB,AJ Terrell,TerrAJ00,SS,Jaylinn Hawkins,HawkJa00,S,Richie Grant,GranRi00,Referee,Clete Blakeman,Umpire,Tab Slaughter,Down Judge,Dana McKenzie,Line Judge,Julian Mapp,Back Judge,Perry Paganelli,Side Judge,Lo Van Pham,Field Judge,Terry Brown
202210230dal,2022-10-23,Sunday,1:00pm,Dallas Cowboys,Detroit Lions,dal,det,24,6,Mike McCarthy,Dan Campbell,AT&amp;T Stadium,93487,2:48,retractable roof (closed),matrixturf,,QB,Dak Prescott,PresDa01,RB,Ezekiel Elliott,ElliEz00,WR,Noah Brown,BrowNo00,WR,CeeDee Lamb,LambCe00,TE,Dalton Schultz,SchuDa00,TE,Jake Ferguson,FergJa00,OL,Tyler Smith,SmitTy02,T,Terence Steele,SteeTe01,G,Connor McGovern,McGoCo01,G,Zack Martin,MartZa00,C,Tyler Biadasz,BiadTy00,DE,DeMarcus Lawrence,LawrDe00,DT,Osa Odighizuwa,OdigOs00,DT,Quinton Bohanna,BohaQu00,LB,Anthony Barr,BarrAn00,LB,Micah Parsons,ParsMi00,LB,Leighton Vander Esch,VandLe00,CB,Trevon Diggs,DiggTr00,CB,Anthony Brown,BrowAn02,S,Jayron Kearse,KearJa00,S,Malik Hooker,HookMa00,S,Donovan Wilson,WilsDo01,QB,Jared Goff,GoffJa00,RB,Jamaal Williams,WillJa06,WR,Amon-Ra St. Brown,StxxAm00,WR,Josh Reynolds,ReynJo00,TE,Brock Wright,WrigBr01,TE,T.J. Hockenson,HockTJ00,T,Taylor Decker,DeckTa00,T,Penei Sewell,SewePe00,G,Jonah Jackson,JackJo03,C,Evan Brown,BrowEv00,C,Frank Ragnow,RagnFr00,DL,Alim McNeill,McNeAl00,DL,Isaiah Buggs,BuggIs00,DE,Josh Paschal,PascJo00,DE,Aidan Hutchinson,HutcAi00,LB,Julian Okwara,OkwaJu00,LB,Malcolm Rodriguez,RodrMa00,LB,Alex Anzalone,AnzaAl00,CB,Jeff Okudah,OkudJe00,CB,Amani Oruwariye,OruwAm00,S,Kerby Joseph,JoseKe03,S,DeShon Elliott,ElliDe02,Referee,Adrian Hill,Umpire,Roy Ellison,Down Judge,David Oliver,Line Judge,Kevin Codey,Back Judge,Keith Ferguson,Side Judge,Jim Quirk,Field Judge,Mearl Robinson
202210230den,2022-10-23,Sunday,4:05pm,Denver Broncos,New York Jets,den,nyj,9,16,Nathaniel Hackett,Robert Saleh,Empower Field at Mile High,76624,3:18,outdoors,grass,,QB,Brett Rypien,RypiBr00,RB,Melvin Gordon,GordMe00,FB,Andrew Beck,BeckAn01,WR,Jerry Jeudy,JeudJe00,WR,Courtland Sutton,SuttCo00,TE,Eric Tomlinson,TomlEr01,OL,Billy Turner,TurnBi00,OL,Quinn Meinerz,MeinQu02,T,Cameron Fleming,FlemCa00,G,Dalton Risner,RisnDa00,C,Lloyd Cushenberry III,CushLl00,DE,Dre'Mont Jones,JoneDr00,DT,DeShawn Williams,WillDe04,DT,D.J. Jones,,OLB,Bradley Chubb,ChubBr00,LB,Baron Browning,BrowBa01,LB,Alex Singleton,SingAl00,LB,Jonas Griffith,GrifJo01,CB,Patrick Surtain II,SurtPa01,CB,Damarri Mathis,MathDa00,S,Justin Simmons,SimmJu00,S,Kareem Jackson,JackKa99,QB,Zach Wilson,WilsZa00,RB,Breece Hall,HallBr03,WR,Corey Davis,DaviCo03,WR,Garrett Wilson,WilsGa00,TE,Tyler Conklin,ConkTy00,TE,C.J. Uzomah,,OL,Alijah Vera-Tucker,VeraAl00,OL,Connor McGovern,McGoCo00,OL,Nate Herbig,HerbNa01,T,Duane Brown,BrowDu20,G,Laken Tomlinson,TomlLa01,DE,Carl Lawson,LawsCa00,DT,Sheldon Rankins,RankSh00,DT,Quinnen Williams,WillQu00,DT,John Franklin-Myers,FranJo02,LB,Quincy Williams,WillQu01,LB,C.J. Mosley,,CB,D.J. Reed,,CB,Sauce Gardner,GardSa00,CB,Michael Carter II,CartMi02,S,Jordan Whitehead,WhitJo03,S,Lamarcus Joyner,JoynLa00,Referee,Bill Vinovich,Umpire,Alex Moore,Down Judge,Jerry Bergman,Line Judge,Mark Perlman,Back Judge,Jimmy Russell,Side Judge,Jimmy Buchanan,Field Judge,Joe Blubaugh
202210230jax,2022-10-23,Sunday,1:00pm,Jacksonville Jaguars,New York Giants,jax,nyg,17,23,Doug Pederson,Brian Daboll,TIAA Bank Stadium,65664,3:29,outdoors,grass,,QB,Trevor Lawrence,LawrTr00,RB,Travis Etienne,EtieTr00,WR,Christian Kirk,KirkCh01,WR,Zay Jones,JoneZa00,TE,Chris Manhertz,ManhCh00,TE,Evan Engram,EngrEv00,OL,Tyler Shatley,ShatTy00,OL,Cam Robinson,RobiCa00,OL,Jawaan Taylor,TaylJa02,OL,Luke Fortner,FortLu01,G,Brandon Scherff,ScheBr00,DL,Corey Peters,PeteCo00,DE,Roy Robertson-Harris,RobeRo00,DT,DaVon Hamilton,HamiDa02,OLB,Travon Walker,WalkTr03,OLB,Josh Hines-Allen,AlleJo03,LB,Devin Lloyd,LloyDe00,LB,Foyesade Oluokun,OluoFo00,CB,Tyson Campbell,CampTy01,DB,Darious Williams,WillDa09,S,Rayshawn Jenkins,JenkRa00,S,Andre Cisco,CiscAn00,QB,Daniel Jones,JoneDa05,RB,Saquon Barkley,BarkSa00,FB,Chris Myarick,MyarCh00,WR,Marcus Johnson,JohnMa07,WR,Darius Slayton,SlayDa01,TE,Daniel Bellinger,BellDa00,OL,Jon Feliciano,FeliJo00,OL,Mark Glowinski,GlowMa00,T,Andrew Thomas,ThomAn02,T,Evan Neal,NealEv00,G,Ben Bredeson,BredBe00,DL,Nick Williams,WillNi01,DL,Leonard Williams,WillLe02,DL,Dexter Lawrence,LawrDe03,OLB,Jaylon Smith,SmitJa05,OLB,Kayvon Thibodeaux,ThibKa00,OLB,Jihad Ward,WardJi02,LB,Tae Crowder,CrowTa00,CB,Adoree' Jackson,JackAd00,DB,Fabian Moreau,MoreFa00,S,Xavier McKinney,McKiXa00,S,Julian Love,LoveJu00,Referee,Tra Blake,Umpire,Tony Michalek,Down Judge,Patrick Turner,Line Judge,Mark Stewart,Back Judge,Todd Prukop,Side Judge,Don Willard,Field Judge,Tom Hill
202210230mia,2022-10-23,Sunday,8:20pm,Miami Dolphins,Pittsburgh Steelers,mia,pit,16,10,Mike McDaniel,Mike Tomlin,Hard Rock Stadium,66224,3:00,outdoors,grass,"78 degrees, relative humidity 63%, wind 10 mph",QB,Tua Tagovailoa,TagoTu00,RB,Raheem Mostert,MostRa00,WR,Tyreek Hill,HillTy00,WR,Jaylen Waddle,WaddJa00,WR,Trent Sherfield,SherTr00,TE,Durham Smythe,SmytDu00,OL,Connor Williams,WillCo00,OL,Liam Eichenberg,EichLi00,OL,Robert Hunt,HuntRo01,T,Terron Armstead,ArmsTe00,T,Brandon Shell,ShelBr00,DT,Raekwon Davis,DaviRa03,DT,Christian Wilkins,WilkCh00,DT,Zach Sieler,SielZa00,LB,Jaelan Phillips,PhilJa02,LB,Andrew Van Ginkel,VanGAn00,LB,Elandon Roberts,RobeEl00,LB,Jerome Baker,BakeJe00,CB,Noah Igbinoghene,IgbiNo00,CB,Xavien Howard,HowaXa00,S,Brandon Jones,JoneBr06,S,Jevon Holland,HollJe02,QB,Kenny Pickett,PickKe00,RB,Najee Harris,HarrNa00,FB,Derek Watt,WattDe00,WR,Chase Claypool,ClayCh01,WR,Diontae Johnson,JohnDi01,TE,Zach Gentry,GentZa00,OL,Mason Cole,ColeMa02,OL,Kevin Dotson,DotsKe00,OL,Chukwuma Okorafor,OkorCh00,OL,James Daniels,DaniJa01,T,Dan Moore,MoorDa05,DE,Isaiahh Loudermilk,LoudIs00,DT,Cameron Heyward,HeywCa01,DT,Larry Ogunjobi,OgunLa00,LB,Devin Bush Jr.,BushDe01,LB,Myles Jack,JackMy00,LB,Alex Highsmith,HighAl02,CB,Arthur Maulet,MaulAr00,CB,James Pierre,PierJa01,CB,Levi Wallace,WallLe00,S,Minkah Fitzpatrick,FitzMi00,S,Terrell Edmunds,EdmuTe00,Referee,Scott Novak,Umpire,Ramon George,Down Judge,Derick Bowers,Line Judge,Walt Coleman IV,Back Judge,Terrence Miles,Side Judge,David Meslow,Field Judge,Tra Boger
202210230oti,2022-10-23,Sunday,1:00pm,Tennessee Titans,Indianapolis Colts,oti,clt,19,10,Mike Vrabel,Frank Reich,Nissan Stadium,69459,2:51,outdoors,grass,"74 degrees, relative humidity 43%, wind 12 mph",QB,Ryan Tannehill,TannRy00,RB,Derrick Henry,HenrDe00,RB,Dontrell Hilliard,HillDo00,WR,Robert Woods,WoodRo02,WR,Nick Westbrook-Ikhine,WestNi00,TE,Chig Okonkwo,OkonCh00,OL,Dennis Daley,DaleDe00,OL,Dillon Radunz,RaduDi00,OL,Nicholas Petit-Frere,PetiNi00,G,Aaron Brewer,BrewAa01,C,Ben Jones,JoneBe01,DL,Denico Autry,AutrDe00,DT,Jeffery Simmons,SimmJe01,DT,Teair Tart,TartTe00,OLB,Bud Dupree,DuprAl00,LB,David Long,LongDa04,LB,Dylan Cole,ColeDy00,CB,Roger McCreary,McCrRo01,CB,Kristian Fulton,FultKr00,DB,Andrew Adams,AdamAn00,DB,Amani Hooker,HookAm00,S,Kevin Byard,ByarKe01,QB,Matt Ryan,RyanMa00,RB,Jonathan Taylor,TaylJo02,WR,Parris Campbell,CampPa00,WR,Alec Pierce,PierAl00,WR,Michael Pittman Jr.,PittMi01,TE,Mo Alie-Cox,AlieMo00,OL,Quenton Nelson,NelsQu00,T,Dennis Kelly,KellDe00,T,Braden Smith,SmitBr06,T,Matt Pryor,PryoMa00,C,Ryan Kelly,KellRy00,DE,Tyquan Lewis,LewiTy00,DE,Yannick Ngakoue,NgakYa00,DT,DeForest Buckner,BuckDe00,DT,Grover Stewart,StewGr00,LB,Bobby Okereke,OkerBo00,LB,Zaire Franklin,FranZa00,CB,Isaiah Rodgers,RodgIs00,CB,Kenny Moore,MoorKe03,CB,Stephon Gilmore,GilmSt00,DB,Rodney Thomas II,ThomRo07,S,Rodney McLeod,McLeRo00,Referee,Ron Torbert,Umpire,Mark Pellis,Down Judge,Max Causey,Line Judge,Tim Podraza,Back Judge,Tony Josselyn,Side Judge,Keith Washington,Field Judge,Ryan Dickson
202210230rai,2022-10-23,Sunday,4:05pm,Las Vegas Raiders,Houston Texans,rai,htx,38,20,Josh McDaniels,Lovie Smith,Allegiant Stadium,61228,2:50,dome,grass,,QB,Derek Carr,CarrDe02,RB,Josh Jacobs,JacoJo01,FB,Jakob Johnson,JohnJa12,WR,Davante Adams,AdamDa01,WR,Mack Hollins,HollMa00,TE,Foster Moreau,MoreFo00,OL,Jermaine Eluemunor,ElueJe00,OL,Alex Bars,BarsAl01,T,Kolton Miller,MillKo00,G,Dylan Parham,ParhDy00,C,Andre James,JameAn01,DE,Maxx Crosby,CrosMa00,DE,Chandler Jones,JoneCh03,DT,Andrew Billings,BillAn00,DT,Bilal Nichols,NichBi00,LB,Divine Deablo,DeabDi00,LB,Denzel Perryman,PerrDe00,LB,Blake Martinez,MartBl01,CB,Rock Ya-Sin,Ya-SRo00,CB,Anthony Averett,AverAn00,S,Johnathan Abram,AbraJo01,S,Duron Harmon,HarmDu00,QB,Davis Mills,MillDa02,RB,Dameon Pierce,PierDa01,FB,Troy Hairston,HairTr00,WR,Nico Collins,CollNi00,WR,Brandin Cooks,CookBr00,TE,O.J. Howard,,OL,Kenyon Green,GreeKe03,OL,A.J. Cann,,OL,Tytus Howard,HowaTy00,OL,Laremy Tunsil,TunsLa00,OL,Scott Quessenberry,QuesSc00,DT,Maliek Collins,CollMa00,DT,Rasheem Green,GreeRa01,DT,Jerry Hughes,HughJe99,DT,Roy Lopez,LopeRo00,LB,Garret Wallow,WallGa00,LB,Christian Kirksey,KirkCh00,LB,Kamu Grugier-Hill,GrugKa00,DB,Jonathan Owens,OwenJo01,DB,Jalen Pitre,PitrJa00,DB,Steven Nelson,NelsSt01,DB,Derek Stingley Jr.,StinDe00,Referee,John Hussey,Umpire,Alan Eck,Down Judge,Robin DeLorenzo,Line Judge,Carl Johnson,Back Judge,Brad Freeman,Side Judge,Allen Baynes,Field Judge,Jabir Walker
202210230rav,2022-10-23,Sunday,1:00pm,Baltimore Ravens,Cleveland Browns,rav,cle,23,20,John Harbaugh,Kevin Stefanski,M&amp;T Bank Stadium,70461,2:55,outdoors,grass,"64 degrees, relative humidity 59%, wind 6 mph",QB,Lamar Jackson,JackLa00,RB,Gus Edwards,EdwaGu00,FB,Patrick Ricard,RicaPa00,WR,Rashod Bateman,BateRa00,WR,Devin Duvernay,DuveDe00,TE,Mark Andrews,AndrMa00,T,Ronnie Stanley,StanRo00,T,Morgan Moses,MoseMo00,G,Kevin Zeitler,ZeitKe00,G,Ben Powers,PoweBe00,C,Tyler Linderbaum,LindTy00,DT,Travis Jones,JoneTr00,DT,Nnamdi Madubuike,MaduJu00,DT,Calais Campbell,CampCa99,OLB,Jason Pierre-Paul,PierJa99,LB,Malik Harrison,HarrMa06,LB,Patrick Queen,QueePa00,LB,Josh Bynes,ByneJo00,CB,Marlon Humphrey,HumpMa00,CB,Marcus Peters,PeteMa00,S,Chuck Clark,ClarCh00,S,Geno Stone,StonGe00,QB,Jacoby Brissett,BrisJa00,RB,Nick Chubb,ChubNi00,WR,Donovan Peoples-Jones,PeopDo00,WR,Amari Cooper,CoopAm00,TE,Harrison Bryant,BryaHa00,TE,David Njoku,NjokDa00,T,Jedrick Wills Jr.,WillJe04,T,Jack Conklin,ConkJa00,G,Hjalte Froholdt,FrohHj00,G,Joel Bitonio,BitoJo00,C,Ethan Pocic,PociEt00,DE,Myles Garrett,GarrMy00,DE,Jadeveon Clowney,ClowJa00,DT,Jordan Elliott,ElliJo02,DT,Taven Bryan,BryaTa00,LB,Jeremiah Owusu-Koramoah,OwusJe00,LB,Jacob Phillips,PhilJa01,CB,Martin Emerson,EmerMa00,CB,Greg Newsome II,NewsGr00,S,Grant Delpit,DelpGr00,S,Ronnie Harrison,HarrRo02,S,John Johnson,JohnJo10,Referee,Shawn Smith,Umpire,Bryan Neale,Down Judge,Mark Hittner,Line Judge,Michael Dolce,Back Judge,Dino Paganelli,Side Judge,Clay Reynard,Field Judge,Dyrol Prioleau
202210230sdg,2022-10-23,Sunday,4:25pm,Los Angeles Chargers,Seattle Seahawks,sdg,sea,23,37,Brandon Staley,Pete Carroll,SoFi Stadium,70240,3:19,dome,matrixturf,,QB,Justin Herbert,HerbJu00,RB,Austin Ekeler,EkelAu00,WR,Keenan Allen,AlleKe00,WR,Mike Williams,WillMi07,WR,DeAndre Carter,CartDe02,TE,Tre' McKitty,McKiTr00,T,Trey Pipkins,PipkTr00,G,Matt Feiler,FeilMa00,G,Jamaree Salyer,SalyJa00,G,Zion Johnson,JohnZi00,C,Corey Linsley,LinsCo00,DT,Austin Johnson,JohnAu01,DT,Sebastian Joseph-Day,JoseSe00,OLB,Khalil Mack,MackKh00,OLB,Kyle Van Noy,VanNKy00,LB,Kenneth Murray,MurrKe00,LB,Drue Tranquill,TranDr00,CB,J.C. Jackson,,CB,Asante Samuel Jr.,SamuAs00,CB,Bryce Callahan,CallBr00,S,Derwin James,JameDe00,S,Nasir Adderley,AddeNa00,QB,Geno Smith,SmitGe00,RB,Kenneth Walker III,WalkKe00,WR,Tyler Lockett,LockTy00,WR,D.K. Metcalf,MetcDK00,TE,Will Dissly,DissWi00,TE,Noah Fant,FantNo00,T,Charles Cross,CrosCh00,T,Abraham Lucas,LucaAb00,G,Austin Blythe,BlytAu00,G,Phil Haynes,HaynPh00,G,Damien Lewis,LewiDa05,DE,Shelby Harris,HarrSh00,DT,Al Woods,WoodAl99,DT,Poona Ford,FordPo00,LB,Jordyn Brooks,BrooJo01,LB,Uchenna Nwosu,NwosUc00,LB,Boye Mafe,MafeBo00,CB,Michael Jackson,JackMi01,CB,Coby Bryant,BryaCo01,CB,Riq Woolen,WoolTa00,SS,Ryan Neal,NealRy00,FS,Quandre Diggs,DiggQu00,Referee,Land Clark,Umpire,Paul King,Down Judge,Tom Stephan,Line Judge,Brian Bolinger,Back Judge,Greg Meyer,Side Judge,Dominique Pender,Field Judge,Michael Banks
202210230sfo,2022-10-23,Sunday,4:25pm,San Francisco 49ers,Kansas City Chiefs,sfo,kan,23,44,Kyle Shanahan,Andy Reid,Levi's Stadium,71746,3:05,outdoors,grass,"64 degrees, relative humidity 34%, wind 10 mph",QB,Jimmy Garoppolo,GaroJi00,RB,Jeff Wilson,WilsJe01,WR,Deebo Samuel,SamuDe00,WR,Brandon Aiyuk,AiyuBr00,TE,George Kittle,KittGe00,TE,Charlie Woerner,WoerCh00,OL,Spencer Burford,BurfSp00,OL,Jake Brendel,BrenJa01,OL,Aaron Banks,BankAa00,T,Mike McGlinchey,McGlMi00,T,Trent Williams,WillTr21,DE,Samson Ebukam,EbukSa00,DE,Nick Bosa,BosaNi00,DT,Kevin Givens,GiveKe01,DT,Hassan Ridgeway,RidgHa00,LB,Dre Greenlaw,GreeDr00,LB,Fred Warner,WarnFr00,CB,Charvarius Ward,WardCh01,DB,Deommodore Lenoir,LenoDe00,DB,Jimmie Ward,WardJi01,S,Tashaun Gipson,GipsTa00,S,Talanoa Hufanga,HufaTa00,QB,Patrick Mahomes,MahoPa00,RB,Isiah Pacheco,PachIs00,WR,JuJu Smith-Schuster,SmitJu00,WR,Mecole Hardman,HardMe00,TE,Noah Gray,GrayNo00,TE,Travis Kelce,KelcTr00,OL,Joe Thuney,ThunJo00,OL,Trey Smith,SmitTr05,T,Orlando Brown Jr.,BrowOr00,G,Andrew Wylie,WyliAn00,C,Creed Humphrey,HumpCr00,DE,George Karlaftis III,KarlGe00,DE,Frank Clark,ClarFr01,DT,Chris Jones,JoneCh09,DT,Derrick Nnadi,NnadDe00,LB,Willie Gay Jr.,GayJWi00,LB,Leo Chenal,ChenLe00,LB,Nick Bolton,BoltNi00,CB,L'Jarius Sneed,SneeLJ00,CB,Jaylen Watson,WatsJa02,S,Justin Reid,ReidJu00,S,Juan Thornhill,ThorJu00,Referee,Alex Kemp,Umpire,Mike Morton,Down Judge,Danny Short,Line Judge,Jeff Bergman,Back Judge,Scott Helverson,Side Judge,Dale Shaw,Field Judge,John Jenkins
202210230was,2022-10-23,Sunday,1:00pm,Washington Commanders,Green Bay Packers,was,gnb,23,21,Ron Rivera,Matt LaFleur,FedExField,60427,3:21,outdoors,grass,"62 degrees, relative humidity 66%, wind 7 mph",QB,Taylor Heinicke,HeinTa00,RB,Brian Robinson Jr.,RobiBr01,WR,Dax Milne,MilnDa00,WR,Terry McLaurin,McLaTe00,TE,Cole Turner,TurnCo00,TE,Armani Rogers,RogeAr00,T,Saahdiq Charles,CharSa00,T,Cornelius Lucas,LucaCo01,T,Charles Leno Jr.,LenoCh00,G,Andrew Norwell,NorwAn01,C,Tyler Larsen,LarsTy00,DE,James Smith-Williams,SmitJa08,DE,Montez Sweat,SweaMo00,DT,Daron Payne,PaynDa00,DT,Jonathan Allen,AlleJo01,LB,Cole Holcomb,HolcCo00,LB,Jamin Davis,DaviJa11,CB,Kendall Fuller,FullKe00,CB,Benjamin St-Juste,StJuBe00,CB,Rachad Wildgoose,WildRa00,S,Bobby McCain,McCaBo01,S,Kamren Curl,CurlKa00,QB,Aaron Rodgers,RodgAa00,RB,Aaron Jones,JoneAa00,WR,Samori Toure,TourSa00,WR,Romeo Doubs,DoubRo00,WR,Allen Lazard,LazaAl00,TE,Marcedes Lewis,LewiMa00,OL,Zach Tom,TomxZa00,OL,Josh Myers,MyerJo00,T,Yosh Nijman,NijmYo01,G,Elgton Jenkins,JenkEl00,G,Jon Runyan Jr.,RunyJo00,DL,Kenny Clark,ClarKe01,DE,Dean Lowry,LowrDe00,DT,Jarran Reed,ReedJa02,LB,Quay Walker,WalkQu00,LB,Preston Smith,SmitPr00,LB,Rashan Gary,GaryRa00,LB,De'Vondre Campbell,CampDe00,CB,Eric Stokes,StokEr00,CB,Jaire Alexander,AlexJa00,S,Darnell Savage Jr.,SavaDa00,S,Adrian Amos,AmosAd00,Referee,Clay Martin,Umpire,Fred Bryan,Down Judge,Jerod Phillips,Line Judge,Maia Chaka,Back Judge,Greg Wilson,Side Judge,Dave Hawkshaw,Field Judge,James Coleman
202210240nwe,2022-10-24,Monday,8:15pm,New England Patriots,Chicago Bears,nwe,chi,14,33,Bill Belichick,Matt Eberflus,Gillette Stadium,65878,2:55,outdoors,fieldturf,"56 degrees, relative humidity 100%, wind 4 mph",QB,Mac Jones,JoneMa05,RB,Rhamondre Stevenson,StevRh00,WR,Tyquan Thornton,ThorTy00,WR,DeVante Parker,ParkDe01,WR,Jakobi Meyers,MeyeJa01,TE,Hunter Henry,HenrHu00,OL,Trent Brown,BrowTr02,OL,Marcus Cannon,CannMa00,OL,Cole Strange,StraCo01,OL,Michael Onwenu,OnweMi00,C,David Andrews,AndrDa00,DL,Carl Davis,DaviCa01,DT,Davon Godchaux,GodcDa00,DT,Lawrence Guy,GuyxLa00,LB,Ja'Whaun Bentley,BentJa00,LB,Jahlani Tavai,TavaJa00,LB,Anfernee Jennings,JennAn00,LB,Jamie Collins,CollJa00,CB,Jalen Mills,MillJa02,DB,Devin McCourty,McCoDe99,DB,Jonathan Jones,JoneJo03,DB,Kyle Dugger,DuggKy00,QB,Justin Fields,FielJu00,RB,David Montgomery,MontDa01,FB,Khari Blasingame,BlasKh00,WR,Equanimeous St. Brown,,WR,Darnell Mooney,MoonDa00,TE,Cole Kmet,KmetCo00,OL,Larry Borom,BoroLa00,OL,Michael Schofield,SchoMi00,OL,Lucas Patrick,PatrLu00,OL,Braxton Jones,JoneBr08,OL,Teven Jenkins,JenkTe00,DL,Justin Jones,JoneJu03,DL,Al-Quadin Muhammad,MuhaAl00,DL,Robert Quinn,QuinRo00,DT,Armon Watts,WattAr01,LB,Nicholas Morrow,MorrNi00,LB,Roquan Smith,SmitRo07,DB,Jaylon Johnson,JohnJa13,DB,Eddie Jackson,JackEd01,DB,Kyler Gordon,GordKy00,DB,Jaquan Brisker,BrisJa01,DB,Kindle Vildor,VildKi00,Referee,Brad Allen,Umpire,Duane Heydt,Down Judge,Sarah Thomas,Line Judge,Daniel Gallagher,Back Judge,Greg Yette,Side Judge,Boris Cheek,Field Judge,Rick Patterson
202210270tam,2022-10-27,Thursday,8:15pm,Tampa Bay Buccaneers,Baltimore Ravens,tam,rav,22,27,Todd Bowles,John Harbaugh,Raymond James Stadium,68912,3:08,outdoors,grass,"79 degrees, relative humidity 74%, wind 4 mph",QB,Tom Brady,BradTo00,RB,Leonard Fournette,FourLe00,WR,Mike Evans,EvanMi00,WR,Julio Jones,JoneJu02,TE,Cade Otton,OttoCa00,TE,Ko Kieft,KiefKo00,OL,Robert Hainsey,HainRo00,T,Tristan Wirfs,WirfTr00,T,Donovan Smith,SmitDo02,G,Nick Leverett,LeveNi00,G,Shaq Mason,MasoSh01,DL,William Gholston,GholWi00,DL,Rakeem Nunez-Roches,NuneRa00,DL,Vita Vea,VeaxVi00,OLB,Joe Tryon-Shoyinka,TryoJo00,OLB,Shaquil Barrett,BarrSh00,LB,Lavonte David,DaviLa00,LB,Devin White,WhitDe02,CB,Zyon McCollum,McCoZy02,CB,Jamel Dean,DeanJa00,S,Mike Edwards,EdwaMi01,S,Keanu Neal,NealKe01,QB,Lamar Jackson,JackLa00,RB,Kenyan Drake,DrakKe00,FB,Patrick Ricard,RicaPa00,WR,Rashod Bateman,BateRa00,WR,Devin Duvernay,DuveDe00,TE,Mark Andrews,AndrMa00,T,Ronnie Stanley,StanRo00,T,Morgan Moses,MoseMo00,G,Kevin Zeitler,ZeitKe00,G,Ben Powers,PoweBe00,C,Tyler Linderbaum,LindTy00,DT,Nnamdi Madubuike,MaduJu00,DT,Travis Jones,JoneTr00,DT,Broderick Washington Jr.,WashBr01,OLB,Devon Kennard,KennDe00,LB,A.J. Klein,KleiAJ00,LB,Patrick Queen,QueePa00,LB,Malik Harrison,HarrMa06,CB,Marcus Peters,PeteMa00,CB,Marlon Humphrey,HumpMa00,S,Geno Stone,StonGe00,S,Chuck Clark,ClarCh00,Referee,Carl Cheffers,Umpire,Brandon Cruse,Down Judge,Mike Carr,Line Judge,Jeff Seeman,Back Judge,Matt Edwards,Side Judge,Eugene Hall,Field Judge,Nathan Jones
202210300atl,2022-10-30,Sunday,1:00pm,Atlanta Falcons,Carolina Panthers,atl,car,37,34,Arthur Smith,Steve Wilks,Mercedes-Benz Stadium,68996,3:39,retractable roof (closed),fieldturf,,QB,Marcus Mariota,MariMa01,RB,Tyler Allgeier,AllgTy00,WR,Olamide Zaccheaus,ZaccOl01,WR,Damiere Byrd,ByrdDa00,WR,Drake London,LondDr00,TE,Kyle Pitts,PittKy00,OL,Drew Dalman,DalmDr00,T,Elijah Wilkinson,WilkEl00,T,Kaleb McGary,McGaKa00,T,Jake Matthews,MattJa00,G,Chris Lindstrom,LindCh00,DL,Ta'Quon Graham,GrahTa00,DL,Abdullah Anderson,AndeAb00,DT,Grady Jarrett,JarrGr00,OLB,Adetokunbo Ogundeji,OgunAd01,LB,Rashaan Evans,EvanRa01,LB,Lorenzo Carter,CartLo01,LB,Mykal Walker,WalkMy00,CB,Darren Hall,HallDa03,FS,Dean Marlowe,MarlDe00,DB,Cornell Armstrong,ArmsCo00,S,Richie Grant,GranRi00,QB,P.J. Walker,WalkPh00,RB,D'Onta Foreman,ForeDO00,WR,D.J. Moore,,WR,Terrace Marshall Jr.,MarsTe00,TE,Tommy Tremble,TremTo00,TE,Ian Thomas,ThomIa00,OL,Bradley Bozeman,BozeBr00,OL,Austin Corbett,CorbAu00,T,Brady Christensen,ChriBr00,T,Ikem Ekwonu,EkwoIk00,T,Taylor Moton,MotoTa00,DE,Brian Burns,BurnBr00,DE,Yetur Gross-Matos,GrosYe00,DT,Derrick Brown,BrowDe05,DT,Matthew Ioannidis,IoanMa01,LB,Cory Littleton,LittCo01,LB,Shaq Thompson,ThomSh01,CB,Donte Jackson,JackDo02,CB,Jaycee Horn,HornJa00,DB,Myles Hartsfield,HartMy00,S,Juston Burris,BurrJu00,S,Xavier Woods,WoodXa00,Referee,Shawn Hochuli,Umpire,Terry Killens,Down Judge,Patrick Holt,Line Judge,Greg Bradley,Back Judge,Rich Martinez,Side Judge,Chad Hill,Field Judge,Anthony Flemming
202210300buf,2022-10-30,Sunday,8:20pm,Buffalo Bills,Green Bay Packers,buf,gnb,27,17,Sean McDermott,Matt LaFleur,Highmark Stadium,70863,3:04,outdoors,a_turf,"50 degrees, relative humidity 57%, wind 4 mph",QB,Josh Allen,AlleJo02,RB,Devin Singletary,SingDe00,WR,Gabe Davis,DaviGa01,WR,Isaiah McKenzie,McKeIs00,WR,Stefon Diggs,DiggSt00,TE,Dawson Knox,KnoxDa00,OL,David Quessenberry,QuesDa00,OL,Ryan Bates,BateRy02,T,Dion Dawkins,DawkDi00,G,Rodger Saffold,SaffRo20,C,Mitch Morse,MorsMi00,DE,Gregory Rousseau,RousGr00,DT,DaQuan Jones,JoneDa04,DT,Ed Oliver,OlivEd00,LB,Tremaine Edmunds,EdmuTr01,LB,Matt Milano,MilaMa00,LB,Von Miller,MillVo00,CB,Kaiir Elam,ElamKa00,CB,Dane Jackson,JackDa02,CB,Taron Johnson,JohnTa01,S,Damar Hamlin,HamlDa00,S,Jordan Poyer,PoyeJo00,QB,Aaron Rodgers,RodgAa00,RB,Aaron Jones,JoneAa00,WR,Christian Watson,WatsCh00,WR,Sammy Watkins,WatkSa00,WR,Romeo Doubs,DoubRo00,TE,Marcedes Lewis,LewiMa00,OL,Josh Myers,MyerJo00,OL,Zach Tom,TomxZa00,T,Yosh Nijman,NijmYo01,T,David Bakhtiari,BakhDa00,G,Jon Runyan Jr.,RunyJo00,DL,Kenny Clark,ClarKe01,DE,Dean Lowry,LowrDe00,LB,Rashan Gary,GaryRa00,LB,Preston Smith,SmitPr00,LB,De'Vondre Campbell,CampDe00,LB,Quay Walker,WalkQu00,CB,Rasul Douglas,DougRa00,CB,Jaire Alexander,AlexJa00,CB,Eric Stokes,StokEr00,S,Darnell Savage Jr.,SavaDa00,S,Adrian Amos,AmosAd00,Referee,Ron Torbert,Umpire,Mark Pellis,Down Judge,Max Causey,Line Judge,Tim Podraza,Back Judge,Tony Josselyn,Side Judge,Keith Washington,Field Judge,Ryan Dickson
202210300clt,2022-10-30,Sunday,4:25pm,Indianapolis Colts,Washington Commanders,clt,was,16,17,Frank Reich,Ron Rivera,Lucas Oil Stadium,65515,2:50,retractable roof (closed),fieldturf,,QB,Sam Ehlinger,EhliSa00,RB,Jonathan Taylor,TaylJo02,WR,Parris Campbell,CampPa00,WR,Michael Pittman Jr.,PittMi01,WR,Alec Pierce,PierAl00,TE,Mo Alie-Cox,AlieMo00,OL,Quenton Nelson,NelsQu00,T,Dennis Kelly,KellDe00,T,Braden Smith,SmitBr06,T,Matt Pryor,PryoMa00,C,Ryan Kelly,KellRy00,DE,Tyquan Lewis,LewiTy00,DE,Yannick Ngakoue,NgakYa00,DT,DeForest Buckner,BuckDe00,DT,Grover Stewart,StewGr00,LB,Bobby Okereke,OkerBo00,LB,Zaire Franklin,FranZa00,CB,Kenny Moore,MoorKe03,CB,Isaiah Rodgers,RodgIs00,CB,Stephon Gilmore,GilmSt00,DB,Rodney Thomas II,ThomRo07,S,Rodney McLeod,McLeRo00,QB,Taylor Heinicke,HeinTa00,RB,Antonio Gibson,GibsAn00,WR,Cam Sims,SimsCa00,WR,Curtis Samuel,SamuCu00,WR,Terry McLaurin,McLaTe00,TE,Armani Rogers,RogeAr00,T,Charles Leno Jr.,LenoCh00,T,Cornelius Lucas,LucaCo01,G,Trai Turner,TurnTr01,G,Andrew Norwell,NorwAn01,C,Tyler Larsen,LarsTy00,DE,James Smith-Williams,SmitJa08,DE,Montez Sweat,SweaMo00,DT,Daron Payne,PaynDa00,DT,John Ridgeway,RidgJo00,DT,Jonathan Allen,AlleJo01,LB,Jamin Davis,DaviJa11,CB,Kendall Fuller,FullKe00,CB,Benjamin St-Juste,StJuBe00,S,Bobby McCain,McCaBo01,S,Darrick Forrest,ForrDa00,S,Kamren Curl,CurlKa00,Referee,Craig Wrolstad,Umpire,Steve Woods,Down Judge,Jim Mello,Line Judge,Tripp Sutter,Back Judge,Grantis Bell,Side Judge,Jeff Lamberth,Field Judge,Jeff Shears
202210300dal,2022-10-30,Sunday,1:00pm,Dallas Cowboys,Chicago Bears,dal,chi,49,29,Mike McCarthy,Matt Eberflus,AT&amp;T Stadium,93767,3:07,retractable roof (open),matrixturf,,QB,Dak Prescott,PresDa01,RB,Tony Pollard,PollTo00,WR,Jalen Tolbert,TolbJa00,WR,Michael Gallup,GallMi00,WR,CeeDee Lamb,LambCe00,TE,Dalton Schultz,SchuDa00,OL,Tyler Smith,SmitTy02,T,Terence Steele,SteeTe01,G,Connor McGovern,McGoCo01,G,Zack Martin,MartZa00,C,Tyler Biadasz,BiadTy00,DE,DeMarcus Lawrence,LawrDe00,DT,Osa Odighizuwa,OdigOs00,DT,Quinton Bohanna,BohaQu00,LB,Leighton Vander Esch,VandLe00,LB,Micah Parsons,ParsMi00,LB,Anthony Barr,BarrAn00,CB,Trevon Diggs,DiggTr00,CB,Anthony Brown,BrowAn02,S,Donovan Wilson,WilsDo01,S,Israel Mukuamu,MukuIs00,S,Jayron Kearse,KearJa00,QB,Justin Fields,FielJu00,RB,David Montgomery,MontDa01,FB,Khari Blasingame,BlasKh00,WR,Equanimeous St. Brown,,WR,Darnell Mooney,MoonDa00,TE,Cole Kmet,KmetCo00,OL,Michael Schofield,SchoMi00,OL,Teven Jenkins,JenkTe00,OL,Riley Reiff,ReifRi00,OL,Braxton Jones,JoneBr08,OL,Sam Mustipher,MustSa01,DL,Trevis Gipson,GipsTr00,DL,Justin Jones,JoneJu03,DL,Al-Quadin Muhammad,MuhaAl00,DT,Armon Watts,WattAr01,LB,Nicholas Morrow,MorrNi00,LB,Roquan Smith,SmitRo07,DB,Jaylon Johnson,JohnJa13,DB,Eddie Jackson,JackEd01,DB,Kyler Gordon,GordKy00,DB,Kindle Vildor,VildKi00,DB,Jaquan Brisker,BrisJa01,Referee,Brad Rogers,Umpire,Carl Paganelli,Down Judge,Kent Payne,Line Judge,Tom Eaton,Back Judge,Greg Steed,Side Judge,Anthony Jeffries,Field Judge,Aaron Santi
202210300det,2022-10-30,Sunday,1:00pm,Detroit Lions,Miami Dolphins,det,mia,27,31,Dan Campbell,Mike McDaniel,Ford Field,61447,2:50,dome,fieldturf,,QB,Jared Goff,GoffJa00,RB,Jamaal Williams,WillJa06,WR,Amon-Ra St. Brown,StxxAm00,WR,Josh Reynolds,ReynJo00,WR,Kalif Raymond,RaymKa00,TE,T.J. Hockenson,HockTJ00,T,Taylor Decker,DeckTa00,T,Penei Sewell,SewePe00,G,Jonah Jackson,JackJo03,C,Evan Brown,BrowEv00,C,Frank Ragnow,RagnFr00,DL,Alim McNeill,McNeAl00,DL,Isaiah Buggs,BuggIs00,DE,Josh Paschal,PascJo00,DE,Aidan Hutchinson,HutcAi00,LB,Malcolm Rodriguez,RodrMa00,LB,Alex Anzalone,AnzaAl00,CB,Jeff Okudah,OkudJe00,CB,Amani Oruwariye,OruwAm00,CB,Will Harris,HarrWi02,S,Kerby Joseph,JoseKe03,S,Juju Hughes,HughJu00,QB,Tua Tagovailoa,TagoTu00,RB,Raheem Mostert,MostRa00,FB,Alec Ingold,IngoAl01,WR,Jaylen Waddle,WaddJa00,WR,Tyreek Hill,HillTy00,TE,Durham Smythe,SmytDu00,OL,Connor Williams,WillCo00,OL,Brandon Shell,ShelBr00,OL,Robert Hunt,HuntRo01,OL,Liam Eichenberg,EichLi00,T,Terron Armstead,ArmsTe00,DT,Zach Sieler,SielZa00,DT,Raekwon Davis,DaviRa03,DT,Christian Wilkins,WilkCh00,LB,Jaelan Phillips,PhilJa02,LB,Elandon Roberts,RobeEl00,LB,Andrew Van Ginkel,VanGAn00,LB,Jerome Baker,BakeJe00,CB,Kader Kohou,KohoKa00,CB,Xavien Howard,HowaXa00,S,Verone McKinley,McKiVe00,S,Jevon Holland,HollJe02,Referee,Alex Kemp,Umpire,Mike Morton,Down Judge,Danny Short,Line Judge,Jeff Bergman,Back Judge,Scott Helverson,Side Judge,Dale Shaw,Field Judge,John Jenkins
202210300htx,2022-10-30,Sunday,4:05pm,Houston Texans,Tennessee Titans,htx,oti,10,17,Lovie Smith,Mike Vrabel,NRG Stadium,68467,2:51,retractable roof (closed),astroturf,,QB,Davis Mills,MillDa02,RB,Dameon Pierce,PierDa01,FB,Troy Hairston,HairTr00,WR,Brandin Cooks,CookBr00,WR,Phillip Dorsett,DorsPh00,TE,O.J. Howard,,OL,Laremy Tunsil,TunsLa00,OL,Scott Quessenberry,QuesSc00,OL,Justin McCray,McCrJu00,OL,Tytus Howard,HowaTy00,OL,Kenyon Green,GreeKe03,DL,Jerry Hughes,HughJe99,DL,Kurt Hinish,HiniKu00,DL,Rasheem Green,GreeRa01,DL,Thomas Booker,BookTh00,LB,Christian Kirksey,KirkCh00,LB,Christian Harris,HarrCh06,DB,Desmond King,KingDe01,DB,Steven Nelson,NelsSt01,DB,Jonathan Owens,OwenJo01,DB,Jalen Pitre,PitrJa00,DB,Derek Stingley Jr.,StinDe00,QB,Malik Willis,WillMa12,RB,Derrick Henry,HenrDe00,WR,Robert Woods,WoodRo02,WR,Nick Westbrook-Ikhine,WestNi00,WR,Cody Hollister,HollCo00,TE,Geoff Swaim,SwaiGe00,OL,Dennis Daley,DaleDe00,OL,Nicholas Petit-Frere,PetiNi00,G,Nate Davis,DaviNa01,G,Aaron Brewer,BrewAa01,C,Ben Jones,JoneBe01,DL,DeMarcus Walker,WalkDe03,DT,Jeffery Simmons,SimmJe01,DT,Teair Tart,TartTe00,OLB,Bud Dupree,DuprAl00,LB,David Long,LongDa04,LB,Zach Cunningham,CunnZa00,LB,Dylan Cole,ColeDy00,CB,Roger McCreary,McCrRo01,CB,Kristian Fulton,FultKr00,DB,Amani Hooker,HookAm00,S,Kevin Byard,ByarKe01,Referee,Clay Martin,Umpire,Fred Bryan,Down Judge,Jerod Phillips,Line Judge,Maia Chaka,Back Judge,Greg Wilson,Side Judge,Dave Hawkshaw,Field Judge,James Coleman
202210300jax,2022-10-30,Sunday,9:30am,Jacksonville Jaguars,Denver Broncos,jax,den,17,21,Doug Pederson,Nathaniel Hackett,Wembley Stadium,86215,2:58,outdoors,grass,"61 degrees, relative humidity 77%, wind 11 mph",QB,Trevor Lawrence,LawrTr00,RB,Travis Etienne,EtieTr00,WR,Christian Kirk,KirkCh01,WR,Zay Jones,JoneZa00,WR,Marvin Jones,JoneMa02,TE,Evan Engram,EngrEv00,OL,Tyler Shatley,ShatTy00,OL,Cam Robinson,RobiCa00,OL,Jawaan Taylor,TaylJa02,OL,Luke Fortner,FortLu01,G,Brandon Scherff,ScheBr00,DE,Roy Robertson-Harris,RobeRo00,DT,DaVon Hamilton,HamiDa02,DT,Folorunso Fatukasi,FatuFo00,OLB,Travon Walker,WalkTr03,OLB,Josh Hines-Allen,AlleJo03,LB,Devin Lloyd,LloyDe00,LB,Foyesade Oluokun,OluoFo00,CB,Tyson Campbell,CampTy01,DB,Darious Williams,WillDa09,S,Rayshawn Jenkins,JenkRa00,S,Andre Cisco,CiscAn00,QB,Russell Wilson,WilsRu00,RB,Melvin Gordon,GordMe00,WR,Courtland Sutton,SuttCo00,WR,Jerry Jeudy,JeudJe00,TE,Greg Dulcich,DulcGr00,TE,Eric Tomlinson,TomlEr01,OL,Billy Turner,TurnBi00,OL,Quinn Meinerz,MeinQu02,T,Calvin Anderson,AndeCa00,G,Dalton Risner,RisnDa00,C,Lloyd Cushenberry III,CushLl00,DE,Dre'Mont Jones,JoneDr00,DT,D.J. Jones,,OLB,Jonathon Cooper,CoopJo02,OLB,Bradley Chubb,ChubBr00,LB,Josey Jewell,JeweJo00,LB,Jonas Griffith,GrifJo01,CB,Damarri Mathis,MathDa00,CB,Patrick Surtain II,SurtPa01,CB,K'Waun Williams,WillKW00,S,Justin Simmons,SimmJu00,S,Kareem Jackson,JackKa99,Referee,Adrian Hill,Umpire,Roy Ellison,Down Judge,David Oliver,Line Judge,Kevin Codey,Back Judge,Keith Ferguson,Side Judge,Jim Quirk,Field Judge,Mearl Robinson
202210300min,2022-10-30,Sunday,1:00pm,Minnesota Vikings,Arizona Cardinals,min,crd,34,26,Kevin O'Connell,Kliff Kingsbury,U.S. Bank Stadium,66742,3:26,dome,sportturf,,QB,Kirk Cousins,CousKi00,RB,Dalvin Cook,CookDa01,WR,Adam Thielen,ThieAd00,WR,Justin Jefferson,JeffJu00,WR,K.J. Osborn,OsboKJ00,TE,Johnny Mundt,MundJo00,T,Christian Darrisaw,DarrCh00,T,Brian O'Neill,ONeiBr00,G,Ezra Cleveland,ClevEz00,G,Ed Ingram,IngrEd00,C,Garrett Bradbury,BradGa00,DT,Dalvin Tomlinson,TomlDa00,DT,Harrison Phillips,PhilHa00,OLB,Danielle Hunter,HuntDa01,LB,Eric Kendricks,KendEr00,LB,Za'Darius Smith,SmitZa00,LB,Jordan Hicks,HickJo00,CB,Patrick Peterson,PetePa00,CB,Chandon Sullivan,SullCh00,CB,Cameron Dantzler,DantCa00,S,Harrison Smith,SmitHa00,S,Camryn Bynum,BynuCa00,QB,Kyler Murray,MurrKy00,RB,Eno Benjamin,BenjEn00,WR,Rondale Moore,MoorRo02,WR,A.J. Green,,WR,DeAndre Hopkins,HopkDe00,TE,Zach Ertz,ErtzZa00,OL,Billy Price,PricBi01,OL,Kelvin Beachum,BeacKe00,OL,Cody Ford,FordCo00,OL,Will Hernandez,HernWi00,OL,Josh Jones,JoneJo07,DE,Zach Allen,AlleZa01,DE,J.J. Watt,,DT,Leki Fotu,FotuLe00,OLB,Victor Dimukeje,DimuVi00,LB,Zaven Collins,CollZa00,LB,Ben Niemann,NiemBe00,LB,Isaiah Simmons,SimmIs00,CB,Marco Wilson,WilsMa04,CB,Byron Murphy,MurpBy00,S,Jalen Thompson,ThomJa04,S,Budda Baker,BakeBu00,Referee,Brad Allen,Umpire,Duane Heydt,Down Judge,Sarah Thomas,Line Judge,Daniel Gallagher,Back Judge,Greg Yette,Side Judge,Boris Cheek,Field Judge,Rick Patterson
202210300nor,2022-10-30,Sunday,1:00pm,New Orleans Saints,Las Vegas Raiders,nor,rai,24,0,Dennis Allen,Josh McDaniels,Caesars Superdome,70009,2:46,dome,sportturf,,QB,Andy Dalton,DaltAn00,RB,Mark Ingram,IngrMa01,WR,Tre'Quan Smith,SmitTr03,WR,Rashid Shaheed,ShahRa00,WR,Chris Olave,OlavCh00,TE,Juwan Johnson,JohnJu02,OL,Erik McCoy,McCoEr01,OL,Cesar Ruiz,RuizCe00,OL,Andrus Peat,PeatAn00,OL,James Hurst,HursJa00,T,Ryan Ramczyk,RamcRy00,DE,Cameron Jordan,JordCa00,DE,Marcus Davenport,DaveMa00,DT,David Onyemata,OnyeDa00,DT,Malcolm Roach,RoacMa01,LB,Kaden Elliss,ElliKa00,LB,Demario Davis,DaviDe00,LB,Pete Werner,WernPe00,CB,Paulson Adebo,AdebPa00,CB,Alontae Taylor,TaylAl01,FS,Tyrann Mathieu,MathTy00,S,Marcus Maye,MayeMa00,QB,Derek Carr,CarrDe02,RB,Josh Jacobs,JacoJo01,FB,Jakob Johnson,JohnJa12,WR,Davante Adams,AdamDa01,WR,Mack Hollins,HollMa00,TE,Foster Moreau,MoreFo00,OL,Jermaine Eluemunor,ElueJe00,OL,Alex Bars,BarsAl01,T,Kolton Miller,MillKo00,G,Dylan Parham,ParhDy00,C,Andre James,JameAn01,DE,Maxx Crosby,CrosMa00,DE,Chandler Jones,JoneCh03,DT,Andrew Billings,BillAn00,DT,Bilal Nichols,NichBi00,LB,Divine Deablo,DeabDi00,LB,Denzel Perryman,PerrDe00,LB,Blake Martinez,MartBl01,CB,Rock Ya-Sin,Ya-SRo00,CB,Anthony Averett,AverAn00,S,Tre'von Moehrig,MoehTr00,S,Duron Harmon,HarmDu00,Referee,Scott Novak,Umpire,Ramon George,Down Judge,Derick Bowers,Line Judge,Walt Coleman IV,Back Judge,Terrence Miles,Side Judge,David Meslow,Field Judge,Tra Boger
202210300nyj,2022-10-30,Sunday,1:00pm,New York Jets,New England Patriots,nyj,nwe,17,22,Robert Saleh,Bill Belichick,MetLife Stadium,82823,3:01,outdoors,fieldturf,"59 degrees, relative humidity 45%, wind 1 mph",QB,Zach Wilson,WilsZa00,RB,Michael Carter,CartMi03,WR,Denzel Mims,MimsDe00,WR,Braxton Berrios,BerrBr00,TE,Tyler Conklin,ConkTy00,TE,C.J. Uzomah,,OL,Nate Herbig,HerbNa01,OL,Connor McGovern,McGoCo00,T,Cedric Ogbuehi,OgbuCe00,T,Duane Brown,BrowDu20,G,Laken Tomlinson,TomlLa01,DE,Carl Lawson,LawsCa00,DT,Sheldon Rankins,RankSh00,DT,John Franklin-Myers,FranJo02,DT,Quinnen Williams,WillQu00,LB,Kwon Alexander,AlexKw00,LB,C.J. Mosley,,LB,Quincy Williams,WillQu01,CB,Sauce Gardner,GardSa00,CB,D.J. Reed,,S,Lamarcus Joyner,JoynLa00,S,Jordan Whitehead,WhitJo03,QB,Mac Jones,JoneMa05,RB,Damien Harris,HarrDa06,WR,DeVante Parker,ParkDe01,WR,Jakobi Meyers,MeyeJa01,TE,Jonnu Smith,SmitJo01,TE,Hunter Henry,HenrHu00,OL,Trent Brown,BrowTr02,OL,Marcus Cannon,CannMa00,OL,James Ferentz,FereJa00,OL,Cole Strange,StraCo01,OL,Michael Onwenu,OnweMi00,DL,Deatrich Wise Jr.,WiseDe00,DT,Lawrence Guy,GuyxLa00,DT,Davon Godchaux,GodcDa00,LB,Matt Judon,JudoMa00,LB,Jahlani Tavai,TavaJa00,LB,Ja'Whaun Bentley,BentJa00,CB,Jalen Mills,MillJa02,DB,Devin McCourty,McCoDe99,DB,Jonathan Jones,JoneJo03,DB,Jabrill Peppers,PeppJa00,DB,Adrian Phillips,PhilAd00,Referee,Shawn Smith,Umpire,Bryan Neale,Down Judge,Mark Hittner,Line Judge,Michael Dolce,Back Judge,Dino Paganelli,Side Judge,Clay Reynard,Field Judge,Dyrol Prioleau
202210300phi,2022-10-30,Sunday,1:00pm,Philadelphia Eagles,Pittsburgh Steelers,phi,pit,35,13,Nick Sirianni,Mike Tomlin,Lincoln Financial Field,69879,2:54,outdoors,grass,"61 degrees, relative humidity 47%, wind 2 mph",QB,Jalen Hurts,HurtJa00,RB,Miles Sanders,SandMi01,WR,A.J. Brown,BrowAJ00,WR,Quez Watkins,WatkQu00,WR,DeVonta Smith,SmitDe07,TE,Dallas Goedert,GoedDa00,T,Lane Johnson,JohnLa01,T,Jordan Mailata,MailJo00,G,Landon Dickerson,DickLa00,G,Isaac Seumalo,SeumIs00,C,Jason Kelce,KelcJa00,DE,Josh Sweat,SweaJo00,DT,Javon Hargrave,HargJa00,DT,Jordan Davis,DaviJo03,DT,Fletcher Cox,CoxxFl00,LB,T.J. Edwards,EdwaTJ02,LB,Haason Reddick,ReddHa00,CB,Avonte Maddox,MaddAv00,CB,James Bradberry,BradJa00,CB,Darius Slay,SlayDa00,S,C.J. Gardner-Johnson,GardCh00,S,Marcus Epps,EppsMa00,QB,Kenny Pickett,PickKe00,RB,Najee Harris,HarrNa00,WR,Chase Claypool,ClayCh01,WR,George Pickens,PickGe00,WR,Diontae Johnson,JohnDi01,TE,Zach Gentry,GentZa00,OL,Mason Cole,ColeMa02,OL,James Daniels,DaniJa01,OL,Kevin Dotson,DotsKe00,OL,Chukwuma Okorafor,OkorCh00,T,Dan Moore,MoorDa05,DE,Isaiahh Loudermilk,LoudIs00,DT,Chris Wormley,WormCh00,DT,Cameron Heyward,HeywCa01,LB,Myles Jack,JackMy00,LB,Alex Highsmith,HighAl02,LB,Devin Bush Jr.,BushDe01,CB,Arthur Maulet,MaulAr00,CB,Cameron Sutton,SuttCa00,CB,Ahkello Witherspoon,WithAh00,S,Minkah Fitzpatrick,FitzMi00,S,Terrell Edmunds,EdmuTe00,Referee,Clete Blakeman,Umpire,Tab Slaughter,Down Judge,Dana McKenzie,Line Judge,Julian Mapp,Back Judge,Perry Paganelli,Side Judge,Lo Van Pham,Field Judge,Terry Brown
202210300ram,2022-10-30,Sunday,4:25pm,Los Angeles Rams,San Francisco 49ers,ram,sfo,14,31,Sean McVay,Kyle Shanahan,SoFi Stadium,73505,2:45,dome,matrixturf,,QB,Matthew Stafford,StafMa00,RB,Ronnie Rivers,RiveRo01,WR,Van Jefferson,JeffVa00,WR,Cooper Kupp,KuppCo00,WR,Allen Robinson,RobiAl02,TE,Tyler Higbee,HigbTy00,OL,Brian Allen,AlleBr02,OL,Bobby Evans,EvanBo00,OL,Rob Havenstein,HaveRo00,OL,Alaric Jackson,JackAl01,T,Oday Aboushi,AbouOd00,DT,Marquise Copeland,CopeMa01,DT,Aaron Donald,DonaAa00,DT,A'Shawn Robinson,RobiAS00,OLB,Leonard Floyd,FloyLe00,LB,Bobby Wagner,WagnBo00,LB,Ernest Jones,JoneEr01,CB,Derion Kendrick,KendDe00,CB,Troy Hill,HillTr01,DB,Taylor Rapp,RappTa00,DB,Jalen Ramsey,RamsJa00,S,Nick Scott,ScotNi01,QB,Jimmy Garoppolo,GaroJi00,RB,Jeff Wilson,WilsJe01,RB,Christian McCaffrey,McCaCh01,WR,Ray-Ray McCloud,McClRa00,WR,Brandon Aiyuk,AiyuBr00,TE,George Kittle,KittGe00,OL,Spencer Burford,BurfSp00,OL,Jake Brendel,BrenJa01,OL,Aaron Banks,BankAa00,T,Mike McGlinchey,McGlMi00,T,Trent Williams,WillTr21,DE,Samson Ebukam,EbukSa00,DE,Nick Bosa,BosaNi00,DT,Kevin Givens,GiveKe01,DT,Hassan Ridgeway,RidgHa00,LB,Oren Burks,BurkOr00,LB,Fred Warner,WarnFr00,CB,Charvarius Ward,WardCh01,DB,Deommodore Lenoir,LenoDe00,DB,Jimmie Ward,WardJi01,S,Tashaun Gipson,GipsTa00,S,Talanoa Hufanga,HufaTa00,Referee,John Hussey,Umpire,Alan Eck,Down Judge,Robin DeLorenzo,Line Judge,Carl Johnson,Back Judge,Brad Freeman,Side Judge,Allen Baynes,Field Judge,Jabir Walker
202210300sea,2022-10-30,Sunday,4:25pm,Seattle Seahawks,New York Giants,sea,nyg,27,13,Pete Carroll,Brian Daboll,Lumen Field,68921,3:01,outdoors,fieldturf,"54 degrees, relative humidity 72%, wind 12 mph",QB,Geno Smith,SmitGe00,RB,Kenneth Walker III,WalkKe00,WR,Tyler Lockett,LockTy00,WR,D.K. Metcalf,MetcDK00,TE,Will Dissly,DissWi00,TE,Noah Fant,FantNo00,T,Charles Cross,CrosCh00,T,Abraham Lucas,LucaAb00,G,Austin Blythe,BlytAu00,G,Gabe Jackson,JackGa00,G,Damien Lewis,LewiDa05,DE,Shelby Harris,HarrSh00,DT,Al Woods,WoodAl99,DT,Poona Ford,FordPo00,LB,Bruce Irvin,IrviBr00,LB,Uchenna Nwosu,NwosUc00,LB,Jordyn Brooks,BrooJo01,CB,Riq Woolen,WoolTa00,CB,Michael Jackson,JackMi01,CB,Coby Bryant,BryaCo01,SS,Ryan Neal,NealRy00,FS,Quandre Diggs,DiggQu00,QB,Daniel Jones,JoneDa05,RB,Saquon Barkley,BarkSa00,FB,Chris Myarick,MyarCh00,WR,Darius Slayton,SlayDa01,WR,Wan'Dale Robinson,RobiWa01,WR,Marcus Johnson,JohnMa07,OL,Mark Glowinski,GlowMa00,OL,Jon Feliciano,FeliJo00,OL,Tyre Phillips,PhilTy00,OL,Joshua Ezeudu,EzeuJo00,T,Andrew Thomas,ThomAn02,DL,Leonard Williams,WillLe02,DL,Dexter Lawrence,LawrDe03,OLB,Jihad Ward,WardJi02,OLB,Kayvon Thibodeaux,ThibKa00,OLB,Jaylon Smith,SmitJa05,LB,Tae Crowder,CrowTa00,CB,Nick McCloud,McClNi00,CB,Adoree' Jackson,JackAd00,DB,Fabian Moreau,MoreFa00,S,Xavier McKinney,McKiXa00,S,Julian Love,LoveJu00,Referee,Jerome Boger,Umpire,Barry Anderson,Down Judge,Frank LeBlanc,Line Judge,Rusty Baynes,Back Judge,Steve Patrick,Side Judge,Jonah Monroe,Field Judge,Alonzo Ramsey
202210310cle,2022-10-31,Monday,8:15pm,Cleveland Browns,Cincinnati Bengals,cle,cin,32,13,Kevin Stefanski,Zac Taylor,FirstEnergy Stadium,67431,2:52,outdoors,grass,"66 degrees, relative humidity 69%, wind 9 mph",QB,Jacoby Brissett,BrisJa00,RB,Nick Chubb,ChubNi00,WR,David Bell,BellDa02,WR,Amari Cooper,CoopAm00,WR,Donovan Peoples-Jones,PeopDo00,T,Jedrick Wills Jr.,WillJe04,T,Jack Conklin,ConkJa00,G,Joel Bitonio,BitoJo00,G,Hjalte Froholdt,FrohHj00,G,Michael Dunn,DunnMi01,C,Ethan Pocic,PociEt00,DE,Myles Garrett,GarrMy00,DE,Alex Wright,WrigAl01,DT,Jordan Elliott,ElliJo02,DT,Taven Bryan,BryaTa00,MLB,Deion Jones,JoneDe01,LB,Sione Takitaki,TakiSi00,CB,Martin Emerson,EmerMa00,CB,Greg Newsome II,NewsGr00,CB,Greedy Williams,WillGr00,S,John Johnson,JohnJo10,S,Grant Delpit,DelpGr00,QB,Joe Burrow,BurrJo01,RB,Joe Mixon,MixoJo00,WR,Mike Thomas,ThomMi04,WR,Tyler Boyd,BoydTy00,WR,Tee Higgins,HiggTe00,TE,Hayden Hurst,HursHa00,OL,Cordell Volson,VolsCo02,T,Jonah Williams,WillJo10,T,La'el Collins,CollLa01,G,Alex Cappa,CappAl00,C,Ted Karras,KarrTe00,DE,Trey Hendrickson,HendTr00,DE,Sam Hubbard,HubbSa00,DT,B.J. Hill,,DT,Zachary Carter,CartZa00,DT,Jay Tufele,TufeJa00,LB,Logan Wilson,WilsLo00,LB,Germaine Pratt,PratGe00,CB,Cam Taylor-Britt,TaylCa01,CB,Chidobe Awuzie,AwuzCh00,S,Vonn Bell,BellVo00,S,Jessie Bates III,BateJe00,Referee,Bill Vinovich,Umpire,Alex Moore,Down Judge,Jerry Bergman,Line Judge,Mark Perlman,Back Judge,Jimmy Russell,Side Judge,Jimmy Buchanan,Field Judge,Joe Blubaugh
202211030htx,2022-11-03,Thursday,8:15pm,Houston Texans,Philadelphia Eagles,htx,phi,17,29,Lovie Smith,Nick Sirianni,NRG Stadium,68831,2:50,retractable roof (closed),astroturf,,QB,Davis Mills,MillDa02,RB,Dameon Pierce,PierDa01,WR,Phillip Dorsett,DorsPh00,WR,Tyron Johnson,JohnTy03,WR,Chris Moore,MoorCh00,TE,O.J. Howard,,OL,Kenyon Green,GreeKe03,OL,A.J. Cann,,OL,Tytus Howard,HowaTy00,OL,Laremy Tunsil,TunsLa00,OL,Scott Quessenberry,QuesSc00,DL,Rasheem Green,GreeRa01,DL,Kurt Hinish,HiniKu00,DL,Jerry Hughes,HughJe99,DT,Jaleel Johnson,JohnJa09,LB,Garret Wallow,WallGa00,LB,Christian Kirksey,KirkCh00,LB,Christian Harris,HarrCh06,DB,Jonathan Owens,OwenJo01,DB,Jalen Pitre,PitrJa00,DB,Steven Nelson,NelsSt01,DB,Derek Stingley Jr.,StinDe00,QB,Jalen Hurts,HurtJa00,RB,Miles Sanders,SandMi01,WR,A.J. Brown,BrowAJ00,WR,DeVonta Smith,SmitDe07,TE,Jack Stoll,StolJa00,TE,Dallas Goedert,GoedDa00,T,Jordan Mailata,MailJo00,T,Lane Johnson,JohnLa01,G,Landon Dickerson,DickLa00,G,Isaac Seumalo,SeumIs00,C,Jason Kelce,KelcJa00,DE,Josh Sweat,SweaJo00,DT,Javon Hargrave,HargJa00,DT,Fletcher Cox,CoxxFl00,LB,Haason Reddick,ReddHa00,LB,T.J. Edwards,EdwaTJ02,LB,Kyzir White,WhitKy00,CB,James Bradberry,BradJa00,CB,Avonte Maddox,MaddAv00,CB,Darius Slay,SlayDa00,S,C.J. Gardner-Johnson,GardCh00,S,Marcus Epps,EppsMa00,Referee,Craig Wrolstad,Umpire,Steve Woods,Down Judge,Jim Mello,Line Judge,Tripp Sutter,Back Judge,Grantis Bell,Side Judge,Jeff Lamberth,Field Judge,Jeff Shears
202211060atl,2022-11-06,Sunday,1:00pm,Atlanta Falcons,Los Angeles Chargers,atl,sdg,17,20,Arthur Smith,Brandon Staley,Mercedes-Benz Stadium,69299,2:55,retractable roof (open),fieldturf,,QB,Marcus Mariota,MariMa01,RB,Cordarrelle Patterson,PattCo00,WR,Damiere Byrd,ByrdDa00,WR,Olamide Zaccheaus,ZaccOl01,WR,Drake London,LondDr00,TE,Kyle Pitts,PittKy00,OL,Matt Hennessy,HennMa00,OL,Drew Dalman,DalmDr00,T,Jake Matthews,MattJa00,T,Kaleb McGary,McGaKa00,G,Chris Lindstrom,LindCh00,DL,Ta'Quon Graham,GrahTa00,DT,Grady Jarrett,JarrGr00,OLB,Adetokunbo Ogundeji,OgunAd01,LB,Rashaan Evans,EvanRa01,LB,Lorenzo Carter,CartLo01,LB,Mykal Walker,WalkMy00,CB,Darren Hall,HallDa03,CB,Isaiah Oliver,OlivIs00,SS,Jaylinn Hawkins,HawkJa00,DB,Cornell Armstrong,ArmsCo00,S,Richie Grant,GranRi00,QB,Justin Herbert,HerbJu00,RB,Austin Ekeler,EkelAu00,WR,Michael Bandy,BandMi00,WR,DeAndre Carter,CartDe02,WR,Josh Palmer,PalmJo00,TE,Tre' McKitty,McKiTr00,T,Trey Pipkins,PipkTr00,G,Zion Johnson,JohnZi00,G,Jamaree Salyer,SalyJa00,G,Matt Feiler,FeilMa00,C,Corey Linsley,LinsCo00,DL,Morgan Fox,FoxxMo00,DT,Austin Johnson,JohnAu01,DT,Sebastian Joseph-Day,JoseSe00,OLB,Khalil Mack,MackKh00,OLB,Kyle Van Noy,VanNKy00,LB,Drue Tranquill,TranDr00,CB,Michael Davis,DaviMi03,CB,Bryce Callahan,CallBr00,CB,Asante Samuel Jr.,SamuAs00,S,Derwin James,JameDe00,S,Nasir Adderley,AddeNa00,Referee,John Hussey,Umpire,Alan Eck,Down Judge,Robin DeLorenzo,Line Judge,Carl Johnson,Back Judge,Brad Freeman,Side Judge,Allen Baynes,Field Judge,Jabir Walker
202211060chi,2022-11-06,Sunday,1:00pm,Chicago Bears,Miami Dolphins,chi,mia,32,35,Matt Eberflus,Mike McDaniel,Soldier Field,62377,2:59,outdoors,grass,"58 degrees, relative humidity 55%, wind 17 mph",QB,Justin Fields,FielJu00,RB,David Montgomery,MontDa01,FB,Khari Blasingame,BlasKh00,WR,Equanimeous St. Brown,,WR,Darnell Mooney,MoonDa00,TE,Cole Kmet,KmetCo00,OL,Cody Whitehair,WhitCo03,OL,Riley Reiff,ReifRi00,OL,Sam Mustipher,MustSa01,OL,Braxton Jones,JoneBr08,OL,Teven Jenkins,JenkTe00,DL,Justin Jones,JoneJu03,DL,Al-Quadin Muhammad,MuhaAl00,DL,Trevis Gipson,GipsTr00,DT,Armon Watts,WattAr01,LB,Nicholas Morrow,MorrNi00,LB,Jack Sanborn,SanbJa00,LB,Joe Thomas,ThomJo04,DB,Jaylon Johnson,JohnJa13,DB,Eddie Jackson,JackEd01,DB,Kyler Gordon,GordKy00,DB,Jaquan Brisker,BrisJa01,QB,Tua Tagovailoa,TagoTu00,RB,Raheem Mostert,MostRa00,FB,Alec Ingold,IngoAl01,WR,Jaylen Waddle,WaddJa00,WR,Tyreek Hill,HillTy00,TE,Durham Smythe,SmytDu00,OL,Connor Williams,WillCo00,OL,Brandon Shell,ShelBr00,OL,Robert Jones,JoneRo02,OL,Robert Hunt,HuntRo01,T,Terron Armstead,ArmsTe00,DT,Zach Sieler,SielZa00,DT,Raekwon Davis,DaviRa03,DT,Christian Wilkins,WilkCh00,OLB,Bradley Chubb,ChubBr00,LB,Jaelan Phillips,PhilJa02,LB,Elandon Roberts,RobeEl00,LB,Jerome Baker,BakeJe00,CB,Kader Kohou,KohoKa00,CB,Xavien Howard,HowaXa00,S,Eric Rowe,RoweEr00,S,Jevon Holland,HollJe02,Referee,Ron Torbert,Umpire,Mark Pellis,Down Judge,Max Causey,Line Judge,Tim Podraza,Back Judge,Tony Josselyn,Side Judge,Keith Washington,Field Judge,Ryan Dickson
202211060cin,2022-11-06,Sunday,1:00pm,Cincinnati Bengals,Carolina Panthers,cin,car,42,21,Zac Taylor,Steve Wilks,Paycor Stadium,66160,2:54,outdoors,fieldturf,"68 degrees, relative humidity 57%, wind 11 mph",QB,Joe Burrow,BurrJo01,RB,Joe Mixon,MixoJo00,WR,Trent Taylor,TaylTr02,WR,Tyler Boyd,BoydTy00,WR,Tee Higgins,HiggTe00,TE,Hayden Hurst,HursHa00,OL,Cordell Volson,VolsCo02,T,Jonah Williams,WillJo10,T,La'el Collins,CollLa01,G,Alex Cappa,CappAl00,C,Ted Karras,KarrTe00,DE,Trey Hendrickson,HendTr00,DE,Sam Hubbard,HubbSa00,DT,B.J. Hill,,DT,Zachary Carter,CartZa00,DT,Jay Tufele,TufeJa00,LB,Logan Wilson,WilsLo00,LB,Germaine Pratt,PratGe00,CB,Cam Taylor-Britt,TaylCa01,CB,Eli Apple,ApplEl00,S,Vonn Bell,BellVo00,S,Jessie Bates III,BateJe00,QB,P.J. Walker,WalkPh00,RB,D'Onta Foreman,ForeDO00,FB,Giovanni Ricci,RiccGi00,WR,D.J. Moore,,TE,Tommy Tremble,TremTo00,TE,Ian Thomas,ThomIa00,OL,Bradley Bozeman,BozeBr00,OL,Austin Corbett,CorbAu00,T,Brady Christensen,ChriBr00,T,Ikem Ekwonu,EkwoIk00,T,Taylor Moton,MotoTa00,DE,Brian Burns,BurnBr00,DE,Yetur Gross-Matos,GrosYe00,DT,Derrick Brown,BrowDe05,DT,Matthew Ioannidis,IoanMa01,LB,Frankie Luvu,LuvuFr00,LB,Shaq Thompson,ThomSh01,CB,Keith Taylor,TaylKe03,CB,Jaycee Horn,HornJa00,CB,C.J. Henderson,HendCJ00,DB,Myles Hartsfield,HartMy00,S,Xavier Woods,WoodXa00,Referee,Alex Kemp,Umpire,Mike Morton,Down Judge,Danny Short,Line Judge,Jeff Bergman,Back Judge,Scott Helverson,Side Judge,Dale Shaw,Field Judge,John Jenkins
202211060crd,2022-11-06,Sunday,4:05pm,Arizona Cardinals,Seattle Seahawks,crd,sea,21,31,Kliff Kingsbury,Pete Carroll,State Farm Stadium,63982,3:04,retractable roof (open),grass,,QB,Kyler Murray,MurrKy00,RB,James Conner,ConnJa00,WR,Robbie Chosen,AndeRo04,WR,Rondale Moore,MoorRo02,WR,DeAndre Hopkins,HopkDe00,TE,Zach Ertz,ErtzZa00,OL,Cody Ford,FordCo00,OL,Will Hernandez,HernWi00,OL,Kelvin Beachum,BeacKe00,OL,D.J. Humphries,,OL,Billy Price,PricBi01,DE,J.J. Watt,,DE,Zach Allen,AlleZa01,DT,Leki Fotu,FotuLe00,OLB,Markus Golden,GoldMa00,MLB,Tanner Vallejo,VallTa00,LB,Zaven Collins,CollZa00,LB,Isaiah Simmons,SimmIs00,CB,Marco Wilson,WilsMa04,CB,Byron Murphy,MurpBy00,S,Jalen Thompson,ThomJa04,S,Budda Baker,BakeBu00,QB,Geno Smith,SmitGe00,RB,Kenneth Walker III,WalkKe00,WR,Tyler Lockett,LockTy00,WR,D.K. Metcalf,MetcDK00,TE,Will Dissly,DissWi00,TE,Noah Fant,FantNo00,T,Charles Cross,CrosCh00,T,Abraham Lucas,LucaAb00,G,Austin Blythe,BlytAu00,G,Gabe Jackson,JackGa00,G,Damien Lewis,LewiDa05,DE,Shelby Harris,HarrSh00,DT,Al Woods,WoodAl99,DT,Poona Ford,FordPo00,LB,Bruce Irvin,IrviBr00,LB,Uchenna Nwosu,NwosUc00,LB,Jordyn Brooks,BrooJo01,CB,Riq Woolen,WoolTa00,CB,Michael Jackson,JackMi01,CB,Coby Bryant,BryaCo01,SS,Ryan Neal,NealRy00,FS,Quandre Diggs,DiggQu00,Referee,Carl Cheffers,Umpire,Brandon Cruse,Down Judge,Mike Carr,Line Judge,Jeff Seeman,Back Judge,Matt Edwards,Side Judge,Eugene Hall,Field Judge,Nathan Jones
202211060det,2022-11-06,Sunday,1:00pm,Detroit Lions,Green Bay Packers,det,gnb,15,9,Dan Campbell,Matt LaFleur,Ford Field,63379,3:07,dome,fieldturf,,QB,Jared Goff,GoffJa00,RB,Jamaal Williams,WillJa06,WR,Amon-Ra St. Brown,StxxAm00,WR,Kalif Raymond,RaymKa00,TE,Brock Wright,WrigBr01,T,Taylor Decker,DeckTa00,T,Dan Skipper,SkipDa00,T,Penei Sewell,SewePe00,G,Jonah Jackson,JackJo03,C,Evan Brown,BrowEv00,C,Frank Ragnow,RagnFr00,DL,Alim McNeill,McNeAl00,DL,Isaiah Buggs,BuggIs00,DE,Josh Paschal,PascJo00,DE,Aidan Hutchinson,HutcAi00,LB,Malcolm Rodriguez,RodrMa00,LB,Alex Anzalone,AnzaAl00,CB,Jeff Okudah,OkudJe00,CB,Mike Hughes,HughMi00,CB,Will Harris,HarrWi02,S,Kerby Joseph,JoseKe03,S,DeShon Elliott,ElliDe02,QB,Aaron Rodgers,RodgAa00,RB,Aaron Jones,JoneAa00,WR,Christian Watson,WatsCh00,WR,Allen Lazard,LazaAl00,WR,Romeo Doubs,DoubRo00,TE,Marcedes Lewis,LewiMa00,OL,Josh Myers,MyerJo00,T,David Bakhtiari,BakhDa00,T,Yosh Nijman,NijmYo01,G,Elgton Jenkins,JenkEl00,G,Jon Runyan Jr.,RunyJo00,DL,Kenny Clark,ClarKe01,DE,Dean Lowry,LowrDe00,DT,Jarran Reed,ReedJa02,LB,Quay Walker,WalkQu00,LB,Preston Smith,SmitPr00,LB,Isaiah McDuffie,McDuIs00,LB,Rashan Gary,GaryRa00,CB,Jaire Alexander,AlexJa00,CB,Eric Stokes,StokEr00,S,Darnell Savage Jr.,SavaDa00,S,Adrian Amos,AmosAd00,Referee,Tra Blake,Umpire,Tony Michalek,Down Judge,Patrick Turner,Line Judge,Mark Stewart,Back Judge,Todd Prukop,Side Judge,Don Willard,Field Judge,Tom Hill
202211060jax,2022-11-06,Sunday,1:00pm,Jacksonville Jaguars,Las Vegas Raiders,jax,rai,27,20,Doug Pederson,Josh McDaniels,TIAA Bank Stadium,62758,3:07,outdoors,grass,"81 degrees, relative humidity 72%, wind 14 mph",QB,Trevor Lawrence,LawrTr00,RB,Travis Etienne,EtieTr00,WR,Christian Kirk,KirkCh01,WR,Zay Jones,JoneZa00,WR,Marvin Jones,JoneMa02,TE,Chris Manhertz,ManhCh00,OL,Tyler Shatley,ShatTy00,OL,Cam Robinson,RobiCa00,OL,Jawaan Taylor,TaylJa02,OL,Luke Fortner,FortLu01,G,Brandon Scherff,ScheBr00,DE,Roy Robertson-Harris,RobeRo00,DT,DaVon Hamilton,HamiDa02,DT,Folorunso Fatukasi,FatuFo00,OLB,Travon Walker,WalkTr03,OLB,Josh Hines-Allen,AlleJo03,LB,Devin Lloyd,LloyDe00,LB,Foyesade Oluokun,OluoFo00,CB,Tyson Campbell,CampTy01,DB,Darious Williams,WillDa09,S,Rayshawn Jenkins,JenkRa00,S,Andre Cisco,CiscAn00,QB,Derek Carr,CarrDe02,RB,Josh Jacobs,JacoJo01,FB,Jakob Johnson,JohnJa12,WR,Davante Adams,AdamDa01,WR,Mack Hollins,HollMa00,TE,Foster Moreau,MoreFo00,OL,Jermaine Eluemunor,ElueJe00,OL,Alex Bars,BarsAl01,T,Kolton Miller,MillKo00,G,Dylan Parham,ParhDy00,C,Andre James,JameAn01,DE,Maxx Crosby,CrosMa00,DE,Chandler Jones,JoneCh03,DT,Andrew Billings,BillAn00,DT,Bilal Nichols,NichBi00,LB,Divine Deablo,DeabDi00,LB,Denzel Perryman,PerrDe00,CB,Amik Robertson,RobeAm00,CB,Rock Ya-Sin,Ya-SRo00,CB,Anthony Averett,AverAn00,S,Tre'von Moehrig,MoehTr00,S,Duron Harmon,HarmDu00,Referee,Bill Vinovich,Umpire,Alex Moore,Down Judge,Jerry Bergman,Line Judge,Mark Perlman,Back Judge,Jimmy Russell,Side Judge,Jimmy Buchanan,Field Judge,Joe Blubaugh
202211060kan,2022-11-06,Sunday,8:20pm,Kansas City Chiefs,Tennessee Titans,kan,oti,20,17,Andy Reid,Mike Vrabel,GEHA Field at Arrowhead Stadium,73475,3:29,outdoors,grass,"54 degrees, relative humidity 61%, wind 7 mph",QB,Patrick Mahomes,MahoPa00,RB,Isiah Pacheco,PachIs00,WR,Kadarius Toney,ToneKa00,WR,JuJu Smith-Schuster,SmitJu00,TE,Noah Gray,GrayNo00,TE,Travis Kelce,KelcTr00,OL,Joe Thuney,ThunJo00,OL,Trey Smith,SmitTr05,T,Orlando Brown Jr.,BrowOr00,G,Andrew Wylie,WyliAn00,C,Creed Humphrey,HumpCr00,DE,George Karlaftis III,KarlGe00,DE,Carlos Dunlap,DunlCa99,DT,Derrick Nnadi,NnadDe00,DT,Chris Jones,JoneCh09,LB,Willie Gay Jr.,GayJWi00,LB,Leo Chenal,ChenLe00,LB,Nick Bolton,BoltNi00,CB,Trent McDuffie,McDuTr00,CB,L'Jarius Sneed,SneeLJ00,S,Justin Reid,ReidJu00,S,Juan Thornhill,ThorJu00,QB,Malik Willis,WillMa12,RB,Derrick Henry,HenrDe00,WR,Cody Hollister,HollCo00,TE,Austin Hooper,HoopAu00,TE,Geoff Swaim,SwaiGe00,TE,Chig Okonkwo,OkonCh00,OL,Dennis Daley,DaleDe00,OL,Nicholas Petit-Frere,PetiNi00,G,Nate Davis,DaviNa01,G,Aaron Brewer,BrewAa01,C,Ben Jones,JoneBe01,DL,Denico Autry,AutrDe00,DT,Jeffery Simmons,SimmJe01,DT,Teair Tart,TartTe00,OLB,Bud Dupree,DuprAl00,LB,Zach Cunningham,CunnZa00,LB,David Long,LongDa04,CB,Kristian Fulton,FultKr00,CB,Roger McCreary,McCrRo01,DB,Andrew Adams,AdamAn00,DB,Joshua Kalu,KaluJo00,S,Kevin Byard,ByarKe01,Referee,Clete Blakeman,Umpire,Tab Slaughter,Down Judge,Dana McKenzie,Line Judge,Julian Mapp,Back Judge,Perry Paganelli,Side Judge,Lo Van Pham,Field Judge,Terry Brown
202211060nwe,2022-11-06,Sunday,1:00pm,New England Patriots,Indianapolis Colts,nwe,clt,26,3,Bill Belichick,Frank Reich,Gillette Stadium,65878,3:00,outdoors,fieldturf,"78 degrees, relative humidity 56%, wind 13 mph",QB,Mac Jones,JoneMa05,RB,Rhamondre Stevenson,StevRh00,WR,Kendrick Bourne,BourKe00,WR,Tyquan Thornton,ThorTy00,WR,Jakobi Meyers,MeyeJa01,TE,Hunter Henry,HenrHu00,OL,James Ferentz,FereJa00,OL,Cole Strange,StraCo01,OL,Trent Brown,BrowTr02,OL,Michael Onwenu,OnweMi00,OL,Yodny Cajuste,CajuYo00,DL,Deatrich Wise Jr.,WiseDe00,DT,Lawrence Guy,GuyxLa00,DT,Davon Godchaux,GodcDa00,LB,Matt Judon,JudoMa00,LB,Jahlani Tavai,TavaJa00,LB,Ja'Whaun Bentley,BentJa00,CB,Jalen Mills,MillJa02,DB,Devin McCourty,McCoDe99,DB,Myles Bryant,BryaMy01,DB,Jonathan Jones,JoneJo03,DB,Kyle Dugger,DuggKy00,QB,Sam Ehlinger,EhliSa00,RB,Deon Jackson,JackDe02,WR,Parris Campbell,CampPa00,WR,Michael Pittman Jr.,PittMi01,WR,Alec Pierce,PierAl00,TE,Mo Alie-Cox,AlieMo00,OL,Quenton Nelson,NelsQu00,T,Braden Smith,SmitBr06,T,Bernhard Raimann,RaimBe00,T,Matt Pryor,PryoMa00,C,Ryan Kelly,KellRy00,DE,Yannick Ngakoue,NgakYa00,DE,Kwity Paye,PayeKw00,DT,DeForest Buckner,BuckDe00,DT,Grover Stewart,StewGr00,LB,Bobby Okereke,OkerBo00,LB,Zaire Franklin,FranZa00,CB,Kenny Moore,MoorKe03,CB,Isaiah Rodgers,RodgIs00,CB,Stephon Gilmore,GilmSt00,DB,Rodney Thomas II,ThomRo07,S,Rodney McLeod,McLeRo00,Referee,Clay Martin,Umpire,Fred Bryan,Down Judge,Jerod Phillips,Line Judge,Maia Chaka,Back Judge,Greg Wilson,Side Judge,Dave Hawkshaw,Field Judge,James Coleman
202211060nyj,2022-11-06,Sunday,1:00pm,New York Jets,Buffalo Bills,nyj,buf,20,17,Robert Saleh,Sean McDermott,MetLife Stadium,83135,3:04,outdoors,fieldturf,"69 degrees, relative humidity 81%, wind 17 mph",QB,Zach Wilson,WilsZa00,RB,Michael Carter,CartMi03,WR,Garrett Wilson,WilsGa00,WR,Denzel Mims,MimsDe00,TE,Tyler Conklin,ConkTy00,TE,C.J. Uzomah,,OL,Nate Herbig,HerbNa01,OL,Connor McGovern,McGoCo00,T,Duane Brown,BrowDu20,T,Cedric Ogbuehi,OgbuCe00,G,Laken Tomlinson,TomlLa01,DE,Carl Lawson,LawsCa00,DT,Sheldon Rankins,RankSh00,DT,Quinnen Williams,WillQu00,DT,John Franklin-Myers,FranJo02,LB,C.J. Mosley,,LB,Quincy Williams,WillQu01,LB,Kwon Alexander,AlexKw00,CB,D.J. Reed,,CB,Sauce Gardner,GardSa00,S,Lamarcus Joyner,JoynLa00,S,Jordan Whitehead,WhitJo03,QB,Josh Allen,AlleJo02,RB,Devin Singletary,SingDe00,FB,Reggie Gilliam,GillRe00,WR,Gabe Davis,DaviGa01,WR,Stefon Diggs,DiggSt00,TE,Dawson Knox,KnoxDa00,OL,Ryan Bates,BateRy02,OL,David Quessenberry,QuesDa00,T,Dion Dawkins,DawkDi00,G,Rodger Saffold,SaffRo20,C,Mitch Morse,MorsMi00,DE,Gregory Rousseau,RousGr00,DT,DaQuan Jones,JoneDa04,DT,Ed Oliver,OlivEd00,LB,Tremaine Edmunds,EdmuTr01,LB,Von Miller,MillVo00,LB,Terrel Bernard,BernTe00,CB,Kaiir Elam,ElamKa00,CB,Dane Jackson,JackDa02,CB,Taron Johnson,JohnTa01,S,Damar Hamlin,HamlDa00,S,Jaquan Johnson,JohnJa11,Referee,Land Clark,Umpire,Paul King,Down Judge,Tom Stephan,Line Judge,Brian Bolinger,Back Judge,Greg Meyer,Side Judge,Dominique Pender,Field Judge,Michael Banks
202211060tam,2022-11-06,Sunday,4:25pm,Tampa Bay Buccaneers,Los Angeles Rams,tam,ram,16,13,Todd Bowles,Sean McVay,Raymond James Stadium,69019,3:03,outdoors,grass,"88 degrees, relative humidity 57%, wind 2 mph",QB,Tom Brady,BradTo00,RB,Leonard Fournette,FourLe00,WR,Mike Evans,EvanMi00,WR,Chris Godwin,GodwCh00,TE,Cade Otton,OttoCa00,TE,Ko Kieft,KiefKo00,OL,Robert Hainsey,HainRo00,T,Tristan Wirfs,WirfTr00,T,Donovan Smith,SmitDo02,G,Nick Leverett,LeveNi00,G,Shaq Mason,MasoSh01,DL,Akiem Hicks,HickAk00,DL,Vita Vea,VeaxVi00,OLB,Anthony Nelson,NelsAn01,OLB,Joe Tryon-Shoyinka,TryoJo00,LB,Lavonte David,DaviLa00,LB,Devin White,WhitDe02,CB,Jamel Dean,DeanJa00,CB,Carlton Davis,DaviCa02,CB,Sean Murphy-Bunting,BuntSe00,S,Mike Edwards,EdwaMi01,S,Keanu Neal,NealKe01,QB,Matthew Stafford,StafMa00,RB,Darrell Henderson,HendDa00,WR,Allen Robinson,RobiAl02,WR,Cooper Kupp,KuppCo00,WR,Van Jefferson,JeffVa00,TE,Tyler Higbee,HigbTy00,OL,Brian Allen,AlleBr02,OL,Bobby Evans,EvanBo00,OL,Rob Havenstein,HaveRo00,OL,Alaric Jackson,JackAl01,T,Chandler Brewer,BrewCh01,DT,Greg Gaines,GainGr00,DT,A'Shawn Robinson,RobiAS00,DT,Aaron Donald,DonaAa00,OLB,Leonard Floyd,FloyLe00,LB,Justin Hollins,HollJu00,LB,Ernest Jones,JoneEr01,LB,Bobby Wagner,WagnBo00,CB,Troy Hill,HillTr01,DB,Jalen Ramsey,RamsJa00,DB,Taylor Rapp,RappTa00,S,Nick Scott,ScotNi01,Referee,Shawn Hochuli,Umpire,Terry Killens,Down Judge,Patrick Holt,Line Judge,Greg Bradley,Back Judge,Rich Martinez,Side Judge,Chad Hill,Field Judge,Anthony Flemming
202211060was,2022-11-06,Sunday,1:00pm,Washington Commanders,Minnesota Vikings,was,min,17,20,Ron Rivera,Kevin O'Connell,FedExField,58651,3:08,outdoors,grass,"71 degrees, relative humidity 79%, wind 11 mph",QB,Taylor Heinicke,HeinTa00,RB,Brian Robinson Jr.,RobiBr01,WR,Curtis Samuel,SamuCu00,WR,Terry McLaurin,McLaTe00,TE,John Bates,BateJo00,TE,Logan Thomas,ThomLo00,T,Cornelius Lucas,LucaCo01,T,Charles Leno Jr.,LenoCh00,G,Trai Turner,TurnTr01,G,Andrew Norwell,NorwAn01,C,Tyler Larsen,LarsTy00,DE,James Smith-Williams,SmitJa08,DE,Montez Sweat,SweaMo00,DT,Daron Payne,PaynDa00,DT,Jonathan Allen,AlleJo01,LB,Jamin Davis,DaviJa11,LB,Jonathan Bostic,BostJo00,CB,Danny Johnson,JohnDa09,CB,Kendall Fuller,FullKe00,CB,Benjamin St-Juste,StJuBe00,S,Bobby McCain,McCaBo01,S,Kamren Curl,CurlKa00,QB,Kirk Cousins,CousKi00,RB,Dalvin Cook,CookDa01,WR,Adam Thielen,ThieAd00,WR,K.J. Osborn,OsboKJ00,WR,Justin Jefferson,JeffJu00,TE,T.J. Hockenson,HockTJ00,T,Brian O'Neill,ONeiBr00,T,Christian Darrisaw,DarrCh00,G,Ed Ingram,IngrEd00,G,Ezra Cleveland,ClevEz00,C,Garrett Bradbury,BradGa00,DL,Jonathan Bullard,BullJo00,DT,James Lynch,LyncJa00,DT,Harrison Phillips,PhilHa00,OLB,Danielle Hunter,HuntDa01,LB,Jordan Hicks,HickJo00,LB,Eric Kendricks,KendEr00,LB,Za'Darius Smith,SmitZa00,CB,Cameron Dantzler,DantCa00,CB,Patrick Peterson,PetePa00,S,Camryn Bynum,BynuCa00,S,Harrison Smith,SmitHa00,Referee,Jerome Boger,Umpire,Barry Anderson,Down Judge,Frank LeBlanc,Line Judge,Rusty Baynes,Back Judge,Steve Patrick,Side Judge,Jonah Monroe,Field Judge,Alonzo Ramsey
202211070nor,2022-11-07,Monday,8:15pm,New Orleans Saints,Baltimore Ravens,nor,rav,13,27,Dennis Allen,John Harbaugh,Caesars Superdome,70010,2:52,dome,sportturf,,QB,Andy Dalton,DaltAn00,RB,Alvin Kamara,KamaAl00,WR,Kevin White,WhitKe00,WR,Chris Olave,OlavCh00,TE,Taysom Hill,HillTa00,TE,Juwan Johnson,JohnJu02,OL,James Hurst,HursJa00,OL,Cesar Ruiz,RuizCe00,OL,Andrus Peat,PeatAn00,OL,Erik McCoy,McCoEr01,T,Ryan Ramczyk,RamcRy00,DE,Marcus Davenport,DaveMa00,DE,Cameron Jordan,JordCa00,DT,David Onyemata,OnyeDa00,DT,Malcolm Roach,RoacMa01,LB,Demario Davis,DaviDe00,LB,Pete Werner,WernPe00,CB,Alontae Taylor,TaylAl01,CB,Paulson Adebo,AdebPa00,FS,Tyrann Mathieu,MathTy00,S,Marcus Maye,MayeMa00,S,Chris Harris Jr.,HarrCh01,QB,Lamar Jackson,JackLa00,RB,Kenyan Drake,DrakKe00,WR,Devin Duvernay,DuveDe00,WR,DeSean Jackson,JackDe00,TE,Josh Oliver,OlivJo00,TE,Isaiah Likely,LikeIs00,T,Ronnie Stanley,StanRo00,T,Morgan Moses,MoseMo00,G,Kevin Zeitler,ZeitKe00,G,Ben Powers,PoweBe00,C,Tyler Linderbaum,LindTy00,DT,Nnamdi Madubuike,MaduJu00,DT,Broderick Washington Jr.,WashBr01,DT,Calais Campbell,CampCa99,OLB,Jason Pierre-Paul,PierJa99,LB,Malik Harrison,HarrMa06,LB,Patrick Queen,QueePa00,LB,Roquan Smith,SmitRo07,CB,Marlon Humphrey,HumpMa00,CB,Marcus Peters,PeteMa00,S,Chuck Clark,ClarCh00,S,Geno Stone,StonGe00,Referee,Brad Rogers,Umpire,Carl Paganelli,Down Judge,Kent Payne,Line Judge,Tom Eaton,Back Judge,Greg Steed,Side Judge,Anthony Jeffries,Field Judge,Aaron Santi
202211100car,2022-11-10,Thursday,8:15pm,Carolina Panthers,Atlanta Falcons,car,atl,25,15,Steve Wilks,Arthur Smith,Bank of America Stadium,72029,3:00,outdoors,grass,"61 degrees, relative humidity 88%, wind 12 mph",QB,P.J. Walker,WalkPh00,RB,D'Onta Foreman,ForeDO00,WR,Laviska Shenault Jr.,ShenLa00,WR,D.J. Moore,,WR,Terrace Marshall Jr.,MarsTe00,TE,Ian Thomas,ThomIa00,OL,Austin Corbett,CorbAu00,OL,Bradley Bozeman,BozeBr00,T,Brady Christensen,ChriBr00,T,Ikem Ekwonu,EkwoIk00,T,Taylor Moton,MotoTa00,DE,Brian Burns,BurnBr00,DE,Yetur Gross-Matos,GrosYe00,DT,Derrick Brown,BrowDe05,DT,Matthew Ioannidis,IoanMa01,LB,Frankie Luvu,LuvuFr00,LB,Cory Littleton,LittCo01,LB,Shaq Thompson,ThomSh01,CB,Donte Jackson,JackDo02,CB,Jaycee Horn,HornJa00,DB,Myles Hartsfield,HartMy00,S,Xavier Woods,WoodXa00,QB,Marcus Mariota,MariMa01,RB,Cordarrelle Patterson,PattCo00,FB,Keith Smith,SmitKe03,WR,Drake London,LondDr00,WR,Olamide Zaccheaus,ZaccOl01,TE,Kyle Pitts,PittKy00,OL,Drew Dalman,DalmDr00,OL,Colby Gossett,GossCo00,T,Jake Matthews,MattJa00,T,Kaleb McGary,McGaKa00,G,Chris Lindstrom,LindCh00,DL,Ta'Quon Graham,GrahTa00,DT,Grady Jarrett,JarrGr00,OLB,Adetokunbo Ogundeji,OgunAd01,LB,Lorenzo Carter,CartLo01,LB,Rashaan Evans,EvanRa01,LB,Mykal Walker,WalkMy00,CB,Isaiah Oliver,OlivIs00,CB,Darren Hall,HallDa03,SS,Jaylinn Hawkins,HawkJa00,DB,Rashad Fenton,FentRa00,S,Richie Grant,GranRi00,Referee,Adrian Hill,Umpire,Roy Ellison,Down Judge,David Oliver,Line Judge,Kevin Codey,Back Judge,Keith Ferguson,Side Judge,Jim Quirk,Field Judge,Mearl Robinson
202211130buf,2022-11-13,Sunday,1:00pm,Buffalo Bills,Minnesota Vikings,buf,min,30,33,Sean McDermott,Kevin O'Connell,Highmark Stadium,70844,3:46,outdoors,a_turf,"38 degrees, relative humidity 85%, wind 11 mph",QB,Josh Allen,AlleJo02,RB,Devin Singletary,SingDe00,WR,Isaiah McKenzie,McKeIs00,WR,Gabe Davis,DaviGa01,WR,Stefon Diggs,DiggSt00,TE,Dawson Knox,KnoxDa00,OL,Ryan Bates,BateRy02,T,Dion Dawkins,DawkDi00,T,Spencer Brown,BrowSp00,G,Rodger Saffold,SaffRo20,C,Mitch Morse,MorsMi00,DE,A.J. Epenesa,EpenAJ00,DT,DaQuan Jones,JoneDa04,DT,Ed Oliver,OlivEd00,LB,Tremaine Edmunds,EdmuTr01,LB,Matt Milano,MilaMa00,LB,Von Miller,MillVo00,CB,Dane Jackson,JackDa02,CB,Taron Johnson,JohnTa01,CB,Cameron Lewis,LewiCa00,CB,Christian Benford,BenfCh00,S,Damar Hamlin,HamlDa00,QB,Kirk Cousins,CousKi00,RB,Dalvin Cook,CookDa01,WR,Adam Thielen,ThieAd00,WR,K.J. Osborn,OsboKJ00,WR,Justin Jefferson,JeffJu00,TE,T.J. Hockenson,HockTJ00,T,Brian O'Neill,ONeiBr00,T,Christian Darrisaw,DarrCh00,G,Ed Ingram,IngrEd00,G,Ezra Cleveland,ClevEz00,C,Garrett Bradbury,BradGa00,DL,Jonathan Bullard,BullJo00,DT,Harrison Phillips,PhilHa00,OLB,Danielle Hunter,HuntDa01,LB,Jordan Hicks,HickJo00,LB,Eric Kendricks,KendEr00,LB,Za'Darius Smith,SmitZa00,CB,Akayleb Evans,EvanAk00,CB,Patrick Peterson,PetePa00,CB,Chandon Sullivan,SullCh00,S,Camryn Bynum,BynuCa00,S,Harrison Smith,SmitHa00,Referee,Craig Wrolstad,Umpire,Steve Woods,Down Judge,Jim Mello,Line Judge,Tripp Sutter,Back Judge,Grantis Bell,Side Judge,Jeff Lamberth,Field Judge,Jeff Shears
202211130chi,2022-11-13,Sunday,1:00pm,Chicago Bears,Detroit Lions,chi,det,30,31,Matt Eberflus,Dan Campbell,Soldier Field,61817,2:57,outdoors,grass,"34 degrees, relative humidity 45%, wind 13 mph",QB,Justin Fields,FielJu00,RB,David Montgomery,MontDa01,FB,Khari Blasingame,BlasKh00,WR,Equanimeous St. Brown,,WR,Darnell Mooney,MoonDa00,TE,Cole Kmet,KmetCo00,OL,Cody Whitehair,WhitCo03,OL,Michael Schofield,SchoMi00,OL,Riley Reiff,ReifRi00,OL,Sam Mustipher,MustSa01,OL,Braxton Jones,JoneBr08,DL,Justin Jones,JoneJu03,DL,Dominique Robinson,RobiDo00,DL,Trevis Gipson,GipsTr00,DT,Armon Watts,WattAr01,LB,Nicholas Morrow,MorrNi00,LB,Jack Sanborn,SanbJa00,LB,Joe Thomas,ThomJo04,DB,Jaylon Johnson,JohnJa13,DB,Eddie Jackson,JackEd01,DB,Kyler Gordon,GordKy00,DB,Jaquan Brisker,BrisJa01,QB,Jared Goff,GoffJa00,RB,D'Andre Swift,SwifDA00,WR,Amon-Ra St. Brown,StxxAm00,WR,Kalif Raymond,RaymKa00,TE,Shane Zylstra,ZylsSh00,TE,Brock Wright,WrigBr01,T,Taylor Decker,DeckTa00,T,Penei Sewell,SewePe00,G,Jonah Jackson,JackJo03,C,Evan Brown,BrowEv00,C,Frank Ragnow,RagnFr00,DL,Alim McNeill,McNeAl00,DL,Isaiah Buggs,BuggIs00,DE,Josh Paschal,PascJo00,DE,Aidan Hutchinson,HutcAi00,LB,Julian Okwara,OkwaJu00,LB,Alex Anzalone,AnzaAl00,LB,Derrick Barnes,BarnDe02,CB,Jeff Okudah,OkudJe00,CB,Mike Hughes,HughMi00,S,Kerby Joseph,JoseKe03,S,DeShon Elliott,ElliDe02,Referee,Land Clark,Umpire,Paul King,Down Judge,Tom Stephan,Line Judge,Brian Bolinger,Back Judge,Greg Meyer,Side Judge,Dominique Pender,Field Judge,Michael Banks
202211130gnb,2022-11-13,Sunday,4:25pm,Green Bay Packers,Dallas Cowboys,gnb,dal,31,28,Matt LaFleur,Mike McCarthy,Lambeau Field,78433,3:28,outdoors,grass,"33 degrees, relative humidity 53%, wind 8 mph",QB,Aaron Rodgers,RodgAa00,RB,Aaron Jones,JoneAa00,WR,Christian Watson,WatsCh00,WR,Allen Lazard,LazaAl00,TE,Robert Tonyan,TonyRo00,TE,Marcedes Lewis,LewiMa00,OL,Josh Myers,MyerJo00,T,David Bakhtiari,BakhDa00,T,Yosh Nijman,NijmYo01,G,Jon Runyan Jr.,RunyJo00,G,Elgton Jenkins,JenkEl00,DL,Kenny Clark,ClarKe01,DE,Dean Lowry,LowrDe00,DT,Jarran Reed,ReedJa02,LB,Kingsley Enagbare,EnagKi00,LB,Preston Smith,SmitPr00,LB,Quay Walker,WalkQu00,CB,Jaire Alexander,AlexJa00,CB,Rasul Douglas,DougRa00,S,Rudy Ford,FordRu00,S,Darnell Savage Jr.,SavaDa00,S,Adrian Amos,AmosAd00,QB,Dak Prescott,PresDa01,RB,Tony Pollard,PollTo00,WR,Noah Brown,BrowNo00,WR,Michael Gallup,GallMi00,WR,CeeDee Lamb,LambCe00,TE,Dalton Schultz,SchuDa00,OL,Tyler Smith,SmitTy02,T,Terence Steele,SteeTe01,G,Connor McGovern,McGoCo01,G,Zack Martin,MartZa00,C,Tyler Biadasz,BiadTy00,DE,DeMarcus Lawrence,LawrDe00,DE,Dorance Armstrong Jr.,ArmsDo00,DT,Osa Odighizuwa,OdigOs00,DT,Quinton Bohanna,BohaQu00,LB,Micah Parsons,ParsMi00,LB,Leighton Vander Esch,VandLe00,CB,Trevon Diggs,DiggTr00,CB,Anthony Brown,BrowAn02,CB,DaRon Bland,BlanDa00,S,Jayron Kearse,KearJa00,S,Donovan Wilson,WilsDo01,Referee,Brad Allen,Umpire,Duane Heydt,Down Judge,Sarah Thomas,Line Judge,Daniel Gallagher,Back Judge,Greg Yette,Side Judge,Boris Cheek,Field Judge,Rick Patterson
202211130kan,2022-11-13,Sunday,1:00pm,Kansas City Chiefs,Jacksonville Jaguars,kan,jax,27,17,Andy Reid,Doug Pederson,GEHA Field at Arrowhead Stadium,73493,2:58,outdoors,grass,"33 degrees, relative humidity 56%, wind 7 mph",QB,Patrick Mahomes,MahoPa00,RB,Isiah Pacheco,PachIs00,WR,Marquez Valdes-Scantling,ValdMa00,WR,JuJu Smith-Schuster,SmitJu00,TE,Noah Gray,GrayNo00,TE,Travis Kelce,KelcTr00,OL,Joe Thuney,ThunJo00,OL,Trey Smith,SmitTr05,T,Orlando Brown Jr.,BrowOr00,G,Andrew Wylie,WyliAn00,C,Creed Humphrey,HumpCr00,DE,George Karlaftis III,KarlGe00,DE,Carlos Dunlap,DunlCa99,DT,Derrick Nnadi,NnadDe00,DT,Chris Jones,JoneCh09,LB,Willie Gay Jr.,GayJWi00,LB,Nick Bolton,BoltNi00,CB,Trent McDuffie,McDuTr00,CB,L'Jarius Sneed,SneeLJ00,DB,Joshua Williams,WillJo03,S,Justin Reid,ReidJu00,S,Juan Thornhill,ThorJu00,QB,Trevor Lawrence,LawrTr00,RB,Travis Etienne,EtieTr00,WR,Christian Kirk,KirkCh01,WR,Zay Jones,JoneZa00,WR,Marvin Jones,JoneMa02,TE,Chris Manhertz,ManhCh00,OL,Tyler Shatley,ShatTy00,OL,Brandon Scherff,ScheBr00,OL,Cam Robinson,RobiCa00,OL,Jawaan Taylor,TaylJa02,OL,Luke Fortner,FortLu01,DL,Folorunso Fatukasi,FatuFo00,DL,Roy Robertson-Harris,RobeRo00,DT,DaVon Hamilton,HamiDa02,OLB,Travon Walker,WalkTr03,OLB,Josh Hines-Allen,AlleJo03,LB,Devin Lloyd,LloyDe00,LB,Foyesade Oluokun,OluoFo00,CB,Darious Williams,WillDa09,CB,Tyson Campbell,CampTy01,S,Rayshawn Jenkins,JenkRa00,S,Andre Cisco,CiscAn00,Referee,Brad Rogers,Umpire,Carl Paganelli,Down Judge,Kent Payne,Line Judge,Tom Eaton,Back Judge,Greg Steed,Side Judge,Anthony Jefferies,Field Judge,Aaron Santi
202211130mia,2022-11-13,Sunday,1:00pm,Miami Dolphins,Cleveland Browns,mia,cle,39,17,Mike McDaniel,Kevin Stefanski,Hard Rock Stadium,66563,2:54,outdoors,grass,"85 degrees, relative humidity 48%, wind 7 mph",QB,Tua Tagovailoa,TagoTu00,RB,Raheem Mostert,MostRa00,FB,Alec Ingold,IngoAl01,WR,Jaylen Waddle,WaddJa00,WR,Tyreek Hill,HillTy00,TE,Durham Smythe,SmytDu00,OL,Connor Williams,WillCo00,OL,Brandon Shell,ShelBr00,OL,Robert Jones,JoneRo02,OL,Robert Hunt,HuntRo01,T,Terron Armstead,ArmsTe00,DT,Zach Sieler,SielZa00,DT,Raekwon Davis,DaviRa03,DT,Christian Wilkins,WilkCh00,OLB,Bradley Chubb,ChubBr00,LB,Jaelan Phillips,PhilJa02,LB,Elandon Roberts,RobeEl00,LB,Jerome Baker,BakeJe00,CB,Kader Kohou,KohoKa00,CB,Xavien Howard,HowaXa00,S,Eric Rowe,RoweEr00,S,Jevon Holland,HollJe02,QB,Jacoby Brissett,BrisJa00,RB,Nick Chubb,ChubNi00,WR,Donovan Peoples-Jones,PeopDo00,WR,Amari Cooper,CoopAm00,TE,Pharaoh Brown,BrowPh01,TE,Harrison Bryant,BryaHa00,T,Jedrick Wills Jr.,WillJe04,T,Jack Conklin,ConkJa00,G,Joel Bitonio,BitoJo00,G,Wyatt Teller,TellWy00,C,Ethan Pocic,PociEt00,DE,Myles Garrett,GarrMy00,DE,Jadeveon Clowney,ClowJa00,DT,Jordan Elliott,ElliJo02,DT,Taven Bryan,BryaTa00,MLB,Deion Jones,JoneDe01,LB,Sione Takitaki,TakiSi00,CB,Greg Newsome II,NewsGr00,CB,Denzel Ward,WardDe02,S,Ronnie Harrison,HarrRo02,S,John Johnson,JohnJo10,S,D'Anthony Bell,BellDA03,Referee,Shawn Hochuli,Umpire,Terry Killens,Down Judge,Patrick Holt,Line Judge,Greg Bradley,Back Judge,Rich Martinez,Side Judge,Chad Hill,Field Judge,Anthony Flemming
202211130nyg,2022-11-13,Sunday,1:00pm,New York Giants,Houston Texans,nyg,htx,24,16,Brian Daboll,Lovie Smith,MetLife Stadium,71615,3:12,outdoors,fieldturf,"50 degrees, relative humidity 58%, wind 15 mph",QB,Daniel Jones,JoneDa05,RB,Saquon Barkley,BarkSa00,WR,Darius Slayton,SlayDa01,WR,Kenny Golladay,GollKe00,WR,Wan'Dale Robinson,RobiWa01,OL,Joshua Ezeudu,EzeuJo00,OL,Jon Feliciano,FeliJo00,OL,Mark Glowinski,GlowMa00,OL,Tyre Phillips,PhilTy00,T,Andrew Thomas,ThomAn02,C,Nick Gates,GateNi00,DL,Leonard Williams,WillLe02,DL,Henry Mondeaux,MondHe00,DL,Dexter Lawrence,LawrDe03,OLB,Kayvon Thibodeaux,ThibKa00,OLB,Jihad Ward,WardJi02,OLB,Jaylon Smith,SmitJa05,LB,Micah McFadden,McFaMi01,CB,Adoree' Jackson,JackAd00,DB,Fabian Moreau,MoreFa00,S,Julian Love,LoveJu00,S,Dane Belton,BeltDa00,QB,Davis Mills,MillDa02,RB,Dameon Pierce,PierDa01,FB,Troy Hairston,HairTr00,WR,Nico Collins,CollNi00,WR,Brandin Cooks,CookBr00,TE,O.J. Howard,,OL,Tytus Howard,HowaTy00,OL,Laremy Tunsil,TunsLa00,OL,Scott Quessenberry,QuesSc00,OL,Kenyon Green,GreeKe03,OL,A.J. Cann,,DL,Kurt Hinish,HiniKu00,DL,Mario Addison,AddiMa00,DL,Rasheem Green,GreeRa01,DL,Maliek Collins,CollMa00,LB,Christian Harris,HarrCh06,LB,Christian Kirksey,KirkCh00,DB,Desmond King,KingDe01,DB,Steven Nelson,NelsSt01,DB,Jonathan Owens,OwenJo01,DB,Jalen Pitre,PitrJa00,DB,Derek Stingley Jr.,StinDe00,Referee,Bill Vinovich,Umpire,Alex Moore,Down Judge,Jerry Bergman,Line Judge,Mark Perlman,Back Judge,Jimmy Russell,Side Judge,Jimmy Buchanan,Field Judge,Joe Blubaugh
202211130oti,2022-11-13,Sunday,1:00pm,Tennessee Titans,Denver Broncos,oti,den,17,10,Mike Vrabel,Nathaniel Hackett,Nissan Stadium,69240,3:20,outdoors,grass,"36 degrees, relative humidity 48%, wind 9 mph",QB,Ryan Tannehill,TannRy00,RB,Derrick Henry,HenrDe00,WR,Robert Woods,WoodRo02,WR,Nick Westbrook-Ikhine,WestNi00,TE,Geoff Swaim,SwaiGe00,TE,Chig Okonkwo,OkonCh00,OL,Dennis Daley,DaleDe00,OL,Nicholas Petit-Frere,PetiNi00,G,Aaron Brewer,BrewAa01,G,Nate Davis,DaviNa01,C,Ben Jones,JoneBe01,DL,Denico Autry,AutrDe00,DE,Kevin Strong,StroKe00,DE,Mario Edwards,EdwaMa01,DT,Teair Tart,TartTe00,LB,Monty Rice,RiceMo00,LB,David Long,LongDa04,CB,Elijah Molden,MoldEl00,CB,Roger McCreary,McCrRo01,DB,Terrance Mitchell,MitcTe00,DB,Andrew Adams,AdamAn00,S,Kevin Byard,ByarKe01,QB,Russell Wilson,WilsRu00,RB,Melvin Gordon,GordMe00,WR,Jerry Jeudy,JeudJe00,WR,Jalen Virgil,VirgJa00,WR,Courtland Sutton,SuttCo00,TE,Greg Dulcich,DulcGr00,OL,Billy Turner,TurnBi00,OL,Quinn Meinerz,MeinQu02,T,Calvin Anderson,AndeCa00,G,Graham Glasgow,GlasGr00,G,Dalton Risner,RisnDa00,DL,Mike Purcell,PurcMi00,DE,Dre'Mont Jones,JoneDr00,DT,DeShawn Williams,WillDe04,DT,D.J. Jones,,OLB,Jonathon Cooper,CoopJo02,LB,Alex Singleton,SingAl00,LB,Josey Jewell,JeweJo00,LB,Jonas Griffith,GrifJo01,CB,Patrick Surtain II,SurtPa01,CB,Damarri Mathis,MathDa00,S,Kareem Jackson,JackKa99,Referee,Scott Novak,Umpire,Ramon George,Down Judge,Derick Bowers,Line Judge,Walt Coleman IV,Back Judge,Terrence Miles,Side Judge,David Meslow,Field Judge,Tra Boger
202211130pit,2022-11-13,Sunday,1:00pm,Pittsburgh Steelers,New Orleans Saints,pit,nor,20,10,Mike Tomlin,Dennis Allen,Acrisure Stadium,66544,2:50,outdoors,grass,"37 degrees, relative humidity 65%, wind 15 mph",QB,Kenny Pickett,PickKe00,RB,Najee Harris,HarrNa00,WR,George Pickens,PickGe00,WR,Diontae Johnson,JohnDi01,WR,Steven Sims,SimsSt00,TE,Pat Freiermuth,FreiPa00,OL,Mason Cole,ColeMa02,OL,James Daniels,DaniJa01,OL,Kevin Dotson,DotsKe00,OL,Chukwuma Okorafor,OkorCh00,T,Dan Moore,MoorDa05,DT,Cameron Heyward,HeywCa01,DT,Larry Ogunjobi,OgunLa00,DT,Montravius Adams,AdamMo00,LB,Robert Spillane,SpilRo00,LB,Devin Bush Jr.,BushDe01,LB,T.J. Watt,,LB,Alex Highsmith,HighAl02,CB,Cameron Sutton,SuttCa00,CB,Levi Wallace,WallLe00,S,Damontae Kazee,KazeDa00,S,Terrell Edmunds,EdmuTe00,QB,Andy Dalton,DaltAn00,RB,Alvin Kamara,KamaAl00,WR,Kevin White,WhitKe00,TE,Adam Trautman,TrauAd00,TE,Taysom Hill,HillTa00,TE,Juwan Johnson,JohnJu02,OL,Cesar Ruiz,RuizCe00,OL,James Hurst,HursJa00,OL,Lewis Kidd,KiddLe00,T,Ryan Ramczyk,RamcRy00,G,Josh Andrews,AndrJo01,DE,Cameron Jordan,JordCa00,DE,Tanoh Kpassagnon,KpasTa00,DT,David Onyemata,OnyeDa00,DT,Shy Tuttle,TuttSh00,LB,Kaden Elliss,ElliKa00,LB,Demario Davis,DaviDe00,CB,Alontae Taylor,TaylAl01,CB,Paulson Adebo,AdebPa00,CB,P.J. Williams,,FS,Tyrann Mathieu,MathTy00,S,Chris Harris Jr.,HarrCh01,Referee,Carl Cheffers,Umpire,Brandon Cruse,Down Judge,Mike Carr,Line Judge,Jeff Seeman,Back Judge,Matt Edwards,Side Judge,Eugene Hall,Field Judge,Nathan Jones
202211130rai,2022-11-13,Sunday,4:05pm,Las Vegas Raiders,Indianapolis Colts,rai,clt,20,25,Josh McDaniels,Jeff Saturday,Allegiant Stadium,62197,3:02,dome,grass,,QB,Derek Carr,CarrDe02,RB,Josh Jacobs,JacoJo01,WR,Davante Adams,AdamDa01,WR,Mack Hollins,HollMa00,WR,Keelan Cole,ColeKe00,TE,Foster Moreau,MoreFo00,OL,Jermaine Eluemunor,ElueJe00,OL,Alex Bars,BarsAl01,T,Kolton Miller,MillKo00,G,Dylan Parham,ParhDy00,C,Andre James,JameAn01,DE,Maxx Crosby,CrosMa00,DE,Chandler Jones,JoneCh03,DT,Andrew Billings,BillAn00,DT,Bilal Nichols,NichBi00,LB,Jayon Brown,BrowJa06,LB,Luke Masterson,MastLu00,CB,Rock Ya-Sin,Ya-SRo00,CB,Sidney Jones,JoneSi00,CB,Anthony Averett,AverAn00,S,Tre'von Moehrig,MoehTr00,S,Duron Harmon,HarmDu00,QB,Matt Ryan,RyanMa00,RB,Jonathan Taylor,TaylJo02,WR,Parris Campbell,CampPa00,WR,Ashton Dulin,DuliAs00,WR,Michael Pittman Jr.,PittMi01,TE,Mo Alie-Cox,AlieMo00,OL,Quenton Nelson,NelsQu00,T,Bernhard Raimann,RaimBe00,T,Braden Smith,SmitBr06,G,Will Fries,FrieWi00,C,Ryan Kelly,KellRy00,DE,Yannick Ngakoue,NgakYa00,DE,Kwity Paye,PayeKw00,DT,DeForest Buckner,BuckDe00,DT,Grover Stewart,StewGr00,LB,Bobby Okereke,OkerBo00,LB,Zaire Franklin,FranZa00,CB,Stephon Gilmore,GilmSt00,CB,Kenny Moore,MoorKe03,CB,Isaiah Rodgers,RodgIs00,S,Rodney McLeod,McLeRo00,S,Julian Blackmon,BlacJu01,Referee,Tra Blake,Umpire,Tony Michalek,Down Judge,Patrick Turner,Line Judge,Mark Stewart,Back Judge,Todd Prukop,Side Judge,Don Willard,Field Judge,Tom Hill
202211130ram,2022-11-13,Sunday,4:25pm,Los Angeles Rams,Arizona Cardinals,ram,crd,17,27,Sean McVay,Kliff Kingsbury,SoFi Stadium,71752,3:00,dome,matrixturf,,QB,John Wolford,WolfJo00,RB,Darrell Henderson,HendDa00,WR,Ben Skowronek,SkowBe00,WR,Allen Robinson,RobiAl02,WR,Cooper Kupp,KuppCo00,TE,Tyler Higbee,HigbTy00,OL,Brian Allen,AlleBr02,OL,Coleman Shelton,ShelCo00,OL,Rob Havenstein,HaveRo00,T,Chandler Brewer,BrewCh01,T,Ty Nsekhe,NsekTy00,DT,A'Shawn Robinson,RobiAS00,DT,Aaron Donald,DonaAa00,DT,Marquise Copeland,CopeMa01,OLB,Terrell Lewis,LewiTe00,OLB,Leonard Floyd,FloyLe00,LB,Bobby Wagner,WagnBo00,CB,David Long,LongDa02,CB,Troy Hill,HillTr01,DB,Jalen Ramsey,RamsJa00,DB,Taylor Rapp,RappTa00,S,Nick Scott,ScotNi01,QB,Colt McCoy,McCoCo00,RB,James Conner,ConnJa00,WR,Rondale Moore,MoorRo02,WR,DeAndre Hopkins,HopkDe00,TE,Zach Ertz,ErtzZa00,TE,Trey McBride,McBrTr01,OL,Lecitus Smith,SmitLe01,OL,Kelvin Beachum,BeacKe00,OL,Billy Price,PricBi01,OL,Rashaad Coward,CowaRa00,OL,Josh Jones,JoneJo07,DE,J.J. Watt,,DE,Zach Allen,AlleZa01,DT,Leki Fotu,FotuLe00,OLB,Markus Golden,GoldMa00,LB,Ben Niemann,NiemBe00,LB,Zaven Collins,CollZa00,LB,Isaiah Simmons,SimmIs00,CB,Marco Wilson,WilsMa04,CB,Antonio Hamilton,HamiAn01,S,Jalen Thompson,ThomJa04,S,Budda Baker,BakeBu00,Referee,Clete Blakeman,Umpire,Tab Slaughter,Down Judge,Dana McKenzie,Line Judge,Julian Mapp,Back Judge,Perry Paganelli,Side Judge,Lo Van Pham,Field Judge,Terry Brown
202211130sfo,2022-11-13,Sunday,8:20pm,San Francisco 49ers,Los Angeles Chargers,sfo,sdg,22,16,Kyle Shanahan,Brandon Staley,Levi's Stadium,71709,2:59,outdoors,grass,"57 degrees, relative humidity 38%, wind 6 mph",QB,Jimmy Garoppolo,GaroJi00,RB,Christian McCaffrey,McCaCh01,WR,Brandon Aiyuk,AiyuBr00,WR,Deebo Samuel,SamuDe00,TE,Tyler Kroft,KrofTy00,TE,George Kittle,KittGe00,OL,Aaron Banks,BankAa00,OL,Spencer Burford,BurfSp00,OL,Jake Brendel,BrenJa01,T,Mike McGlinchey,McGlMi00,T,Trent Williams,WillTr21,DE,Charles Omenihu,OmenCh00,DE,Nick Bosa,BosaNi00,DT,Kevin Givens,GiveKe01,DT,Hassan Ridgeway,RidgHa00,LB,Dre Greenlaw,GreeDr00,LB,Fred Warner,WarnFr00,CB,Charvarius Ward,WardCh01,DB,Deommodore Lenoir,LenoDe00,DB,Jimmie Ward,WardJi01,S,Talanoa Hufanga,HufaTa00,S,Tashaun Gipson,GipsTa00,QB,Justin Herbert,HerbJu00,RB,Austin Ekeler,EkelAu00,WR,Michael Bandy,BandMi00,WR,DeAndre Carter,CartDe02,WR,Josh Palmer,PalmJo00,TE,Gerald Everett,EverGe00,T,Foster Sarell,SareFo00,G,Matt Feiler,FeilMa00,G,Jamaree Salyer,SalyJa00,G,Zion Johnson,JohnZi00,C,Corey Linsley,LinsCo00,DT,Otito Ogbonnia,OgboOt00,DT,Sebastian Joseph-Day,JoseSe00,OLB,Khalil Mack,MackKh00,OLB,Kyle Van Noy,VanNKy00,LB,Kenneth Murray,MurrKe00,LB,Drue Tranquill,TranDr00,CB,Asante Samuel Jr.,SamuAs00,CB,Michael Davis,DaviMi03,S,Nasir Adderley,AddeNa00,S,Derwin James,JameDe00,S,JT Woods,WoodJT00,Referee,Shawn Smith,Umpire,Bryan Neale,Down Judge,Mark Hittner,Line Judge,Michael Dolce,Back Judge,Dino Paganelli,Side Judge,Clay Reynard,Field Judge,Dyrol Prioleau
202211130tam,2022-11-13,Sunday,9:30am,Tampa Bay Buccaneers,Seattle Seahawks,tam,sea,21,16,Todd Bowles,Pete Carroll,Allianz Arena,69811,2:48,outdoors,grass,"54 degrees, relative humidity 71%, wind 9 mph",QB,Tom Brady,BradTo00,RB,Rachaad White,WhitRa01,WR,Mike Evans,EvanMi00,WR,Chris Godwin,GodwCh00,TE,Ko Kieft,KiefKo00,OL,Robert Hainsey,HainRo00,T,Tristan Wirfs,WirfTr00,T,Josh Wells,WellJo02,T,Donovan Smith,SmitDo02,G,Nick Leverett,LeveNi00,G,Shaq Mason,MasoSh01,DL,Akiem Hicks,HickAk00,DL,William Gholston,GholWi00,DL,Vita Vea,VeaxVi00,OLB,Anthony Nelson,NelsAn01,OLB,Joe Tryon-Shoyinka,TryoJo00,LB,Devin White,WhitDe02,LB,Lavonte David,DaviLa00,CB,Jamel Dean,DeanJa00,CB,Carlton Davis,DaviCa02,S,Mike Edwards,EdwaMi01,S,Antoine Winfield Jr.,WinfAn00,QB,Geno Smith,SmitGe00,RB,Kenneth Walker III,WalkKe00,WR,D.K. Metcalf,MetcDK00,WR,Tyler Lockett,LockTy00,TE,Will Dissly,DissWi00,TE,Noah Fant,FantNo00,T,Charles Cross,CrosCh00,T,Abraham Lucas,LucaAb00,G,Austin Blythe,BlytAu00,G,Damien Lewis,LewiDa05,G,Gabe Jackson,JackGa00,DE,Shelby Harris,HarrSh00,DT,Al Woods,WoodAl99,DT,Poona Ford,FordPo00,LB,Bruce Irvin,IrviBr00,LB,Cody Barton,BartCo00,LB,Jordyn Brooks,BrooJo01,LB,Uchenna Nwosu,NwosUc00,CB,Riq Woolen,WoolTa00,CB,Michael Jackson,JackMi01,SS,Ryan Neal,NealRy00,FS,Quandre Diggs,DiggQu00,Referee,John Hussey,Umpire,Alan Eck,Down Judge,Robin DeLorenzo,Line Judge,Carl Johnson,Back Judge,Brad Freeman,Side Judge,Allen Baynes,Field Judge,Jabir Walker
202211140phi,2022-11-14,Monday,8:15pm,Philadelphia Eagles,Washington Commanders,phi,was,21,32,Nick Sirianni,Ron Rivera,Lincoln Financial Field,69879,2:54,outdoors,grass,"43 degrees, relative humidity 45%, wind 6 mph",QB,Jalen Hurts,HurtJa00,RB,Boston Scott,ScotBo02,WR,A.J. Brown,BrowAJ00,WR,DeVonta Smith,SmitDe07,WR,Zach Pascal,PascZa00,TE,Dallas Goedert,GoedDa00,T,Jordan Mailata,MailJo00,T,Lane Johnson,JohnLa01,G,Landon Dickerson,DickLa00,G,Isaac Seumalo,SeumIs00,C,Jason Kelce,KelcJa00,DE,Josh Sweat,SweaJo00,DT,Javon Hargrave,HargJa00,DT,Fletcher Cox,CoxxFl00,DT,Marlon Tuipulotu,TuipMa00,LB,Haason Reddick,ReddHa00,LB,T.J. Edwards,EdwaTJ02,CB,James Bradberry,BradJa00,CB,Josiah Scott,ScotJo00,CB,Darius Slay,SlayDa00,S,C.J. Gardner-Johnson,GardCh00,S,Marcus Epps,EppsMa00,QB,Taylor Heinicke,HeinTa00,RB,Brian Robinson Jr.,RobiBr01,WR,Cam Sims,SimsCa00,WR,Curtis Samuel,SamuCu00,WR,Terry McLaurin,McLaTe00,TE,Logan Thomas,ThomLo00,T,Charles Leno Jr.,LenoCh00,T,Cornelius Lucas,LucaCo01,G,Trai Turner,TurnTr01,G,Andrew Norwell,NorwAn01,C,Tyler Larsen,LarsTy00,DE,James Smith-Williams,SmitJa08,DE,Montez Sweat,SweaMo00,DT,Daron Payne,PaynDa00,DT,Jonathan Allen,AlleJo01,LB,Jamin Davis,DaviJa11,LB,Jonathan Bostic,BostJo00,CB,Kendall Fuller,FullKe00,CB,Benjamin St-Juste,StJuBe00,S,Bobby McCain,McCaBo01,S,Darrick Forrest,ForrDa00,S,Kamren Curl,CurlKa00,Referee,Alex Kemp,Umpire,Mike Morton,Down Judge,Danny Short,Line Judge,Jeff Bergman,Back Judge,Scott Helverson,Side Judge,Dale Shaw,Field Judge,John Jenkins
202211170gnb,2022-11-17,Thursday,8:15pm,Green Bay Packers,Tennessee Titans,gnb,oti,17,27,Matt LaFleur,Mike Vrabel,Lambeau Field,77506,3:02,outdoors,grass,"25 degrees, relative humidity 81%, wind 11 mph",QB,Aaron Rodgers,RodgAa00,RB,Aaron Jones,JoneAa00,WR,Christian Watson,WatsCh00,WR,Allen Lazard,LazaAl00,TE,Marcedes Lewis,LewiMa00,TE,Josiah Deguara,DeguJo00,OL,Josh Myers,MyerJo00,T,Yosh Nijman,NijmYo01,T,David Bakhtiari,BakhDa00,G,Elgton Jenkins,JenkEl00,G,Jon Runyan Jr.,RunyJo00,DL,Kenny Clark,ClarKe01,DE,Dean Lowry,LowrDe00,DT,Jarran Reed,ReedJa02,LB,Kingsley Enagbare,EnagKi00,LB,Quay Walker,WalkQu00,LB,Preston Smith,SmitPr00,CB,Jaire Alexander,AlexJa00,CB,Rasul Douglas,DougRa00,S,Darnell Savage Jr.,SavaDa00,S,Rudy Ford,FordRu00,S,Adrian Amos,AmosAd00,QB,Ryan Tannehill,TannRy00,RB,Derrick Henry,HenrDe00,WR,Robert Woods,WoodRo02,WR,Nick Westbrook-Ikhine,WestNi00,WR,Treylon Burks,BurkTr00,TE,Chig Okonkwo,OkonCh00,OL,Dennis Daley,DaleDe00,OL,Nicholas Petit-Frere,PetiNi00,OL,Dillon Radunz,RaduDi00,G,Nate Davis,DaviNa01,G,Aaron Brewer,BrewAa01,DL,DeMarcus Walker,WalkDe03,DL,Denico Autry,AutrDe00,DT,Jeffery Simmons,SimmJe01,DT,Teair Tart,TartTe00,LB,David Long,LongDa04,LB,Monty Rice,RiceMo00,LB,Joe Schobert,SchoJo00,CB,Kristian Fulton,FultKr00,CB,Roger McCreary,McCrRo01,DB,Andrew Adams,AdamAn00,S,Kevin Byard,ByarKe01,Referee,Bill Vinovich,Umpire,Alex Moore,Down Judge,Jerry Bergman,Line Judge,Mark Perlman,Back Judge,Jimmy Russell,Side Judge,Jimmy Buchanan,Field Judge,Joe Blubaugh
202211200atl,2022-11-20,Sunday,1:00pm,Atlanta Falcons,Chicago Bears,atl,chi,27,24,Arthur Smith,Matt Eberflus,Mercedes-Benz Stadium,69757,2:57,retractable roof (closed),fieldturf,,QB,Marcus Mariota,MariMa01,RB,Cordarrelle Patterson,PattCo00,WR,Drake London,LondDr00,WR,Olamide Zaccheaus,ZaccOl01,TE,Kyle Pitts,PittKy00,TE,Parker Hesse,HessPa00,OL,Drew Dalman,DalmDr00,T,Jake Matthews,MattJa00,T,Chuma Edoga,EdogCh00,T,Kaleb McGary,McGaKa00,G,Chris Lindstrom,LindCh00,DL,Ta'Quon Graham,GrahTa00,DT,Grady Jarrett,JarrGr00,OLB,Adetokunbo Ogundeji,OgunAd01,LB,Lorenzo Carter,CartLo01,LB,Rashaan Evans,EvanRa01,LB,Mykal Walker,WalkMy00,CB,Isaiah Oliver,OlivIs00,CB,Darren Hall,HallDa03,CB,AJ Terrell,TerrAJ00,SS,Jaylinn Hawkins,HawkJa00,S,Richie Grant,GranRi00,QB,Justin Fields,FielJu00,RB,David Montgomery,MontDa01,WR,Chase Claypool,ClayCh01,WR,Equanimeous St. Brown,,WR,Darnell Mooney,MoonDa00,TE,Cole Kmet,KmetCo00,OL,Sam Mustipher,MustSa01,OL,Cody Whitehair,WhitCo03,OL,Michael Schofield,SchoMi00,OL,Riley Reiff,ReifRi00,OL,Braxton Jones,JoneBr08,DL,Trevis Gipson,GipsTr00,DL,Justin Jones,JoneJu03,DL,Dominique Robinson,RobiDo00,DT,Armon Watts,WattAr01,LB,Nicholas Morrow,MorrNi00,LB,Jack Sanborn,SanbJa00,DB,Kyler Gordon,GordKy00,DB,Eddie Jackson,JackEd01,DB,Jaquan Brisker,BrisJa01,DB,Kindle Vildor,VildKi00,DB,Jaylon Johnson,JohnJa13,Referee,Tra Blake,Umpire,Tony Michalek,Down Judge,Patrick Turner,Line Judge,Mark Stewart,Back Judge,Todd Prukop,Side Judge,Don Willard,Field Judge,Tom Hill
202211200buf,2022-11-20,Sunday,1:00pm,Buffalo Bills,Cleveland Browns,buf,cle,31,23,Sean McDermott,Kevin Stefanski,Ford Field,52146,3:15,dome,fieldturf,,QB,Josh Allen,AlleJo02,RB,Devin Singletary,SingDe00,FB,Reggie Gilliam,GillRe00,WR,Gabe Davis,DaviGa01,WR,Stefon Diggs,DiggSt00,TE,Dawson Knox,KnoxDa00,OL,Ryan Bates,BateRy02,T,Dion Dawkins,DawkDi00,T,Spencer Brown,BrowSp00,G,Rodger Saffold,SaffRo20,C,Mitch Morse,MorsMi00,DE,A.J. Epenesa,EpenAJ00,DT,DaQuan Jones,JoneDa04,DT,Ed Oliver,OlivEd00,LB,Tyrel Dodson,DodsTy01,LB,Matt Milano,MilaMa00,LB,Von Miller,MillVo00,CB,Dane Jackson,JackDa02,CB,Taron Johnson,JohnTa01,CB,Christian Benford,BenfCh00,S,Damar Hamlin,HamlDa00,S,Jordan Poyer,PoyeJo00,QB,Jacoby Brissett,BrisJa00,RB,Nick Chubb,ChubNi00,WR,Anthony Schwartz,SchwAn00,WR,Donovan Peoples-Jones,PeopDo00,WR,Amari Cooper,CoopAm00,TE,David Njoku,NjokDa00,T,Jedrick Wills Jr.,WillJe04,T,Jack Conklin,ConkJa00,G,Wyatt Teller,TellWy00,G,Joel Bitonio,BitoJo00,C,Ethan Pocic,PociEt00,DE,Myles Garrett,GarrMy00,DE,Jadeveon Clowney,ClowJa00,DT,Jordan Elliott,ElliJo02,DT,Taven Bryan,BryaTa00,LB,Jeremiah Owusu-Koramoah,OwusJe00,LB,Sione Takitaki,TakiSi00,CB,Martin Emerson,EmerMa00,CB,A.J. Green,GreeAJ00,CB,Denzel Ward,WardDe02,S,Grant Delpit,DelpGr00,S,John Johnson,JohnJo10,Referee,Adrian Hill,Umpire,Roy Ellison,Down Judge,David Oliver,Line Judge,Kevin Codey,Back Judge,Keith Ferguson,Side Judge,Jim Quirk,Field Judge,Mearl Robinson
202211200clt,2022-11-20,Sunday,1:00pm,Indianapolis Colts,Philadelphia Eagles,clt,phi,16,17,Jeff Saturday,Nick Sirianni,Lucas Oil Stadium,66241,2:56,retractable roof (closed),fieldturf,,QB,Matt Ryan,RyanMa00,RB,Jonathan Taylor,TaylJo02,WR,Parris Campbell,CampPa00,WR,Michael Pittman Jr.,PittMi01,TE,Mo Alie-Cox,AlieMo00,TE,Nikola Kalinic,KaliNi00,OL,Quenton Nelson,NelsQu00,T,Bernhard Raimann,RaimBe00,T,Braden Smith,SmitBr06,G,Will Fries,FrieWi00,C,Ryan Kelly,KellRy00,DE,Yannick Ngakoue,NgakYa00,DE,Dayo Odeyingbo,OdeyDa00,DT,DeForest Buckner,BuckDe00,DT,Grover Stewart,StewGr00,LB,Bobby Okereke,OkerBo00,LB,Zaire Franklin,FranZa00,CB,Stephon Gilmore,GilmSt00,CB,Kenny Moore,MoorKe03,CB,Isaiah Rodgers,RodgIs00,S,Rodney McLeod,McLeRo00,S,Julian Blackmon,BlacJu01,QB,Jalen Hurts,HurtJa00,RB,Miles Sanders,SandMi01,WR,A.J. Brown,BrowAJ00,WR,Quez Watkins,WatkQu00,WR,DeVonta Smith,SmitDe07,TE,Jack Stoll,StolJa00,T,Lane Johnson,JohnLa01,T,Jordan Mailata,MailJo00,G,Landon Dickerson,DickLa00,G,Isaac Seumalo,SeumIs00,C,Jason Kelce,KelcJa00,DE,Josh Sweat,SweaJo00,DT,Linval Joseph,JoseLi99,DT,Javon Hargrave,HargJa00,DT,Fletcher Cox,CoxxFl00,LB,Haason Reddick,ReddHa00,LB,T.J. Edwards,EdwaTJ02,LB,Kyzir White,WhitKy00,CB,James Bradberry,BradJa00,CB,Darius Slay,SlayDa00,S,C.J. Gardner-Johnson,GardCh00,S,Marcus Epps,EppsMa00,Referee,Land Clark,Umpire,Paul King,Down Judge,Tom Stephan,Line Judge,Brian Bolinger,Back Judge,Greg Meyer,Side Judge,Dominique Pender,Field Judge,Michael Banks
202211200den,2022-11-20,Sunday,4:05pm,Denver Broncos,Las Vegas Raiders,den,rai,16,22,Nathaniel Hackett,Josh McDaniels,Empower Field at Mile High,76056,3:11,outdoors,grass,"49 degrees, relative humidity 23%, wind 11 mph",QB,Russell Wilson,WilsRu00,RB,Melvin Gordon,GordMe00,WR,Courtland Sutton,SuttCo00,TE,Greg Dulcich,DulcGr00,TE,Eric Tomlinson,TomlEr01,TE,Eric Saubert,SaubEr00,OL,Quinn Meinerz,MeinQu02,T,Calvin Anderson,AndeCa00,T,Cameron Fleming,FlemCa00,G,Graham Glasgow,GlasGr00,G,Dalton Risner,RisnDa00,DE,Dre'Mont Jones,JoneDr00,DT,DeShawn Williams,WillDe04,DT,D.J. Jones,,OLB,Jonathon Cooper,CoopJo02,LB,Baron Browning,BrowBa01,LB,Alex Singleton,SingAl00,LB,Josey Jewell,JeweJo00,CB,Patrick Surtain II,SurtPa01,CB,Damarri Mathis,MathDa00,S,Justin Simmons,SimmJu00,S,Kareem Jackson,JackKa99,QB,Derek Carr,CarrDe02,RB,Josh Jacobs,JacoJo01,FB,Jakob Johnson,JohnJa12,WR,Davante Adams,AdamDa01,WR,Mack Hollins,HollMa00,TE,Foster Moreau,MoreFo00,OL,Alex Bars,BarsAl01,OL,Jermaine Eluemunor,ElueJe00,T,Thayer Munford,MunfTh00,G,Dylan Parham,ParhDy00,C,Andre James,JameAn01,DE,Maxx Crosby,CrosMa00,DE,Chandler Jones,JoneCh03,DT,Andrew Billings,BillAn00,DT,Bilal Nichols,NichBi00,LB,Jayon Brown,BrowJa06,LB,Luke Masterson,MastLu00,CB,Sam Webb,WebbSa00,CB,Rock Ya-Sin,Ya-SRo00,S,Duron Harmon,HarmDu00,S,Tre'von Moehrig,MoehTr00,S,Roderic Teamer,TeamRo00,Referee,Shawn Smith,Umpire,Bryan Neale,Down Judge,Mark Hittner,Line Judge,Michael Dolce,Back Judge,Dino Paganelli,Side Judge,Clay Reynard,Field Judge,Dyrol Prioleau
202211200htx,2022-11-20,Sunday,1:00pm,Houston Texans,Washington Commanders,htx,was,10,23,Lovie Smith,Ron Rivera,NRG Stadium,65865,2:54,retractable roof (closed),astroturf,,QB,Davis Mills,MillDa02,RB,Dameon Pierce,PierDa01,WR,Nico Collins,CollNi00,WR,Brandin Cooks,CookBr00,TE,Jordan Akins,AkinJo00,TE,Teagan Quitoriano,QuitTe00,OL,A.J. Cann,,OL,Laremy Tunsil,TunsLa00,OL,Scott Quessenberry,QuesSc00,OL,Tytus Howard,HowaTy00,OL,Kenyon Green,GreeKe03,DL,Roy Lopez,LopeRo00,DL,Jerry Hughes,HughJe99,DL,Ogbonnia Okoronkwo,OkorOg00,DL,Maliek Collins,CollMa00,LB,Christian Kirksey,KirkCh00,LB,Christian Harris,HarrCh06,DB,Desmond King,KingDe01,DB,Steven Nelson,NelsSt01,DB,Jonathan Owens,OwenJo01,DB,Jalen Pitre,PitrJa00,DB,Tavierre Thomas,ThomTa01,QB,Taylor Heinicke,HeinTa00,RB,Brian Robinson Jr.,RobiBr01,WR,Jahan Dotson,DotsJa00,WR,Curtis Samuel,SamuCu00,WR,Terry McLaurin,McLaTe00,TE,Logan Thomas,ThomLo00,T,Charles Leno Jr.,LenoCh00,T,Cornelius Lucas,LucaCo01,G,Trai Turner,TurnTr01,G,Andrew Norwell,NorwAn01,C,Tyler Larsen,LarsTy00,DE,Montez Sweat,SweaMo00,DE,James Smith-Williams,SmitJa08,DT,Jonathan Allen,AlleJo01,DT,Daron Payne,PaynDa00,LB,Jonathan Bostic,BostJo00,LB,Jamin Davis,DaviJa11,CB,Kendall Fuller,FullKe00,CB,Benjamin St-Juste,StJuBe00,S,Bobby McCain,McCaBo01,S,Darrick Forrest,ForrDa00,S,Kamren Curl,CurlKa00,Referee,Scott Novak,Umpire,Ramon George,Down Judge,Derick Bowers,Line Judge,Walt Coleman IV,Back Judge,Terrence Miles,Side Judge,David Meslow,Field Judge,Tra Boger
202211200min,2022-11-20,Sunday,4:25pm,Minnesota Vikings,Dallas Cowboys,min,dal,3,40,Kevin O'Connell,Mike McCarthy,U.S. Bank Stadium,65304,3:03,dome,sportturf,,QB,Kirk Cousins,CousKi00,RB,Dalvin Cook,CookDa01,WR,Adam Thielen,ThieAd00,WR,Justin Jefferson,JeffJu00,TE,Johnny Mundt,MundJo00,TE,T.J. Hockenson,HockTJ00,T,Brian O'Neill,ONeiBr00,T,Christian Darrisaw,DarrCh00,G,Ed Ingram,IngrEd00,G,Ezra Cleveland,ClevEz00,C,Garrett Bradbury,BradGa00,DL,Jonathan Bullard,BullJo00,DT,Harrison Phillips,PhilHa00,OLB,Danielle Hunter,HuntDa01,LB,Jordan Hicks,HickJo00,LB,Eric Kendricks,KendEr00,LB,Za'Darius Smith,SmitZa00,CB,Andrew Booth,BootAn00,CB,Patrick Peterson,PetePa00,CB,Chandon Sullivan,SullCh00,S,Camryn Bynum,BynuCa00,S,Harrison Smith,SmitHa00,QB,Dak Prescott,PresDa01,RB,Ezekiel Elliott,ElliEz00,WR,Noah Brown,BrowNo00,WR,CeeDee Lamb,LambCe00,WR,Michael Gallup,GallMi00,TE,Dalton Schultz,SchuDa00,OL,Tyler Smith,SmitTy02,T,Terence Steele,SteeTe01,G,Zack Martin,MartZa00,G,Connor McGovern,McGoCo01,C,Tyler Biadasz,BiadTy00,DE,DeMarcus Lawrence,LawrDe00,DT,Johnathan Hankins,HankJo00,DT,Osa Odighizuwa,OdigOs00,LB,Leighton Vander Esch,VandLe00,LB,Micah Parsons,ParsMi00,LB,Damone Clark,ClarDa02,CB,Anthony Brown,BrowAn02,CB,Trevon Diggs,DiggTr00,S,Jayron Kearse,KearJa00,S,Malik Hooker,HookMa00,S,Donovan Wilson,WilsDo01,Referee,Clay Martin,Umpire,Fred Bryan,Down Judge,Jerod Phillips,Line Judge,Maia Chaka,Back Judge,Greg Wilson,Side Judge,Dave Hawkshaw,Field Judge,James Coleman
202211200nor,2022-11-20,Sunday,1:00pm,New Orleans Saints,Los Angeles Rams,nor,ram,27,20,Dennis Allen,Sean McVay,Caesars Superdome,70025,2:55,dome,sportturf,,QB,Andy Dalton,DaltAn00,RB,Alvin Kamara,KamaAl00,WR,Jarvis Landry,LandJa00,TE,Adam Trautman,TrauAd00,TE,Taysom Hill,HillTa00,TE,Juwan Johnson,JohnJu02,OL,Calvin Throckmorton,ThroCa01,OL,Cesar Ruiz,RuizCe00,T,Landon Young,YounLa00,T,Ryan Ramczyk,RamcRy00,G,Josh Andrews,AndrJo01,DE,Tanoh Kpassagnon,KpasTa00,DE,Carl Granderson,GranCa01,DT,David Onyemata,OnyeDa00,DT,Malcolm Roach,RoacMa01,LB,Kaden Elliss,ElliKa00,LB,Demario Davis,DaviDe00,CB,Alontae Taylor,TaylAl01,CB,Paulson Adebo,AdebPa00,FS,Tyrann Mathieu,MathTy00,S,Chris Harris Jr.,HarrCh01,S,Marcus Maye,MayeMa00,QB,Matthew Stafford,StafMa00,RB,Darrell Henderson,HendDa00,WR,Ben Skowronek,SkowBe00,WR,Van Jefferson,JeffVa00,WR,Allen Robinson,RobiAl02,TE,Tyler Higbee,HigbTy00,OL,Rob Havenstein,HaveRo00,OL,Coleman Shelton,ShelCo00,T,Oday Aboushi,AbouOd00,T,Ty Nsekhe,NsekTy00,C,Matt Skura,SkurMa01,DT,Aaron Donald,DonaAa00,DT,A'Shawn Robinson,RobiAS00,DT,Greg Gaines,GainGr00,OLB,Terrell Lewis,LewiTe00,OLB,Leonard Floyd,FloyLe00,LB,Ernest Jones,JoneEr01,LB,Bobby Wagner,WagnBo00,CB,Troy Hill,HillTr01,DB,Taylor Rapp,RappTa00,DB,Jalen Ramsey,RamsJa00,S,Nick Scott,ScotNi01,Referee,Ron Torbert,Umpire,Mark Pellis,Down Judge,Max Causey,Line Judge,Tim Podraza,Back Judge,Tony Josselyn,Side Judge,Keith Washington,Field Judge,Ryan Dickson
202211200nwe,2022-11-20,Sunday,1:00pm,New England Patriots,New York Jets,nwe,nyj,10,3,Bill Belichick,Robert Saleh,Gillette Stadium,65878,2:59,outdoors,fieldturf,"42 degrees, relative humidity 35%, wind 2 mph",QB,Mac Jones,JoneMa05,RB,Damien Harris,HarrDa06,WR,Nelson Agholor,AghoNe00,WR,Jakobi Meyers,MeyeJa01,TE,Jonnu Smith,SmitJo01,TE,Hunter Henry,HenrHu00,OL,Isaiah Wynn,WynnIs00,OL,Yodny Cajuste,CajuYo00,OL,Cole Strange,StraCo01,OL,Michael Onwenu,OnweMi00,C,David Andrews,AndrDa00,DL,Lawrence Guy,GuyxLa00,DL,Deatrich Wise Jr.,WiseDe00,DT,Davon Godchaux,GodcDa00,LB,Matt Judon,JudoMa00,LB,Jahlani Tavai,TavaJa00,LB,Ja'Whaun Bentley,BentJa00,CB,Jalen Mills,MillJa02,DB,Devin McCourty,McCoDe99,DB,Jonathan Jones,JoneJo03,DB,Jabrill Peppers,PeppJa00,DB,Kyle Dugger,DuggKy00,QB,Zach Wilson,WilsZa00,RB,Michael Carter,CartMi03,WR,Garrett Wilson,WilsGa00,WR,Denzel Mims,MimsDe00,TE,Tyler Conklin,ConkTy00,TE,C.J. Uzomah,,OL,Dan Feeney,FeenDa00,OL,Connor McGovern,McGoCo00,T,Duane Brown,BrowDu20,T,Cedric Ogbuehi,OgbuCe00,G,Laken Tomlinson,TomlLa01,DE,Carl Lawson,LawsCa00,DT,Nathan Shepherd,ShepNa00,DT,Quinnen Williams,WillQu00,DT,John Franklin-Myers,FranJo02,LB,C.J. Mosley,,LB,Quincy Williams,WillQu01,LB,Kwon Alexander,AlexKw00,CB,D.J. Reed,,CB,Sauce Gardner,GardSa00,S,Lamarcus Joyner,JoynLa00,S,Jordan Whitehead,WhitJo03,Referee,Carl Cheffers,Umpire,Brandon Cruse,Down Judge,Mike Carr,Line Judge,Jeff Seeman,Back Judge,Matt Edwards,Side Judge,Eugene Hall,Field Judge,Nathan Jones
202211200nyg,2022-11-20,Sunday,1:00pm,New York Giants,Detroit Lions,nyg,det,18,31,Brian Daboll,Dan Campbell,MetLife Stadium,76267,3:06,outdoors,fieldturf,"35 degrees, relative humidity 30%, wind 21 mph",QB,Daniel Jones,JoneDa05,RB,Saquon Barkley,BarkSa00,WR,Darius Slayton,SlayDa01,WR,Isaiah Hodgins,HodgIs00,WR,Wan'Dale Robinson,RobiWa01,TE,Lawrence Cager,CageLa01,OL,Jon Feliciano,FeliJo00,OL,Mark Glowinski,GlowMa00,OL,Tyre Phillips,PhilTy00,T,Andrew Thomas,ThomAn02,G,Shane Lemieux,LemiSh00,DL,Leonard Williams,WillLe02,DL,Henry Mondeaux,MondHe00,DL,Dexter Lawrence,LawrDe03,OLB,Kayvon Thibodeaux,ThibKa00,OLB,Jihad Ward,WardJi02,OLB,Jaylon Smith,SmitJa05,LB,Micah McFadden,McFaMi01,CB,Adoree' Jackson,JackAd00,DB,Fabian Moreau,MoreFa00,S,Julian Love,LoveJu00,S,Dane Belton,BeltDa00,QB,Jared Goff,GoffJa00,RB,Jamaal Williams,WillJa06,FB,Jason Cabinda,CabiJa00,WR,Amon-Ra St. Brown,StxxAm00,WR,Kalif Raymond,RaymKa00,TE,Brock Wright,WrigBr01,T,Taylor Decker,DeckTa00,T,Penei Sewell,SewePe00,G,Jonah Jackson,JackJo03,C,Evan Brown,BrowEv00,C,Frank Ragnow,RagnFr00,DL,Alim McNeill,McNeAl00,DL,Isaiah Buggs,BuggIs00,DE,Aidan Hutchinson,HutcAi00,DE,John Cominsky,ComiJo00,LB,Malcolm Rodriguez,RodrMa00,LB,Alex Anzalone,AnzaAl00,CB,Jerry Jacobs,JacoJe00,CB,Jeff Okudah,OkudJe00,CB,Will Harris,HarrWi02,S,Kerby Joseph,JoseKe03,S,DeShon Elliott,ElliDe02,Referee,Brad Rogers,Umpire,Carl Paganelli,Down Judge,Kent Payne,Line Judge,Tom Eaton,Back Judge,Greg Steed,Side Judge,Anthony Jeffries,Field Judge,Aaron Santi
202211200pit,2022-11-20,Sunday,4:25pm,Pittsburgh Steelers,Cincinnati Bengals,pit,cin,30,37,Mike Tomlin,Zac Taylor,Acrisure Stadium,66401,3:18,outdoors,grass,"27 degrees, relative humidity 38%, wind 12 mph",QB,Kenny Pickett,PickKe00,RB,Najee Harris,HarrNa00,FB,Derek Watt,WattDe00,WR,George Pickens,PickGe00,WR,Diontae Johnson,JohnDi01,TE,Zach Gentry,GentZa00,OL,Mason Cole,ColeMa02,OL,Chukwuma Okorafor,OkorCh00,OL,Kevin Dotson,DotsKe00,OL,James Daniels,DaniJa01,T,Dan Moore,MoorDa05,DT,Cameron Heyward,HeywCa01,DT,Larry Ogunjobi,OgunLa00,LB,Alex Highsmith,HighAl02,LB,Myles Jack,JackMy00,LB,Devin Bush Jr.,BushDe01,LB,T.J. Watt,,CB,Arthur Maulet,MaulAr00,CB,Cameron Sutton,SuttCa00,CB,Levi Wallace,WallLe00,S,Minkah Fitzpatrick,FitzMi00,S,Terrell Edmunds,EdmuTe00,QB,Joe Burrow,BurrJo01,RB,Joe Mixon,MixoJo00,WR,Tyler Boyd,BoydTy00,WR,Tee Higgins,HiggTe00,WR,Trenton Irwin,IrwiTr00,TE,Hayden Hurst,HursHa00,OL,Cordell Volson,VolsCo02,T,Jonah Williams,WillJo10,T,La'el Collins,CollLa01,G,Alex Cappa,CappAl00,C,Ted Karras,KarrTe00,DE,Trey Hendrickson,HendTr00,DE,Sam Hubbard,HubbSa00,DT,B.J. Hill,,DT,Zachary Carter,CartZa00,DT,D.J. Reader,,LB,Logan Wilson,WilsLo00,LB,Germaine Pratt,PratGe00,CB,Cam Taylor-Britt,TaylCa01,CB,Eli Apple,ApplEl00,S,Vonn Bell,BellVo00,S,Jessie Bates III,BateJe00,Referee,Brad Allen,Umpire,Duane Heydt,Down Judge,Sarah Thomas,Line Judge,Daniel Gallagher,Back Judge,Greg Yette,Side Judge,Boris Cheek,Field Judge,Rick Patterson
202211200rav,2022-11-20,Sunday,1:00pm,Baltimore Ravens,Carolina Panthers,rav,car,13,3,John Harbaugh,Steve Wilks,M&amp;T Bank Stadium,70677,3:12,outdoors,grass,"36 degrees, relative humidity 24%, wind 2 mph",QB,Lamar Jackson,JackLa00,RB,Kenyan Drake,DrakKe00,FB,Patrick Ricard,RicaPa00,WR,Devin Duvernay,DuveDe00,WR,Demarcus Robinson,RobiDe01,TE,Mark Andrews,AndrMa00,T,Ronnie Stanley,StanRo00,T,Morgan Moses,MoseMo00,G,Kevin Zeitler,ZeitKe00,G,Ben Powers,PoweBe00,C,Tyler Linderbaum,LindTy00,DT,Calais Campbell,CampCa99,DT,Broderick Washington Jr.,WashBr01,DT,Nnamdi Madubuike,MaduJu00,OLB,Jason Pierre-Paul,PierJa99,LB,Patrick Queen,QueePa00,LB,Roquan Smith,SmitRo07,LB,Malik Harrison,HarrMa06,CB,Marcus Peters,PeteMa00,CB,Marlon Humphrey,HumpMa00,S,Geno Stone,StonGe00,S,Chuck Clark,ClarCh00,QB,Baker Mayfield,MayfBa00,RB,D'Onta Foreman,ForeDO00,WR,D.J. Moore,,WR,Terrace Marshall Jr.,MarsTe00,WR,Shi Smith,SmitSh03,TE,Ian Thomas,ThomIa00,OL,Austin Corbett,CorbAu00,OL,Bradley Bozeman,BozeBr00,T,Taylor Moton,MotoTa00,T,Brady Christensen,ChriBr00,T,Ikem Ekwonu,EkwoIk00,DE,Yetur Gross-Matos,GrosYe00,DE,Brian Burns,BurnBr00,DT,Bravvion Roy,RoyxBr00,DT,Derrick Brown,BrowDe05,LB,Cory Littleton,LittCo01,LB,Shaq Thompson,ThomSh01,LB,Frankie Luvu,LuvuFr00,CB,Jaycee Horn,HornJa00,CB,C.J. Henderson,HendCJ00,S,Jeremy Chinn,ChinJe00,S,Xavier Woods,WoodXa00,Referee,Jerome Boger,Umpire,Barry Anderson,Down Judge,Frank LeBlanc,Line Judge,Rusty Baynes,Back Judge,Steve Patrick,Side Judge,Jonah Monroe,Field Judge,Alonzo Ramsey
202211200sdg,2022-11-20,Sunday,8:20pm,Los Angeles Chargers,Kansas City Chiefs,sdg,kan,27,30,Brandon Staley,Andy Reid,SoFi Stadium,70240,2:58,dome,matrixturf,,QB,Justin Herbert,HerbJu00,RB,Austin Ekeler,EkelAu00,FB,Zander Horvath,HorvZa00,WR,Keenan Allen,AlleKe00,WR,Mike Williams,WillMi07,TE,Richard Rodgers,RodgRi00,T,Trey Pipkins,PipkTr00,G,Jamaree Salyer,SalyJa00,G,Zion Johnson,JohnZi00,G,Matt Feiler,FeilMa00,C,Corey Linsley,LinsCo00,DL,Morgan Fox,FoxxMo00,DT,Sebastian Joseph-Day,JoseSe00,OLB,Khalil Mack,MackKh00,OLB,Kyle Van Noy,VanNKy00,LB,Kenneth Murray,MurrKe00,LB,Drue Tranquill,TranDr00,CB,Bryce Callahan,CallBr00,CB,Asante Samuel Jr.,SamuAs00,CB,Michael Davis,DaviMi03,S,Derwin James,JameDe00,S,Nasir Adderley,AddeNa00,QB,Patrick Mahomes,MahoPa00,RB,Isiah Pacheco,PachIs00,WR,Justin Watson,WatsJu01,TE,Jody Fortson,FortJo01,TE,Noah Gray,GrayNo00,TE,Travis Kelce,KelcTr00,OL,Joe Thuney,ThunJo00,OL,Trey Smith,SmitTr05,T,Orlando Brown Jr.,BrowOr00,G,Andrew Wylie,WyliAn00,C,Creed Humphrey,HumpCr00,DE,George Karlaftis III,KarlGe00,DE,Frank Clark,ClarFr01,DT,Chris Jones,JoneCh09,DT,Derrick Nnadi,NnadDe00,LB,Willie Gay Jr.,GayJWi00,LB,Leo Chenal,ChenLe00,LB,Nick Bolton,BoltNi00,CB,Trent McDuffie,McDuTr00,CB,L'Jarius Sneed,SneeLJ00,S,Justin Reid,ReidJu00,S,Juan Thornhill,ThorJu00,Referee,Shawn Hochuli,Umpire,Terry Killens,Down Judge,Patrick Holt,Line Judge,Greg Bradley,Back Judge,Rich Martinez,Side Judge,Chad Hill,Field Judge,Anthony Flemming
202211210crd,2022-11-21,Monday,8:15pm,Arizona Cardinals,San Francisco 49ers,crd,sfo,10,38,Kliff Kingsbury,Kyle Shanahan,Azteca Stadium,78427,2:59,outdoors,grass,"64 degrees, relative humidity 52%, wind 4 mph",QB,Colt McCoy,McCoCo00,RB,James Conner,ConnJa00,WR,Rondale Moore,MoorRo02,WR,A.J. Green,,WR,DeAndre Hopkins,HopkDe00,TE,Trey McBride,McBrTr01,OL,Lecitus Smith,SmitLe01,OL,Kelvin Beachum,BeacKe00,OL,Billy Price,PricBi01,OL,Rashaad Coward,CowaRa00,OL,Josh Jones,JoneJo07,DE,Zach Allen,AlleZa01,DE,Jonathan Ledbetter,LedbJo01,DE,J.J. Watt,,DT,Leki Fotu,FotuLe00,MLB,Tanner Vallejo,VallTa00,LB,Zaven Collins,CollZa00,LB,Isaiah Simmons,SimmIs00,CB,Marco Wilson,WilsMa04,CB,Antonio Hamilton,HamiAn01,S,Jalen Thompson,ThomJa04,S,Budda Baker,BakeBu00,QB,Jimmy Garoppolo,GaroJi00,RB,Christian McCaffrey,McCaCh01,FB,Kyle Juszczyk,JuszKy00,WR,Brandon Aiyuk,AiyuBr00,WR,Deebo Samuel,SamuDe00,TE,George Kittle,KittGe00,OL,Aaron Banks,BankAa00,OL,Spencer Burford,BurfSp00,OL,Jake Brendel,BrenJa01,T,Mike McGlinchey,McGlMi00,T,Trent Williams,WillTr21,DE,Charles Omenihu,OmenCh00,DE,Nick Bosa,BosaNi00,DT,Kevin Givens,GiveKe01,DT,Hassan Ridgeway,RidgHa00,LB,Dre Greenlaw,GreeDr00,LB,Fred Warner,WarnFr00,CB,Charvarius Ward,WardCh01,DB,Deommodore Lenoir,LenoDe00,DB,Jimmie Ward,WardJi01,S,Talanoa Hufanga,HufaTa00,S,Tashaun Gipson,GipsTa00,Referee,Craig Wrolstad,Umpire,Steve Woods,Down Judge,Jim Mello,Line Judge,Tripp Sutter,Back Judge,Grantis Bell,Side Judge,Jeff Lamberth,Field Judge,Jeff Shears
202211240dal,2022-11-24,Thursday,4:30pm,Dallas Cowboys,New York Giants,dal,nyg,28,20,Mike McCarthy,Brian Daboll,AT&amp;T Stadium,93568,3:18,retractable roof (closed),matrixturf,,QB,Dak Prescott,PresDa01,RB,Ezekiel Elliott,ElliEz00,WR,CeeDee Lamb,LambCe00,WR,Noah Brown,BrowNo00,WR,Michael Gallup,GallMi00,TE,Dalton Schultz,SchuDa00,OL,Tyler Smith,SmitTy02,T,Terence Steele,SteeTe01,G,Zack Martin,MartZa00,G,Connor McGovern,McGoCo01,C,Tyler Biadasz,BiadTy00,DE,DeMarcus Lawrence,LawrDe00,DT,Osa Odighizuwa,OdigOs00,DT,Quinton Bohanna,BohaQu00,LB,Damone Clark,ClarDa02,LB,Leighton Vander Esch,VandLe00,LB,Micah Parsons,ParsMi00,CB,DaRon Bland,BlanDa00,CB,Trevon Diggs,DiggTr00,CB,Anthony Brown,BrowAn02,S,Jayron Kearse,KearJa00,S,Donovan Wilson,WilsDo01,QB,Daniel Jones,JoneDa05,RB,Saquon Barkley,BarkSa00,WR,Isaiah Hodgins,HodgIs00,WR,Richie James,JameRi00,WR,Darius Slayton,SlayDa01,TE,Lawrence Cager,CageLa01,OL,Mark Glowinski,GlowMa00,OL,Tyre Phillips,PhilTy00,T,Andrew Thomas,ThomAn02,G,Jack Anderson,AndeJa01,C,Nick Gates,GateNi00,DL,Leonard Williams,WillLe02,DL,Dexter Lawrence,LawrDe03,OLB,Oshane Ximines,XimiOs00,OLB,Jihad Ward,WardJi02,OLB,Kayvon Thibodeaux,ThibKa00,OLB,Jaylon Smith,SmitJa05,CB,Nick McCloud,McClNi00,CB,Darnay Holmes,HolmDa01,DB,Cordale Flott,FlotCo00,S,Jason Pinnock,PinnJa01,S,Julian Love,LoveJu00,Referee,Scott Novak,Umpire,Ramon George,Down Judge,Derick Bowers,Line Judge,Walt Coleman IV,Back Judge,Terrence Miles,Side Judge,David Meslow,Field Judge,Tra Boger
202211240det,2022-11-24,Thursday,12:30pm,Detroit Lions,Buffalo Bills,det,buf,25,28,Dan Campbell,Sean McDermott,Ford Field,66553,3:14,dome,fieldturf,,QB,Jared Goff,GoffJa00,RB,D'Andre Swift,SwifDA00,FB,Jason Cabinda,CabiJa00,WR,Amon-Ra St. Brown,StxxAm00,WR,DJ Chark,CharDJ00,TE,Brock Wright,WrigBr01,T,Dan Skipper,SkipDa00,T,Taylor Decker,DeckTa00,T,Penei Sewell,SewePe00,G,Kayode Awosika,AwosKa00,C,Frank Ragnow,RagnFr00,DL,Alim McNeill,McNeAl00,DL,Isaiah Buggs,BuggIs00,DE,Aidan Hutchinson,HutcAi00,DE,John Cominsky,ComiJo00,LB,Derrick Barnes,BarnDe02,LB,Alex Anzalone,AnzaAl00,CB,Will Harris,HarrWi02,CB,Mike Hughes,HughMi00,CB,Jerry Jacobs,JacoJe00,S,Kerby Joseph,JoseKe03,S,DeShon Elliott,ElliDe02,QB,Josh Allen,AlleJo02,RB,Devin Singletary,SingDe00,WR,Gabe Davis,DaviGa01,WR,Isaiah McKenzie,McKeIs00,WR,Stefon Diggs,DiggSt00,TE,Dawson Knox,KnoxDa00,OL,Ryan Bates,BateRy02,T,Dion Dawkins,DawkDi00,T,Spencer Brown,BrowSp00,G,Rodger Saffold,SaffRo20,G,Greg Van Roten,VanRGr00,DE,Shaq Lawson,LawsSh00,DT,DaQuan Jones,JoneDa04,DT,Ed Oliver,OlivEd00,LB,A.J. Klein,KleiAJ00,LB,Tyrel Dodson,DodsTy01,LB,Matt Milano,MilaMa00,LB,Von Miller,MillVo00,CB,Dane Jackson,JackDa02,CB,Tre'Davious White,WhitTr01,S,Damar Hamlin,HamlDa00,S,Jordan Poyer,PoyeJo00,Referee,Clete Blakeman,Umpire,Tab Slaughter,Down Judge,Dana McKenzie,Line Judge,Julian Mapp,Back Judge,Perry Paganelli,Side Judge,Lo Van Pham,Field Judge,Terry Brown
202211240min,2022-11-24,Thursday,8:20pm,Minnesota Vikings,New England Patriots,min,nwe,33,26,Kevin O'Connell,Bill Belichick,U.S. Bank Stadium,66918,3:00,dome,sportturf,,QB,Kirk Cousins,CousKi00,RB,Dalvin Cook,CookDa01,WR,Justin Jefferson,JeffJu00,WR,Adam Thielen,ThieAd00,TE,Johnny Mundt,MundJo00,TE,T.J. Hockenson,HockTJ00,T,Blake Brandel,BranBl00,T,Brian O'Neill,ONeiBr00,G,Ed Ingram,IngrEd00,G,Ezra Cleveland,ClevEz00,C,Garrett Bradbury,BradGa00,DL,Jonathan Bullard,BullJo00,DT,Harrison Phillips,PhilHa00,OLB,Danielle Hunter,HuntDa01,LB,Jordan Hicks,HickJo00,LB,Eric Kendricks,KendEr00,LB,Za'Darius Smith,SmitZa00,CB,Patrick Peterson,PetePa00,CB,Duke Shelley,ShelDu00,CB,Chandon Sullivan,SullCh00,S,Camryn Bynum,BynuCa00,S,Harrison Smith,SmitHa00,QB,Mac Jones,JoneMa05,RB,Damien Harris,HarrDa06,WR,Tyquan Thornton,ThorTy00,WR,DeVante Parker,ParkDe01,WR,Jakobi Meyers,MeyeJa01,TE,Hunter Henry,HenrHu00,OL,Trent Brown,BrowTr02,OL,Cole Strange,StraCo01,OL,Michael Onwenu,OnweMi00,OL,James Ferentz,FereJa00,OL,Yodny Cajuste,CajuYo00,DL,Lawrence Guy,GuyxLa00,DL,Deatrich Wise Jr.,WiseDe00,DT,Davon Godchaux,GodcDa00,LB,Anfernee Jennings,JennAn00,LB,Matt Judon,JudoMa00,LB,Jahlani Tavai,TavaJa00,LB,Ja'Whaun Bentley,BentJa00,CB,Jalen Mills,MillJa02,DB,Jonathan Jones,JoneJo03,DB,Devin McCourty,McCoDe99,DB,Kyle Dugger,DuggKy00,Referee,Alex Kemp,Umpire,Mike Morton,Down Judge,Danny Short,Line Judge,Jeff Bergman,Back Judge,Scott Helverson,Side Judge,Dale Shaw,Field Judge,John Jenkins
202211270car,2022-11-27,Sunday,1:00pm,Carolina Panthers,Denver Broncos,car,den,23,10,Steve Wilks,Nathaniel Hackett,Bank of America Stadium,70644,3:06,outdoors,grass,"66 degrees, relative humidity 94%, wind 15 mph",QB,Sam Darnold,DarnSa00,RB,D'Onta Foreman,ForeDO00,WR,D.J. Moore,,WR,Terrace Marshall Jr.,MarsTe00,TE,Ian Thomas,ThomIa00,OL,Bradley Bozeman,BozeBr00,OL,Austin Corbett,CorbAu00,T,Taylor Moton,MotoTa00,T,Ikem Ekwonu,EkwoIk00,T,Brady Christensen,ChriBr00,G,Cade Mays,MaysCa00,DE,Yetur Gross-Matos,GrosYe00,DE,Brian Burns,BurnBr00,DT,Bravvion Roy,RoyxBr00,DT,Derrick Brown,BrowDe05,LB,Shaq Thompson,ThomSh01,LB,Frankie Luvu,LuvuFr00,CB,C.J. Henderson,HendCJ00,CB,Jaycee Horn,HornJa00,S,Sam Franklin,FranSa00,S,Jeremy Chinn,ChinJe00,S,Xavier Woods,WoodXa00,QB,Russell Wilson,WilsRu00,RB,Latavius Murray,MurrLa00,WR,Montrell Washington,WashMo00,WR,Courtland Sutton,SuttCo00,WR,Kendall Hinton,HintKe00,TE,Eric Saubert,SaubEr00,OL,Quinn Meinerz,MeinQu02,T,Calvin Anderson,AndeCa00,T,Cameron Fleming,FlemCa00,G,Dalton Risner,RisnDa00,G,Graham Glasgow,GlasGr00,DE,Dre'Mont Jones,JoneDr00,DT,D.J. Jones,,DT,DeShawn Williams,WillDe04,OLB,Jonathon Cooper,CoopJo02,LB,Josey Jewell,JeweJo00,LB,Alex Singleton,SingAl00,LB,Baron Browning,BrowBa01,CB,Damarri Mathis,MathDa00,CB,Patrick Surtain II,SurtPa01,S,Kareem Jackson,JackKa99,S,Justin Simmons,SimmJu00,Referee,Clay Martin,Umpire,Fred Bryan,Down Judge,Jerod Phillips,Line Judge,Maia Chaka,Back Judge,Greg Wilson,Side Judge,Dave Hawkshaw,Field Judge,James Coleman
202211270cle,2022-11-27,Sunday,1:00pm,Cleveland Browns,Tampa Bay Buccaneers,cle,tam,23,17,Kevin Stefanski,Todd Bowles,FirstEnergy Stadium,67431,3:25,outdoors,grass,"56 degrees, relative humidity 84%, wind 14 mph",QB,Jacoby Brissett,BrisJa00,RB,Nick Chubb,ChubNi00,WR,Donovan Peoples-Jones,PeopDo00,WR,Amari Cooper,CoopAm00,TE,David Njoku,NjokDa00,T,Jedrick Wills Jr.,WillJe04,T,Chris Hubbard,HubbCh00,T,Jack Conklin,ConkJa00,G,Hjalte Froholdt,FrohHj00,G,Wyatt Teller,TellWy00,G,Joel Bitonio,BitoJo00,DE,Myles Garrett,GarrMy00,DE,Jadeveon Clowney,ClowJa00,DT,Jordan Elliott,ElliJo02,DT,Taven Bryan,BryaTa00,LB,Tony Fields,FielTo00,LB,Jeremiah Owusu-Koramoah,OwusJe00,LB,Sione Takitaki,TakiSi00,CB,Martin Emerson,EmerMa00,CB,Denzel Ward,WardDe02,S,Grant Delpit,DelpGr00,S,John Johnson,JohnJo10,QB,Tom Brady,BradTo00,RB,Rachaad White,WhitRa01,WR,Mike Evans,EvanMi00,WR,Chris Godwin,GodwCh00,TE,Ko Kieft,KiefKo00,OL,Robert Hainsey,HainRo00,T,Tristan Wirfs,WirfTr00,T,Josh Wells,WellJo02,T,Donovan Smith,SmitDo02,G,Nick Leverett,LeveNi00,G,Shaq Mason,MasoSh01,DL,Akiem Hicks,HickAk00,DL,William Gholston,GholWi00,DL,Rakeem Nunez-Roches,NuneRa00,DL,Vita Vea,VeaxVi00,OLB,Carl Nassib,NassCa00,LB,Devin White,WhitDe02,LB,Lavonte David,DaviLa00,CB,Jamel Dean,DeanJa00,CB,Carlton Davis,DaviCa02,S,Mike Edwards,EdwaMi01,S,Antoine Winfield Jr.,WinfAn00,Referee,Tra Blake,Umpire,Tony Michalek,Down Judge,Patrick Turner,Line Judge,Mark Stewart,Back Judge,Todd Prukop,Side Judge,Don Willard,Field Judge,Tom Hill
202211270crd,2022-11-27,Sunday,4:05pm,Arizona Cardinals,Los Angeles Chargers,crd,sdg,24,25,Kliff Kingsbury,Brandon Staley,State Farm Stadium,63628,3:08,retractable roof (open),grass,,QB,Kyler Murray,MurrKy00,RB,James Conner,ConnJa00,WR,Marquise Brown,BrowMa04,WR,A.J. Green,,WR,DeAndre Hopkins,HopkDe00,TE,Trey McBride,McBrTr01,OL,Billy Price,PricBi01,OL,Kelvin Beachum,BeacKe00,OL,Rashaad Coward,CowaRa00,OL,Max Garcia,GarcMa00,OL,Josh Jones,JoneJo07,DE,Zach Allen,AlleZa01,DE,J.J. Watt,,OLB,Markus Golden,GoldMa00,OLB,Myjai Sanders,SandMy00,LB,Zaven Collins,CollZa00,LB,Ben Niemann,NiemBe00,LB,Isaiah Simmons,SimmIs00,CB,Marco Wilson,WilsMa04,CB,Antonio Hamilton,HamiAn01,S,Jalen Thompson,ThomJa04,S,Budda Baker,BakeBu00,QB,Justin Herbert,HerbJu00,RB,Austin Ekeler,EkelAu00,WR,Keenan Allen,AlleKe00,WR,DeAndre Carter,CartDe02,WR,Josh Palmer,PalmJo00,TE,Tre' McKitty,McKiTr00,T,Trey Pipkins,PipkTr00,G,Jamaree Salyer,SalyJa00,G,Matt Feiler,FeilMa00,G,Zion Johnson,JohnZi00,C,Corey Linsley,LinsCo00,DL,Morgan Fox,FoxxMo00,DT,Sebastian Joseph-Day,JoseSe00,OLB,Kyle Van Noy,VanNKy00,OLB,Khalil Mack,MackKh00,LB,Kenneth Murray,MurrKe00,LB,Drue Tranquill,TranDr00,CB,Michael Davis,DaviMi03,CB,Asante Samuel Jr.,SamuAs00,CB,Bryce Callahan,CallBr00,S,Derwin James,JameDe00,S,Alohi Gilman,GilmAl00,Referee,Ron Torbert,Umpire,Mark Pellis,Down Judge,Max Causey,Line Judge,Tim Podraza,Back Judge,Tony Josselyn,Side Judge,Keith Washington,Field Judge,Ryan Dickson
202211270jax,2022-11-27,Sunday,1:00pm,Jacksonville Jaguars,Baltimore Ravens,jax,rav,28,27,Doug Pederson,John Harbaugh,TIAA Bank Stadium,59560,3:15,outdoors,grass,"77 degrees, relative humidity 82%, wind 19 mph",QB,Trevor Lawrence,LawrTr00,RB,Travis Etienne,EtieTr00,WR,Zay Jones,JoneZa00,WR,Christian Kirk,KirkCh01,TE,Evan Engram,EngrEv00,TE,Chris Manhertz,ManhCh00,OL,Jawaan Taylor,TaylJa02,OL,Tyler Shatley,ShatTy00,OL,Brandon Scherff,ScheBr00,OL,Cam Robinson,RobiCa00,OL,Luke Fortner,FortLu01,DL,Roy Robertson-Harris,RobeRo00,DL,Folorunso Fatukasi,FatuFo00,OLB,Travon Walker,WalkTr03,OLB,Josh Hines-Allen,AlleJo03,LB,Chad Muma,MumaCh00,LB,Foyesade Oluokun,OluoFo00,CB,Darious Williams,WillDa09,CB,Tyson Campbell,CampTy01,S,Rayshawn Jenkins,JenkRa00,S,Andre Cisco,CiscAn00,S,Andrew Wingard,WingAn01,QB,Lamar Jackson,JackLa00,RB,Gus Edwards,EdwaGu00,FB,Patrick Ricard,RicaPa00,WR,Demarcus Robinson,RobiDe01,WR,Devin Duvernay,DuveDe00,TE,Mark Andrews,AndrMa00,OL,Patrick Mekari,MekaPa00,T,Morgan Moses,MoseMo00,G,Kevin Zeitler,ZeitKe00,G,Ben Powers,PoweBe00,C,Tyler Linderbaum,LindTy00,DT,Nnamdi Madubuike,MaduJu00,DT,Broderick Washington Jr.,WashBr01,DT,Calais Campbell,CampCa99,OLB,Jason Pierre-Paul,PierJa99,LB,Patrick Queen,QueePa00,LB,Malik Harrison,HarrMa06,LB,Roquan Smith,SmitRo07,CB,Marcus Peters,PeteMa00,CB,Marlon Humphrey,HumpMa00,S,Chuck Clark,ClarCh00,S,Geno Stone,StonGe00,Referee,Land Clark,Umpire,Paul King,Down Judge,Tom Stephan,Line Judge,Brian Bolinger,Back Judge,Greg Meyer,Side Judge,Dominique Pender,Field Judge,Michael Banks
202211270kan,2022-11-27,Sunday,4:25pm,Kansas City Chiefs,Los Angeles Rams,kan,ram,26,10,Andy Reid,Sean McVay,GEHA Field at Arrowhead Stadium,73557,2:55,outdoors,grass,"44 degrees, relative humidity 65%, wind 6 mph",QB,Patrick Mahomes,MahoPa00,RB,Isiah Pacheco,PachIs00,WR,Justin Watson,WatsJu01,WR,Skyy Moore,MoorSk01,TE,Noah Gray,GrayNo00,TE,Travis Kelce,KelcTr00,OL,Trey Smith,SmitTr05,T,Orlando Brown Jr.,BrowOr00,G,Andrew Wylie,WyliAn00,G,Nick Allegretti,AlleNi00,C,Creed Humphrey,HumpCr00,DE,George Karlaftis III,KarlGe00,DE,Frank Clark,ClarFr01,DT,Chris Jones,JoneCh09,DT,Derrick Nnadi,NnadDe00,LB,Willie Gay Jr.,GayJWi00,LB,Nick Bolton,BoltNi00,CB,Trent McDuffie,McDuTr00,CB,L'Jarius Sneed,SneeLJ00,DB,Joshua Williams,WillJo03,S,Justin Reid,ReidJu00,S,Bryan Cook,CookBr02,QB,Bryce Perkins,PerkBr02,RB,Cam Akers,AkerCa00,WR,Ben Skowronek,SkowBe00,WR,Brandon Powell,PoweBr00,WR,Lance McCutcheon,McCuLa01,TE,Tyler Higbee,HigbTy00,OL,Rob Havenstein,HaveRo00,OL,Coleman Shelton,ShelCo00,T,Oday Aboushi,AbouOd00,T,AJ Arcuri,ArcuAJ00,C,Matt Skura,SkurMa01,DT,Greg Gaines,GainGr00,DT,Aaron Donald,DonaAa00,DT,Marquise Copeland,CopeMa01,OLB,Terrell Lewis,LewiTe00,OLB,Leonard Floyd,FloyLe00,LB,Bobby Wagner,WagnBo00,CB,David Long,LongDa02,CB,Troy Hill,HillTr01,DB,Taylor Rapp,RappTa00,DB,Jalen Ramsey,RamsJa00,S,Nick Scott,ScotNi01,Referee,Adrian Hill,Umpire,Roy Ellison,Down Judge,David Oliver,Line Judge,Kevin Codey,Back Judge,Keith Ferguson,Side Judge,Jim Quirk,Field Judge,Mearl Robinson
202211270mia,2022-11-27,Sunday,1:00pm,Miami Dolphins,Houston Texans,mia,htx,30,15,Mike McDaniel,Lovie Smith,Hard Rock Stadium,66205,3:03,outdoors,grass,"84 degrees, relative humidity 63%, wind 13 mph",QB,Tua Tagovailoa,TagoTu00,RB,Jeff Wilson,WilsJe01,WR,Tyreek Hill,HillTy00,WR,Jaylen Waddle,WaddJa00,WR,Trent Sherfield,SherTr00,TE,Durham Smythe,SmytDu00,OL,Connor Williams,WillCo00,OL,Robert Hunt,HuntRo01,OL,Robert Jones,JoneRo02,T,Austin Jackson,JackAu00,T,Terron Armstead,ArmsTe00,DT,Raekwon Davis,DaviRa03,DT,Christian Wilkins,WilkCh00,DT,Zach Sieler,SielZa00,OLB,Bradley Chubb,ChubBr00,LB,Jaelan Phillips,PhilJa02,LB,Elandon Roberts,RobeEl00,LB,Jerome Baker,BakeJe00,CB,Kader Kohou,KohoKa00,CB,Xavien Howard,HowaXa00,S,Eric Rowe,RoweEr00,S,Jevon Holland,HollJe02,QB,Kyle Allen,AlleKy00,RB,Dameon Pierce,PierDa01,RB,Dare Ogunbowale,OgunDa00,WR,Nico Collins,CollNi00,WR,Brandin Cooks,CookBr00,TE,Teagan Quitoriano,QuitTe00,OL,A.J. Cann,,OL,Laremy Tunsil,TunsLa00,OL,Scott Quessenberry,QuesSc00,OL,Tytus Howard,HowaTy00,OL,Kenyon Green,GreeKe03,DL,Roy Lopez,LopeRo00,DL,Jerry Hughes,HughJe99,DL,Ogbonnia Okoronkwo,OkorOg00,DL,Maliek Collins,CollMa00,LB,Christian Kirksey,KirkCh00,LB,Christian Harris,HarrCh06,DB,Desmond King,KingDe01,DB,Steven Nelson,NelsSt01,DB,Jonathan Owens,OwenJo01,DB,Jalen Pitre,PitrJa00,DB,Tavierre Thomas,ThomTa01,Referee,Jerome Boger,Umpire,Barry Anderson,Down Judge,Frank LeBlanc,Line Judge,Rusty Baynes,Back Judge,Steve Patrick,Side Judge,Jonah Monroe,Field Judge,Alonzo Ramsey
202211270nyj,2022-11-27,Sunday,1:00pm,New York Jets,Chicago Bears,nyj,chi,31,10,Robert Saleh,Matt Eberflus,MetLife Stadium,77963,2:48,outdoors,fieldturf,"50 degrees, relative humidity 61%, wind 9 mph",QB,Mike White,WhitMi01,RB,Michael Carter,CartMi03,WR,Braxton Berrios,BerrBr00,WR,Corey Davis,DaviCo03,TE,Tyler Conklin,ConkTy00,TE,C.J. Uzomah,,OL,Nate Herbig,HerbNa01,OL,Connor McGovern,McGoCo00,T,Duane Brown,BrowDu20,T,Cedric Ogbuehi,OgbuCe00,G,Laken Tomlinson,TomlLa01,DE,Carl Lawson,LawsCa00,DT,Nathan Shepherd,ShepNa00,DT,John Franklin-Myers,FranJo02,DT,Quinnen Williams,WillQu00,LB,C.J. Mosley,,LB,Quincy Williams,WillQu01,CB,Sauce Gardner,GardSa00,CB,D.J. Reed,,CB,Michael Carter II,CartMi02,S,Lamarcus Joyner,JoynLa00,S,Jordan Whitehead,WhitJo03,QB,Trevor Siemian,SiemTr00,RB,David Montgomery,MontDa01,WR,Chase Claypool,ClayCh01,WR,Equanimeous St. Brown,,WR,Darnell Mooney,MoonDa00,TE,Cole Kmet,KmetCo00,OL,Cody Whitehair,WhitCo03,OL,Teven Jenkins,JenkTe00,OL,Braxton Jones,JoneBr08,OL,Riley Reiff,ReifRi00,OL,Sam Mustipher,MustSa01,DL,Trevis Gipson,GipsTr00,DL,Dominique Robinson,RobiDo00,DL,Justin Jones,JoneJu03,DT,Armon Watts,WattAr01,LB,Nicholas Morrow,MorrNi00,LB,Jack Sanborn,SanbJa00,LB,Joe Thomas,ThomJo04,DB,Jaylon Johnson,JohnJa13,DB,Eddie Jackson,JackEd01,DB,Kindle Vildor,VildKi00,DB,DeAndre Houston-Carson,HousDe00,Referee,John Hussey,Umpire,Alan Eck,Down Judge,Robin DeLorenzo,Line Judge,Carl Johnson,Back Judge,Brad Freeman,Side Judge,Allen Baynes,Field Judge,Jabir Walker
202211270oti,2022-11-27,Sunday,1:00pm,Tennessee Titans,Cincinnati Bengals,oti,cin,16,20,Mike Vrabel,Zac Taylor,Nissan Stadium,69441,2:58,outdoors,grass,"56 degrees, relative humidity 62%, wind 14 mph",QB,Ryan Tannehill,TannRy00,RB,Derrick Henry,HenrDe00,WR,Robert Woods,WoodRo02,WR,Nick Westbrook-Ikhine,WestNi00,TE,Geoff Swaim,SwaiGe00,TE,Kevin Rader,RadeKe00,OL,Dennis Daley,DaleDe00,OL,Dillon Radunz,RaduDi00,OL,Nicholas Petit-Frere,PetiNi00,G,Aaron Brewer,BrewAa01,G,Nate Davis,DaviNa01,DE,Mario Edwards,EdwaMa01,DT,Jeffery Simmons,SimmJe01,DT,Teair Tart,TartTe00,OLB,Bud Dupree,DuprAl00,LB,David Long,LongDa04,LB,Dylan Cole,ColeDy00,CB,Roger McCreary,McCrRo01,CB,Kristian Fulton,FultKr00,DB,Amani Hooker,HookAm00,DB,Andrew Adams,AdamAn00,S,Kevin Byard,ByarKe01,QB,Joe Burrow,BurrJo01,RB,Samaje Perine,PeriSa00,WR,Tyler Boyd,BoydTy00,WR,Tee Higgins,HiggTe00,TE,Mitchell Wilcox,WilcMi01,TE,Hayden Hurst,HursHa00,OL,Cordell Volson,VolsCo02,T,Jonah Williams,WillJo10,T,La'el Collins,CollLa01,G,Alex Cappa,CappAl00,C,Ted Karras,KarrTe00,DE,Trey Hendrickson,HendTr00,DE,Sam Hubbard,HubbSa00,DT,B.J. Hill,,DT,Zachary Carter,CartZa00,DT,D.J. Reader,,LB,Logan Wilson,WilsLo00,LB,Germaine Pratt,PratGe00,CB,Cam Taylor-Britt,TaylCa01,CB,Eli Apple,ApplEl00,S,Vonn Bell,BellVo00,S,Jessie Bates III,BateJe00,Referee,Carl Cheffers,Umpire,Brandon Cruse,Down Judge,Mike Carr,Line Judge,Jeff Seeman,Back Judge,Matt Edwards,Side Judge,Eugene Hall,Field Judge,Nathan Jones
202211270phi,2022-11-27,Sunday,8:20pm,Philadelphia Eagles,Green Bay Packers,phi,gnb,40,33,Nick Sirianni,Matt LaFleur,Lincoln Financial Field,69879,3:09,outdoors,grass,"62 degrees, relative humidity 86%, wind 24 mph",QB,Jalen Hurts,HurtJa00,RB,Boston Scott,ScotBo02,WR,A.J. Brown,BrowAJ00,WR,Quez Watkins,WatkQu00,WR,DeVonta Smith,SmitDe07,TE,Jack Stoll,StolJa00,T,Lane Johnson,JohnLa01,T,Jordan Mailata,MailJo00,G,Landon Dickerson,DickLa00,G,Isaac Seumalo,SeumIs00,C,Jason Kelce,KelcJa00,DE,Josh Sweat,SweaJo00,DT,Javon Hargrave,HargJa00,DT,Linval Joseph,JoseLi99,DT,Fletcher Cox,CoxxFl00,LB,T.J. Edwards,EdwaTJ02,LB,Haason Reddick,ReddHa00,CB,James Bradberry,BradJa00,CB,Darius Slay,SlayDa00,CB,Josiah Scott,ScotJo00,S,C.J. Gardner-Johnson,GardCh00,S,Marcus Epps,EppsMa00,QB,Aaron Rodgers,RodgAa00,RB,Aaron Jones,JoneAa00,WR,Christian Watson,WatsCh00,WR,Samori Toure,TourSa00,WR,Allen Lazard,LazaAl00,TE,Marcedes Lewis,LewiMa00,OL,Josh Myers,MyerJo00,T,Yosh Nijman,NijmYo01,T,David Bakhtiari,BakhDa00,G,Elgton Jenkins,JenkEl00,G,Jon Runyan Jr.,RunyJo00,DL,Kenny Clark,ClarKe01,DT,Jarran Reed,ReedJa02,LB,Kingsley Enagbare,EnagKi00,LB,Krys Barnes,BarnKr00,LB,Preston Smith,SmitPr00,LB,Quay Walker,WalkQu00,CB,Rasul Douglas,DougRa00,CB,Jaire Alexander,AlexJa00,CB,Keisean Nixon,NixoKe00,S,Rudy Ford,FordRu00,S,Adrian Amos,AmosAd00,Referee,Shawn Smith,Umpire,Bryan Neale,Down Judge,Mark Hittner,Line Judge,Michael Dolce,Back Judge,Dino Paganelli,Side Judge,Clay Reynard,Field Judge,Dyrol Prioleau
202211270sea,2022-11-27,Sunday,4:05pm,Seattle Seahawks,Las Vegas Raiders,sea,rai,34,40,Pete Carroll,Josh McDaniels,Lumen Field,68849,3:30,outdoors,fieldturf,"44 degrees, relative humidity 67%, wind 8 mph",QB,Geno Smith,SmitGe00,RB,Kenneth Walker III,WalkKe00,WR,Marquise Goodwin,GoodMa00,WR,Tyler Lockett,LockTy00,WR,D.K. Metcalf,MetcDK00,TE,Will Dissly,DissWi00,T,Charles Cross,CrosCh00,T,Abraham Lucas,LucaAb00,G,Austin Blythe,BlytAu00,G,Gabe Jackson,JackGa00,G,Damien Lewis,LewiDa05,DE,Shelby Harris,HarrSh00,DT,Al Woods,WoodAl99,DT,Poona Ford,FordPo00,LB,Bruce Irvin,IrviBr00,LB,Uchenna Nwosu,NwosUc00,LB,Jordyn Brooks,BrooJo01,CB,Riq Woolen,WoolTa00,CB,Michael Jackson,JackMi01,CB,Coby Bryant,BryaCo01,SS,Ryan Neal,NealRy00,FS,Quandre Diggs,DiggQu00,QB,Derek Carr,CarrDe02,RB,Josh Jacobs,JacoJo01,WR,Davante Adams,AdamDa01,WR,Mack Hollins,HollMa00,WR,Keelan Cole,ColeKe00,TE,Foster Moreau,MoreFo00,OL,Jermaine Eluemunor,ElueJe00,OL,Alex Bars,BarsAl01,T,Kolton Miller,MillKo00,G,Dylan Parham,ParhDy00,C,Andre James,JameAn01,DE,Maxx Crosby,CrosMa00,DE,Chandler Jones,JoneCh03,DT,Andrew Billings,BillAn00,DT,Bilal Nichols,NichBi00,LB,Jayon Brown,BrowJa06,LB,Denzel Perryman,PerrDe00,CB,Sam Webb,WebbSa00,CB,Tyler Hall,HallTy01,CB,Anthony Averett,AverAn00,S,Tre'von Moehrig,MoehTr00,S,Duron Harmon,HarmDu00,Referee,Brad Allen,Umpire,Duane Heydt,Down Judge,Sarah Thomas,Line Judge,Daniel Gallagher,Back Judge,Greg Yette,Side Judge,Boris Cheek,Field Judge,Rick Patterson
202211270sfo,2022-11-27,Sunday,4:25pm,San Francisco 49ers,New Orleans Saints,sfo,nor,13,0,Kyle Shanahan,Dennis Allen,Levi's Stadium,71275,2:58,outdoors,grass,"59 degrees, relative humidity 63%, wind 2 mph",QB,Jimmy Garoppolo,GaroJi00,RB,Christian McCaffrey,McCaCh01,FB,Kyle Juszczyk,JuszKy00,WR,Brandon Aiyuk,AiyuBr00,WR,Deebo Samuel,SamuDe00,TE,George Kittle,KittGe00,OL,Aaron Banks,BankAa00,OL,Jake Brendel,BrenJa01,OL,Spencer Burford,BurfSp00,T,Mike McGlinchey,McGlMi00,T,Trent Williams,WillTr21,DE,Samson Ebukam,EbukSa00,DE,Nick Bosa,BosaNi00,DT,Kevin Givens,GiveKe01,DT,Hassan Ridgeway,RidgHa00,LB,Fred Warner,WarnFr00,LB,Azeez Al-Shaair,AlShAz00,LB,Dre Greenlaw,GreeDr00,CB,Charvarius Ward,WardCh01,DB,Deommodore Lenoir,LenoDe00,S,Talanoa Hufanga,HufaTa00,S,Tashaun Gipson,GipsTa00,QB,Andy Dalton,DaltAn00,RB,Alvin Kamara,KamaAl00,WR,Chris Olave,OlavCh00,WR,Jarvis Landry,LandJa00,TE,Taysom Hill,HillTa00,TE,Juwan Johnson,JohnJu02,OL,Cesar Ruiz,RuizCe00,OL,Andrus Peat,PeatAn00,OL,James Hurst,HursJa00,T,Ryan Ramczyk,RamcRy00,G,Josh Andrews,AndrJo01,DE,Tanoh Kpassagnon,KpasTa00,DE,Cameron Jordan,JordCa00,DT,David Onyemata,OnyeDa00,DT,Shy Tuttle,TuttSh00,LB,Kaden Elliss,ElliKa00,LB,Demario Davis,DaviDe00,LB,Zack Baun,BaunZa00,CB,Paulson Adebo,AdebPa00,CB,Bradley Roby,RobyBr00,FS,Tyrann Mathieu,MathTy00,S,Marcus Maye,MayeMa00,Referee,Shawn Hochuli,Umpire,Terry Killens,Down Judge,Patrick Holt,Line Judge,Greg Bradley,Back Judge,Rich Martinez,Side Judge,Chad Hill,Field Judge,Anthony Flemming
202211270was,2022-11-27,Sunday,1:00pm,Washington Commanders,Atlanta Falcons,was,atl,19,13,Ron Rivera,Arthur Smith,FedExField,53864,2:47,outdoors,grass,"46 degrees, relative humidity 97%, wind 9 mph",QB,Taylor Heinicke,HeinTa00,RB,Brian Robinson Jr.,RobiBr01,WR,Terry McLaurin,McLaTe00,WR,Jahan Dotson,DotsJa00,TE,John Bates,BateJo00,TE,Logan Thomas,ThomLo00,T,Charles Leno Jr.,LenoCh00,T,Cornelius Lucas,LucaCo01,G,Andrew Norwell,NorwAn01,G,Trai Turner,TurnTr01,C,Tyler Larsen,LarsTy00,DE,James Smith-Williams,SmitJa08,DE,Montez Sweat,SweaMo00,DT,Jonathan Allen,AlleJo01,DT,Daron Payne,PaynDa00,LB,Jamin Davis,DaviJa11,LB,Jonathan Bostic,BostJo00,CB,Kendall Fuller,FullKe00,CB,Christian Holmes,HolmCh00,S,Darrick Forrest,ForrDa00,S,Bobby McCain,McCaBo01,S,Kamren Curl,CurlKa00,QB,Marcus Mariota,MariMa01,RB,Avery Williams,WillAv02,RB,Cordarrelle Patterson,PattCo00,WR,Drake London,LondDr00,WR,Olamide Zaccheaus,ZaccOl01,TE,MyCole Pruitt,PruiMy00,OL,Drew Dalman,DalmDr00,OL,Colby Gossett,GossCo00,T,Jake Matthews,MattJa00,T,Kaleb McGary,McGaKa00,G,Chris Lindstrom,LindCh00,DL,Abdullah Anderson,AndeAb00,DT,Timmy Horne,HornTi00,DT,Grady Jarrett,JarrGr00,OLB,Adetokunbo Ogundeji,OgunAd01,LB,Lorenzo Carter,CartLo01,LB,Mykal Walker,WalkMy00,LB,Rashaan Evans,EvanRa01,CB,AJ Terrell,TerrAJ00,CB,Darren Hall,HallDa03,SS,Jaylinn Hawkins,HawkJa00,S,Richie Grant,GranRi00,Referee,Brad Rogers,Umpire,Carl Paganelli,Down Judge,Kent Payne,Line Judge,Tom Eaton,Back Judge,Greg Steed,Side Judge,Anthony Jeffries,Field Judge,Aaron Santi
202211280clt,2022-11-28,Monday,8:15pm,Indianapolis Colts,Pittsburgh Steelers,clt,pit,17,24,Jeff Saturday,Mike Tomlin,Lucas Oil Stadium,65982,2:58,retractable roof (closed),fieldturf,,QB,Matt Ryan,RyanMa00,RB,Jonathan Taylor,TaylJo02,WR,Parris Campbell,CampPa00,WR,Michael Pittman Jr.,PittMi01,WR,Alec Pierce,PierAl00,TE,Mo Alie-Cox,AlieMo00,OL,Quenton Nelson,NelsQu00,T,Braden Smith,SmitBr06,T,Bernhard Raimann,RaimBe00,G,Will Fries,FrieWi00,C,Ryan Kelly,KellRy00,DE,Yannick Ngakoue,NgakYa00,DE,Dayo Odeyingbo,OdeyDa00,DT,DeForest Buckner,BuckDe00,DT,Grover Stewart,StewGr00,LB,Bobby Okereke,OkerBo00,LB,Zaire Franklin,FranZa00,CB,Kenny Moore,MoorKe03,CB,Stephon Gilmore,GilmSt00,CB,Isaiah Rodgers,RodgIs00,S,Rodney McLeod,McLeRo00,S,Julian Blackmon,BlacJu01,QB,Kenny Pickett,PickKe00,RB,Najee Harris,HarrNa00,WR,Cody White,WhitCo05,WR,Gunner Olszewski,OlszGu00,WR,Diontae Johnson,JohnDi01,TE,Zach Gentry,GentZa00,OL,Mason Cole,ColeMa02,OL,James Daniels,DaniJa01,OL,Kevin Dotson,DotsKe00,OL,Chukwuma Okorafor,OkorCh00,T,Dan Moore,MoorDa05,DT,Cameron Heyward,HeywCa01,DT,Montravius Adams,AdamMo00,DT,Larry Ogunjobi,OgunLa00,LB,Myles Jack,JackMy00,LB,T.J. Watt,,LB,Alex Highsmith,HighAl02,LB,Devin Bush Jr.,BushDe01,CB,Cameron Sutton,SuttCa00,CB,Levi Wallace,WallLe00,S,Minkah Fitzpatrick,FitzMi00,S,Terrell Edmunds,EdmuTe00,Referee,Bill Vinovich,Umpire,Alex Moore,Down Judge,Jerry Bergman,Line Judge,Mark Perlman,Back Judge,Jimmy Russell,Side Judge,Jimmy Buchanan,Field Judge,Joe Blubaugh
202212010nwe,2022-12-01,Thursday,8:15pm,New England Patriots,Buffalo Bills,nwe,buf,10,24,Bill Belichick,Sean McDermott,Gillette Stadium,65878,2:55,outdoors,fieldturf,"35 degrees, relative humidity 57%, wind 2 mph",QB,Mac Jones,JoneMa05,RB,Rhamondre Stevenson,StevRh00,WR,Tyquan Thornton,ThorTy00,WR,DeVante Parker,ParkDe01,WR,Jakobi Meyers,MeyeJa01,TE,Hunter Henry,HenrHu00,OL,Trent Brown,BrowTr02,OL,Cole Strange,StraCo01,OL,Michael Onwenu,OnweMi00,T,Conor McDermott,McDeCo00,C,David Andrews,AndrDa00,DL,Deatrich Wise Jr.,WiseDe00,DL,Lawrence Guy,GuyxLa00,DT,Davon Godchaux,GodcDa00,LB,Matt Judon,JudoMa00,LB,Ja'Whaun Bentley,BentJa00,DB,Devin McCourty,McCoDe99,DB,Marcus Jones,JoneMa06,DB,Adrian Phillips,PhilAd00,DB,Jonathan Jones,JoneJo03,DB,Kyle Dugger,DuggKy00,DB,Myles Bryant,BryaMy01,QB,Josh Allen,AlleJo02,RB,Devin Singletary,SingDe00,RB,Nyheim Hines,HineNy00,WR,Gabe Davis,DaviGa01,WR,Stefon Diggs,DiggSt00,TE,Dawson Knox,KnoxDa00,OL,Ryan Bates,BateRy02,OL,David Quessenberry,QuesDa00,T,Spencer Brown,BrowSp00,G,Rodger Saffold,SaffRo20,C,Mitch Morse,MorsMi00,DE,Shaq Lawson,LawsSh00,DE,Gregory Rousseau,RousGr00,DT,Ed Oliver,OlivEd00,DT,DaQuan Jones,JoneDa04,LB,Matt Milano,MilaMa00,LB,Tremaine Edmunds,EdmuTr01,CB,Xavier Rhodes,RhodXa00,CB,Taron Johnson,JohnTa01,CB,Tre'Davious White,WhitTr01,S,Jordan Poyer,PoyeJo00,S,Damar Hamlin,HamlDa00,Referee,Shawn Hochuli,Umpire,Terry Killens,Down Judge,Patrick Holt,Line Judge,Greg Bradley,Back Judge,Rich Martinez,Side Judge,Chad Hill,Field Judge,Anthony Flemming
202212040atl,2022-12-04,Sunday,1:00pm,Atlanta Falcons,Pittsburgh Steelers,atl,pit,16,19,Arthur Smith,Mike Tomlin,Mercedes-Benz Stadium,70325,2:52,retractable roof (closed),fieldturf,,QB,Marcus Mariota,MariMa01,RB,Tyler Allgeier,AllgTy00,RB,Cordarrelle Patterson,PattCo00,FB,Keith Smith,SmitKe03,WR,Drake London,LondDr00,TE,MyCole Pruitt,PruiMy00,OL,Drew Dalman,DalmDr00,OL,Colby Gossett,GossCo00,T,Kaleb McGary,McGaKa00,T,Jake Matthews,MattJa00,G,Chris Lindstrom,LindCh00,DL,Abdullah Anderson,AndeAb00,DT,Grady Jarrett,JarrGr00,DT,Timmy Horne,HornTi00,OLB,Adetokunbo Ogundeji,OgunAd01,LB,Rashaan Evans,EvanRa01,LB,Lorenzo Carter,CartLo01,LB,Mykal Walker,WalkMy00,CB,Darren Hall,HallDa03,CB,AJ Terrell,TerrAJ00,SS,Jaylinn Hawkins,HawkJa00,S,Richie Grant,GranRi00,QB,Kenny Pickett,PickKe00,RB,Najee Harris,HarrNa00,WR,George Pickens,PickGe00,WR,Diontae Johnson,JohnDi01,TE,Pat Freiermuth,FreiPa00,TE,Zach Gentry,GentZa00,OL,Mason Cole,ColeMa02,OL,James Daniels,DaniJa01,OL,Kevin Dotson,DotsKe00,OL,Chukwuma Okorafor,OkorCh00,T,Dan Moore,MoorDa05,DT,Cameron Heyward,HeywCa01,DT,Montravius Adams,AdamMo00,DT,Larry Ogunjobi,OgunLa00,LB,Alex Highsmith,HighAl02,LB,T.J. Watt,,LB,Myles Jack,JackMy00,LB,Devin Bush Jr.,BushDe01,CB,Cameron Sutton,SuttCa00,S,Damontae Kazee,KazeDa00,S,Minkah Fitzpatrick,FitzMi00,S,Terrell Edmunds,EdmuTe00,Referee,Ron Torbert,Umpire,Mark Pellis,Down Judge,Max Causey,Line Judge,Tim Podraza,Back Judge,Tony Josselyn,Side Judge,Keith Washington,Field Judge,Ryan Dickson
202212040chi,2022-12-04,Sunday,1:00pm,Chicago Bears,Green Bay Packers,chi,gnb,19,28,Matt Eberflus,Matt LaFleur,Soldier Field,61233,2:55,outdoors,grass,"38 degrees, relative humidity 42%, wind 12 mph",QB,Justin Fields,FielJu00,RB,David Montgomery,MontDa01,WR,Chase Claypool,ClayCh01,WR,Equanimeous St. Brown,,WR,Dante Pettis,PettDa00,TE,Cole Kmet,KmetCo00,OL,Teven Jenkins,JenkTe00,OL,Braxton Jones,JoneBr08,OL,Sam Mustipher,MustSa01,OL,Riley Reiff,ReifRi00,OL,Cody Whitehair,WhitCo03,DL,Justin Jones,JoneJu03,DL,Dominique Robinson,RobiDo00,DL,Trevis Gipson,GipsTr00,DT,Armon Watts,WattAr01,LB,Nicholas Morrow,MorrNi00,LB,Jack Sanborn,SanbJa00,DB,Jaylon Johnson,JohnJa13,DB,Jaylon Jones,JoneJa12,DB,Josh Blackwell,BlacJo00,DB,DeAndre Houston-Carson,HousDe00,DB,Elijah Hicks,HickEl00,QB,Aaron Rodgers,RodgAa00,RB,AJ Dillon,DillAJ00,RB,Aaron Jones,JoneAa00,WR,Christian Watson,WatsCh00,WR,Allen Lazard,LazaAl00,TE,Marcedes Lewis,LewiMa00,OL,Josh Myers,MyerJo00,OL,Zach Tom,TomxZa00,T,Yosh Nijman,NijmYo01,G,Elgton Jenkins,JenkEl00,G,Jon Runyan Jr.,RunyJo00,DL,Kenny Clark,ClarKe01,DT,Jarran Reed,ReedJa02,LB,Kingsley Enagbare,EnagKi00,LB,De'Vondre Campbell,CampDe00,LB,Preston Smith,SmitPr00,LB,Quay Walker,WalkQu00,CB,Rasul Douglas,DougRa00,CB,Jaire Alexander,AlexJa00,CB,Keisean Nixon,NixoKe00,S,Rudy Ford,FordRu00,S,Adrian Amos,AmosAd00,Referee,Scott Novak,Umpire,Ramon George,Down Judge,Derick Bowers,Line Judge,Walt Coleman IV,Back Judge,Terrence Miles,Side Judge,David Meslow,Field Judge,Tra Boger
202212040cin,2022-12-04,Sunday,4:25pm,Cincinnati Bengals,Kansas City Chiefs,cin,kan,27,24,Zac Taylor,Andy Reid,Paycor Stadium,66243,2:56,outdoors,fieldturf,"57 degrees, relative humidity 77%, wind 2 mph",QB,Joe Burrow,BurrJo01,RB,Samaje Perine,PeriSa00,WR,Tyler Boyd,BoydTy00,WR,Ja'Marr Chase,ChasJa00,WR,Tee Higgins,HiggTe00,TE,Hayden Hurst,HursHa00,OL,Cordell Volson,VolsCo02,T,Jonah Williams,WillJo10,T,La'el Collins,CollLa01,G,Alex Cappa,CappAl00,C,Ted Karras,KarrTe00,DE,Trey Hendrickson,HendTr00,DE,Sam Hubbard,HubbSa00,DT,D.J. Reader,,DT,B.J. Hill,,LB,Logan Wilson,WilsLo00,LB,Germaine Pratt,PratGe00,CB,Mike Hilton,HiltMi01,CB,Cam Taylor-Britt,TaylCa01,CB,Eli Apple,ApplEl00,S,Vonn Bell,BellVo00,S,Jessie Bates III,BateJe00,QB,Patrick Mahomes,MahoPa00,RB,Isiah Pacheco,PachIs00,WR,Justin Watson,WatsJu01,WR,Marquez Valdes-Scantling,ValdMa00,WR,JuJu Smith-Schuster,SmitJu00,TE,Travis Kelce,KelcTr00,OL,Trey Smith,SmitTr05,T,Orlando Brown Jr.,BrowOr00,G,Andrew Wylie,WyliAn00,G,Nick Allegretti,AlleNi00,C,Creed Humphrey,HumpCr00,DE,Frank Clark,ClarFr01,DE,George Karlaftis III,KarlGe00,DT,Derrick Nnadi,NnadDe00,DT,Chris Jones,JoneCh09,LB,Willie Gay Jr.,GayJWi00,LB,Nick Bolton,BoltNi00,CB,Trent McDuffie,McDuTr00,CB,L'Jarius Sneed,SneeLJ00,DB,Joshua Williams,WillJo03,S,Justin Reid,ReidJu00,S,Juan Thornhill,ThorJu00,Referee,John Hussey,Umpire,Alan Eck,Down Judge,Robin DeLorenzo,Line Judge,Carl Johnson,Back Judge,Brad Freeman,Side Judge,Allen Baynes,Field Judge,Jabir Walker
202212040dal,2022-12-04,Sunday,8:20pm,Dallas Cowboys,Indianapolis Colts,dal,clt,54,19,Mike McCarthy,Jeff Saturday,AT&amp;T Stadium,93086,3:07,retractable roof (closed),matrixturf,,QB,Dak Prescott,PresDa01,RB,Tony Pollard,PollTo00,WR,Noah Brown,BrowNo00,WR,CeeDee Lamb,LambCe00,TE,Dalton Schultz,SchuDa00,TE,Jake Ferguson,FergJa00,OL,Tyler Smith,SmitTy02,T,Terence Steele,SteeTe01,G,Connor McGovern,McGoCo01,G,Zack Martin,MartZa00,C,Tyler Biadasz,BiadTy00,DE,DeMarcus Lawrence,LawrDe00,DT,Osa Odighizuwa,OdigOs00,DT,Johnathan Hankins,HankJo00,LB,Micah Parsons,ParsMi00,LB,Anthony Barr,BarrAn00,LB,Leighton Vander Esch,VandLe00,CB,Trevon Diggs,DiggTr00,CB,Anthony Brown,BrowAn02,CB,DaRon Bland,BlanDa00,S,Jayron Kearse,KearJa00,S,Donovan Wilson,WilsDo01,QB,Matt Ryan,RyanMa00,RB,Jonathan Taylor,TaylJo02,WR,Parris Campbell,CampPa00,WR,Michael Pittman Jr.,PittMi01,WR,Alec Pierce,PierAl00,TE,Kylen Granson,GranKy00,OL,Quenton Nelson,NelsQu00,T,Dennis Kelly,KellDe00,T,Bernhard Raimann,RaimBe00,G,Will Fries,FrieWi00,C,Ryan Kelly,KellRy00,DE,Yannick Ngakoue,NgakYa00,DE,Kwity Paye,PayeKw00,DT,DeForest Buckner,BuckDe00,DT,Grover Stewart,StewGr00,LB,Bobby Okereke,OkerBo00,LB,Zaire Franklin,FranZa00,CB,Isaiah Rodgers,RodgIs00,CB,Stephon Gilmore,GilmSt00,DB,Rodney Thomas II,ThomRo07,S,Rodney McLeod,McLeRo00,S,Julian Blackmon,BlacJu01,Referee,Carl Cheffers,Umpire,Brandon Cruse,Down Judge,Mike Carr,Line Judge,Jeff Seeman,Back Judge,Matt Edwards,Side Judge,Eugene Hall,Field Judge,Nathan Jones
202212040det,2022-12-04,Sunday,1:00pm,Detroit Lions,Jacksonville Jaguars,det,jax,40,14,Dan Campbell,Doug Pederson,Ford Field,60743,2:54,dome,fieldturf,,QB,Jared Goff,GoffJa00,RB,D'Andre Swift,SwifDA00,WR,Amon-Ra St. Brown,StxxAm00,WR,DJ Chark,CharDJ00,WR,Josh Reynolds,ReynJo00,WR,Kalif Raymond,RaymKa00,T,Penei Sewell,SewePe00,T,Taylor Decker,DeckTa00,G,Kayode Awosika,AwosKa00,G,Jonah Jackson,JackJo03,C,Frank Ragnow,RagnFr00,DL,Alim McNeill,McNeAl00,DL,Isaiah Buggs,BuggIs00,DE,Aidan Hutchinson,HutcAi00,DE,John Cominsky,ComiJo00,LB,Malcolm Rodriguez,RodrMa00,LB,Alex Anzalone,AnzaAl00,CB,Jerry Jacobs,JacoJe00,CB,Jeff Okudah,OkudJe00,CB,Will Harris,HarrWi02,S,Kerby Joseph,JoseKe03,S,DeShon Elliott,ElliDe02,QB,Trevor Lawrence,LawrTr00,RB,Travis Etienne,EtieTr00,WR,Zay Jones,JoneZa00,WR,Christian Kirk,KirkCh01,TE,Evan Engram,EngrEv00,TE,Chris Manhertz,ManhCh00,OL,Jawaan Taylor,TaylJa02,OL,Tyler Shatley,ShatTy00,OL,Brandon Scherff,ScheBr00,OL,Cam Robinson,RobiCa00,OL,Luke Fortner,FortLu01,DL,Roy Robertson-Harris,RobeRo00,DL,Folorunso Fatukasi,FatuFo00,OLB,Travon Walker,WalkTr03,OLB,Josh Hines-Allen,AlleJo03,LB,Chad Muma,MumaCh00,LB,Foyesade Oluokun,OluoFo00,CB,Darious Williams,WillDa09,CB,Montaric Brown,BrowMo00,CB,Tyson Campbell,CampTy01,S,Rayshawn Jenkins,JenkRa00,S,Andrew Wingard,WingAn01,Referee,Jerome Boger,Umpire,Barry Anderson,Down Judge,Frank LeBlanc,Line Judge,Rusty Baynes,Back Judge,Steve Patrick,Side Judge,Jonah Monroe,Field Judge,Alonzo Ramsey
202212040htx,2022-12-04,Sunday,1:00pm,Houston Texans,Cleveland Browns,htx,cle,14,27,Lovie Smith,Kevin Stefanski,NRG Stadium,66523,3:11,retractable roof (closed),astroturf,,QB,Kyle Allen,AlleKy00,RB,Dameon Pierce,PierDa01,WR,Phillip Dorsett,DorsPh00,TE,Jordan Akins,AkinJo00,TE,Teagan Quitoriano,QuitTe00,TE,Brevin Jordan,JordBr00,OL,Laremy Tunsil,TunsLa00,OL,Scott Quessenberry,QuesSc00,OL,Tytus Howard,HowaTy00,OL,Kenyon Green,GreeKe03,OL,A.J. Cann,,DL,Jerry Hughes,HughJe99,DL,Roy Lopez,LopeRo00,DL,Ogbonnia Okoronkwo,OkorOg00,DL,Maliek Collins,CollMa00,LB,Christian Kirksey,KirkCh00,LB,Christian Harris,HarrCh06,DB,Desmond King,KingDe01,DB,Steven Nelson,NelsSt01,DB,Jonathan Owens,OwenJo01,DB,Jalen Pitre,PitrJa00,DB,Tavierre Thomas,ThomTa01,QB,Deshaun Watson,WatsDe00,RB,Nick Chubb,ChubNi00,WR,Amari Cooper,CoopAm00,WR,Donovan Peoples-Jones,PeopDo00,WR,David Bell,BellDa02,TE,Pharaoh Brown,BrowPh01,T,Jedrick Wills Jr.,WillJe04,T,Jack Conklin,ConkJa00,G,Hjalte Froholdt,FrohHj00,G,Wyatt Teller,TellWy00,G,Joel Bitonio,BitoJo00,DE,Myles Garrett,GarrMy00,DE,Jadeveon Clowney,ClowJa00,DT,Jordan Elliott,ElliJo02,DT,Taven Bryan,BryaTa00,LB,Tony Fields,FielTo00,LB,Jeremiah Owusu-Koramoah,OwusJe00,LB,Sione Takitaki,TakiSi00,CB,Greg Newsome II,NewsGr00,CB,Denzel Ward,WardDe02,S,John Johnson,JohnJo10,S,Grant Delpit,DelpGr00,Referee,Land Clark,Umpire,Paul King,Down Judge,Tom Stephan,Line Judge,Brian Bolinger,Back Judge,Greg Meyer,Side Judge,Dominique Pender,Field Judge,Michael Banks
202212040min,2022-12-04,Sunday,1:00pm,Minnesota Vikings,New York Jets,min,nyj,27,22,Kevin O'Connell,Robert Saleh,U.S. Bank Stadium,66973,3:17,dome,sportturf,,QB,Kirk Cousins,CousKi00,RB,Dalvin Cook,CookDa01,FB,C.J. Ham,,WR,Adam Thielen,ThieAd00,WR,Justin Jefferson,JeffJu00,TE,Johnny Mundt,MundJo00,T,Blake Brandel,BranBl00,T,Brian O'Neill,ONeiBr00,G,Ed Ingram,IngrEd00,G,Ezra Cleveland,ClevEz00,C,Garrett Bradbury,BradGa00,DT,Harrison Phillips,PhilHa00,DT,Dalvin Tomlinson,TomlDa00,OLB,Danielle Hunter,HuntDa01,LB,Jordan Hicks,HickJo00,LB,Eric Kendricks,KendEr00,LB,Za'Darius Smith,SmitZa00,CB,Akayleb Evans,EvanAk00,CB,Patrick Peterson,PetePa00,CB,Chandon Sullivan,SullCh00,S,Camryn Bynum,BynuCa00,S,Harrison Smith,SmitHa00,QB,Mike White,WhitMi01,RB,Zonovan Knight,KnigZo00,WR,Garrett Wilson,WilsGa00,WR,Corey Davis,DaviCo03,WR,Elijah Moore,MoorEl00,TE,Tyler Conklin,ConkTy00,OL,Max Mitchell,MitcMa02,OL,Connor McGovern,McGoCo00,OL,Nate Herbig,HerbNa01,T,Duane Brown,BrowDu20,G,Laken Tomlinson,TomlLa01,DE,Carl Lawson,LawsCa00,DT,Sheldon Rankins,RankSh00,DT,John Franklin-Myers,FranJo02,DT,Quinnen Williams,WillQu00,LB,Kwon Alexander,AlexKw00,LB,C.J. Mosley,,LB,Quincy Williams,WillQu01,CB,Sauce Gardner,GardSa00,CB,D.J. Reed,,S,Lamarcus Joyner,JoynLa00,S,Jordan Whitehead,WhitJo03,Referee,Clete Blakeman,Umpire,Tab Slaughter,Down Judge,Dana McKenzie,Line Judge,Julian Mapp,Back Judge,Perry Paganelli,Side Judge,Lo Van Pham,Field Judge,Terry Brown
202212040nyg,2022-12-04,Sunday,1:00pm,New York Giants,Washington Commanders,nyg,was,20,20,Brian Daboll,Ron Rivera,MetLife Stadium,76128,3:22,outdoors,fieldturf,"40 degrees, relative humidity 63%, wind 9 mph",QB,Daniel Jones,JoneDa05,RB,Saquon Barkley,BarkSa00,FB,Chris Myarick,MyarCh00,WR,Darius Slayton,SlayDa01,TE,Daniel Bellinger,BellDa00,TE,Nick Vannett,VannNi00,OL,Jon Feliciano,FeliJo00,OL,Mark Glowinski,GlowMa00,T,Andrew Thomas,ThomAn02,T,Evan Neal,NealEv00,C,Nick Gates,GateNi00,DL,Leonard Williams,WillLe02,DL,Dexter Lawrence,LawrDe03,OLB,Oshane Ximines,XimiOs00,OLB,Jihad Ward,WardJi02,OLB,Kayvon Thibodeaux,ThibKa00,OLB,Jaylon Smith,SmitJa05,CB,Nick McCloud,McClNi00,CB,Zyon Gilbert,GilbZy00,DB,Fabian Moreau,MoreFa00,S,Julian Love,LoveJu00,S,Tony Jefferson,JeffTo00,QB,Taylor Heinicke,HeinTa00,RB,Brian Robinson Jr.,RobiBr01,WR,Curtis Samuel,SamuCu00,WR,Jahan Dotson,DotsJa00,WR,Terry McLaurin,McLaTe00,TE,Logan Thomas,ThomLo00,T,Cornelius Lucas,LucaCo01,T,Charles Leno Jr.,LenoCh00,T,Samuel Cosmi,CosmSa00,G,Andrew Norwell,NorwAn01,C,Tyler Larsen,LarsTy00,DE,James Smith-Williams,SmitJa08,DE,Montez Sweat,SweaMo00,DT,Jonathan Allen,AlleJo01,DT,Daron Payne,PaynDa00,DT,John Ridgeway,RidgJo00,LB,Jamin Davis,DaviJa11,CB,Christian Holmes,HolmCh00,CB,Kendall Fuller,FullKe00,S,Bobby McCain,McCaBo01,S,Darrick Forrest,ForrDa00,S,Kamren Curl,CurlKa00,Referee,Brad Allen,Umpire,Duane Heydt,Down Judge,Sarah Thomas,Line Judge,Daniel Gallagher,Back Judge,Greg Yette,Side Judge,Boris Cheek,Field Judge,Rick Patterson
202212040phi,2022-12-04,Sunday,1:00pm,Philadelphia Eagles,Tennessee Titans,phi,oti,35,10,Nick Sirianni,Mike Vrabel,Lincoln Financial Field,69879,3:09,outdoors,grass,"60 degrees, relative humidity 62%, wind 7 mph",QB,Jalen Hurts,HurtJa00,RB,Miles Sanders,SandMi01,WR,Quez Watkins,WatkQu00,WR,A.J. Brown,BrowAJ00,WR,DeVonta Smith,SmitDe07,TE,Jack Stoll,StolJa00,T,Lane Johnson,JohnLa01,T,Jordan Mailata,MailJo00,G,Landon Dickerson,DickLa00,G,Isaac Seumalo,SeumIs00,C,Jason Kelce,KelcJa00,DE,Josh Sweat,SweaJo00,DT,Fletcher Cox,CoxxFl00,DT,Javon Hargrave,HargJa00,DT,Linval Joseph,JoseLi99,LB,Kyzir White,WhitKy00,LB,Haason Reddick,ReddHa00,LB,T.J. Edwards,EdwaTJ02,CB,Darius Slay,SlayDa00,CB,James Bradberry,BradJa00,S,Marcus Epps,EppsMa00,S,Reed Blankenship,BlanRe00,QB,Ryan Tannehill,TannRy00,RB,Derrick Henry,HenrDe00,WR,Robert Woods,WoodRo02,WR,Treylon Burks,BurkTr00,TE,Geoff Swaim,SwaiGe00,TE,Austin Hooper,HoopAu00,OL,Dennis Daley,DaleDe00,OL,Nicholas Petit-Frere,PetiNi00,G,Aaron Brewer,BrewAa01,G,Nate Davis,DaviNa01,C,Ben Jones,JoneBe01,DE,Mario Edwards,EdwaMa01,DT,Jeffery Simmons,SimmJe01,DT,Teair Tart,TartTe00,OLB,Bud Dupree,DuprAl00,LB,David Long,LongDa04,LB,Dylan Cole,ColeDy00,CB,Kristian Fulton,FultKr00,CB,Roger McCreary,McCrRo01,DB,Amani Hooker,HookAm00,DB,Andrew Adams,AdamAn00,S,Kevin Byard,ByarKe01,Referee,Adrian Hill,Umpire,Roy Ellison,Down Judge,David Oliver,Line Judge,Kevin Codey,Back Judge,Keith Ferguson,Side Judge,Jim Quirk,Field Judge,Mearl Robinson
202212040rai,2022-12-04,Sunday,4:25pm,Las Vegas Raiders,Los Angeles Chargers,rai,sdg,27,20,Josh McDaniels,Brandon Staley,Allegiant Stadium,62123,3:07,dome,grass,,QB,Derek Carr,CarrDe02,RB,Josh Jacobs,JacoJo01,WR,Mack Hollins,HollMa00,WR,Davante Adams,AdamDa01,TE,Foster Moreau,MoreFo00,OL,Alex Bars,BarsAl01,OL,Jermaine Eluemunor,ElueJe00,T,Thayer Munford,MunfTh00,T,Kolton Miller,MillKo00,G,Dylan Parham,ParhDy00,C,Andre James,JameAn01,DL,Jerry Tillery,TillJe00,DE,Chandler Jones,JoneCh03,DE,Maxx Crosby,CrosMa00,DT,Bilal Nichols,NichBi00,LB,Denzel Perryman,PerrDe00,LB,Jayon Brown,BrowJa06,CB,Nate Hobbs,HobbNa00,CB,Rock Ya-Sin,Ya-SRo00,S,Tre'von Moehrig,MoehTr00,S,Duron Harmon,HarmDu00,S,Roderic Teamer,TeamRo00,QB,Justin Herbert,HerbJu00,RB,Austin Ekeler,EkelAu00,WR,Keenan Allen,AlleKe00,WR,Josh Palmer,PalmJo00,TE,Stone Smartt,SmarSt00,TE,Gerald Everett,EverGe00,OL,Will Clapp,ClapWi00,T,Foster Sarell,SareFo00,G,Zion Johnson,JohnZi00,G,Jamaree Salyer,SalyJa00,G,Matt Feiler,FeilMa00,DL,Morgan Fox,FoxxMo00,DT,Sebastian Joseph-Day,JoseSe00,OLB,Khalil Mack,MackKh00,OLB,Kyle Van Noy,VanNKy00,LB,Kenneth Murray,MurrKe00,LB,Drue Tranquill,TranDr00,CB,Asante Samuel Jr.,SamuAs00,CB,Michael Davis,DaviMi03,CB,Bryce Callahan,CallBr00,S,Derwin James,JameDe00,S,Nasir Adderley,AddeNa00,Referee,Craig Wrolstad,Umpire,Steve Woods,Down Judge,Jim Mello,Line Judge,Tripp Sutter,Back Judge,Grantis Bell,Side Judge,Jeff Lamberth,Field Judge,Jeff Shears
202212040ram,2022-12-04,Sunday,4:05pm,Los Angeles Rams,Seattle Seahawks,ram,sea,23,27,Sean McVay,Pete Carroll,SoFi Stadium,71802,3:03,dome,matrixturf,,QB,John Wolford,WolfJo00,RB,Cam Akers,AkerCa00,WR,Tutu Atwell,AtweTu00,WR,Ben Skowronek,SkowBe00,WR,Van Jefferson,JeffVa00,TE,Tyler Higbee,HigbTy00,OL,Brian Allen,AlleBr02,OL,Coleman Shelton,ShelCo00,OL,Rob Havenstein,HaveRo00,T,Ty Nsekhe,NsekTy00,C,Matt Skura,SkurMa01,DE,Jonah Williams,WillJo16,DT,Michael Hoecht,HoecMi00,DT,Greg Gaines,GainGr00,DT,Marquise Copeland,CopeMa01,OLB,Leonard Floyd,FloyLe00,LB,Bobby Wagner,WagnBo00,CB,Derion Kendrick,KendDe00,CB,David Long,LongDa02,DB,Jalen Ramsey,RamsJa00,DB,Taylor Rapp,RappTa00,S,Nick Scott,ScotNi01,QB,Geno Smith,SmitGe00,RB,Kenneth Walker III,WalkKe00,WR,D.K. Metcalf,MetcDK00,WR,Tyler Lockett,LockTy00,TE,Will Dissly,DissWi00,TE,Noah Fant,FantNo00,T,Charles Cross,CrosCh00,T,Abraham Lucas,LucaAb00,G,Austin Blythe,BlytAu00,G,Damien Lewis,LewiDa05,G,Gabe Jackson,JackGa00,DE,Shelby Harris,HarrSh00,DT,Al Woods,WoodAl99,DT,Poona Ford,FordPo00,LB,Bruce Irvin,IrviBr00,LB,Cody Barton,BartCo00,LB,Jordyn Brooks,BrooJo01,LB,Uchenna Nwosu,NwosUc00,CB,Riq Woolen,WoolTa00,CB,Michael Jackson,JackMi01,SS,Ryan Neal,NealRy00,FS,Quandre Diggs,DiggQu00,Referee,Shawn Smith,Umpire,Bryan Neale,Down Judge,Mark Hittner,Line Judge,Michael Dolce,Back Judge,Dino Paganelli,Side Judge,Clay Reynard,Field Judge,Dyrol Prioleau
202212040rav,2022-12-04,Sunday,1:00pm,Baltimore Ravens,Denver Broncos,rav,den,10,9,John Harbaugh,Nathaniel Hackett,M&amp;T Bank Stadium,70443,2:56,outdoors,grass,"63 degrees, relative humidity 75%, wind 8 mph",QB,Lamar Jackson,JackLa00,RB,Gus Edwards,EdwaGu00,FB,Patrick Ricard,RicaPa00,WR,Devin Duvernay,DuveDe00,TE,Mark Andrews,AndrMa00,TE,Josh Oliver,OlivJo00,OL,Patrick Mekari,MekaPa00,T,Morgan Moses,MoseMo00,G,Kevin Zeitler,ZeitKe00,G,Ben Powers,PoweBe00,C,Tyler Linderbaum,LindTy00,DT,Nnamdi Madubuike,MaduJu00,DT,Calais Campbell,CampCa99,DT,Broderick Washington Jr.,WashBr01,OLB,Jason Pierre-Paul,PierJa99,OLB,Tyus Bowser,BowsTy00,LB,Patrick Queen,QueePa00,LB,Roquan Smith,SmitRo07,CB,Marlon Humphrey,HumpMa00,CB,Marcus Peters,PeteMa00,S,Chuck Clark,ClarCh00,S,Geno Stone,StonGe00,QB,Russell Wilson,WilsRu00,RB,Latavius Murray,MurrLa00,WR,Courtland Sutton,SuttCo00,WR,Kendall Hinton,HintKe00,TE,Eric Tomlinson,TomlEr01,TE,Eric Saubert,SaubEr00,OL,Quinn Meinerz,MeinQu02,T,Calvin Anderson,AndeCa00,T,Cameron Fleming,FlemCa00,G,Dalton Risner,RisnDa00,G,Graham Glasgow,GlasGr00,DE,Dre'Mont Jones,JoneDr00,DT,D.J. Jones,,DT,DeShawn Williams,WillDe04,OLB,Jonathon Cooper,CoopJo02,LB,Josey Jewell,JeweJo00,LB,Alex Singleton,SingAl00,LB,Baron Browning,BrowBa01,CB,Damarri Mathis,MathDa00,CB,Patrick Surtain II,SurtPa01,S,Kareem Jackson,JackKa99,S,Justin Simmons,SimmJu00,Referee,Alex Kemp,Umpire,Mike Morton,Down Judge,Danny Short,Line Judge,Jeff Bergman,Back Judge,Scott Helverson,Side Judge,Dale Shaw,Field Judge,John Jenkins
202212040sfo,2022-12-04,Sunday,4:05pm,San Francisco 49ers,Miami Dolphins,sfo,mia,33,17,Kyle Shanahan,Mike McDaniel,Levi's Stadium,71732,3:14,outdoors,grass,"58 degrees, relative humidity 70%, wind 5 mph",QB,Jimmy Garoppolo,GaroJi00,RB,Christian McCaffrey,McCaCh01,FB,Kyle Juszczyk,JuszKy00,WR,Brandon Aiyuk,AiyuBr00,WR,Deebo Samuel,SamuDe00,TE,George Kittle,KittGe00,OL,Aaron Banks,BankAa00,OL,Jake Brendel,BrenJa01,OL,Daniel Brunskill,BrunDa00,T,Trent Williams,WillTr21,T,Mike McGlinchey,McGlMi00,DL,Arik Armstead,ArmsAr01,DE,Nick Bosa,BosaNi00,DE,Samson Ebukam,EbukSa00,DT,Kevin Givens,GiveKe01,LB,Fred Warner,WarnFr00,LB,Dre Greenlaw,GreeDr00,LB,Azeez Al-Shaair,AlShAz00,CB,Charvarius Ward,WardCh01,DB,Deommodore Lenoir,LenoDe00,S,Talanoa Hufanga,HufaTa00,S,Tashaun Gipson,GipsTa00,QB,Tua Tagovailoa,TagoTu00,RB,Raheem Mostert,MostRa00,FB,Alec Ingold,IngoAl01,WR,Tyreek Hill,HillTy00,WR,Jaylen Waddle,WaddJa00,WR,Trent Sherfield,SherTr00,OL,Connor Williams,WillCo00,OL,Robert Hunt,HuntRo01,OL,Robert Jones,JoneRo02,OL,Brandon Shell,ShelBr00,T,Greg Little,LittGr01,DT,Justin Zimmer,ZimmJu00,DT,Christian Wilkins,WilkCh00,DT,Zach Sieler,SielZa00,DT,Raekwon Davis,DaviRa03,OLB,Bradley Chubb,ChubBr00,LB,Elandon Roberts,RobeEl00,LB,Duke Riley,RileDu00,LB,Jerome Baker,BakeJe00,CB,Kader Kohou,KohoKa00,CB,Xavien Howard,HowaXa00,S,Jevon Holland,HollJe02,Referee,Tra Blake,Umpire,Tony Michalek,Down Judge,Patrick Turner,Line Judge,Mark Stewart,Back Judge,Todd Prukop,Side Judge,Don Willard,Field Judge,Tom Hill
202212050tam,2022-12-05,Monday,8:15pm,Tampa Bay Buccaneers,New Orleans Saints,tam,nor,17,16,Todd Bowles,Dennis Allen,Raymond James Stadium,68709,2:57,outdoors,grass,"69 degrees, relative humidity 78%, wind 2 mph",QB,Tom Brady,BradTo00,RB,Rachaad White,WhitRa01,WR,Mike Evans,EvanMi00,WR,Chris Godwin,GodwCh00,WR,Julio Jones,JoneJu02,TE,Cade Otton,OttoCa00,OL,Robert Hainsey,HainRo00,T,Donovan Smith,SmitDo02,T,Josh Wells,WellJo02,G,Nick Leverett,LeveNi00,G,Shaq Mason,MasoSh01,DL,Akiem Hicks,HickAk00,DL,Vita Vea,VeaxVi00,OLB,Anthony Nelson,NelsAn01,OLB,Joe Tryon-Shoyinka,TryoJo00,LB,Devin White,WhitDe02,LB,Lavonte David,DaviLa00,CB,Zyon McCollum,McCoZy02,CB,Jamel Dean,DeanJa00,CB,Carlton Davis,DaviCa02,S,Logan Ryan,RyanLo00,S,Keanu Neal,NealKe01,QB,Andy Dalton,DaltAn00,RB,Alvin Kamara,KamaAl00,WR,Tre'Quan Smith,SmitTr03,WR,Rashid Shaheed,ShahRa00,TE,Adam Trautman,TrauAd00,TE,Taysom Hill,HillTa00,OL,Calvin Throckmorton,ThroCa01,OL,James Hurst,HursJa00,OL,Cesar Ruiz,RuizCe00,OL,Andrus Peat,PeatAn00,T,Ryan Ramczyk,RamcRy00,DE,Cameron Jordan,JordCa00,DE,Tanoh Kpassagnon,KpasTa00,DT,Shy Tuttle,TuttSh00,DT,David Onyemata,OnyeDa00,LB,Kaden Elliss,ElliKa00,LB,Demario Davis,DaviDe00,CB,Bradley Roby,RobyBr00,CB,Alontae Taylor,TaylAl01,CB,Paulson Adebo,AdebPa00,FS,Tyrann Mathieu,MathTy00,S,Marcus Maye,MayeMa00,Referee,Clay Martin,Umpire,Fred Bryan,Down Judge,Jerod Phillips,Line Judge,Maia Chaka,Back Judge,Greg Wilson,Side Judge,Dave Hawkshaw,Field Judge,James Coleman
202212080ram,2022-12-08,Thursday,8:15pm,Los Angeles Rams,Las Vegas Raiders,ram,rai,17,16,Sean McVay,Josh McDaniels,SoFi Stadium,74738,3:03,dome,matrixturf,,QB,John Wolford,WolfJo00,RB,Cam Akers,AkerCa00,WR,Tutu Atwell,AtweTu00,WR,Ben Skowronek,SkowBe00,WR,Van Jefferson,JeffVa00,TE,Tyler Higbee,HigbTy00,OL,Brian Allen,AlleBr02,OL,Coleman Shelton,ShelCo00,OL,Rob Havenstein,HaveRo00,T,Ty Nsekhe,NsekTy00,C,Matt Skura,SkurMa01,DE,Jonah Williams,WillJo16,DT,Michael Hoecht,HoecMi00,DT,Greg Gaines,GainGr00,DT,Marquise Copeland,CopeMa01,OLB,Leonard Floyd,FloyLe00,LB,Ernest Jones,JoneEr01,LB,Bobby Wagner,WagnBo00,CB,Troy Hill,HillTr01,DB,Jalen Ramsey,RamsJa00,DB,Taylor Rapp,RappTa00,S,Nick Scott,ScotNi01,QB,Derek Carr,CarrDe02,RB,Josh Jacobs,JacoJo01,FB,Jakob Johnson,JohnJa12,WR,Davante Adams,AdamDa01,WR,Mack Hollins,HollMa00,TE,Foster Moreau,MoreFo00,OL,Alex Bars,BarsAl01,OL,Jermaine Eluemunor,ElueJe00,T,Kolton Miller,MillKo00,G,Dylan Parham,ParhDy00,C,Andre James,JameAn01,DL,Jerry Tillery,TillJe00,DE,Clelin Ferrell,FerrCl00,DE,Chandler Jones,JoneCh03,DE,Maxx Crosby,CrosMa00,DT,Bilal Nichols,NichBi00,LB,Luke Masterson,MastLu00,LB,Denzel Perryman,PerrDe00,CB,Nate Hobbs,HobbNa00,CB,Sam Webb,WebbSa00,S,Duron Harmon,HarmDu00,S,Tre'von Moehrig,MoehTr00,Referee,Brad Rogers,Umpire,Carl Paganelli,Down Judge,Kent Payne,Line Judge,Tom Eaton,Back Judge,Greg Steed,Side Judge,Anthony Jeffries,Field Judge,Aaron Santi
202212110buf,2022-12-11,Sunday,1:00pm,Buffalo Bills,New York Jets,buf,nyj,20,12,Sean McDermott,Robert Saleh,Highmark Stadium,70603,3:06,outdoors,a_turf,"36 degrees, relative humidity 92%, wind 11 mph",QB,Josh Allen,AlleJo02,RB,Devin Singletary,SingDe00,WR,Gabe Davis,DaviGa01,WR,Khalil Shakir,ShakKh00,WR,Stefon Diggs,DiggSt00,TE,Dawson Knox,KnoxDa00,OL,Ryan Bates,BateRy02,T,Dion Dawkins,DawkDi00,T,Spencer Brown,BrowSp00,G,Rodger Saffold,SaffRo20,C,Mitch Morse,MorsMi00,DE,Shaq Lawson,LawsSh00,DE,Gregory Rousseau,RousGr00,DT,DaQuan Jones,JoneDa04,DT,Ed Oliver,OlivEd00,LB,Tremaine Edmunds,EdmuTr01,LB,Matt Milano,MilaMa00,CB,Dane Jackson,JackDa02,CB,Taron Johnson,JohnTa01,CB,Tre'Davious White,WhitTr01,S,Damar Hamlin,HamlDa00,S,Jordan Poyer,PoyeJo00,QB,Mike White,WhitMi01,RB,Zonovan Knight,KnigZo00,WR,Garrett Wilson,WilsGa00,WR,Corey Davis,DaviCo03,TE,Tyler Conklin,ConkTy00,TE,C.J. Uzomah,,OL,Connor McGovern,McGoCo00,OL,Nate Herbig,HerbNa01,T,Duane Brown,BrowDu20,T,George Fant,FantGe00,G,Laken Tomlinson,TomlLa01,DE,Carl Lawson,LawsCa00,DT,Sheldon Rankins,RankSh00,DT,John Franklin-Myers,FranJo02,DT,Quinnen Williams,WillQu00,LB,C.J. Mosley,,LB,Quincy Williams,WillQu01,CB,Sauce Gardner,GardSa00,CB,D.J. Reed,,CB,Michael Carter II,CartMi02,S,Lamarcus Joyner,JoynLa00,S,Jordan Whitehead,WhitJo03,Referee,Alex Kemp,Umpire,Mike Morton,Down Judge,Danny Short,Line Judge,Jeff Bergman,Back Judge,Scott Helverson,Side Judge,Dale Shaw,Field Judge,John Jenkins
202212110cin,2022-12-11,Sunday,1:00pm,Cincinnati Bengals,Cleveland Browns,cin,cle,23,10,Zac Taylor,Kevin Stefanski,Paycor Stadium,66222,3:06,outdoors,fieldturf,"47 degrees, relative humidity 63%, wind 8 mph",QB,Joe Burrow,BurrJo01,RB,Joe Mixon,MixoJo00,WR,Tyler Boyd,BoydTy00,WR,Ja'Marr Chase,ChasJa00,WR,Trenton Irwin,IrwiTr00,TE,Mitchell Wilcox,WilcMi01,OL,Cordell Volson,VolsCo02,T,Jonah Williams,WillJo10,T,La'el Collins,CollLa01,G,Alex Cappa,CappAl00,C,Ted Karras,KarrTe00,DE,Trey Hendrickson,HendTr00,DE,Sam Hubbard,HubbSa00,DT,B.J. Hill,,DT,D.J. Reader,,LB,Logan Wilson,WilsLo00,LB,Germaine Pratt,PratGe00,CB,Cam Taylor-Britt,TaylCa01,CB,Mike Hilton,HiltMi01,CB,Eli Apple,ApplEl00,S,Vonn Bell,BellVo00,S,Jessie Bates III,BateJe00,QB,Deshaun Watson,WatsDe00,RB,Nick Chubb,ChubNi00,RB,Demetric Felton,FeltDe00,WR,Amari Cooper,CoopAm00,WR,Donovan Peoples-Jones,PeopDo00,TE,David Njoku,NjokDa00,T,Jedrick Wills Jr.,WillJe04,T,Jack Conklin,ConkJa00,G,Wyatt Teller,TellWy00,G,Hjalte Froholdt,FrohHj00,G,Joel Bitonio,BitoJo00,DE,Myles Garrett,GarrMy00,DE,Jadeveon Clowney,ClowJa00,DT,Jordan Elliott,ElliJo02,DT,Taven Bryan,BryaTa00,MLB,Deion Jones,JoneDe01,LB,Jeremiah Owusu-Koramoah,OwusJe00,CB,Greg Newsome II,NewsGr00,CB,Martin Emerson,EmerMa00,CB,Denzel Ward,WardDe02,S,John Johnson,JohnJo10,S,Grant Delpit,DelpGr00,Referee,Jerome Boger,Umpire,Barry Anderson,Down Judge,Frank LeBlanc,Line Judge,Rusty Baynes,Back Judge,Steve Patrick,Side Judge,Jonah Monroe,Field Judge,Alonzo Ramsey
202212110dal,2022-12-11,Sunday,1:00pm,Dallas Cowboys,Houston Texans,dal,htx,27,23,Mike McCarthy,Lovie Smith,AT&amp;T Stadium,93843,3:06,retractable roof (closed),matrixturf,,QB,Dak Prescott,PresDa01,RB,Ezekiel Elliott,ElliEz00,WR,Michael Gallup,GallMi00,WR,CeeDee Lamb,LambCe00,TE,Jake Ferguson,FergJa00,TE,Dalton Schultz,SchuDa00,OL,Tyler Smith,SmitTy02,T,Terence Steele,SteeTe01,G,Connor McGovern,McGoCo01,G,Zack Martin,MartZa00,C,Tyler Biadasz,BiadTy00,DE,DeMarcus Lawrence,LawrDe00,DT,Osa Odighizuwa,OdigOs00,DT,Johnathan Hankins,HankJo00,LB,Anthony Barr,BarrAn00,LB,Micah Parsons,ParsMi00,LB,Leighton Vander Esch,VandLe00,CB,Trevon Diggs,DiggTr00,CB,DaRon Bland,BlanDa00,S,Jayron Kearse,KearJa00,S,Malik Hooker,HookMa00,S,Donovan Wilson,WilsDo01,QB,Davis Mills,MillDa02,RB,Dameon Pierce,PierDa01,WR,Phillip Dorsett,DorsPh00,WR,Chris Moore,MoorCh00,TE,Teagan Quitoriano,QuitTe00,TE,O.J. Howard,,OL,Laremy Tunsil,TunsLa00,OL,Kenyon Green,GreeKe03,OL,Scott Quessenberry,QuesSc00,OL,Tytus Howard,HowaTy00,OL,A.J. Cann,,DL,Roy Lopez,LopeRo00,DL,Ogbonnia Okoronkwo,OkorOg00,DL,Jerry Hughes,HughJe99,DL,Maliek Collins,CollMa00,LB,Christian Kirksey,KirkCh00,LB,Christian Harris,HarrCh06,LB,Jake Hansen,HansJa01,DB,Steven Nelson,NelsSt01,DB,Desmond King,KingDe01,DB,Jonathan Owens,OwenJo01,DB,Jalen Pitre,PitrJa00,Referee,John Hussey,Umpire,Alan Eck,Down Judge,Robin DeLorenzo,Line Judge,Carl Johnson,Back Judge,Brad Freeman,Side Judge,Allen Baynes,Field Judge,Jabir Walker
202212110den,2022-12-11,Sunday,4:20pm,Denver Broncos,Kansas City Chiefs,den,kan,28,34,Nathaniel Hackett,Andy Reid,Empower Field at Mile High,76072,3:11,outdoors,grass,"55 degrees, relative humidity 19%, wind 4 mph",QB,Russell Wilson,WilsRu00,RB,Latavius Murray,MurrLa00,WR,Kendall Hinton,HintKe00,WR,Jerry Jeudy,JeudJe00,TE,Greg Dulcich,DulcGr00,TE,Eric Tomlinson,TomlEr01,OL,Quinn Meinerz,MeinQu02,T,Calvin Anderson,AndeCa00,T,Cameron Fleming,FlemCa00,G,Graham Glasgow,GlasGr00,C,Luke Wattenberg,WattLu00,DE,Dre'Mont Jones,JoneDr00,DT,DeShawn Williams,WillDe04,DT,D.J. Jones,,LB,Baron Browning,BrowBa01,LB,Alex Singleton,SingAl00,LB,Josey Jewell,JeweJo00,CB,Patrick Surtain II,SurtPa01,CB,Damarri Mathis,MathDa00,CB,K'Waun Williams,WillKW00,S,Justin Simmons,SimmJu00,S,Kareem Jackson,JackKa99,QB,Patrick Mahomes,MahoPa00,RB,Isiah Pacheco,PachIs00,WR,Justin Watson,WatsJu01,WR,Marquez Valdes-Scantling,ValdMa00,WR,JuJu Smith-Schuster,SmitJu00,TE,Travis Kelce,KelcTr00,OL,Joe Thuney,ThunJo00,OL,Trey Smith,SmitTr05,T,Orlando Brown Jr.,BrowOr00,G,Andrew Wylie,WyliAn00,C,Creed Humphrey,HumpCr00,DE,George Karlaftis III,KarlGe00,DE,Frank Clark,ClarFr01,DT,Derrick Nnadi,NnadDe00,DT,Chris Jones,JoneCh09,LB,Willie Gay Jr.,GayJWi00,LB,Leo Chenal,ChenLe00,LB,Nick Bolton,BoltNi00,CB,Trent McDuffie,McDuTr00,CB,L'Jarius Sneed,SneeLJ00,S,Justin Reid,ReidJu00,S,Juan Thornhill,ThorJu00,Referee,Craig Wrolstad,Umpire,Steve Woods,Down Judge,Jim Mello,Line Judge,Tripp Sutter,Back Judge,Grantis Bell,Side Judge,Jeff Lamberth,Field Judge,Jeff Shears
202212110det,2022-12-11,Sunday,1:00pm,Detroit Lions,Minnesota Vikings,det,min,34,23,Dan Campbell,Kevin O'Connell,Ford Field,66374,3:13,dome,fieldturf,,QB,Jared Goff,GoffJa00,RB,Jamaal Williams,WillJa06,WR,DJ Chark,CharDJ00,WR,Amon-Ra St. Brown,StxxAm00,WR,Josh Reynolds,ReynJo00,TE,Brock Wright,WrigBr01,T,Taylor Decker,DeckTa00,T,Penei Sewell,SewePe00,G,Logan Stenberg,StenLo00,G,Jonah Jackson,JackJo03,C,Frank Ragnow,RagnFr00,DL,Isaiah Buggs,BuggIs00,DL,Alim McNeill,McNeAl00,DE,Aidan Hutchinson,HutcAi00,DE,John Cominsky,ComiJo00,LB,Malcolm Rodriguez,RodrMa00,LB,Alex Anzalone,AnzaAl00,CB,Jeff Okudah,OkudJe00,CB,Jerry Jacobs,JacoJe00,CB,Mike Hughes,HughMi00,S,Kerby Joseph,JoseKe03,S,DeShon Elliott,ElliDe02,QB,Kirk Cousins,CousKi00,RB,Dalvin Cook,CookDa01,WR,Adam Thielen,ThieAd00,WR,Justin Jefferson,JeffJu00,WR,K.J. Osborn,OsboKJ00,TE,T.J. Hockenson,HockTJ00,OL,Austin Schlottmann,SchlAu00,T,Blake Brandel,BranBl00,T,Brian O'Neill,ONeiBr00,G,Ezra Cleveland,ClevEz00,G,Ed Ingram,IngrEd00,DT,Dalvin Tomlinson,TomlDa00,DT,Harrison Phillips,PhilHa00,OLB,Danielle Hunter,HuntDa01,LB,Eric Kendricks,KendEr00,LB,Za'Darius Smith,SmitZa00,LB,Jordan Hicks,HickJo00,CB,Patrick Peterson,PetePa00,CB,Chandon Sullivan,SullCh00,CB,Cameron Dantzler,DantCa00,S,Josh Metellus,MeteJo00,S,Camryn Bynum,BynuCa00,Referee,Ron Torbert,Umpire,Mark Pellis,Down Judge,Max Causey,Line Judge,Tim Podraza,Back Judge,Tony Josselyn,Side Judge,Keith Washington,Field Judge,Ryan Dickson
202212110nyg,2022-12-11,Sunday,1:00pm,New York Giants,Philadelphia Eagles,nyg,phi,22,48,Brian Daboll,Nick Sirianni,MetLife Stadium,81506,3:00,outdoors,fieldturf,"37 degrees, relative humidity 78%, wind 6 mph",QB,Daniel Jones,JoneDa05,RB,Saquon Barkley,BarkSa00,WR,Darius Slayton,SlayDa01,WR,Isaiah Hodgins,HodgIs00,WR,Richie James,JameRi00,TE,Daniel Bellinger,BellDa00,OL,Jon Feliciano,FeliJo00,OL,Mark Glowinski,GlowMa00,T,Andrew Thomas,ThomAn02,T,Evan Neal,NealEv00,C,Nick Gates,GateNi00,DL,Henry Mondeaux,MondHe00,DL,Dexter Lawrence,LawrDe03,DE,Ryder Anderson,AndeRy01,OLB,Azeez Ojulari,OjulAz00,OLB,Jaylon Smith,SmitJa05,OLB,Kayvon Thibodeaux,ThibKa00,LB,Micah McFadden,McFaMi01,CB,Nick McCloud,McClNi00,DB,Fabian Moreau,MoreFa00,S,Julian Love,LoveJu00,S,Jason Pinnock,PinnJa01,QB,Jalen Hurts,HurtJa00,RB,Miles Sanders,SandMi01,WR,A.J. Brown,BrowAJ00,WR,DeVonta Smith,SmitDe07,TE,Grant Calcaterra,CalcGr00,TE,Jack Stoll,StolJa00,T,Lane Johnson,JohnLa01,T,Jordan Mailata,MailJo00,G,Landon Dickerson,DickLa00,G,Isaac Seumalo,SeumIs00,C,Jason Kelce,KelcJa00,DE,Josh Sweat,SweaJo00,DT,Linval Joseph,JoseLi99,DT,Javon Hargrave,HargJa00,DT,Fletcher Cox,CoxxFl00,LB,Haason Reddick,ReddHa00,LB,T.J. Edwards,EdwaTJ02,CB,Avonte Maddox,MaddAv00,CB,Darius Slay,SlayDa00,CB,James Bradberry,BradJa00,S,Reed Blankenship,BlanRe00,S,Marcus Epps,EppsMa00,Referee,Clete Blakeman,Umpire,Tab Slaughter,Down Judge,Dana McKenzie,Line Judge,Julian Mapp,Back Judge,Perry Paganelli,Side Judge,Lo Van Pham,Field Judge,Terry Brown
202212110oti,2022-12-11,Sunday,1:00pm,Tennessee Titans,Jacksonville Jaguars,oti,jax,22,36,Mike Vrabel,Doug Pederson,Nissan Stadium,68409,3:13,outdoors,grass,"54 degrees, relative humidity 77%, wind 8 mph",QB,Ryan Tannehill,TannRy00,RB,Derrick Henry,HenrDe00,WR,Robert Woods,WoodRo02,WR,Nick Westbrook-Ikhine,WestNi00,TE,Kevin Rader,RadeKe00,OL,Dennis Daley,DaleDe00,OL,Nicholas Petit-Frere,PetiNi00,T,Le'Raven Clark,ClarLe01,G,Aaron Brewer,BrewAa01,G,Nate Davis,DaviNa01,C,Ben Jones,JoneBe01,DE,Mario Edwards,EdwaMa01,DT,Jeffery Simmons,SimmJe01,DT,Teair Tart,TartTe00,OLB,Bud Dupree,DuprAl00,LB,Monty Rice,RiceMo00,LB,Dylan Cole,ColeDy00,CB,Roger McCreary,McCrRo01,DB,Amani Hooker,HookAm00,DB,Terrance Mitchell,MitcTe00,DB,Andrew Adams,AdamAn00,S,Kevin Byard,ByarKe01,QB,Trevor Lawrence,LawrTr00,RB,Travis Etienne,EtieTr00,WR,Marvin Jones,JoneMa02,WR,Zay Jones,JoneZa00,WR,Christian Kirk,KirkCh01,TE,Evan Engram,EngrEv00,OL,Jawaan Taylor,TaylJa02,OL,Luke Fortner,FortLu01,OL,Tyler Shatley,ShatTy00,OL,Brandon Scherff,ScheBr00,OL,Cam Robinson,RobiCa00,DL,Folorunso Fatukasi,FatuFo00,DL,Roy Robertson-Harris,RobeRo00,DT,DaVon Hamilton,HamiDa02,OLB,Travon Walker,WalkTr03,OLB,Josh Hines-Allen,AlleJo03,LB,Foyesade Oluokun,OluoFo00,LB,Devin Lloyd,LloyDe00,CB,Darious Williams,WillDa09,CB,Tyson Campbell,CampTy01,S,Rayshawn Jenkins,JenkRa00,S,Andrew Wingard,WingAn01,Referee,Clay Martin,Umpire,Fred Bryan,Down Judge,Jerod Phillips,Line Judge,Maia Chaka,Back Judge,Greg Wilson,Side Judge,Dave Hawkshaw,Field Judge,James Coleman
202212110pit,2022-12-11,Sunday,1:00pm,Pittsburgh Steelers,Baltimore Ravens,pit,rav,14,16,Mike Tomlin,John Harbaugh,Acrisure Stadium,66326,2:46,outdoors,grass,"42 degrees, relative humidity 82%, wind 12 mph",QB,Kenny Pickett,PickKe00,RB,Najee Harris,HarrNa00,WR,George Pickens,PickGe00,WR,Diontae Johnson,JohnDi01,TE,Pat Freiermuth,FreiPa00,TE,Zach Gentry,GentZa00,OL,Mason Cole,ColeMa02,OL,James Daniels,DaniJa01,OL,Kevin Dotson,DotsKe00,OL,Chukwuma Okorafor,OkorCh00,T,Dan Moore,MoorDa05,DT,Cameron Heyward,HeywCa01,DT,Montravius Adams,AdamMo00,DT,Larry Ogunjobi,OgunLa00,LB,Alex Highsmith,HighAl02,LB,T.J. Watt,,LB,Myles Jack,JackMy00,LB,Devin Bush Jr.,BushDe01,CB,Cameron Sutton,SuttCa00,S,Damontae Kazee,KazeDa00,S,Minkah Fitzpatrick,FitzMi00,S,Terrell Edmunds,EdmuTe00,QB,Tyler Huntley,HuntTy01,RB,J.K. Dobbins,DobbJK00,FB,Patrick Ricard,RicaPa00,WR,Devin Duvernay,DuveDe00,TE,Mark Andrews,AndrMa00,TE,Josh Oliver,OlivJo00,OL,Trystan Colon,ColoTr01,T,Ronnie Stanley,StanRo00,T,Morgan Moses,MoseMo00,G,Ben Powers,PoweBe00,C,Tyler Linderbaum,LindTy00,DT,Calais Campbell,CampCa99,DT,Broderick Washington Jr.,WashBr01,DT,Nnamdi Madubuike,MaduJu00,OLB,Tyus Bowser,BowsTy00,OLB,Jason Pierre-Paul,PierJa99,LB,Patrick Queen,QueePa00,LB,Roquan Smith,SmitRo07,CB,Marcus Peters,PeteMa00,CB,Marlon Humphrey,HumpMa00,S,Chuck Clark,ClarCh00,S,Marcus Williams,WillMa06,Referee,Adrian Hill,Umpire,Roy Ellison,Down Judge,David Oliver,Line Judge,Kevin Codey,Back Judge,Keith Ferguson,Side Judge,Jim Quirk,Field Judge,Mearl Robinson
202212110sdg,2022-12-11,Sunday,8:20pm,Los Angeles Chargers,Miami Dolphins,sdg,mia,23,17,Brandon Staley,Mike McDaniel,SoFi Stadium,70240,3:06,dome,matrixturf,,QB,Justin Herbert,HerbJu00,RB,Austin Ekeler,EkelAu00,WR,Keenan Allen,AlleKe00,WR,Mike Williams,WillMi07,TE,Gerald Everett,EverGe00,TE,Tre' McKitty,McKiTr00,T,Foster Sarell,SareFo00,G,Matt Feiler,FeilMa00,G,Jamaree Salyer,SalyJa00,G,Zion Johnson,JohnZi00,C,Corey Linsley,LinsCo00,DL,Breiden Fehoko,FehoBr01,DL,Morgan Fox,FoxxMo00,OLB,Khalil Mack,MackKh00,OLB,Kyle Van Noy,VanNKy00,LB,Kenneth Murray,MurrKe00,LB,Drue Tranquill,TranDr00,CB,Michael Davis,DaviMi03,CB,Asante Samuel Jr.,SamuAs00,DB,Ja'Sir Taylor,TaylJa04,S,Alohi Gilman,GilmAl00,S,Nasir Adderley,AddeNa00,QB,Tua Tagovailoa,TagoTu00,RB,Raheem Mostert,MostRa00,FB,Alec Ingold,IngoAl01,WR,Jaylen Waddle,WaddJa00,WR,Tyreek Hill,HillTy00,TE,Durham Smythe,SmytDu00,OL,Connor Williams,WillCo00,OL,Brandon Shell,ShelBr00,OL,Robert Jones,JoneRo02,OL,Robert Hunt,HuntRo01,T,Terron Armstead,ArmsTe00,DT,Zach Sieler,SielZa00,DT,Raekwon Davis,DaviRa03,DT,Christian Wilkins,WilkCh00,OLB,Bradley Chubb,ChubBr00,LB,Jaelan Phillips,PhilJa02,LB,Elandon Roberts,RobeEl00,LB,Jerome Baker,BakeJe00,CB,Kader Kohou,KohoKa00,CB,Xavien Howard,HowaXa00,S,Eric Rowe,RoweEr00,S,Jevon Holland,HollJe02,Referee,Scott Novak,Umpire,Ramon George,Down Judge,Derick Bowers,Line Judge,Walt Coleman IV,Back Judge,Terrence Miles,Side Judge,David Meslow,Field Judge,Tra Boger
202212110sea,2022-12-11,Sunday,4:25pm,Seattle Seahawks,Carolina Panthers,sea,car,24,30,Pete Carroll,Steve Wilks,Lumen Field,68672,3:02,outdoors,fieldturf,"45 degrees, relative humidity 97%, wind 4 mph",QB,Geno Smith,SmitGe00,RB,Travis Homer,HomeTr00,WR,D.K. Metcalf,MetcDK00,WR,Tyler Lockett,LockTy00,TE,Will Dissly,DissWi00,TE,Noah Fant,FantNo00,T,Charles Cross,CrosCh00,T,Abraham Lucas,LucaAb00,G,Austin Blythe,BlytAu00,G,Gabe Jackson,JackGa00,G,Damien Lewis,LewiDa05,DE,Quinton Jefferson,JeffQu00,DT,Poona Ford,FordPo00,DT,Al Woods,WoodAl99,LB,Uchenna Nwosu,NwosUc00,LB,Bruce Irvin,IrviBr00,LB,Cody Barton,BartCo00,LB,Jordyn Brooks,BrooJo01,CB,Riq Woolen,WoolTa00,CB,Michael Jackson,JackMi01,SS,Ryan Neal,NealRy00,FS,Quandre Diggs,DiggQu00,QB,Sam Darnold,DarnSa00,RB,D'Onta Foreman,ForeDO00,WR,Terrace Marshall Jr.,MarsTe00,WR,D.J. Moore,,TE,Ian Thomas,ThomIa00,OL,Bradley Bozeman,BozeBr00,OL,Austin Corbett,CorbAu00,T,Brady Christensen,ChriBr00,T,Ikem Ekwonu,EkwoIk00,T,Taylor Moton,MotoTa00,G,Cade Mays,MaysCa00,DE,Yetur Gross-Matos,GrosYe00,DE,Brian Burns,BurnBr00,DT,Matthew Ioannidis,IoanMa01,DT,Derrick Brown,BrowDe05,LB,Brandon Smith,SmitBr08,LB,Shaq Thompson,ThomSh01,LB,Frankie Luvu,LuvuFr00,CB,Jaycee Horn,HornJa00,CB,C.J. Henderson,HendCJ00,DB,Myles Hartsfield,HartMy00,S,Jeremy Chinn,ChinJe00,Referee,Bill Vinovich,Umpire,Alex Moore,Down Judge,Jerry Bergman,Line Judge,Mark Perlman,Back Judge,Jimmy Russell,Side Judge,Jimmy Buchanan,Field Judge,Joe Blubaugh
202212110sfo,2022-12-11,Sunday,4:25pm,San Francisco 49ers,Tampa Bay Buccaneers,sfo,tam,35,7,Kyle Shanahan,Todd Bowles,Levi's Stadium,71725,3:08,outdoors,grass,"54 degrees, relative humidity 54%, wind 8 mph",QB,Brock Purdy,PurdBr00,RB,Christian McCaffrey,McCaCh01,FB,Kyle Juszczyk,JuszKy00,WR,Brandon Aiyuk,AiyuBr00,WR,Deebo Samuel,SamuDe00,TE,George Kittle,KittGe00,OL,Aaron Banks,BankAa00,OL,Jake Brendel,BrenJa01,OL,Spencer Burford,BurfSp00,T,Mike McGlinchey,McGlMi00,T,Trent Williams,WillTr21,DL,Arik Armstead,ArmsAr01,DE,Samson Ebukam,EbukSa00,DE,Nick Bosa,BosaNi00,DT,Kevin Givens,GiveKe01,LB,Fred Warner,WarnFr00,LB,Azeez Al-Shaair,AlShAz00,LB,Dre Greenlaw,GreeDr00,CB,Charvarius Ward,WardCh01,DB,Deommodore Lenoir,LenoDe00,S,Talanoa Hufanga,HufaTa00,S,Tashaun Gipson,GipsTa00,QB,Tom Brady,BradTo00,RB,Rachaad White,WhitRa01,WR,Mike Evans,EvanMi00,WR,Chris Godwin,GodwCh00,TE,Cade Otton,OttoCa00,TE,Ko Kieft,KiefKo00,OL,Robert Hainsey,HainRo00,T,Josh Wells,WellJo02,T,Donovan Smith,SmitDo02,G,Shaq Mason,MasoSh01,G,Nick Leverett,LeveNi00,DL,Akiem Hicks,HickAk00,DL,William Gholston,GholWi00,DL,Vita Vea,VeaxVi00,OLB,Anthony Nelson,NelsAn01,OLB,Joe Tryon-Shoyinka,TryoJo00,LB,Lavonte David,DaviLa00,LB,Devin White,WhitDe02,CB,Jamel Dean,DeanJa00,CB,Carlton Davis,DaviCa02,S,Keanu Neal,NealKe01,S,Logan Ryan,RyanLo00,Referee,Brad Allen,Umpire,Duane Heydt,Down Judge,Sarah Thomas,Line Judge,Daniel Gallagher,Back Judge,Greg Yette,Side Judge,Boris Cheek,Field Judge,Rick Patterson
202212120crd,2022-12-12,Monday,8:15pm,Arizona Cardinals,New England Patriots,crd,nwe,13,27,Kliff Kingsbury,Bill Belichick,State Farm Stadium,63251,3:14,retractable roof (closed),grass,,QB,Kyler Murray,MurrKy00,RB,James Conner,ConnJa00,WR,Marquise Brown,BrowMa04,WR,A.J. Green,,WR,DeAndre Hopkins,HopkDe00,TE,Trey McBride,McBrTr01,OL,Billy Price,PricBi01,OL,Kelvin Beachum,BeacKe00,OL,Cody Ford,FordCo00,OL,Max Garcia,GarcMa00,OL,Josh Jones,JoneJo07,DE,Zach Allen,AlleZa01,DE,J.J. Watt,,OLB,Markus Golden,GoldMa00,OLB,Myjai Sanders,SandMy00,LB,Zaven Collins,CollZa00,LB,Ben Niemann,NiemBe00,LB,Isaiah Simmons,SimmIs00,CB,Marco Wilson,WilsMa04,CB,Antonio Hamilton,HamiAn01,S,Jalen Thompson,ThomJa04,S,Budda Baker,BakeBu00,QB,Mac Jones,JoneMa05,RB,Rhamondre Stevenson,StevRh00,WR,Nelson Agholor,AghoNe00,WR,Tyquan Thornton,ThorTy00,WR,DeVante Parker,ParkDe01,TE,Jonnu Smith,SmitJo01,OL,Trent Brown,BrowTr02,OL,Cole Strange,StraCo01,OL,Michael Onwenu,OnweMi00,T,Conor McDermott,McDeCo00,C,David Andrews,AndrDa00,DL,Deatrich Wise Jr.,WiseDe00,DL,Lawrence Guy,GuyxLa00,DT,Davon Godchaux,GodcDa00,LB,Matt Judon,JudoMa00,LB,Jahlani Tavai,TavaJa00,LB,Ja'Whaun Bentley,BentJa00,DB,Devin McCourty,McCoDe99,DB,Jonathan Jones,JoneJo03,DB,Jack Jones,JoneJa10,DB,Kyle Dugger,DuggKy00,DB,Myles Bryant,BryaMy01,Referee,Shawn Smith,Umpire,Bryan Neale,Down Judge,Mark Hittner,Line Judge,Michael Dolce,Back Judge,Dino Paganelli,Side Judge,Clay Reynard,Field Judge,Dyrol Prioleau
202212150sea,2022-12-15,Thursday,8:15pm,Seattle Seahawks,San Francisco 49ers,sea,sfo,13,21,Pete Carroll,Kyle Shanahan,Lumen Field,68957,3:01,outdoors,fieldturf,"39 degrees, relative humidity 71%, wind 6 mph",QB,Geno Smith,SmitGe00,RB,Kenneth Walker III,WalkKe00,WR,D.K. Metcalf,MetcDK00,WR,Tyler Lockett,LockTy00,TE,Will Dissly,DissWi00,TE,Noah Fant,FantNo00,T,Charles Cross,CrosCh00,T,Abraham Lucas,LucaAb00,G,Austin Blythe,BlytAu00,G,Gabe Jackson,JackGa00,G,Damien Lewis,LewiDa05,DE,Shelby Harris,HarrSh00,DT,Bryan Mone,MoneBr00,DT,Poona Ford,FordPo00,LB,Uchenna Nwosu,NwosUc00,LB,Bruce Irvin,IrviBr00,LB,Cody Barton,BartCo00,LB,Jordyn Brooks,BrooJo01,CB,Riq Woolen,WoolTa00,CB,Michael Jackson,JackMi01,SS,Ryan Neal,NealRy00,FS,Quandre Diggs,DiggQu00,QB,Brock Purdy,PurdBr00,RB,Christian McCaffrey,McCaCh01,FB,Kyle Juszczyk,JuszKy00,WR,Brandon Aiyuk,AiyuBr00,WR,Jauan Jennings,JennJa00,TE,George Kittle,KittGe00,OL,Aaron Banks,BankAa00,OL,Jake Brendel,BrenJa01,OL,Spencer Burford,BurfSp00,T,Trent Williams,WillTr21,T,Mike McGlinchey,McGlMi00,DL,Arik Armstead,ArmsAr01,DE,Kerry Hyder,HydeKe01,DE,Samson Ebukam,EbukSa00,DE,Nick Bosa,BosaNi00,LB,Dre Greenlaw,GreeDr00,LB,Fred Warner,WarnFr00,LB,Azeez Al-Shaair,AlShAz00,CB,Charvarius Ward,WardCh01,DB,Deommodore Lenoir,LenoDe00,S,Talanoa Hufanga,HufaTa00,S,Tashaun Gipson,GipsTa00,Referee,Alex Kemp,Umpire,Mike Morton,Down Judge,Danny Short,Line Judge,Jeff Bergman,Back Judge,Scott Helverson,Side Judge,Dale Shaw,Field Judge,John Jenkins
202212170buf,2022-12-17,Saturday,8:15pm,Buffalo Bills,Miami Dolphins,buf,mia,32,29,Sean McDermott,Mike McDaniel,Highmark Stadium,70794,3:27,outdoors,a_turf,"29 degrees, relative humidity 92%, wind 4 mph",QB,Josh Allen,AlleJo02,RB,Devin Singletary,SingDe00,WR,Cole Beasley,BeasCo00,WR,Gabe Davis,DaviGa01,WR,Stefon Diggs,DiggSt00,TE,Dawson Knox,KnoxDa00,T,Dion Dawkins,DawkDi00,T,Spencer Brown,BrowSp00,G,Rodger Saffold,SaffRo20,G,Greg Van Roten,VanRGr00,C,Mitch Morse,MorsMi00,DE,Shaq Lawson,LawsSh00,DE,Gregory Rousseau,RousGr00,DT,DaQuan Jones,JoneDa04,DT,Ed Oliver,OlivEd00,LB,Tremaine Edmunds,EdmuTr01,LB,Matt Milano,MilaMa00,CB,Dane Jackson,JackDa02,CB,Taron Johnson,JohnTa01,CB,Tre'Davious White,WhitTr01,S,Damar Hamlin,HamlDa00,S,Jordan Poyer,PoyeJo00,QB,Tua Tagovailoa,TagoTu00,RB,Raheem Mostert,MostRa00,FB,Alec Ingold,IngoAl01,WR,Tyreek Hill,HillTy00,WR,Jaylen Waddle,WaddJa00,TE,Durham Smythe,SmytDu00,OL,Connor Williams,WillCo00,OL,Robert Hunt,HuntRo01,OL,Robert Jones,JoneRo02,OL,Brandon Shell,ShelBr00,T,Terron Armstead,ArmsTe00,DT,Christian Wilkins,WilkCh00,DT,Zach Sieler,SielZa00,OLB,Bradley Chubb,ChubBr00,LB,Jerome Baker,BakeJe00,LB,Elandon Roberts,RobeEl00,LB,Jaelan Phillips,PhilJa02,CB,Kader Kohou,KohoKa00,CB,Noah Igbinoghene,IgbiNo00,CB,Xavien Howard,HowaXa00,S,Verone McKinley,McKiVe00,S,Jevon Holland,HollJe02,Referee,Bill Vinovich,Umpire,Alex Moore,Down Judge,Jerry Bergman,Line Judge,Mark Perlman,Back Judge,Jimmy Russell,Side Judge,Jimmy Buchanan,Field Judge,Joe Blubaugh
202212170cle,2022-12-17,Saturday,4:30pm,Cleveland Browns,Baltimore Ravens,cle,rav,13,3,Kevin Stefanski,John Harbaugh,FirstEnergy Stadium,67431,2:43,outdoors,grass,"34 degrees, relative humidity 59%, wind 12 mph",QB,Deshaun Watson,WatsDe00,RB,Nick Chubb,ChubNi00,RB,Demetric Felton,FeltDe00,WR,Amari Cooper,CoopAm00,WR,Donovan Peoples-Jones,PeopDo00,TE,David Njoku,NjokDa00,T,Jack Conklin,ConkJa00,T,Jedrick Wills Jr.,WillJe04,G,Joel Bitonio,BitoJo00,G,Wyatt Teller,TellWy00,G,Hjalte Froholdt,FrohHj00,DE,Myles Garrett,GarrMy00,DT,Taven Bryan,BryaTa00,DT,Ben Stille,StilBe00,DT,Jordan Elliott,ElliJo02,MLB,Deion Jones,JoneDe01,LB,Jordan Kunaszyk,KunaJo00,LB,Tony Fields,FielTo00,CB,Greg Newsome II,NewsGr00,CB,Denzel Ward,WardDe02,S,John Johnson,JohnJo10,S,Grant Delpit,DelpGr00,QB,Tyler Huntley,HuntTy01,RB,J.K. Dobbins,DobbJK00,FB,Patrick Ricard,RicaPa00,WR,Demarcus Robinson,RobiDe01,TE,Mark Andrews,AndrMa00,TE,Josh Oliver,OlivJo00,T,Ronnie Stanley,StanRo00,T,Morgan Moses,MoseMo00,G,Kevin Zeitler,ZeitKe00,G,Ben Powers,PoweBe00,C,Tyler Linderbaum,LindTy00,DT,Nnamdi Madubuike,MaduJu00,DT,Calais Campbell,CampCa99,OLB,Jason Pierre-Paul,PierJa99,OLB,Tyus Bowser,BowsTy00,LB,Patrick Queen,QueePa00,LB,Roquan Smith,SmitRo07,CB,Marcus Peters,PeteMa00,CB,Marlon Humphrey,HumpMa00,S,Kyle Hamilton,HamiKy00,S,Chuck Clark,ClarCh00,S,Marcus Williams,WillMa06,Referee,Brad Allen,Umpire,Duane Heydt,Down Judge,Sarah Thomas,Line Judge,Daniel Gallagher,Back Judge,Greg Yette,Side Judge,Boris Cheek,Field Judge,Rick Patterson
202212170min,2022-12-17,Saturday,1:00pm,Minnesota Vikings,Indianapolis Colts,min,clt,39,36,Kevin O'Connell,Jeff Saturday,U.S. Bank Stadium,66801,4:01,dome,sportturf,,QB,Kirk Cousins,CousKi00,RB,Dalvin Cook,CookDa01,FB,C.J. Ham,,WR,Adam Thielen,ThieAd00,WR,Justin Jefferson,JeffJu00,TE,Johnny Mundt,MundJo00,OL,Austin Schlottmann,SchlAu00,T,Christian Darrisaw,DarrCh00,T,Brian O'Neill,ONeiBr00,G,Ezra Cleveland,ClevEz00,G,Ed Ingram,IngrEd00,DT,Harrison Phillips,PhilHa00,DT,Dalvin Tomlinson,TomlDa00,OLB,Danielle Hunter,HuntDa01,LB,Eric Kendricks,KendEr00,LB,Jordan Hicks,HickJo00,LB,Za'Darius Smith,SmitZa00,CB,Patrick Peterson,PetePa00,CB,Duke Shelley,ShelDu00,CB,Chandon Sullivan,SullCh00,S,Harrison Smith,SmitHa00,S,Camryn Bynum,BynuCa00,QB,Matt Ryan,RyanMa00,RB,Jonathan Taylor,TaylJo02,WR,Parris Campbell,CampPa00,WR,Alec Pierce,PierAl00,WR,Michael Pittman Jr.,PittMi01,TE,Nikola Kalinic,KaliNi00,OL,Quenton Nelson,NelsQu00,T,Braden Smith,SmitBr06,T,Bernhard Raimann,RaimBe00,G,Will Fries,FrieWi00,C,Ryan Kelly,KellRy00,DE,Yannick Ngakoue,NgakYa00,DE,Kwity Paye,PayeKw00,DT,DeForest Buckner,BuckDe00,DT,Grover Stewart,StewGr00,LB,Bobby Okereke,OkerBo00,LB,E.J. Speed,SpeeEJ00,LB,Zaire Franklin,FranZa00,CB,Isaiah Rodgers,RodgIs00,CB,Stephon Gilmore,GilmSt00,S,Rodney McLeod,McLeRo00,S,Julian Blackmon,BlacJu01,Referee,Tra Blake,Umpire,Tony Michalek,Down Judge,Patrick Turner,Line Judge,Mark Stewart,Back Judge,Todd Prukop,Side Judge,Don Willard,Field Judge,Tom Hill
202212180car,2022-12-18,Sunday,1:00pm,Carolina Panthers,Pittsburgh Steelers,car,pit,16,24,Steve Wilks,Mike Tomlin,Bank of America Stadium,73548,2:52,outdoors,grass,"47 degrees, relative humidity 37%, wind 7 mph",QB,Sam Darnold,DarnSa00,RB,D'Onta Foreman,ForeDO00,WR,D.J. Moore,,WR,Terrace Marshall Jr.,MarsTe00,TE,Tommy Tremble,TremTo00,TE,Ian Thomas,ThomIa00,OL,Austin Corbett,CorbAu00,OL,Bradley Bozeman,BozeBr00,T,Taylor Moton,MotoTa00,T,Brady Christensen,ChriBr00,T,Ikem Ekwonu,EkwoIk00,DE,Yetur Gross-Matos,GrosYe00,DE,Brian Burns,BurnBr00,DT,Matthew Ioannidis,IoanMa01,DT,Derrick Brown,BrowDe05,LB,Shaq Thompson,ThomSh01,LB,Frankie Luvu,LuvuFr00,CB,C.J. Henderson,HendCJ00,CB,Jaycee Horn,HornJa00,DB,Myles Hartsfield,HartMy00,S,Jeremy Chinn,ChinJe00,S,Xavier Woods,WoodXa00,QB,Mitchell Trubisky,TrubMi00,RB,Najee Harris,HarrNa00,WR,George Pickens,PickGe00,WR,Diontae Johnson,JohnDi01,WR,Gunner Olszewski,OlszGu00,TE,Zach Gentry,GentZa00,OL,Mason Cole,ColeMa02,OL,James Daniels,DaniJa01,OL,Kevin Dotson,DotsKe00,OL,Chukwuma Okorafor,OkorCh00,T,Dan Moore,MoorDa05,DT,Montravius Adams,AdamMo00,DT,Cameron Heyward,HeywCa01,DT,Larry Ogunjobi,OgunLa00,LB,T.J. Watt,,LB,Robert Spillane,SpilRo00,LB,Alex Highsmith,HighAl02,LB,Devin Bush Jr.,BushDe01,CB,Cameron Sutton,SuttCa00,CB,Levi Wallace,WallLe00,S,Minkah Fitzpatrick,FitzMi00,S,Terrell Edmunds,EdmuTe00,Referee,Scott Novak,Umpire,Ramon George,Down Judge,Derick Bowers,Line Judge,Walt Coleman IV,Back Judge,Terrence Miles,Side Judge,David Meslow,Field Judge,Tra Boger
202212180chi,2022-12-18,Sunday,1:00pm,Chicago Bears,Philadelphia Eagles,chi,phi,20,25,Matt Eberflus,Nick Sirianni,Soldier Field,48423,3:10,outdoors,grass,"17 degrees, relative humidity 70%, wind 17 mph",QB,Justin Fields,FielJu00,RB,David Montgomery,MontDa01,WR,Equanimeous St. Brown,,WR,Dante Pettis,PettDa00,WR,Velus Jones Jr.,JoneVe00,TE,Cole Kmet,KmetCo00,OL,Cody Whitehair,WhitCo03,OL,Riley Reiff,ReifRi00,OL,Sam Mustipher,MustSa01,OL,Braxton Jones,JoneBr08,OL,Teven Jenkins,JenkTe00,DL,Justin Jones,JoneJu03,DL,Trevis Gipson,GipsTr00,DL,Dominique Robinson,RobiDo00,DT,Armon Watts,WattAr01,LB,Nicholas Morrow,MorrNi00,LB,Jack Sanborn,SanbJa00,LB,Matthew Adams,AdamMa00,DB,Jaylon Johnson,JohnJa13,DB,DeAndre Houston-Carson,HousDe00,DB,Kyler Gordon,GordKy00,DB,Jaquan Brisker,BrisJa01,QB,Jalen Hurts,HurtJa00,RB,Miles Sanders,SandMi01,WR,A.J. Brown,BrowAJ00,WR,Quez Watkins,WatkQu00,WR,DeVonta Smith,SmitDe07,TE,Jack Stoll,StolJa00,T,Lane Johnson,JohnLa01,T,Jordan Mailata,MailJo00,G,Landon Dickerson,DickLa00,G,Isaac Seumalo,SeumIs00,C,Jason Kelce,KelcJa00,DE,Josh Sweat,SweaJo00,DT,Javon Hargrave,HargJa00,DT,Linval Joseph,JoseLi99,DT,Fletcher Cox,CoxxFl00,LB,Haason Reddick,ReddHa00,LB,T.J. Edwards,EdwaTJ02,CB,Darius Slay,SlayDa00,CB,Avonte Maddox,MaddAv00,CB,James Bradberry,BradJa00,S,Marcus Epps,EppsMa00,S,K'Von Wallace,WallKV00,Referee,Brad Rogers,Umpire,Carl Paganelli,Down Judge,Kent Payne,Line Judge,Tom Eaton,Back Judge,Greg Steed,Side Judge,Anthony Jeffries,Field Judge,Aaron Santi
202212180den,2022-12-18,Sunday,4:05pm,Denver Broncos,Arizona Cardinals,den,crd,24,15,Nathaniel Hackett,Kliff Kingsbury,Empower Field at Mile High,75179,2:58,outdoors,grass,"37 degrees, relative humidity 20%, wind 4 mph",QB,Brett Rypien,RypiBr00,RB,Latavius Murray,MurrLa00,WR,Jerry Jeudy,JeudJe00,WR,Freddie Swain,SwaiFr00,WR,Brandon Johnson,JohnBr23,TE,Greg Dulcich,DulcGr00,OL,Billy Turner,TurnBi00,OL,Quinn Meinerz,MeinQu02,T,Cameron Fleming,FlemCa00,G,Graham Glasgow,GlasGr00,G,Dalton Risner,RisnDa00,DT,DeShawn Williams,WillDe04,DT,D.J. Jones,,OLB,Jonathon Cooper,CoopJo02,LB,Alex Singleton,SingAl00,LB,Josey Jewell,JeweJo00,LB,Baron Browning,BrowBa01,CB,Damarri Mathis,MathDa00,CB,Patrick Surtain II,SurtPa01,CB,K'Waun Williams,WillKW00,S,Justin Simmons,SimmJu00,S,Kareem Jackson,JackKa99,QB,Colt McCoy,McCoCo00,RB,James Conner,ConnJa00,WR,Marquise Brown,BrowMa04,WR,DeAndre Hopkins,HopkDe00,WR,A.J. Green,,TE,Trey McBride,McBrTr01,OL,Kelvin Beachum,BeacKe00,OL,Billy Price,PricBi01,OL,Josh Jones,JoneJo07,OL,Will Hernandez,HernWi00,OL,Max Garcia,GarcMa00,DE,Jonathan Ledbetter,LedbJo01,DE,J.J. Watt,,DT,Leki Fotu,FotuLe00,OLB,Markus Golden,GoldMa00,LB,Zaven Collins,CollZa00,LB,Ben Niemann,NiemBe00,LB,Isaiah Simmons,SimmIs00,CB,Christian Matthew,MattCh01,CB,Jace Whittaker,WhitJa05,S,Budda Baker,BakeBu00,S,Jalen Thompson,ThomJa04,Referee,Jerome Boger,Umpire,Barry Anderson,Down Judge,Frank LeBlanc,Line Judge,Rusty Baynes,Back Judge,Steve Patrick,Side Judge,Jonah Monroe,Field Judge,Alonzo Ramsey
202212180htx,2022-12-18,Sunday,1:00pm,Houston Texans,Kansas City Chiefs,htx,kan,24,30,Lovie Smith,Andy Reid,NRG Stadium,70541,3:11,retractable roof (closed),astroturf,,QB,Jeff Driskel,DrisJe00,RB,Dare Ogunbowale,OgunDa00,WR,Amari Rodgers,RodgAm00,WR,Chris Moore,MoorCh00,WR,Davis Mills,MillDa02,TE,Teagan Quitoriano,QuitTe00,OL,Laremy Tunsil,TunsLa00,OL,A.J. Cann,,OL,Scott Quessenberry,QuesSc00,OL,Tytus Howard,HowaTy00,OL,Charlie Heck,HeckCh00,DL,Roy Lopez,LopeRo00,DL,Jerry Hughes,HughJe99,DL,Ogbonnia Okoronkwo,OkorOg00,DL,Maliek Collins,CollMa00,LB,Christian Kirksey,KirkCh00,LB,Christian Harris,HarrCh06,LB,Jake Hansen,HansJa01,DB,Desmond King,KingDe01,DB,Jonathan Owens,OwenJo01,DB,Jalen Pitre,PitrJa00,DB,Tremon Smith,SmitTr04,QB,Patrick Mahomes,MahoPa00,RB,Isiah Pacheco,PachIs00,WR,Marquez Valdes-Scantling,ValdMa00,WR,JuJu Smith-Schuster,SmitJu00,TE,Noah Gray,GrayNo00,TE,Travis Kelce,KelcTr00,OL,Joe Thuney,ThunJo00,OL,Trey Smith,SmitTr05,T,Orlando Brown Jr.,BrowOr00,G,Andrew Wylie,WyliAn00,C,Creed Humphrey,HumpCr00,DE,George Karlaftis III,KarlGe00,DE,Frank Clark,ClarFr01,DT,Derrick Nnadi,NnadDe00,DT,Chris Jones,JoneCh09,LB,Willie Gay Jr.,GayJWi00,LB,Nick Bolton,BoltNi00,CB,Trent McDuffie,McDuTr00,CB,L'Jarius Sneed,SneeLJ00,DB,Joshua Williams,WillJo03,S,Justin Reid,ReidJu00,S,Juan Thornhill,ThorJu00,Referee,Carl Cheffers,Umpire,Brandon Cruse,Down Judge,Mike Carr,Line Judge,Jeff Seeman,Back Judge,Matt Edwards,Side Judge,Eugene Hall,Field Judge,Nathan Jones
202212180jax,2022-12-18,Sunday,1:00pm,Jacksonville Jaguars,Dallas Cowboys,jax,dal,40,34,Doug Pederson,Mike McCarthy,TIAA Bank Stadium,69050,3:15,outdoors,grass,"54 degrees, relative humidity 37%, wind 9 mph",QB,Trevor Lawrence,LawrTr00,RB,Travis Etienne,EtieTr00,WR,Christian Kirk,KirkCh01,WR,Zay Jones,JoneZa00,WR,Marvin Jones,JoneMa02,TE,Evan Engram,EngrEv00,OL,Brandon Scherff,ScheBr00,OL,Cam Robinson,RobiCa00,OL,Tyler Shatley,ShatTy00,OL,Luke Fortner,FortLu01,OL,Jawaan Taylor,TaylJa02,DL,Folorunso Fatukasi,FatuFo00,DL,Roy Robertson-Harris,RobeRo00,DT,DaVon Hamilton,HamiDa02,OLB,Arden Key,KeyxAr00,OLB,Josh Hines-Allen,AlleJo03,LB,Devin Lloyd,LloyDe00,LB,Foyesade Oluokun,OluoFo00,CB,Darious Williams,WillDa09,CB,Tyson Campbell,CampTy01,S,Rayshawn Jenkins,JenkRa00,S,Andre Cisco,CiscAn00,QB,Dak Prescott,PresDa01,RB,Ezekiel Elliott,ElliEz00,WR,Michael Gallup,GallMi00,WR,CeeDee Lamb,LambCe00,TE,Dalton Schultz,SchuDa00,TE,Peyton Hendershot,HendPe01,OL,Tyler Smith,SmitTy02,T,Tyron Smith,SmitTy00,G,Connor McGovern,McGoCo01,G,Zack Martin,MartZa00,C,Tyler Biadasz,BiadTy00,DE,DeMarcus Lawrence,LawrDe00,DT,Osa Odighizuwa,OdigOs00,DT,Carlos Watkins,WatkCa00,LB,Micah Parsons,ParsMi00,LB,Anthony Barr,BarrAn00,LB,Leighton Vander Esch,VandLe00,CB,Kelvin Joseph,JoseKe02,CB,Trevon Diggs,DiggTr00,CB,DaRon Bland,BlanDa00,S,Jayron Kearse,KearJa00,S,Donovan Wilson,WilsDo01,Referee,Shawn Smith,Umpire,Bryan Neale,Down Judge,Mark Hittner,Line Judge,Michael Dolce,Back Judge,Dino Paganelli,Side Judge,Clay Reynard,Field Judge,Dyrol Prioleau
202212180nor,2022-12-18,Sunday,1:00pm,New Orleans Saints,Atlanta Falcons,nor,atl,21,18,Dennis Allen,Arthur Smith,Caesars Superdome,70041,2:52,dome,sportturf,,QB,Andy Dalton,DaltAn00,RB,Alvin Kamara,KamaAl00,WR,Rashid Shaheed,ShahRa00,WR,Chris Olave,OlavCh00,TE,Taysom Hill,HillTa00,TE,Juwan Johnson,JohnJu02,OL,Erik McCoy,McCoEr01,OL,Cesar Ruiz,RuizCe00,OL,Andrus Peat,PeatAn00,OL,James Hurst,HursJa00,T,Ryan Ramczyk,RamcRy00,DE,Tanoh Kpassagnon,KpasTa00,DE,Cameron Jordan,JordCa00,DT,David Onyemata,OnyeDa00,DT,Shy Tuttle,TuttSh00,LB,Demario Davis,DaviDe00,LB,Pete Werner,WernPe00,CB,Paulson Adebo,AdebPa00,CB,Bradley Roby,RobyBr00,CB,Alontae Taylor,TaylAl01,FS,Tyrann Mathieu,MathTy00,S,Marcus Maye,MayeMa00,QB,Desmond Ridder,RiddDe00,RB,Cordarrelle Patterson,PattCo00,RB,Tyler Allgeier,AllgTy00,WR,Olamide Zaccheaus,ZaccOl01,WR,Drake London,LondDr00,TE,MyCole Pruitt,PruiMy00,OL,Elijah Wilkinson,WilkEl00,OL,Drew Dalman,DalmDr00,T,Kaleb McGary,McGaKa00,T,Jake Matthews,MattJa00,G,Chris Lindstrom,LindCh00,DL,Abdullah Anderson,AndeAb00,DT,Grady Jarrett,JarrGr00,DT,Timmy Horne,HornTi00,OLB,Adetokunbo Ogundeji,OgunAd01,LB,Rashaan Evans,EvanRa01,LB,Lorenzo Carter,CartLo01,LB,Troy Andersen,AndeTr00,CB,Darren Hall,HallDa03,CB,AJ Terrell,TerrAJ00,SS,Jaylinn Hawkins,HawkJa00,S,Richie Grant,GranRi00,Referee,Clete Blakeman,Umpire,Tab Slaughter,Down Judge,Dana McKenzie,Line Judge,Julian Mapp,Back Judge,Perry Paganelli,Side Judge,Lo Van Pham,Field Judge,Terry Brown
202212180nyj,2022-12-18,Sunday,1:00pm,New York Jets,Detroit Lions,nyj,det,17,20,Robert Saleh,Dan Campbell,MetLife Stadium,75076,3:04,outdoors,fieldturf,"38 degrees, relative humidity 52%, wind 13 mph",QB,Zach Wilson,WilsZa00,RB,Zonovan Knight,KnigZo00,WR,Garrett Wilson,WilsGa00,WR,Denzel Mims,MimsDe00,TE,Tyler Conklin,ConkTy00,TE,C.J. Uzomah,,OL,Nate Herbig,HerbNa01,OL,Connor McGovern,McGoCo00,T,George Fant,FantGe00,T,Duane Brown,BrowDu20,G,Laken Tomlinson,TomlLa01,DE,Carl Lawson,LawsCa00,DT,Sheldon Rankins,RankSh00,DT,John Franklin-Myers,FranJo02,DT,Nathan Shepherd,ShepNa00,LB,Quincy Williams,WillQu01,LB,C.J. Mosley,,CB,D.J. Reed,,CB,Sauce Gardner,GardSa00,CB,Michael Carter II,CartMi02,S,Jordan Whitehead,WhitJo03,S,Will Parks,ParkWi01,QB,Jared Goff,GoffJa00,RB,D'Andre Swift,SwifDA00,WR,Amon-Ra St. Brown,StxxAm00,WR,DJ Chark,CharDJ00,WR,Josh Reynolds,ReynJo00,WR,Kalif Raymond,RaymKa00,T,Penei Sewell,SewePe00,T,Taylor Decker,DeckTa00,G,Jonah Jackson,JackJo03,C,Evan Brown,BrowEv00,C,Frank Ragnow,RagnFr00,DL,Alim McNeill,McNeAl00,DL,Isaiah Buggs,BuggIs00,DE,Aidan Hutchinson,HutcAi00,DE,John Cominsky,ComiJo00,LB,Malcolm Rodriguez,RodrMa00,LB,Alex Anzalone,AnzaAl00,CB,Jerry Jacobs,JacoJe00,CB,Jeff Okudah,OkudJe00,CB,Will Harris,HarrWi02,S,Kerby Joseph,JoseKe03,S,DeShon Elliott,ElliDe02,Referee,Craig Wrolstad,Umpire,Steve Woods,Down Judge,Jim Mello,Line Judge,Tripp Sutter,Back Judge,Grantis Bell,Side Judge,Jeff Lamberth,Field Judge,Jeff Shears
202212180rai,2022-12-18,Sunday,4:05pm,Las Vegas Raiders,New England Patriots,rai,nwe,30,24,Josh McDaniels,Bill Belichick,Allegiant Stadium,62273,3:19,dome,grass,,QB,Derek Carr,CarrDe02,RB,Josh Jacobs,JacoJo01,WR,Davante Adams,AdamDa01,WR,Mack Hollins,HollMa00,TE,Darren Waller,WallDa01,TE,Foster Moreau,MoreFo00,OL,Hroniss Grasu,GrasHr00,OL,Jermaine Eluemunor,ElueJe00,T,Kolton Miller,MillKo00,G,Dylan Parham,ParhDy00,C,Andre James,JameAn01,DL,Jerry Tillery,TillJe00,DE,Chandler Jones,JoneCh03,DE,Maxx Crosby,CrosMa00,DT,Bilal Nichols,NichBi00,LB,Luke Masterson,MastLu00,LB,Denzel Perryman,PerrDe00,CB,Nate Hobbs,HobbNa00,CB,Tyler Hall,HallTy01,CB,Sidney Jones,JoneSi00,S,Duron Harmon,HarmDu00,S,Tre'von Moehrig,MoehTr00,QB,Mac Jones,JoneMa05,RB,Kevin Harris,HarrKe01,WR,Nelson Agholor,AghoNe00,WR,Tyquan Thornton,ThorTy00,WR,Jakobi Meyers,MeyeJa01,TE,Jonnu Smith,SmitJo01,OL,Trent Brown,BrowTr02,OL,Cole Strange,StraCo01,OL,Michael Onwenu,OnweMi00,T,Conor McDermott,McDeCo00,C,David Andrews,AndrDa00,DL,Deatrich Wise Jr.,WiseDe00,DL,Lawrence Guy,GuyxLa00,DT,Davon Godchaux,GodcDa00,LB,Matt Judon,JudoMa00,LB,Jahlani Tavai,TavaJa00,LB,Ja'Whaun Bentley,BentJa00,DB,Devin McCourty,McCoDe99,DB,Marcus Jones,JoneMa06,DB,Jonathan Jones,JoneJo03,DB,Jabrill Peppers,PeppJa00,DB,Kyle Dugger,DuggKy00,Referee,Ron Torbert,Umpire,Mark Pellis,Down Judge,Max Causey,Line Judge,Tim Podraza,Back Judge,Tony Josselyn,Side Judge,Keith Washington,Field Judge,Ryan Dickson
202212180sdg,2022-12-18,Sunday,4:25pm,Los Angeles Chargers,Tennessee Titans,sdg,oti,17,14,Brandon Staley,Mike Vrabel,SoFi Stadium,70240,3:02,dome,matrixturf,,QB,Justin Herbert,HerbJu00,RB,Joshua Kelley,KellJo01,RB,Austin Ekeler,EkelAu00,WR,Keenan Allen,AlleKe00,WR,Mike Williams,WillMi07,TE,Gerald Everett,EverGe00,T,Trey Pipkins,PipkTr00,G,Matt Feiler,FeilMa00,G,Jamaree Salyer,SalyJa00,G,Zion Johnson,JohnZi00,C,Corey Linsley,LinsCo00,DL,Breiden Fehoko,FehoBr01,DL,Morgan Fox,FoxxMo00,DT,Sebastian Joseph-Day,JoseSe00,OLB,Khalil Mack,MackKh00,OLB,Kyle Van Noy,VanNKy00,LB,Kenneth Murray,MurrKe00,LB,Drue Tranquill,TranDr00,CB,Michael Davis,DaviMi03,DB,Ja'Sir Taylor,TaylJa04,S,Alohi Gilman,GilmAl00,S,Nasir Adderley,AddeNa00,QB,Ryan Tannehill,TannRy00,RB,Derrick Henry,HenrDe00,WR,Robert Woods,WoodRo02,WR,Nick Westbrook-Ikhine,WestNi00,TE,Geoff Swaim,SwaiGe00,TE,Chig Okonkwo,OkonCh00,OL,Dennis Daley,DaleDe00,OL,Nicholas Petit-Frere,PetiNi00,G,Aaron Brewer,BrewAa01,G,Nate Davis,DaviNa01,C,Ben Jones,JoneBe01,DE,Mario Edwards,EdwaMa01,DT,Naquan Jones,JoneNa01,DT,Jeffery Simmons,SimmJe01,OLB,Bud Dupree,DuprAl00,LB,Monty Rice,RiceMo00,LB,Dylan Cole,ColeDy00,CB,Roger McCreary,McCrRo01,DB,Terrance Mitchell,MitcTe00,DB,John Reid,ReidJo00,DB,Andrew Adams,AdamAn00,S,Kevin Byard,ByarKe01,Referee,Land Clark,Umpire,Paul King,Down Judge,Tom Stephan,Line Judge,Brian Bolinger,Back Judge,Greg Meyer,Side Judge,Dominique Pender,Field Judge,Michael Banks
202212180tam,2022-12-18,Sunday,4:25pm,Tampa Bay Buccaneers,Cincinnati Bengals,tam,cin,23,34,Todd Bowles,Zac Taylor,Raymond James Stadium,69305,3:07,outdoors,grass,"66 degrees, relative humidity 43%, wind 6 mph",QB,Tom Brady,BradTo00,RB,Rachaad White,WhitRa01,WR,Mike Evans,EvanMi00,WR,Chris Godwin,GodwCh00,WR,Breshad Perriman,PerrBr02,TE,Ko Kieft,KiefKo00,OL,Robert Hainsey,HainRo00,T,Josh Wells,WellJo02,T,Donovan Smith,SmitDo02,G,Nick Leverett,LeveNi00,G,Shaq Mason,MasoSh01,DL,Akiem Hicks,HickAk00,DL,Rakeem Nunez-Roches,NuneRa00,OLB,Joe Tryon-Shoyinka,TryoJo00,OLB,Anthony Nelson,NelsAn01,LB,Devin White,WhitDe02,LB,Lavonte David,DaviLa00,CB,Carlton Davis,DaviCa02,CB,Sean Murphy-Bunting,BuntSe00,S,Antoine Winfield Jr.,WinfAn00,S,Logan Ryan,RyanLo00,S,Keanu Neal,NealKe01,QB,Joe Burrow,BurrJo01,RB,Joe Mixon,MixoJo00,WR,Tyler Boyd,BoydTy00,WR,Ja'Marr Chase,ChasJa00,WR,Tee Higgins,HiggTe00,TE,Mitchell Wilcox,WilcMi01,OL,Cordell Volson,VolsCo02,T,Jonah Williams,WillJo10,T,La'el Collins,CollLa01,G,Alex Cappa,CappAl00,C,Ted Karras,KarrTe00,DE,Sam Hubbard,HubbSa00,DT,B.J. Hill,,DT,Josh Tupou,TupoJo00,DT,D.J. Reader,,LB,Logan Wilson,WilsLo00,LB,Germaine Pratt,PratGe00,CB,Cam Taylor-Britt,TaylCa01,CB,Eli Apple,ApplEl00,S,Daxton Hill,HillDa04,S,Vonn Bell,BellVo00,S,Jessie Bates III,BateJe00,Referee,Adrian Hill,Umpire,Roy Ellison,Down Judge,David Oliver,Line Judge,Kevin Codey,Back Judge,Keith Ferguson,Side Judge,Jim Quirk,Field Judge,Mearl Robinson
202212180was,2022-12-18,Sunday,8:15pm,Washington Commanders,New York Giants,was,nyg,12,20,Ron Rivera,Brian Daboll,FedExField,61917,3:07,outdoors,grass,"35 degrees, relative humidity 47%, wind 13 mph",QB,Taylor Heinicke,HeinTa00,RB,Brian Robinson Jr.,RobiBr01,WR,Terry McLaurin,McLaTe00,WR,Jahan Dotson,DotsJa00,TE,John Bates,BateJo00,TE,Logan Thomas,ThomLo00,T,Cornelius Lucas,LucaCo01,T,Charles Leno Jr.,LenoCh00,G,Andrew Norwell,NorwAn01,G,Wes Schweitzer,SchwWe00,G,Trai Turner,TurnTr01,DE,James Smith-Williams,SmitJa08,DE,Montez Sweat,SweaMo00,DT,Jonathan Allen,AlleJo01,DT,Daron Payne,PaynDa00,LB,Jamin Davis,DaviJa11,LB,Jonathan Bostic,BostJo00,CB,Kendall Fuller,FullKe00,CB,Danny Johnson,JohnDa09,S,Darrick Forrest,ForrDa00,S,Bobby McCain,McCaBo01,S,Kamren Curl,CurlKa00,QB,Daniel Jones,JoneDa05,RB,Saquon Barkley,BarkSa00,WR,Isaiah Hodgins,HodgIs00,WR,Richie James,JameRi00,WR,Darius Slayton,SlayDa01,TE,Daniel Bellinger,BellDa00,OL,Jon Feliciano,FeliJo00,OL,Mark Glowinski,GlowMa00,T,Andrew Thomas,ThomAn02,T,Evan Neal,NealEv00,C,Nick Gates,GateNi00,DL,Leonard Williams,WillLe02,DL,Henry Mondeaux,MondHe00,DL,Dexter Lawrence,LawrDe03,OLB,Azeez Ojulari,OjulAz00,OLB,Jaylon Smith,SmitJa05,OLB,Kayvon Thibodeaux,ThibKa00,LB,Micah McFadden,McFaMi01,CB,Nick McCloud,McClNi00,DB,Fabian Moreau,MoreFa00,S,Jason Pinnock,PinnJa01,S,Julian Love,LoveJu00,Referee,John Hussey,Umpire,Alan Eck,Down Judge,Robin DeLorenzo,Line Judge,Carl Johnson,Back Judge,Brad Freeman,Side Judge,Allen Baynes,Field Judge,Jabir Walker
202212190gnb,2022-12-19,Monday,8:15pm,Green Bay Packers,Los Angeles Rams,gnb,ram,24,12,Matt LaFleur,Sean McVay,Lambeau Field,77269,2:57,outdoors,grass,"15 degrees, relative humidity 76%, wind 4 mph",QB,Aaron Rodgers,RodgAa00,RB,Aaron Jones,JoneAa00,WR,Christian Watson,WatsCh00,WR,Allen Lazard,LazaAl00,WR,Randall Cobb,CobbRa00,TE,Marcedes Lewis,LewiMa00,OL,Josh Myers,MyerJo00,OL,Zach Tom,TomxZa00,T,Yosh Nijman,NijmYo01,G,Elgton Jenkins,JenkEl00,G,Jon Runyan Jr.,RunyJo00,DL,Kenny Clark,ClarKe01,DT,Jarran Reed,ReedJa02,LB,Kingsley Enagbare,EnagKi00,LB,De'Vondre Campbell,CampDe00,LB,Preston Smith,SmitPr00,LB,Quay Walker,WalkQu00,CB,Rasul Douglas,DougRa00,CB,Jaire Alexander,AlexJa00,CB,Keisean Nixon,NixoKe00,S,Rudy Ford,FordRu00,S,Adrian Amos,AmosAd00,QB,Baker Mayfield,MayfBa00,RB,Cam Akers,AkerCa00,WR,Ben Skowronek,SkowBe00,WR,Brandon Powell,PoweBr00,WR,Van Jefferson,JeffVa00,TE,Tyler Higbee,HigbTy00,OL,Brian Allen,AlleBr02,OL,Coleman Shelton,ShelCo00,OL,Rob Havenstein,HaveRo00,T,Ty Nsekhe,NsekTy00,C,Matt Skura,SkurMa01,DE,Jonah Williams,WillJo16,DT,Michael Hoecht,HoecMi00,DT,Greg Gaines,GainGr00,DT,Bobby Brown,BrowBo04,OLB,Leonard Floyd,FloyLe00,LB,Bobby Wagner,WagnBo00,CB,Troy Hill,HillTr01,DB,Jalen Ramsey,RamsJa00,DB,Taylor Rapp,RappTa00,DB,Cobie Durant,DuraDe01,S,Nick Scott,ScotNi01,Referee,Shawn Hochuli,Umpire,Terry Killens,Down Judge,Patrick Holt,Line Judge,Greg Bradley,Back Judge,Rich Martinez,Side Judge,Chad Hill,Field Judge,Anthony Flemming
202212220nyj,2022-12-22,Thursday,8:15pm,New York Jets,Jacksonville Jaguars,nyj,jax,3,19,Robert Saleh,Doug Pederson,MetLife Stadium,70043,2:53,outdoors,fieldturf,"43 degrees, relative humidity 89%, wind 17 mph",QB,Zach Wilson,WilsZa00,RB,Zonovan Knight,KnigZo00,WR,Garrett Wilson,WilsGa00,WR,Chris Streveler,StreCh00,WR,Elijah Moore,MoorEl00,TE,C.J. Uzomah,,OL,Nate Herbig,HerbNa01,OL,Connor McGovern,McGoCo00,T,Duane Brown,BrowDu20,T,George Fant,FantGe00,G,Laken Tomlinson,TomlLa01,DE,Carl Lawson,LawsCa00,DT,Sheldon Rankins,RankSh00,DT,John Franklin-Myers,FranJo02,DT,Quinnen Williams,WillQu00,LB,C.J. Mosley,,LB,Quincy Williams,WillQu01,LB,Kwon Alexander,AlexKw00,CB,D.J. Reed,,CB,Sauce Gardner,GardSa00,S,Will Parks,ParkWi01,S,Jordan Whitehead,WhitJo03,QB,Trevor Lawrence,LawrTr00,RB,Travis Etienne,EtieTr00,WR,Zay Jones,JoneZa00,WR,Christian Kirk,KirkCh01,TE,Evan Engram,EngrEv00,TE,Chris Manhertz,ManhCh00,OL,Brandon Scherff,ScheBr00,OL,Jawaan Taylor,TaylJa02,OL,Luke Fortner,FortLu01,OL,Tyler Shatley,ShatTy00,OL,Walker Little,LittWa00,DL,Roy Robertson-Harris,RobeRo00,DL,Corey Peters,PeteCo00,DT,DaVon Hamilton,HamiDa02,OLB,Arden Key,KeyxAr00,OLB,Josh Hines-Allen,AlleJo03,LB,Foyesade Oluokun,OluoFo00,LB,Devin Lloyd,LloyDe00,CB,Darious Williams,WillDa09,CB,Tyson Campbell,CampTy01,S,Rayshawn Jenkins,JenkRa00,S,Andre Cisco,CiscAn00,Referee,Brad Allen,Umpire,Duane Heydt,Down Judge,Sarah Thomas,Line Judge,Daniel Gallagher,Back Judge,Greg Yette,Side Judge,Boris Cheek,Field Judge,Rick Patterson
202212240car,2022-12-24,Saturday,1:00pm,Carolina Panthers,Detroit Lions,car,det,37,23,Steve Wilks,Dan Campbell,Bank of America Stadium,69173,3:07,outdoors,grass,"20 degrees, relative humidity 43%, wind 12 mph",QB,Sam Darnold,DarnSa00,RB,Chuba Hubbard,HubbCh01,WR,D.J. Moore,,WR,Terrace Marshall Jr.,MarsTe00,WR,Laviska Shenault Jr.,ShenLa00,TE,Ian Thomas,ThomIa00,OL,Bradley Bozeman,BozeBr00,T,Taylor Moton,MotoTa00,T,Ikem Ekwonu,EkwoIk00,T,Brady Christensen,ChriBr00,OG,Austin Corbett,CorbAu00,DE,Yetur Gross-Matos,GrosYe00,DE,Brian Burns,BurnBr00,DT,Matthew Ioannidis,IoanMa01,DT,Derrick Brown,BrowDe05,LB,Shaq Thompson,ThomSh01,LB,Frankie Luvu,LuvuFr00,CB,Jaycee Horn,HornJa00,CB,C.J. Henderson,HendCJ00,DB,Myles Hartsfield,HartMy00,S,Jeremy Chinn,ChinJe00,S,Xavier Woods,WoodXa00,QB,Jared Goff,GoffJa00,RB,D'Andre Swift,SwifDA00,WR,DJ Chark,CharDJ00,WR,Amon-Ra St. Brown,StxxAm00,WR,Josh Reynolds,ReynJo00,TE,Brock Wright,WrigBr01,OL,Evan Brown,BrowEv00,T,Taylor Decker,DeckTa00,T,Penei Sewell,SewePe00,G,Jonah Jackson,JackJo03,C,Frank Ragnow,RagnFr00,DL,Aidan Hutchinson,HutcAi00,DL,Alim McNeill,McNeAl00,DL,John Cominsky,ComiJo00,DL,Isaiah Buggs,BuggIs00,LB,Malcolm Rodriguez,RodrMa00,LB,Alex Anzalone,AnzaAl00,CB,Will Harris,HarrWi02,CB,Jerry Jacobs,JacoJe00,CB,Jeff Okudah,OkudJe00,S,Kerby Joseph,JoseKe03,S,Ifeatu Melifonwu,MeliIf00,Referee,Shawn Hochuli,Umpire,Terry Killens,Down Judge,Patrick Holt,Line Judge,Greg Bradley,Back Judge,Rich Martinez,Side Judge,Chad Hill,Field Judge,Anthony Flemming
202212240chi,2022-12-24,Saturday,1:00pm,Chicago Bears,Buffalo Bills,chi,buf,13,35,Matt Eberflus,Sean McDermott,Soldier Field,59929,3:02,outdoors,grass,"7 degrees, relative humidity 72%, wind 17 mph",QB,Justin Fields,FielJu00,RB,David Montgomery,MontDa01,WR,Byron Pringle,PrinBy00,WR,Dante Pettis,PettDa00,WR,Velus Jones Jr.,JoneVe00,TE,Cole Kmet,KmetCo00,OL,Larry Borom,BoroLa00,OL,Michael Schofield,SchoMi00,OL,Riley Reiff,ReifRi00,OL,Sam Mustipher,MustSa01,OL,Braxton Jones,JoneBr08,DL,Justin Jones,JoneJu03,DL,Trevis Gipson,GipsTr00,DL,Dominique Robinson,RobiDo00,DT,Armon Watts,WattAr01,LB,Nicholas Morrow,MorrNi00,LB,Matthew Adams,AdamMa00,LB,Joe Thomas,ThomJo04,DB,Jaylon Jones,JoneJa12,DB,DeAndre Houston-Carson,HousDe00,DB,Kyler Gordon,GordKy00,DB,Jaquan Brisker,BrisJa01,QB,Josh Allen,AlleJo02,RB,Devin Singletary,SingDe00,FB,Reggie Gilliam,GillRe00,WR,Gabe Davis,DaviGa01,WR,Stefon Diggs,DiggSt00,TE,Dawson Knox,KnoxDa00,OL,Ryan Bates,BateRy02,T,Spencer Brown,BrowSp00,T,Dion Dawkins,DawkDi00,G,Greg Van Roten,VanRGr00,G,Rodger Saffold,SaffRo20,DE,Gregory Rousseau,RousGr00,DE,Shaq Lawson,LawsSh00,DT,DaQuan Jones,JoneDa04,DT,Ed Oliver,OlivEd00,LB,Matt Milano,MilaMa00,LB,Tremaine Edmunds,EdmuTr01,CB,Taron Johnson,JohnTa01,CB,Dane Jackson,JackDa02,CB,Tre'Davious White,WhitTr01,S,Jordan Poyer,PoyeJo00,S,Damar Hamlin,HamlDa00,Referee,Carl Cheffers,Umpire,Brandon Cruse,Down Judge,Mike Carr,Line Judge,Jeff Seeman,Back Judge,Matt Edwards,Side Judge,Eugene Hall,Field Judge,Nathan Jones
202212240cle,2022-12-24,Saturday,1:00pm,Cleveland Browns,New Orleans Saints,cle,nor,10,17,Kevin Stefanski,Dennis Allen,FirstEnergy Stadium,67431,2:48,outdoors,grass,"6 degrees, relative humidity 66%, wind 27 mph",QB,Deshaun Watson,WatsDe00,RB,Nick Chubb,ChubNi00,WR,Amari Cooper,CoopAm00,TE,Pharaoh Brown,BrowPh01,TE,Harrison Bryant,BryaHa00,TE,David Njoku,NjokDa00,T,Jack Conklin,ConkJa00,T,Jedrick Wills Jr.,WillJe04,G,Joel Bitonio,BitoJo00,G,Wyatt Teller,TellWy00,C,Ethan Pocic,PociEt00,DE,Alex Wright,WrigAl01,DE,Chase Winovich,WinoCh00,DT,Jordan Elliott,ElliJo02,DT,Taven Bryan,BryaTa00,LB,Jordan Kunaszyk,KunaJo00,LB,Reggie Ragland,RaglRe00,LB,Tony Fields,FielTo00,CB,Greg Newsome II,NewsGr00,CB,Denzel Ward,WardDe02,S,John Johnson,JohnJo10,S,Grant Delpit,DelpGr00,QB,Andy Dalton,DaltAn00,FB,Adam Prentice,PrenAd00,WR,Tre'Quan Smith,SmitTr03,WR,Rashid Shaheed,ShahRa00,TE,Adam Trautman,TrauAd00,TE,Juwan Johnson,JohnJu02,OL,Erik McCoy,McCoEr01,OL,Calvin Throckmorton,ThroCa01,OL,Andrus Peat,PeatAn00,OL,James Hurst,HursJa00,T,Ryan Ramczyk,RamcRy00,DE,Cameron Jordan,JordCa00,DE,Carl Granderson,GranCa01,DT,David Onyemata,OnyeDa00,DT,Shy Tuttle,TuttSh00,LB,Chase Hansen,HansCh02,LB,Kaden Elliss,ElliKa00,LB,Demario Davis,DaviDe00,CB,Paulson Adebo,AdebPa00,CB,Alontae Taylor,TaylAl01,FS,Tyrann Mathieu,MathTy00,S,Justin Evans,EvanJu00,Referee,Brad Rogers,Umpire,Carl Paganelli,Down Judge,Kent Payne,Line Judge,Tom Eaton,Back Judge,Greg Steed,Side Judge,Anthony Jeffries,Field Judge,Aaron Santi
202212240dal,2022-12-24,Saturday,4:25pm,Dallas Cowboys,Philadelphia Eagles,dal,phi,40,34,Mike McCarthy,Nick Sirianni,AT&amp;T Stadium,93754,3:03,retractable roof (closed),matrixturf,,QB,Dak Prescott,PresDa01,RB,Ezekiel Elliott,ElliEz00,WR,Noah Brown,BrowNo00,WR,Michael Gallup,GallMi00,WR,CeeDee Lamb,LambCe00,TE,Dalton Schultz,SchuDa00,OL,Tyler Smith,SmitTy02,T,Tyron Smith,SmitTy00,G,Zack Martin,MartZa00,G,Connor McGovern,McGoCo01,C,Tyler Biadasz,BiadTy00,DE,Carlos Watkins,WatkCa00,DE,DeMarcus Lawrence,LawrDe00,DT,Osa Odighizuwa,OdigOs00,LB,Anthony Barr,BarrAn00,LB,Micah Parsons,ParsMi00,LB,Damone Clark,ClarDa02,CB,Trevon Diggs,DiggTr00,CB,DaRon Bland,BlanDa00,CB,Mackensie Alexander,AlexMa01,S,Jayron Kearse,KearJa00,S,Donovan Wilson,WilsDo01,QB,Gardner Minshew II,MinsGa00,RB,Miles Sanders,SandMi01,WR,Quez Watkins,WatkQu00,WR,A.J. Brown,BrowAJ00,WR,DeVonta Smith,SmitDe07,TE,Dallas Goedert,GoedDa00,T,Lane Johnson,JohnLa01,T,Jordan Mailata,MailJo00,G,Landon Dickerson,DickLa00,G,Isaac Seumalo,SeumIs00,C,Jason Kelce,KelcJa00,DE,Josh Sweat,SweaJo00,DT,Linval Joseph,JoseLi99,DT,Javon Hargrave,HargJa00,DT,Fletcher Cox,CoxxFl00,LB,Haason Reddick,ReddHa00,LB,T.J. Edwards,EdwaTJ02,CB,Avonte Maddox,MaddAv00,CB,Darius Slay,SlayDa00,CB,James Bradberry,BradJa00,S,Reed Blankenship,BlanRe00,S,Marcus Epps,EppsMa00,Referee,Alex Kemp,Umpire,Mike Morton,Down Judge,Danny Short,Line Judge,Jeff Bergman,Back Judge,Scott Helverson,Side Judge,Dale Shaw,Field Judge,John Jenkins
202212240kan,2022-12-24,Saturday,1:00pm,Kansas City Chiefs,Seattle Seahawks,kan,sea,24,10,Andy Reid,Pete Carroll,GEHA Field at Arrowhead Stadium,73331,2:58,outdoors,grass,"12 degrees, relative humidity 61%, wind 9 mph",QB,Patrick Mahomes,MahoPa00,RB,Isiah Pacheco,PachIs00,WR,Justin Watson,WatsJu01,TE,Blake Bell,BellBl00,TE,Noah Gray,GrayNo00,TE,Travis Kelce,KelcTr00,OL,Joe Thuney,ThunJo00,OL,Trey Smith,SmitTr05,T,Orlando Brown Jr.,BrowOr00,G,Andrew Wylie,WyliAn00,C,Creed Humphrey,HumpCr00,DE,George Karlaftis III,KarlGe00,DE,Frank Clark,ClarFr01,DT,Chris Jones,JoneCh09,DT,Derrick Nnadi,NnadDe00,LB,Willie Gay Jr.,GayJWi00,LB,Leo Chenal,ChenLe00,LB,Nick Bolton,BoltNi00,CB,Trent McDuffie,McDuTr00,CB,L'Jarius Sneed,SneeLJ00,S,Justin Reid,ReidJu00,S,Juan Thornhill,ThorJu00,QB,Geno Smith,SmitGe00,RB,Kenneth Walker III,WalkKe00,WR,D.K. Metcalf,MetcDK00,WR,Marquise Goodwin,GoodMa00,TE,Will Dissly,DissWi00,TE,Noah Fant,FantNo00,T,Charles Cross,CrosCh00,T,Abraham Lucas,LucaAb00,G,Austin Blythe,BlytAu00,G,Damien Lewis,LewiDa05,G,Gabe Jackson,JackGa00,DE,Quinton Jefferson,JeffQu00,DE,Shelby Harris,HarrSh00,DT,Poona Ford,FordPo00,LB,Bruce Irvin,IrviBr00,LB,Uchenna Nwosu,NwosUc00,LB,Jordyn Brooks,BrooJo01,LB,Cody Barton,BartCo00,CB,Michael Jackson,JackMi01,CB,Riq Woolen,WoolTa00,SS,Teez Tabor,TaboTe00,FS,Quandre Diggs,DiggQu00,Referee,Clete Blakeman,Umpire,Tab Slaughter,Down Judge,Dana McKenzie,Line Judge,Julian Mapp,Back Judge,Perry Paganelli,Side Judge,Lo Van Pham,Field Judge,Terry Brown
202212240min,2022-12-24,Saturday,1:00pm,Minnesota Vikings,New York Giants,min,nyg,27,24,Kevin O'Connell,Brian Daboll,U.S. Bank Stadium,66919,3:04,dome,sportturf,,QB,Kirk Cousins,CousKi00,RB,Dalvin Cook,CookDa01,WR,Adam Thielen,ThieAd00,WR,Justin Jefferson,JeffJu00,TE,T.J. Hockenson,HockTJ00,TE,Johnny Mundt,MundJo00,OL,Austin Schlottmann,SchlAu00,T,Christian Darrisaw,DarrCh00,T,Brian O'Neill,ONeiBr00,G,Ezra Cleveland,ClevEz00,G,Ed Ingram,IngrEd00,DL,Dalvin Tomlinson,TomlDa00,DL,Harrison Phillips,PhilHa00,DL,James Lynch,LyncJa00,OLB,Danielle Hunter,HuntDa01,OLB,Za'Darius Smith,SmitZa00,LB,Eric Kendricks,KendEr00,LB,Jordan Hicks,HickJo00,CB,Patrick Peterson,PetePa00,CB,Duke Shelley,ShelDu00,S,Harrison Smith,SmitHa00,S,Camryn Bynum,BynuCa00,QB,Daniel Jones,JoneDa05,RB,Saquon Barkley,BarkSa00,WR,Marcus Johnson,JohnMa07,WR,Darius Slayton,SlayDa01,TE,Daniel Bellinger,BellDa00,TE,Nick Vannett,VannNi00,OL,Nick Gates,GateNi00,T,Andrew Thomas,ThomAn02,T,Evan Neal,NealEv00,OG,Mark Glowinski,GlowMa00,C,Jon Feliciano,FeliJo00,DL,Leonard Williams,WillLe02,DL,Dexter Lawrence,LawrDe03,OLB,Azeez Ojulari,OjulAz00,OLB,Kayvon Thibodeaux,ThibKa00,LB,Micah McFadden,McFaMi01,LB,Jaylon Smith,SmitJa05,CB,Nick McCloud,McClNi00,DB,Fabian Moreau,MoreFa00,DB,Cordale Flott,FlotCo00,S,Jason Pinnock,PinnJa01,S,Julian Love,LoveJu00,Referee,Adrian Hill,Umpire,Roy Ellison,Down Judge,David Oliver,Line Judge,Kevin Codey,Back Judge,Keith Ferguson,Side Judge,Jim Quirk,Field Judge,Mearl Robinson
202212240nwe,2022-12-24,Saturday,1:00pm,New England Patriots,Cincinnati Bengals,nwe,cin,18,22,Bill Belichick,Zac Taylor,Gillette Stadium,65878,3:20,outdoors,fieldturf,"21 degrees, relative humidity 43%, wind 2 mph",QB,Mac Jones,JoneMa05,RB,Rhamondre Stevenson,StevRh00,WR,Tyquan Thornton,ThorTy00,WR,Jakobi Meyers,MeyeJa01,TE,Hunter Henry,HenrHu00,TE,Jonnu Smith,SmitJo01,OL,Trent Brown,BrowTr02,OL,Cole Strange,StraCo01,OL,Michael Onwenu,OnweMi00,T,Conor McDermott,McDeCo00,C,David Andrews,AndrDa00,DL,Deatrich Wise Jr.,WiseDe00,DL,Lawrence Guy,GuyxLa00,DT,Davon Godchaux,GodcDa00,MLB,Jahlani Tavai,TavaJa00,LB,Matt Judon,JudoMa00,LB,Ja'Whaun Bentley,BentJa00,DB,Devin McCourty,McCoDe99,DB,Marcus Jones,JoneMa06,DB,Jonathan Jones,JoneJo03,DB,Kyle Dugger,DuggKy00,DB,Myles Bryant,BryaMy01,QB,Joe Burrow,BurrJo01,RB,Joe Mixon,MixoJo00,WR,Tyler Boyd,BoydTy00,WR,Tee Higgins,HiggTe00,WR,Ja'Marr Chase,ChasJa00,TE,Mitchell Wilcox,WilcMi01,T,Jonah Williams,WillJo10,T,La'el Collins,CollLa01,OG,Cordell Volson,VolsCo02,G,Alex Cappa,CappAl00,C,Ted Karras,KarrTe00,DE,Trey Hendrickson,HendTr00,DE,Cameron Sample,SampCa00,DT,Zachary Carter,CartZa00,DT,B.J. Hill,,DT,D.J. Reader,,LB,Logan Wilson,WilsLo00,LB,Germaine Pratt,PratGe00,CB,Cam Taylor-Britt,TaylCa01,CB,Eli Apple,ApplEl00,S,Vonn Bell,BellVo00,S,Jessie Bates III,BateJe00,Referee,Craig Wrolstad,Umpire,Steve Woods,Down Judge,Jim Mello,Line Judge,Tripp Sutter,Back Judge,Grantis Bell,Side Judge,Jeff Lamberth,Field Judge,Jeff Shears
202212240oti,2022-12-24,Saturday,1:00pm,Tennessee Titans,Houston Texans,oti,htx,14,19,Mike Vrabel,Lovie Smith,Nissan Stadium,66634,2:42,outdoors,grass,"22 degrees, relative humidity 55%, wind 14 mph",QB,Malik Willis,WillMa12,RB,Derrick Henry,HenrDe00,WR,Robert Woods,WoodRo02,WR,Nick Westbrook-Ikhine,WestNi00,WR,Chris Conley,ConlCh00,TE,Geoff Swaim,SwaiGe00,OL,Corey Levin,LeviCo00,OL,Nicholas Petit-Frere,PetiNi00,OL,Dennis Daley,DaleDe00,G,Jordan Roos,RoosJo00,G,Aaron Brewer,BrewAa01,DL,Denico Autry,AutrDe00,DT,Jeffery Simmons,SimmJe01,DT,Teair Tart,TartTe00,OLB,Bud Dupree,DuprAl00,LB,Zach Cunningham,CunnZa00,LB,Monty Rice,RiceMo00,CB,Roger McCreary,McCrRo01,CB,Tre Avery,AverTr01,DB,Joshua Kalu,KaluJo00,DB,Andrew Adams,AdamAn00,S,Kevin Byard,ByarKe01,QB,Davis Mills,MillDa02,RB,Royce Freeman,FreeRo00,WR,Brandin Cooks,CookBr00,WR,Chris Moore,MoorCh00,TE,Jordan Akins,AkinJo00,TE,Jeff Driskel,DrisJe00,OL,A.J. Cann,,OL,Laremy Tunsil,TunsLa00,OL,Scott Quessenberry,QuesSc00,OL,Tytus Howard,HowaTy00,OL,Charlie Heck,HeckCh00,DL,Jerry Hughes,HughJe99,DL,Roy Lopez,LopeRo00,DL,Ogbonnia Okoronkwo,OkorOg00,DL,Maliek Collins,CollMa00,LB,Christian Kirksey,KirkCh00,LB,Christian Harris,HarrCh06,DB,Desmond King,KingDe01,DB,Steven Nelson,NelsSt01,DB,Jonathan Owens,OwenJo01,DB,Jalen Pitre,PitrJa00,DB,Tavierre Thomas,ThomTa01,Referee,Shawn Smith,Umpire,Bryan Neale,Down Judge,Mark Hittner,Line Judge,Michael Dolce,Back Judge,Dino Paganelli,Side Judge,Clay Reynard,Field Judge,Dyrol Prioleau
202212240pit,2022-12-24,Saturday,8:15pm,Pittsburgh Steelers,Las Vegas Raiders,pit,rai,13,10,Mike Tomlin,Josh McDaniels,Acrisure Stadium,64761,2:53,outdoors,grass,"9 degrees, relative humidity 76%, wind 21 mph",QB,Kenny Pickett,PickKe00,RB,Najee Harris,HarrNa00,WR,Miles Boykin,BoykMi00,WR,George Pickens,PickGe00,WR,Diontae Johnson,JohnDi01,TE,Pat Freiermuth,FreiPa00,OL,Kevin Dotson,DotsKe00,OL,Mason Cole,ColeMa02,OL,Chukwuma Okorafor,OkorCh00,OL,James Daniels,DaniJa01,T,Dan Moore,MoorDa05,DT,Larry Ogunjobi,OgunLa00,DT,Cameron Heyward,HeywCa01,DT,Montravius Adams,AdamMo00,LB,Myles Jack,JackMy00,LB,Alex Highsmith,HighAl02,LB,Robert Spillane,SpilRo00,LB,T.J. Watt,,CB,Cameron Sutton,SuttCa00,CB,Levi Wallace,WallLe00,S,Damontae Kazee,KazeDa00,S,Minkah Fitzpatrick,FitzMi00,QB,Derek Carr,CarrDe02,RB,Josh Jacobs,JacoJo01,WR,Davante Adams,AdamDa01,WR,Mack Hollins,HollMa00,TE,Darren Waller,WallDa01,TE,Foster Moreau,MoreFo00,OL,Alex Bars,BarsAl01,OL,Jermaine Eluemunor,ElueJe00,T,Kolton Miller,MillKo00,G,Dylan Parham,ParhDy00,C,Andre James,JameAn01,DE,Clelin Ferrell,FerrCl00,DE,Chandler Jones,JoneCh03,DE,Maxx Crosby,CrosMa00,DT,Bilal Nichols,NichBi00,DT,Andrew Billings,BillAn00,LB,Luke Masterson,MastLu00,LB,Denzel Perryman,PerrDe00,CB,Nate Hobbs,HobbNa00,CB,Amik Robertson,RobeAm00,S,Duron Harmon,HarmDu00,S,Tre'von Moehrig,MoehTr00,Referee,Tra Blake,Umpire,Tony Michalek,Down Judge,Patrick Turner,Line Judge,Mark Stewart,Back Judge,Todd Prukop,Side Judge,Don Willard,Field Judge,Tom Hill
202212240rav,2022-12-24,Saturday,1:00pm,Baltimore Ravens,Atlanta Falcons,rav,atl,17,9,John Harbaugh,Arthur Smith,M&amp;T Bank Stadium,70467,2:57,outdoors,grass,"17 degrees, relative humidity 38%, wind 9 mph",QB,Tyler Huntley,HuntTy01,RB,J.K. Dobbins,DobbJK00,FB,Patrick Ricard,RicaPa00,WR,Sammy Watkins,WatkSa00,TE,Josh Oliver,OlivJo00,TE,Mark Andrews,AndrMa00,T,Ronnie Stanley,StanRo00,T,Morgan Moses,MoseMo00,G,Kevin Zeitler,ZeitKe00,G,Ben Powers,PoweBe00,C,Tyler Linderbaum,LindTy00,DT,Broderick Washington Jr.,WashBr01,DT,Nnamdi Madubuike,MaduJu00,OLB,Jason Pierre-Paul,PierJa99,OLB,Tyus Bowser,BowsTy00,LB,Patrick Queen,QueePa00,LB,Roquan Smith,SmitRo07,CB,Marlon Humphrey,HumpMa00,DB,Brandon Stephens,StepBr01,S,Kyle Hamilton,HamiKy00,S,Chuck Clark,ClarCh00,S,Marcus Williams,WillMa06,QB,Desmond Ridder,RiddDe00,RB,Cordarrelle Patterson,PattCo00,WR,Olamide Zaccheaus,ZaccOl01,WR,Damiere Byrd,ByrdDa00,WR,Drake London,LondDr00,TE,Parker Hesse,HessPa00,OL,Elijah Wilkinson,WilkEl00,OL,Drew Dalman,DalmDr00,T,Kaleb McGary,McGaKa00,T,Jake Matthews,MattJa00,G,Chris Lindstrom,LindCh00,DL,Grady Jarrett,JarrGr00,DL,Abdullah Anderson,AndeAb00,DL,Timmy Horne,HornTi00,OLB,Adetokunbo Ogundeji,OgunAd01,OLB,Lorenzo Carter,CartLo01,LB,Rashaan Evans,EvanRa01,LB,Troy Andersen,AndeTr00,CB,Darren Hall,HallDa03,CB,AJ Terrell,TerrAJ00,S,Jaylinn Hawkins,HawkJa00,S,Richie Grant,GranRi00,Referee,Bill Vinovich,Umpire,Alex Moore,Down Judge,Jerry Bergman,Line Judge,Mark Perlman,Back Judge,Jimmy Russell,Side Judge,Jimmy Buchanan,Field Judge,Joe Blubaugh
202212240sfo,2022-12-24,Saturday,4:05pm,San Francisco 49ers,Washington Commanders,sfo,was,37,20,Kyle Shanahan,Ron Rivera,Levi's Stadium,71642,3:10,outdoors,grass,"54 degrees, relative humidity 82%, wind 2 mph",QB,Brock Purdy,PurdBr00,RB,Christian McCaffrey,McCaCh01,WR,Brandon Aiyuk,AiyuBr00,WR,Jauan Jennings,JennJa00,TE,Tyler Kroft,KrofTy00,TE,George Kittle,KittGe00,OL,Aaron Banks,BankAa00,OL,Jake Brendel,BrenJa01,OL,Spencer Burford,BurfSp00,T,Trent Williams,WillTr21,T,Mike McGlinchey,McGlMi00,DL,Arik Armstead,ArmsAr01,DE,Samson Ebukam,EbukSa00,DE,Nick Bosa,BosaNi00,DT,Javon Kinlaw,KinlJa00,LB,Dre Greenlaw,GreeDr00,LB,Fred Warner,WarnFr00,LB,Azeez Al-Shaair,AlShAz00,CB,Charvarius Ward,WardCh01,DB,Deommodore Lenoir,LenoDe00,S,Talanoa Hufanga,HufaTa00,S,Tashaun Gipson,GipsTa00,QB,Taylor Heinicke,HeinTa00,RB,Brian Robinson Jr.,RobiBr01,WR,Jahan Dotson,DotsJa00,WR,Terry McLaurin,McLaTe00,TE,John Bates,BateJo00,TE,Logan Thomas,ThomLo00,T,Charles Leno Jr.,LenoCh00,T,Cornelius Lucas,LucaCo01,G,Trai Turner,TurnTr01,G,Wes Schweitzer,SchwWe00,G,Andrew Norwell,NorwAn01,DE,James Smith-Williams,SmitJa08,DE,Montez Sweat,SweaMo00,DT,Daron Payne,PaynDa00,DT,John Ridgeway,RidgJo00,DT,Jonathan Allen,AlleJo01,LB,David Mayo,MayoDa00,LB,Jamin Davis,DaviJa11,CB,Kendall Fuller,FullKe00,CB,Benjamin St-Juste,StJuBe00,S,Jeremy Reaves,ReavJe00,S,Darrick Forrest,ForrDa00,Referee,Jerome Boger,Umpire,Barry Anderson,Down Judge,Frank LeBlanc,Line Judge,Rusty Baynes,Back Judge,Steve Patrick,Side Judge,Jonah Monroe,Field Judge,Alonzo Ramsey
202212250crd,2022-12-25,Sunday,8:20pm,Arizona Cardinals,Tampa Bay Buccaneers,crd,tam,16,19,Kliff Kingsbury,Todd Bowles,State Farm Stadium,63393,3:31,retractable roof (open),grass,,QB,Trace McSorley,McSoTr00,RB,James Conner,ConnJa00,WR,Greg Dortch,DortGr01,WR,DeAndre Hopkins,HopkDe00,WR,A.J. Green,,TE,Trey McBride,McBrTr01,OL,Kelvin Beachum,BeacKe00,OL,Billy Price,PricBi01,OL,Josh Jones,JoneJo07,OL,Will Hernandez,HernWi00,OL,Max Garcia,GarcMa00,DE,J.J. Watt,,DT,Leki Fotu,FotuLe00,OLB,Markus Golden,GoldMa00,OLB,Myjai Sanders,SandMy00,LB,Zaven Collins,CollZa00,LB,Ben Niemann,NiemBe00,LB,Isaiah Simmons,SimmIs00,CB,Antonio Hamilton,HamiAn01,CB,Marco Wilson,WilsMa04,S,Budda Baker,BakeBu00,S,Jalen Thompson,ThomJa04,QB,Tom Brady,BradTo00,RB,Rachaad White,WhitRa01,WR,Mike Evans,EvanMi00,WR,Chris Godwin,GodwCh00,WR,Julio Jones,JoneJu02,TE,Cade Otton,OttoCa00,OL,Robert Hainsey,HainRo00,T,Tristan Wirfs,WirfTr00,T,Josh Wells,WellJo02,G,Shaq Mason,MasoSh01,G,Nick Leverett,LeveNi00,DL,Akiem Hicks,HickAk00,DL,Rakeem Nunez-Roches,NuneRa00,OLB,Anthony Nelson,NelsAn01,OLB,Joe Tryon-Shoyinka,TryoJo00,LB,Lavonte David,DaviLa00,LB,Devin White,WhitDe02,CB,Carlton Davis,DaviCa02,CB,Sean Murphy-Bunting,BuntSe00,S,Mike Edwards,EdwaMi01,S,Logan Ryan,RyanLo00,S,Antoine Winfield Jr.,WinfAn00,Referee,John Hussey,Umpire,Alan Eck,Down Judge,Robin DeLorenzo,Line Judge,Carl Johnson,Back Judge,Brad Freeman,Side Judge,Allen Baynes,Field Judge,Jabir Walker
202212250mia,2022-12-25,Sunday,1:00pm,Miami Dolphins,Green Bay Packers,mia,gnb,20,26,Mike McDaniel,Matt LaFleur,Hard Rock Stadium,66328,2:59,outdoors,grass,"45 degrees, relative humidity 68%, wind 14 mph",QB,Tua Tagovailoa,TagoTu00,RB,Raheem Mostert,MostRa00,FB,Alec Ingold,IngoAl01,WR,Jaylen Waddle,WaddJa00,WR,Tyreek Hill,HillTy00,TE,Durham Smythe,SmytDu00,OL,Connor Williams,WillCo00,OL,Brandon Shell,ShelBr00,OL,Robert Jones,JoneRo02,OL,Robert Hunt,HuntRo01,T,Terron Armstead,ArmsTe00,DT,Zach Sieler,SielZa00,DT,Raekwon Davis,DaviRa03,DT,Christian Wilkins,WilkCh00,LB,Jaelan Phillips,PhilJa02,LB,Elandon Roberts,RobeEl00,LB,Bradley Chubb,ChubBr00,LB,Jerome Baker,BakeJe00,CB,Kader Kohou,KohoKa00,CB,Xavien Howard,HowaXa00,S,Eric Rowe,RoweEr00,S,Jevon Holland,HollJe02,QB,Aaron Rodgers,RodgAa00,RB,Aaron Jones,JoneAa00,WR,Christian Watson,WatsCh00,WR,Allen Lazard,LazaAl00,WR,Randall Cobb,CobbRa00,TE,Marcedes Lewis,LewiMa00,OL,Elgton Jenkins,JenkEl00,OL,Josh Myers,MyerJo00,OL,Zach Tom,TomxZa00,T,Yosh Nijman,NijmYo01,G,Jon Runyan Jr.,RunyJo00,DL,Kenny Clark,ClarKe01,DL,Dean Lowry,LowrDe00,DT,Jarran Reed,ReedJa02,LB,Kingsley Enagbare,EnagKi00,LB,De'Vondre Campbell,CampDe00,LB,Preston Smith,SmitPr00,LB,Quay Walker,WalkQu00,CB,Rasul Douglas,DougRa00,CB,Jaire Alexander,AlexJa00,S,Rudy Ford,FordRu00,S,Adrian Amos,AmosAd00,Referee,Land Clark,Umpire,Paul King,Down Judge,Tom Stephan,Line Judge,Brian Bolinger,Back Judge,Greg Meyer,Side Judge,Dominique Pender,Field Judge,Michael Banks
202212250ram,2022-12-25,Sunday,4:30pm,Los Angeles Rams,Denver Broncos,ram,den,51,14,Sean McVay,Nathaniel Hackett,SoFi Stadium,71525,2:58,dome,matrixturf,,QB,Baker Mayfield,MayfBa00,RB,Cam Akers,AkerCa00,WR,Tutu Atwell,AtweTu00,WR,Brandon Powell,PoweBr00,WR,Van Jefferson,JeffVa00,TE,Tyler Higbee,HigbTy00,OT,Rob Havenstein,HaveRo00,T,Ty Nsekhe,NsekTy00,OG,Coleman Shelton,ShelCo00,G,Oday Aboushi,AbouOd00,C,Matt Skura,SkurMa01,DE,Earnest Brown IV,BrowEa00,DT,Jonah Williams,WillJo16,DT,Michael Hoecht,HoecMi00,DT,Greg Gaines,GainGr00,LB,Ernest Jones,JoneEr01,LB,Bobby Wagner,WagnBo00,LB,Leonard Floyd,FloyLe00,CB,Troy Hill,HillTr01,DB,Jalen Ramsey,RamsJa00,DB,Taylor Rapp,RappTa00,DB,Nick Scott,ScotNi01,QB,Russell Wilson,WilsRu00,RB,Latavius Murray,MurrLa00,WR,Courtland Sutton,SuttCo00,WR,Jerry Jeudy,JeudJe00,TE,Greg Dulcich,DulcGr00,TE,Eric Tomlinson,TomlEr01,OL,Quinn Meinerz,MeinQu02,OL,Billy Turner,TurnBi00,T,Cameron Fleming,FlemCa00,G,Dalton Risner,RisnDa00,G,Graham Glasgow,GlasGr00,DL,Jonathan Harris,HarrJo05,DL,DeShawn Williams,WillDe04,DT,D.J. Jones,,OLB,Baron Browning,BrowBa01,OLB,Jonathon Cooper,CoopJo02,LB,Josey Jewell,JeweJo00,LB,Alex Singleton,SingAl00,CB,Damarri Mathis,MathDa00,CB,Patrick Surtain II,SurtPa01,S,Kareem Jackson,JackKa99,S,Justin Simmons,SimmJu00,Referee,Ron Torbert,Umpire,Mark Pellis,Down Judge,Max Causey,Line Judge,Tim Podraza,Back Judge,Tony Josselyn,Side Judge,Keith Washington,Field Judge,Ryan Dickson
202212260clt,2022-12-26,Monday,8:15pm,Indianapolis Colts,Los Angeles Chargers,clt,sdg,3,20,Jeff Saturday,Brandon Staley,Lucas Oil Stadium,65576,2:48,retractable roof (closed),fieldturf,,QB,Nick Foles,FoleNi00,RB,Zack Moss,MossZa00,WR,Parris Campbell,CampPa00,WR,Michael Pittman Jr.,PittMi01,WR,Alec Pierce,PierAl00,TE,Jelani Woods,WoodJe01,OL,Quenton Nelson,NelsQu00,T,Braden Smith,SmitBr06,T,Bernhard Raimann,RaimBe00,G,Will Fries,FrieWi00,C,Ryan Kelly,KellRy00,DE,Yannick Ngakoue,NgakYa00,DE,Kwity Paye,PayeKw00,DT,Grover Stewart,StewGr00,DT,DeForest Buckner,BuckDe00,LB,Bobby Okereke,OkerBo00,LB,Zaire Franklin,FranZa00,CB,Stephon Gilmore,GilmSt00,CB,Isaiah Rodgers,RodgIs00,DB,Rodney Thomas II,ThomRo07,S,Julian Blackmon,BlacJu01,S,Rodney McLeod,McLeRo00,QB,Justin Herbert,HerbJu00,RB,Austin Ekeler,EkelAu00,WR,Keenan Allen,AlleKe00,WR,Mike Williams,WillMi07,WR,Josh Palmer,PalmJo00,TE,Tre' McKitty,McKiTr00,T,Trey Pipkins,PipkTr00,G,Matt Feiler,FeilMa00,G,Jamaree Salyer,SalyJa00,G,Zion Johnson,JohnZi00,C,Corey Linsley,LinsCo00,DL,Morgan Fox,FoxxMo00,DT,Sebastian Joseph-Day,JoseSe00,OLB,Khalil Mack,MackKh00,OLB,Kyle Van Noy,VanNKy00,LB,Kenneth Murray,MurrKe00,LB,Drue Tranquill,TranDr00,CB,Bryce Callahan,CallBr00,CB,Michael Davis,DaviMi03,CB,Asante Samuel Jr.,SamuAs00,S,Derwin James,JameDe00,S,Nasir Adderley,AddeNa00,Referee,Clay Martin,Umpire,Fred Bryan,Down Judge,Jerod Phillips,Line Judge,Maia Chaka,Back Judge,Greg Wilson,Side Judge,Dave Hawkshaw,Field Judge,James Coleman
202212290oti,2022-12-29,Thursday,8:15pm,Tennessee Titans,Dallas Cowboys,oti,dal,13,27,Mike Vrabel,Mike McCarthy,Nissan Stadium,69292,3:02,outdoors,grass,"56 degrees, relative humidity 72%, wind 4 mph",QB,Joshua Dobbs,DobbJo00,RB,Hassan Haskins,HaskHa00,WR,Robert Woods,WoodRo02,WR,Treylon Burks,BurkTr00,WR,Nick Westbrook-Ikhine,WestNi00,TE,Chig Okonkwo,OkonCh00,OL,Dennis Daley,DaleDe00,OL,Corey Levin,LeviCo00,T,Le'Raven Clark,ClarLe01,G,Aaron Brewer,BrewAa01,G,Jordan Roos,RoosJo00,DL,DeMarcus Walker,WalkDe03,DE,Mario Edwards,EdwaMa01,DT,Teair Tart,TartTe00,OLB,Rashad Weaver,WeavRa00,LB,Monty Rice,RiceMo00,LB,Jack Gibbens,GibbJa00,CB,Tre Avery,AverTr01,CB,Roger McCreary,McCrRo01,DB,Joshua Kalu,KaluJo00,DB,Andrew Adams,AdamAn00,S,Kevin Byard,ByarKe01,QB,Dak Prescott,PresDa01,RB,Ezekiel Elliott,ElliEz00,WR,Noah Brown,BrowNo00,WR,Michael Gallup,GallMi00,WR,CeeDee Lamb,LambCe00,TE,Dalton Schultz,SchuDa00,OL,Tyler Smith,SmitTy02,T,Tyron Smith,SmitTy00,G,Connor McGovern,McGoCo01,G,Zack Martin,MartZa00,C,Tyler Biadasz,BiadTy00,DE,DeMarcus Lawrence,LawrDe00,DE,Carlos Watkins,WatkCa00,DT,Osa Odighizuwa,OdigOs00,LB,Micah Parsons,ParsMi00,LB,Damone Clark,ClarDa02,LB,Anthony Barr,BarrAn00,CB,Trevon Diggs,DiggTr00,CB,DaRon Bland,BlanDa00,CB,Nahshon Wright,WrigNa00,S,Jayron Kearse,KearJa00,S,Donovan Wilson,WilsDo01,Referee,Shawn Hochuli,Umpire,Terry Killens,Down Judge,Patrick Holt,Line Judge,Greg Bradley,Back Judge,Rich Martinez,Side Judge,Chad Hill,Field Judge,Anthony Flemming
202301010atl,2023-01-01,Sunday,1:00pm,Atlanta Falcons,Arizona Cardinals,atl,crd,20,19,Arthur Smith,Kliff Kingsbury,Mercedes-Benz Stadium,69269,2:56,retractable roof (closed),fieldturf,,QB,Desmond Ridder,RiddDe00,RB,Cordarrelle Patterson,PattCo00,FB,Keith Smith,SmitKe03,WR,Olamide Zaccheaus,ZaccOl01,WR,Drake London,LondDr00,TE,Parker Hesse,HessPa00,OL,Drew Dalman,DalmDr00,OL,Matt Hennessy,HennMa00,T,Kaleb McGary,McGaKa00,T,Jake Matthews,MattJa00,G,Chris Lindstrom,LindCh00,DL,Abdullah Anderson,AndeAb00,DL,Grady Jarrett,JarrGr00,OLB,Adetokunbo Ogundeji,OgunAd01,OLB,Lorenzo Carter,CartLo01,LB,Rashaan Evans,EvanRa01,LB,Troy Andersen,AndeTr00,CB,Isaiah Oliver,OlivIs00,CB,AJ Terrell,TerrAJ00,DB,Cornell Armstrong,ArmsCo00,S,Jaylinn Hawkins,HawkJa00,S,Richie Grant,GranRi00,QB,David Blough,BlouDa00,RB,James Conner,ConnJa00,WR,Marquise Brown,BrowMa04,WR,Greg Dortch,DortGr01,WR,Robbie Chosen,AndeRo04,TE,Trey McBride,McBrTr01,OL,Kelvin Beachum,BeacKe00,OL,Max Garcia,GarcMa00,OL,Billy Price,PricBi01,OL,Will Hernandez,HernWi00,OL,Josh Jones,JoneJo07,DE,J.J. Watt,,DE,Michael Dogbe,DogbMi00,DE,Jonathan Ledbetter,LedbJo01,DT,Leki Fotu,FotuLe00,OLB,Markus Golden,GoldMa00,OLB,Dennis Gardeck,GardDe01,LB,Isaiah Simmons,SimmIs00,LB,Zaven Collins,CollZa00,CB,Christian Matthew,MattCh01,CB,Jace Whittaker,WhitJa05,S,Jalen Thompson,ThomJa04,Referee,Alex Kemp,Umpire,Mike Morton,Down Judge,Danny Short,Line Judge,Jeff Bergman,Back Judge,Scott Helverson,Side Judge,Dale Shaw,Field Judge,John Jenkins
202301010det,2023-01-01,Sunday,1:00pm,Detroit Lions,Chicago Bears,det,chi,41,10,Dan Campbell,Matt Eberflus,Ford Field,66169,2:54,dome,fieldturf,,QB,Jared Goff,GoffJa00,RB,Jamaal Williams,WillJa06,WR,DJ Chark,CharDJ00,WR,Amon-Ra St. Brown,StxxAm00,TE,Shane Zylstra,ZylsSh00,TE,Brock Wright,WrigBr01,OL,Evan Brown,BrowEv00,T,Penei Sewell,SewePe00,T,Taylor Decker,DeckTa00,G,Jonah Jackson,JackJo03,C,Frank Ragnow,RagnFr00,DL,Aidan Hutchinson,HutcAi00,DL,Alim McNeill,McNeAl00,DL,John Cominsky,ComiJo00,DL,Isaiah Buggs,BuggIs00,LB,James Houston,HousJa01,LB,Malcolm Rodriguez,RodrMa00,LB,Alex Anzalone,AnzaAl00,CB,Will Harris,HarrWi02,CB,Jerry Jacobs,JacoJe00,CB,Jeff Okudah,OkudJe00,S,Kerby Joseph,JoseKe03,QB,Justin Fields,FielJu00,RB,David Montgomery,MontDa01,WR,Equanimeous St. Brown,,WR,Byron Pringle,PrinBy00,WR,Dante Pettis,PettDa00,TE,Cole Kmet,KmetCo00,OL,Cody Whitehair,WhitCo03,OL,Riley Reiff,ReifRi00,OL,Sam Mustipher,MustSa01,OL,Braxton Jones,JoneBr08,OL,Teven Jenkins,JenkTe00,DL,Justin Jones,JoneJu03,DL,Mike Pennel,PennMi00,DL,Trevis Gipson,GipsTr00,DL,Angelo Blackson,BlacAn00,LB,Nicholas Morrow,MorrNi00,LB,Joe Thomas,ThomJo04,LB,Matthew Adams,AdamMa00,DB,Jaylon Jones,JoneJa12,DB,DeAndre Houston-Carson,HousDe00,DB,Kyler Gordon,GordKy00,DB,Jaquan Brisker,BrisJa01,Referee,Adrian Hill,Umpire,Roy Ellison,Down Judge,David Oliver,Line Judge,Kevin Codey,Back Judge,Keith Ferguson,Side Judge,Jim Quirk,Field Judge,Mearl Robinson
202301010gnb,2023-01-01,Sunday,4:25pm,Green Bay Packers,Minnesota Vikings,gnb,min,41,17,Matt LaFleur,Kevin O'Connell,Lambeau Field,78190,2:54,outdoors,grass,"39 degrees, relative humidity 79%, wind 7 mph",QB,Aaron Rodgers,RodgAa00,RB,Aaron Jones,JoneAa00,WR,Christian Watson,WatsCh00,WR,Allen Lazard,LazaAl00,TE,Marcedes Lewis,LewiMa00,TE,Josiah Deguara,DeguJo00,OL,Elgton Jenkins,JenkEl00,OL,Josh Myers,MyerJo00,T,Yosh Nijman,NijmYo01,T,David Bakhtiari,BakhDa00,G,Jon Runyan Jr.,RunyJo00,DL,Kenny Clark,ClarKe01,DL,Tedarrell Slaton,SlatTe00,DT,Jarran Reed,ReedJa02,LB,Kingsley Enagbare,EnagKi00,LB,De'Vondre Campbell,CampDe00,LB,Quay Walker,WalkQu00,LB,Preston Smith,SmitPr00,CB,Rasul Douglas,DougRa00,CB,Jaire Alexander,AlexJa00,S,Darnell Savage Jr.,SavaDa00,S,Adrian Amos,AmosAd00,QB,Kirk Cousins,CousKi00,RB,Dalvin Cook,CookDa01,FB,C.J. Ham,,WR,Adam Thielen,ThieAd00,WR,Justin Jefferson,JeffJu00,TE,Johnny Mundt,MundJo00,OL,Austin Schlottmann,SchlAu00,T,Christian Darrisaw,DarrCh00,T,Brian O'Neill,ONeiBr00,G,Ezra Cleveland,ClevEz00,G,Ed Ingram,IngrEd00,DL,Harrison Phillips,PhilHa00,DL,Dalvin Tomlinson,TomlDa00,DL,Khyiris Tonga,TongKh00,OLB,Danielle Hunter,HuntDa01,OLB,Za'Darius Smith,SmitZa00,LB,Eric Kendricks,KendEr00,LB,Jordan Hicks,HickJo00,CB,Patrick Peterson,PetePa00,CB,Duke Shelley,ShelDu00,S,Harrison Smith,SmitHa00,S,Camryn Bynum,BynuCa00,Referee,Carl Cheffers,Umpire,Brandon Cruse,Down Judge,Mike Carr,Line Judge,Jeff Seeman,Back Judge,Matt Edwards,Side Judge,Eugene Hall,Field Judge,Nathan Jones
202301010htx,2023-01-01,Sunday,1:00pm,Houston Texans,Jacksonville Jaguars,htx,jax,3,31,Lovie Smith,Doug Pederson,NRG Stadium,64581,2:54,retractable roof (closed),astroturf,,QB,Davis Mills,MillDa02,RB,Dare Ogunbowale,OgunDa00,FB,Troy Hairston,HairTr00,WR,Brandin Cooks,CookBr00,WR,Chris Moore,MoorCh00,TE,O.J. Howard,,OL,Laremy Tunsil,TunsLa00,OL,Kenyon Green,GreeKe03,OL,Scott Quessenberry,QuesSc00,OL,Tytus Howard,HowaTy00,OL,A.J. Cann,,DL,Roy Lopez,LopeRo00,DL,Ogbonnia Okoronkwo,OkorOg00,DL,Jerry Hughes,HughJe99,DL,Maliek Collins,CollMa00,LB,Christian Kirksey,KirkCh00,LB,Christian Harris,HarrCh06,DB,Steven Nelson,NelsSt01,DB,Desmond King,KingDe01,DB,Jonathan Owens,OwenJo01,DB,Jalen Pitre,PitrJa00,DB,Tavierre Thomas,ThomTa01,QB,Trevor Lawrence,LawrTr00,RB,Travis Etienne,EtieTr00,WR,Christian Kirk,KirkCh01,WR,Zay Jones,JoneZa00,WR,Marvin Jones,JoneMa02,TE,Evan Engram,EngrEv00,OL,Brandon Scherff,ScheBr00,OL,Walker Little,LittWa00,OL,Tyler Shatley,ShatTy00,OL,Luke Fortner,FortLu01,OL,Jawaan Taylor,TaylJa02,DL,Folorunso Fatukasi,FatuFo00,DL,Roy Robertson-Harris,RobeRo00,DT,DaVon Hamilton,HamiDa02,OLB,Arden Key,KeyxAr00,OLB,Josh Hines-Allen,AlleJo03,LB,Devin Lloyd,LloyDe00,LB,Foyesade Oluokun,OluoFo00,CB,Darious Williams,WillDa09,CB,Tyson Campbell,CampTy01,S,Rayshawn Jenkins,JenkRa00,S,Andre Cisco,CiscAn00,Referee,Scott Novak,Umpire,Ramon George,Down Judge,Derick Bowers,Line Judge,Walt Coleman IV,Back Judge,Terrence Miles,Side Judge,David Meslow,Field Judge,Tra Boger
202301010kan,2023-01-01,Sunday,1:00pm,Kansas City Chiefs,Denver Broncos,kan,den,27,24,Andy Reid,Jerry Rosburg,GEHA Field at Arrowhead Stadium,73571,3:04,outdoors,grass,"47 degrees, relative humidity 80%, wind 2 mph",QB,Patrick Mahomes,MahoPa00,RB,Isiah Pacheco,PachIs00,WR,Marquez Valdes-Scantling,ValdMa00,WR,Kadarius Toney,ToneKa00,WR,JuJu Smith-Schuster,SmitJu00,TE,Travis Kelce,KelcTr00,OL,Joe Thuney,ThunJo00,OL,Trey Smith,SmitTr05,T,Orlando Brown Jr.,BrowOr00,G,Andrew Wylie,WyliAn00,C,Creed Humphrey,HumpCr00,DE,George Karlaftis III,KarlGe00,DE,Frank Clark,ClarFr01,DT,Derrick Nnadi,NnadDe00,DT,Chris Jones,JoneCh09,LB,Willie Gay Jr.,GayJWi00,LB,Nick Bolton,BoltNi00,CB,Trent McDuffie,McDuTr00,CB,L'Jarius Sneed,SneeLJ00,CB,Jaylen Watson,WatsJa02,S,Justin Reid,ReidJu00,S,Juan Thornhill,ThorJu00,QB,Russell Wilson,WilsRu00,RB,Latavius Murray,MurrLa00,RB,Chase Edmonds,EdmoCh00,WR,Courtland Sutton,SuttCo00,WR,Jerry Jeudy,JeudJe00,TE,Albert Okwuegbunam,OkwuAl00,OL,Billy Turner,TurnBi00,OL,Quinn Meinerz,MeinQu02,T,Cameron Fleming,FlemCa00,G,Dalton Risner,RisnDa00,G,Graham Glasgow,GlasGr00,DL,Mike Purcell,PurcMi00,DL,Jonathan Harris,HarrJo05,DL,DeShawn Williams,WillDe04,OLB,Nik Bonitto,BoniNi00,OLB,Jonathon Cooper,CoopJo02,LB,Josey Jewell,JeweJo00,CB,Damarri Mathis,MathDa00,CB,Patrick Surtain II,SurtPa01,CB,K'Waun Williams,WillKW00,S,Kareem Jackson,JackKa99,S,Justin Simmons,SimmJu00,Referee,Tra Blake,Umpire,Tony Michalek,Down Judge,Patrick Turner,Line Judge,Mark Stewart,Back Judge,Todd Prukop,Side Judge,Don Willard,Field Judge,Tom Hill
202301010nwe,2023-01-01,Sunday,1:00pm,New England Patriots,Miami Dolphins,nwe,mia,23,21,Bill Belichick,Mike McDaniel,Gillette Stadium,65878,3:10,outdoors,fieldturf,"53 degrees, relative humidity 73%, wind 2 mph",QB,Mac Jones,JoneMa05,RB,Rhamondre Stevenson,StevRh00,WR,Nelson Agholor,AghoNe00,WR,Tyquan Thornton,ThorTy00,WR,Jakobi Meyers,MeyeJa01,TE,Hunter Henry,HenrHu00,OL,Trent Brown,BrowTr02,OL,Cole Strange,StraCo01,OL,Michael Onwenu,OnweMi00,T,Conor McDermott,McDeCo00,C,David Andrews,AndrDa00,DL,Deatrich Wise Jr.,WiseDe00,DL,Lawrence Guy,GuyxLa00,DT,Davon Godchaux,GodcDa00,MLB,Jahlani Tavai,TavaJa00,LB,Matt Judon,JudoMa00,LB,Ja'Whaun Bentley,BentJa00,DB,Devin McCourty,McCoDe99,DB,Jonathan Jones,JoneJo03,DB,Jabrill Peppers,PeppJa00,DB,Kyle Dugger,DuggKy00,DB,Myles Bryant,BryaMy01,QB,Teddy Bridgewater,BridTe00,RB,Raheem Mostert,MostRa00,WR,Jaylen Waddle,WaddJa00,WR,Trent Sherfield,SherTr00,WR,Tyreek Hill,HillTy00,TE,Durham Smythe,SmytDu00,OL,Connor Williams,WillCo00,OL,Brandon Shell,ShelBr00,OL,Robert Hunt,HuntRo01,OL,Liam Eichenberg,EichLi00,T,Kendall Lamm,LammKe00,DT,Zach Sieler,SielZa00,DT,Raekwon Davis,DaviRa03,DT,Christian Wilkins,WilkCh00,LB,Jaelan Phillips,PhilJa02,LB,Elandon Roberts,RobeEl00,LB,Andrew Van Ginkel,VanGAn00,LB,Jerome Baker,BakeJe00,CB,Kader Kohou,KohoKa00,DB,Keion Crossen,CrosKe00,S,Eric Rowe,RoweEr00,S,Jevon Holland,HollJe02,Referee,Brad Allen,Umpire,Duane Heydt,Down Judge,Sarah Thomas,Line Judge,Daniel Gallagher,Back Judge,Greg Yette,Side Judge,Boris Cheek,Field Judge,Rick Patterson
202301010nyg,2023-01-01,Sunday,1:00pm,New York Giants,Indianapolis Colts,nyg,clt,38,10,Brian Daboll,Jeff Saturday,MetLife Stadium,77399,2:42,outdoors,fieldturf,"52 degrees, relative humidity 57%, wind 14 mph",QB,Daniel Jones,JoneDa05,RB,Saquon Barkley,BarkSa00,WR,Isaiah Hodgins,HodgIs00,WR,Marcus Johnson,JohnMa07,WR,Darius Slayton,SlayDa01,TE,Daniel Bellinger,BellDa00,OL,Nick Gates,GateNi00,T,Andrew Thomas,ThomAn02,T,Evan Neal,NealEv00,OG,Mark Glowinski,GlowMa00,C,Jon Feliciano,FeliJo00,DL,Leonard Williams,WillLe02,DL,Dexter Lawrence,LawrDe03,OLB,Kayvon Thibodeaux,ThibKa00,OLB,Jihad Ward,WardJi02,LB,Micah McFadden,McFaMi01,LB,Jaylon Smith,SmitJa05,CB,Nick McCloud,McClNi00,DB,Fabian Moreau,MoreFa00,DB,Cordale Flott,FlotCo00,S,Xavier McKinney,McKiXa00,S,Julian Love,LoveJu00,QB,Nick Foles,FoleNi00,RB,Zack Moss,MossZa00,WR,Michael Pittman Jr.,PittMi01,WR,Parris Campbell,CampPa00,TE,Jelani Woods,WoodJe01,TE,Mo Alie-Cox,AlieMo00,OL,Quenton Nelson,NelsQu00,T,Bernhard Raimann,RaimBe00,T,Braden Smith,SmitBr06,G,Will Fries,FrieWi00,C,Ryan Kelly,KellRy00,DE,Dayo Odeyingbo,OdeyDa00,DE,Kwity Paye,PayeKw00,DT,DeForest Buckner,BuckDe00,DT,Grover Stewart,StewGr00,LB,Zaire Franklin,FranZa00,LB,Bobby Okereke,OkerBo00,CB,Stephon Gilmore,GilmSt00,CB,Brandon Facyson,FacyBr00,DB,Rodney Thomas II,ThomRo07,S,Rodney McLeod,McLeRo00,S,Julian Blackmon,BlacJu01,Referee,Craig Wrolstad,Umpire,Steve Woods,Down Judge,Jim Mello,Line Judge,Tripp Sutter,Back Judge,Grantis Bell,Side Judge,Jeff Lamberth,Field Judge,Jeff Shears
202301010phi,2023-01-01,Sunday,1:00pm,Philadelphia Eagles,New Orleans Saints,phi,nor,10,20,Nick Sirianni,Dennis Allen,Lincoln Financial Field,69796,2:53,outdoors,grass,"54 degrees, relative humidity 57%, wind 11 mph",QB,Gardner Minshew II,MinsGa00,RB,Miles Sanders,SandMi01,WR,A.J. Brown,BrowAJ00,WR,DeVonta Smith,SmitDe07,TE,Jack Stoll,StolJa00,TE,Dallas Goedert,GoedDa00,OL,Jack Driscoll,DrisJa00,T,Jordan Mailata,MailJo00,G,Landon Dickerson,DickLa00,G,Isaac Seumalo,SeumIs00,C,Jason Kelce,KelcJa00,DE,Josh Sweat,SweaJo00,DT,Fletcher Cox,CoxxFl00,DT,Javon Hargrave,HargJa00,DT,Linval Joseph,JoseLi99,LB,Kyzir White,WhitKy00,LB,Haason Reddick,ReddHa00,LB,T.J. Edwards,EdwaTJ02,CB,Darius Slay,SlayDa00,CB,James Bradberry,BradJa00,S,Marcus Epps,EppsMa00,S,Reed Blankenship,BlanRe00,QB,Andy Dalton,DaltAn00,RB,Alvin Kamara,KamaAl00,WR,Rashid Shaheed,ShahRa00,WR,Chris Olave,OlavCh00,TE,Adam Trautman,TrauAd00,TE,Juwan Johnson,JohnJu02,OL,James Hurst,HursJa00,OL,Calvin Throckmorton,ThroCa01,OL,Erik McCoy,McCoEr01,T,Ryan Ramczyk,RamcRy00,G,Josh Andrews,AndrJo01,DE,Carl Granderson,GranCa01,DE,Cameron Jordan,JordCa00,DT,Shy Tuttle,TuttSh00,DT,David Onyemata,OnyeDa00,LB,Pete Werner,WernPe00,LB,Kaden Elliss,ElliKa00,LB,Demario Davis,DaviDe00,CB,Marshon Lattimore,LattMa01,CB,Paulson Adebo,AdebPa00,FS,Tyrann Mathieu,MathTy00,DB,Daniel Sorensen,SoreDa01,Referee,Jerome Boger,Umpire,Barry Anderson,Down Judge,Frank LeBlanc,Line Judge,Rusty Baynes,Back Judge,Steve Patrick,Side Judge,Jonah Monroe,Field Judge,Alonzo Ramsey
202301010rai,2023-01-01,Sunday,4:05pm,Las Vegas Raiders,San Francisco 49ers,rai,sfo,34,37,Josh McDaniels,Kyle Shanahan,Allegiant Stadium,62367,3:24,dome,grass,,QB,Jarrett Stidham,StidJa00,RB,Josh Jacobs,JacoJo01,FB,Jakob Johnson,JohnJa12,WR,Davante Adams,AdamDa01,WR,Mack Hollins,HollMa00,TE,Foster Moreau,MoreFo00,OL,Alex Bars,BarsAl01,OL,Jermaine Eluemunor,ElueJe00,T,Kolton Miller,MillKo00,G,Dylan Parham,ParhDy00,C,Andre James,JameAn01,DL,Jerry Tillery,TillJe00,DE,Clelin Ferrell,FerrCl00,DE,Maxx Crosby,CrosMa00,DT,Bilal Nichols,NichBi00,DT,Andrew Billings,BillAn00,LB,Harvey Langi,LangHa00,LB,Luke Masterson,MastLu00,CB,Nate Hobbs,HobbNa00,CB,Amik Robertson,RobeAm00,S,Duron Harmon,HarmDu00,S,Tre'von Moehrig,MoehTr00,QB,Brock Purdy,PurdBr00,RB,Christian McCaffrey,McCaCh01,FB,Kyle Juszczyk,JuszKy00,WR,Brandon Aiyuk,AiyuBr00,WR,Jauan Jennings,JennJa00,TE,George Kittle,KittGe00,OL,Aaron Banks,BankAa00,OL,Jake Brendel,BrenJa01,OL,Spencer Burford,BurfSp00,T,Trent Williams,WillTr21,T,Mike McGlinchey,McGlMi00,DL,Arik Armstead,ArmsAr01,DE,Samson Ebukam,EbukSa00,DE,Nick Bosa,BosaNi00,DT,Javon Kinlaw,KinlJa00,LB,Dre Greenlaw,GreeDr00,LB,Fred Warner,WarnFr00,LB,Azeez Al-Shaair,AlShAz00,CB,Charvarius Ward,WardCh01,DB,Deommodore Lenoir,LenoDe00,S,Talanoa Hufanga,HufaTa00,S,Tashaun Gipson,GipsTa00,Referee,Clay Martin,Umpire,Fred Bryan,Down Judge,Jerod Phillips,Line Judge,Maia Chaka,Back Judge,Greg Wilson,Side Judge,Dave Hawkshaw,Field Judge,James Coleman
202301010rav,2023-01-01,Sunday,8:20pm,Baltimore Ravens,Pittsburgh Steelers,rav,pit,13,16,John Harbaugh,Mike Tomlin,M&amp;T Bank Stadium,71042,2:51,outdoors,grass,"44 degrees, relative humidity 89%, wind 2 mph",QB,Tyler Huntley,HuntTy01,RB,J.K. Dobbins,DobbJK00,FB,Patrick Ricard,RicaPa00,WR,Sammy Watkins,WatkSa00,TE,Josh Oliver,OlivJo00,TE,Mark Andrews,AndrMa00,T,Morgan Moses,MoseMo00,T,Ronnie Stanley,StanRo00,G,Kevin Zeitler,ZeitKe00,G,Ben Powers,PoweBe00,C,Tyler Linderbaum,LindTy00,DT,Broderick Washington Jr.,WashBr01,DT,Nnamdi Madubuike,MaduJu00,OLB,Jason Pierre-Paul,PierJa99,OLB,Odafe Oweh,OwehJa00,LB,Patrick Queen,QueePa00,LB,Roquan Smith,SmitRo07,CB,Marlon Humphrey,HumpMa00,DB,Brandon Stephens,StepBr01,S,Kyle Hamilton,HamiKy00,S,Marcus Williams,WillMa06,S,Chuck Clark,ClarCh00,QB,Kenny Pickett,PickKe00,RB,Najee Harris,HarrNa00,WR,Steven Sims,SimsSt00,WR,George Pickens,PickGe00,WR,Diontae Johnson,JohnDi01,TE,Zach Gentry,GentZa00,OL,Mason Cole,ColeMa02,OL,James Daniels,DaniJa01,OL,Kevin Dotson,DotsKe00,OL,Chukwuma Okorafor,OkorCh00,T,Dan Moore,MoorDa05,DE,DeMarvin Leal,LealDe00,DT,Montravius Adams,AdamMo00,DT,Larry Ogunjobi,OgunLa00,DT,Cameron Heyward,HeywCa01,LB,Alex Highsmith,HighAl02,LB,Mark Robinson,RobiMa03,LB,Robert Spillane,SpilRo00,LB,T.J. Watt,,CB,Cameron Sutton,SuttCa00,S,Minkah Fitzpatrick,FitzMi00,S,Terrell Edmunds,EdmuTe00,Referee,Land Clark,Umpire,Paul King,Down Judge,Tom Stephan,Line Judge,Brian Bolinger,Back Judge,Greg Meyer,Side Judge,Dominique Pender,Field Judge,Michael Banks
202301010sdg,2023-01-01,Sunday,4:25pm,Los Angeles Chargers,Los Angeles Rams,sdg,ram,31,10,Brandon Staley,Sean McVay,SoFi Stadium,70240,2:38,dome,matrixturf,,QB,Justin Herbert,HerbJu00,RB,Austin Ekeler,EkelAu00,WR,Keenan Allen,AlleKe00,WR,Mike Williams,WillMi07,TE,Gerald Everett,EverGe00,TE,Donald Parham,ParhDo00,T,Trey Pipkins,PipkTr00,G,Matt Feiler,FeilMa00,G,Zion Johnson,JohnZi00,G,Jamaree Salyer,SalyJa00,C,Corey Linsley,LinsCo00,DL,Morgan Fox,FoxxMo00,DT,Sebastian Joseph-Day,JoseSe00,OLB,Joey Bosa,BosaJo00,OLB,Khalil Mack,MackKh00,LB,Drue Tranquill,TranDr00,LB,Kenneth Murray,MurrKe00,CB,Bryce Callahan,CallBr00,CB,Asante Samuel Jr.,SamuAs00,CB,Michael Davis,DaviMi03,S,Alohi Gilman,GilmAl00,S,Nasir Adderley,AddeNa00,QB,Baker Mayfield,MayfBa00,RB,Cam Akers,AkerCa00,WR,Brandon Powell,PoweBr00,WR,Van Jefferson,JeffVa00,TE,Tyler Higbee,HigbTy00,TE,Brycen Hopkins,HopkBr01,OT,Rob Havenstein,HaveRo00,T,Chandler Brewer,BrewCh01,T,Ty Nsekhe,NsekTy00,OG,Coleman Shelton,ShelCo00,C,Matt Skura,SkurMa01,DE,Earnest Brown IV,BrowEa00,DT,Jonah Williams,WillJo16,DT,Michael Hoecht,HoecMi00,DT,Marquise Copeland,CopeMa01,LB,Ernest Jones,JoneEr01,LB,Leonard Floyd,FloyLe00,LB,Bobby Wagner,WagnBo00,CB,Troy Hill,HillTr01,DB,Jalen Ramsey,RamsJa00,DB,Taylor Rapp,RappTa00,DB,Nick Scott,ScotNi01,Referee,Clete Blakeman,Umpire,Tab Slaughter,Down Judge,Dana McKenzie,Line Judge,Julian Mapp,Back Judge,Perry Paganelli,Side Judge,Lo Van Pham,Field Judge,Terry Brown
202301010sea,2023-01-01,Sunday,4:05pm,Seattle Seahawks,New York Jets,sea,nyj,23,6,Pete Carroll,Robert Saleh,Lumen Field,68827,3:04,outdoors,fieldturf,"45 degrees, relative humidity 93%, wind 2 mph",QB,Geno Smith,SmitGe00,RB,Kenneth Walker III,WalkKe00,WR,Tyler Lockett,LockTy00,WR,D.K. Metcalf,MetcDK00,TE,Noah Fant,FantNo00,TE,Colby Parkinson,ParkCo02,T,Charles Cross,CrosCh00,T,Stone Forsythe,ForsSt00,G,Austin Blythe,BlytAu00,G,Gabe Jackson,JackGa00,G,Damien Lewis,LewiDa05,DE,Shelby Harris,HarrSh00,DT,Al Woods,WoodAl99,DT,Poona Ford,FordPo00,LB,Cody Barton,BartCo00,LB,Uchenna Nwosu,NwosUc00,LB,Bruce Irvin,IrviBr00,LB,Jordyn Brooks,BrooJo01,CB,Michael Jackson,JackMi01,CB,Riq Woolen,WoolTa00,FS,Quandre Diggs,DiggQu00,FS,Johnathan Abram,AbraJo01,QB,Mike White,WhitMi01,RB,Ty Johnson,JohnTy02,WR,Garrett Wilson,WilsGa00,WR,Corey Davis,DaviCo03,TE,Tyler Conklin,ConkTy00,TE,C.J. Uzomah,,OL,Connor McGovern,McGoCo00,OL,Laurent Duvernay-Tardif,DuveLa00,T,George Fant,FantGe00,T,Duane Brown,BrowDu20,G,Laken Tomlinson,TomlLa01,DE,Carl Lawson,LawsCa00,DT,John Franklin-Myers,FranJo02,DT,Sheldon Rankins,RankSh00,DT,Quinnen Williams,WillQu00,LB,Kwon Alexander,AlexKw00,LB,C.J. Mosley,,LB,Quincy Williams,WillQu01,CB,Sauce Gardner,GardSa00,CB,D.J. Reed,,S,Lamarcus Joyner,JoynLa00,S,Jordan Whitehead,WhitJo03,Referee,Ron Torbert,Umpire,Mark Pellis,Down Judge,Max Causey,Line Judge,Tim Podraza,Back Judge,Tony Josselyn,Side Judge,Keith Washington,Field Judge,Ryan Dickson
202301010tam,2023-01-01,Sunday,1:00pm,Tampa Bay Buccaneers,Carolina Panthers,tam,car,30,24,Todd Bowles,Steve Wilks,Raymond James Stadium,69298,3:20,outdoors,grass,"75 degrees, relative humidity 87%, wind 2 mph",QB,Tom Brady,BradTo00,RB,Rachaad White,WhitRa01,WR,Mike Evans,EvanMi00,WR,Julio Jones,JoneJu02,TE,Cade Otton,OttoCa00,TE,Ko Kieft,KiefKo00,OL,Robert Hainsey,HainRo00,T,Tristan Wirfs,WirfTr00,T,Donovan Smith,SmitDo02,G,Nick Leverett,LeveNi00,G,Shaq Mason,MasoSh01,DL,Akiem Hicks,HickAk00,DL,William Gholston,GholWi00,DL,Vita Vea,VeaxVi00,OLB,Anthony Nelson,NelsAn01,OLB,Joe Tryon-Shoyinka,TryoJo00,LB,Devin White,WhitDe02,LB,Lavonte David,DaviLa00,CB,Jamel Dean,DeanJa00,CB,Sean Murphy-Bunting,BuntSe00,S,Mike Edwards,EdwaMi01,S,Antoine Winfield Jr.,WinfAn00,QB,Sam Darnold,DarnSa00,RB,D'Onta Foreman,ForeDO00,WR,Shi Smith,SmitSh03,WR,Laviska Shenault Jr.,ShenLa00,WR,D.J. Moore,,TE,Ian Thomas,ThomIa00,OL,Bradley Bozeman,BozeBr00,T,Brady Christensen,ChriBr00,T,Ikem Ekwonu,EkwoIk00,T,Taylor Moton,MotoTa00,OG,Austin Corbett,CorbAu00,DE,Brian Burns,BurnBr00,DE,Yetur Gross-Matos,GrosYe00,DT,Derrick Brown,BrowDe05,DT,Matthew Ioannidis,IoanMa01,LB,Frankie Luvu,LuvuFr00,LB,Cory Littleton,LittCo01,LB,Shaq Thompson,ThomSh01,CB,C.J. Henderson,HendCJ00,CB,Keith Taylor,TaylKe03,S,Jeremy Chinn,ChinJe00,S,Xavier Woods,WoodXa00,Referee,Brad Rogers,Umpire,Carl Paganelli,Down Judge,Kent Payne,Line Judge,Tom Eaton,Back Judge,Greg Steed,Side Judge,Anthony Jeffries,Field Judge,Aaron Santi
202301010was,2023-01-01,Sunday,1:00pm,Washington Commanders,Cleveland Browns,was,cle,10,24,Ron Rivera,Kevin Stefanski,FedExField,50827,2:49,outdoors,grass,"59 degrees, relative humidity 51%, wind 9 mph",QB,Carson Wentz,WentCa00,RB,Jonathan Williams,WillJo07,WR,Jahan Dotson,DotsJa00,WR,Terry McLaurin,McLaTe00,WR,Curtis Samuel,SamuCu00,TE,Logan Thomas,ThomLo00,T,Charles Leno Jr.,LenoCh00,T,Cornelius Lucas,LucaCo01,G,Trai Turner,TurnTr01,G,Wes Schweitzer,SchwWe00,G,Andrew Norwell,NorwAn01,DE,Chase Young,YounCh04,DE,Montez Sweat,SweaMo00,DT,Daron Payne,PaynDa00,DT,Jonathan Allen,AlleJo01,LB,David Mayo,MayoDa00,LB,Jamin Davis,DaviJa11,CB,Danny Johnson,JohnDa09,CB,Kendall Fuller,FullKe00,S,Jeremy Reaves,ReavJe00,S,Bobby McCain,McCaBo01,S,Darrick Forrest,ForrDa00,QB,Deshaun Watson,WatsDe00,RB,Nick Chubb,ChubNi00,WR,Amari Cooper,CoopAm00,WR,Donovan Peoples-Jones,PeopDo00,TE,Harrison Bryant,BryaHa00,TE,David Njoku,NjokDa00,T,Jedrick Wills Jr.,WillJe04,T,Jack Conklin,ConkJa00,G,Joel Bitonio,BitoJo00,G,Wyatt Teller,TellWy00,C,Ethan Pocic,PociEt00,DE,Myles Garrett,GarrMy00,DE,Jadeveon Clowney,ClowJa00,DT,Jordan Elliott,ElliJo02,DT,Taven Bryan,BryaTa00,MLB,Deion Jones,JoneDe01,LB,Tony Fields,FielTo00,CB,Greg Newsome II,NewsGr00,CB,Denzel Ward,WardDe02,S,John Johnson,JohnJo10,S,Grant Delpit,DelpGr00,S,D'Anthony Bell,BellDA03,Referee,Bill Vinovich,Umpire,Alex Moore,Down Judge,Jerry Bergman,Line Judge,Mark Perlman,Back Judge,Jimmy Russell,Side Judge,Jimmy Buchanan,Field Judge,Joe Blubaugh
202301070jax,2023-01-07,Saturday,8:15pm,Jacksonville Jaguars,Tennessee Titans,jax,oti,20,16,Doug Pederson,Mike Vrabel,TIAA Bank Stadium,70050,2:54,outdoors,grass,"56 degrees, relative humidity 67%, wind 4 mph",QB,Trevor Lawrence,LawrTr00,RB,Travis Etienne,EtieTr00,WR,Christian Kirk,KirkCh01,WR,Zay Jones,JoneZa00,TE,Chris Manhertz,ManhCh00,TE,Evan Engram,EngrEv00,OL,Tyler Shatley,ShatTy00,OL,Brandon Scherff,ScheBr00,OL,Walker Little,LittWa00,OL,Jawaan Taylor,TaylJa02,OL,Luke Fortner,FortLu01,DL,Folorunso Fatukasi,FatuFo00,DL,Roy Robertson-Harris,RobeRo00,DT,DaVon Hamilton,HamiDa02,OLB,Travon Walker,WalkTr03,OLB,Josh Hines-Allen,AlleJo03,LB,Devin Lloyd,LloyDe00,LB,Foyesade Oluokun,OluoFo00,CB,Darious Williams,WillDa09,CB,Tyson Campbell,CampTy01,S,Rayshawn Jenkins,JenkRa00,S,Andre Cisco,CiscAn00,QB,Joshua Dobbs,DobbJo00,RB,Derrick Henry,HenrDe00,WR,Robert Woods,WoodRo02,WR,Treylon Burks,BurkTr00,TE,Geoff Swaim,SwaiGe00,TE,Chig Okonkwo,OkonCh00,OL,Dennis Daley,DaleDe00,OL,Nicholas Petit-Frere,PetiNi00,OL,Corey Levin,LeviCo00,G,Aaron Brewer,BrewAa01,G,Jordan Roos,RoosJo00,DL,Denico Autry,AutrDe00,DE,Mario Edwards,EdwaMa01,DT,Jeffery Simmons,SimmJe01,DT,Teair Tart,TartTe00,OLB,Rashad Weaver,WeavRa00,LB,Jack Gibbens,GibbJa00,CB,Roger McCreary,McCrRo01,CB,Kristian Fulton,FultKr00,DB,Joshua Kalu,KaluJo00,DB,Amani Hooker,HookAm00,S,Kevin Byard,ByarKe01,Referee,Bill Vinovich,Umpire,Alex Moore,Down Judge,Jerry Bergman,Line Judge,Mark Perlman,Back Judge,Jimmy Russell,Side Judge,Jimmy Buchanan,Field Judge,Joe Blubaugh
202301070rai,2023-01-07,Saturday,4:30pm,Las Vegas Raiders,Kansas City Chiefs,rai,kan,13,31,Josh McDaniels,Andy Reid,Allegiant Stadium,62136,2:50,dome,grass,,QB,Jarrett Stidham,StidJa00,RB,Josh Jacobs,JacoJo01,FB,Jakob Johnson,JohnJa12,WR,Davante Adams,AdamDa01,WR,Mack Hollins,HollMa00,TE,Foster Moreau,MoreFo00,OL,Alex Bars,BarsAl01,OL,Jermaine Eluemunor,ElueJe00,T,Kolton Miller,MillKo00,G,Dylan Parham,ParhDy00,C,Andre James,JameAn01,DE,Clelin Ferrell,FerrCl00,DE,Maxx Crosby,CrosMa00,DT,Bilal Nichols,NichBi00,DT,Andrew Billings,BillAn00,LB,Harvey Langi,LangHa00,LB,Luke Masterson,MastLu00,CB,Nate Hobbs,HobbNa00,CB,Tyler Hall,HallTy01,CB,Amik Robertson,RobeAm00,S,Duron Harmon,HarmDu00,S,Tre'von Moehrig,MoehTr00,QB,Patrick Mahomes,MahoPa00,RB,Isiah Pacheco,PachIs00,WR,Marquez Valdes-Scantling,ValdMa00,WR,Kadarius Toney,ToneKa00,WR,JuJu Smith-Schuster,SmitJu00,TE,Travis Kelce,KelcTr00,OL,Joe Thuney,ThunJo00,OL,Trey Smith,SmitTr05,T,Orlando Brown Jr.,BrowOr00,G,Andrew Wylie,WyliAn00,C,Creed Humphrey,HumpCr00,DE,George Karlaftis III,KarlGe00,DE,Frank Clark,ClarFr01,DT,Derrick Nnadi,NnadDe00,DT,Chris Jones,JoneCh09,LB,Willie Gay Jr.,GayJWi00,LB,Leo Chenal,ChenLe00,LB,Nick Bolton,BoltNi00,CB,Trent McDuffie,McDuTr00,CB,L'Jarius Sneed,SneeLJ00,S,Justin Reid,ReidJu00,S,Juan Thornhill,ThorJu00,Referee,Scott Novak,Umpire,Ramon George,Down Judge,Derick Bowers,Line Judge,Walt Coleman IV,Back Judge,Terrence Miles,Side Judge,David Meslow,Field Judge,Tra Boger
202301080atl,2023-01-08,Sunday,1:00pm,Atlanta Falcons,Tampa Bay Buccaneers,atl,tam,30,17,Arthur Smith,Todd Bowles,Mercedes-Benz Stadium,69276,2:50,retractable roof (closed),fieldturf,,QB,Desmond Ridder,RiddDe00,RB,Tyler Allgeier,AllgTy00,FB,Keith Smith,SmitKe03,WR,Olamide Zaccheaus,ZaccOl01,WR,Drake London,LondDr00,TE,Parker Hesse,HessPa00,OL,Drew Dalman,DalmDr00,OL,Matt Hennessy,HennMa00,T,Kaleb McGary,McGaKa00,T,Jake Matthews,MattJa00,G,Chris Lindstrom,LindCh00,DL,Timmy Horne,HornTi00,DL,Grady Jarrett,JarrGr00,DL,Abdullah Anderson,AndeAb00,OLB,Lorenzo Carter,CartLo01,OLB,Adetokunbo Ogundeji,OgunAd01,LB,Rashaan Evans,EvanRa01,LB,Troy Andersen,AndeTr00,CB,AJ Terrell,TerrAJ00,DB,Cornell Armstrong,ArmsCo00,S,Jaylinn Hawkins,HawkJa00,S,Richie Grant,GranRi00,QB,Tom Brady,BradTo00,RB,Rachaad White,WhitRa01,WR,Deven Thompkins,ThomDe07,WR,Chris Godwin,GodwCh00,TE,Ko Kieft,KiefKo00,TE,Cade Otton,OttoCa00,OL,Robert Hainsey,HainRo00,T,Brandon Walton,WaltBr01,G,Luke Goedeke,GoedLu00,G,Nick Leverett,LeveNi00,G,Shaq Mason,MasoSh01,DL,Akiem Hicks,HickAk00,DL,Rakeem Nunez-Roches,NuneRa00,DL,William Gholston,GholWi00,OLB,Anthony Nelson,NelsAn01,OLB,Joe Tryon-Shoyinka,TryoJo00,LB,Devin White,WhitDe02,LB,Lavonte David,DaviLa00,CB,Sean Murphy-Bunting,BuntSe00,CB,Jamel Dean,DeanJa00,S,Keanu Neal,NealKe01,S,Antoine Winfield Jr.,WinfAn00,Referee,Land Clark,Umpire,Paul King,Down Judge,Tom Stephan,Line Judge,Brian Bolinger,Back Judge,Greg Meyer,Side Judge,Dominique Pender,Field Judge,Michael Banks
202301080buf,2023-01-08,Sunday,1:00pm,Buffalo Bills,New England Patriots,buf,nwe,35,23,Sean McDermott,Bill Belichick,Highmark Stadium,70753,3:08,outdoors,a_turf,"30 degrees, relative humidity 74%, wind 6 mph",QB,Josh Allen,AlleJo02,RB,Devin Singletary,SingDe00,WR,Gabe Davis,DaviGa01,WR,Stefon Diggs,DiggSt00,WR,Isaiah McKenzie,McKeIs00,TE,Dawson Knox,KnoxDa00,OL,Ryan Bates,BateRy02,T,Spencer Brown,BrowSp00,T,Dion Dawkins,DawkDi00,G,Rodger Saffold,SaffRo20,C,Mitch Morse,MorsMi00,DE,Shaq Lawson,LawsSh00,DE,Gregory Rousseau,RousGr00,DT,DaQuan Jones,JoneDa04,DT,Ed Oliver,OlivEd00,LB,Matt Milano,MilaMa00,LB,Tremaine Edmunds,EdmuTr01,CB,Taron Johnson,JohnTa01,CB,Dane Jackson,JackDa02,CB,Tre'Davious White,WhitTr01,FS,Dean Marlowe,MarlDe00,S,Jordan Poyer,PoyeJo00,QB,Mac Jones,JoneMa05,RB,Damien Harris,HarrDa06,WR,Tyquan Thornton,ThorTy00,WR,DeVante Parker,ParkDe01,WR,Jakobi Meyers,MeyeJa01,TE,Hunter Henry,HenrHu00,OL,Trent Brown,BrowTr02,OL,Cole Strange,StraCo01,OL,Michael Onwenu,OnweMi00,T,Conor McDermott,McDeCo00,C,David Andrews,AndrDa00,DL,Deatrich Wise Jr.,WiseDe00,DL,Lawrence Guy,GuyxLa00,DT,Davon Godchaux,GodcDa00,MLB,Jahlani Tavai,TavaJa00,LB,Ja'Whaun Bentley,BentJa00,LB,Matt Judon,JudoMa00,DB,Devin McCourty,McCoDe99,DB,Marcus Jones,JoneMa06,DB,Jonathan Jones,JoneJo03,DB,Kyle Dugger,DuggKy00,DB,Myles Bryant,BryaMy01,Referee,Clay Martin,Umpire,Fred Bryan,Down Judge,Jerod Phillips,Line Judge,Maia Chaka,Back Judge,Greg Wilson,Side Judge,Dave Hawkshaw,Field Judge,James Coleman
202301080chi,2023-01-08,Sunday,1:00pm,Chicago Bears,Minnesota Vikings,chi,min,13,29,Matt Eberflus,Kevin O'Connell,Soldier Field,60007,2:56,outdoors,grass,"32 degrees, relative humidity 74%, wind 2 mph",QB,Nathan Peterman,PeteNa00,RB,David Montgomery,MontDa01,FB,Khari Blasingame,BlasKh00,WR,Equanimeous St. Brown,,WR,Byron Pringle,PrinBy00,TE,Cole Kmet,KmetCo00,OL,Larry Borom,BoroLa00,OL,Cody Whitehair,WhitCo03,OL,Riley Reiff,ReifRi00,OL,Sam Mustipher,MustSa01,OL,Braxton Jones,JoneBr08,DL,Justin Jones,JoneJu03,DL,Mike Pennel,PennMi00,DL,Dominique Robinson,RobiDo00,DL,Trevis Gipson,GipsTr00,LB,Nicholas Morrow,MorrNi00,LB,Joe Thomas,ThomJo04,DB,DeAndre Houston-Carson,HousDe00,DB,Elijah Hicks,HickEl00,DB,Harrison Hand,HandHa00,DB,Greg Stroman,StroGr00,DB,Jaquan Brisker,BrisJa01,QB,Kirk Cousins,CousKi00,RB,Dalvin Cook,CookDa01,WR,Justin Jefferson,JeffJu00,WR,Adam Thielen,ThieAd00,TE,T.J. Hockenson,HockTJ00,TE,Irv Smith Jr.,SmitIr01,OL,Chris Reed,ReedCh00,T,Christian Darrisaw,DarrCh00,G,Ezra Cleveland,ClevEz00,G,Oli Udoh,UdohOl01,G,Ed Ingram,IngrEd00,DL,Khyiris Tonga,TongKh00,DL,Dalvin Tomlinson,TomlDa00,DL,Harrison Phillips,PhilHa00,OLB,D.J. Wonnum,WonnDJ00,OLB,Danielle Hunter,HuntDa01,LB,Eric Kendricks,KendEr00,LB,Jordan Hicks,HickJo00,CB,Duke Shelley,ShelDu00,CB,Patrick Peterson,PetePa00,S,Josh Metellus,MeteJo00,S,Camryn Bynum,BynuCa00,Referee,Brad Allen,Umpire,Duane Heydt,Down Judge,Sarah Thomas,Line Judge,Daniel Gallagher,Back Judge,Greg Yette,Side Judge,Boris Cheek,Field Judge,Rick Patterson
202301080cin,2023-01-08,Sunday,1:00pm,Cincinnati Bengals,Baltimore Ravens,cin,rav,27,16,Zac Taylor,John Harbaugh,Paycor Stadium,65849,3:22,outdoors,fieldturf,"38 degrees, relative humidity 62%, wind 7 mph",QB,Joe Burrow,BurrJo01,RB,Joe Mixon,MixoJo00,WR,Tyler Boyd,BoydTy00,WR,Ja'Marr Chase,ChasJa00,WR,Tee Higgins,HiggTe00,TE,Hayden Hurst,HursHa00,OT,Hakeem Adeniji,AdenHa00,T,Jonah Williams,WillJo10,OG,Cordell Volson,VolsCo02,G,Alex Cappa,CappAl00,C,Ted Karras,KarrTe00,DE,Trey Hendrickson,HendTr00,DE,Sam Hubbard,HubbSa00,DT,D.J. Reader,,DT,B.J. Hill,,LB,Logan Wilson,WilsLo00,LB,Germaine Pratt,PratGe00,CB,Mike Hilton,HiltMi01,CB,Cam Taylor-Britt,TaylCa01,CB,Eli Apple,ApplEl00,S,Vonn Bell,BellVo00,S,Jessie Bates III,BateJe00,QB,Anthony Brown,BrowAn06,RB,Gus Edwards,EdwaGu00,FB,Patrick Ricard,RicaPa00,WR,Demarcus Robinson,RobiDe01,TE,Isaiah Likely,LikeIs00,TE,Josh Oliver,OlivJo00,T,Ronnie Stanley,StanRo00,T,Morgan Moses,MoseMo00,G,Ben Cleveland,ClevBe00,G,Ben Powers,PoweBe00,C,Tyler Linderbaum,LindTy00,DE,Calais Campbell,CampCa99,DT,Nnamdi Madubuike,MaduJu00,OLB,Odafe Oweh,OwehJa00,OLB,Jason Pierre-Paul,PierJa99,LB,Patrick Queen,QueePa00,LB,Roquan Smith,SmitRo07,CB,Marlon Humphrey,HumpMa00,CB,Daryl Worley,WorlDa00,S,Kyle Hamilton,HamiKy00,S,Chuck Clark,ClarCh00,S,Marcus Williams,WillMa06,Referee,Ron Torbert,Umpire,Mark Pellis,Down Judge,Max Causey,Line Judge,Tim Podraza,Back Judge,Tony Josselyn,Side Judge,Keith Washington,Field Judge,Ryan Dickson
202301080clt,2023-01-08,Sunday,1:00pm,Indianapolis Colts,Houston Texans,clt,htx,31,32,Jeff Saturday,Lovie Smith,Lucas Oil Stadium,63655,3:09,retractable roof (closed),fieldturf,,QB,Sam Ehlinger,EhliSa00,RB,Zack Moss,MossZa00,WR,Parris Campbell,CampPa00,WR,Michael Pittman Jr.,PittMi01,WR,Alec Pierce,PierAl00,TE,Mo Alie-Cox,AlieMo00,OL,Quenton Nelson,NelsQu00,T,Braden Smith,SmitBr06,T,Bernhard Raimann,RaimBe00,G,Will Fries,FrieWi00,C,Ryan Kelly,KellRy00,DE,Dayo Odeyingbo,OdeyDa00,DE,Kwity Paye,PayeKw00,DT,Grover Stewart,StewGr00,DT,DeForest Buckner,BuckDe00,LB,Zaire Franklin,FranZa00,LB,Bobby Okereke,OkerBo00,CB,Dallis Flowers,FlowDa00,CB,Brandon Facyson,FacyBr00,DB,Rodney Thomas II,ThomRo07,S,Rodney McLeod,McLeRo00,S,Julian Blackmon,BlacJu01,QB,Davis Mills,MillDa02,RB,Dare Ogunbowale,OgunDa00,WR,Brandin Cooks,CookBr00,WR,Chris Moore,MoorCh00,TE,Teagan Quitoriano,QuitTe00,TE,Brevin Jordan,JordBr00,OL,Laremy Tunsil,TunsLa00,OL,A.J. Cann,,OL,Scott Quessenberry,QuesSc00,OL,Tytus Howard,HowaTy00,OL,Kenyon Green,GreeKe03,DL,Roy Lopez,LopeRo00,DL,Jerry Hughes,HughJe99,DL,Ogbonnia Okoronkwo,OkorOg00,DL,Maliek Collins,CollMa00,LB,Christian Kirksey,KirkCh00,LB,Christian Harris,HarrCh06,DB,Desmond King,KingDe01,DB,Jonathan Owens,OwenJo01,DB,Jalen Pitre,PitrJa00,DB,Tremon Smith,SmitTr04,DB,Tavierre Thomas,ThomTa01,Referee,Jerome Boger,Umpire,Barry Anderson,Down Judge,Frank LeBlanc,Line Judge,Rusty Baynes,Back Judge,Steve Patrick,Side Judge,Jonah Monroe,Field Judge,Alonzo Ramsey
202301080den,2023-01-08,Sunday,4:25pm,Denver Broncos,Los Angeles Chargers,den,sdg,31,28,Jerry Rosburg,Brandon Staley,Empower Field at Mile High,74035,3:03,outdoors,grass,"43 degrees, relative humidity 39%, wind 4 mph",QB,Russell Wilson,WilsRu00,RB,Latavius Murray,MurrLa00,WR,Jerry Jeudy,JeudJe00,WR,Courtland Sutton,SuttCo00,TE,Eric Tomlinson,TomlEr01,TE,Eric Saubert,SaubEr00,OL,Billy Turner,TurnBi00,OL,Quinn Meinerz,MeinQu02,T,Cameron Fleming,FlemCa00,T,Quinn Bailey,BailQu00,G,Graham Glasgow,GlasGr00,DL,Mike Purcell,PurcMi00,DL,DeShawn Williams,WillDe04,DL,Jonathan Harris,HarrJo05,OLB,Jonathon Cooper,CoopJo02,LB,Alex Singleton,SingAl00,LB,Josey Jewell,JeweJo00,CB,Patrick Surtain II,SurtPa01,CB,Ja'Quan McMillian,McMiJa00,CB,K'Waun Williams,WillKW00,S,Justin Simmons,SimmJu00,S,Kareem Jackson,JackKa99,QB,Justin Herbert,HerbJu00,RB,Austin Ekeler,EkelAu00,WR,Keenan Allen,AlleKe00,WR,Mike Williams,WillMi07,TE,Gerald Everett,EverGe00,TE,Tre' McKitty,McKiTr00,T,Trey Pipkins,PipkTr00,G,Jamaree Salyer,SalyJa00,G,Matt Feiler,FeilMa00,G,Zion Johnson,JohnZi00,C,Corey Linsley,LinsCo00,DL,Morgan Fox,FoxxMo00,DL,Breiden Fehoko,FehoBr01,DT,Sebastian Joseph-Day,JoseSe00,OLB,Khalil Mack,MackKh00,OLB,Joey Bosa,BosaJo00,LB,Kenneth Murray,MurrKe00,LB,Drue Tranquill,TranDr00,CB,Michael Davis,DaviMi03,DB,Ja'Sir Taylor,TaylJa04,S,Derwin James,JameDe00,S,Nasir Adderley,AddeNa00,Referee,Shawn Hochuli,Umpire,Terry Killens,Down Judge,Patrick Holt,Line Judge,Greg Bradley,Back Judge,Rich Martinez,Side Judge,Chad Hill,Field Judge,Anthony Flemming
202301080gnb,2023-01-08,Sunday,8:20pm,Green Bay Packers,Detroit Lions,gnb,det,16,20,Matt LaFleur,Dan Campbell,Lambeau Field,78191,2:59,outdoors,grass,"21 degrees, relative humidity 92%, wind 4 mph",QB,Aaron Rodgers,RodgAa00,RB,Aaron Jones,JoneAa00,WR,Christian Watson,WatsCh00,WR,Allen Lazard,LazaAl00,TE,Marcedes Lewis,LewiMa00,TE,Josiah Deguara,DeguJo00,OL,Elgton Jenkins,JenkEl00,OL,Josh Myers,MyerJo00,T,Yosh Nijman,NijmYo01,T,David Bakhtiari,BakhDa00,G,Jon Runyan Jr.,RunyJo00,DL,Kenny Clark,ClarKe01,DL,Tedarrell Slaton,SlatTe00,DT,Jarran Reed,ReedJa02,LB,Quay Walker,WalkQu00,LB,De'Vondre Campbell,CampDe00,LB,Preston Smith,SmitPr00,CB,Rasul Douglas,DougRa00,CB,Jaire Alexander,AlexJa00,S,Darnell Savage Jr.,SavaDa00,S,Innis Gaines,GainIn00,S,Adrian Amos,AmosAd00,QB,Jared Goff,GoffJa00,RB,Jamaal Williams,WillJa06,WR,DJ Chark,CharDJ00,WR,Amon-Ra St. Brown,StxxAm00,WR,Kalif Raymond,RaymKa00,TE,Brock Wright,WrigBr01,OL,Evan Brown,BrowEv00,T,Taylor Decker,DeckTa00,T,Penei Sewell,SewePe00,G,Jonah Jackson,JackJo03,C,Frank Ragnow,RagnFr00,DL,Aidan Hutchinson,HutcAi00,DL,Alim McNeill,McNeAl00,DL,John Cominsky,ComiJo00,DL,Isaiah Buggs,BuggIs00,LB,James Houston,HousJa01,LB,Malcolm Rodriguez,RodrMa00,LB,Alex Anzalone,AnzaAl00,CB,Mike Hughes,HughMi00,CB,Jerry Jacobs,JacoJe00,S,DeShon Elliott,ElliDe02,S,Kerby Joseph,JoseKe03,Referee,Brad Rogers,Umpire,Carl Paganelli,Down Judge,Kent Payne,Line Judge,Tom Eaton,Back Judge,Greg Steed,Side Judge,Anthony Jeffries,Field Judge,Aaron Santi
202301080mia,2023-01-08,Sunday,1:00pm,Miami Dolphins,New York Jets,mia,nyj,11,6,Mike McDaniel,Robert Saleh,Hard Rock Stadium,66429,2:59,outdoors,grass,"75 degrees, relative humidity 66%, wind 9 mph",QB,Skylar Thompson,ThomSk00,RB,Raheem Mostert,MostRa00,FB,Alec Ingold,IngoAl01,WR,Jaylen Waddle,WaddJa00,WR,Tyreek Hill,HillTy00,TE,Durham Smythe,SmytDu00,OL,Connor Williams,WillCo00,OL,Brandon Shell,ShelBr00,OL,Robert Hunt,HuntRo01,OL,Liam Eichenberg,EichLi00,T,Greg Little,LittGr01,DT,Zach Sieler,SielZa00,DT,Raekwon Davis,DaviRa03,DT,Christian Wilkins,WilkCh00,LB,Jaelan Phillips,PhilJa02,LB,Elandon Roberts,RobeEl00,LB,Andrew Van Ginkel,VanGAn00,LB,Jerome Baker,BakeJe00,CB,Kader Kohou,KohoKa00,CB,Xavien Howard,HowaXa00,DB,Elijah Campbell,CampEl00,S,Jevon Holland,HollJe02,QB,Joe Flacco,FlacJo00,RB,Michael Carter,CartMi03,WR,Elijah Moore,MoorEl00,WR,Garrett Wilson,WilsGa00,WR,Corey Davis,DaviCo03,TE,Tyler Conklin,ConkTy00,OL,Dan Feeney,FeenDa00,OL,Mike Remmers,RemmMi00,OL,Cedric Ogbuehi,OgbuCe00,G,Laken Tomlinson,TomlLa01,C,Connor McGovern,McGoCo00,DE,Carl Lawson,LawsCa00,DT,Sheldon Rankins,RankSh00,DT,John Franklin-Myers,FranJo02,DT,Quinnen Williams,WillQu00,LB,C.J. Mosley,,LB,Quincy Williams,WillQu01,LB,Kwon Alexander,AlexKw00,CB,Sauce Gardner,GardSa00,CB,D.J. Reed,,S,Tony Adams,AdamTo03,S,Jordan Whitehead,WhitJo03,Referee,John Hussey,Umpire,Alan Eck,Down Judge,Robin DeLorenzo,Line Judge,Carl Johnson,Back Judge,Brad Freeman,Side Judge,Allen Baynes,Field Judge,Jabir Walker
202301080nor,2023-01-08,Sunday,1:00pm,New Orleans Saints,Carolina Panthers,nor,car,7,10,Dennis Allen,Steve Wilks,Caesars Superdome,70118,2:43,dome,sportturf,,QB,Andy Dalton,DaltAn00,RB,Alvin Kamara,KamaAl00,WR,Tre'Quan Smith,SmitTr03,WR,Rashid Shaheed,ShahRa00,TE,Adam Trautman,TrauAd00,TE,Juwan Johnson,JohnJu02,OL,Erik McCoy,McCoEr01,OL,James Hurst,HursJa00,T,Trevor Penning,PennTr00,T,Landon Young,YounLa00,G,Josh Andrews,AndrJo01,DE,Cameron Jordan,JordCa00,DE,Carl Granderson,GranCa01,DT,David Onyemata,OnyeDa00,DT,Shy Tuttle,TuttSh00,LB,Kaden Elliss,ElliKa00,LB,Demario Davis,DaviDe00,CB,Marshon Lattimore,LattMa01,CB,Bradley Roby,RobyBr00,CB,Alontae Taylor,TaylAl01,S,Tyrann Mathieu,MathTy00,S,Daniel Sorensen,SoreDa01,QB,Sam Darnold,DarnSa00,RB,D'Onta Foreman,ForeDO00,WR,D.J. Moore,,WR,Laviska Shenault Jr.,ShenLa00,WR,Terrace Marshall Jr.,MarsTe00,TE,Ian Thomas,ThomIa00,OL,Bradley Bozeman,BozeBr00,T,Taylor Moton,MotoTa00,T,Brady Christensen,ChriBr00,T,Ikem Ekwonu,EkwoIk00,G,Austin Corbett,CorbAu00,DE,Yetur Gross-Matos,GrosYe00,DE,Marquis Haynes,HaynMa01,DT,Bravvion Roy,RoyxBr00,DT,Derrick Brown,BrowDe05,LB,Shaq Thompson,ThomSh01,LB,Cory Littleton,LittCo01,LB,Frankie Luvu,LuvuFr00,CB,Josh Norman,NormJo01,CB,C.J. Henderson,HendCJ00,S,Jeremy Chinn,ChinJe00,S,Xavier Woods,WoodXa00,Referee,Alex Kemp,Umpire,Mike Morton,Down Judge,Danny Short,Line Judge,Jeff Bergman,Back Judge,Scott Helverson,Side Judge,Dale Shaw,Field Judge,John Jenkins
202301080phi,2023-01-08,Sunday,4:25pm,Philadelphia Eagles,New York Giants,phi,nyg,22,16,Nick Sirianni,Brian Daboll,Lincoln Financial Field,69879,2:57,outdoors,grass,"43 degrees, relative humidity 55%, wind 12 mph",QB,Jalen Hurts,HurtJa00,RB,Miles Sanders,SandMi01,WR,A.J. Brown,BrowAJ00,WR,DeVonta Smith,SmitDe07,WR,Zach Pascal,PascZa00,TE,Dallas Goedert,GoedDa00,OL,Jack Driscoll,DrisJa00,T,Jordan Mailata,MailJo00,G,Isaac Seumalo,SeumIs00,G,Landon Dickerson,DickLa00,C,Jason Kelce,KelcJa00,DE,Brandon Graham,GrahBr99,DT,Javon Hargrave,HargJa00,DT,Linval Joseph,JoseLi99,DT,Fletcher Cox,CoxxFl00,LB,Kyzir White,WhitKy00,LB,T.J. Edwards,EdwaTJ02,LB,Haason Reddick,ReddHa00,CB,Darius Slay,SlayDa00,CB,James Bradberry,BradJa00,S,C.J. Gardner-Johnson,GardCh00,S,Marcus Epps,EppsMa00,QB,Davis Webb,WebbDa00,RB,Matt Breida,BreiMa00,WR,Marcus Johnson,JohnMa07,WR,Kenny Golladay,GollKe00,TE,Lawrence Cager,CageLa01,TE,Nick Vannett,VannNi00,OL,Nick Gates,GateNi00,OT,Tyre Phillips,PhilTy00,T,Evan Neal,NealEv00,G,Jack Anderson,AndeJa01,G,Ben Bredeson,BredBe00,DL,Ryder Anderson,AndeRy01,DL,Justin Ellis,ElliJu01,OLB,Tomon Fox,FoxxTo00,OLB,Oshane Ximines,XimiOs00,LB,Jarrad Davis,DaviJa01,CB,Nick McCloud,McClNi00,CB,Rodarius Williams,WillRo07,DB,Cordale Flott,FlotCo00,S,Jason Pinnock,PinnJa01,S,Landon Collins,CollLa00,S,Dane Belton,BeltDa00,Referee,Carl Cheffers,Umpire,Brandon Cruse,Down Judge,Mike Carr,Line Judge,Jeff Seeman,Back Judge,Matt Edwards,Side Judge,Eugene Hall,Field Judge,Nathan Jones
202301080pit,2023-01-08,Sunday,1:00pm,Pittsburgh Steelers,Cleveland Browns,pit,cle,28,14,Mike Tomlin,Kevin Stefanski,Acrisure Stadium,65019,3:04,outdoors,grass,"36 degrees, relative humidity 64%, wind 8 mph",QB,Kenny Pickett,PickKe00,RB,Najee Harris,HarrNa00,WR,George Pickens,PickGe00,WR,Diontae Johnson,JohnDi01,TE,Zach Gentry,GentZa00,OL,Mason Cole,ColeMa02,OL,James Daniels,DaniJa01,OL,Kevin Dotson,DotsKe00,OL,Trenton Scott,ScotTr01,OL,Chukwuma Okorafor,OkorCh00,T,Dan Moore,MoorDa05,DT,Montravius Adams,AdamMo00,DT,Larry Ogunjobi,OgunLa00,DT,Cameron Heyward,HeywCa01,LB,Alex Highsmith,HighAl02,LB,Mark Robinson,RobiMa03,LB,Robert Spillane,SpilRo00,LB,T.J. Watt,,CB,Cameron Sutton,SuttCa00,CB,Levi Wallace,WallLe00,S,Minkah Fitzpatrick,FitzMi00,S,Terrell Edmunds,EdmuTe00,QB,Deshaun Watson,WatsDe00,RB,Nick Chubb,ChubNi00,WR,Amari Cooper,CoopAm00,WR,Donovan Peoples-Jones,PeopDo00,TE,Harrison Bryant,BryaHa00,TE,David Njoku,NjokDa00,T,Jedrick Wills Jr.,WillJe04,T,James Hudson,HudsJa00,G,Joel Bitonio,BitoJo00,G,Wyatt Teller,TellWy00,C,Ethan Pocic,PociEt00,DE,Chase Winovich,WinoCh00,DE,Myles Garrett,GarrMy00,DT,Jordan Elliott,ElliJo02,DT,Taven Bryan,BryaTa00,LB,Tony Fields,FielTo00,LB,Reggie Ragland,RaglRe00,LB,Jermaine Carter Jr.,CartJe00,CB,Greg Newsome II,NewsGr00,CB,Denzel Ward,WardDe02,S,John Johnson,JohnJo10,S,Grant Delpit,DelpGr00,Referee,Clete Blakeman,Umpire,Tab Slaughter,Down Judge,Dana McKenzie,Line Judge,Julian Mapp,Back Judge,Perry Paganelli,Side Judge,Lo Van Pham,Field Judge,Terry Brown
202301080sea,2023-01-08,Sunday,4:25pm,Seattle Seahawks,Los Angeles Rams,sea,ram,19,16,Pete Carroll,Sean McVay,Lumen Field,68660,3:07,outdoors,fieldturf,"45 degrees, relative humidity 100%, wind 4 mph",QB,Geno Smith,SmitGe00,RB,Kenneth Walker III,WalkKe00,WR,Tyler Lockett,LockTy00,WR,D.K. Metcalf,MetcDK00,TE,Noah Fant,FantNo00,TE,Colby Parkinson,ParkCo02,T,Charles Cross,CrosCh00,T,Abraham Lucas,LucaAb00,G,Austin Blythe,BlytAu00,G,Gabe Jackson,JackGa00,G,Damien Lewis,LewiDa05,DE,Shelby Harris,HarrSh00,DT,Al Woods,WoodAl99,LB,Cody Barton,BartCo00,LB,Uchenna Nwosu,NwosUc00,LB,Tanner Muse,MuseTa00,LB,Bruce Irvin,IrviBr00,CB,Michael Jackson,JackMi01,CB,Coby Bryant,BryaCo01,CB,Riq Woolen,WoolTa00,FS,Quandre Diggs,DiggQu00,FS,Johnathan Abram,AbraJo01,QB,Baker Mayfield,MayfBa00,RB,Cam Akers,AkerCa00,WR,Tutu Atwell,AtweTu00,WR,Brandon Powell,PoweBr00,WR,Van Jefferson,JeffVa00,TE,Tyler Higbee,HigbTy00,OT,Rob Havenstein,HaveRo00,T,Chandler Brewer,BrewCh01,T,Ty Nsekhe,NsekTy00,OG,Coleman Shelton,ShelCo00,C,Matt Skura,SkurMa01,DE,Earnest Brown IV,BrowEa00,DT,Michael Hoecht,HoecMi00,DT,Jonah Williams,WillJo16,DT,Marquise Copeland,CopeMa01,LB,Bobby Wagner,WagnBo00,LB,Ernest Jones,JoneEr01,LB,Leonard Floyd,FloyLe00,CB,Troy Hill,HillTr01,DB,Taylor Rapp,RappTa00,DB,Jalen Ramsey,RamsJa00,S,Russ Yeast,YeasRu00,Referee,Craig Wrolstad,Umpire,Steve Woods,Down Judge,Jim Mello,Line Judge,Tripp Sutter,Back Judge,Grantis Bell,Side Judge,Jeff Lamberth,Field Judge,Jeff Shears
202301080sfo,2023-01-08,Sunday,4:25pm,San Francisco 49ers,Arizona Cardinals,sfo,crd,38,13,Kyle Shanahan,Kliff Kingsbury,Levi's Stadium,71638,2:52,outdoors,grass,"57 degrees, relative humidity 77%, wind 2 mph",QB,Brock Purdy,PurdBr00,RB,Christian McCaffrey,McCaCh01,FB,Kyle Juszczyk,JuszKy00,WR,Brandon Aiyuk,AiyuBr00,WR,Deebo Samuel,SamuDe00,TE,George Kittle,KittGe00,OL,Jake Brendel,BrenJa01,OL,Daniel Brunskill,BrunDa00,OL,Spencer Burford,BurfSp00,T,Trent Williams,WillTr21,T,Mike McGlinchey,McGlMi00,DL,Arik Armstead,ArmsAr01,DE,Samson Ebukam,EbukSa00,DE,Nick Bosa,BosaNi00,DT,Javon Kinlaw,KinlJa00,LB,Oren Burks,BurkOr00,LB,Fred Warner,WarnFr00,LB,Azeez Al-Shaair,AlShAz00,CB,Charvarius Ward,WardCh01,DB,Deommodore Lenoir,LenoDe00,S,Talanoa Hufanga,HufaTa00,S,Tashaun Gipson,GipsTa00,QB,David Blough,BlouDa00,RB,Corey Clement,ClemCo00,WR,Pharoh Cooper,CoopPh00,WR,A.J. Green,,TE,Maxx Williams,WillMa04,TE,Trey McBride,McBrTr01,OL,Max Garcia,GarcMa00,OL,Will Hernandez,HernWi00,OL,Josh Jones,JoneJo07,OL,Billy Price,PricBi01,OL,Kelvin Beachum,BeacKe00,DE,Michael Dogbe,DogbMi00,DE,J.J. Watt,,DT,Leki Fotu,FotuLe00,OLB,Markus Golden,GoldMa00,OLB,Myjai Sanders,SandMy00,LB,Ben Niemann,NiemBe00,LB,Isaiah Simmons,SimmIs00,LB,Zeke Turner,TurnZe00,CB,Christian Matthew,MattCh01,CB,Jace Whittaker,WhitJa05,S,Jalen Thompson,ThomJa04,Referee,Adrian Hill,Umpire,Roy Ellison,Down Judge,David Oliver,Line Judge,Kevin Codey,Back Judge,Keith Ferguson,Side Judge,Jim Quirk,Field Judge,Mearl Robinson
202301080was,2023-01-08,Sunday,4:25pm,Washington Commanders,Dallas Cowboys,was,dal,26,6,Ron Rivera,Mike McCarthy,FedExField,62814,3:03,outdoors,grass,"42 degrees, relative humidity 53%, wind 7 mph",QB,Sam Howell,HoweSa00,RB,Jonathan Williams,WillJo07,WR,Jahan Dotson,DotsJa00,WR,Curtis Samuel,SamuCu00,WR,Terry McLaurin,McLaTe00,TE,Logan Thomas,ThomLo00,OL,Wes Schweitzer,SchwWe00,T,Charles Leno Jr.,LenoCh00,T,Samuel Cosmi,CosmSa00,G,Chris Paul,PaulCh00,G,Trai Turner,TurnTr01,DE,Montez Sweat,SweaMo00,DE,Chase Young,YounCh04,DT,Daron Payne,PaynDa00,DT,John Ridgeway,RidgJo00,LB,David Mayo,MayoDa00,LB,Khaleke Hudson,HudsKh00,CB,Danny Johnson,JohnDa09,CB,Kendall Fuller,FullKe00,S,Bobby McCain,McCaBo01,S,Jeremy Reaves,ReavJe00,S,Darrick Forrest,ForrDa00,QB,Dak Prescott,PresDa01,RB,Ezekiel Elliott,ElliEz00,WR,Michael Gallup,GallMi00,WR,CeeDee Lamb,LambCe00,TE,Dalton Schultz,SchuDa00,TE,Jake Ferguson,FergJa00,OL,Tyler Smith,SmitTy02,T,Tyron Smith,SmitTy00,T,Jason Peters,PeteJa21,G,Zack Martin,MartZa00,G,Connor McGovern,McGoCo01,DE,DeMarcus Lawrence,LawrDe00,DE,Carlos Watkins,WatkCa00,DT,Osa Odighizuwa,OdigOs00,LB,Micah Parsons,ParsMi00,LB,Damone Clark,ClarDa02,LB,Anthony Barr,BarrAn00,CB,Nahshon Wright,WrigNa00,CB,Trevon Diggs,DiggTr00,CB,DaRon Bland,BlanDa00,S,Jayron Kearse,KearJa00,S,Donovan Wilson,WilsDo01,Referee,Tra Blake,Umpire,Tony Michalek,Down Judge,Patrick Turner,Line Judge,Mark Stewart,Back Judge,Todd Prukop,Side Judge,Don Willard,Field Judge,Tom Hill
