GameId,GameDate,DayOfWeek,StartTime,HomeTeam,AwayTeam,HomeTeamCode,AwayTeamCode,HomeScore,AwayScore,HomeCoach,AwayCoach,Stadium,Attendance,Duration,Roof,Surface,Weather,HomeOff01_Position,HomeOff01_Name,HomeOff01_ID,HomeOff02_Position,HomeOff02_Name,HomeOff02_ID,HomeOff03_Position,HomeOff03_Name,HomeOff03_ID,HomeOff04_Position,HomeOff04_Name,HomeOff04_ID,HomeOff05_Position,HomeOff05_Name,HomeOff05_ID,HomeOff06_Position,HomeOff06_Name,HomeOff06_ID,HomeOff07_Position,HomeOff07_Name,HomeOff07_ID,HomeOff08_Position,HomeOff08_Name,HomeOff08_ID,HomeOff09_Position,HomeOff09_Name,HomeOff09_ID,HomeOff10_Position,HomeOff10_Name,HomeOff10_ID,HomeOff11_Position,HomeOff11_Name,HomeOff11_ID,HomeDef01_Position,HomeDef01_Name,HomeDef01_ID,HomeDef02_Position,HomeDef02_Name,HomeDef02_ID,HomeDef03_Position,HomeDef03_Name,HomeDef03_ID,HomeDef04_Position,HomeDef04_Name,HomeDef04_ID,HomeDef05_Position,HomeDef05_Name,HomeDef05_ID,HomeDef06_Position,HomeDef06_Name,HomeDef06_ID,HomeDef07_Position,HomeDef07_Name,HomeDef07_ID,HomeDef08_Position,HomeDef08_Name,HomeDef08_ID,HomeDef09_Position,HomeDef09_Name,HomeDef09_ID,HomeDef10_Position,HomeDef10_Name,HomeDef10_ID,HomeDef11_Position,HomeDef11_Name,HomeDef11_ID,AwayOff01_Position,AwayOff01_Name,AwayOff01_ID,AwayOff02_Position,AwayOff02_Name,AwayOff02_ID,AwayOff03_Position,AwayOff03_Name,AwayOff03_ID,AwayOff04_Position,AwayOff04_Name,AwayOff04_ID,AwayOff05_Position,AwayOff05_Name,AwayOff05_ID,AwayOff06_Position,AwayOff06_Name,AwayOff06_ID,AwayOff07_Position,AwayOff07_Name,AwayOff07_ID,AwayOff08_Position,AwayOff08_Name,AwayOff08_ID,AwayOff09_Position,AwayOff09_Name,AwayOff09_ID,AwayOff10_Position,AwayOff10_Name,AwayOff10_ID,AwayOff11_Position,AwayOff11_Name,AwayOff11_ID,AwayDef01_Position,AwayDef01_Name,AwayDef01_ID,AwayDef02_Position,AwayDef02_Name,AwayDef02_ID,AwayDef03_Position,AwayDef03_Name,AwayDef03_ID,AwayDef04_Position,AwayDef04_Name,AwayDef04_ID,AwayDef05_Position,AwayDef05_Name,AwayDef05_ID,AwayDef06_Position,AwayDef06_Name,AwayDef06_ID,AwayDef07_Position,AwayDef07_Name,AwayDef07_ID,AwayDef08_Position,AwayDef08_Name,AwayDef08_ID,AwayDef09_Position,AwayDef09_Name,AwayDef09_ID,AwayDef10_Position,AwayDef10_Name,AwayDef10_ID,AwayDef11_Position,AwayDef11_Name,AwayDef11_ID,Official01_Role,Official01_Name,Official02_Role,Official02_Name,Official03_Role,Official03_Name,Official04_Role,Official04_Name,Official05_Role,Official05_Name,Official06_Role,Official06_Name,Official07_Role,Official07_Name
202009100kan,2020-09-10,Thursday,8:20pm,Kansas City Chiefs,Houston Texans,kan,htx,34,20,Andy Reid,Bill O'Brien,Arrowhead Stadium,15895,2:53,outdoors,grass,"56 degrees, relative humidity 95%, wind 7 mph",QB,Patrick Mahomes,MahoPa00,RB,Clyde Edwards-Helaire,EdwaCl00,WR,Sammy Watkins,WatkSa00,WR,Tyreek Hill,HillTy00,WR,Demarcus Robinson,RobiDe01,TE,Travis Kelce,KelcTr00,T,Andrew Wylie,WyliAn00,T,Mitchell Schwartz,SchwMi00,T,Eric Fisher,FishEr00,G,Kelechi Osemele,OsemKe00,C,Austin Reiter,ReitAu00,DE,Tanoh Kpassagnon,KpasTa00,DE,Frank Clark,ClarFr01,DT,Chris Jones,JoneCh09,NT,Derrick Nnadi,NnadDe00,LB,Anthony Hitchens,HitcAn00,LB,Damien Wilson,WilsDa02,DB,Tyrann Mathieu,MathTy00,DB,L'Jarius Sneed,SneeLJ00,DB,Daniel Sorensen,SoreDa01,DB,Juan Thornhill,ThorJu00,DB,Charvarius Ward,WardCh01,QB,Deshaun Watson,WatsDe00,RB,David Johnson,JohnDa08,WR,Brandin Cooks,CookBr00,WR,Will Fuller,FullWi01,TE,Jordan Akins,AkinJo00,TE,Darren Fells,FellDa01,T,Laremy Tunsil,TunsLa00,T,Tytus Howard,HowaTy00,T,Max Scharping,SchaMa01,G,Zach Fulton,FultZa00,C,Nick Martin,MartNi00,DE,J.J. Watt,,DE,Charles Omenihu,OmenCh00,DT,Brandon Dunn,DunnBr00,LB,Whitney Mercilus,MercWh00,LB,Benardrick McKinney,McKiBe00,LB,Zach Cunningham,CunnZa00,DB,A.J. Moore,,DB,Eric Murray,MurrEr00,DB,Justin Reid,ReidJu00,DB,Bradley Roby,RobyBr00,DB,Vernon Hargreaves III,HargVe00,Referee,Clete Blakeman,Umpire,Fred Bryan,Down Judge,Mark Hittner,Line Judge,Tom Stephan,Back Judge,Scott Helverson,Side Judge,Michael Banks,Field Judge,Joe Blubaugh
202009130atl,2020-09-13,Sunday,1:00pm,Atlanta Falcons,Seattle Seahawks,atl,sea,25,38,Dan Quinn,Pete Carroll,Mercedes-Benz Stadium,,3:07,retractable roof (closed),fieldturf,,QB,Matt Ryan,RyanMa00,RB,Todd Gurley,GurlTo01,FB,Keith Smith,SmitKe03,WR,Calvin Ridley,RidlCa00,WR,Russell Gage,GageRu00,WR,Julio Jones,JoneJu02,T,James Carpenter,CarpJa00,T,Kaleb McGary,McGaKa00,T,Jake Matthews,MattJa00,G,Chris Lindstrom,LindCh00,C,Alex Mack,MackAl20,DE,Takkarist McKinley,McKiTa00,DE,Dante Fowler,FowlDa00,DE,John Cominsky,ComiJo00,DT,Grady Jarrett,JarrGr00,DT,Tyeler Davison,DaviTy01,LB,Deion Jones,JoneDe01,DB,Damontae Kazee,KazeDa00,DB,Ricardo Allen,AlleRi00,DB,Keanu Neal,NealKe01,DB,Isaiah Oliver,OlivIs00,DB,AJ Terrell,TerrAJ00,QB,Russell Wilson,WilsRu00,RB,Chris Carson,CarsCh00,WR,David Moore,MoorDa03,WR,D.K. Metcalf,MetcDK00,WR,Tyler Lockett,LockTy00,TE,Greg Olsen,OlseGr00,T,Duane Brown,BrowDu20,T,Brandon Shell,ShelBr00,T,Ethan Pocic,PociEt00,G,Mike Iupati,IupaMi20,G,Damien Lewis,LewiDa05,DE,Benson Mayowa,MayoBe00,DE,L.J. Collier,CollLJ00,DT,Poona Ford,FordPo00,DT,Jarran Reed,ReedJa02,LB,Bruce Irvin,IrviBr00,LB,Bobby Wagner,WagnBo00,LB,K.J. Wright,,CB,Quinton Dunbar,DunbQu00,DB,Shaquill Griffin,GrifSh00,DB,Quandre Diggs,DiggQu00,DB,Jamal Adams,AdamJa00,Referee,Shawn Hochuli,Umpire,Ramon George,Down Judge,Sarah Thomas,Line Judge,Carl Johnson,Back Judge,Rich Martinez,Side Judge,Chad Hill,Field Judge,Tom Hill
202009130buf,2020-09-13,Sunday,1:00pm,Buffalo Bills,New York Jets,buf,nyj,27,17,Sean McDermott,Adam Gase,Bills Stadium,,3:10,outdoors,astroturf,"67 degrees, relative humidity 93%, wind 15 mph",QB,Josh Allen,AlleJo02,RB,Devin Singletary,SingDe00,WR,Cole Beasley,BeasCo00,WR,John Brown,BrowJo02,WR,Gabe Davis,DaviGa01,WR,Stefon Diggs,DiggSt00,T,Daryl Williams,WillDa06,T,Cody Ford,FordCo00,T,Dion Dawkins,DawkDi00,G,Quinton Spain,SpaiQu00,C,Mitch Morse,MorsMi00,DE,Jerry Hughes,HughJe99,DE,Quinton Jefferson,JeffQu00,DT,Ed Oliver,OlivEd00,LB,Matt Milano,MilaMa00,LB,Trent Murphy,MurpTr00,LB,Tremaine Edmunds,EdmuTr01,DB,Micah Hyde,HydeMi00,DB,Taron Johnson,JohnTa01,DB,Jordan Poyer,PoyeJo00,DB,Levi Wallace,WallLe00,DB,Tre'Davious White,WhitTr01,QB,Sam Darnold,DarnSa00,RB,Le'Veon Bell,BellLe00,RB,Frank Gore,GoreFr00,WR,Jamison Crowder,CrowJa00,WR,Breshad Perriman,PerrBr02,TE,Chris Herndon,HernCh00,T,Mekhi Becton,BectMe00,T,George Fant,FantGe00,T,Alex Lewis,LewiAl01,G,Greg Van Roten,VanRGr00,G,Connor McGovern,McGoCo00,DT,Steve McLendon,McLeSt00,NT,Quinnen Williams,WillQu00,LB,Neville Hewitt,HewiNe00,LB,Jordan Jenkins,JenkJo01,LB,Blake Cashman,CashBl00,LB,Tarell Basham,BashTa00,DB,Marcus Maye,MayeMa00,DB,Bradley McDougald,McDoBr01,DB,Blessuan Austin,AustBl00,DB,Pierre Desir,DesiPi00,DB,Brian Poole,PoolBr01,Referee,Shawn Smith,Umpire,Bryan Neale,Down Judge,Michael Dolce,Line Judge,Mark Steinkerchner,Back Judge,Dino Paganelli,Side Judge,Jimmy Buchanan,Field Judge,Dyrol Prioleau
202009130car,2020-09-13,Sunday,1:00pm,Carolina Panthers,Las Vegas Raiders,car,rai,30,34,Matt Rhule,Jon Gruden,Bank of America Stadium,,3:00,outdoors,grass,"81 degrees, relative humidity 59%, wind 5 mph",QB,Teddy Bridgewater,BridTe00,RB,Alex Armah,ArmaAl00,RB,Christian McCaffrey,McCaCh01,WR,D.J. Moore,,WR,Robbie Chosen,AndeRo04,TE,Chris Manhertz,ManhCh00,T,Michael Schofield,SchoMi00,T,Russell Okung,OkunRu20,T,Taylor Moton,MotoTa00,G,John Miller,MillJo04,C,Matt Paradis,ParaMa00,DE,Brian Burns,BurnBr00,DE,Stephen Weatherly,WeatSt00,DT,Derrick Brown,BrowDe05,DT,Kawann Short,ShorKa00,LB,Shaq Thompson,ThomSh01,LB,Tahir Whitehead,WhitTa00,DB,Donte Jackson,JackDo02,DB,Jeremy Chinn,ChinJe00,DB,Juston Burris,BurrJu00,DB,Troy Pride Jr.,PridTr00,DB,Tre Boston,BostTr00,QB,Derek Carr,CarrDe02,RB,Josh Jacobs,JacoJo01,WR,Henry Ruggs III,RuggHe00,WR,Bryan Edwards,EdwaBr01,TE,Jason Witten,WittJa00,TE,Darren Waller,WallDa01,T,Trent Brown,BrowTr02,T,Kolton Miller,MillKo00,G,Richie Incognito,IncoRi20,G,Gabe Jackson,JackGa00,C,Rodney Hudson,HudsRo00,DE,Clelin Ferrell,FerrCl00,DE,Maxx Crosby,CrosMa00,DT,Johnathan Hankins,HankJo00,DT,Maliek Collins,CollMa00,ILB,Nicholas Morrow,MorrNi00,LB,Nick Kwiatkoski,KwiaNi00,LB,Cory Littleton,LittCo01,DB,Johnathan Abram,AbraJo01,DB,Erik Harris,HarrEr00,DB,Trayvon Mullen,MullTr00,DB,Damon Arnette,ArneDa00,Referee,Brad Allen,Umpire,Bruce Stritesky,Down Judge,Danny Short,Line Judge,Mark Stewart,Back Judge,Jimmy Russell,Side Judge,Boris Cheek,Field Judge,Rick Patterson
202009130cin,2020-09-13,Sunday,4:05pm,Cincinnati Bengals,Los Angeles Chargers,cin,sdg,13,16,Zac Taylor,Anthony Lynn,Paul Brown Stadium,,3:17,outdoors,grass,"83 degrees, relative humidity 56%, wind 6 mph",QB,Joe Burrow,BurrJo01,HB,Joe Mixon,MixoJo00,WR,Tyler Boyd,BoydTy00,WR,John Ross,RossJo00,WR,A.J. Green,,TE,C.J. Uzomah,,OT,Jonah Williams,WillJo10,OT,Bobby Hart,HartBo00,G,Xavier Su'a-Filo,Sua-Xa00,G,Michael Jordan,JordMi01,C,Trey Hopkins,HopkTr01,DE,Sam Hubbard,HubbSa00,DE,Carlos Dunlap,DunlCa99,DT,D.J. Reader,,DT,Mike Daniels,DaniMi00,LB,Germaine Pratt,PratGe00,LB,Josh Bynes,ByneJo00,CB,William Jackson III,JackWi02,CB,Mackensie Alexander,AlexMa01,CB,Darius Phillips,PhilDa02,S,Vonn Bell,BellVo00,S,Jessie Bates III,BateJe00,QB,Tyrod Taylor,TaylTy00,RB,Austin Ekeler,EkelAu00,WR,Keenan Allen,AlleKe00,WR,Mike Williams,WillMi07,WR,Jalen Guyton,GuytJa01,TE,Hunter Henry,HenrHu00,T,Bryan Bulaga,BulaBr20,T,Sam Tevi,TeviSa00,T,Tyree St. Louis,StLoTy01,G,Dan Feeney,FeenDa00,G,Forrest Lamp,LampFo00,DE,Joey Bosa,BosaJo00,DE,Melvin Ingram,IngrMe00,DT,Justin Jones,JoneJu03,DT,Linval Joseph,JoseLi99,LB,Kenneth Murray,MurrKe00,LB,Drue Tranquill,TranDr00,CB,Chris Harris Jr.,HarrCh01,CB,Michael Davis,DaviMi03,DB,Desmond King,KingDe01,DB,Casey Hayward,HaywCa00,S,Rayshawn Jenkins,JenkRa00,Referee,Clay Martin,Umpire,Terry Killens,Down Judge,Derick Bowers,Line Judge,Frank LeBlanc,Back Judge,Steve Patrick,Side Judge,Jeff Lamberth,Field Judge,Mike Weatherford
202009130det,2020-09-13,Sunday,1:00pm,Detroit Lions,Chicago Bears,det,chi,23,27,Matt Patricia,Matt Nagy,Ford Field,,3:16,dome,fieldturf,,LB/FB,Jason Cabinda,CabiJa00,QB,Matthew Stafford,StafMa00,RB,Kerryon Johnson,JohnKe06,WR,Quintez Cephus,CephQu00,WR,Marvin Jones,JoneMa02,TE,T.J. Hockenson,HockTJ00,OL,Jonah Jackson,JackJo03,OL,Tyrell Crosby,CrosTy00,OL,Frank Ragnow,RagnFr00,T,Taylor Decker,DeckTa00,G,Joe Dahl,DahlJo00,DE,Trey Flowers,FlowTr00,DT,Danny Shelton,ShelDa01,DT,Nick Williams,WillNi01,LB,Jarrad Davis,DaviJa01,LB,Christian Jones,JoneCh05,LB,Jamie Collins,CollJa00,CB,Amani Oruwariye,OruwAm00,CB,Justin Coleman,ColeJu01,CB,Desmond Trufant,TrufDe00,S,Duron Harmon,HarmDu00,S,Will Harris,HarrWi02,QB,Mitchell Trubisky,TrubMi00,RB,David Montgomery,MontDa01,WR,Javon Wims,WimsJa00,WR,Allen Robinson,RobiAl02,TE,Jimmy Graham,GrahJi00,TE,J.P. Holtz,,OL,Bobby Massie,MassBo00,OL,Cody Whitehair,WhitCo03,OL,James Daniels,DaniJa01,OL,Charles Leno Jr.,LenoCh00,OL,Germain Ifedi,IfedGe00,DE,Barkevious Mingo,MingBa00,DT,Bilal Nichols,NichBi00,DT,Akiem Hicks,HickAk00,LB,Khalil Mack,MackKh00,LB,Roy Robertson-Harris,RobeRo00,LB,Roquan Smith,SmitRo07,LB,Danny Trevathan,TrevDa00,DB,Jaylon Johnson,JohnJa13,DB,Eddie Jackson,JackEd01,DB,Tashaun Gipson,GipsTa00,DB,Kyle Fuller,FullKy00,Referee,Alex Kemp,Umpire,Carl Paganelli,Down Judge,Dana McKenzie,Line Judge,Greg Bradley,Back Judge,Matt Edwards,Side Judge,Jabir Walker,Field Judge,Terry Brown
202009130jax,2020-09-13,Sunday,1:00pm,Jacksonville Jaguars,Indianapolis Colts,jax,clt,27,20,Doug Marrone,Frank Reich,TIAA Bank Stadium,14100,2:53,outdoors,grass,"80 degrees, relative humidity 85%, wind 3 mph",QB,Gardner Minshew II,MinsGa00,RB,James Robinson,RobiJa00,FB,Bruce Miller,MillBr02,WR,DJ Chark,CharDJ00,WR,Laviska Shenault Jr.,ShenLa00,TE,James O'Shaughnessy,O'ShJa00,T,Jawaan Taylor,TaylJa02,T,Cam Robinson,RobiCa00,G,A.J. Cann,,G,Andrew Norwell,NorwAn01,G,Brandon Linder,LindBr00,DE,Josh Hines-Allen,AlleJo03,DE,Adam Gotsis,GotsAd00,DT,Taven Bryan,BryaTa00,DT,Abry Jones,JoneAb00,LB,Myles Jack,JackMy00,LB,Joe Schobert,SchoJo00,SS,Jarrod Wilson,WilsJa00,DB,Josh Jones,JoneJo06,DB,Tre Herndon,HernTr00,DB,C.J. Henderson,HendCJ00,DB,D.J. Hayden,HaydDJ00,QB,Philip Rivers,RivePh00,RB,Marlon Mack,MackMa00,WR,Parris Campbell,CampPa00,WR,T.Y. Hilton,,WR,Zach Pascal,PascZa00,TE,Jack Doyle,DoylJa00,T,Anthony Castonzo,CastAn00,G,Braden Smith,SmitBr06,G,Mark Glowinski,GlowMa00,G,Quenton Nelson,NelsQu00,C,Ryan Kelly,KellRy00,DE,DeForest Buckner,BuckDe00,DE,Justin Houston,HousJu00,DE,Denico Autry,AutrDe00,NT,Grover Stewart,StewGr00,ILB,Shaquille Leonard,LeonDa00,LB,Bobby Okereke,OkerBo00,LB,Anthony Walker,WalkAn01,DB,Xavier Rhodes,RhodXa00,DB,Malik Hooker,HookMa00,DB,Khari Willis,WillKh00,DB,Rock Ya-Sin,Ya-SRo00,Referee,John Hussey,Umpire,Roy Ellison,Down Judge,Brian Bolinger,Line Judge,Tom Symonette,Back Judge,Grantis Bell,Side Judge,Allen Baynes,Field Judge,Steve Zimmer
202009130min,2020-09-13,Sunday,1:00pm,Minnesota Vikings,Green Bay Packers,min,gnb,34,43,Mike Zimmer,Matt LaFleur,U.S. Bank Stadium,,3:12,dome,sportturf,,QB,Kirk Cousins,CousKi00,RB,Dalvin Cook,CookDa01,RB,C.J. Ham,,WR,Adam Thielen,ThieAd00,WR,Olabisi Johnson,JohnOl00,TE,Kyle Rudolph,RudoKy00,T,Riley Reiff,ReifRi00,T,Brian O'Neill,ONeiBr00,G,Dakota Dozier,DoziDa00,C,Garrett Bradbury,BradGa00,C,Pat Elflein,ElflPa00,DE,Jalyn Holmes,HolmJa01,DE,Ifeadi Odenigbo,OdenIf00,DT,Jaleel Johnson,JohnJa09,NT,Shamar Stephen,StepSh00,LB,Eric Kendricks,KendEr00,LB,Anthony Barr,BarrAn00,LB,Eric Wilson,WilsEr00,DB,Mike Hughes,HughMi00,DB,Anthony Harris,HarrAn01,DB,Harrison Smith,SmitHa00,DB,Cameron Dantzler,DantCa00,QB,Aaron Rodgers,RodgAa00,RB,Aaron Jones,JoneAa00,WR,Allen Lazard,LazaAl00,WR,Davante Adams,AdamDa01,TE,Marcedes Lewis,LewiMa00,TE,Josiah Deguara,DeguJo00,T,David Bakhtiari,BakhDa00,G,Lucas Patrick,PatrLu00,G,Elgton Jenkins,JenkEl00,G,Lane Taylor,TaylLa01,C,Corey Linsley,LinsCo00,DE,Kingsley Keke,KekeKi00,DE,Dean Lowry,LowrDe00,DT,Kenny Clark,ClarKe01,OLB,Preston Smith,SmitPr00,LB,Za'Darius Smith,SmitZa00,LB,Christian Kirksey,KirkCh00,LB,Krys Barnes,BarnKr00,DB,Kevin King,KingKe01,DB,Darnell Savage Jr.,SavaDa00,DB,Adrian Amos,AmosAd00,DB,Jaire Alexander,AlexJa00,Referee,Bill Vinovich,Umpire,Tony Michalek,Down Judge,Mike Carr,Line Judge,Jeff Seeman,Back Judge,Perry Paganelli,Side Judge,Don Willard,Field Judge,David Meslow
202009130nor,2020-09-13,Sunday,4:25pm,New Orleans Saints,Tampa Bay Buccaneers,nor,tam,34,23,Sean Payton,Bruce Arians,Mercedes-Benz Superdome,,3:21,dome,astroturf,,QB,Drew Brees,BreeDr00,QB,Taysom Hill,HillTa00,RB,Alvin Kamara,KamaAl00,WR,Tre'Quan Smith,SmitTr03,WR,Michael Thomas,ThomMi05,TE,Josh Hill,HillJo02,T,Andrus Peat,PeatAn00,T,Ryan Ramczyk,RamcRy00,T,Terron Armstead,ArmsTe00,C,Nick Easton,EastNi00,C,Erik McCoy,McCoEr01,DE,Trey Hendrickson,HendTr00,DE,Cameron Jordan,JordCa00,DE,David Onyemata,OnyeDa00,DT,Malcom Brown,BrowMa01,LB,Demario Davis,DaviDe00,LB,Alex Anzalone,AnzaAl00,FS,Malcolm Jenkins,JenkMa99,DB,Marshon Lattimore,LattMa01,DB,Jackrabbit Jenkins,JenkJa03,DB,C.J. Gardner-Johnson,GardCh00,DB,Marcus Williams,WillMa06,QB,Tom Brady,BradTo00,RB,Ronald Jones II,JoneRo01,WR,Scott Miller,MillSc01,WR,Mike Evans,EvanMi00,WR,Chris Godwin,GodwCh00,TE,Rob Gronkowski,GronRo00,T,Tristan Wirfs,WirfTr00,T,Donovan Smith,SmitDo02,G,Ali Marpet,MarpAl00,G,Alex Cappa,CappAl00,C,Ryan Jensen,JensRy00,DE,William Gholston,GholWi00,DE,Jason Pierre-Paul,PierJa99,DT,Ndamukong Suh,SuhxNd99,DT,Vita Vea,VeaxVi00,LB,Shaquil Barrett,BarrSh00,LB,Lavonte David,DaviLa00,LB,Devin White,WhitDe02,DB,Sean Murphy-Bunting,BuntSe00,DB,Carlton Davis,DaviCa02,DB,Jordan Whitehead,WhitJo03,DB,Antoine Winfield Jr.,WinfAn00,Referee,Jerome Boger,Umpire,Barry Anderson,Down Judge,Julian Mapp,Line Judge,Rusty Baynes,Back Judge,Brad Freeman,Side Judge,Anthony Jeffries,Field Judge,Dale Shaw
202009130nwe,2020-09-13,Sunday,1:00pm,New England Patriots,Miami Dolphins,nwe,mia,21,11,Bill Belichick,Brian Flores,Gillette Stadium,,2:45,outdoors,fieldturf,"70 degrees, relative humidity 62%, wind 8 mph",QB,Cam Newton,NewtCa00,RB,Sony Michel,MichSo00,WR,Damiere Byrd,ByrdDa00,WR,N'Keal Harry,HarrNK00,TE,Ryan Izzo,IzzoRy00,T,Isaiah Wynn,WynnIs00,T,Joe Thuney,ThunJo00,G,Shaq Mason,MasoSh01,G,Michael Onwenu,OnweMi00,G,Jermaine Eluemunor,ElueJe00,C,David Andrews,AndrDa00,DE,Byron Cowart,CowaBy00,DE,Chase Winovich,WinoCh00,DT,Lawrence Guy,GuyxLa00,LB,John Simon,SimoJo01,LB,Brandon Copeland,CopeBr00,LB,Ja'Whaun Bentley,BentJa00,CB,Jonathan Jones,JoneJo03,CB,Devin McCourty,McCoDe99,CB,Jason McCourty,McCoJa99,DB,Stephon Gilmore,GilmSt00,DB,Adrian Phillips,PhilAd00,QB,Ryan Fitzpatrick,FitzRy00,RB,Jordan Howard,HowaJo00,WR,Preston Williams,WillPr01,WR,DeVante Parker,ParkDe01,TE,Durham Smythe,SmytDu00,TE,Mike Gesicki,GesiMi00,T,Jesse Davis,DaviJe00,T,Austin Jackson,JackAu00,T,Ereck Flowers,FlowEr00,G,Ted Karras,KarrTe00,G,Solomon Kindley,KindSo00,DE,Shaq Lawson,LawsSh00,DE,Emmanuel Ogbah,OgbaEm00,DT,Davon Godchaux,GodcDa00,DT,Raekwon Davis,DaviRa03,LB,Elandon Roberts,RobeEl00,LB,Andrew Van Ginkel,VanGAn00,LB,Jerome Baker,BakeJe00,DB,Xavien Howard,HowaXa00,DB,Brandon Jones,JoneBr06,DB,Byron Jones,JoneBy00,DB,Bobby McCain,McCaBo01,Referee,Adrian Hill,Umpire,Paul King,Down Judge,Ed Camp,Line Judge,Kevin Codey,Back Judge,Greg Steed,Side Judge,Keith Washington,Field Judge,Jim Quirk
202009130ram,2020-09-13,Sunday,8:20pm,Los Angeles Rams,Dallas Cowboys,ram,dal,20,17,Sean McVay,Mike McCarthy,SoFi Stadium,,2:56,dome,matrixturf,,QB,Jared Goff,GoffJa00,RB,Cam Akers,AkerCa00,WR,Robert Woods,WoodRo02,WR,Josh Reynolds,ReynJo00,TE,Tyler Higbee,HigbTy00,TE,Gerald Everett,EverGe00,OL,Rob Havenstein,HaveRo00,OL,Austin Corbett,CorbAu00,OL,Joseph Noteboom,NoteJo00,OL,Andrew Whitworth,WhitAn20,OL,Austin Blythe,BlytAu00,DL,Aaron Donald,DonaAa00,DL,Sebastian Joseph-Day,JoseSe00,DL,Michael Brockers,BrocMi00,OLB,Samson Ebukam,EbukSa00,OLB,Leonard Floyd,FloyLe00,ILB,Micah Kiser,KiseMi00,CB,Troy Hill,HillTr01,CB,Jalen Ramsey,RamsJa00,CB,Darious Williams,WillDa09,S,Jordan Fuller,FullJo01,S,John Johnson,JohnJo10,QB,Dak Prescott,PresDa01,RB,Ezekiel Elliott,ElliEz00,WR,Amari Cooper,CoopAm00,WR,Michael Gallup,GallMi00,WR,CeeDee Lamb,LambCe00,TE,Blake Jarwin,JarwBl00,T,Terence Steele,SteeTe01,T,Tyron Smith,SmitTy00,G,Connor Williams,WillCo00,G,Zack Martin,MartZa00,C,Joe Looney,LoonJo01,DE,DeMarcus Lawrence,LawrDe00,DE,Aldon Smith,SmitAl04,DT,Dontari Poe,PoexDo00,DT,Trysten Hill,HillTr00,LB,Jaylon Smith,SmitJa05,LB,Leighton Vander Esch,VandLe00,CB,Anthony Brown,BrowAn02,CB,Trevon Diggs,DiggTr00,CB,Chidobe Awuzie,AwuzCh00,S,Darian Thompson,ThomDa05,S,Xavier Woods,WoodXa00,Referee,Tony Corrente,Umpire,Dan Ferrell,Down Judge,Mark Perlman,Line Judge,Bart Longson,Back Judge,Todd Prukop,Side Judge,Anthony Flemming,Field Judge,Ryan Dickson
202009130rav,2020-09-13,Sunday,1:00pm,Baltimore Ravens,Cleveland Browns,rav,cle,38,6,John Harbaugh,Kevin Stefanski,M&amp;T Bank Stadium,,3:01,outdoors,grass,"76 degrees, relative humidity 72%, wind 5 mph",QB,Lamar Jackson,JackLa00,RB,Mark Ingram,IngrMa01,FB,Patrick Ricard,RicaPa00,WR,Miles Boykin,BoykMi00,WR,Willie Snead,SneaWi00,TE,Nick Boyle,BoylNi00,T,Orlando Brown Jr.,BrowOr00,T,Ronnie Stanley,StanRo00,G,Tyre Phillips,PhilTy00,C,Bradley Bozeman,BozeBr00,C,Matt Skura,SkurMa01,DE,Calais Campbell,CampCa99,DT,Derek Wolfe,WolfDe00,DT,Brandon Williams,WillBr02,LB,Patrick Queen,QueePa00,LB,Pernell McPhee,McPhPe00,LB,Matt Judon,JudoMa00,LB,Malik Harrison,HarrMa06,DB,Marcus Peters,PeteMa00,DB,Marlon Humphrey,HumpMa00,DB,DeShon Elliott,ElliDe02,DB,Chuck Clark,ClarCh00,QB,Baker Mayfield,MayfBa00,RB,Nick Chubb,ChubNi00,WR,Odell Beckham Jr.,BeckOd00,WR,Jarvis Landry,LandJa00,TE,Harrison Bryant,BryaHa00,TE,Austin Hooper,HoopAu00,T,Jack Conklin,ConkJa00,T,Jedrick Wills Jr.,WillJe04,T,J.C. Tretter,TretJC00,G,Joel Bitonio,BitoJo00,G,Wyatt Teller,TellWy00,DE,Olivier Vernon,VernOl00,DE,Myles Garrett,GarrMy00,DT,Larry Ogunjobi,OgunLa00,DT,Sheldon Richardson,RichSh00,LB,Jacob Phillips,PhilJa01,LB,Sione Takitaki,TakiSi00,LB,B.J. Goodson,,DB,Terrance Mitchell,MitcTe00,DB,Andrew Sendejo,SendAn00,DB,Karl Joseph,JoseKa00,DB,Denzel Ward,WardDe02,Referee,Ronald Torbert,Umpire,Mark Pellis,Down Judge,Patrick Holt,Line Judge,Jim Mello,Back Judge,Greg Yette,Side Judge,Jonah Monroe,Field Judge,James Coleman
202009130sfo,2020-09-13,Sunday,4:25pm,San Francisco 49ers,Arizona Cardinals,sfo,crd,20,24,Kyle Shanahan,Kliff Kingsbury,Levi's Stadium,,3:04,outdoors,grass,"66 degrees, relative humidity 68%, wind 6 mph",QB,Jimmy Garoppolo,GaroJi00,RB,Kyle Juszczyk,JuszKy00,RB,Raheem Mostert,MostRa00,WR,Kendrick Bourne,BourKe00,WR,Dante Pettis,PettDa00,TE,George Kittle,KittGe00,T,Trent Williams,WillTr21,T,Daniel Brunskill,BrunDa00,T,Mike McGlinchey,McGlMi00,G,Laken Tomlinson,TomlLa01,C,Hroniss Grasu,GrasHr00,DE,Arik Armstead,ArmsAr01,DE,Solomon Thomas,ThomSo00,DE,Nick Bosa,BosaNi00,DT,D.J. Jones,,LB,Fred Warner,WarnFr00,LB,Kwon Alexander,AlexKw00,DB,Emmanuel Moseley,MoseEm00,DB,Richard Sherman,SherRi00,DB,Jaquiski Tartt,TartJa00,DB,Jimmie Ward,WardJi01,DB,K'Waun Williams,WillKW00,QB,Kyler Murray,MurrKy00,RB,Kenyan Drake,DrakKe00,WR,Dan Arnold,ArnoDa00,WR,Christian Kirk,KirkCh01,WR,Larry Fitzgerald,FitzLa00,WR,DeAndre Hopkins,HopkDe00,T,Justin Pugh,PughJu00,T,J.R. Sweezy,,T,D.J. Humphries,,G,Kelvin Beachum,BeacKe00,C,Mason Cole,ColeMa02,DE,Chandler Jones,JoneCh03,DT,Corey Peters,PeteCo00,DT,Jordan Phillips,PhilJo01,LB,Jordan Hicks,HickJo00,LB,Devon Kennard,KennDe00,LB,De'Vondre Campbell,CampDe00,LB,Isaiah Simmons,SimmIs00,DB,Jalen Thompson,ThomJa04,DB,Patrick Peterson,PetePa00,DB,Byron Murphy,MurpBy00,DB,Budda Baker,BakeBu00,Referee,Carl Cheffers,Umpire,Richard Hall,Down Judge,Patrick Turner,Line Judge,Tim Podraza,Back Judge,Greg Wilson,Side Judge,Clay Reynard,Field Judge,Gary Cavaletto
202009130was,2020-09-13,Sunday,1:00pm,Washington Football Team,Philadelphia Eagles,was,phi,27,17,Ron Rivera,Doug Pederson,FedExField,,3:15,outdoors,grass,"76 degrees, relative humidity 68%, wind 5 mph",QB,Dwayne Haskins,HaskDw00,RB,J.D. McKissic,,WR,Steven Sims,SimsSt00,WR,Antonio Gibson,GibsAn00,WR,Terry McLaurin,McLaTe00,TE,Jeremy Sprinkle,SpriJe00,T,Geron Christian,ChriGe01,T,Morgan Moses,MoseMo00,G,Brandon Scherff,ScheBr00,G,Wes Martin,MartWe00,C,Chase Roullier,RoulCh00,DE,Chase Young,YounCh04,DT,Daron Payne,PaynDa00,DT,Jonathan Allen,AlleJo01,LB,Shaun Dion Hamilton,DionSh00,LB,Kevin Pierre-Louis,PierKe00,LB,Jonathan Bostic,BostJo00,LB,Montez Sweat,SweaMo00,CB,Ronald Darby,DarbRo00,S,Jimmy Moreland,MoreJi00,S,Landon Collins,CollLa00,S,Troy Apke,ApkeTr00,C/G,Nate Herbig,HerbNa01,QB,Carson Wentz,WentCa00,RB,Boston Scott,ScotBo02,WR,Jalen Reagor,ReagJa00,WR,DeSean Jackson,JackDe00,TE,Zach Ertz,ErtzZa00,TE,Dallas Goedert,GoedDa00,OL,Isaac Seumalo,SeumIs00,T,Jack Driscoll,DrisJa00,G,Jason Peters,PeteJa21,C,Jason Kelce,KelcJa00,DE,Brandon Graham,GrahBr99,DE,Vinny Curry,CurrVi00,DT,Fletcher Cox,CoxxFl00,DT,Malik Jackson,JackMa02,LB,T.J. Edwards,EdwaTJ02,CB,Cre'von LeBlanc,LeBlCr01,CB,Avonte Maddox,MaddAv00,CB,Darius Slay,SlayDa00,DB,Nathan Gerry,GerrNa00,S,Rodney McLeod,McLeRo00,S,Jalen Mills,MillJa02,Referee,Brad Rogers,Umpire,Tab Slaughter,Down Judge,Jerod Phillips,Line Judge,Walt Coleman IV,Back Judge,Greg Meyer,Side Judge,Eugene Hall,Field Judge,Nathan Jones
202009140den,2020-09-14,Monday,10:10pm,Denver Broncos,Tennessee Titans,den,oti,14,16,Vic Fangio,Mike Vrabel,Empower Field at Mile High,,3:06,outdoors,grass,"79 degrees, relative humidity 14%, wind 10 mph",QB,Drew Lock,LockDr00,RB,Phillip Lindsay,LindPh00,RB,Melvin Gordon,GordMe00,WR,Tim Patrick,PatrTi00,WR,DaeSean Hamilton,HamiDa01,TE,Noah Fant,FantNo00,T,Garett Bolles,BollGa00,T,Elijah Wilkinson,WilkEl00,G,Dalton Risner,RisnDa00,C,Graham Glasgow,GlasGr00,C,Lloyd Cushenberry III,CushLl00,DE,Bradley Chubb,ChubBr00,DE,Shelby Harris,HarrSh00,DT,Jurrell Casey,CaseJu00,NT,Mike Purcell,PurcMi00,MLB,Alexander Johnson,JohnAl01,LB,Josey Jewell,JeweJo00,LB,Jeremiah Attaochu,AttaJe00,CB,Kareem Jackson,JackKa99,CB,Bryce Callahan,CallBr00,DB,A.J. Bouye,,DB,Justin Simmons,SimmJu00,QB,Ryan Tannehill,TannRy00,RB,Derrick Henry,HenrDe00,WR,A.J. Brown,BrowAJ00,WR,Corey Davis,DaviCo03,TE,Jonnu Smith,SmitJo01,TE,MyCole Pruitt,PruiMy00,T,Rodger Saffold,SaffRo20,T,Dennis Kelly,KellDe00,T,Taylor Lewan,LewaTa00,G,Nate Davis,DaviNa01,C,Ben Jones,JoneBe01,DE,Jadeveon Clowney,ClowJa00,DT,Jeffery Simmons,SimmJe01,DT,DaQuan Jones,JoneDa04,LB,Jayon Brown,BrowJa06,LB,Harold Landry,LandHa00,LB,Rashaan Evans,EvanRa01,CB,Johnathan Joseph,JoseJo20,DB,Chris Jackson,JackCh01,DB,Kevin Byard,ByarKe01,DB,Malcolm Butler,ButlMa01,DB,Kenny Vaccaro,VaccKe00,Referee,Scott Novak,Umpire,Steven Woods,Down Judge,Kent Payne,Line Judge,David Oliver,Back Judge,Terrence Miles,Side Judge,Scott Edwards,Field Judge,John Jenkins
202009140nyg,2020-09-14,Monday,7:15pm,New York Giants,Pittsburgh Steelers,nyg,pit,16,26,Joe Judge,Mike Tomlin,MetLife Stadium,,2:55,outdoors,fieldturf,"71 degrees, relative humidity 44%, wind 5 mph",QB,Daniel Jones,JoneDa05,RB,Saquon Barkley,BarkSa00,WR,Sterling Shepard,ShepSt00,TE,Levine Toilolo,ToilLe00,TE,Kaden Smith,SmitKa00,TE,Evan Engram,EngrEv00,T,Andrew Thomas,ThomAn02,T,Cameron Fleming,FlemCa00,G,Kevin Zeitler,ZeitKe00,G,Will Hernandez,HernWi00,G,Nick Gates,GateNi00,DE,Leonard Williams,WillLe02,DT,Dalvin Tomlinson,TomlDa00,LB,Blake Martinez,MartBl01,LB,Devante Downs,DownDe00,LB,Lorenzo Carter,CartLo01,LB,Oshane Ximines,XimiOs00,DB,Darnay Holmes,HolmDa01,DB,Julian Love,LoveJu00,DB,Jabrill Peppers,PeppJa00,DB,James Bradberry,BradJa00,DB,Corey Ballentine,BallCo00,QB,Ben Roethlisberger,RoetBe00,RB,James Conner,ConnJa00,WR,James Washington,WashJa00,WR,JuJu Smith-Schuster,SmitJu00,WR,Diontae Johnson,JohnDi01,TE,Vance McDonald,McDoVa00,OL,Alejandro Villanueva,VillAl00,T,Zach Banner,BannZa00,T,Matt Feiler,FeilMa00,C,Maurkice Pouncey,PounMa20,C,Stefen Wisniewski,WisnSt01,DE,Cameron Heyward,HeywCa01,DE,Stephon Tuitt,TuitSt00,DT,Tyson Alualu,AluaTy99,LB,Bud Dupree,DuprAl00,LB,Devin Bush Jr.,BushDe01,LB,T.J. Watt,,LB,Vince Williams,WillVi01,CB,Joe Haden,HadeJo99,DB,Minkah Fitzpatrick,FitzMi00,DB,Steven Nelson,NelsSt01,DB,Terrell Edmunds,EdmuTe00,Referee,Craig Wrolstad,Umpire,Ruben Fowler,Down Judge,Jerry Bergman,Line Judge,Thomas Eaton,Back Judge,Keith Ferguson,Side Judge,Dave Hawkshaw,Field Judge,Aaron Santi
202009170cle,2020-09-17,Thursday,8:20pm,Cleveland Browns,Cincinnati Bengals,cle,cin,35,30,Kevin Stefanski,Zac Taylor,FirstEnergy Stadium,6000,3:21,outdoors,grass,"65 degrees, relative humidity 52%, wind 8 mph",QB,Baker Mayfield,MayfBa00,RB,Nick Chubb,ChubNi00,FB,Andy Janovich,JanoAn00,WR,Odell Beckham Jr.,BeckOd00,WR,Jarvis Landry,LandJa00,TE,Austin Hooper,HoopAu00,T,Jedrick Wills Jr.,WillJe04,T,J.C. Tretter,TretJC00,G,Chris Hubbard,HubbCh00,G,Wyatt Teller,TellWy00,G,Joel Bitonio,BitoJo00,DE,Myles Garrett,GarrMy00,DE,Adrian Clayborn,ClayAd00,DT,Larry Ogunjobi,OgunLa00,DT,Sheldon Richardson,RichSh00,LB,B.J. Goodson,,LB,Sione Takitaki,TakiSi00,CB,Terrance Mitchell,MitcTe00,DB,Tavierre Thomas,ThomTa01,DB,Denzel Ward,WardDe02,S,Karl Joseph,JoseKa00,S,Andrew Sendejo,SendAn00,QB,Joe Burrow,BurrJo01,HB,Joe Mixon,MixoJo00,WR,Tyler Boyd,BoydTy00,WR,A.J. Green,,WR,Tee Higgins,HiggTe00,TE,C.J. Uzomah,,OT,Jonah Williams,WillJo10,OT,Fred Johnson,JohnFr01,OT,Bobby Hart,HartBo00,G,Michael Jordan,JordMi01,C,Trey Hopkins,HopkTr01,DE,Sam Hubbard,HubbSa00,DE,Carlos Dunlap,DunlCa99,DE,Amani Bledsoe,BledAm01,DT,Christian Covington,CoviCh00,DT,D.J. Reader,,LB,Josh Bynes,ByneJo00,LB,Germaine Pratt,PratGe00,CB,William Jackson III,JackWi02,CB,Darius Phillips,PhilDa02,S,Jessie Bates III,BateJe00,S,Vonn Bell,BellVo00,Referee,Shawn Smith,Umpire,Bryan Neale,Down Judge,Michael Dolce,Line Judge,Mark Steinkerchner,Back Judge,Dino Paganelli,Side Judge,Jimmy Buchanan,Field Judge,Dyrol Prioleau
202009200chi,2020-09-20,Sunday,1:00pm,Chicago Bears,New York Giants,chi,nyg,17,13,Matt Nagy,Joe Judge,Soldier Field,,3:01,outdoors,grass,"66 degrees, relative humidity 41%, wind 12 mph",QB,Mitchell Trubisky,TrubMi00,RB,David Montgomery,MontDa01,WR,Allen Robinson,RobiAl02,WR,Darnell Mooney,MoonDa00,TE,Jimmy Graham,GrahJi00,TE,Demetrius Harris,HarrDe03,OL,Bobby Massie,MassBo00,OL,Cody Whitehair,WhitCo03,OL,James Daniels,DaniJa01,OL,Charles Leno Jr.,LenoCh00,OL,Germain Ifedi,IfedGe00,DE,Roy Robertson-Harris,RobeRo00,DT,Bilal Nichols,NichBi00,DT,Akiem Hicks,HickAk00,LB,Khalil Mack,MackKh00,LB,Barkevious Mingo,MingBa00,LB,Roquan Smith,SmitRo07,LB,Danny Trevathan,TrevDa00,DB,Jaylon Johnson,JohnJa13,DB,Eddie Jackson,JackEd01,DB,Tashaun Gipson,GipsTa00,DB,Kyle Fuller,FullKy00,QB,Daniel Jones,JoneDa05,RB,Saquon Barkley,BarkSa00,WR,Darius Slayton,SlayDa01,WR,Sterling Shepard,ShepSt00,TE,Kaden Smith,SmitKa00,TE,Evan Engram,EngrEv00,T,Andrew Thomas,ThomAn02,T,Cameron Fleming,FlemCa00,G,Kevin Zeitler,ZeitKe00,G,Will Hernandez,HernWi00,C,Nick Gates,GateNi00,DL,Dexter Lawrence,LawrDe03,DL,Dalvin Tomlinson,TomlDa00,DL,Leonard Williams,WillLe02,LB,Blake Martinez,MartBl01,LB,Kyler Fackrell,FackKy00,LB,Lorenzo Carter,CartLo01,CB,James Bradberry,BradJa00,CB,Corey Ballentine,BallCo00,DB,Logan Ryan,RyanLo00,S,Julian Love,LoveJu00,S,Jabrill Peppers,PeppJa00,Referee,Bill Vinovich,Umpire,Terry Killens,Down Judge,Tripp Sutter,Line Judge,Jeff Seeman,Back Judge,Perry Paganelli,Side Judge,Don Willard,Field Judge,David Meslow
202009200clt,2020-09-20,Sunday,1:00pm,Indianapolis Colts,Minnesota Vikings,clt,min,28,11,Frank Reich,Mike Zimmer,Lucas Oil Stadium,2500,2:52,retractable roof (closed),fieldturf,,DT/DE,Denico Autry,AutrDe00,T/G,Braden Smith,SmitBr06,G/C,Quenton Nelson,NelsQu00,QB,Philip Rivers,RivePh00,RB,Jonathan Taylor,TaylJo02,WR,Parris Campbell,CampPa00,WR,T.Y. Hilton,,WR,Zach Pascal,PascZa00,TE,Mo Alie-Cox,AlieMo00,T,Anthony Castonzo,CastAn00,G,Mark Glowinski,GlowMa00,C,Ryan Kelly,KellRy00,DE,Justin Houston,HousJu00,DT,DeForest Buckner,BuckDe00,DT,Grover Stewart,StewGr00,LB,Shaquille Leonard,LeonDa00,LB,Bobby Okereke,OkerBo00,LB,Anthony Walker,WalkAn01,DB,Kenny Moore,MoorKe03,DB,Xavier Rhodes,RhodXa00,S,Malik Hooker,HookMa00,S,Khari Willis,WillKh00,QB,Kirk Cousins,CousKi00,RB,Dalvin Cook,CookDa01,WR,Adam Thielen,ThieAd00,WR,Olabisi Johnson,JohnOl00,TE,Irv Smith Jr.,SmitIr01,TE,Kyle Rudolph,RudoKy00,T,Riley Reiff,ReifRi00,T,Brian O'Neill,ONeiBr00,G,Dakota Dozier,DoziDa00,G,Dru Samia,SamiDr00,C,Garrett Bradbury,BradGa00,DE,Yannick Ngakoue,NgakYa00,DE,Ifeadi Odenigbo,OdenIf00,DT,Jaleel Johnson,JohnJa09,NT,Shamar Stephen,StepSh00,LB,Eric Kendricks,KendEr00,LB,Anthony Barr,BarrAn00,CB,Mike Hughes,HughMi00,CB,Holton Hill,HillHo00,CB,Jeff Gladney,GladJe00,S,Anthony Harris,HarrAn01,S,Harrison Smith,SmitHa00,Referee,Alex Kemp,Umpire,Carl Paganelli,Down Judge,Dana McKenzie,Line Judge,Greg Bradley,Back Judge,Matt Edwards,Side Judge,Jabir Walker,Field Judge,Terry Brown
202009200crd,2020-09-20,Sunday,4:05pm,Arizona Cardinals,Washington Football Team,crd,was,30,15,Kliff Kingsbury,Ron Rivera,State Farm Stadium,,3:12,retractable roof (closed),grass,,QB,Kyler Murray,MurrKy00,WR,Larry Fitzgerald,FitzLa00,WR,DeAndre Hopkins,HopkDe00,WR,Christian Kirk,KirkCh01,TE,Darrell Daniels,DaniDa02,TE,Dan Arnold,ArnoDa00,OL,J.R. Sweezy,,OL,Justin Pugh,PughJu00,OL,Kelvin Beachum,BeacKe00,OL,D.J. Humphries,,G,Lamont Gaillard,GailLa00,DL,Jordan Phillips,PhilJo01,DL,Corey Peters,PeteCo00,OLB,Chandler Jones,JoneCh03,LB,Devon Kennard,KennDe00,LB,Jordan Hicks,HickJo00,LB,De'Vondre Campbell,CampDe00,LB,Isaiah Simmons,SimmIs00,CB,Byron Murphy,MurpBy00,CB,Patrick Peterson,PetePa00,S,Chris Banjo,BanjCh00,S,Budda Baker,BakeBu00,QB,Dwayne Haskins,HaskDw00,RB,Antonio Gibson,GibsAn00,WR,Steven Sims,SimsSt00,WR,Terry McLaurin,McLaTe00,TE,Marcus Baugh,BaugMa02,TE,Logan Thomas,ThomLo00,T,Morgan Moses,MoseMo00,T,Geron Christian,ChriGe01,G,Wes Martin,MartWe00,G,Brandon Scherff,ScheBr00,C,Chase Roullier,RoulCh00,DE,Montez Sweat,SweaMo00,DE,Chase Young,YounCh04,DT,Jonathan Allen,AlleJo01,DT,Daron Payne,PaynDa00,LB,Jonathan Bostic,BostJo00,LB,Kevin Pierre-Louis,PierKe00,CB,Fabian Moreau,MoreFa00,CB,Jimmy Moreland,MoreJi00,CB,Ronald Darby,DarbRo00,S,Landon Collins,CollLa00,S,Troy Apke,ApkeTr00,Referee,Land Clark,Umpire,Alan Eck,Down Judge,Kent Payne,Line Judge,Mark Stewart,Back Judge,Terrence Miles,Side Judge,Tra Blake,Field Judge,Scott Edwards
202009200dal,2020-09-20,Sunday,1:00pm,Dallas Cowboys,Atlanta Falcons,dal,atl,40,39,Mike McCarthy,Dan Quinn,AT&amp;T Stadium,21708,3:34,retractable roof (closed),fieldturf,,QB,Dak Prescott,PresDa01,RB,Ezekiel Elliott,ElliEz00,RB,Tony Pollard,PollTo00,WR,Amari Cooper,CoopAm00,WR,Michael Gallup,GallMi00,WR,CeeDee Lamb,LambCe00,T,Terence Steele,SteeTe01,G,Zack Martin,MartZa00,G,Connor Williams,WillCo00,G,Brandon Knight,KnigBr01,C,Joe Looney,LoonJo01,DE,DeMarcus Lawrence,LawrDe00,DE,Aldon Smith,SmitAl04,DT,Dontari Poe,PoexDo00,DT,Trysten Hill,HillTr00,LB,Jaylon Smith,SmitJa05,LB,Joe Thomas,ThomJo04,CB,Jourdan Lewis,LewiJo01,CB,Chidobe Awuzie,AwuzCh00,CB,Trevon Diggs,DiggTr00,S,Darian Thompson,ThomDa05,S,Xavier Woods,WoodXa00,QB,Matt Ryan,RyanMa00,RB,Todd Gurley,GurlTo01,WR,Russell Gage,GageRu00,WR,Julio Jones,JoneJu02,WR,Calvin Ridley,RidlCa00,TE,Hayden Hurst,HursHa00,T,Jake Matthews,MattJa00,T,Kaleb McGary,McGaKa00,G,James Carpenter,CarpJa00,G,Chris Lindstrom,LindCh00,C,Alex Mack,MackAl20,DE,Dante Fowler,FowlDa00,DE,Takkarist McKinley,McKiTa00,DT,Tyeler Davison,DaviTy01,DT,Grady Jarrett,JarrGr00,LB,Foyesade Oluokun,OluoFo00,LB,Deion Jones,JoneDe01,CB,AJ Terrell,TerrAJ00,CB,Isaiah Oliver,OlivIs00,CB,Darqueze Dennard,DennDa00,S,Damontae Kazee,KazeDa00,S,Ricardo Allen,AlleRi00,Referee,Brad Rogers,Umpire,Roy Ellison,Down Judge,Jerod Phillips,Line Judge,Walt Coleman IV,Back Judge,Greg Meyer,Side Judge,Eugene Hall,Field Judge,Nathan Jones
202009200gnb,2020-09-20,Sunday,1:00pm,Green Bay Packers,Detroit Lions,gnb,det,42,21,Matt LaFleur,Matt Patricia,Lambeau Field,,3:07,outdoors,grass,"66 degrees, relative humidity 41%, wind 12 mph",QB,Aaron Rodgers,RodgAa00,RB,Aaron Jones,JoneAa00,WR,Davante Adams,AdamDa01,WR,Allen Lazard,LazaAl00,TE,Robert Tonyan,TonyRo00,TE,Marcedes Lewis,LewiMa00,T,Ricky Wagner,WagnRi00,T,David Bakhtiari,BakhDa00,G,Elgton Jenkins,JenkEl00,G,Lucas Patrick,PatrLu00,C,Corey Linsley,LinsCo00,DL,Tyler Lancaster,LancTy00,DL,Kingsley Keke,KekeKi00,DL,Dean Lowry,LowrDe00,LB,Christian Kirksey,KirkCh00,LB,Preston Smith,SmitPr00,LB,Za'Darius Smith,SmitZa00,CB,Kevin King,KingKe01,CB,Chandon Sullivan,SullCh00,CB,Jaire Alexander,AlexJa00,S,Darnell Savage Jr.,SavaDa00,S,Adrian Amos,AmosAd00,QB,Matthew Stafford,StafMa00,RB,Kerryon Johnson,JohnKe06,WR,Marvin Hall,HallMa02,WR,Marvin Jones,JoneMa02,TE,T.J. Hockenson,HockTJ00,TE,Jesse James,JameJe00,OL,Oday Aboushi,AbouOd00,OL,Tyrell Crosby,CrosTy00,OL,Frank Ragnow,RagnFr00,OL,Jonah Jackson,JackJo03,T,Taylor Decker,DeckTa00,DL,Da'Shawn Hand,HandDa00,DE,Trey Flowers,FlowTr00,DT,Danny Shelton,ShelDa01,LB,Jahlani Tavai,TavaJa00,LB,Christian Jones,JoneCh05,LB,Jarrad Davis,DaviJa01,LB,Jamie Collins,CollJa00,CB,Jeff Okudah,OkudJe00,CB,Amani Oruwariye,OruwAm00,S,Will Harris,HarrWi02,S,Duron Harmon,HarmDu00,Referee,Clete Blakeman,Umpire,Fred Bryan,Down Judge,Mark Hittner,Line Judge,Tom Stephan,Back Judge,Scott Helverson,Side Judge,Michael Banks,Field Judge,Joe Blubaugh
202009200htx,2020-09-20,Sunday,4:25pm,Houston Texans,Baltimore Ravens,htx,rav,16,33,Bill O'Brien,John Harbaugh,NRG Stadium,,2:55,retractable roof (closed),grass,,QB,Deshaun Watson,WatsDe00,RB,David Johnson,JohnDa08,WR,Brandin Cooks,CookBr00,WR,Will Fuller,FullWi01,TE,Darren Fells,FellDa01,TE,Jordan Akins,AkinJo00,T,Laremy Tunsil,TunsLa00,T,Max Scharping,SchaMa01,T,Tytus Howard,HowaTy00,G,Zach Fulton,FultZa00,C,Nick Martin,MartNi00,DE,J.J. Watt,,DT,P.J. Hall,,DT,Brandon Dunn,DunnBr00,LB,Benardrick McKinney,McKiBe00,LB,Whitney Mercilus,MercWh00,LB,Zach Cunningham,CunnZa00,DB,Vernon Hargreaves III,HargVe00,DB,A.J. Moore,,DB,Eric Murray,MurrEr00,DB,Justin Reid,ReidJu00,DB,Bradley Roby,RobyBr00,G/C,Bradley Bozeman,BozeBr00,WR/RS,Willie Snead,SneaWi00,C/G,Matt Skura,SkurMa01,G/T,Tyre Phillips,PhilTy00,DB/LB,Anthony Levine,LeviAn00,QB,Lamar Jackson,JackLa00,RB,Mark Ingram,IngrMa01,WR,Miles Boykin,BoykMi00,WR,Marquise Brown,BrowMa04,TE,Nick Boyle,BoylNi00,T,Orlando Brown Jr.,BrowOr00,T,Ronnie Stanley,StanRo00,DE,Calais Campbell,CampCa99,DT,Brandon Williams,WillBr02,LB,L.J. Fort,,LB,Matt Judon,JudoMa00,LB,Pernell McPhee,McPhPe00,LB,Patrick Queen,QueePa00,CB,Marlon Humphrey,HumpMa00,CB,Marcus Peters,PeteMa00,S,DeShon Elliott,ElliDe02,S,Chuck Clark,ClarCh00,Referee,Tony Corrente,Umpire,Tab Slaughter,Down Judge,Jerry Bergman,Line Judge,David Oliver,Back Judge,Todd Prukop,Side Judge,Anthony Flemming,Field Judge,Mearl Robinson
202009200mia,2020-09-20,Sunday,1:00pm,Miami Dolphins,Buffalo Bills,mia,buf,28,31,Brian Flores,Sean McDermott,Hard Rock Stadium,11075,3:40,outdoors,grass,"90 degrees, relative humidity 68%, wind 5 mph",G/T,Jesse Davis,DaviJe00,QB,Ryan Fitzpatrick,FitzRy00,RB,Jordan Howard,HowaJo00,FB,Chandler Cox,CoxxCh01,WR,Preston Williams,WillPr01,WR,DeVante Parker,ParkDe01,TE,Mike Gesicki,GesiMi00,T,Austin Jackson,JackAu00,G,Solomon Kindley,KindSo00,G,Ereck Flowers,FlowEr00,C,Ted Karras,KarrTe00,DE,Shaq Lawson,LawsSh00,DE,Emmanuel Ogbah,OgbaEm00,DT,Davon Godchaux,GodcDa00,DT,Christian Wilkins,WilkCh00,LB,Kamu Grugier-Hill,GrugKa00,LB,Kyle Van Noy,VanNKy00,LB,Jerome Baker,BakeJe00,CB,Xavien Howard,HowaXa00,CB,Byron Jones,JoneBy00,CB,Nik Needham,NeedNi00,S,Bobby McCain,McCaBo01,QB,Josh Allen,AlleJo02,RB,Devin Singletary,SingDe00,WR,Cole Beasley,BeasCo00,WR,John Brown,BrowJo02,WR,Stefon Diggs,DiggSt00,TE,Dawson Knox,KnoxDa00,OL,Daryl Williams,WillDa06,T,Cody Ford,FordCo00,T,Dion Dawkins,DawkDi00,G,Quinton Spain,SpaiQu00,C,Mitch Morse,MorsMi00,DL,Quinton Jefferson,JeffQu00,DE,Jerry Hughes,HughJe99,DE,Trent Murphy,MurpTr00,DT,Ed Oliver,OlivEd00,LB,A.J. Klein,KleiAJ00,LB,Tyrel Dodson,DodsTy01,CB,Taron Johnson,JohnTa01,CB,Levi Wallace,WallLe00,CB,Tre'Davious White,WhitTr01,S,Micah Hyde,HydeMi00,S,Jordan Poyer,PoyeJo00,Referee,Jerome Boger,Umpire,Barry Anderson,Down Judge,Julian Mapp,Line Judge,Rusty Baynes,Back Judge,Brad Freeman,Side Judge,Anthony Jeffries,Field Judge,Dale Shaw
202009200nyj,2020-09-20,Sunday,1:00pm,New York Jets,San Francisco 49ers,nyj,sfo,13,31,Adam Gase,Kyle Shanahan,MetLife Stadium,,2:56,outdoors,fieldturf,"61 degrees, relative humidity 29%, wind 7 mph",QB,Sam Darnold,DarnSa00,RB,Frank Gore,GoreFr00,WR,Chris Hogan,HogaCh00,WR,Breshad Perriman,PerrBr02,TE,Chris Herndon,HernCh00,TE,Trevon Wesco,WescTr00,OL,Alex Lewis,LewiAl01,OL,Connor McGovern,McGoCo00,T,George Fant,FantGe00,T,Mekhi Becton,BectMe00,G,Greg Van Roten,VanRGr00,DL,Quinnen Williams,WillQu00,DL,Steve McLendon,McLeSt00,DL,Henry Anderson,AndeHe00,LB,Neville Hewitt,HewiNe00,LB,Jordan Jenkins,JenkJo01,LB,Alec Ogletree,OgleAl00,CB,Quincy Wilson,WilsQu01,CB,Blessuan Austin,AustBl00,S,Bradley McDougald,McDoBr01,S,Marcus Maye,MayeMa00,S,Ashtyn Davis,DaviAs00,QB,Jimmy Garoppolo,GaroJi00,RB,Raheem Mostert,MostRa00,FB,Kyle Juszczyk,JuszKy00,WR,Brandon Aiyuk,AiyuBr00,WR,Kendrick Bourne,BourKe00,TE,Ross Dwelley,DwelRo00,OL,Daniel Brunskill,BrunDa00,OL,Ben Garland,GarlBe00,OL,Laken Tomlinson,TomlLa01,T,Trent Williams,WillTr21,T,Mike McGlinchey,McGlMi00,DL,Nick Bosa,BosaNi00,DL,D.J. Jones,,DL,Arik Armstead,ArmsAr01,DL,Solomon Thomas,ThomSo00,LB,Fred Warner,WarnFr00,LB,Kwon Alexander,AlexKw00,LB,Dre Greenlaw,GreeDr00,CB,Emmanuel Moseley,MoseEm00,CB,Ahkello Witherspoon,WithAh00,DB,Jimmie Ward,WardJi01,S,Jaquiski Tartt,TartJa00,Referee,Ronald Torbert,Umpire,Mark Pellis,Down Judge,Patrick Holt,Line Judge,Jim Mello,Back Judge,Greg Yette,Side Judge,Jonah Monroe,Field Judge,Dominique Pender
202009200oti,2020-09-20,Sunday,1:00pm,Tennessee Titans,Jacksonville Jaguars,oti,jax,33,30,Mike Vrabel,Doug Marrone,Nissan Stadium,,2:59,outdoors,grass,"72 degrees, relative humidity 60%, wind 5 mph",QB,Ryan Tannehill,TannRy00,RB,Khari Blasingame,BlasKh00,RB,Derrick Henry,HenrDe00,WR,Corey Davis,DaviCo03,WR,Kalif Raymond,RaymKa00,TE,Jonnu Smith,SmitJo01,T,Rodger Saffold,SaffRo20,T,Dennis Kelly,KellDe00,T,Taylor Lewan,LewaTa00,G,Nate Davis,DaviNa01,C,Ben Jones,JoneBe01,DE,Jadeveon Clowney,ClowJa00,DE,Jack Crawford,CrawJa00,DT,Jeffery Simmons,SimmJe01,DT,DaQuan Jones,JoneDa04,LB,Jayon Brown,BrowJa06,LB,Harold Landry,LandHa00,LB,Rashaan Evans,EvanRa01,CB,Johnathan Joseph,JoseJo20,DB,Kevin Byard,ByarKe01,DB,Malcolm Butler,ButlMa01,DB,Kenny Vaccaro,VaccKe00,QB,Gardner Minshew II,MinsGa00,RB,James Robinson,RobiJa00,WR,DJ Chark,CharDJ00,TE,Tyler Eifert,EifeTy00,TE,Ben Ellefson,ElleBe00,TE,James O'Shaughnessy,O'ShJa00,T,Jawaan Taylor,TaylJa02,T,Cam Robinson,RobiCa00,G,A.J. Cann,,G,Andrew Norwell,NorwAn01,G,Brandon Linder,LindBr00,DE,Josh Hines-Allen,AlleJo03,DE,Adam Gotsis,GotsAd00,DT,Taven Bryan,BryaTa00,DT,Abry Jones,JoneAb00,LB,Leon Jacobs,JacoLe00,LB,Myles Jack,JackMy00,LB,Joe Schobert,SchoJo00,DB,Josh Jones,JoneJo06,DB,Tre Herndon,HernTr00,DB,C.J. Henderson,HendCJ00,DB,Andrew Wingard,WingAn01,Referee,Clay Martin,Umpire,Tony Michalek,Down Judge,Derick Bowers,Line Judge,Frank LeBlanc,Back Judge,Steve Patrick,Side Judge,Jeff Lamberth,Field Judge,Mike Weatherford
202009200phi,2020-09-20,Sunday,1:00pm,Philadelphia Eagles,Los Angeles Rams,phi,ram,19,37,Doug Pederson,Sean McVay,Lincoln Financial Field,,3:08,outdoors,grass,"62 degrees, relative humidity 34%, wind 12 mph",C/G,Nate Herbig,HerbNa01,QB,Carson Wentz,WentCa00,RB,Miles Sanders,SandMi01,WR,Greg Ward,WardGr02,WR,DeSean Jackson,JackDe00,WR,Jalen Reagor,ReagJa00,TE,Zach Ertz,ErtzZa00,OL,Isaac Seumalo,SeumIs00,T,Lane Johnson,JohnLa01,G,Jason Peters,PeteJa21,C,Jason Kelce,KelcJa00,DE,Brandon Graham,GrahBr99,DE,Josh Sweat,SweaJo00,DT,Fletcher Cox,CoxxFl00,DT,Malik Jackson,JackMa02,LB,T.J. Edwards,EdwaTJ02,CB,Darius Slay,SlayDa00,CB,Avonte Maddox,MaddAv00,DB,Nathan Gerry,GerrNa00,S,Jalen Mills,MillJa02,S,Rodney McLeod,McLeRo00,S,Marcus Epps,EppsMa00,QB,Jared Goff,GoffJa00,RB,Cam Akers,AkerCa00,WR,Robert Woods,WoodRo02,WR,Josh Reynolds,ReynJo00,WR,Cooper Kupp,KuppCo00,TE,Tyler Higbee,HigbTy00,OL,Austin Blythe,BlytAu00,OL,Austin Corbett,CorbAu00,OL,Rob Havenstein,HaveRo00,OL,Andrew Whitworth,WhitAn20,OL,Joseph Noteboom,NoteJo00,DL,Michael Brockers,BrocMi00,DL,Aaron Donald,DonaAa00,DL,Sebastian Joseph-Day,JoseSe00,OLB,Leonard Floyd,FloyLe00,ILB,Kenny Young,YounKe03,ILB,Micah Kiser,KiseMi00,CB,Jalen Ramsey,RamsJa00,CB,Darious Williams,WillDa09,CB,Troy Hill,HillTr01,S,John Johnson,JohnJo10,S,Jordan Fuller,FullJo01,Referee,Brad Allen,Umpire,Bruce Stritesky,Down Judge,Danny Short,Line Judge,Daniel Gallagher,Back Judge,Jimmy Russell,Side Judge,Boris Cheek,Field Judge,Rick Patterson
202009200pit,2020-09-20,Sunday,1:00pm,Pittsburgh Steelers,Denver Broncos,pit,den,26,21,Mike Tomlin,Vic Fangio,Heinz Field,,3:18,outdoors,grass,"64 degrees, relative humidity 39%, wind 5 mph",QB,Ben Roethlisberger,RoetBe00,RB,James Conner,ConnJa00,WR,Diontae Johnson,JohnDi01,WR,JuJu Smith-Schuster,SmitJu00,TE,Vance McDonald,McDoVa00,TE,Eric Ebron,EbroEr00,OL,Alejandro Villanueva,VillAl00,T,Matt Feiler,FeilMa00,T,Chukwuma Okorafor,OkorCh00,G,Kevin Dotson,DotsKe00,C,Maurkice Pouncey,PounMa20,DE,Cameron Heyward,HeywCa01,DE,Stephon Tuitt,TuitSt00,LB,Vince Williams,WillVi01,LB,T.J. Watt,,LB,Devin Bush Jr.,BushDe01,LB,Bud Dupree,DuprAl00,CB,Joe Haden,HadeJo99,CB,Mike Hilton,HiltMi01,DB,Steven Nelson,NelsSt01,DB,Minkah Fitzpatrick,FitzMi00,DB,Terrell Edmunds,EdmuTe00,QB,Drew Lock,LockDr00,RB,Melvin Gordon,GordMe00,WR,Courtland Sutton,SuttCo00,WR,Tim Patrick,PatrTi00,WR,Jerry Jeudy,JeudJe00,TE,Noah Fant,FantNo00,T,Elijah Wilkinson,WilkEl00,T,Garett Bolles,BollGa00,G,Dalton Risner,RisnDa00,C,Graham Glasgow,GlasGr00,C,Lloyd Cushenberry III,CushLl00,DE,Shelby Harris,HarrSh00,DE,Bradley Chubb,ChubBr00,DT,Jurrell Casey,CaseJu00,NT,Mike Purcell,PurcMi00,MLB,Alexander Johnson,JohnAl01,LB,Josey Jewell,JeweJo00,LB,Jeremiah Attaochu,AttaJe00,CB,Kareem Jackson,JackKa99,CB,Bryce Callahan,CallBr00,DB,Michael Ojemudia,OjemMi00,DB,Justin Simmons,SimmJu00,Referee,Adrian Hill,Umpire,Paul King,Down Judge,Ed Camp,Line Judge,Kevin Codey,Back Judge,Greg Steed,Side Judge,Keith Washington,Field Judge,Jim Quirk
202009200sdg,2020-09-20,Sunday,4:25pm,Los Angeles Chargers,Kansas City Chiefs,sdg,kan,20,23,Anthony Lynn,Andy Reid,SoFi Stadium,,3:19,dome,matrixturf,,QB,Justin Herbert,HerbJu00,RB,Gabe Nabers,NabeGa00,RB,Austin Ekeler,EkelAu00,WR,Keenan Allen,AlleKe00,TE,Virgil Green,GreeVi00,TE,Hunter Henry,HenrHu00,T,Bryan Bulaga,BulaBr20,T,Sam Tevi,TeviSa00,G,Dan Feeney,FeenDa00,G,Trai Turner,TurnTr01,G,Forrest Lamp,LampFo00,DE,Joey Bosa,BosaJo00,DE,Melvin Ingram,IngrMe00,DT,Justin Jones,JoneJu03,DT,Linval Joseph,JoseLi99,LB,Kyzir White,WhitKy00,LB,Kenneth Murray,MurrKe00,CB,Chris Harris Jr.,HarrCh01,CB,Michael Davis,DaviMi03,DB,Casey Hayward,HaywCa00,S,Rayshawn Jenkins,JenkRa00,S,Nasir Adderley,AddeNa00,QB,Patrick Mahomes,MahoPa00,RB,Clyde Edwards-Helaire,EdwaCl00,WR,Sammy Watkins,WatkSa00,WR,Mecole Hardman,HardMe00,WR,Tyreek Hill,HillTy00,TE,Travis Kelce,KelcTr00,T,Eric Fisher,FishEr00,T,Mitchell Schwartz,SchwMi00,G,Andrew Wylie,WyliAn00,G,Kelechi Osemele,OsemKe00,C,Austin Reiter,ReitAu00,DE,Tanoh Kpassagnon,KpasTa00,DE,Frank Clark,ClarFr01,DT,Derrick Nnadi,NnadDe00,DT,Chris Jones,JoneCh09,LB,Ben Niemann,NiemBe00,LB,Anthony Hitchens,HitcAn00,LB,Damien Wilson,WilsDa02,CB,L'Jarius Sneed,SneeLJ00,CB,Rashad Fenton,FentRa00,S,Tyrann Mathieu,MathTy00,S,Juan Thornhill,ThorJu00,Referee,Carl Cheffers,Umpire,Richard Hall,Down Judge,Patrick Turner,Line Judge,Tim Podraza,Back Judge,Greg Wilson,Side Judge,Clay Reynard,Field Judge,Gary Cavaletto
202009200sea,2020-09-20,Sunday,8:20pm,Seattle Seahawks,New England Patriots,sea,nwe,35,30,Pete Carroll,Bill Belichick,Lumen Field,,3:07,outdoors,fieldturf,"70 degrees, relative humidity 57%, wind 5 mph",G/C,Ethan Pocic,PociEt00,QB,Russell Wilson,WilsRu00,RB,Chris Carson,CarsCh00,WR,D.K. Metcalf,MetcDK00,WR,Tyler Lockett,LockTy00,TE,Will Dissly,DissWi00,TE,Greg Olsen,OlseGr00,T,Duane Brown,BrowDu20,T,Brandon Shell,ShelBr00,G,Damien Lewis,LewiDa05,G,Mike Iupati,IupaMi20,DE,Benson Mayowa,MayoBe00,DE,L.J. Collier,CollLJ00,DT,Poona Ford,FordPo00,DT,Jarran Reed,ReedJa02,LB,Bruce Irvin,IrviBr00,LB,Bobby Wagner,WagnBo00,LB,K.J. Wright,,CB,Shaquill Griffin,GrifSh00,CB,Quinton Dunbar,DunbQu00,SS,Jamal Adams,AdamJa00,FS,Quandre Diggs,DiggQu00,QB,Cam Newton,NewtCa00,RB,Sony Michel,MichSo00,FB,Jakob Johnson,JohnJa12,WR,N'Keal Harry,HarrNK00,TE,Ryan Izzo,IzzoRy00,OL,Shaq Mason,MasoSh01,OL,Isaiah Wynn,WynnIs00,OL,Joe Thuney,ThunJo00,OL,Michael Onwenu,OnweMi00,OL,Jermaine Eluemunor,ElueJe00,C,David Andrews,AndrDa00,DL,Byron Cowart,CowaBy00,DL,Chase Winovich,WinoCh00,DE,John Simon,SimoJo01,DT,Lawrence Guy,GuyxLa00,LB,Brandon Copeland,CopeBr00,LB,Ja'Whaun Bentley,BentJa00,CB,Jason McCourty,McCoJa99,CB,Stephon Gilmore,GilmSt00,DB,Jonathan Jones,JoneJo03,DB,Devin McCourty,McCoDe99,DB,Adrian Phillips,PhilAd00,Referee,Craig Wrolstad,Umpire,Ruben Fowler,Down Judge,Mark Perlman,Line Judge,Bart Longson,Back Judge,Keith Ferguson,Side Judge,Dave Hawkshaw,Field Judge,Aaron Santi
202009200tam,2020-09-20,Sunday,1:00pm,Tampa Bay Buccaneers,Carolina Panthers,tam,car,31,17,Bruce Arians,Matt Rhule,Raymond James Stadium,,3:14,outdoors,grass,"85 degrees, relative humidity 72%, wind 17 mph",QB,Tom Brady,BradTo00,RB,Ronald Jones II,JoneRo01,WR,Justin Watson,WatsJu01,WR,Scott Miller,MillSc01,WR,Mike Evans,EvanMi00,TE,Rob Gronkowski,GronRo00,T,Tristan Wirfs,WirfTr00,T,Donovan Smith,SmitDo02,G,Ali Marpet,MarpAl00,G,Alex Cappa,CappAl00,C,Ryan Jensen,JensRy00,DE,William Gholston,GholWi00,DE,Jason Pierre-Paul,PierJa99,DT,Ndamukong Suh,SuhxNd99,DT,Vita Vea,VeaxVi00,LB,Lavonte David,DaviLa00,LB,Devin White,WhitDe02,LB,Shaquil Barrett,BarrSh00,DB,Carlton Davis,DaviCa02,DB,Sean Murphy-Bunting,BuntSe00,DB,Jordan Whitehead,WhitJo03,DB,Antoine Winfield Jr.,WinfAn00,QB,Teddy Bridgewater,BridTe00,RB,Christian McCaffrey,McCaCh01,WR,Robbie Chosen,AndeRo04,WR,D.J. Moore,,TE,Ian Thomas,ThomIa00,TE,Chris Manhertz,ManhCh00,T,Russell Okung,OkunRu20,T,Taylor Moton,MotoTa00,G,Michael Schofield,SchoMi00,G,John Miller,MillJo04,C,Matt Paradis,ParaMa00,DE,Stephen Weatherly,WeatSt00,DE,Brian Burns,BurnBr00,DT,Zach Kerr,KerrZa00,DT,Derrick Brown,BrowDe05,LB,Tahir Whitehead,WhitTa00,LB,Shaq Thompson,ThomSh01,CB,Donte Jackson,JackDo02,DB,Rasul Douglas,DougRa00,S,Jeremy Chinn,ChinJe00,S,Juston Burris,BurrJu00,S,Tre Boston,BostTr00,Referee,John Hussey,Umpire,Dan Ferrell,Down Judge,Brian Bolinger,Line Judge,Tom Symonette,Back Judge,Tony Josselyn,Side Judge,Allen Baynes,Field Judge,Steve Zimmer
202009210rai,2020-09-21,Monday,8:15pm,Las Vegas Raiders,New Orleans Saints,rai,nor,34,24,Jon Gruden,Sean Payton,Allegiant Stadium,,3:15,dome,grass,,G/T,Denzelle Good,GoodDe01,QB,Derek Carr,CarrDe02,RB,Josh Jacobs,JacoJo01,WR,Henry Ruggs III,RuggHe00,WR,Bryan Edwards,EdwaBr01,TE,Jason Witten,WittJa00,TE,Darren Waller,WallDa01,T,Kolton Miller,MillKo00,G,Richie Incognito,IncoRi20,G,Gabe Jackson,JackGa00,C,Rodney Hudson,HudsRo00,DE,Clelin Ferrell,FerrCl00,DE,Maxx Crosby,CrosMa00,DT,Johnathan Hankins,HankJo00,DT,Maliek Collins,CollMa00,MLB,Nicholas Morrow,MorrNi00,LB,Cory Littleton,LittCo01,CB,Lamarcus Joyner,JoynLa00,CB,Trayvon Mullen,MullTr00,CB,Damon Arnette,ArneDa00,SS,Johnathan Abram,AbraJo01,S,Erik Harris,HarrEr00,C/G,Nick Easton,EastNi00,G/T,Andrus Peat,PeatAn00,WR/RS,Deonte Harty,HarrDe07,C/G,Erik McCoy,McCoEr01,QB,Drew Brees,BreeDr00,RB,Alvin Kamara,KamaAl00,WR,Tre'Quan Smith,SmitTr03,WR,Emmanuel Sanders,SandEm00,TE,Jared Cook,CookJa02,T,Terron Armstead,ArmsTe00,T,Ryan Ramczyk,RamcRy00,DE,Cameron Jordan,JordCa00,DE,Trey Hendrickson,HendTr00,DT,David Onyemata,OnyeDa00,DT,Malcom Brown,BrowMa01,LB,Alex Anzalone,AnzaAl00,LB,Demario Davis,DaviDe00,CB,Jackrabbit Jenkins,JenkJa03,CB,Marshon Lattimore,LattMa01,DB,C.J. Gardner-Johnson,GardCh00,S,Marcus Williams,WillMa06,S,Malcolm Jenkins,JenkMa99,Referee,Shawn Hochuli,Umpire,Ramon George,Down Judge,Sarah Thomas,Line Judge,Carl Johnson,Back Judge,Rich Martinez,Side Judge,Chad Hill,Field Judge,Ryan Dickson
202009240jax,2020-09-24,Thursday,8:20pm,Jacksonville Jaguars,Miami Dolphins,jax,mia,13,31,Doug Marrone,Brian Flores,TIAA Bank Stadium,16563,3:01,outdoors,grass,"81 degrees, relative humidity 75%, wind 12 mph",QB,Gardner Minshew II,MinsGa00,RB,James Robinson,RobiJa00,WR,Keelan Cole,ColeKe00,WR,Chris Conley,ConlCh00,WR,Laviska Shenault Jr.,ShenLa00,TE,James O'Shaughnessy,O'ShJa00,OL,Tyler Shatley,ShatTy00,OL,A.J. Cann,,OL,Jawaan Taylor,TaylJa02,OL,Cam Robinson,RobiCa00,OL,Andrew Norwell,NorwAn01,DL,Taven Bryan,BryaTa00,DE,Josh Hines-Allen,AlleJo03,DE,Adam Gotsis,GotsAd00,DT,Abry Jones,JoneAb00,LB,Leon Jacobs,JacoLe00,LB,Myles Jack,JackMy00,LB,Joe Schobert,SchoJo00,CB,Josh Jones,JoneJo06,CB,Tre Herndon,HernTr00,CB,C.J. Henderson,HendCJ00,S,Andrew Wingard,WingAn01,G/T,Jesse Davis,DaviJe00,QB,Ryan Fitzpatrick,FitzRy00,RB,Myles Gaskin,GaskMy00,WR,Preston Williams,WillPr01,WR,DeVante Parker,ParkDe01,TE,Mike Gesicki,GesiMi00,TE,Durham Smythe,SmytDu00,T,Austin Jackson,JackAu00,G,Ereck Flowers,FlowEr00,G,Solomon Kindley,KindSo00,C,Ted Karras,KarrTe00,DE,Shaq Lawson,LawsSh00,DE,Emmanuel Ogbah,OgbaEm00,DT,Christian Wilkins,WilkCh00,DT,Davon Godchaux,GodcDa00,LB,Elandon Roberts,RobeEl00,LB,Kyle Van Noy,VanNKy00,CB,Noah Igbinoghene,IgbiNo00,CB,Xavien Howard,HowaXa00,CB,Jamal Perry,WiltJo01,S,Bobby McCain,McCaBo01,S,Eric Rowe,RoweEr00,Referee,Brad Allen,Umpire,Bruce Stritesky,Down Judge,Danny Short,Line Judge,Daniel Gallagher,Back Judge,Jimmy Russell,Side Judge,Boris Cheek,Field Judge,Rick Patterson
202009270atl,2020-09-27,Sunday,1:00pm,Atlanta Falcons,Chicago Bears,atl,chi,26,30,Dan Quinn,Matt Nagy,Mercedes-Benz Stadium,,3:25,retractable roof (open),fieldturf,,QB,Matt Ryan,RyanMa00,RB,Todd Gurley,GurlTo01,FB,Keith Smith,SmitKe03,WR,Russell Gage,GageRu00,WR,Calvin Ridley,RidlCa00,TE,Luke Stocker,StocLu00,T,Matt Gono,GonoMa00,T,Jake Matthews,MattJa00,G,James Carpenter,CarpJa00,G,Chris Lindstrom,LindCh00,C,Alex Mack,MackAl20,DE,Steven Means,MeanSt00,DE,Allen Bailey,BailAl00,DT,Grady Jarrett,JarrGr00,DT,Tyeler Davison,DaviTy01,LB,Deion Jones,JoneDe01,LB,Mykal Walker,WalkMy00,CB,Isaiah Oliver,OlivIs00,CB,Darqueze Dennard,DennDa00,S,Damontae Kazee,KazeDa00,S,Keanu Neal,NealKe01,S,Jaylinn Hawkins,HawkJa00,QB,Mitchell Trubisky,TrubMi00,RB,David Montgomery,MontDa01,WR,Allen Robinson,RobiAl02,TE,Jimmy Graham,GrahJi00,TE,Demetrius Harris,HarrDe03,TE,Cole Kmet,KmetCo00,OL,Cody Whitehair,WhitCo03,OL,Germain Ifedi,IfedGe00,OL,Bobby Massie,MassBo00,OL,Charles Leno Jr.,LenoCh00,OL,James Daniels,DaniJa01,DE,Roy Robertson-Harris,RobeRo00,DT,Akiem Hicks,HickAk00,DT,Bilal Nichols,NichBi00,LB,Roquan Smith,SmitRo07,LB,Danny Trevathan,TrevDa00,LB,Khalil Mack,MackKh00,LB,Barkevious Mingo,MingBa00,DB,Jaylon Johnson,JohnJa13,DB,Eddie Jackson,JackEd01,DB,Tashaun Gipson,GipsTa00,DB,Kyle Fuller,FullKy00,Referee,Jerome Boger,Umpire,Barry Anderson,Down Judge,Julian Mapp,Line Judge,Allen Baynes,Back Judge,Brad Freeman,Side Judge,Anthony Jeffries,Field Judge,Tra Blake
202009270buf,2020-09-27,Sunday,1:00pm,Buffalo Bills,Los Angeles Rams,buf,ram,35,32,Sean McDermott,Sean McVay,Bills Stadium,,3:04,outdoors,astroturf,"79 degrees, relative humidity 52%, wind 16 mph",QB,Josh Allen,AlleJo02,RB,Devin Singletary,SingDe00,WR,John Brown,BrowJo02,WR,Isaiah McKenzie,McKeIs00,WR,Stefon Diggs,DiggSt00,TE,Tyler Kroft,KrofTy00,OL,Daryl Williams,WillDa06,T,Cody Ford,FordCo00,T,Dion Dawkins,DawkDi00,G,Brian Winters,WintBr00,C,Mitch Morse,MorsMi00,DL,Quinton Jefferson,JeffQu00,DE,Trent Murphy,MurpTr00,DE,Jerry Hughes,HughJe99,DT,Ed Oliver,OlivEd00,LB,Matt Milano,MilaMa00,LB,Tremaine Edmunds,EdmuTr01,CB,Taron Johnson,JohnTa01,CB,Levi Wallace,WallLe00,CB,Tre'Davious White,WhitTr01,S,Jordan Poyer,PoyeJo00,S,Micah Hyde,HydeMi00,QB,Jared Goff,GoffJa00,RB,Darrell Henderson,HendDa00,WR,Robert Woods,WoodRo02,WR,Josh Reynolds,ReynJo00,WR,Cooper Kupp,KuppCo00,TE,Tyler Higbee,HigbTy00,OL,David Edwards,EdwaDa01,OL,Rob Havenstein,HaveRo00,OL,Austin Blythe,BlytAu00,OL,Austin Corbett,CorbAu00,OL,Andrew Whitworth,WhitAn20,DL,Sebastian Joseph-Day,JoseSe00,DL,Aaron Donald,DonaAa00,DL,Michael Brockers,BrocMi00,OLB,Leonard Floyd,FloyLe00,OLB,Samson Ebukam,EbukSa00,ILB,Micah Kiser,KiseMi00,CB,Troy Hill,HillTr01,CB,Jalen Ramsey,RamsJa00,CB,Darious Williams,WillDa09,S,Jordan Fuller,FullJo01,S,John Johnson,JohnJo10,Referee,Alex Kemp,Umpire,Carl Paganelli,Down Judge,Dana McKenzie,Line Judge,Greg Bradley,Back Judge,Matt Edwards,Side Judge,Dominique Pender,Field Judge,Terry Brown
202009270cle,2020-09-27,Sunday,1:00pm,Cleveland Browns,Washington Football Team,cle,was,34,20,Kevin Stefanski,Ron Rivera,FirstEnergy Stadium,6000,2:52,outdoors,grass,"73 degrees, relative humidity 64%, wind 18 mph",QB,Baker Mayfield,MayfBa00,RB,Nick Chubb,ChubNi00,WR,Odell Beckham Jr.,BeckOd00,WR,Jarvis Landry,LandJa00,TE,Harrison Bryant,BryaHa00,TE,Austin Hooper,HoopAu00,T,Jedrick Wills Jr.,WillJe04,T,J.C. Tretter,TretJC00,T,Jack Conklin,ConkJa00,G,Wyatt Teller,TellWy00,G,Joel Bitonio,BitoJo00,DE,Porter Gustin,GustPo01,DE,Myles Garrett,GarrMy00,DT,Larry Ogunjobi,OgunLa00,DT,Sheldon Richardson,RichSh00,LB,B.J. Goodson,,LB,Sione Takitaki,TakiSi00,CB,Terrance Mitchell,MitcTe00,DB,Tavierre Thomas,ThomTa01,DB,Denzel Ward,WardDe02,S,Karl Joseph,JoseKa00,S,Andrew Sendejo,SendAn00,QB,Dwayne Haskins,HaskDw00,RB,J.D. McKissic,,WR,Isaiah Wright,WrigIs01,WR,Dontrelle Inman,InmaDo00,WR,Terry McLaurin,McLaTe00,TE,Logan Thomas,ThomLo00,T,Geron Christian,ChriGe01,T,Morgan Moses,MoseMo00,G,Wes Schweitzer,SchwWe00,G,Wes Martin,MartWe00,C,Chase Roullier,RoulCh00,DE,Chase Young,YounCh04,DE,Montez Sweat,SweaMo00,DT,Daron Payne,PaynDa00,DT,Jonathan Allen,AlleJo01,LB,Kevin Pierre-Louis,PierKe00,LB,Shaun Dion Hamilton,DionSh00,LB,Jonathan Bostic,BostJo00,CB,Kendall Fuller,FullKe00,CB,Ronald Darby,DarbRo00,S,Landon Collins,CollLa00,S,Troy Apke,ApkeTr00,Referee,Shawn Hochuli,Umpire,Ramon George,Down Judge,Sarah Thomas,Line Judge,Carl Johnson,Back Judge,Rich Martinez,Side Judge,Chad Hill,Field Judge,Tom Hill
202009270clt,2020-09-27,Sunday,4:05pm,Indianapolis Colts,New York Jets,clt,nyj,36,7,Frank Reich,Adam Gase,Lucas Oil Stadium,7480,2:49,retractable roof (closed),fieldturf,,DT/DE,Denico Autry,AutrDe00,T/G,Braden Smith,SmitBr06,G/C,Quenton Nelson,NelsQu00,QB,Philip Rivers,RivePh00,RB,Jonathan Taylor,TaylJo02,WR,T.Y. Hilton,,WR,Zach Pascal,PascZa00,WR,Michael Pittman Jr.,PittMi01,TE,Jack Doyle,DoylJa00,T,Anthony Castonzo,CastAn00,G,Mark Glowinski,GlowMa00,C,Ryan Kelly,KellRy00,DE,Justin Houston,HousJu00,DT,DeForest Buckner,BuckDe00,DT,Grover Stewart,StewGr00,LB,Anthony Walker,WalkAn01,LB,Shaquille Leonard,LeonDa00,CB,Xavier Rhodes,RhodXa00,CB,Kenny Moore,MoorKe03,CB,T.J. Carrie,CarrTr00,S,Khari Willis,WillKh00,S,Julian Blackmon,BlacJu01,QB,Sam Darnold,DarnSa00,RB,Frank Gore,GoreFr00,WR,Braxton Berrios,BerrBr00,WR,Lawrence Cager,CageLa01,WR,Chris Hogan,HogaCh00,TE,Chris Herndon,HernCh00,OL,Connor McGovern,McGoCo00,OL,Alex Lewis,LewiAl01,T,Mekhi Becton,BectMe00,T,Chuma Edoga,EdogCh00,G,Greg Van Roten,VanRGr00,DL,Quinnen Williams,WillQu00,DL,Steve McLendon,McLeSt00,LB,Jordan Jenkins,JenkJo01,LB,Neville Hewitt,HewiNe00,LB,Tarell Basham,BashTa00,LB,Avery Williamson,WillAv00,CB,Pierre Desir,DesiPi00,CB,Brian Poole,PoolBr01,CB,Blessuan Austin,AustBl00,S,Marcus Maye,MayeMa00,S,Bradley McDougald,McDoBr01,Referee,Craig Wrolstad,Umpire,Terry Killens,Down Judge,Mike Carr,Line Judge,Jeff Seeman,Back Judge,Grantis Bell,Side Judge,Don Willard,Field Judge,David Meslow
202009270crd,2020-09-27,Sunday,4:25pm,Arizona Cardinals,Detroit Lions,crd,det,23,26,Kliff Kingsbury,Matt Patricia,State Farm Stadium,,3:00,retractable roof (closed),grass,,QB,Kyler Murray,MurrKy00,RB,Chase Edmonds,EdmoCh00,WR,Larry Fitzgerald,FitzLa00,WR,DeAndre Hopkins,HopkDe00,TE,Dan Arnold,ArnoDa00,TE,Darrell Daniels,DaniDa02,OL,D.J. Humphries,,OL,J.R. Sweezy,,OL,Justin Pugh,PughJu00,OL,Lamont Gaillard,GailLa00,OL,Kelvin Beachum,BeacKe00,DL,Corey Peters,PeteCo00,DL,Jordan Phillips,PhilJo01,LB,Jordan Hicks,HickJo00,LB,De'Vondre Campbell,CampDe00,LB,Chandler Jones,JoneCh03,LB,Devon Kennard,KennDe00,LB,Isaiah Simmons,SimmIs00,CB,Dre Kirkpatrick,KirkDr00,CB,Patrick Peterson,PetePa00,S,Chris Banjo,BanjCh00,S,Budda Baker,BakeBu00,QB,Matthew Stafford,StafMa00,RB,Adrian Peterson,PeteAd01,WR,Danny Amendola,AmenDa00,WR,Kenny Golladay,GollKe00,WR,Marvin Jones,JoneMa02,TE,T.J. Hockenson,HockTJ00,OL,Tyrell Crosby,CrosTy00,OL,Jonah Jackson,JackJo03,OL,Frank Ragnow,RagnFr00,T,Taylor Decker,DeckTa00,T,Halapoulivaati Vaitai,VaitHa00,DE,Trey Flowers,FlowTr00,DT,Nick Williams,WillNi01,DT,Danny Shelton,ShelDa01,LB,Christian Jones,JoneCh05,LB,Jahlani Tavai,TavaJa00,LB,Jamie Collins,CollJa00,CB,Amani Oruwariye,OruwAm00,CB,Jeff Okudah,OkudJe00,DB,Tracy Walker,WalkTr01,S,Will Harris,HarrWi02,S,Duron Harmon,HarmDu00,Referee,Scott Novak,Umpire,Steven Woods,Down Judge,Kent Payne,Line Judge,David Oliver,Back Judge,Keith Ferguson,Side Judge,Scott Edwards,Field Judge,John Jenkins
202009270den,2020-09-27,Sunday,4:25pm,Denver Broncos,Tampa Bay Buccaneers,den,tam,10,28,Vic Fangio,Bruce Arians,Empower Field at Mile High,5226,2:59,outdoors,grass,"55 degrees, relative humidity 39%, wind 7 mph",QB,Jeff Driskel,DrisJe00,RB,Melvin Gordon,GordMe00,WR,Tim Patrick,PatrTi00,WR,Jerry Jeudy,JeudJe00,WR,KJ Hamler,HamlKJ00,TE,Noah Fant,FantNo00,T,Garett Bolles,BollGa00,T,Elijah Wilkinson,WilkEl00,G,Graham Glasgow,GlasGr00,G,Dalton Risner,RisnDa00,C,Lloyd Cushenberry III,CushLl00,DL,Jurrell Casey,CaseJu00,DL,Mike Purcell,PurcMi00,DE,Shelby Harris,HarrSh00,OLB,Bradley Chubb,ChubBr00,ILB,Josey Jewell,JeweJo00,ILB,Alexander Johnson,JohnAl01,LB,Jeremiah Attaochu,AttaJe00,CB,Michael Ojemudia,OjemMi00,CB,Bryce Callahan,CallBr00,S,Kareem Jackson,JackKa99,S,Justin Simmons,SimmJu00,QB,Tom Brady,BradTo00,RB,Ronald Jones II,JoneRo01,WR,Chris Godwin,GodwCh00,WR,Mike Evans,EvanMi00,TE,O.J. Howard,,TE,Rob Gronkowski,GronRo00,T,Tristan Wirfs,WirfTr00,T,Donovan Smith,SmitDo02,G,Alex Cappa,CappAl00,G,Ali Marpet,MarpAl00,C,Ryan Jensen,JensRy00,DL,Ndamukong Suh,SuhxNd99,DL,Vita Vea,VeaxVi00,OLB,Jason Pierre-Paul,PierJa99,OLB,Shaquil Barrett,BarrSh00,ILB,Lavonte David,DaviLa00,ILB,Devin White,WhitDe02,CB,Jamel Dean,DeanJa00,CB,Carlton Davis,DaviCa02,CB,Sean Murphy-Bunting,BuntSe00,S,Jordan Whitehead,WhitJo03,S,Antoine Winfield Jr.,WinfAn00,Referee,Land Clark,Umpire,Alan Eck,Down Judge,Tripp Sutter,Line Judge,Mark Stewart,Back Judge,Terrence Miles,Side Judge,Aaron Santi,Field Judge,Mearl Robinson
202009270min,2020-09-27,Sunday,1:00pm,Minnesota Vikings,Tennessee Titans,min,oti,30,31,Mike Zimmer,Mike Vrabel,U.S. Bank Stadium,,3:10,dome,sportturf,,QB,Kirk Cousins,CousKi00,RB,Dalvin Cook,CookDa01,RB,C.J. Ham,,WR,Adam Thielen,ThieAd00,WR,Justin Jefferson,JeffJu00,TE,Kyle Rudolph,RudoKy00,T,Brian O'Neill,ONeiBr00,T,Riley Reiff,ReifRi00,G,Dakota Dozier,DoziDa00,G,Dru Samia,SamiDr00,C,Garrett Bradbury,BradGa00,DE,Yannick Ngakoue,NgakYa00,DE,Ifeadi Odenigbo,OdenIf00,DT,Jaleel Johnson,JohnJa09,NT,Shamar Stephen,StepSh00,LB,Eric Wilson,WilsEr00,LB,Eric Kendricks,KendEr00,CB,Holton Hill,HillHo00,CB,Jeff Gladney,GladJe00,CB,Kris Boyd,BoydKr00,S,Harrison Smith,SmitHa00,S,Anthony Harris,HarrAn01,QB,Ryan Tannehill,TannRy00,RB,Derrick Henry,HenrDe00,WR,Cameron Batson,BatsCa00,WR,Corey Davis,DaviCo03,WR,Adam Humphries,HumpAd00,TE,Jonnu Smith,SmitJo01,T,Rodger Saffold,SaffRo20,T,Dennis Kelly,KellDe00,T,Taylor Lewan,LewaTa00,G,Nate Davis,DaviNa01,C,Ben Jones,JoneBe01,DE,Jadeveon Clowney,ClowJa00,DE,Jack Crawford,CrawJa00,DT,Jeffery Simmons,SimmJe01,DT,DaQuan Jones,JoneDa04,LB,Jayon Brown,BrowJa06,LB,Harold Landry,LandHa00,LB,Rashaan Evans,EvanRa01,CB,Johnathan Joseph,JoseJo20,DB,Kevin Byard,ByarKe01,DB,Malcolm Butler,ButlMa01,DB,Kenny Vaccaro,VaccKe00,Referee,Clete Blakeman,Umpire,Fred Bryan,Down Judge,Mark Hittner,Line Judge,Tom Stephan,Back Judge,Scott Helverson,Side Judge,Michael Banks,Field Judge,Joe Blubaugh
202009270nor,2020-09-27,Sunday,8:20pm,New Orleans Saints,Green Bay Packers,nor,gnb,30,37,Sean Payton,Matt LaFleur,Mercedes-Benz Superdome,748,3:11,dome,astroturf,,G/T,Andrus Peat,PeatAn00,C/G,Erik McCoy,McCoEr01,C/G,Nick Easton,EastNi00,QB,Drew Brees,BreeDr00,QB,Taysom Hill,HillTa00,RB,Latavius Murray,MurrLa00,FB,Michael Burton,BurtMi00,WR,Tre'Quan Smith,SmitTr03,TE,Josh Hill,HillJo02,T,Ryan Ramczyk,RamcRy00,T,Terron Armstead,ArmsTe00,DE,Trey Hendrickson,HendTr00,DE,Cameron Jordan,JordCa00,DT,Sheldon Rankins,RankSh00,DT,Malcom Brown,BrowMa01,LB,Alex Anzalone,AnzaAl00,LB,Demario Davis,DaviDe00,CB,Jackrabbit Jenkins,JenkJa03,CB,Marshon Lattimore,LattMa01,DB,C.J. Gardner-Johnson,GardCh00,S,Malcolm Jenkins,JenkMa99,S,Marcus Williams,WillMa06,G/T,Billy Turner,TurnBi00,QB,Aaron Rodgers,RodgAa00,RB,Aaron Jones,JoneAa00,WR,Marquez Valdes-Scantling,ValdMa00,WR,Allen Lazard,LazaAl00,TE,Marcedes Lewis,LewiMa00,TE,Robert Tonyan,TonyRo00,T,David Bakhtiari,BakhDa00,G,Elgton Jenkins,JenkEl00,G,Lucas Patrick,PatrLu00,C,Corey Linsley,LinsCo00,DL,Tyler Lancaster,LancTy00,DL,Dean Lowry,LowrDe00,LB,Christian Kirksey,KirkCh00,LB,Rashan Gary,GaryRa00,LB,Preston Smith,SmitPr00,LB,Za'Darius Smith,SmitZa00,LB,Krys Barnes,BarnKr00,CB,Kevin King,KingKe01,CB,Jaire Alexander,AlexJa00,S,Darnell Savage Jr.,SavaDa00,S,Adrian Amos,AmosAd00,Referee,Brad Rogers,Umpire,Tab Slaughter,Down Judge,Jerod Phillips,Line Judge,Walt Coleman IV,Back Judge,Greg Meyer,Side Judge,Eugene Hall,Field Judge,Nathan Jones
202009270nwe,2020-09-27,Sunday,1:00pm,New England Patriots,Las Vegas Raiders,nwe,rai,36,20,Bill Belichick,Jon Gruden,Gillette Stadium,,3:15,outdoors,fieldturf,"73 degrees, relative humidity 81%, wind 8 mph",QB,Cam Newton,NewtCa00,RB,Sony Michel,MichSo00,FB,Jakob Johnson,JohnJa12,WR,Damiere Byrd,ByrdDa00,WR,N'Keal Harry,HarrNK00,TE,Ryan Izzo,IzzoRy00,OL,Isaiah Wynn,WynnIs00,OL,Joe Thuney,ThunJo00,OL,Michael Onwenu,OnweMi00,OL,Shaq Mason,MasoSh01,OL,Jermaine Eluemunor,ElueJe00,DL,Byron Cowart,CowaBy00,DL,Chase Winovich,WinoCh00,DE,John Simon,SimoJo01,DT,Lawrence Guy,GuyxLa00,LB,Brandon Copeland,CopeBr00,LB,Ja'Whaun Bentley,BentJa00,CB,Jason McCourty,McCoJa99,CB,Stephon Gilmore,GilmSt00,DB,Jonathan Jones,JoneJo03,DB,Devin McCourty,McCoDe99,DB,Adrian Phillips,PhilAd00,G/T,Denzelle Good,GoodDe01,QB,Derek Carr,CarrDe02,RB,Josh Jacobs,JacoJo01,WR,Bryan Edwards,EdwaBr01,TE,Jason Witten,WittJa00,TE,Darren Waller,WallDa01,TE,Foster Moreau,MoreFo00,OL,John Simpson,SimpJo00,T,Kolton Miller,MillKo00,G,Gabe Jackson,JackGa00,C,Rodney Hudson,HudsRo00,DE,Clelin Ferrell,FerrCl00,DE,Maxx Crosby,CrosMa00,DT,Johnathan Hankins,HankJo00,DT,Maliek Collins,CollMa00,MLB,Nicholas Morrow,MorrNi00,LB,Cory Littleton,LittCo01,LB,Raekwon McMillan,McMiRa02,CB,Trayvon Mullen,MullTr00,CB,Damon Arnette,ArneDa00,SS,Johnathan Abram,AbraJo01,S,Erik Harris,HarrEr00,Referee,Ronald Torbert,Umpire,Mark Pellis,Down Judge,Patrick Holt,Line Judge,Jim Mello,Back Judge,Greg Yette,Side Judge,Jonah Monroe,Field Judge,James Coleman
202009270nyg,2020-09-27,Sunday,1:00pm,New York Giants,San Francisco 49ers,nyg,sfo,9,36,Joe Judge,Kyle Shanahan,MetLife Stadium,,3:01,outdoors,fieldturf,"75 degrees, relative humidity 72%, wind 2 mph",QB,Daniel Jones,JoneDa05,RB,Wayne Gallman,GallWa00,WR,C.J. Board,,WR,Golden Tate,TateGo00,WR,Darius Slayton,SlayDa01,TE,Kaden Smith,SmitKa00,T,Andrew Thomas,ThomAn02,T,Cameron Fleming,FlemCa00,G,Will Hernandez,HernWi00,G,Kevin Zeitler,ZeitKe00,C,Nick Gates,GateNi00,DL,Leonard Williams,WillLe02,DL,Dalvin Tomlinson,TomlDa00,DL,Dexter Lawrence,LawrDe03,LB,Oshane Ximines,XimiOs00,LB,Blake Martinez,MartBl01,LB,Devante Downs,DownDe00,LB,Lorenzo Carter,CartLo01,CB,James Bradberry,BradJa00,DB,Logan Ryan,RyanLo00,DB,Isaac Yiadom,YiadIs00,S,Jabrill Peppers,PeppJa00,QB,Nick Mullens,MullNi00,RB,Jerick McKinnon,McKiJe00,FB,Kyle Juszczyk,JuszKy00,WR,Kendrick Bourne,BourKe00,WR,Brandon Aiyuk,AiyuBr00,TE,Ross Dwelley,DwelRo00,OL,Laken Tomlinson,TomlLa01,OL,Daniel Brunskill,BrunDa00,OL,Ben Garland,GarlBe00,T,Mike McGlinchey,McGlMi00,T,Trent Williams,WillTr21,DL,D.J. Jones,,DL,Kerry Hyder,HydeKe01,DL,Arik Armstead,ArmsAr01,DT,Javon Kinlaw,KinlJa00,LB,Fred Warner,WarnFr00,LB,Kwon Alexander,AlexKw00,CB,Emmanuel Moseley,MoseEm00,CB,Jason Verrett,VerrJa00,CB,K'Waun Williams,WillKW00,DB,Jimmie Ward,WardJi01,S,Jaquiski Tartt,TartJa00,Referee,Clay Martin,Umpire,Tony Michalek,Down Judge,Derick Bowers,Line Judge,Frank LeBlanc,Back Judge,Steve Patrick,Side Judge,Jeff Lamberth,Field Judge,Mike Weatherford
202009270phi,2020-09-27,Sunday,1:00pm,Philadelphia Eagles,Cincinnati Bengals,phi,cin,23,23,Doug Pederson,Zac Taylor,Lincoln Financial Field,,3:48,outdoors,grass,"76 degrees, relative humidity 82%, wind 5 mph",C/G,Nate Herbig,HerbNa01,G/T,Matt Pryor,PryoMa00,QB,Carson Wentz,WentCa00,RB,Miles Sanders,SandMi01,WR,John Hightower,HighJo00,WR,DeSean Jackson,JackDe00,WR,Greg Ward,WardGr02,TE,Zach Ertz,ErtzZa00,T,Lane Johnson,JohnLa01,T,Jason Peters,PeteJa21,C,Jason Kelce,KelcJa00,DE,Brandon Graham,GrahBr99,DE,Josh Sweat,SweaJo00,DT,Fletcher Cox,CoxxFl00,DT,Malik Jackson,JackMa02,LB,T.J. Edwards,EdwaTJ02,LB,Duke Riley,RileDu00,LB,Nathan Gerry,GerrNa00,CB,Darius Slay,SlayDa00,CB,Avonte Maddox,MaddAv00,S,Jalen Mills,MillJa02,S,Rodney McLeod,McLeRo00,QB,Joe Burrow,BurrJo01,HB,Joe Mixon,MixoJo00,WR,Auden Tate,TateAu00,WR,Tee Higgins,HiggTe00,TE,Cethan Carter,CartCe00,OT,Jonah Williams,WillJo10,OT,Fred Johnson,JohnFr01,OT,Bobby Hart,HartBo00,G,Michael Jordan,JordMi01,G,Hakeem Adeniji,AdenHa00,C,Trey Hopkins,HopkTr01,DE,Carlos Dunlap,DunlCa99,DE,Sam Hubbard,HubbSa00,DT,Mike Daniels,DaniMi00,DT,D.J. Reader,,LB,Josh Bynes,ByneJo00,LB,Germaine Pratt,PratGe00,CB,William Jackson III,JackWi02,CB,Darius Phillips,PhilDa02,CB,Mackensie Alexander,AlexMa01,S,Vonn Bell,BellVo00,S,Jessie Bates III,BateJe00,Referee,Adrian Hill,Umpire,Paul King,Down Judge,Ed Camp,Line Judge,Tom Eaton,Back Judge,Tony Josselyn,Side Judge,Keith Washington,Field Judge,Jim Quirk
202009270pit,2020-09-27,Sunday,1:00pm,Pittsburgh Steelers,Houston Texans,pit,htx,28,21,Mike Tomlin,Bill O'Brien,Heinz Field,,2:57,outdoors,grass,"79 degrees, relative humidity 69%, wind 6 mph",QB,Ben Roethlisberger,RoetBe00,RB,James Conner,ConnJa00,WR,Diontae Johnson,JohnDi01,WR,JuJu Smith-Schuster,SmitJu00,TE,Vance McDonald,McDoVa00,TE,Eric Ebron,EbroEr00,OL,Matt Feiler,FeilMa00,OL,Chukwuma Okorafor,OkorCh00,OT,Alejandro Villanueva,VillAl00,G,David DeCastro,DeCaDa00,C,Maurkice Pouncey,PounMa20,DE,Stephon Tuitt,TuitSt00,DT,Cameron Heyward,HeywCa01,LB,Vince Williams,WillVi01,LB,T.J. Watt,,LB,Devin Bush Jr.,BushDe01,LB,Bud Dupree,DuprAl00,CB,Steven Nelson,NelsSt01,CB,Mike Hilton,HiltMi01,CB,Joe Haden,HadeJo99,S,Minkah Fitzpatrick,FitzMi00,S,Terrell Edmunds,EdmuTe00,C/G,Zach Fulton,FultZa00,G/T,Max Scharping,SchaMa01,G/T,Tytus Howard,HowaTy00,QB,Deshaun Watson,WatsDe00,RB,David Johnson,JohnDa08,WR,Brandin Cooks,CookBr00,WR,Will Fuller,FullWi01,WR,Randall Cobb,CobbRa00,TE,Darren Fells,FellDa01,T,Laremy Tunsil,TunsLa00,C,Nick Martin,MartNi00,DE,J.J. Watt,,DT,P.J. Hall,,DT,Brandon Dunn,DunnBr00,OLB,Whitney Mercilus,MercWh00,ILB,Benardrick McKinney,McKiBe00,ILB,Zach Cunningham,CunnZa00,CB,Vernon Hargreaves III,HargVe00,CB,Bradley Roby,RobyBr00,S,A.J. Moore,,S,Eric Murray,MurrEr00,S,Justin Reid,ReidJu00,Referee,Shawn Smith,Umpire,Bryan Neale,Down Judge,Michael Dolce,Line Judge,Tom Symonette,Back Judge,Dino Paganelli,Side Judge,Jimmy Buchanan,Field Judge,Dyrol Prioleau
202009270sdg,2020-09-27,Sunday,4:05pm,Los Angeles Chargers,Carolina Panthers,sdg,car,16,21,Anthony Lynn,Matt Rhule,SoFi Stadium,,3:04,dome,matrixturf,,QB,Justin Herbert,HerbJu00,RB,Austin Ekeler,EkelAu00,WR,Mike Williams,WillMi07,WR,Jalen Guyton,GuytJa01,WR,Keenan Allen,AlleKe00,TE,Hunter Henry,HenrHu00,T,Bryan Bulaga,BulaBr20,T,Sam Tevi,TeviSa00,T,Tyree St. Louis,StLoTy01,G,Dan Feeney,FeenDa00,G,Forrest Lamp,LampFo00,DE,Joey Bosa,BosaJo00,DE,Uchenna Nwosu,NwosUc00,DT,Linval Joseph,JoseLi99,DT,Jerry Tillery,TillJe00,LB,Kenneth Murray,MurrKe00,LB,Kyzir White,WhitKy00,CB,Michael Davis,DaviMi03,CB,Chris Harris Jr.,HarrCh01,DB,Casey Hayward,HaywCa00,S,Rayshawn Jenkins,JenkRa00,S,Nasir Adderley,AddeNa00,QB,Teddy Bridgewater,BridTe00,RB,Mike Davis,DaviMi01,WR,Robbie Chosen,AndeRo04,WR,D.J. Moore,,WR,Curtis Samuel,SamuCu00,TE,Ian Thomas,ThomIa00,T,Greg Little,LittGr01,T,Taylor Moton,MotoTa00,G,John Miller,MillJo04,G,Chris Reed,ReedCh00,C,Matt Paradis,ParaMa00,DE,Stephen Weatherly,WeatSt00,DE,Brian Burns,BurnBr00,DT,Zach Kerr,KerrZa00,DT,Derrick Brown,BrowDe05,LB,Shaq Thompson,ThomSh01,LB,Tahir Whitehead,WhitTa00,CB,Donte Jackson,JackDo02,DB,Rasul Douglas,DougRa00,S,Jeremy Chinn,ChinJe00,S,Juston Burris,BurrJu00,S,Tre Boston,BostTr00,Referee,Tony Corrente,Umpire,Dan Ferrell,Down Judge,Mark Perlman,Line Judge,Bart Longson,Back Judge,Todd Prukop,Side Judge,Anthony Flemming,Field Judge,Ryan Dickson
202009270sea,2020-09-27,Sunday,4:25pm,Seattle Seahawks,Dallas Cowboys,sea,dal,38,31,Pete Carroll,Mike McCarthy,Lumen Field,,3:32,outdoors,fieldturf,"63 degrees, relative humidity 65%, wind 3 mph",G/C,Ethan Pocic,PociEt00,QB,Russell Wilson,WilsRu00,RB,Chris Carson,CarsCh00,WR,Tyler Lockett,LockTy00,WR,D.K. Metcalf,MetcDK00,WR,David Moore,MoorDa03,TE,Will Dissly,DissWi00,T,Duane Brown,BrowDu20,T,Brandon Shell,ShelBr00,G,Mike Iupati,IupaMi20,G,Damien Lewis,LewiDa05,DE,L.J. Collier,CollLJ00,DE,Benson Mayowa,MayoBe00,DT,Poona Ford,FordPo00,DT,Jarran Reed,ReedJa02,LB,Bobby Wagner,WagnBo00,LB,K.J. Wright,,CB,Shaquill Griffin,GrifSh00,CB,Tre Flowers,FlowTr01,SS,Jamal Adams,AdamJa00,FS,Quandre Diggs,DiggQu00,FS,Ugo Amadi,AmadUg00,QB,Dak Prescott,PresDa01,RB,Ezekiel Elliott,ElliEz00,WR,Amari Cooper,CoopAm00,WR,Michael Gallup,GallMi00,WR,CeeDee Lamb,LambCe00,TE,Dalton Schultz,SchuDa00,T,Terence Steele,SteeTe01,T,Brandon Knight,KnigBr01,G,Connor Williams,WillCo00,G,Zack Martin,MartZa00,C,Joe Looney,LoonJo01,DE,DeMarcus Lawrence,LawrDe00,DE,Aldon Smith,SmitAl04,DT,Dontari Poe,PoexDo00,DT,Trysten Hill,HillTr00,LB,Jaylon Smith,SmitJa05,LB,Joe Thomas,ThomJo04,CB,Daryl Worley,WorlDa00,CB,Jourdan Lewis,LewiJo01,CB,Trevon Diggs,DiggTr00,S,Darian Thompson,ThomDa05,S,Xavier Woods,WoodXa00,Referee,Carl Cheffers,Umpire,Richard Hall,Down Judge,Patrick Turner,Line Judge,Tim Podraza,Back Judge,Greg Wilson,Side Judge,Clay Reynard,Field Judge,Gary Cavaletto
202009280rav,2020-09-28,Monday,8:15pm,Baltimore Ravens,Kansas City Chiefs,rav,kan,20,34,John Harbaugh,Andy Reid,M&amp;T Bank Stadium,,2:58,outdoors,grass,"73 degrees, relative humidity 84%, wind 8 mph",G/C,Bradley Bozeman,BozeBr00,WR/RS,Willie Snead,SneaWi00,C/G,Matt Skura,SkurMa01,G/T,Tyre Phillips,PhilTy00,QB,Lamar Jackson,JackLa00,RB,Mark Ingram,IngrMa01,FB,Patrick Ricard,RicaPa00,WR,Marquise Brown,BrowMa04,TE,Nick Boyle,BoylNi00,T,Orlando Brown Jr.,BrowOr00,T,Ronnie Stanley,StanRo00,DE,Calais Campbell,CampCa99,DT,Brandon Williams,WillBr02,LB,Pernell McPhee,McPhPe00,LB,Patrick Queen,QueePa00,LB,Matt Judon,JudoMa00,LB,L.J. Fort,,CB,Marcus Peters,PeteMa00,CB,Marlon Humphrey,HumpMa00,CB,Jimmy Smith,SmitJi03,S,DeShon Elliott,ElliDe02,S,Chuck Clark,ClarCh00,QB,Patrick Mahomes,MahoPa00,RB,Clyde Edwards-Helaire,EdwaCl00,WR,Tyreek Hill,HillTy00,WR,Sammy Watkins,WatkSa00,TE,Nick Keizer,KeizNi00,TE,Travis Kelce,KelcTr00,T,Eric Fisher,FishEr00,T,Mitchell Schwartz,SchwMi00,T,Mike Remmers,RemmMi00,G,Kelechi Osemele,OsemKe00,C,Austin Reiter,ReitAu00,DE,Frank Clark,ClarFr01,DE,Tanoh Kpassagnon,KpasTa00,DT,Chris Jones,JoneCh09,DT,Derrick Nnadi,NnadDe00,LB,Damien Wilson,WilsDa02,LB,Ben Niemann,NiemBe00,LB,Anthony Hitchens,HitcAn00,CB,L'Jarius Sneed,SneeLJ00,CB,Rashad Fenton,FentRa00,S,Tyrann Mathieu,MathTy00,S,Juan Thornhill,ThorJu00,Referee,John Hussey,Umpire,Roy Ellison,Down Judge,Brian Bolinger,Line Judge,Mark Steinkerchner,Back Judge,Greg Steed,Side Judge,Allen Baynes,Field Judge,Steve Zimmer
202010010nyj,2020-10-01,Thursday,8:20pm,New York Jets,Denver Broncos,nyj,den,28,37,Adam Gase,Vic Fangio,MetLife Stadium,,3:29,outdoors,fieldturf,"64 degrees, relative humidity 55%, wind 6 mph",QB,Sam Darnold,DarnSa00,RB,Frank Gore,GoreFr00,WR,Jamison Crowder,CrowJa00,WR,Jeff Smith,SmitJe03,WR,Chris Hogan,HogaCh00,TE,Chris Herndon,HernCh00,OL,Connor McGovern,McGoCo00,OL,Alex Lewis,LewiAl01,T,Chuma Edoga,EdogCh00,T,George Fant,FantGe00,G,Greg Van Roten,VanRGr00,DL,Quinnen Williams,WillQu00,DL,Henry Anderson,AndeHe00,DL,Steve McLendon,McLeSt00,LB,Jordan Jenkins,JenkJo01,LB,Neville Hewitt,HewiNe00,LB,Tarell Basham,BashTa00,LB,Avery Williamson,WillAv00,CB,Pierre Desir,DesiPi00,CB,Blessuan Austin,AustBl00,S,Marcus Maye,MayeMa00,S,Bradley McDougald,McDoBr01,QB,Brett Rypien,RypiBr00,RB,Melvin Gordon,GordMe00,WR,Tim Patrick,PatrTi00,WR,KJ Hamler,HamlKJ00,TE,Nick Vannett,VannNi00,TE,Noah Fant,FantNo00,T,Garett Bolles,BollGa00,T,Demar Dotson,DotsDe00,G,Graham Glasgow,GlasGr00,G,Dalton Risner,RisnDa00,C,Lloyd Cushenberry III,CushLl00,DL,Mike Purcell,PurcMi00,DE,Shelby Harris,HarrSh00,OLB,Bradley Chubb,ChubBr00,OLB,Malik Reed,ReedMa01,ILB,Josey Jewell,JeweJo00,ILB,Alexander Johnson,JohnAl01,CB,Michael Ojemudia,OjemMi00,CB,Bryce Callahan,CallBr00,CB,Essang Bassey,BassEs01,S,Kareem Jackson,JackKa99,S,Justin Simmons,SimmJu00,Referee,Jerome Boger,Umpire,Barry Anderson,Down Judge,Julian Mapp,Line Judge,Rusty Baynes,Back Judge,Brad Freeman,Side Judge,Anthony Jeffries,Field Judge,Dale Shaw
202010040car,2020-10-04,Sunday,1:00pm,Carolina Panthers,Arizona Cardinals,car,crd,31,21,Matt Rhule,Kliff Kingsbury,Bank of America Stadium,5120,3:02,outdoors,grass,"68 degrees, relative humidity 48%, wind 8 mph",QB,Teddy Bridgewater,BridTe00,RB,Mike Davis,DaviMi01,WR,Robbie Chosen,AndeRo04,WR,D.J. Moore,,TE,Ian Thomas,ThomIa00,TE,Chris Manhertz,ManhCh00,T,Greg Little,LittGr01,T,Taylor Moton,MotoTa00,G,John Miller,MillJo04,G,Chris Reed,ReedCh00,C,Matt Paradis,ParaMa00,DE,Stephen Weatherly,WeatSt00,DE,Brian Burns,BurnBr00,DT,Kawann Short,ShorKa00,DT,Derrick Brown,BrowDe05,LB,Shaq Thompson,ThomSh01,LB,Tahir Whitehead,WhitTa00,CB,Donte Jackson,JackDo02,CB,Rasul Douglas,DougRa00,S,Jeremy Chinn,ChinJe00,S,Juston Burris,BurrJu00,S,Tre Boston,BostTr00,QB,Kyler Murray,MurrKy00,RB,Kenyan Drake,DrakKe00,WR,Larry Fitzgerald,FitzLa00,WR,Christian Kirk,KirkCh01,WR,DeAndre Hopkins,HopkDe00,TE,Darrell Daniels,DaniDa02,OL,Kelvin Beachum,BeacKe00,OL,J.R. Sweezy,,OL,Justin Pugh,PughJu00,OL,D.J. Humphries,,OL,Mason Cole,ColeMa02,DL,Corey Peters,PeteCo00,DL,Jordan Phillips,PhilJo01,DL,Zach Allen,AlleZa01,LB,Chandler Jones,JoneCh03,LB,Jordan Hicks,HickJo00,LB,De'Vondre Campbell,CampDe00,LB,Isaiah Simmons,SimmIs00,CB,Byron Murphy,MurpBy00,CB,Patrick Peterson,PetePa00,S,Curtis Riley,RileCu00,S,Deionte Thompson,ThomDe06,Referee,Ronald Torbert,Umpire,Mark Pellis,Down Judge,Patrick Holt,Line Judge,Jim Mello,Back Judge,Grantis Bell,Side Judge,Jonah Monroe,Field Judge,Tom Hill
202010040chi,2020-10-04,Sunday,1:00pm,Chicago Bears,Indianapolis Colts,chi,clt,11,19,Matt Nagy,Frank Reich,Soldier Field,,3:09,outdoors,grass,"52 degrees, relative humidity 54%, wind 10 mph",QB,Nick Foles,FoleNi00,RB,David Montgomery,MontDa01,WR,Allen Robinson,RobiAl02,TE,Jimmy Graham,GrahJi00,TE,Demetrius Harris,HarrDe03,TE,Cole Kmet,KmetCo00,OL,Cody Whitehair,WhitCo03,OL,James Daniels,DaniJa01,OL,Bobby Massie,MassBo00,OL,Charles Leno Jr.,LenoCh00,OL,Germain Ifedi,IfedGe00,DE,Roy Robertson-Harris,RobeRo00,DT,Akiem Hicks,HickAk00,DT,Bilal Nichols,NichBi00,LB,Khalil Mack,MackKh00,LB,Robert Quinn,QuinRo00,LB,Roquan Smith,SmitRo07,LB,Danny Trevathan,TrevDa00,DB,Jaylon Johnson,JohnJa13,DB,Eddie Jackson,JackEd01,DB,Tashaun Gipson,GipsTa00,DB,Kyle Fuller,FullKy00,DT/DE,Denico Autry,AutrDe00,T/G,Braden Smith,SmitBr06,G/C,Quenton Nelson,NelsQu00,QB,Philip Rivers,RivePh00,RB,Jonathan Taylor,TaylJo02,WR,T.Y. Hilton,,WR,Zach Pascal,PascZa00,TE,Jack Doyle,DoylJa00,TE,Mo Alie-Cox,AlieMo00,T,Anthony Castonzo,CastAn00,G,Mark Glowinski,GlowMa00,C,Ryan Kelly,KellRy00,DE,Justin Houston,HousJu00,DT,DeForest Buckner,BuckDe00,DT,Grover Stewart,StewGr00,LB,Shaquille Leonard,LeonDa00,LB,Bobby Okereke,OkerBo00,LB,Anthony Walker,WalkAn01,CB,Kenny Moore,MoorKe03,CB,Xavier Rhodes,RhodXa00,S,Julian Blackmon,BlacJu01,S,Khari Willis,WillKh00,Referee,Craig Wrolstad,Umpire,Terry Killens,Down Judge,Kent Payne,Line Judge,Greg Bradley,Back Judge,Tony Josselyn,Side Judge,Clay Reynard,Field Judge,Jim Quirk
202010040cin,2020-10-04,Sunday,1:00pm,Cincinnati Bengals,Jacksonville Jaguars,cin,jax,33,25,Zac Taylor,Doug Marrone,Paul Brown Stadium,6243,3:10,outdoors,grass,"64 degrees, relative humidity 58%, wind 6 mph",QB,Joe Burrow,BurrJo01,HB,Joe Mixon,MixoJo00,WR,Tyler Boyd,BoydTy00,WR,A.J. Green,,TE,Drew Sample,SampDr00,TE,Cethan Carter,CartCe00,OT,Jonah Williams,WillJo10,OT,Bobby Hart,HartBo00,G,Michael Jordan,JordMi01,C,Alex Redmond,RedmAl01,C,Trey Hopkins,HopkTr01,DE,Sam Hubbard,HubbSa00,DE,Carlos Dunlap,DunlCa99,DT,D.J. Reader,,DT,Christian Covington,CoviCh00,LB,Germaine Pratt,PratGe00,LB,Josh Bynes,ByneJo00,CB,William Jackson III,JackWi02,CB,Darius Phillips,PhilDa02,CB,LeShaun Sims,SimsLe00,S,Jessie Bates III,BateJe00,S,Vonn Bell,BellVo00,DE/LB,Cassius Marsh,MarsCa00,QB,Gardner Minshew II,MinsGa00,RB,James Robinson,RobiJa00,WR,DJ Chark,CharDJ00,WR,Laviska Shenault Jr.,ShenLa00,TE,Tyler Eifert,EifeTy00,TE,James O'Shaughnessy,O'ShJa00,OL,Jawaan Taylor,TaylJa02,OL,A.J. Cann,,OL,Tyler Shatley,ShatTy00,OL,Cam Robinson,RobiCa00,OL,Andrew Norwell,NorwAn01,DL,Taven Bryan,BryaTa00,DE,Adam Gotsis,GotsAd00,DE,Josh Hines-Allen,AlleJo03,DT,Abry Jones,JoneAb00,LB,Myles Jack,JackMy00,LB,Joe Schobert,SchoJo00,CB,Tre Herndon,HernTr00,CB,C.J. Henderson,HendCJ00,S,Josh Jones,JoneJo06,S,Andrew Wingard,WingAn01,Referee,Alex Kemp,Umpire,Carl Paganelli,Down Judge,Brian Bolinger,Line Judge,Thomas Eaton,Back Judge,Matt Edwards,Side Judge,Jabir Walker,Field Judge,Terry Brown
202010040dal,2020-10-04,Sunday,1:00pm,Dallas Cowboys,Cleveland Browns,dal,cle,38,49,Mike McCarthy,Kevin Stefanski,AT&amp;T Stadium,25021,3:20,retractable roof (closed),fieldturf,,QB,Dak Prescott,PresDa01,RB,Ezekiel Elliott,ElliEz00,WR,Amari Cooper,CoopAm00,WR,Michael Gallup,GallMi00,WR,CeeDee Lamb,LambCe00,TE,Dalton Schultz,SchuDa00,T,Terence Steele,SteeTe01,T,Tyron Smith,SmitTy00,G,Zack Martin,MartZa00,G,Connor Williams,WillCo00,C,Joe Looney,LoonJo01,DE,Aldon Smith,SmitAl04,DE,DeMarcus Lawrence,LawrDe00,DT,Dontari Poe,PoexDo00,DT,Trysten Hill,HillTr00,LB,Jaylon Smith,SmitJa05,LB,Joe Thomas,ThomJo04,CB,Daryl Worley,WorlDa00,CB,Jourdan Lewis,LewiJo01,CB,Trevon Diggs,DiggTr00,S,Darian Thompson,ThomDa05,S,Xavier Woods,WoodXa00,QB,Baker Mayfield,MayfBa00,RB,Nick Chubb,ChubNi00,WR,Odell Beckham Jr.,BeckOd00,WR,Donovan Peoples-Jones,PeopDo00,WR,Jarvis Landry,LandJa00,TE,Austin Hooper,HoopAu00,T,Jack Conklin,ConkJa00,T,Jedrick Wills Jr.,WillJe04,G,Joel Bitonio,BitoJo00,G,Wyatt Teller,TellWy00,C,J.C. Tretter,TretJC00,DE,Olivier Vernon,VernOl00,DE,Myles Garrett,GarrMy00,DT,Larry Ogunjobi,OgunLa00,DT,Sheldon Richardson,RichSh00,LB,Sione Takitaki,TakiSi00,LB,B.J. Goodson,,CB,Terrance Mitchell,MitcTe00,CB,Tavierre Thomas,ThomTa01,CB,Denzel Ward,WardDe02,S,Karl Joseph,JoseKa00,S,Andrew Sendejo,SendAn00,Referee,Clay Martin,Umpire,Tony Michalek,Down Judge,Derick Bowers,Line Judge,Frank LeBlanc,Back Judge,Steve Patrick,Side Judge,Jeff Lamberth,Field Judge,Mike Weatherford
202010040det,2020-10-04,Sunday,1:00pm,Detroit Lions,New Orleans Saints,det,nor,29,35,Matt Patricia,Sean Payton,Ford Field,,3:06,dome,fieldturf,,QB,Matthew Stafford,StafMa00,RB,Adrian Peterson,PeteAd01,WR,Kenny Golladay,GollKe00,WR,Marvin Jones,JoneMa02,TE,T.J. Hockenson,HockTJ00,TE,Jesse James,JameJe00,OL,Tyrell Crosby,CrosTy00,OL,Jonah Jackson,JackJo03,OL,Frank Ragnow,RagnFr00,T,Taylor Decker,DeckTa00,T,Halapoulivaati Vaitai,VaitHa00,DE,Romeo Okwara,OkwaRo01,DE,Trey Flowers,FlowTr00,DT,Danny Shelton,ShelDa01,DT,Nick Williams,WillNi01,LB,Jamie Collins,CollJa00,LB,Christian Jones,JoneCh05,CB,Amani Oruwariye,OruwAm00,CB,Darryl Roberts,RobeDa00,CB,Desmond Trufant,TrufDe00,DB,Tracy Walker,WalkTr01,S,Duron Harmon,HarmDu00,C/G,Nick Easton,EastNi00,C/G,Cesar Ruiz,RuizCe00,WR/RS,Deonte Harty,HarrDe07,C/G,Erik McCoy,McCoEr01,QB,Drew Brees,BreeDr00,RB,Alvin Kamara,KamaAl00,WR,Tre'Quan Smith,SmitTr03,WR,Emmanuel Sanders,SandEm00,TE,Adam Trautman,TrauAd00,T,Terron Armstead,ArmsTe00,T,Ryan Ramczyk,RamcRy00,DE,Cameron Jordan,JordCa00,DE,Trey Hendrickson,HendTr00,DT,David Onyemata,OnyeDa00,DT,Malcom Brown,BrowMa01,LB,Demario Davis,DaviDe00,LB,Alex Anzalone,AnzaAl00,CB,Patrick Robinson,RobiPa99,CB,P.J. Williams,,DB,C.J. Gardner-Johnson,GardCh00,S,Malcolm Jenkins,JenkMa99,S,Marcus Williams,WillMa06,Referee,Shawn Smith,Umpire,Bryan Neale,Down Judge,Michael Dolce,Line Judge,Mark Steinkerchner,Back Judge,Dino Paganelli,Side Judge,Jimmy Buchanan,Field Judge,Dyrol Prioleau
202010040htx,2020-10-04,Sunday,1:00pm,Houston Texans,Minnesota Vikings,htx,min,23,31,Bill O'Brien,Mike Zimmer,NRG Stadium,12102,3:00,retractable roof (closed),grass,,C/G,Zach Fulton,FultZa00,G/T,Tytus Howard,HowaTy00,QB,Deshaun Watson,WatsDe00,RB,David Johnson,JohnDa08,WR,Brandin Cooks,CookBr00,WR,Will Fuller,FullWi01,TE,Darren Fells,FellDa01,TE,Pharaoh Brown,BrowPh01,T,Laremy Tunsil,TunsLa00,G,Senio Kelemete,KeleSe00,C,Nick Martin,MartNi00,DE,J.J. Watt,,DT,P.J. Hall,,DT,Brandon Dunn,DunnBr00,OLB,Whitney Mercilus,MercWh00,OLB,Brennan Scarlett,ScarBr00,ILB,Benardrick McKinney,McKiBe00,ILB,Zach Cunningham,CunnZa00,CB,Vernon Hargreaves III,HargVe00,CB,Bradley Roby,RobyBr00,S,Eric Murray,MurrEr00,S,Justin Reid,ReidJu00,QB,Kirk Cousins,CousKi00,RB,Dalvin Cook,CookDa01,RB,C.J. Ham,,WR,Adam Thielen,ThieAd00,WR,Justin Jefferson,JeffJu00,TE,Kyle Rudolph,RudoKy00,T,Riley Reiff,ReifRi00,T,Brian O'Neill,ONeiBr00,G,Dakota Dozier,DoziDa00,G,Dru Samia,SamiDr00,C,Garrett Bradbury,BradGa00,DE,Yannick Ngakoue,NgakYa00,DE,Ifeadi Odenigbo,OdenIf00,DT,Jaleel Johnson,JohnJa09,NT,Shamar Stephen,StepSh00,LB,Hardy Nickerson,NickHa02,LB,Eric Kendricks,KendEr00,LB,Eric Wilson,WilsEr00,CB,Jeff Gladney,GladJe00,CB,Cameron Dantzler,DantCa00,S,Anthony Harris,HarrAn01,S,Harrison Smith,SmitHa00,Referee,Brad Rogers,Umpire,Tab Slaughter,Down Judge,Jerod Phillips,Line Judge,Walt Coleman IV,Back Judge,Greg Meyer,Side Judge,Eugene Hall,Field Judge,Nathan Jones
202010040mia,2020-10-04,Sunday,1:00pm,Miami Dolphins,Seattle Seahawks,mia,sea,23,31,Brian Flores,Pete Carroll,Hard Rock Stadium,12369,3:05,outdoors,grass,"86 degrees, relative humidity 71%, wind 13 mph",G/T,Jesse Davis,DaviJe00,QB,Ryan Fitzpatrick,FitzRy00,RB,Myles Gaskin,GaskMy00,FB,Chandler Cox,CoxxCh01,WR,DeVante Parker,ParkDe01,TE,Durham Smythe,SmytDu00,TE,Adam Shaheen,ShahAd00,T,Austin Jackson,JackAu00,G,Ereck Flowers,FlowEr00,G,Solomon Kindley,KindSo00,C,Ted Karras,KarrTe00,DE,Shaq Lawson,LawsSh00,DE,Emmanuel Ogbah,OgbaEm00,DT,Davon Godchaux,GodcDa00,DT,Christian Wilkins,WilkCh00,LB,Elandon Roberts,RobeEl00,LB,Kyle Van Noy,VanNKy00,CB,Nik Needham,NeedNi00,CB,Noah Igbinoghene,IgbiNo00,CB,Xavien Howard,HowaXa00,S,Bobby McCain,McCaBo01,S,Eric Rowe,RoweEr00,G/C,Ethan Pocic,PociEt00,QB,Russell Wilson,WilsRu00,RB,Chris Carson,CarsCh00,WR,David Moore,MoorDa03,WR,Tyler Lockett,LockTy00,WR,D.K. Metcalf,MetcDK00,TE,Greg Olsen,OlseGr00,T,Duane Brown,BrowDu20,T,Brandon Shell,ShelBr00,G,Mike Iupati,IupaMi20,G,Damien Lewis,LewiDa05,DE,Benson Mayowa,MayoBe00,DE,L.J. Collier,CollLJ00,DT,Poona Ford,FordPo00,DT,Jarran Reed,ReedJa02,LB,Cody Barton,BartCo00,LB,Bobby Wagner,WagnBo00,LB,K.J. Wright,,CB,Shaquill Griffin,GrifSh00,CB,Ryan Neal,NealRy00,CB,Tre Flowers,FlowTr01,FS,Quandre Diggs,DiggQu00,Referee,Scott Novak,Umpire,Roy Ellison,Down Judge,Jerry Bergman,Line Judge,Tom Symonette,Back Judge,Rich Martinez,Side Judge,Allen Baynes,Field Judge,Tra Blake
202010040rai,2020-10-04,Sunday,4:25pm,Las Vegas Raiders,Buffalo Bills,rai,buf,23,30,Jon Gruden,Sean McDermott,Allegiant Stadium,,3:12,dome,grass,,G/T,Denzelle Good,GoodDe01,QB,Derek Carr,CarrDe02,RB,Josh Jacobs,JacoJo01,WR,Nelson Agholor,AghoNe00,WR,Zay Jones,JoneZa00,TE,Jason Witten,WittJa00,TE,Darren Waller,WallDa01,T,Sam Young,YounSa21,T,Kolton Miller,MillKo00,G,Gabe Jackson,JackGa00,C,Rodney Hudson,HudsRo00,DE,Maxx Crosby,CrosMa00,DE,Clelin Ferrell,FerrCl00,DT,Maliek Collins,CollMa00,DT,Johnathan Hankins,HankJo00,LB,Nick Kwiatkoski,KwiaNi00,LB,Cory Littleton,LittCo01,CB,Nevin Lawson,LawsNe00,CB,Trayvon Mullen,MullTr00,S,Johnathan Abram,AbraJo01,S,Lamarcus Joyner,JoynLa00,S,Erik Harris,HarrEr00,QB,Josh Allen,AlleJo02,RB,Devin Singletary,SingDe00,WR,John Brown,BrowJo02,WR,Stefon Diggs,DiggSt00,WR,Isaiah McKenzie,McKeIs00,TE,Dawson Knox,KnoxDa00,OL,Daryl Williams,WillDa06,T,Dion Dawkins,DawkDi00,T,Cody Ford,FordCo00,G,Brian Winters,WintBr00,C,Mitch Morse,MorsMi00,DE,Trent Murphy,MurpTr00,DE,Jerry Hughes,HughJe99,DT,Ed Oliver,OlivEd00,DT,Harrison Phillips,PhilHa00,LB,Matt Milano,MilaMa00,LB,Tremaine Edmunds,EdmuTr01,CB,Levi Wallace,WallLe00,CB,Tre'Davious White,WhitTr01,S,Dean Marlowe,MarlDe00,S,Jordan Poyer,PoyeJo00,S,Micah Hyde,HydeMi00,Referee,Land Clark,Umpire,Alan Eck,Down Judge,Tripp Sutter,Line Judge,Mark Stewart,Back Judge,Terrence Miles,Side Judge,Mearl Robinson,Field Judge,Ryan Dickson
202010040ram,2020-10-04,Sunday,4:05pm,Los Angeles Rams,New York Giants,ram,nyg,17,9,Sean McVay,Joe Judge,SoFi Stadium,,2:43,dome,matrixturf,,QB,Jared Goff,GoffJa00,RB,Darrell Henderson,HendDa00,WR,Robert Woods,WoodRo02,WR,Cooper Kupp,KuppCo00,TE,Tyler Higbee,HigbTy00,TE,Gerald Everett,EverGe00,OL,David Edwards,EdwaDa01,OL,Rob Havenstein,HaveRo00,OL,Austin Blythe,BlytAu00,OL,Austin Corbett,CorbAu00,OL,Andrew Whitworth,WhitAn20,DL,Aaron Donald,DonaAa00,DL,Sebastian Joseph-Day,JoseSe00,DL,Michael Brockers,BrocMi00,OLB,Leonard Floyd,FloyLe00,OLB,Samson Ebukam,EbukSa00,ILB,Micah Kiser,KiseMi00,CB,Troy Hill,HillTr01,CB,Jalen Ramsey,RamsJa00,CB,Darious Williams,WillDa09,S,John Johnson,JohnJo10,S,Taylor Rapp,RappTa00,QB,Daniel Jones,JoneDa05,RB,Devonta Freeman,FreeDe00,WR,C.J. Board,,WR,Golden Tate,TateGo00,WR,Darius Slayton,SlayDa01,TE,Evan Engram,EngrEv00,T,Andrew Thomas,ThomAn02,T,Cameron Fleming,FlemCa00,G,Kevin Zeitler,ZeitKe00,G,Will Hernandez,HernWi00,C,Nick Gates,GateNi00,DL,Dexter Lawrence,LawrDe03,DL,Leonard Williams,WillLe02,DL,Dalvin Tomlinson,TomlDa00,LB,Blake Martinez,MartBl01,LB,Devante Downs,DownDe00,LB,Lorenzo Carter,CartLo01,LB,Oshane Ximines,XimiOs00,CB,James Bradberry,BradJa00,DB,Logan Ryan,RyanLo00,DB,Adrian Colbert,ColbAd00,DB,Isaac Yiadom,YiadIs00,Referee,John Hussey,Umpire,Richard Hall,Down Judge,Patrick Turner,Line Judge,Tim Podraza,Back Judge,Greg Wilson,Side Judge,John Jenkins,Field Judge,Gary Cavaletto
202010040sfo,2020-10-04,Sunday,8:20pm,San Francisco 49ers,Philadelphia Eagles,sfo,phi,20,25,Kyle Shanahan,Doug Pederson,Levi's Stadium,,3:09,outdoors,grass,"84 degrees, relative humidity 30%, wind 12 mph",QB,Nick Mullens,MullNi00,RB,Jerick McKinnon,McKiJe00,FB,Kyle Juszczyk,JuszKy00,WR,Kendrick Bourne,BourKe00,WR,Brandon Aiyuk,AiyuBr00,TE,George Kittle,KittGe00,OL,Laken Tomlinson,TomlLa01,OL,Daniel Brunskill,BrunDa00,OL,Ben Garland,GarlBe00,T,Trent Williams,WillTr21,T,Mike McGlinchey,McGlMi00,DL,Arik Armstead,ArmsAr01,DL,Kerry Hyder,HydeKe01,DL,D.J. Jones,,DT,Javon Kinlaw,KinlJa00,LB,Azeez Al-Shaair,AlShAz00,LB,Fred Warner,WarnFr00,LB,Kwon Alexander,AlexKw00,CB,Dontae Johnson,JohnDo02,CB,Jason Verrett,VerrJa00,DB,Jimmie Ward,WardJi01,S,Jaquiski Tartt,TartJa00,C/G,Nate Herbig,HerbNa01,G/T,Matt Pryor,PryoMa00,QB,Carson Wentz,WentCa00,RB,Miles Sanders,SandMi01,WR,Travis Fulgham,FulgTr00,WR,John Hightower,HighJo00,TE,Zach Ertz,ErtzZa00,TE,Richard Rodgers,RodgRi00,T,Jordan Mailata,MailJo00,T,Lane Johnson,JohnLa01,C,Jason Kelce,KelcJa00,DE,Brandon Graham,GrahBr99,DE,Josh Sweat,SweaJo00,DT,Fletcher Cox,CoxxFl00,DT,Malik Jackson,JackMa02,LB,Duke Riley,RileDu00,LB,Nathan Gerry,GerrNa00,LB,T.J. Edwards,EdwaTJ02,CB,Darius Slay,SlayDa00,S,Rodney McLeod,McLeRo00,S,Jalen Mills,MillJa02,S,K'Von Wallace,WallKV00,Referee,Bill Vinovich,Umpire,Ruben Fowler,Down Judge,Mark Perlman,Line Judge,Bart Longson,Back Judge,Keith Ferguson,Side Judge,Dave Hawkshaw,Field Judge,Aaron Santi
202010040tam,2020-10-04,Sunday,1:00pm,Tampa Bay Buccaneers,Los Angeles Chargers,tam,sdg,38,31,Bruce Arians,Anthony Lynn,Raymond James Stadium,6383,3:09,outdoors,grass,"75 degrees, relative humidity 87%, wind 6 mph",QB,Tom Brady,BradTo00,RB,Ronald Jones II,JoneRo01,WR,Justin Watson,WatsJu01,WR,Scott Miller,MillSc01,WR,Mike Evans,EvanMi00,TE,Rob Gronkowski,GronRo00,T,Tristan Wirfs,WirfTr00,T,Donovan Smith,SmitDo02,G,Ali Marpet,MarpAl00,G,Alex Cappa,CappAl00,C,Ryan Jensen,JensRy00,DL,William Gholston,GholWi00,DL,Ndamukong Suh,SuhxNd99,DL,Vita Vea,VeaxVi00,OLB,Jason Pierre-Paul,PierJa99,OLB,Shaquil Barrett,BarrSh00,ILB,Lavonte David,DaviLa00,ILB,Devin White,WhitDe02,CB,Carlton Davis,DaviCa02,CB,Sean Murphy-Bunting,BuntSe00,S,Jordan Whitehead,WhitJo03,S,Antoine Winfield Jr.,WinfAn00,QB,Justin Herbert,HerbJu00,RB,Austin Ekeler,EkelAu00,WR,Keenan Allen,AlleKe00,WR,Jalen Guyton,GuytJa01,TE,Virgil Green,GreeVi00,TE,Hunter Henry,HenrHu00,T,Sam Tevi,TeviSa00,T,Trey Pipkins,PipkTr00,G,Dan Feeney,FeenDa00,G,Ryan Groy,GroyRy00,G,Forrest Lamp,LampFo00,DE,Joey Bosa,BosaJo00,DE,Uchenna Nwosu,NwosUc00,DT,Linval Joseph,JoseLi99,DT,Jerry Tillery,TillJe00,LB,Kenneth Murray,MurrKe00,LB,Kyzir White,WhitKy00,CB,Michael Davis,DaviMi03,DB,Desmond King,KingDe01,DB,Casey Hayward,HaywCa00,S,Rayshawn Jenkins,JenkRa00,S,Nasir Adderley,AddeNa00,Referee,Brad Allen,Umpire,Bruce Stritesky,Down Judge,Danny Short,Line Judge,Daniel Gallagher,Back Judge,Jimmy Russell,Side Judge,Boris Cheek,Field Judge,Rick Patterson
202010040was,2020-10-04,Sunday,1:00pm,Washington Football Team,Baltimore Ravens,was,rav,17,31,Ron Rivera,John Harbaugh,FedExField,,2:50,outdoors,grass,"65 degrees, relative humidity 45%, wind 5 mph",QB,Dwayne Haskins,HaskDw00,RB,J.D. McKissic,,WR,Isaiah Wright,WrigIs01,WR,Terry McLaurin,McLaTe00,WR,Dontrelle Inman,InmaDo00,TE,Logan Thomas,ThomLo00,T,Geron Christian,ChriGe01,T,Morgan Moses,MoseMo00,G,Wes Martin,MartWe00,G,Wes Schweitzer,SchwWe00,C,Chase Roullier,RoulCh00,DE,Ryan Kerrigan,KerrRy00,DE,Montez Sweat,SweaMo00,DT,Jonathan Allen,AlleJo01,DT,Daron Payne,PaynDa00,LB,Kevin Pierre-Louis,PierKe00,LB,Jonathan Bostic,BostJo00,CB,Kendall Fuller,FullKe00,CB,Ronald Darby,DarbRo00,S,Kamren Curl,CurlKa00,S,Landon Collins,CollLa00,S,Troy Apke,ApkeTr00,G/C,Bradley Bozeman,BozeBr00,C/G,Matt Skura,SkurMa01,G/T,Tyre Phillips,PhilTy00,QB,Lamar Jackson,JackLa00,RB,Mark Ingram,IngrMa01,WR,Miles Boykin,BoykMi00,WR,Marquise Brown,BrowMa04,TE,Nick Boyle,BoylNi00,TE,Mark Andrews,AndrMa00,T,Orlando Brown Jr.,BrowOr00,G,D.J. Fluker,FlukDJ00,DE,Calais Campbell,CampCa99,DT,Brandon Williams,WillBr02,OLB,Matt Judon,JudoMa00,OLB,Pernell McPhee,McPhPe00,ILB,Patrick Queen,QueePa00,ILB,L.J. Fort,,CB,Marcus Peters,PeteMa00,CB,Marlon Humphrey,HumpMa00,CB,Anthony Averett,AverAn00,S,DeShon Elliott,ElliDe02,S,Chuck Clark,ClarCh00,Referee,Adrian Hill,Umpire,Paul King,Down Judge,Ed Camp,Line Judge,Kevin Codey,Back Judge,Greg Steed,Side Judge,Keith Washington,Field Judge,Dominique Pender
202010050gnb,2020-10-05,Monday,8:15pm,Green Bay Packers,Atlanta Falcons,gnb,atl,30,16,Matt LaFleur,Dan Quinn,Lambeau Field,,2:56,outdoors,grass,"53 degrees, relative humidity 46%, wind 9 mph",G/T,Billy Turner,TurnBi00,QB,Aaron Rodgers,RodgAa00,RB,Jamaal Williams,WillJa06,RB,Aaron Jones,JoneAa00,WR,Marquez Valdes-Scantling,ValdMa00,WR,Malik Taylor,TaylMa01,TE,Robert Tonyan,TonyRo00,T,David Bakhtiari,BakhDa00,G,Lucas Patrick,PatrLu00,G,Elgton Jenkins,JenkEl00,C,Corey Linsley,LinsCo00,DL,Dean Lowry,LowrDe00,DL,Tyler Lancaster,LancTy00,DL,Kingsley Keke,KekeKi00,LB,Preston Smith,SmitPr00,LB,Za'Darius Smith,SmitZa00,LB,Ty Summers,SummTy00,LB,Krys Barnes,BarnKr00,CB,Jaire Alexander,AlexJa00,CB,Kevin King,KingKe01,S,Darnell Savage Jr.,SavaDa00,S,Adrian Amos,AmosAd00,QB,Matt Ryan,RyanMa00,RB,Todd Gurley,GurlTo01,FB,Keith Smith,SmitKe03,WR,Julio Jones,JoneJu02,WR,Calvin Ridley,RidlCa00,TE,Luke Stocker,StocLu00,T,Jake Matthews,MattJa00,T,Kaleb McGary,McGaKa00,G,James Carpenter,CarpJa00,G,Chris Lindstrom,LindCh00,C,Alex Mack,MackAl20,DE,Dante Fowler,FowlDa00,DE,Steven Means,MeanSt00,DT,Tyeler Davison,DaviTy01,DT,Grady Jarrett,JarrGr00,LB,Foyesade Oluokun,OluoFo00,LB,Deion Jones,JoneDe01,LB,Mykal Walker,WalkMy00,CB,Isaiah Oliver,OlivIs00,CB,Kendall Sheffield,ShefKe00,S,Damontae Kazee,KazeDa00,S,Jaylinn Hawkins,HawkJa00,Referee,Carl Cheffers,Umpire,Steven Woods,Down Judge,Dana McKenzie,Line Judge,David Oliver,Back Judge,Todd Prukop,Side Judge,Anthony Flemming,Field Judge,Scott Edwards
202010050kan,2020-10-05,Monday,7:05pm,Kansas City Chiefs,New England Patriots,kan,nwe,26,10,Andy Reid,Bill Belichick,Arrowhead Stadium,12729,2:42,outdoors,grass,"73 degrees, relative humidity 39%, wind 14 mph",QB,Patrick Mahomes,MahoPa00,RB,Clyde Edwards-Helaire,EdwaCl00,WR,Sammy Watkins,WatkSa00,WR,Mecole Hardman,HardMe00,WR,Tyreek Hill,HillTy00,TE,Travis Kelce,KelcTr00,T,Eric Fisher,FishEr00,T,Mitchell Schwartz,SchwMi00,G,Andrew Wylie,WyliAn00,G,Kelechi Osemele,OsemKe00,C,Austin Reiter,ReitAu00,DE,Tanoh Kpassagnon,KpasTa00,DE,Frank Clark,ClarFr01,DT,Derrick Nnadi,NnadDe00,DT,Mike Pennel,PennMi00,LB,Anthony Hitchens,HitcAn00,LB,Willie Gay Jr.,GayJWi00,LB,Damien Wilson,WilsDa02,CB,Charvarius Ward,WardCh01,CB,Rashad Fenton,FentRa00,S,Tyrann Mathieu,MathTy00,S,Juan Thornhill,ThorJu00,QB,Brian Hoyer,HoyeBr00,RB,Damien Harris,HarrDa06,FB,Jakob Johnson,JohnJa12,WR,Damiere Byrd,ByrdDa00,WR,N'Keal Harry,HarrNK00,TE,Ryan Izzo,IzzoRy00,OL,Isaiah Wynn,WynnIs00,OL,Joe Thuney,ThunJo00,OL,Michael Onwenu,OnweMi00,OL,Justin Herron,HerrJu00,OL,James Ferentz,FereJa00,DL,Lawrence Guy,GuyxLa00,DL,Byron Cowart,CowaBy00,DL,Chase Winovich,WinoCh00,DE,John Simon,SimoJo01,LB,Ja'Whaun Bentley,BentJa00,CB,Stephon Gilmore,GilmSt00,CB,Jason McCourty,McCoJa99,DB,J.C. Jackson,,DB,Jonathan Jones,JoneJo03,DB,Devin McCourty,McCoDe99,DB,Adrian Phillips,PhilAd00,Referee,Tony Corrente,Umpire,Dan Ferrell,Down Judge,Mike Carr,Line Judge,Carl Johnson,Back Judge,Perry Paganelli,Side Judge,Don Willard,Field Judge,David Meslow
202010080chi,2020-10-08,Thursday,8:20pm,Chicago Bears,Tampa Bay Buccaneers,chi,tam,20,19,Matt Nagy,Bruce Arians,Soldier Field,,3:10,outdoors,grass,"57 degrees, relative humidity 74%, wind 7 mph",QB,Nick Foles,FoleNi00,RB,David Montgomery,MontDa01,WR,Allen Robinson,RobiAl02,WR,Cordarrelle Patterson,PattCo00,TE,Jimmy Graham,GrahJi00,TE,Cole Kmet,KmetCo00,OL,Cody Whitehair,WhitCo03,OL,James Daniels,DaniJa01,OL,Bobby Massie,MassBo00,OL,Charles Leno Jr.,LenoCh00,OL,Germain Ifedi,IfedGe00,DT,Bilal Nichols,NichBi00,DT,Akiem Hicks,HickAk00,LB,Khalil Mack,MackKh00,LB,Robert Quinn,QuinRo00,LB,Roquan Smith,SmitRo07,LB,Danny Trevathan,TrevDa00,DB,Jaylon Johnson,JohnJa13,DB,Eddie Jackson,JackEd01,DB,Tashaun Gipson,GipsTa00,DB,Buster Skrine,SkriBu00,DB,Kyle Fuller,FullKy00,QB,Tom Brady,BradTo00,RB,Ronald Jones II,JoneRo01,WR,Scott Miller,MillSc01,WR,Mike Evans,EvanMi00,WR,Tyler Johnson,JohnTy00,TE,Rob Gronkowski,GronRo00,T,Tristan Wirfs,WirfTr00,T,Donovan Smith,SmitDo02,G,Ali Marpet,MarpAl00,G,Alex Cappa,CappAl00,C,Ryan Jensen,JensRy00,DL,William Gholston,GholWi00,DL,Ndamukong Suh,SuhxNd99,DL,Vita Vea,VeaxVi00,OLB,Shaquil Barrett,BarrSh00,OLB,Jason Pierre-Paul,PierJa99,ILB,Lavonte David,DaviLa00,ILB,Devin White,WhitDe02,CB,Sean Murphy-Bunting,BuntSe00,CB,Carlton Davis,DaviCa02,S,Jordan Whitehead,WhitJo03,S,Antoine Winfield Jr.,WinfAn00,Referee,Alex Kemp,Umpire,Carl Paganelli,Down Judge,Jerod Phillips,Line Judge,Greg Bradley,Back Judge,Matt Edwards,Side Judge,Jabir Walker,Field Judge,Terry Brown
202010110atl,2020-10-11,Sunday,1:00pm,Atlanta Falcons,Carolina Panthers,atl,car,16,23,Dan Quinn,Matt Rhule,Mercedes-Benz Stadium,6656,2:56,retractable roof (closed),fieldturf,,QB,Matt Ryan,RyanMa00,RB,Todd Gurley,GurlTo01,WR,Olamide Zaccheaus,ZaccOl01,WR,Calvin Ridley,RidlCa00,TE,Luke Stocker,StocLu00,TE,Hayden Hurst,HursHa00,T,Kaleb McGary,McGaKa00,T,Jake Matthews,MattJa00,G,Chris Lindstrom,LindCh00,G,James Carpenter,CarpJa00,C,Alex Mack,MackAl20,DE,Takkarist McKinley,McKiTa00,DE,Dante Fowler,FowlDa00,DT,Grady Jarrett,JarrGr00,DT,Tyeler Davison,DaviTy01,LB,Deion Jones,JoneDe01,LB,Foyesade Oluokun,OluoFo00,CB,Isaiah Oliver,OlivIs00,CB,Kendall Sheffield,ShefKe00,DB,AJ Terrell,TerrAJ00,S,Ricardo Allen,AlleRi00,S,Keanu Neal,NealKe01,QB,Teddy Bridgewater,BridTe00,RB,Mike Davis,DaviMi01,WR,Robbie Chosen,AndeRo04,WR,Curtis Samuel,SamuCu00,WR,D.J. Moore,,TE,Ian Thomas,ThomIa00,T,Taylor Moton,MotoTa00,T,Russell Okung,OkunRu20,G,John Miller,MillJo04,G,Chris Reed,ReedCh00,C,Matt Paradis,ParaMa00,DE,Stephen Weatherly,WeatSt00,DE,Brian Burns,BurnBr00,DT,Kawann Short,ShorKa00,DT,Derrick Brown,BrowDe05,LB,Shaq Thompson,ThomSh01,LB,Tahir Whitehead,WhitTa00,CB,Donte Jackson,JackDo02,CB,Rasul Douglas,DougRa00,S,Jeremy Chinn,ChinJe00,S,Juston Burris,BurrJu00,S,Tre Boston,BostTr00,Referee,Brad Allen,Umpire,Terry Killens,Down Judge,Danny Short,Line Judge,Daniel Gallagher,Back Judge,Jimmy Russell,Side Judge,Boris Cheek,Field Judge,Rick Patterson
202010110cle,2020-10-11,Sunday,4:25pm,Cleveland Browns,Indianapolis Colts,cle,clt,32,23,Kevin Stefanski,Frank Reich,FirstEnergy Stadium,11759,3:05,outdoors,grass,"64 degrees, relative humidity 67%, wind 16 mph",QB,Baker Mayfield,MayfBa00,RB,Kareem Hunt,HuntKa00,WR,Odell Beckham Jr.,BeckOd00,WR,Jarvis Landry,LandJa00,WR,Rashard Higgins,HiggRa00,TE,Austin Hooper,HoopAu00,T,Jedrick Wills Jr.,WillJe04,T,Jack Conklin,ConkJa00,G,Wyatt Teller,TellWy00,G,Joel Bitonio,BitoJo00,C,J.C. Tretter,TretJC00,DE,Porter Gustin,GustPo01,DE,Myles Garrett,GarrMy00,DT,Sheldon Richardson,RichSh00,DT,Vincent Taylor,TaylVi00,LB,B.J. Goodson,,LB,Malcolm Smith,SmitMa02,CB,Kevin Johnson,JohnKe04,CB,Terrance Mitchell,MitcTe00,CB,Denzel Ward,WardDe02,S,Ronnie Harrison,HarrRo02,S,Andrew Sendejo,SendAn00,DT/DE,Denico Autry,AutrDe00,T/G,Braden Smith,SmitBr06,G/C,Quenton Nelson,NelsQu00,QB,Philip Rivers,RivePh00,RB,Jonathan Taylor,TaylJo02,WR,T.Y. Hilton,,WR,Marcus Johnson,JohnMa07,WR,Zach Pascal,PascZa00,TE,Jack Doyle,DoylJa00,T,Le'Raven Clark,ClarLe01,G,Mark Glowinski,GlowMa00,C,Ryan Kelly,KellRy00,DE,Justin Houston,HousJu00,DT,DeForest Buckner,BuckDe00,DT,Grover Stewart,StewGr00,LB,Bobby Okereke,OkerBo00,LB,Anthony Walker,WalkAn01,CB,Rock Ya-Sin,Ya-SRo00,CB,Xavier Rhodes,RhodXa00,CB,Kenny Moore,MoorKe03,S,Khari Willis,WillKh00,S,Julian Blackmon,BlacJu01,Referee,Scott Novak,Umpire,Bruce Stritesky,Down Judge,Kent Payne,Line Judge,Thomas Eaton,Back Judge,Terrence Miles,Side Judge,John Jenkins,Field Judge,Mearl Robinson
202010110dal,2020-10-11,Sunday,4:25pm,Dallas Cowboys,New York Giants,dal,nyg,37,34,Mike McCarthy,Joe Judge,AT&amp;T Stadium,25147,3:18,retractable roof (closed),fieldturf,,QB,Dak Prescott,PresDa01,RB,Ezekiel Elliott,ElliEz00,WR,Amari Cooper,CoopAm00,WR,Michael Gallup,GallMi00,WR,CeeDee Lamb,LambCe00,TE,Dalton Schultz,SchuDa00,T,Terence Steele,SteeTe01,T,Brandon Knight,KnigBr01,G,Connor Williams,WillCo00,G,Zack Martin,MartZa00,C,Tyler Biadasz,BiadTy00,DE,DeMarcus Lawrence,LawrDe00,DE,Dorance Armstrong Jr.,ArmsDo00,DE,Aldon Smith,SmitAl04,DT,Dontari Poe,PoexDo00,DT,Trysten Hill,HillTr00,LB,Jaylon Smith,SmitJa05,LB,Joe Thomas,ThomJo04,CB,Trevon Diggs,DiggTr00,CB,Daryl Worley,WorlDa00,S,Donovan Wilson,WilsDo01,S,Xavier Woods,WoodXa00,QB,Daniel Jones,JoneDa05,RB,Devonta Freeman,FreeDe00,WR,Darius Slayton,SlayDa01,WR,C.J. Board,,TE,Kaden Smith,SmitKa00,TE,Evan Engram,EngrEv00,T,Andrew Thomas,ThomAn02,T,Cameron Fleming,FlemCa00,G,Kevin Zeitler,ZeitKe00,G,Will Hernandez,HernWi00,C,Nick Gates,GateNi00,DL,Dexter Lawrence,LawrDe03,DL,Dalvin Tomlinson,TomlDa00,LB,Kyler Fackrell,FackKy00,LB,Tae Crowder,CrowTa00,LB,Blake Martinez,MartBl01,LB,Lorenzo Carter,CartLo01,CB,Darnay Holmes,HolmDa01,CB,James Bradberry,BradJa00,DB,Logan Ryan,RyanLo00,DB,Ryan Lewis,LewiRy01,DB,Adrian Colbert,ColbAd00,Referee,Craig Wrolstad,Umpire,Ramon George,Down Judge,Sarah Thomas,Line Judge,Carl Johnson,Back Judge,Tony Josselyn,Side Judge,Jimmy Buchanan,Field Judge,Nathan Jones
202010110htx,2020-10-11,Sunday,1:00pm,Houston Texans,Jacksonville Jaguars,htx,jax,30,14,Romeo Crennel,Doug Marrone,NRG Stadium,12413,2:55,retractable roof (closed),grass,,G/T,Tytus Howard,HowaTy00,C/G,Zach Fulton,FultZa00,QB,Deshaun Watson,WatsDe00,RB,David Johnson,JohnDa08,WR,Randall Cobb,CobbRa00,WR,Will Fuller,FullWi01,WR,Brandin Cooks,CookBr00,TE,Darren Fells,FellDa01,T,Laremy Tunsil,TunsLa00,G,Senio Kelemete,KeleSe00,C,Nick Martin,MartNi00,DE,J.J. Watt,,DT,Brandon Dunn,DunnBr00,DT,P.J. Hall,,OLB,Whitney Mercilus,MercWh00,OLB,Brennan Scarlett,ScarBr00,ILB,Zach Cunningham,CunnZa00,ILB,Tyrell Adams,AdamTy00,CB,Vernon Hargreaves III,HargVe00,CB,Bradley Roby,RobyBr00,S,Eric Murray,MurrEr00,S,Justin Reid,ReidJu00,DE/LB,K'Lavon Chaisson,ChaiKL00,CB/RS,Chris Claybrooks,ClayCh02,QB,Gardner Minshew II,MinsGa00,RB,James Robinson,RobiJa00,FB,Bruce Miller,MillBr02,WR,DJ Chark,CharDJ00,WR,Laviska Shenault Jr.,ShenLa00,TE,James O'Shaughnessy,O'ShJa00,OL,Jawaan Taylor,TaylJa02,OL,A.J. Cann,,OL,Cam Robinson,RobiCa00,OL,Brandon Linder,LindBr00,OL,Andrew Norwell,NorwAn01,DL,Taven Bryan,BryaTa00,DL,Dawuane Smoot,SmooDa00,DT,Abry Jones,JoneAb00,LB,Joe Schobert,SchoJo00,LB,Dakota Allen,AlleDa01,CB,Sidney Jones,JoneSi00,CB,Tre Herndon,HernTr00,SS,Jarrod Wilson,WilsJa00,S,Josh Jones,JoneJo06,Referee,Bill Vinovich,Umpire,Roy Ellison,Down Judge,Jerry Bergman,Line Judge,Tom Symonette,Back Judge,Grantis Bell,Side Judge,Allen Baynes,Field Judge,Steve Zimmer
202010110kan,2020-10-11,Sunday,1:00pm,Kansas City Chiefs,Las Vegas Raiders,kan,rai,32,40,Andy Reid,Jon Gruden,Arrowhead Stadium,13311,3:27,outdoors,grass,"80 degrees, relative humidity 57%, wind 16 mph",QB,Patrick Mahomes,MahoPa00,RB,Clyde Edwards-Helaire,EdwaCl00,WR,Mecole Hardman,HardMe00,WR,Tyreek Hill,HillTy00,TE,Nick Keizer,KeizNi00,TE,Travis Kelce,KelcTr00,T,Eric Fisher,FishEr00,T,Mitchell Schwartz,SchwMi00,G,Andrew Wylie,WyliAn00,G,Kelechi Osemele,OsemKe00,C,Austin Reiter,ReitAu00,DE,Tanoh Kpassagnon,KpasTa00,DE,Frank Clark,ClarFr01,DT,Derrick Nnadi,NnadDe00,DT,Chris Jones,JoneCh09,LB,Anthony Hitchens,HitcAn00,LB,Willie Gay Jr.,GayJWi00,LB,Damien Wilson,WilsDa02,CB,Charvarius Ward,WardCh01,DB,Bashaud Breeland,BreeBa00,S,Tyrann Mathieu,MathTy00,S,Juan Thornhill,ThorJu00,G/T,Denzelle Good,GoodDe01,QB,Derek Carr,CarrDe02,RB,Josh Jacobs,JacoJo01,FB,Alec Ingold,IngoAl01,WR,Nelson Agholor,AghoNe00,WR,Henry Ruggs III,RuggHe00,TE,Jason Witten,WittJa00,T,Kolton Miller,MillKo00,T,Trent Brown,BrowTr02,G,Gabe Jackson,JackGa00,C,Rodney Hudson,HudsRo00,DE,Clelin Ferrell,FerrCl00,DE,Maxx Crosby,CrosMa00,DE,Kendal Vickers,VickKe00,DT,Johnathan Hankins,HankJo00,LB,Nick Kwiatkoski,KwiaNi00,LB,Cory Littleton,LittCo01,CB,Nevin Lawson,LawsNe00,CB,Trayvon Mullen,MullTr00,S,Erik Harris,HarrEr00,S,Lamarcus Joyner,JoynLa00,S,Johnathan Abram,AbraJo01,Referee,Clete Blakeman,Umpire,Fred Bryan,Down Judge,Mark Hittner,Line Judge,Tom Stephan,Back Judge,Keith Ferguson,Side Judge,Michael Banks,Field Judge,Joe Blubaugh
202010110nyj,2020-10-11,Sunday,1:00pm,New York Jets,Arizona Cardinals,nyj,crd,10,30,Adam Gase,Kliff Kingsbury,MetLife Stadium,,3:12,outdoors,fieldturf,"64 degrees, relative humidity 57%, wind 8 mph",QB,Joe Flacco,FlacJo00,RB,Le'Veon Bell,BellLe00,WR,Jamison Crowder,CrowJa00,WR,Jeff Smith,SmitJe03,WR,Chris Hogan,HogaCh00,TE,Ryan Griffin,GrifRy00,OL,Alex Lewis,LewiAl01,OL,Connor McGovern,McGoCo00,T,George Fant,FantGe00,T,Chuma Edoga,EdogCh00,G,Greg Van Roten,VanRGr00,DL,Steve McLendon,McLeSt00,DL,Kyle Phillips,PhilKy00,DL,Quinnen Williams,WillQu00,LB,Neville Hewitt,HewiNe00,LB,Jordan Jenkins,JenkJo01,LB,Avery Williamson,WillAv00,CB,Lamar Jackson,JackLa02,CB,Brian Poole,PoolBr01,CB,Pierre Desir,DesiPi00,S,Marcus Maye,MayeMa00,S,Bradley McDougald,McDoBr01,QB,Kyler Murray,MurrKy00,RB,Kenyan Drake,DrakKe00,WR,Larry Fitzgerald,FitzLa00,WR,DeAndre Hopkins,HopkDe00,WR,Christian Kirk,KirkCh01,TE,Darrell Daniels,DaniDa02,OL,Kelvin Beachum,BeacKe00,OL,J.R. Sweezy,,OL,Mason Cole,ColeMa02,OL,Justin Pugh,PughJu00,OL,D.J. Humphries,,DL,Jordan Phillips,PhilJo01,DL,Corey Peters,PeteCo00,LB,Chandler Jones,JoneCh03,LB,Jordan Hicks,HickJo00,LB,Kylie Fitts,FittKy00,LB,De'Vondre Campbell,CampDe00,CB,Byron Murphy,MurpBy00,CB,Dre Kirkpatrick,KirkDr00,CB,Patrick Peterson,PetePa00,S,Budda Baker,BakeBu00,S,Deionte Thompson,ThomDe06,Referee,Adrian Hill,Umpire,Paul King,Down Judge,Ed Camp,Line Judge,Kevin Codey,Back Judge,Greg Steed,Side Judge,Keith Washington,Field Judge,Jim Quirk
202010110pit,2020-10-11,Sunday,1:00pm,Pittsburgh Steelers,Philadelphia Eagles,pit,phi,38,29,Mike Tomlin,Doug Pederson,Heinz Field,4708,3:16,outdoors,grass,"70 degrees, relative humidity 89%, wind 4 mph",QB,Ben Roethlisberger,RoetBe00,WR,Chase Claypool,ClayCh01,WR,JuJu Smith-Schuster,SmitJu00,WR,Diontae Johnson,JohnDi01,WR,Ray-Ray McCloud,McClRa00,TE,Eric Ebron,EbroEr00,OL,Chukwuma Okorafor,OkorCh00,OT,Matt Feiler,FeilMa00,OT,Alejandro Villanueva,VillAl00,G,David DeCastro,DeCaDa00,C,Maurkice Pouncey,PounMa20,DE,Tyson Alualu,AluaTy99,DE,Stephon Tuitt,TuitSt00,DT,Cameron Heyward,HeywCa01,LB,Vince Williams,WillVi01,LB,T.J. Watt,,LB,Bud Dupree,DuprAl00,LB,Devin Bush Jr.,BushDe01,CB,Steven Nelson,NelsSt01,CB,Mike Hilton,HiltMi01,CB,Joe Haden,HadeJo99,S,Minkah Fitzpatrick,FitzMi00,G/T,Matt Pryor,PryoMa00,C/G,Nate Herbig,HerbNa01,QB,Carson Wentz,WentCa00,RB,Miles Sanders,SandMi01,WR,Greg Ward,WardGr02,WR,Travis Fulgham,FulgTr00,WR,John Hightower,HighJo00,TE,Zach Ertz,ErtzZa00,T,Jordan Mailata,MailJo00,T,Lane Johnson,JohnLa01,C,Jason Kelce,KelcJa00,DE,Derek Barnett,BarnDe01,DE,Brandon Graham,GrahBr99,DT,Javon Hargrave,HargJa00,DT,Fletcher Cox,CoxxFl00,LB,Duke Riley,RileDu00,LB,Nathan Gerry,GerrNa00,CB,Nickell Robey-Coleman,RobeNi00,CB,Darius Slay,SlayDa00,S,Rodney McLeod,McLeRo00,S,Jalen Mills,MillJa02,S,Marcus Epps,EppsMa00,Referee,Ronald Torbert,Umpire,Mark Pellis,Down Judge,Patrick Holt,Line Judge,Jim Mello,Back Judge,Greg Yette,Side Judge,Jonah Monroe,Field Judge,James Coleman
202010110rav,2020-10-11,Sunday,1:00pm,Baltimore Ravens,Cincinnati Bengals,rav,cin,27,3,John Harbaugh,Zac Taylor,M&amp;T Bank Stadium,,2:57,outdoors,grass,"69 degrees, relative humidity 92%, wind 3 mph",G/C,Bradley Bozeman,BozeBr00,WR/RS,Willie Snead,SneaWi00,C/G,Matt Skura,SkurMa01,G/C,Patrick Mekari,MekaPa00,QB,Lamar Jackson,JackLa00,RB,Mark Ingram,IngrMa01,FB,Patrick Ricard,RicaPa00,WR,Marquise Brown,BrowMa04,TE,Nick Boyle,BoylNi00,T,Orlando Brown Jr.,BrowOr00,T,Ronnie Stanley,StanRo00,DE,Calais Campbell,CampCa99,DT,Brandon Williams,WillBr02,OLB,Pernell McPhee,McPhPe00,OLB,Matt Judon,JudoMa00,ILB,Patrick Queen,QueePa00,ILB,L.J. Fort,,CB,Marcus Peters,PeteMa00,CB,Marlon Humphrey,HumpMa00,CB,Jimmy Smith,SmitJi03,S,DeShon Elliott,ElliDe02,S,Chuck Clark,ClarCh00,QB,Joe Burrow,BurrJo01,HB,Joe Mixon,MixoJo00,WR,Tyler Boyd,BoydTy00,WR,A.J. Green,,WR,Tee Higgins,HiggTe00,TE,Drew Sample,SampDr00,OT,Jonah Williams,WillJo10,OT,Bobby Hart,HartBo00,G,Alex Redmond,RedmAl01,G,Michael Jordan,JordMi01,C,Trey Hopkins,HopkTr01,DE,Sam Hubbard,HubbSa00,DE,Carl Lawson,LawsCa00,DT,D.J. Reader,,DT,Christian Covington,CoviCh00,LB,Akeem Davis-Gaither,DaviAk01,LB,Germaine Pratt,PratGe00,LB,Josh Bynes,ByneJo00,CB,William Jackson III,JackWi02,CB,LeShaun Sims,SimsLe00,S,Jessie Bates III,BateJe00,S,Vonn Bell,BellVo00,Referee,Jerome Boger,Umpire,Barry Anderson,Down Judge,Tripp Sutter,Line Judge,Rusty Baynes,Back Judge,Brad Freeman,Side Judge,Scott Edwards,Field Judge,Tra Blake
202010110sea,2020-10-11,Sunday,8:20pm,Seattle Seahawks,Minnesota Vikings,sea,min,27,26,Pete Carroll,Mike Zimmer,Lumen Field,,3:07,outdoors,fieldturf,"54 degrees, relative humidity 90%, wind 10 mph",G/C,Ethan Pocic,PociEt00,QB,Russell Wilson,WilsRu00,RB,Chris Carson,CarsCh00,WR,Tyler Lockett,LockTy00,WR,D.K. Metcalf,MetcDK00,TE,Will Dissly,DissWi00,TE,Greg Olsen,OlseGr00,T,Duane Brown,BrowDu20,T,Brandon Shell,ShelBr00,G,Jordan Simmons,SimmJo00,G,Damien Lewis,LewiDa05,DE,Benson Mayowa,MayoBe00,DE,L.J. Collier,CollLJ00,DT,Poona Ford,FordPo00,DT,Jarran Reed,ReedJa02,LB,Cody Barton,BartCo00,LB,Bobby Wagner,WagnBo00,LB,K.J. Wright,,CB,Ryan Neal,NealRy00,CB,Shaquill Griffin,GrifSh00,CB,Quinton Dunbar,DunbQu00,FS,Quandre Diggs,DiggQu00,QB,Kirk Cousins,CousKi00,RB,Dalvin Cook,CookDa01,WR,Adam Thielen,ThieAd00,WR,Justin Jefferson,JeffJu00,TE,Irv Smith Jr.,SmitIr01,TE,Kyle Rudolph,RudoKy00,T,Riley Reiff,ReifRi00,T,Brian O'Neill,ONeiBr00,G,Dakota Dozier,DoziDa00,G,Dru Samia,SamiDr00,C,Garrett Bradbury,BradGa00,DE,Yannick Ngakoue,NgakYa00,DE,Ifeadi Odenigbo,OdenIf00,DT,Jaleel Johnson,JohnJa09,DT,Shamar Stephen,StepSh00,LB,Eric Kendricks,KendEr00,LB,Todd Davis,DaviTo01,LB,Eric Wilson,WilsEr00,CB,Jeff Gladney,GladJe00,CB,Cameron Dantzler,DantCa00,S,Anthony Harris,HarrAn01,S,Harrison Smith,SmitHa00,Referee,Tony Corrente,Umpire,Steven Woods,Down Judge,Mark Perlman,Line Judge,Bart Longson,Back Judge,Greg Wilson,Side Judge,Dave Hawkshaw,Field Judge,Aaron Santi
202010110sfo,2020-10-11,Sunday,4:05pm,San Francisco 49ers,Miami Dolphins,sfo,mia,17,43,Kyle Shanahan,Brian Flores,Levi's Stadium,,3:03,outdoors,grass,"73 degrees, relative humidity 41%, wind 6 mph",QB,Jimmy Garoppolo,GaroJi00,RB,Raheem Mostert,MostRa00,FB,Kyle Juszczyk,JuszKy00,WR,Brandon Aiyuk,AiyuBr00,WR,Deebo Samuel,SamuDe00,TE,George Kittle,KittGe00,OL,Laken Tomlinson,TomlLa01,OL,Daniel Brunskill,BrunDa00,OL,Ben Garland,GarlBe00,T,Trent Williams,WillTr21,T,Mike McGlinchey,McGlMi00,DL,D.J. Jones,,DL,Kerry Hyder,HydeKe01,DL,Arik Armstead,ArmsAr01,DT,Javon Kinlaw,KinlJa00,LB,Fred Warner,WarnFr00,LB,Kwon Alexander,AlexKw00,CB,Jason Verrett,VerrJa00,DB,Jamar Taylor,TaylJa01,DB,Brian Allen,AlleBr01,DB,Jimmie Ward,WardJi01,S,Jaquiski Tartt,TartJa00,G/T,Jesse Davis,DaviJe00,G/T,Robert Hunt,HuntRo01,QB,Ryan Fitzpatrick,FitzRy00,RB,Myles Gaskin,GaskMy00,FB,Chandler Cox,CoxxCh01,WR,Lynn Bowden Jr.,BowdLy00,WR,Preston Williams,WillPr01,WR,DeVante Parker,ParkDe01,G,Solomon Kindley,KindSo00,G,Ereck Flowers,FlowEr00,C,Ted Karras,KarrTe00,DE,Emmanuel Ogbah,OgbaEm00,DT,Davon Godchaux,GodcDa00,DT,Zach Sieler,SielZa00,DT,Christian Wilkins,WilkCh00,LB,Elandon Roberts,RobeEl00,LB,Kyle Van Noy,VanNKy00,LB,Jerome Baker,BakeJe00,CB,Xavien Howard,HowaXa00,CB,Byron Jones,JoneBy00,S,Bobby McCain,McCaBo01,S,Eric Rowe,RoweEr00,Referee,Land Clark,Umpire,Richard Hall,Down Judge,Patrick Turner,Line Judge,Tim Podraza,Back Judge,Todd Prukop,Side Judge,Dominique Pender,Field Judge,Gary Cavaletto
202010110was,2020-10-11,Sunday,1:00pm,Washington Football Team,Los Angeles Rams,was,ram,10,30,Ron Rivera,Sean McVay,FedExField,,2:58,outdoors,grass,"69 degrees, relative humidity 82%, wind 2 mph",QB,Kyle Allen,AlleKy00,RB,Antonio Gibson,GibsAn00,WR,Terry McLaurin,McLaTe00,WR,Antonio Gandy-Golden,GandAn00,TE,Logan Thomas,ThomLo00,TE,Jeremy Sprinkle,SpriJe00,T,Geron Christian,ChriGe01,T,Morgan Moses,MoseMo00,G,Wes Martin,MartWe00,G,Wes Schweitzer,SchwWe00,C,Chase Roullier,RoulCh00,DE,Montez Sweat,SweaMo00,DE,Chase Young,YounCh04,DT,Jonathan Allen,AlleJo01,DT,Daron Payne,PaynDa00,LB,Kevin Pierre-Louis,PierKe00,LB,Jonathan Bostic,BostJo00,CB,Kendall Fuller,FullKe00,CB,Ronald Darby,DarbRo00,S,Kamren Curl,CurlKa00,S,Landon Collins,CollLa00,S,Troy Apke,ApkeTr00,QB,Jared Goff,GoffJa00,RB,Darrell Henderson,HendDa00,WR,Robert Woods,WoodRo02,WR,Josh Reynolds,ReynJo00,WR,Cooper Kupp,KuppCo00,TE,Tyler Higbee,HigbTy00,OL,Austin Blythe,BlytAu00,OL,Austin Corbett,CorbAu00,OL,Andrew Whitworth,WhitAn20,OL,David Edwards,EdwaDa01,OL,Rob Havenstein,HaveRo00,DL,Michael Brockers,BrocMi00,DL,Sebastian Joseph-Day,JoseSe00,DL,Aaron Donald,DonaAa00,OLB,Leonard Floyd,FloyLe00,OLB,Samson Ebukam,EbukSa00,ILB,Troy Reeder,ReedTr01,ILB,Kenny Young,YounKe03,CB,Troy Hill,HillTr01,CB,Jalen Ramsey,RamsJa00,S,John Johnson,JohnJo10,S,Jordan Fuller,FullJo01,Referee,Shawn Smith,Umpire,Bryan Neale,Down Judge,Michael Dolce,Line Judge,Mark Steinkerchner,Back Judge,Dino Paganelli,Side Judge,Anthony Jeffries,Field Judge,Dyrol Prioleau
202010120nor,2020-10-12,Monday,8:15pm,New Orleans Saints,Los Angeles Chargers,nor,sdg,30,27,Sean Payton,Anthony Lynn,Mercedes-Benz Superdome,749,3:20,dome,astroturf,,G/T,Andrus Peat,PeatAn00,C/G,Nick Easton,EastNi00,C/G,Erik McCoy,McCoEr01,QB,Drew Brees,BreeDr00,RB,Latavius Murray,MurrLa00,RB,Alvin Kamara,KamaAl00,FB,Michael Burton,BurtMi00,WR,Marquez Callaway,CallMa01,TE,Garrett Griffin,GrifGa00,T,Terron Armstead,ArmsTe00,T,Ryan Ramczyk,RamcRy00,DE,Trey Hendrickson,HendTr00,DE,Cameron Jordan,JordCa00,DT,David Onyemata,OnyeDa00,DT,Malcom Brown,BrowMa01,LB,Alex Anzalone,AnzaAl00,LB,Demario Davis,DaviDe00,LB,Zack Baun,BaunZa00,CB,Marshon Lattimore,LattMa01,CB,Patrick Robinson,RobiPa99,S,Marcus Williams,WillMa06,S,Malcolm Jenkins,JenkMa99,QB,Justin Herbert,HerbJu00,RB,Justin Jackson,JackJu01,FB,Gabe Nabers,NabeGa00,WR,Keenan Allen,AlleKe00,WR,Jalen Guyton,GuytJa01,TE,Hunter Henry,HenrHu00,T,Sam Tevi,TeviSa00,T,Trey Pipkins,PipkTr00,G,Dan Feeney,FeenDa00,G,Ryan Groy,GroyRy00,G,Forrest Lamp,LampFo00,DE,Isaac Rochell,RochIs00,DE,Uchenna Nwosu,NwosUc00,DT,Linval Joseph,JoseLi99,DT,Jerry Tillery,TillJe00,LB,Kenneth Murray,MurrKe00,LB,Kyzir White,WhitKy00,CB,Michael Davis,DaviMi03,DB,Desmond King,KingDe01,DB,Casey Hayward,HaywCa00,S,Nasir Adderley,AddeNa00,S,Rayshawn Jenkins,JenkRa00,Referee,Clay Martin,Umpire,Ruben Fowler,Down Judge,Derick Bowers,Line Judge,Frank LeBlanc,Back Judge,Steve Patrick,Side Judge,Jeff Lamberth,Field Judge,Mike Weatherford
202010130oti,2020-10-13,Tuesday,7:00pm,Tennessee Titans,Buffalo Bills,oti,buf,42,16,Mike Vrabel,Sean McDermott,Nissan Stadium,8403,2:55,outdoors,grass,"73 degrees, relative humidity 32%, wind 3 mph",QB,Ryan Tannehill,TannRy00,RB,Derrick Henry,HenrDe00,WR,Kalif Raymond,RaymKa00,TE,Geoff Swaim,SwaiGe00,TE,Jonnu Smith,SmitJo01,TE,Anthony Firkser,FirkAn00,T,Dennis Kelly,KellDe00,T,Taylor Lewan,LewaTa00,T,Rodger Saffold,SaffRo20,G,Nate Davis,DaviNa01,C,Ben Jones,JoneBe01,DL,DaQuan Jones,JoneDa04,DE,Jack Crawford,CrawJa00,DE,Jadeveon Clowney,ClowJa00,LB,Rashaan Evans,EvanRa01,LB,Harold Landry,LandHa00,LB,Jayon Brown,BrowJa06,CB,Johnathan Joseph,JoseJo20,DB,Kenny Vaccaro,VaccKe00,DB,Chris Jackson,JackCh01,DB,Kevin Byard,ByarKe01,DB,Malcolm Butler,ButlMa01,QB,Josh Allen,AlleJo02,RB,Devin Singletary,SingDe00,WR,Gabe Davis,DaviGa01,WR,Stefon Diggs,DiggSt00,WR,Isaiah McKenzie,McKeIs00,TE,Dawson Knox,KnoxDa00,OL,Daryl Williams,WillDa06,T,Dion Dawkins,DawkDi00,T,Cody Ford,FordCo00,G,Brian Winters,WintBr00,C,Mitch Morse,MorsMi00,DE,Trent Murphy,MurpTr00,DE,Jerry Hughes,HughJe99,DT,Ed Oliver,OlivEd00,DT,Harrison Phillips,PhilHa00,LB,Tremaine Edmunds,EdmuTr01,LB,Tyrel Dodson,DodsTy01,DB,Cameron Lewis,LewiCa00,DB,Josh Norman,NormJo01,S,Dean Marlowe,MarlDe00,S,Micah Hyde,HydeMi00,S,Jordan Poyer,PoyeJo00,Referee,Carl Cheffers,Umpire,Tab Slaughter,Down Judge,Dana McKenzie,Line Judge,Walt Coleman IV,Back Judge,Perry Paganelli,Side Judge,Eugene Hall,Field Judge,Dale Shaw
202010180car,2020-10-18,Sunday,1:00pm,Carolina Panthers,Chicago Bears,car,chi,16,23,Matt Rhule,Matt Nagy,Bank of America Stadium,5240,3:08,outdoors,grass,"63 degrees, relative humidity 44%, wind 6 mph",QB,Teddy Bridgewater,BridTe00,RB,Mike Davis,DaviMi01,WR,Robbie Chosen,AndeRo04,WR,D.J. Moore,,WR,Seth Roberts,RobeSe00,TE,Chris Manhertz,ManhCh00,T,Taylor Moton,MotoTa00,T,Russell Okung,OkunRu20,G,John Miller,MillJo04,G,Chris Reed,ReedCh00,C,Matt Paradis,ParaMa00,DE,Stephen Weatherly,WeatSt00,DE,Brian Burns,BurnBr00,DT,Derrick Brown,BrowDe05,DT,Zach Kerr,KerrZa00,LB,Shaq Thompson,ThomSh01,LB,Tahir Whitehead,WhitTa00,CB,Troy Pride Jr.,PridTr00,CB,Rasul Douglas,DougRa00,S,Jeremy Chinn,ChinJe00,S,Juston Burris,BurrJu00,S,Tre Boston,BostTr00,QB,Nick Foles,FoleNi00,RB,David Montgomery,MontDa01,WR,Allen Robinson,RobiAl02,WR,Anthony Miller,MillAn02,TE,Jimmy Graham,GrahJi00,TE,Demetrius Harris,HarrDe03,OL,Cody Whitehair,WhitCo03,OL,Rashaad Coward,CowaRa00,OL,Bobby Massie,MassBo00,OL,Charles Leno Jr.,LenoCh00,OL,Germain Ifedi,IfedGe00,DT,Akiem Hicks,HickAk00,DT,Bilal Nichols,NichBi00,LB,Khalil Mack,MackKh00,LB,Robert Quinn,QuinRo00,LB,Roquan Smith,SmitRo07,LB,Danny Trevathan,TrevDa00,DB,Jaylon Johnson,JohnJa13,DB,Eddie Jackson,JackEd01,DB,Tashaun Gipson,GipsTa00,DB,Buster Skrine,SkriBu00,DB,Kyle Fuller,FullKy00,Referee,Adrian Hill,Umpire,Dan Ferrell,Down Judge,Ed Camp,Line Judge,Kevin Codey,Back Judge,Greg Steed,Side Judge,Dominique Pender,Field Judge,Jim Quirk
202010180clt,2020-10-18,Sunday,1:00pm,Indianapolis Colts,Cincinnati Bengals,clt,cin,31,27,Frank Reich,Zac Taylor,Lucas Oil Stadium,12453,3:10,retractable roof (closed),fieldturf,,DT/DE,Denico Autry,AutrDe00,T/G,Braden Smith,SmitBr06,G/C,Quenton Nelson,NelsQu00,QB,Philip Rivers,RivePh00,RB,Jonathan Taylor,TaylJo02,WR,T.Y. Hilton,,WR,Marcus Johnson,JohnMa07,WR,Zach Pascal,PascZa00,TE,Jack Doyle,DoylJa00,T,Anthony Castonzo,CastAn00,G,Mark Glowinski,GlowMa00,C,Ryan Kelly,KellRy00,DE,Justin Houston,HousJu00,DT,DeForest Buckner,BuckDe00,DT,Grover Stewart,StewGr00,LB,Bobby Okereke,OkerBo00,LB,Anthony Walker,WalkAn01,CB,Rock Ya-Sin,Ya-SRo00,CB,Xavier Rhodes,RhodXa00,CB,Kenny Moore,MoorKe03,S,Khari Willis,WillKh00,S,Julian Blackmon,BlacJu01,QB,Joe Burrow,BurrJo01,HB,Joe Mixon,MixoJo00,WR,Tyler Boyd,BoydTy00,WR,A.J. Green,,WR,Tee Higgins,HiggTe00,TE,Drew Sample,SampDr00,OT,Jonah Williams,WillJo10,OT,Bobby Hart,HartBo00,G,Alex Redmond,RedmAl01,G,Michael Jordan,JordMi01,C,Trey Hopkins,HopkTr01,DE,Amani Bledsoe,BledAm01,DE,Carl Lawson,LawsCa00,DT,Xavier Williams,WillXa00,DT,Christian Covington,CoviCh00,LB,Germaine Pratt,PratGe00,LB,Josh Bynes,ByneJo00,CB,William Jackson III,JackWi02,CB,LeShaun Sims,SimsLe00,CB,Mackensie Alexander,AlexMa01,S,Vonn Bell,BellVo00,S,Jessie Bates III,BateJe00,Referee,Land Clark,Umpire,Alan Eck,Down Judge,Mike Carr,Line Judge,Mark Stewart,Back Judge,Tony Josselyn,Side Judge,Don Willard,Field Judge,Tra Blake
202010180jax,2020-10-18,Sunday,1:00pm,Jacksonville Jaguars,Detroit Lions,jax,det,16,34,Doug Marrone,Matt Patricia,TIAA Bank Stadium,14513,3:00,outdoors,grass,"78 degrees, relative humidity 78%, wind 10 mph",DE/LB,K'Lavon Chaisson,ChaiKL00,QB,Gardner Minshew II,MinsGa00,RB,James Robinson,RobiJa00,FB,Bruce Miller,MillBr02,WR,DJ Chark,CharDJ00,WR,Laviska Shenault Jr.,ShenLa00,TE,James O'Shaughnessy,O'ShJa00,OL,A.J. Cann,,OL,Jawaan Taylor,TaylJa02,OL,Cam Robinson,RobiCa00,OL,Andrew Norwell,NorwAn01,OL,Brandon Linder,LindBr00,DL,Taven Bryan,BryaTa00,DE,Adam Gotsis,GotsAd00,DT,DaVon Hamilton,HamiDa02,LB,Myles Jack,JackMy00,LB,Joe Schobert,SchoJo00,LB,Kamalei Correa,CorrKa00,CB,Sidney Jones,JoneSi00,CB,C.J. Henderson,HendCJ00,SS,Jarrod Wilson,WilsJa00,S,Josh Jones,JoneJo06,LB/FB,Jason Cabinda,CabiJa00,QB,Matthew Stafford,StafMa00,RB,Adrian Peterson,PeteAd01,WR,Kenny Golladay,GollKe00,WR,Marvin Jones,JoneMa02,TE,T.J. Hockenson,HockTJ00,OL,Jonah Jackson,JackJo03,OL,Frank Ragnow,RagnFr00,OL,Tyrell Crosby,CrosTy00,T,Halapoulivaati Vaitai,VaitHa00,T,Taylor Decker,DeckTa00,DL,John Penisini,PeniJo00,DE,Trey Flowers,FlowTr00,DT,Nick Williams,WillNi01,DT,Danny Shelton,ShelDa01,LB,Jamie Collins,CollJa00,LB,Jahlani Tavai,TavaJa00,LB,Christian Jones,JoneCh05,CB,Amani Oruwariye,OruwAm00,CB,Jeff Okudah,OkudJe00,DB,Tracy Walker,WalkTr01,S,Duron Harmon,HarmDu00,Referee,Shawn Hochuli,Umpire,Ramon George,Down Judge,Sarah Thomas,Line Judge,Thomas Eaton,Back Judge,Perry Paganelli,Side Judge,Chad Hill,Field Judge,Tom Hill
202010180mia,2020-10-18,Sunday,4:05pm,Miami Dolphins,New York Jets,mia,nyj,24,0,Brian Flores,Adam Gase,Hard Rock Stadium,10772,2:59,outdoors,grass,"85 degrees, relative humidity 66%, wind 15 mph",G/T,Jesse Davis,DaviJe00,G/T,Robert Hunt,HuntRo01,QB,Ryan Fitzpatrick,FitzRy00,RB,Myles Gaskin,GaskMy00,WR,Preston Williams,WillPr01,WR,DeVante Parker,ParkDe01,TE,Mike Gesicki,GesiMi00,TE,Adam Shaheen,ShahAd00,G,Ereck Flowers,FlowEr00,G,Solomon Kindley,KindSo00,C,Ted Karras,KarrTe00,DE,Emmanuel Ogbah,OgbaEm00,DT,Raekwon Davis,DaviRa03,DT,Christian Wilkins,WilkCh00,LB,Elandon Roberts,RobeEl00,LB,Andrew Van Ginkel,VanGAn00,LB,Jerome Baker,BakeJe00,CB,Xavien Howard,HowaXa00,CB,Byron Jones,JoneBy00,CB,Nik Needham,NeedNi00,S,Bobby McCain,McCaBo01,S,Eric Rowe,RoweEr00,QB,Joe Flacco,FlacJo00,RB,Frank Gore,GoreFr00,WR,Jamison Crowder,CrowJa00,WR,Jeff Smith,SmitJe03,WR,Breshad Perriman,PerrBr02,TE,Chris Herndon,HernCh00,OL,Alex Lewis,LewiAl01,OL,Connor McGovern,McGoCo00,T,George Fant,FantGe00,T,Chuma Edoga,EdogCh00,G,Greg Van Roten,VanRGr00,DL,Quinnen Williams,WillQu00,DL,Steve McLendon,McLeSt00,DL,Kyle Phillips,PhilKy00,LB,Neville Hewitt,HewiNe00,LB,Jordan Jenkins,JenkJo01,LB,Avery Williamson,WillAv00,CB,Pierre Desir,DesiPi00,CB,Brian Poole,PoolBr01,CB,Lamar Jackson,JackLa02,S,Bradley McDougald,McDoBr01,S,Marcus Maye,MayeMa00,Referee,Bill Vinovich,Umpire,Richard Hall,Down Judge,Mark Perlman,Line Judge,Bart Longson,Back Judge,Greg Wilson,Side Judge,Dave Hawkshaw,Field Judge,David Meslow
202010180min,2020-10-18,Sunday,1:00pm,Minnesota Vikings,Atlanta Falcons,min,atl,23,40,Mike Zimmer,Raheem Morris,U.S. Bank Stadium,,3:03,dome,sportturf,,QB,Kirk Cousins,CousKi00,RB,Alexander Mattison,MattAl01,WR,Adam Thielen,ThieAd00,WR,Justin Jefferson,JeffJu00,TE,Irv Smith Jr.,SmitIr01,TE,Kyle Rudolph,RudoKy00,T,Ezra Cleveland,ClevEz00,T,Riley Reiff,ReifRi00,T,Brian O'Neill,ONeiBr00,G,Dakota Dozier,DoziDa00,C,Garrett Bradbury,BradGa00,DE,Yannick Ngakoue,NgakYa00,DE,Ifeadi Odenigbo,OdenIf00,DT,Jaleel Johnson,JohnJa09,DT,Shamar Stephen,StepSh00,LB,Eric Kendricks,KendEr00,LB,Todd Davis,DaviTo01,LB,Eric Wilson,WilsEr00,CB,Jeff Gladney,GladJe00,CB,Cameron Dantzler,DantCa00,S,Anthony Harris,HarrAn01,S,Harrison Smith,SmitHa00,QB,Matt Ryan,RyanMa00,RB,Todd Gurley,GurlTo01,WR,Calvin Ridley,RidlCa00,WR,Julio Jones,JoneJu02,TE,Luke Stocker,StocLu00,TE,Hayden Hurst,HursHa00,T,Kaleb McGary,McGaKa00,T,Jake Matthews,MattJa00,G,James Carpenter,CarpJa00,G,Chris Lindstrom,LindCh00,C,Alex Mack,MackAl20,DE,Charles Harris,HarrCh03,DE,Dante Fowler,FowlDa00,DT,Grady Jarrett,JarrGr00,DT,Tyeler Davison,DaviTy01,LB,Deion Jones,JoneDe01,LB,Foyesade Oluokun,OluoFo00,LB,Mykal Walker,WalkMy00,CB,Kendall Sheffield,ShefKe00,DB,AJ Terrell,TerrAJ00,S,Ricardo Allen,AlleRi00,S,Keanu Neal,NealKe01,Referee,Craig Wrolstad,Umpire,Ruben Fowler,Down Judge,Tripp Sutter,Line Judge,Tim Podraza,Back Judge,Keith Ferguson,Side Judge,Gary Cavaletto,Field Judge,Clay Reynard
202010180nwe,2020-10-18,Sunday,1:00pm,New England Patriots,Denver Broncos,nwe,den,12,18,Bill Belichick,Vic Fangio,Gillette Stadium,,2:55,outdoors,fieldturf,"58 degrees, relative humidity 45%, wind 7 mph",QB,Cam Newton,NewtCa00,RB,Damien Harris,HarrDa06,FB,Jakob Johnson,JohnJa12,WR,Damiere Byrd,ByrdDa00,WR,N'Keal Harry,HarrNK00,TE,Ryan Izzo,IzzoRy00,OL,Isaiah Wynn,WynnIs00,OL,Joe Thuney,ThunJo00,OL,Michael Onwenu,OnweMi00,OL,Justin Herron,HerrJu00,OL,Jermaine Eluemunor,ElueJe00,DL,Lawrence Guy,GuyxLa00,DL,Adam Butler,ButlAd00,DL,Chase Winovich,WinoCh00,DE,John Simon,SimoJo01,LB,Anfernee Jennings,JennAn00,LB,Ja'Whaun Bentley,BentJa00,CB,Jason McCourty,McCoJa99,CB,Stephon Gilmore,GilmSt00,DB,Jonathan Jones,JoneJo03,DB,Devin McCourty,McCoDe99,DB,Adrian Phillips,PhilAd00,QB,Drew Lock,LockDr00,RB,Phillip Lindsay,LindPh00,WR,Jerry Jeudy,JeudJe00,WR,Tim Patrick,PatrTi00,TE,Jake Butt,ButtJa00,TE,Nick Vannett,VannNi00,T,Garett Bolles,BollGa00,T,Demar Dotson,DotsDe00,G,Graham Glasgow,GlasGr00,G,Dalton Risner,RisnDa00,C,Lloyd Cushenberry III,CushLl00,DL,DeShawn Williams,WillDe04,DL,Mike Purcell,PurcMi00,DE,Shelby Harris,HarrSh00,OLB,Malik Reed,ReedMa01,OLB,Bradley Chubb,ChubBr00,ILB,Alexander Johnson,JohnAl01,ILB,Josey Jewell,JeweJo00,CB,Michael Ojemudia,OjemMi00,CB,Bryce Callahan,CallBr00,S,Kareem Jackson,JackKa99,S,Justin Simmons,SimmJu00,Referee,Scott Novak,Umpire,Steven Woods,Down Judge,Kent Payne,Line Judge,David Oliver,Back Judge,Terrence Miles,Side Judge,Anthony Flemming,Field Judge,Ryan Dickson
202010180nyg,2020-10-18,Sunday,1:00pm,New York Giants,Washington Football Team,nyg,was,20,19,Joe Judge,Ron Rivera,MetLife Stadium,,3:02,outdoors,fieldturf,"62 degrees, relative humidity 48%, no wind",QB,Daniel Jones,JoneDa05,RB,Devonta Freeman,FreeDe00,WR,C.J. Board,,WR,Darius Slayton,SlayDa01,TE,Evan Engram,EngrEv00,TE,Kaden Smith,SmitKa00,T,Cameron Fleming,FlemCa00,T,Matt Peart,PearMa00,G,Kevin Zeitler,ZeitKe00,G,Will Hernandez,HernWi00,C,Nick Gates,GateNi00,DL,Dexter Lawrence,LawrDe03,DL,Leonard Williams,WillLe02,DL,Dalvin Tomlinson,TomlDa00,LB,Blake Martinez,MartBl01,LB,Markus Golden,GoldMa00,LB,Kyler Fackrell,FackKy00,LB,Tae Crowder,CrowTa00,CB,Ryan Lewis,LewiRy01,CB,James Bradberry,BradJa00,DB,Logan Ryan,RyanLo00,S,Jabrill Peppers,PeppJa00,QB,Kyle Allen,AlleKy00,RB,Antonio Gibson,GibsAn00,WR,Antonio Gandy-Golden,GandAn00,WR,Terry McLaurin,McLaTe00,TE,Logan Thomas,ThomLo00,TE,Jeremy Sprinkle,SpriJe00,T,Saahdiq Charles,CharSa00,T,Geron Christian,ChriGe01,T,Brandon Scherff,ScheBr00,T,Morgan Moses,MoseMo00,C,Chase Roullier,RoulCh00,DE,Chase Young,YounCh04,DE,Montez Sweat,SweaMo00,DT,Daron Payne,PaynDa00,DT,Jonathan Allen,AlleJo01,LB,Cole Holcomb,HolcCo00,LB,Kevin Pierre-Louis,PierKe00,LB,Jonathan Bostic,BostJo00,CB,Kendall Fuller,FullKe00,CB,Ronald Darby,DarbRo00,S,Deshazor Everett,EverDe01,S,Landon Collins,CollLa00,Referee,Brad Allen,Umpire,Bruce Stritesky,Down Judge,Danny Short,Line Judge,Daniel Gallagher,Back Judge,Jimmy Russell,Side Judge,Boris Cheek,Field Judge,Rick Patterson
202010180oti,2020-10-18,Sunday,1:00pm,Tennessee Titans,Houston Texans,oti,htx,42,36,Mike Vrabel,Romeo Crennel,Nissan Stadium,10166,3:12,outdoors,grass,"61 degrees, relative humidity 58%, wind 10 mph",QB,Ryan Tannehill,TannRy00,RB,Khari Blasingame,BlasKh00,RB,Derrick Henry,HenrDe00,WR,A.J. Brown,BrowAJ00,WR,Nick Westbrook-Ikhine,WestNi00,TE,Jonnu Smith,SmitJo01,T,Rodger Saffold,SaffRo20,T,Taylor Lewan,LewaTa00,T,Dennis Kelly,KellDe00,G,Nate Davis,DaviNa01,C,Ben Jones,JoneBe01,DL,DaQuan Jones,JoneDa04,DE,Jadeveon Clowney,ClowJa00,DT,Jeffery Simmons,SimmJe01,LB,Harold Landry,LandHa00,LB,Rashaan Evans,EvanRa01,LB,Jayon Brown,BrowJa06,CB,Johnathan Joseph,JoseJo20,CB,Kristian Fulton,FultKr00,DB,Kevin Byard,ByarKe01,DB,Malcolm Butler,ButlMa01,DB,Kenny Vaccaro,VaccKe00,G/T,Tytus Howard,HowaTy00,C/G,Zach Fulton,FultZa00,QB,Deshaun Watson,WatsDe00,RB,David Johnson,JohnDa08,WR,Brandin Cooks,CookBr00,WR,Will Fuller,FullWi01,TE,Pharaoh Brown,BrowPh01,TE,Darren Fells,FellDa01,T,Laremy Tunsil,TunsLa00,G,Senio Kelemete,KeleSe00,C,Nick Martin,MartNi00,DE,Carlos Watkins,WatkCa00,DE,J.J. Watt,,DT,P.J. Hall,,DT,Brandon Dunn,DunnBr00,OLB,Brennan Scarlett,ScarBr00,ILB,Zach Cunningham,CunnZa00,ILB,Tyrell Adams,AdamTy00,CB,Vernon Hargreaves III,HargVe00,CB,Bradley Roby,RobyBr00,S,Eric Murray,MurrEr00,S,Justin Reid,ReidJu00,Referee,Alex Kemp,Umpire,Terry Killens,Down Judge,Dana McKenzie,Line Judge,Greg Bradley,Back Judge,Matt Edwards,Side Judge,John Jenkins,Field Judge,Mearl Robinson
202010180phi,2020-10-18,Sunday,1:00pm,Philadelphia Eagles,Baltimore Ravens,phi,rav,28,30,Doug Pederson,John Harbaugh,Lincoln Financial Field,,3:31,outdoors,grass,"61 degrees, relative humidity 52%, wind 7 mph",C/G,Nate Herbig,HerbNa01,QB,Carson Wentz,WentCa00,RB,Miles Sanders,SandMi01,WR,Greg Ward,WardGr02,WR,Travis Fulgham,FulgTr00,WR,John Hightower,HighJo00,TE,Zach Ertz,ErtzZa00,T,Jack Driscoll,DrisJa00,T,Jordan Mailata,MailJo00,G,Jamon Brown,BrowJa04,C,Jason Kelce,KelcJa00,DE,Brandon Graham,GrahBr99,DE,Derek Barnett,BarnDe01,DT,Malik Jackson,JackMa02,DT,Fletcher Cox,CoxxFl00,LB,Nathan Gerry,GerrNa00,LB,Alex Singleton,SingAl00,CB,Nickell Robey-Coleman,RobeNi00,CB,Darius Slay,SlayDa00,DB,Will Parks,ParkWi01,S,Rodney McLeod,McLeRo00,S,Jalen Mills,MillJa02,G/C,Bradley Bozeman,BozeBr00,WR/RS,Willie Snead,SneaWi00,C/G,Matt Skura,SkurMa01,G/T,Tyre Phillips,PhilTy00,QB,Lamar Jackson,JackLa00,RB,Mark Ingram,IngrMa01,WR,Miles Boykin,BoykMi00,WR,Marquise Brown,BrowMa04,TE,Nick Boyle,BoylNi00,T,Orlando Brown Jr.,BrowOr00,T,Ronnie Stanley,StanRo00,DE,Calais Campbell,CampCa99,DT,Justin Ellis,ElliJu01,OLB,Matt Judon,JudoMa00,OLB,Pernell McPhee,McPhPe00,ILB,L.J. Fort,,ILB,Patrick Queen,QueePa00,CB,Marlon Humphrey,HumpMa00,CB,Marcus Peters,PeteMa00,CB,Jimmy Smith,SmitJi03,S,DeShon Elliott,ElliDe02,S,Chuck Clark,ClarCh00,Referee,Shawn Smith,Umpire,Bryan Neale,Down Judge,Michael Dolce,Line Judge,Mark Steinkerchner,Back Judge,Dino Paganelli,Side Judge,Jimmy Buchanan,Field Judge,Dyrol Prioleau
202010180pit,2020-10-18,Sunday,1:00pm,Pittsburgh Steelers,Cleveland Browns,pit,cle,38,7,Mike Tomlin,Kevin Stefanski,Heinz Field,5260,2:58,outdoors,grass,"61 degrees, relative humidity 43%, wind 9 mph",QB,Ben Roethlisberger,RoetBe00,RB,James Conner,ConnJa00,WR,James Washington,WashJa00,WR,JuJu Smith-Schuster,SmitJu00,TE,Eric Ebron,EbroEr00,TE,Vance McDonald,McDoVa00,OL,Kevin Dotson,DotsKe00,OL,Chukwuma Okorafor,OkorCh00,OT,Matt Feiler,FeilMa00,OT,Alejandro Villanueva,VillAl00,C,Maurkice Pouncey,PounMa20,DE,Tyson Alualu,AluaTy99,DE,Stephon Tuitt,TuitSt00,DT,Cameron Heyward,HeywCa01,LB,Vince Williams,WillVi01,LB,T.J. Watt,,LB,Bud Dupree,DuprAl00,LB,Devin Bush Jr.,BushDe01,CB,Steven Nelson,NelsSt01,CB,Joe Haden,HadeJo99,S,Minkah Fitzpatrick,FitzMi00,S,Terrell Edmunds,EdmuTe00,QB,Baker Mayfield,MayfBa00,RB,Kareem Hunt,HuntKa00,FB,Andy Janovich,JanoAn00,WR,Odell Beckham Jr.,BeckOd00,WR,Jarvis Landry,LandJa00,TE,Austin Hooper,HoopAu00,T,Jack Conklin,ConkJa00,T,Chris Hubbard,HubbCh00,T,Jedrick Wills Jr.,WillJe04,G,Joel Bitonio,BitoJo00,C,J.C. Tretter,TretJC00,DE,Myles Garrett,GarrMy00,DE,Olivier Vernon,VernOl00,DT,Larry Ogunjobi,OgunLa00,DT,Sheldon Richardson,RichSh00,LB,Mack Wilson,WilsMa03,LB,Sione Takitaki,TakiSi00,LB,B.J. Goodson,,CB,Denzel Ward,WardDe02,CB,Terrance Mitchell,MitcTe00,S,Andrew Sendejo,SendAn00,S,Sheldrick Redwine,RedwSh00,Referee,John Hussey,Umpire,Roy Ellison,Down Judge,Brian Bolinger,Line Judge,Tom Symonette,Back Judge,Grantis Bell,Side Judge,Allen Baynes,Field Judge,Steve Zimmer
202010180sfo,2020-10-18,Sunday,8:20pm,San Francisco 49ers,Los Angeles Rams,sfo,ram,24,16,Kyle Shanahan,Sean McVay,Levi's Stadium,,3:04,outdoors,grass,"86 degrees, relative humidity 22%, wind 10 mph",QB,Jimmy Garoppolo,GaroJi00,RB,Raheem Mostert,MostRa00,FB,Kyle Juszczyk,JuszKy00,WR,Deebo Samuel,SamuDe00,WR,Brandon Aiyuk,AiyuBr00,TE,George Kittle,KittGe00,OL,Daniel Brunskill,BrunDa00,OL,Ben Garland,GarlBe00,OL,Laken Tomlinson,TomlLa01,T,Mike McGlinchey,McGlMi00,T,Trent Williams,WillTr21,DL,D.J. Jones,,DL,Kerry Hyder,HydeKe01,DL,Arik Armstead,ArmsAr01,DT,Javon Kinlaw,KinlJa00,LB,Dre Greenlaw,GreeDr00,LB,Fred Warner,WarnFr00,CB,Emmanuel Moseley,MoseEm00,CB,Jason Verrett,VerrJa00,DB,Jamar Taylor,TaylJa01,DB,Jimmie Ward,WardJi01,S,Jaquiski Tartt,TartJa00,QB,Jared Goff,GoffJa00,RB,Darrell Henderson,HendDa00,WR,Josh Reynolds,ReynJo00,WR,Cooper Kupp,KuppCo00,WR,Robert Woods,WoodRo02,TE,Tyler Higbee,HigbTy00,OL,Rob Havenstein,HaveRo00,OL,Andrew Whitworth,WhitAn20,OL,Austin Blythe,BlytAu00,OL,David Edwards,EdwaDa01,OL,Austin Corbett,CorbAu00,DL,Sebastian Joseph-Day,JoseSe00,DL,Aaron Donald,DonaAa00,DL,Michael Brockers,BrocMi00,OLB,Leonard Floyd,FloyLe00,OLB,Samson Ebukam,EbukSa00,ILB,Kenny Young,YounKe03,ILB,Micah Kiser,KiseMi00,CB,Jalen Ramsey,RamsJa00,CB,Troy Hill,HillTr01,S,Taylor Rapp,RappTa00,S,John Johnson,JohnJo10,Referee,Carl Cheffers,Umpire,Tony Michalek,Down Judge,Jerod Phillips,Line Judge,Tom Stephan,Back Judge,Greg Meyer,Side Judge,Eugene Hall,Field Judge,Nathan Jones
202010180tam,2020-10-18,Sunday,4:25pm,Tampa Bay Buccaneers,Green Bay Packers,tam,gnb,38,10,Bruce Arians,Matt LaFleur,Raymond James Stadium,15540,3:05,outdoors,grass,"88 degrees, relative humidity 48%, wind 12 mph",QB,Tom Brady,BradTo00,RB,Ronald Jones II,JoneRo01,WR,Tyler Johnson,JohnTy00,WR,Chris Godwin,GodwCh00,WR,Mike Evans,EvanMi00,TE,Rob Gronkowski,GronRo00,T,Tristan Wirfs,WirfTr00,T,Donovan Smith,SmitDo02,G,Ali Marpet,MarpAl00,G,Alex Cappa,CappAl00,C,Ryan Jensen,JensRy00,DL,Rakeem Nunez-Roches,NuneRa00,DL,William Gholston,GholWi00,DL,Ndamukong Suh,SuhxNd99,OLB,Shaquil Barrett,BarrSh00,OLB,Jason Pierre-Paul,PierJa99,ILB,Lavonte David,DaviLa00,ILB,Devin White,WhitDe02,CB,Sean Murphy-Bunting,BuntSe00,CB,Carlton Davis,DaviCa02,S,Jordan Whitehead,WhitJo03,S,Antoine Winfield Jr.,WinfAn00,G/T,Billy Turner,TurnBi00,QB,Aaron Rodgers,RodgAa00,RB,Aaron Jones,JoneAa00,WR,Marquez Valdes-Scantling,ValdMa00,WR,Davante Adams,AdamDa01,TE,Robert Tonyan,TonyRo00,TE,Marcedes Lewis,LewiMa00,T,David Bakhtiari,BakhDa00,G,Lucas Patrick,PatrLu00,G,Elgton Jenkins,JenkEl00,C,Corey Linsley,LinsCo00,DL,Kingsley Keke,KekeKi00,DL,Dean Lowry,LowrDe00,DL,Kenny Clark,ClarKe01,LB,Preston Smith,SmitPr00,LB,Za'Darius Smith,SmitZa00,LB,Krys Barnes,BarnKr00,CB,Josh Jackson,JackJo01,CB,Chandon Sullivan,SullCh00,CB,Jaire Alexander,AlexJa00,S,Darnell Savage Jr.,SavaDa00,S,Adrian Amos,AmosAd00,Referee,Jerome Boger,Umpire,Barry Anderson,Down Judge,Julian Mapp,Line Judge,Rusty Baynes,Back Judge,Brad Freeman,Side Judge,Anthony Jeffries,Field Judge,Dale Shaw
202010190buf,2020-10-19,Monday,5:00pm,Buffalo Bills,Kansas City Chiefs,buf,kan,17,26,Sean McDermott,Andy Reid,Bills Stadium,,2:53,outdoors,astroturf,"51 degrees, relative humidity 92%, wind 6 mph",QB,Josh Allen,AlleJo02,RB,Devin Singletary,SingDe00,WR,Cole Beasley,BeasCo00,WR,John Brown,BrowJo02,WR,Stefon Diggs,DiggSt00,TE,Tyler Kroft,KrofTy00,OL,Daryl Williams,WillDa06,T,Dion Dawkins,DawkDi00,T,Cody Ford,FordCo00,G,Brian Winters,WintBr00,C,Mitch Morse,MorsMi00,DL,Quinton Jefferson,JeffQu00,DE,Jerry Hughes,HughJe99,DE,Mario Addison,AddiMa00,DT,Ed Oliver,OlivEd00,LB,A.J. Klein,KleiAJ00,LB,Tremaine Edmunds,EdmuTr01,CB,Tre'Davious White,WhitTr01,DB,Cameron Lewis,LewiCa00,DB,Josh Norman,NormJo01,S,Micah Hyde,HydeMi00,S,Jordan Poyer,PoyeJo00,QB,Patrick Mahomes,MahoPa00,RB,Clyde Edwards-Helaire,EdwaCl00,WR,Mecole Hardman,HardMe00,WR,Tyreek Hill,HillTy00,WR,Demarcus Robinson,RobiDe01,TE,Travis Kelce,KelcTr00,T,Mitchell Schwartz,SchwMi00,T,Eric Fisher,FishEr00,T,Mike Remmers,RemmMi00,G,Andrew Wylie,WyliAn00,C,Daniel Kilgore,KilgDa00,DE,Tanoh Kpassagnon,KpasTa00,DE,Frank Clark,ClarFr01,DT,Derrick Nnadi,NnadDe00,DT,Chris Jones,JoneCh09,LB,Anthony Hitchens,HitcAn00,LB,Damien Wilson,WilsDa02,CB,Charvarius Ward,WardCh01,DB,Bashaud Breeland,BreeBa00,S,Tyrann Mathieu,MathTy00,S,Daniel Sorensen,SoreDa01,S,Juan Thornhill,ThorJu00,Referee,Ronald Torbert,Umpire,Mark Pellis,Down Judge,Patrick Holt,Line Judge,Jim Mello,Back Judge,Greg Yette,Side Judge,Jonah Monroe,Field Judge,James Coleman
202010190dal,2020-10-19,Monday,8:15pm,Dallas Cowboys,Arizona Cardinals,dal,crd,10,38,Mike McCarthy,Kliff Kingsbury,AT&amp;T Stadium,25174,3:06,retractable roof (closed),fieldturf,,QB,Andy Dalton,DaltAn00,RB,Ezekiel Elliott,ElliEz00,WR,Amari Cooper,CoopAm00,WR,Michael Gallup,GallMi00,WR,CeeDee Lamb,LambCe00,TE,Dalton Schultz,SchuDa00,T,Terence Steele,SteeTe01,T,Brandon Knight,KnigBr01,G,Zack Martin,MartZa00,G,Connor Williams,WillCo00,C,Tyler Biadasz,BiadTy00,DL,Tyrone Crawford,CrawTy00,DE,DeMarcus Lawrence,LawrDe00,DE,Aldon Smith,SmitAl04,DT,Dontari Poe,PoexDo00,LB,Jaylon Smith,SmitJa05,LB,Leighton Vander Esch,VandLe00,CB,Jourdan Lewis,LewiJo01,CB,Trevon Diggs,DiggTr00,CB,Daryl Worley,WorlDa00,S,Donovan Wilson,WilsDo01,S,Xavier Woods,WoodXa00,QB,Kyler Murray,MurrKy00,RB,Kenyan Drake,DrakKe00,WR,Christian Kirk,KirkCh01,WR,Larry Fitzgerald,FitzLa00,WR,DeAndre Hopkins,HopkDe00,TE,Dan Arnold,ArnoDa00,OL,D.J. Humphries,,OL,Justin Pugh,PughJu00,OL,Justin Murray,MurrJu00,OL,Mason Cole,ColeMa02,OL,Kelvin Beachum,BeacKe00,DL,Jordan Phillips,PhilJo01,DT,Angelo Blackson,BlacAn00,NT,Corey Peters,PeteCo00,OLB,Haason Reddick,ReddHa00,LB,Jordan Hicks,HickJo00,LB,De'Vondre Campbell,CampDe00,CB,Dre Kirkpatrick,KirkDr00,CB,Patrick Peterson,PetePa00,DB,Byron Murphy,MurpBy00,S,Deionte Thompson,ThomDe06,S,Budda Baker,BakeBu00,Referee,Clete Blakeman,Umpire,Fred Bryan,Down Judge,Mark Hittner,Line Judge,Walt Coleman IV,Back Judge,Scott Helverson,Side Judge,Michael Banks,Field Judge,Joe Blubaugh
202010220phi,2020-10-22,Thursday,8:20pm,Philadelphia Eagles,New York Giants,phi,nyg,22,21,Doug Pederson,Joe Judge,Lincoln Financial Field,,3:14,outdoors,grass,"70 degrees, relative humidity 75%, wind 4 mph",C/G,Nate Herbig,HerbNa01,QB,Carson Wentz,WentCa00,RB,Boston Scott,ScotBo02,WR,Travis Fulgham,FulgTr00,WR,Greg Ward,WardGr02,WR,DeSean Jackson,JackDe00,TE,Richard Rodgers,RodgRi00,T,Lane Johnson,JohnLa01,T,Jordan Mailata,MailJo00,G,Sua Opeta,OpetIo00,C,Jason Kelce,KelcJa00,DE,Derek Barnett,BarnDe01,DE,Brandon Graham,GrahBr99,DT,Fletcher Cox,CoxxFl00,DT,Javon Hargrave,HargJa00,LB,Alex Singleton,SingAl00,LB,Nathan Gerry,GerrNa00,CB,Nickell Robey-Coleman,RobeNi00,CB,Darius Slay,SlayDa00,S,Will Parks,ParkWi01,S,Jalen Mills,MillJa02,S,Rodney McLeod,McLeRo00,QB,Daniel Jones,JoneDa05,RB,Devonta Freeman,FreeDe00,WR,Darius Slayton,SlayDa01,WR,Sterling Shepard,ShepSt00,TE,Evan Engram,EngrEv00,TE,Kaden Smith,SmitKa00,T,Cameron Fleming,FlemCa00,T,Andrew Thomas,ThomAn02,G,Kevin Zeitler,ZeitKe00,G,Will Hernandez,HernWi00,C,Nick Gates,GateNi00,DL,Leonard Williams,WillLe02,DL,Dexter Lawrence,LawrDe03,DL,Dalvin Tomlinson,TomlDa00,LB,Devante Downs,DownDe00,LB,Blake Martinez,MartBl01,LB,Kyler Fackrell,FackKy00,CB,James Bradberry,BradJa00,DB,Logan Ryan,RyanLo00,DB,Ryan Lewis,LewiRy01,S,Jabrill Peppers,PeppJa00,S,Julian Love,LoveJu00,Referee,Adrian Hill,Umpire,Paul King,Down Judge,Ed Camp,Line Judge,Kevin Codey,Back Judge,Greg Steed,Side Judge,Keith Washington,Field Judge,Jim Quirk
202010250atl,2020-10-25,Sunday,1:00pm,Atlanta Falcons,Detroit Lions,atl,det,22,23,Raheem Morris,Matt Patricia,Mercedes-Benz Stadium,7796,3:09,retractable roof (closed),fieldturf,,QB,Matt Ryan,RyanMa00,RB,Todd Gurley,GurlTo01,WR,Calvin Ridley,RidlCa00,WR,Julio Jones,JoneJu02,TE,Luke Stocker,StocLu00,TE,Hayden Hurst,HursHa00,T,Kaleb McGary,McGaKa00,T,Jake Matthews,MattJa00,G,James Carpenter,CarpJa00,G,Chris Lindstrom,LindCh00,C,Alex Mack,MackAl20,DE,Takkarist McKinley,McKiTa00,DE,Dante Fowler,FowlDa00,DT,Grady Jarrett,JarrGr00,DT,Tyeler Davison,DaviTy01,LB,Deion Jones,JoneDe01,LB,Foyesade Oluokun,OluoFo00,CB,Isaiah Oliver,OlivIs00,CB,Kendall Sheffield,ShefKe00,DB,AJ Terrell,TerrAJ00,S,Keanu Neal,NealKe01,S,Ricardo Allen,AlleRi00,QB,Matthew Stafford,StafMa00,RB,Adrian Peterson,PeteAd01,WR,Danny Amendola,AmenDa00,WR,Kenny Golladay,GollKe00,WR,Marvin Jones,JoneMa02,TE,T.J. Hockenson,HockTJ00,OL,Tyrell Crosby,CrosTy00,OL,Jonah Jackson,JackJo03,OL,Frank Ragnow,RagnFr00,T,Taylor Decker,DeckTa00,T,Halapoulivaati Vaitai,VaitHa00,DL,John Penisini,PeniJo00,DT,Nick Williams,WillNi01,DT,Danny Shelton,ShelDa01,LB,Jamie Collins,CollJa00,LB,Jahlani Tavai,TavaJa00,LB,Reggie Ragland,RaglRe00,LB,Christian Jones,JoneCh05,CB,Amani Oruwariye,OruwAm00,CB,Jeff Okudah,OkudJe00,DB,Tracy Walker,WalkTr01,S,Duron Harmon,HarmDu00,Referee,Land Clark,Umpire,Alan Eck,Down Judge,Julian Mapp,Line Judge,Mark Stewart,Back Judge,Tony Josselyn,Side Judge,Mearl Robinson,Field Judge,Dale Shaw
202010250cin,2020-10-25,Sunday,1:00pm,Cincinnati Bengals,Cleveland Browns,cin,cle,34,37,Zac Taylor,Kevin Stefanski,Paul Brown Stadium,9732,3:12,outdoors,grass,"48 degrees, relative humidity 77%, wind 8 mph",QB,Joe Burrow,BurrJo01,HB,Giovani Bernard,BernGi00,WR,A.J. Green,,WR,Tee Higgins,HiggTe00,TE,Mason Schreck,SchrMa00,TE,Drew Sample,SampDr00,OT,Jonah Williams,WillJo10,OT,Bobby Hart,HartBo00,G,Michael Jordan,JordMi01,G,Alex Redmond,RedmAl01,C,Trey Hopkins,HopkTr01,DE,Amani Bledsoe,BledAm01,DE,Carl Lawson,LawsCa00,DT,Christian Covington,CoviCh00,DT,Mike Daniels,DaniMi00,LB,Logan Wilson,WilsLo00,LB,Germaine Pratt,PratGe00,LB,Josh Bynes,ByneJo00,CB,Darius Phillips,PhilDa02,CB,LeShaun Sims,SimsLe00,S,Vonn Bell,BellVo00,S,Jessie Bates III,BateJe00,QB,Baker Mayfield,MayfBa00,RB,Kareem Hunt,HuntKa00,WR,Odell Beckham Jr.,BeckOd00,TE,Harrison Bryant,BryaHa00,TE,Stephen Carlson,CarlSt00,TE,David Njoku,NjokDa00,T,Jack Conklin,ConkJa00,T,Jedrick Wills Jr.,WillJe04,T,Chris Hubbard,HubbCh00,G,Joel Bitonio,BitoJo00,C,J.C. Tretter,TretJC00,DE,Myles Garrett,GarrMy00,DE,Olivier Vernon,VernOl00,DT,Larry Ogunjobi,OgunLa00,DT,Sheldon Richardson,RichSh00,LB,Mack Wilson,WilsMa03,LB,Sione Takitaki,TakiSi00,LB,B.J. Goodson,,CB,Terrance Mitchell,MitcTe00,CB,Denzel Ward,WardDe02,S,Andrew Sendejo,SendAn00,S,Ronnie Harrison,HarrRo02,Referee,Tony Corrente,Umpire,Dan Ferrell,Down Judge,Mark Perlman,Line Judge,Greg Bradley,Back Judge,Todd Prukop,Side Judge,Anthony Flemming,Field Judge,Ryan Dickson
202010250crd,2020-10-25,Sunday,8:20pm,Arizona Cardinals,Seattle Seahawks,crd,sea,37,34,Kliff Kingsbury,Pete Carroll,State Farm Stadium,1200,3:52,retractable roof (closed),grass,,QB,Kyler Murray,MurrKy00,RB,Kenyan Drake,DrakKe00,WR,Larry Fitzgerald,FitzLa00,WR,DeAndre Hopkins,HopkDe00,WR,Christian Kirk,KirkCh01,TE,Darrell Daniels,DaniDa02,OL,Justin Pugh,PughJu00,OL,Kelvin Beachum,BeacKe00,OL,Mason Cole,ColeMa02,OL,D.J. Humphries,,OL,Justin Murray,MurrJu00,DL,Zach Allen,AlleZa01,DL,Jordan Phillips,PhilJo01,DL,Corey Peters,PeteCo00,LB,Devon Kennard,KennDe00,LB,Jordan Hicks,HickJo00,LB,De'Vondre Campbell,CampDe00,LB,Haason Reddick,ReddHa00,CB,Dre Kirkpatrick,KirkDr00,CB,Patrick Peterson,PetePa00,S,Deionte Thompson,ThomDe06,S,Budda Baker,BakeBu00,G/C,Ethan Pocic,PociEt00,QB,Russell Wilson,WilsRu00,RB,Chris Carson,CarsCh00,WR,Tyler Lockett,LockTy00,WR,D.K. Metcalf,MetcDK00,TE,Will Dissly,DissWi00,TE,Greg Olsen,OlseGr00,T,Duane Brown,BrowDu20,T,Brandon Shell,ShelBr00,G,Jordan Simmons,SimmJo00,G,Damien Lewis,LewiDa05,DE,Benson Mayowa,MayoBe00,DE,L.J. Collier,CollLJ00,DT,Poona Ford,FordPo00,DT,Jarran Reed,ReedJa02,LB,Jordyn Brooks,BrooJo01,LB,Bobby Wagner,WagnBo00,LB,K.J. Wright,,CB,Ryan Neal,NealRy00,CB,Shaquill Griffin,GrifSh00,CB,Quinton Dunbar,DunbQu00,FS,Quandre Diggs,DiggQu00,Referee,John Hussey,Umpire,Roy Ellison,Down Judge,Brian Bolinger,Line Judge,Tim Podraza,Back Judge,Grantis Bell,Side Judge,Allen Baynes,Field Judge,Clay Reynard
202010250den,2020-10-25,Sunday,4:25pm,Denver Broncos,Kansas City Chiefs,den,kan,16,43,Vic Fangio,Andy Reid,Empower Field at Mile High,5314,2:58,outdoors,grass,"14 degrees, relative humidity 78%, wind 11 mph",QB,Drew Lock,LockDr00,RB,Phillip Lindsay,LindPh00,WR,Jerry Jeudy,JeudJe00,WR,Tim Patrick,PatrTi00,TE,Nick Vannett,VannNi00,TE,Noah Fant,FantNo00,T,Demar Dotson,DotsDe00,T,Garett Bolles,BollGa00,G,Dalton Risner,RisnDa00,G,Graham Glasgow,GlasGr00,C,Lloyd Cushenberry III,CushLl00,DL,Mike Purcell,PurcMi00,DE,Shelby Harris,HarrSh00,OLB,Bradley Chubb,ChubBr00,OLB,Malik Reed,ReedMa01,ILB,Josey Jewell,JeweJo00,ILB,Alexander Johnson,JohnAl01,CB,Michael Ojemudia,OjemMi00,CB,Bryce Callahan,CallBr00,DB,A.J. Bouye,,S,Kareem Jackson,JackKa99,S,Justin Simmons,SimmJu00,QB,Patrick Mahomes,MahoPa00,RB,Clyde Edwards-Helaire,EdwaCl00,WR,Demarcus Robinson,RobiDe01,WR,Mecole Hardman,HardMe00,WR,Tyreek Hill,HillTy00,TE,Travis Kelce,KelcTr00,T,Eric Fisher,FishEr00,T,Mike Remmers,RemmMi00,G,Andrew Wylie,WyliAn00,G,Nick Allegretti,AlleNi00,C,Daniel Kilgore,KilgDa00,DE,Tanoh Kpassagnon,KpasTa00,DE,Frank Clark,ClarFr01,DT,Chris Jones,JoneCh09,DT,Derrick Nnadi,NnadDe00,LB,Anthony Hitchens,HitcAn00,LB,Willie Gay Jr.,GayJWi00,LB,Damien Wilson,WilsDa02,CB,Charvarius Ward,WardCh01,DB,Bashaud Breeland,BreeBa00,S,Tyrann Mathieu,MathTy00,S,Daniel Sorensen,SoreDa01,Referee,Brad Rogers,Umpire,Tab Slaughter,Down Judge,Tripp Sutter,Line Judge,Walt Coleman IV,Back Judge,Greg Meyer,Side Judge,Jeff Lamberth,Field Judge,Nathan Jones
202010250htx,2020-10-25,Sunday,1:00pm,Houston Texans,Green Bay Packers,htx,gnb,20,35,Romeo Crennel,Matt LaFleur,NRG Stadium,12618,3:03,retractable roof (closed),grass,,G/T,Tytus Howard,HowaTy00,C/G,Zach Fulton,FultZa00,QB,Deshaun Watson,WatsDe00,RB,David Johnson,JohnDa08,WR,Brandin Cooks,CookBr00,WR,Will Fuller,FullWi01,TE,Pharaoh Brown,BrowPh01,TE,Darren Fells,FellDa01,T,Laremy Tunsil,TunsLa00,G,Senio Kelemete,KeleSe00,C,Nick Martin,MartNi00,DE,Carlos Watkins,WatkCa00,DE,J.J. Watt,,DT,P.J. Hall,,DT,Brandon Dunn,DunnBr00,OLB,Whitney Mercilus,MercWh00,ILB,Zach Cunningham,CunnZa00,ILB,Tyrell Adams,AdamTy00,CB,Vernon Hargreaves III,HargVe00,CB,Bradley Roby,RobyBr00,S,Eric Murray,MurrEr00,S,Justin Reid,ReidJu00,G/T,Billy Turner,TurnBi00,QB,Aaron Rodgers,RodgAa00,RB,Jamaal Williams,WillJa06,WR,Marquez Valdes-Scantling,ValdMa00,WR,Davante Adams,AdamDa01,TE,Robert Tonyan,TonyRo00,TE,Marcedes Lewis,LewiMa00,T,Ricky Wagner,WagnRi00,G,Lucas Patrick,PatrLu00,G,Elgton Jenkins,JenkEl00,C,Corey Linsley,LinsCo00,DL,Dean Lowry,LowrDe00,DL,Kenny Clark,ClarKe01,LB,Kamal Martin,MartKa01,LB,Preston Smith,SmitPr00,LB,Za'Darius Smith,SmitZa00,LB,Krys Barnes,BarnKr00,CB,Chandon Sullivan,SullCh00,CB,Josh Jackson,JackJo01,CB,Jaire Alexander,AlexJa00,S,Will Redmond,RedmWi00,S,Adrian Amos,AmosAd00,Referee,Clay Martin,Umpire,Tony Michalek,Down Judge,Derick Bowers,Line Judge,Frank LeBlanc,Back Judge,Steve Patrick,Side Judge,Eugene Hall,Field Judge,Mike Weatherford
202010250nor,2020-10-25,Sunday,1:00pm,New Orleans Saints,Carolina Panthers,nor,car,27,24,Sean Payton,Matt Rhule,Mercedes-Benz Superdome,3000,2:44,dome,astroturf,,C/G,Cesar Ruiz,RuizCe00,G/T,Andrus Peat,PeatAn00,C/G,Erik McCoy,McCoEr01,QB,Drew Brees,BreeDr00,QB,Taysom Hill,HillTa00,RB,Alvin Kamara,KamaAl00,WR,Tre'Quan Smith,SmitTr03,WR,Juwan Johnson,JohnJu02,TE,Jared Cook,CookJa02,T,Terron Armstead,ArmsTe00,T,Ryan Ramczyk,RamcRy00,DE,Cameron Jordan,JordCa00,DE,Trey Hendrickson,HendTr00,DT,David Onyemata,OnyeDa00,DT,Malcom Brown,BrowMa01,LB,Demario Davis,DaviDe00,LB,Zack Baun,BaunZa00,LB,Alex Anzalone,AnzaAl00,CB,Jackrabbit Jenkins,JenkJa03,CB,Marshon Lattimore,LattMa01,S,Malcolm Jenkins,JenkMa99,S,Marcus Williams,WillMa06,QB,Teddy Bridgewater,BridTe00,RB,Mike Davis,DaviMi01,WR,Robbie Chosen,AndeRo04,WR,D.J. Moore,,TE,Chris Manhertz,ManhCh00,TE,Colin Thompson,ThomCo03,T,Russell Okung,OkunRu20,T,Taylor Moton,MotoTa00,G,Chris Reed,ReedCh00,G,Dennis Daley,DaleDe00,C,Matt Paradis,ParaMa00,DE,Stephen Weatherly,WeatSt00,DE,Brian Burns,BurnBr00,DT,Zach Kerr,KerrZa00,DT,Derrick Brown,BrowDe05,LB,Shaq Thompson,ThomSh01,LB,Tahir Whitehead,WhitTa00,CB,Troy Pride Jr.,PridTr00,CB,Donte Jackson,JackDo02,S,Sam Franklin,FranSa00,S,Jeremy Chinn,ChinJe00,S,Tre Boston,BostTr00,Referee,Craig Wrolstad,Umpire,Ruben Fowler,Down Judge,Jerry Bergman,Line Judge,Thomas Eaton,Back Judge,Perry Paganelli,Side Judge,Dave Hawkshaw,Field Judge,Aaron Santi
202010250nwe,2020-10-25,Sunday,4:25pm,New England Patriots,San Francisco 49ers,nwe,sfo,6,33,Bill Belichick,Kyle Shanahan,Gillette Stadium,,2:44,outdoors,fieldturf,"49 degrees, relative humidity 60%, wind 7 mph",QB,Cam Newton,NewtCa00,RB,Damien Harris,HarrDa06,FB,Jakob Johnson,JohnJa12,WR,Julian Edelman,EdelJu00,WR,N'Keal Harry,HarrNK00,TE,Ryan Izzo,IzzoRy00,OL,Isaiah Wynn,WynnIs00,OL,Joe Thuney,ThunJo00,OL,Michael Onwenu,OnweMi00,G,Shaq Mason,MasoSh01,C,David Andrews,AndrDa00,DL,Lawrence Guy,GuyxLa00,DL,Deatrich Wise Jr.,WiseDe00,DE,Byron Cowart,CowaBy00,DE,John Simon,SimoJo01,LB,Anfernee Jennings,JennAn00,LB,Brandon Copeland,CopeBr00,LB,Ja'Whaun Bentley,BentJa00,CB,Stephon Gilmore,GilmSt00,CB,Jason McCourty,McCoJa99,DB,Devin McCourty,McCoDe99,DB,Adrian Phillips,PhilAd00,QB,Jimmy Garoppolo,GaroJi00,RB,Jeff Wilson,WilsJe01,FB,Kyle Juszczyk,JuszKy00,WR,Brandon Aiyuk,AiyuBr00,WR,Deebo Samuel,SamuDe00,TE,George Kittle,KittGe00,OL,Daniel Brunskill,BrunDa00,OL,Laken Tomlinson,TomlLa01,T,Trent Williams,WillTr21,T,Mike McGlinchey,McGlMi00,C,Hroniss Grasu,GrasHr00,DL,Arik Armstead,ArmsAr01,DL,Kerry Hyder,HydeKe01,DL,D.J. Jones,,DT,Javon Kinlaw,KinlJa00,LB,Fred Warner,WarnFr00,LB,Dre Greenlaw,GreeDr00,LB,Azeez Al-Shaair,AlShAz00,CB,Emmanuel Moseley,MoseEm00,CB,Jason Verrett,VerrJa00,DB,Tarvarius Moore,MoorTa00,S,Marcell Harris,HarrMa03,Referee,Shawn Smith,Umpire,Bryan Neale,Down Judge,Michael Dolce,Line Judge,Mark Steinkerchner,Back Judge,Dino Paganelli,Side Judge,Jimmy Buchanan,Field Judge,Steve Zimmer
202010250nyj,2020-10-25,Sunday,1:00pm,New York Jets,Buffalo Bills,nyj,buf,10,18,Adam Gase,Sean McDermott,MetLife Stadium,,2:59,outdoors,fieldturf,"52 degrees, relative humidity 52%, wind 8 mph",QB,Sam Darnold,DarnSa00,RB,Frank Gore,GoreFr00,WR,Braxton Berrios,BerrBr00,WR,Breshad Perriman,PerrBr02,WR,Denzel Mims,MimsDe00,TE,Chris Herndon,HernCh00,OL,Josh Andrews,AndrJo01,OL,Connor McGovern,McGoCo00,T,Mekhi Becton,BectMe00,T,George Fant,FantGe00,G,Greg Van Roten,VanRGr00,DL,Quinnen Williams,WillQu00,DL,Folorunso Fatukasi,FatuFo00,DL,Kyle Phillips,PhilKy00,LB,Jordan Jenkins,JenkJo01,LB,Avery Williamson,WillAv00,LB,Neville Hewitt,HewiNe00,CB,Brian Poole,PoolBr01,CB,Pierre Desir,DesiPi00,CB,Blessuan Austin,AustBl00,S,Bradley McDougald,McDoBr01,S,Marcus Maye,MayeMa00,QB,Josh Allen,AlleJo02,RB,Devin Singletary,SingDe00,WR,Cole Beasley,BeasCo00,WR,Gabe Davis,DaviGa01,WR,Stefon Diggs,DiggSt00,TE,Tyler Kroft,KrofTy00,OL,Daryl Williams,WillDa06,T,Dion Dawkins,DawkDi00,G,Brian Winters,WintBr00,G,Ike Boettger,BoetIk00,C,Mitch Morse,MorsMi00,DE,Jerry Hughes,HughJe99,DE,Mario Addison,AddiMa00,DT,Ed Oliver,OlivEd00,DT,Vernon Butler,ButlVe00,LB,A.J. Klein,KleiAJ00,LB,Tremaine Edmunds,EdmuTr01,CB,Dane Jackson,JackDa02,CB,Taron Johnson,JohnTa01,CB,Tre'Davious White,WhitTr01,S,Micah Hyde,HydeMi00,S,Jordan Poyer,PoyeJo00,Referee,Carl Cheffers,Umpire,Terry Killens,Down Judge,Patrick Turner,Line Judge,Tom Symonette,Back Judge,Greg Wilson,Side Judge,Jabir Walker,Field Judge,Terry Brown
202010250oti,2020-10-25,Sunday,1:00pm,Tennessee Titans,Pittsburgh Steelers,oti,pit,24,27,Mike Vrabel,Mike Tomlin,Nissan Stadium,10355,3:06,outdoors,grass,"55 degrees, relative humidity 88%, wind 3 mph",QB,Ryan Tannehill,TannRy00,RB,Derrick Henry,HenrDe00,WR,A.J. Brown,BrowAJ00,WR,Corey Davis,DaviCo03,TE,Jonnu Smith,SmitJo01,TE,MyCole Pruitt,PruiMy00,T,Ty Sambrailo,SambTy00,T,Dennis Kelly,KellDe00,T,Rodger Saffold,SaffRo20,G,Nate Davis,DaviNa01,C,Ben Jones,JoneBe01,DL,DaQuan Jones,JoneDa04,DE,Jadeveon Clowney,ClowJa00,DT,Jeffery Simmons,SimmJe01,LB,Jayon Brown,BrowJa06,LB,Harold Landry,LandHa00,LB,Rashaan Evans,EvanRa01,CB,Kristian Fulton,FultKr00,DB,Kevin Byard,ByarKe01,DB,Tye Smith,SmitTy01,DB,Malcolm Butler,ButlMa01,DB,Kenny Vaccaro,VaccKe00,QB,Ben Roethlisberger,RoetBe00,RB,James Conner,ConnJa00,WR,Chase Claypool,ClayCh01,WR,JuJu Smith-Schuster,SmitJu00,WR,Diontae Johnson,JohnDi01,TE,Eric Ebron,EbroEr00,OL,Chukwuma Okorafor,OkorCh00,OT,Matt Feiler,FeilMa00,OT,Alejandro Villanueva,VillAl00,G,David DeCastro,DeCaDa00,C,Maurkice Pouncey,PounMa20,DE,Stephon Tuitt,TuitSt00,DE,Tyson Alualu,AluaTy99,DT,Cameron Heyward,HeywCa01,LB,Vince Williams,WillVi01,LB,T.J. Watt,,LB,Robert Spillane,SpilRo00,LB,Bud Dupree,DuprAl00,CB,Steven Nelson,NelsSt01,CB,Joe Haden,HadeJo99,S,Minkah Fitzpatrick,FitzMi00,S,Terrell Edmunds,EdmuTe00,Referee,Shawn Hochuli,Umpire,Carl Paganelli,Down Judge,Sarah Thomas,Line Judge,Carl Johnson,Back Judge,Rich Martinez,Side Judge,Chad Hill,Field Judge,Dominique Pender
202010250rai,2020-10-25,Sunday,4:05pm,Las Vegas Raiders,Tampa Bay Buccaneers,rai,tam,20,45,Jon Gruden,Bruce Arians,Allegiant Stadium,,3:09,dome,grass,,G/T,Denzelle Good,GoodDe01,QB,Derek Carr,CarrDe02,RB,Josh Jacobs,JacoJo01,FB,Alec Ingold,IngoAl01,WR,Nelson Agholor,AghoNe00,WR,Henry Ruggs III,RuggHe00,TE,Darren Waller,WallDa01,T,Sam Young,YounSa21,T,Kolton Miller,MillKo00,G,Gabe Jackson,JackGa00,C,Rodney Hudson,HudsRo00,DE,Clelin Ferrell,FerrCl00,DE,Maxx Crosby,CrosMa00,DT,Johnathan Hankins,HankJo00,DT,Maliek Collins,CollMa00,LB,Nick Kwiatkoski,KwiaNi00,LB,Cory Littleton,LittCo01,LB,Nicholas Morrow,MorrNi00,CB,Nevin Lawson,LawsNe00,CB,Trayvon Mullen,MullTr00,S,Jeff Heath,HeatJe00,S,Erik Harris,HarrEr00,QB,Tom Brady,BradTo00,RB,Ronald Jones II,JoneRo01,WR,Mike Evans,EvanMi00,WR,Chris Godwin,GodwCh00,TE,Rob Gronkowski,GronRo00,T,Tristan Wirfs,WirfTr00,T,Donovan Smith,SmitDo02,T,Joe Haeg,HaegJo00,G,Alex Cappa,CappAl00,G,Ali Marpet,MarpAl00,C,Ryan Jensen,JensRy00,DL,William Gholston,GholWi00,DL,Rakeem Nunez-Roches,NuneRa00,DL,Ndamukong Suh,SuhxNd99,OLB,Jason Pierre-Paul,PierJa99,OLB,Shaquil Barrett,BarrSh00,ILB,Lavonte David,DaviLa00,ILB,Devin White,WhitDe02,CB,Carlton Davis,DaviCa02,CB,Sean Murphy-Bunting,BuntSe00,S,Jordan Whitehead,WhitJo03,S,Antoine Winfield Jr.,WinfAn00,Referee,Scott Novak,Umpire,Steven Woods,Down Judge,Kent Payne,Line Judge,David Oliver,Back Judge,Terrence Miles,Side Judge,Scott Edwards,Field Judge,John Jenkins
202010250sdg,2020-10-25,Sunday,4:25pm,Los Angeles Chargers,Jacksonville Jaguars,sdg,jax,39,29,Anthony Lynn,Doug Marrone,SoFi Stadium,,3:09,dome,matrixturf,,QB,Justin Herbert,HerbJu00,RB,Justin Jackson,JackJu01,FB,Gabe Nabers,NabeGa00,WR,Mike Williams,WillMi07,TE,Virgil Green,GreeVi00,TE,Hunter Henry,HenrHu00,T,Sam Tevi,TeviSa00,T,Trey Pipkins,PipkTr00,G,Dan Feeney,FeenDa00,G,Ryan Groy,GroyRy00,G,Forrest Lamp,LampFo00,DE,Joey Bosa,BosaJo00,DT,Justin Jones,JoneJu03,DT,Linval Joseph,JoseLi99,LB,Kenneth Murray,MurrKe00,LB,Melvin Ingram,IngrMe00,LB,Denzel Perryman,PerrDe00,LB,Kyzir White,WhitKy00,CB,Michael Davis,DaviMi03,DB,Casey Hayward,HaywCa00,S,Rayshawn Jenkins,JenkRa00,S,Nasir Adderley,AddeNa00,QB,Gardner Minshew II,MinsGa00,RB,James Robinson,RobiJa00,FB,Bruce Miller,MillBr02,WR,DJ Chark,CharDJ00,WR,Laviska Shenault Jr.,ShenLa00,TE,James O'Shaughnessy,O'ShJa00,OL,Jawaan Taylor,TaylJa02,OL,Tyler Shatley,ShatTy00,OL,Cam Robinson,RobiCa00,OL,Andrew Norwell,NorwAn01,OL,Brandon Linder,LindBr00,DL,Taven Bryan,BryaTa00,DE,Adam Gotsis,GotsAd00,DT,DaVon Hamilton,HamiDa02,DT,Doug Costin,CostDo00,LB,Joe Schobert,SchoJo00,LB,Kamalei Correa,CorrKa00,LB,Dakota Allen,AlleDa01,CB,Sidney Jones,JoneSi00,CB,C.J. Henderson,HendCJ00,S,Josh Jones,JoneJo06,S,Brandon Rusnak,WatsBr01,Referee,Clete Blakeman,Umpire,Fred Bryan,Down Judge,Mark Hittner,Line Judge,Tom Stephan,Back Judge,Scott Helverson,Side Judge,Michael Banks,Field Judge,Joe Blubaugh
202010250was,2020-10-25,Sunday,1:00pm,Washington Football Team,Dallas Cowboys,was,dal,25,3,Ron Rivera,Mike McCarthy,FedExField,,2:53,outdoors,grass,"46 degrees, relative humidity 90%, wind 5 mph",QB,Kyle Allen,AlleKy00,RB,Peyton Barber,BarbPe01,WR,Cam Sims,SimsCa00,WR,Terry McLaurin,McLaTe00,TE,Logan Thomas,ThomLo00,TE,Jeremy Sprinkle,SpriJe00,T,Morgan Moses,MoseMo00,T,Brandon Scherff,ScheBr00,T,Cornelius Lucas,LucaCo01,G,Wes Schweitzer,SchwWe00,C,Chase Roullier,RoulCh00,DE,Montez Sweat,SweaMo00,DE,Chase Young,YounCh04,DT,Jonathan Allen,AlleJo01,DT,Daron Payne,PaynDa00,LB,Cole Holcomb,HolcCo00,LB,Kevin Pierre-Louis,PierKe00,LB,Jonathan Bostic,BostJo00,CB,Kendall Fuller,FullKe00,CB,Ronald Darby,DarbRo00,S,Deshazor Everett,EverDe01,S,Landon Collins,CollLa00,QB,Andy Dalton,DaltAn00,RB,Ezekiel Elliott,ElliEz00,WR,Noah Brown,BrowNo00,TE,Blake Bell,BellBl00,TE,Dalton Schultz,SchuDa00,TE,Sean McKeon,McKeSe01,T,Terence Steele,SteeTe01,G,Connor Williams,WillCo00,G,Cameron Erving,ErviCa00,G,Connor McGovern,McGoCo01,C,Tyler Biadasz,BiadTy00,DE,DeMarcus Lawrence,LawrDe00,DE,Aldon Smith,SmitAl04,DT,Dontari Poe,PoexDo00,DT,Neville Gallimore,GallNe00,LB,Jaylon Smith,SmitJa05,LB,Leighton Vander Esch,VandLe00,CB,Jourdan Lewis,LewiJo01,CB,Trevon Diggs,DiggTr00,CB,Anthony Brown,BrowAn02,S,Donovan Wilson,WilsDo01,S,Xavier Woods,WoodXa00,Referee,Ronald Torbert,Umpire,Mark Pellis,Down Judge,Patrick Holt,Line Judge,Jim Mello,Back Judge,Greg Yette,Side Judge,James Coleman,Field Judge,Tra Blake
202010260ram,2020-10-26,Monday,8:15pm,Los Angeles Rams,Chicago Bears,ram,chi,24,10,Sean McVay,Matt Nagy,SoFi Stadium,,3:07,dome,matrixturf,,QB,Jared Goff,GoffJa00,RB,Darrell Henderson,HendDa00,WR,Robert Woods,WoodRo02,WR,Cooper Kupp,KuppCo00,TE,Gerald Everett,EverGe00,TE,Johnny Mundt,MundJo00,OL,Austin Blythe,BlytAu00,OL,Austin Corbett,CorbAu00,OL,Andrew Whitworth,WhitAn20,OL,David Edwards,EdwaDa01,OL,Rob Havenstein,HaveRo00,DL,Michael Brockers,BrocMi00,DL,Sebastian Joseph-Day,JoseSe00,DL,Aaron Donald,DonaAa00,OLB,Leonard Floyd,FloyLe00,OLB,Samson Ebukam,EbukSa00,ILB,Micah Kiser,KiseMi00,CB,Troy Hill,HillTr01,CB,Jalen Ramsey,RamsJa00,CB,Darious Williams,WillDa09,S,John Johnson,JohnJo10,S,Taylor Rapp,RappTa00,QB,Nick Foles,FoleNi00,RB,David Montgomery,MontDa01,WR,Allen Robinson,RobiAl02,TE,Jimmy Graham,GrahJi00,TE,Demetrius Harris,HarrDe03,TE,Cole Kmet,KmetCo00,OL,Cody Whitehair,WhitCo03,OL,Rashaad Coward,CowaRa00,OL,Bobby Massie,MassBo00,OL,Charles Leno Jr.,LenoCh00,OL,Germain Ifedi,IfedGe00,DE,Roy Robertson-Harris,RobeRo00,DT,Akiem Hicks,HickAk00,DT,Bilal Nichols,NichBi00,LB,Khalil Mack,MackKh00,LB,Robert Quinn,QuinRo00,LB,Roquan Smith,SmitRo07,LB,Danny Trevathan,TrevDa00,DB,Jaylon Johnson,JohnJa13,DB,Eddie Jackson,JackEd01,DB,Tashaun Gipson,GipsTa00,DB,Kyle Fuller,FullKy00,Referee,Bill Vinovich,Umpire,Richard Hall,Down Judge,Mike Carr,Line Judge,Jeff Seeman,Back Judge,Keith Ferguson,Side Judge,Don Willard,Field Judge,David Meslow
202010290car,2020-10-29,Thursday,8:20pm,Carolina Panthers,Atlanta Falcons,car,atl,17,25,Matt Rhule,Raheem Morris,Bank of America Stadium,5240,3:04,outdoors,grass,"76 degrees, relative humidity 76%, wind 8 mph",QB,Teddy Bridgewater,BridTe00,RB,Mike Davis,DaviMi01,WR,Robbie Chosen,AndeRo04,WR,Curtis Samuel,SamuCu00,WR,D.J. Moore,,TE,Ian Thomas,ThomIa00,T,Greg Little,LittGr01,T,Taylor Moton,MotoTa00,G,John Miller,MillJo04,G,Chris Reed,ReedCh00,C,Matt Paradis,ParaMa00,DE,Stephen Weatherly,WeatSt00,DE,Brian Burns,BurnBr00,DT,Derrick Brown,BrowDe05,DT,Bravvion Roy,RoyxBr00,LB,Shaq Thompson,ThomSh01,LB,Tahir Whitehead,WhitTa00,CB,Troy Pride Jr.,PridTr00,CB,Donte Jackson,JackDo02,S,Sam Franklin,FranSa00,S,Jeremy Chinn,ChinJe00,S,Tre Boston,BostTr00,QB,Matt Ryan,RyanMa00,RB,Todd Gurley,GurlTo01,WR,Calvin Ridley,RidlCa00,WR,Julio Jones,JoneJu02,TE,Luke Stocker,StocLu00,TE,Hayden Hurst,HursHa00,T,Jake Matthews,MattJa00,T,Kaleb McGary,McGaKa00,G,James Carpenter,CarpJa00,G,Chris Lindstrom,LindCh00,C,Alex Mack,MackAl20,DE,Allen Bailey,BailAl00,DE,Steven Means,MeanSt00,DE,Dante Fowler,FowlDa00,DT,Grady Jarrett,JarrGr00,LB,Deion Jones,JoneDe01,LB,Foyesade Oluokun,OluoFo00,CB,Isaiah Oliver,OlivIs00,CB,Kendall Sheffield,ShefKe00,CB,AJ Terrell,TerrAJ00,S,Keanu Neal,NealKe01,S,Ricardo Allen,AlleRi00,Referee,Shawn Hochuli,Umpire,Ramon George,Down Judge,Sarah Thomas,Line Judge,Carl Johnson,Back Judge,Rich Martinez,Side Judge,Chad Hill,Field Judge,Tom Hill
202011010buf,2020-11-01,Sunday,1:00pm,Buffalo Bills,New England Patriots,buf,nwe,24,21,Sean McDermott,Bill Belichick,Bills Stadium,,2:50,outdoors,astroturf,"41 degrees, relative humidity 87%, wind 17 mph",QB,Josh Allen,AlleJo02,RB,Devin Singletary,SingDe00,WR,Gabe Davis,DaviGa01,WR,Isaiah McKenzie,McKeIs00,WR,Stefon Diggs,DiggSt00,TE,Tyler Kroft,KrofTy00,OL,Daryl Williams,WillDa06,T,Dion Dawkins,DawkDi00,G,Jon Feliciano,FeliJo00,G,Brian Winters,WintBr00,C,Mitch Morse,MorsMi00,DE,Trent Murphy,MurpTr00,DE,Jerry Hughes,HughJe99,DT,Ed Oliver,OlivEd00,DT,Harrison Phillips,PhilHa00,LB,A.J. Klein,KleiAJ00,LB,Tremaine Edmunds,EdmuTr01,CB,Taron Johnson,JohnTa01,CB,Levi Wallace,WallLe00,CB,Tre'Davious White,WhitTr01,S,Dean Marlowe,MarlDe00,S,Jordan Poyer,PoyeJo00,QB,Cam Newton,NewtCa00,RB,Damien Harris,HarrDa06,WR,Damiere Byrd,ByrdDa00,WR,Jakobi Meyers,MeyeJa01,WR,Gunner Olszewski,OlszGu00,TE,Ryan Izzo,IzzoRy00,OL,Isaiah Wynn,WynnIs00,OL,Joe Thuney,ThunJo00,OL,Michael Onwenu,OnweMi00,G,Shaq Mason,MasoSh01,C,David Andrews,AndrDa00,DL,Lawrence Guy,GuyxLa00,DL,Deatrich Wise Jr.,WiseDe00,DE,Byron Cowart,CowaBy00,DE,John Simon,SimoJo01,LB,Ja'Whaun Bentley,BentJa00,CB,Jason McCourty,McCoJa99,DB,Adrian Phillips,PhilAd00,DB,Devin McCourty,McCoDe99,DB,Jonathan Jones,JoneJo03,DB,J.C. Jackson,,DB,Terrence Brooks,BrooTe00,Referee,Clete Blakeman,Umpire,Richard Hall,Down Judge,Mark Hittner,Line Judge,Kevin Codey,Back Judge,Scott Helverson,Side Judge,Michael Banks,Field Judge,James Coleman
202011010chi,2020-11-01,Sunday,4:25pm,Chicago Bears,New Orleans Saints,chi,nor,23,26,Matt Nagy,Sean Payton,Soldier Field,,3:34,outdoors,grass,"40 degrees, relative humidity 41%, wind 20 mph",QB,Nick Foles,FoleNi00,RB,David Montgomery,MontDa01,WR,Allen Robinson,RobiAl02,WR,Darnell Mooney,MoonDa00,WR,Anthony Miller,MillAn02,TE,Jimmy Graham,GrahJi00,OL,Bobby Massie,MassBo00,OL,Sam Mustipher,MustSa01,OL,Rashaad Coward,CowaRa00,OL,Charles Leno Jr.,LenoCh00,OL,Germain Ifedi,IfedGe00,DE,Roy Robertson-Harris,RobeRo00,DT,Akiem Hicks,HickAk00,DT,Bilal Nichols,NichBi00,LB,Khalil Mack,MackKh00,LB,Robert Quinn,QuinRo00,LB,Roquan Smith,SmitRo07,LB,Danny Trevathan,TrevDa00,DB,Jaylon Johnson,JohnJa13,DB,Eddie Jackson,JackEd01,DB,Tashaun Gipson,GipsTa00,DB,Kyle Fuller,FullKy00,C/G,Cesar Ruiz,RuizCe00,G/T,Andrus Peat,PeatAn00,C/G,Erik McCoy,McCoEr01,QB,Drew Brees,BreeDr00,RB,Latavius Murray,MurrLa00,FB,Michael Burton,BurtMi00,WR,Juwan Johnson,JohnJu02,TE,Josh Hill,HillJo02,T,Terron Armstead,ArmsTe00,T,Ryan Ramczyk,RamcRy00,T,James Hurst,HursJa00,DE,Cameron Jordan,JordCa00,DE,Trey Hendrickson,HendTr00,DT,David Onyemata,OnyeDa00,DT,Malcom Brown,BrowMa01,LB,Alex Anzalone,AnzaAl00,LB,Demario Davis,DaviDe00,CB,Jackrabbit Jenkins,JenkJa03,CB,Marshon Lattimore,LattMa01,DB,C.J. Gardner-Johnson,GardCh00,S,Marcus Williams,WillMa06,S,Malcolm Jenkins,JenkMa99,Referee,Tony Corrente,Umpire,Dan Ferrell,Down Judge,Tripp Sutter,Line Judge,Bart Longson,Back Judge,Todd Prukop,Side Judge,Keith Washington,Field Judge,Ryan Dickson
202011010cin,2020-11-01,Sunday,1:00pm,Cincinnati Bengals,Tennessee Titans,cin,oti,31,20,Zac Taylor,Mike Vrabel,Paul Brown Stadium,9712,3:09,outdoors,grass,"48 degrees, relative humidity 52%, wind 24 mph",C/G,Billy Price,PricBi01,G/OT,Fred Johnson,JohnFr01,DE/DT,Margus Hunt,HuntMa00,QB,Joe Burrow,BurrJo01,HB,Giovani Bernard,BernGi00,WR,Tee Higgins,HiggTe00,WR,Auden Tate,TateAu00,WR,A.J. Green,,TE,Drew Sample,SampDr00,G,Shaq Calhoun,CalhSh01,G,Hakeem Adeniji,AdenHa00,G,Alex Redmond,RedmAl01,DE,Amani Bledsoe,BledAm01,DE,Carl Lawson,LawsCa00,DT,Christian Covington,CoviCh00,DT,Mike Daniels,DaniMi00,LB,Josh Bynes,ByneJo00,LB,Germaine Pratt,PratGe00,CB,William Jackson III,JackWi02,CB,LeShaun Sims,SimsLe00,S,Vonn Bell,BellVo00,S,Jessie Bates III,BateJe00,QB,Ryan Tannehill,TannRy00,RB,Derrick Henry,HenrDe00,WR,A.J. Brown,BrowAJ00,WR,Corey Davis,DaviCo03,TE,Jonnu Smith,SmitJo01,TE,MyCole Pruitt,PruiMy00,OL,Nate Davis,DaviNa01,T,Ty Sambrailo,SambTy00,T,Dennis Kelly,KellDe00,G,Rodger Saffold,SaffRo20,C,Ben Jones,JoneBe01,DL,DaQuan Jones,JoneDa04,DT,Jeffery Simmons,SimmJe01,OLB,Jadeveon Clowney,ClowJa00,OLB,Harold Landry,LandHa00,LB,Jayon Brown,BrowJa06,LB,Rashaan Evans,EvanRa01,CB,Malcolm Butler,ButlMa01,DB,Johnathan Joseph,JoseJo20,DB,Chris Jackson,JackCh01,S,Kevin Byard,ByarKe01,S,Kenny Vaccaro,VaccKe00,Referee,Scott Novak,Umpire,Steven Woods,Down Judge,Kent Payne,Line Judge,Thomas Eaton,Back Judge,Terrence Miles,Side Judge,Dyrol Prioleau,Field Judge,Scott Edwards
202011010cle,2020-11-01,Sunday,1:00pm,Cleveland Browns,Las Vegas Raiders,cle,rai,6,16,Kevin Stefanski,Jon Gruden,FirstEnergy Stadium,10972,2:51,outdoors,grass,"49 degrees, relative humidity 56%, wind 35 mph",QB,Baker Mayfield,MayfBa00,RB,Kareem Hunt,HuntKa00,WR,Jarvis Landry,LandJa00,TE,Harrison Bryant,BryaHa00,TE,David Njoku,NjokDa00,TE,Stephen Carlson,CarlSt00,T,Jedrick Wills Jr.,WillJe04,T,Chris Hubbard,HubbCh00,T,Jack Conklin,ConkJa00,G,Joel Bitonio,BitoJo00,C,J.C. Tretter,TretJC00,DE,Myles Garrett,GarrMy00,DE,Olivier Vernon,VernOl00,DT,Larry Ogunjobi,OgunLa00,DT,Sheldon Richardson,RichSh00,LB,B.J. Goodson,,LB,Malcolm Smith,SmitMa02,CB,Kevin Johnson,JohnKe04,CB,Terrance Mitchell,MitcTe00,CB,Denzel Ward,WardDe02,S,Andrew Sendejo,SendAn00,S,Ronnie Harrison,HarrRo02,G/T,Denzelle Good,GoodDe01,QB,Derek Carr,CarrDe02,RB,Josh Jacobs,JacoJo01,WR,Nelson Agholor,AghoNe00,WR,Henry Ruggs III,RuggHe00,WR,Hunter Renfrow,RenfHu00,TE,Darren Waller,WallDa01,T,Kolton Miller,MillKo00,T,Sam Young,YounSa21,G,Gabe Jackson,JackGa00,C,Rodney Hudson,HudsRo00,DE,Clelin Ferrell,FerrCl00,DE,Maxx Crosby,CrosMa00,DT,Johnathan Hankins,HankJo00,DT,Maliek Collins,CollMa00,LB,Nick Kwiatkoski,KwiaNi00,LB,Cory Littleton,LittCo01,LB,Nicholas Morrow,MorrNi00,CB,Nevin Lawson,LawsNe00,CB,Trayvon Mullen,MullTr00,DB,Johnathan Abram,AbraJo01,S,Erik Harris,HarrEr00,Referee,Bill Vinovich,Umpire,Terry Killens,Down Judge,Mike Carr,Line Judge,Jeff Seeman,Back Judge,Perry Paganelli,Side Judge,Don Willard,Field Judge,David Meslow
202011010den,2020-11-01,Sunday,4:05pm,Denver Broncos,Los Angeles Chargers,den,sdg,31,30,Vic Fangio,Anthony Lynn,Empower Field at Mile High,5231,3:27,outdoors,grass,"64 degrees, relative humidity 23%, wind 10 mph",G/C,Austin Schlottmann,SchlAu00,QB,Drew Lock,LockDr00,RB,Melvin Gordon,GordMe00,WR,DaeSean Hamilton,HamiDa01,WR,Jerry Jeudy,JeudJe00,TE,Nick Vannett,VannNi00,TE,Noah Fant,FantNo00,T,Garett Bolles,BollGa00,T,Demar Dotson,DotsDe00,G,Dalton Risner,RisnDa00,C,Lloyd Cushenberry III,CushLl00,DL,DeShawn Williams,WillDe04,DE,Dre'Mont Jones,JoneDr00,DE,Shelby Harris,HarrSh00,OLB,Malik Reed,ReedMa01,OLB,Bradley Chubb,ChubBr00,ILB,Josey Jewell,JeweJo00,ILB,Alexander Johnson,JohnAl01,CB,Bryce Callahan,CallBr00,CB,A.J. Bouye,,S,Kareem Jackson,JackKa99,S,Justin Simmons,SimmJu00,C/G,Dan Feeney,FeenDa00,QB,Justin Herbert,HerbJu00,RB,Justin Jackson,JackJu01,WR,Keenan Allen,AlleKe00,WR,Mike Williams,WillMi07,TE,Hunter Henry,HenrHu00,TE,Donald Parham,ParhDo00,T,Bryan Bulaga,BulaBr20,T,Cole Toner,ToneCo00,T,Sam Tevi,TeviSa00,G,Forrest Lamp,LampFo00,DE,Melvin Ingram,IngrMe00,DE,Joey Bosa,BosaJo00,DT,Linval Joseph,JoseLi99,DT,Jerry Tillery,TillJe00,LB,Kyzir White,WhitKy00,LB,Kenneth Murray,MurrKe00,LB,Denzel Perryman,PerrDe00,CB,Casey Hayward,HaywCa00,CB,Michael Davis,DaviMi03,S,Rayshawn Jenkins,JenkRa00,S,Nasir Adderley,AddeNa00,Referee,Carl Cheffers,Umpire,Fred Bryan,Down Judge,Patrick Turner,Line Judge,Tim Podraza,Back Judge,Greg Wilson,Side Judge,Clay Reynard,Field Judge,Gary Cavaletto
202011010det,2020-11-01,Sunday,1:00pm,Detroit Lions,Indianapolis Colts,det,clt,21,41,Matt Patricia,Frank Reich,Ford Field,,3:01,dome,fieldturf,,QB,Matthew Stafford,StafMa00,RB,Adrian Peterson,PeteAd01,WR,Danny Amendola,AmenDa00,WR,Kenny Golladay,GollKe00,WR,Marvin Jones,JoneMa02,TE,T.J. Hockenson,HockTJ00,OL,Jonah Jackson,JackJo03,OL,Frank Ragnow,RagnFr00,T,Joe Dahl,DahlJo00,T,Taylor Decker,DeckTa00,T,Halapoulivaati Vaitai,VaitHa00,DL,John Penisini,PeniJo00,DT,Nick Williams,WillNi01,DT,Danny Shelton,ShelDa01,LB,Jamie Collins,CollJa00,LB,Jahlani Tavai,TavaJa00,LB,Reggie Ragland,RaglRe00,LB,Christian Jones,JoneCh05,CB,Amani Oruwariye,OruwAm00,CB,Jeff Okudah,OkudJe00,DB,Tracy Walker,WalkTr01,S,Duron Harmon,HarmDu00,T/G,Braden Smith,SmitBr06,DT/DE,Tyquan Lewis,LewiTy00,G/C,Quenton Nelson,NelsQu00,QB,Philip Rivers,RivePh00,RB,Jonathan Taylor,TaylJo02,WR,T.Y. Hilton,,WR,Zach Pascal,PascZa00,TE,Trey Burton,BurtTr01,TE,Jack Doyle,DoylJa00,T,Anthony Castonzo,CastAn00,G,Mark Glowinski,GlowMa00,C,Ryan Kelly,KellRy00,DE,Justin Houston,HousJu00,DT,DeForest Buckner,BuckDe00,DT,Grover Stewart,StewGr00,LB,Anthony Walker,WalkAn01,LB,Shaquille Leonard,LeonDa00,CB,Rock Ya-Sin,Ya-SRo00,CB,Xavier Rhodes,RhodXa00,CB,Kenny Moore,MoorKe03,S,Khari Willis,WillKh00,S,Julian Blackmon,BlacJu01,Referee,Clay Martin,Umpire,Tony Michalek,Down Judge,Derick Bowers,Line Judge,Frank LeBlanc,Back Judge,Steve Patrick,Side Judge,Jeff Lamberth,Field Judge,Mike Weatherford
202011010gnb,2020-11-01,Sunday,1:00pm,Green Bay Packers,Minnesota Vikings,gnb,min,22,28,Matt LaFleur,Mike Zimmer,Lambeau Field,,3:11,outdoors,grass,"34 degrees, relative humidity 50%, wind 23 mph",G/T,Billy Turner,TurnBi00,QB,Aaron Rodgers,RodgAa00,RB,Jamaal Williams,WillJa06,WR,Marquez Valdes-Scantling,ValdMa00,WR,Davante Adams,AdamDa01,TE,Marcedes Lewis,LewiMa00,TE,Robert Tonyan,TonyRo00,T,Ricky Wagner,WagnRi00,G,Elgton Jenkins,JenkEl00,G,Lucas Patrick,PatrLu00,C,Corey Linsley,LinsCo00,DL,Kenny Clark,ClarKe01,DL,Kingsley Keke,KekeKi00,DL,Dean Lowry,LowrDe00,LB,Kamal Martin,MartKa01,LB,Za'Darius Smith,SmitZa00,LB,Preston Smith,SmitPr00,LB,Krys Barnes,BarnKr00,CB,Josh Jackson,JackJo01,CB,Jaire Alexander,AlexJa00,S,Darnell Savage Jr.,SavaDa00,S,Adrian Amos,AmosAd00,QB,Kirk Cousins,CousKi00,RB,Dalvin Cook,CookDa01,FB,C.J. Ham,,WR,Adam Thielen,ThieAd00,WR,Justin Jefferson,JeffJu00,TE,Kyle Rudolph,RudoKy00,T,Ezra Cleveland,ClevEz00,T,Riley Reiff,ReifRi00,T,Brian O'Neill,ONeiBr00,G,Dakota Dozier,DoziDa00,C,Garrett Bradbury,BradGa00,DE,Jalyn Holmes,HolmJa01,DE,Ifeadi Odenigbo,OdenIf00,DT,Jaleel Johnson,JohnJa09,DT,Shamar Stephen,StepSh00,LB,Eric Kendricks,KendEr00,LB,Troy Dye,DyexTr00,LB,Eric Wilson,WilsEr00,CB,Jeff Gladney,GladJe00,CB,Cameron Dantzler,DantCa00,S,Anthony Harris,HarrAn01,S,Harrison Smith,SmitHa00,Referee,Alex Kemp,Umpire,Carl Paganelli,Down Judge,Dana McKenzie,Line Judge,Greg Bradley,Back Judge,Matt Edwards,Side Judge,Jabir Walker,Field Judge,Terry Brown
202011010kan,2020-11-01,Sunday,1:00pm,Kansas City Chiefs,New York Jets,kan,nyj,35,9,Andy Reid,Adam Gase,Arrowhead Stadium,11932,2:56,outdoors,grass,"52 degrees, relative humidity 0%, wind 11 mph",QB,Patrick Mahomes,MahoPa00,RB,Clyde Edwards-Helaire,EdwaCl00,WR,Demarcus Robinson,RobiDe01,WR,Tyreek Hill,HillTy00,WR,Byron Pringle,PrinBy00,TE,Travis Kelce,KelcTr00,T,Eric Fisher,FishEr00,T,Mike Remmers,RemmMi00,G,Andrew Wylie,WyliAn00,G,Nick Allegretti,AlleNi00,C,Daniel Kilgore,KilgDa00,DE,Tanoh Kpassagnon,KpasTa00,DE,Frank Clark,ClarFr01,DT,Chris Jones,JoneCh09,DT,Derrick Nnadi,NnadDe00,LB,Anthony Hitchens,HitcAn00,LB,Willie Gay Jr.,GayJWi00,LB,Damien Wilson,WilsDa02,CB,Charvarius Ward,WardCh01,CB,Bashaud Breeland,BreeBa00,S,Tyrann Mathieu,MathTy00,S,Daniel Sorensen,SoreDa01,QB,Sam Darnold,DarnSa00,RB,Frank Gore,GoreFr00,WR,Jeff Smith,SmitJe03,WR,Denzel Mims,MimsDe00,TE,Trevon Wesco,WescTr00,TE,Chris Herndon,HernCh00,OL,Alex Lewis,LewiAl01,OL,Connor McGovern,McGoCo00,T,Mekhi Becton,BectMe00,T,George Fant,FantGe00,G,Greg Van Roten,VanRGr00,DL,Quinnen Williams,WillQu00,DL,John Franklin-Myers,FranJo02,DL,Henry Anderson,AndeHe00,LB,Jordan Jenkins,JenkJo01,LB,Avery Williamson,WillAv00,LB,Neville Hewitt,HewiNe00,CB,Brian Poole,PoolBr01,CB,Pierre Desir,DesiPi00,CB,Blessuan Austin,AustBl00,S,Marcus Maye,MayeMa00,S,Ashtyn Davis,DaviAs00,Referee,Land Clark,Umpire,Alan Eck,Down Judge,Michael Dolce,Line Judge,Mark Stewart,Back Judge,Tony Josselyn,Side Judge,Mearl Robinson,Field Judge,Jim Quirk
202011010mia,2020-11-01,Sunday,1:00pm,Miami Dolphins,Los Angeles Rams,mia,ram,28,17,Brian Flores,Sean McVay,Hard Rock Stadium,12397,3:22,outdoors,grass,"86 degrees, relative humidity 73%, wind 10 mph",G/T,Jesse Davis,DaviJe00,RB/WR,Malcolm Perry,PerrMa00,G/T,Robert Hunt,HuntRo01,QB,Tua Tagovailoa,TagoTu00,RB,Myles Gaskin,GaskMy00,WR,Preston Williams,WillPr01,WR,Jakeem Grant,GranJa00,TE,Durham Smythe,SmytDu00,G,Solomon Kindley,KindSo00,G,Ereck Flowers,FlowEr00,C,Ted Karras,KarrTe00,DE,Emmanuel Ogbah,OgbaEm00,DT,Zach Sieler,SielZa00,DT,Raekwon Davis,DaviRa03,LB,Andrew Van Ginkel,VanGAn00,LB,Kyle Van Noy,VanNKy00,LB,Jerome Baker,BakeJe00,CB,Xavien Howard,HowaXa00,CB,Byron Jones,JoneBy00,CB,Nik Needham,NeedNi00,S,Bobby McCain,McCaBo01,S,Eric Rowe,RoweEr00,QB,Jared Goff,GoffJa00,RB,Darrell Henderson,HendDa00,WR,Robert Woods,WoodRo02,WR,Josh Reynolds,ReynJo00,WR,Cooper Kupp,KuppCo00,TE,Tyler Higbee,HigbTy00,OL,Austin Blythe,BlytAu00,OL,Austin Corbett,CorbAu00,OL,Andrew Whitworth,WhitAn20,OL,David Edwards,EdwaDa01,OL,Rob Havenstein,HaveRo00,DL,Michael Brockers,BrocMi00,DL,Sebastian Joseph-Day,JoseSe00,DL,Aaron Donald,DonaAa00,OLB,Leonard Floyd,FloyLe00,OLB,Samson Ebukam,EbukSa00,ILB,Micah Kiser,KiseMi00,CB,Troy Hill,HillTr01,CB,David Long,LongDa02,CB,Darious Williams,WillDa09,S,John Johnson,JohnJo10,S,Taylor Rapp,RappTa00,Referee,John Hussey,Umpire,Paul King,Down Judge,Brian Bolinger,Line Judge,Tom Symonette,Back Judge,Grantis Bell,Side Judge,Jonah Monroe,Field Judge,Steve Zimmer
202011010phi,2020-11-01,Sunday,8:20pm,Philadelphia Eagles,Dallas Cowboys,phi,dal,23,9,Doug Pederson,Mike McCarthy,Lincoln Financial Field,,3:08,outdoors,grass,"49 degrees, relative humidity 66%, wind 17 mph",C/G,Nate Herbig,HerbNa01,QB,Carson Wentz,WentCa00,RB,Boston Scott,ScotBo02,WR,Travis Fulgham,FulgTr00,WR,Greg Ward,WardGr02,WR,Jalen Reagor,ReagJa00,TE,Dallas Goedert,GoedDa00,T,Jordan Mailata,MailJo00,T,Matt Pryor,PryoMa00,T,Jason Peters,PeteJa21,C,Jason Kelce,KelcJa00,DE,Derek Barnett,BarnDe01,DE,Brandon Graham,GrahBr99,DT,Fletcher Cox,CoxxFl00,DT,Javon Hargrave,HargJa00,LB,Duke Riley,RileDu00,LB,Alex Singleton,SingAl00,LB,T.J. Edwards,EdwaTJ02,CB,Avonte Maddox,MaddAv00,CB,Darius Slay,SlayDa00,S,Jalen Mills,MillJa02,S,Rodney McLeod,McLeRo00,QB,Ben DiNucci,DiNuBe00,RB,Ezekiel Elliott,ElliEz00,WR,Amari Cooper,CoopAm00,WR,Michael Gallup,GallMi00,TE,Dalton Schultz,SchuDa00,TE,Blake Bell,BellBl00,T,Terence Steele,SteeTe01,G,Zack Martin,MartZa00,G,Connor Williams,WillCo00,G,Cameron Erving,ErviCa00,C,Tyler Biadasz,BiadTy00,DL,Tyrone Crawford,CrawTy00,DE,DeMarcus Lawrence,LawrDe00,DE,Aldon Smith,SmitAl04,DT,Antwaun Woods,WoodAn02,LB,Jaylon Smith,SmitJa05,LB,Leighton Vander Esch,VandLe00,CB,Jourdan Lewis,LewiJo01,CB,Trevon Diggs,DiggTr00,CB,Anthony Brown,BrowAn02,S,Donovan Wilson,WilsDo01,S,Xavier Woods,WoodXa00,Referee,Jerome Boger,Umpire,Barry Anderson,Down Judge,Julian Mapp,Line Judge,Rusty Baynes,Back Judge,Brad Freeman,Side Judge,Anthony Jeffries,Field Judge,Dale Shaw
202011010rav,2020-11-01,Sunday,1:00pm,Baltimore Ravens,Pittsburgh Steelers,rav,pit,24,28,John Harbaugh,Mike Tomlin,M&amp;T Bank Stadium,4345,3:19,outdoors,grass,"52 degrees, relative humidity 97%, wind 7 mph",G/C,Bradley Bozeman,BozeBr00,C/G,Matt Skura,SkurMa01,G/T,Tyre Phillips,PhilTy00,QB,Lamar Jackson,JackLa00,RB,Gus Edwards,EdwaGu00,FB,Patrick Ricard,RicaPa00,WR,Miles Boykin,BoykMi00,WR,Marquise Brown,BrowMa04,TE,Nick Boyle,BoylNi00,T,Orlando Brown Jr.,BrowOr00,T,Ronnie Stanley,StanRo00,DE,Calais Campbell,CampCa99,DT,Brandon Williams,WillBr02,OLB,Matt Judon,JudoMa00,OLB,Pernell McPhee,McPhPe00,ILB,Patrick Queen,QueePa00,ILB,L.J. Fort,,ILB,Chris Board,BoarCh00,CB,Marcus Peters,PeteMa00,CB,Marlon Humphrey,HumpMa00,S,DeShon Elliott,ElliDe02,S,Chuck Clark,ClarCh00,QB,Ben Roethlisberger,RoetBe00,RB,James Conner,ConnJa00,WR,JuJu Smith-Schuster,SmitJu00,WR,Diontae Johnson,JohnDi01,TE,Vance McDonald,McDoVa00,TE,Eric Ebron,EbroEr00,OL,Chukwuma Okorafor,OkorCh00,OT,Matt Feiler,FeilMa00,OT,Alejandro Villanueva,VillAl00,G,David DeCastro,DeCaDa00,C,Maurkice Pouncey,PounMa20,DE,Tyson Alualu,AluaTy99,DE,Stephon Tuitt,TuitSt00,DT,Cameron Heyward,HeywCa01,LB,Bud Dupree,DuprAl00,LB,Robert Spillane,SpilRo00,LB,T.J. Watt,,LB,Vince Williams,WillVi01,CB,Joe Haden,HadeJo99,CB,Steven Nelson,NelsSt01,S,Minkah Fitzpatrick,FitzMi00,S,Terrell Edmunds,EdmuTe00,Referee,Brad Allen,Umpire,Bruce Stritesky,Down Judge,Danny Short,Line Judge,Daniel Gallagher,Back Judge,Jimmy Russell,Side Judge,Boris Cheek,Field Judge,Rick Patterson
202011010sea,2020-11-01,Sunday,4:25pm,Seattle Seahawks,San Francisco 49ers,sea,sfo,37,27,Pete Carroll,Kyle Shanahan,Lumen Field,,3:07,outdoors,fieldturf,"55 degrees, relative humidity 58%, wind 4 mph",G/C,Ethan Pocic,PociEt00,QB,Russell Wilson,WilsRu00,RB,DeeJay Dallas,DallDe00,WR,Freddie Swain,SwaiFr00,WR,D.K. Metcalf,MetcDK00,WR,Tyler Lockett,LockTy00,TE,Greg Olsen,OlseGr00,T,Duane Brown,BrowDu20,T,Brandon Shell,ShelBr00,G,Damien Lewis,LewiDa05,G,Jordan Simmons,SimmJo00,DE,L.J. Collier,CollLJ00,DE,Alton Robinson,RobiAl03,DT,Poona Ford,FordPo00,DT,Jarran Reed,ReedJa02,LB,Bobby Wagner,WagnBo00,LB,Jordyn Brooks,BrooJo01,LB,K.J. Wright,,CB,Ryan Neal,NealRy00,CB,Tre Flowers,FlowTr01,CB,Quinton Dunbar,DunbQu00,FS,Quandre Diggs,DiggQu00,QB,Jimmy Garoppolo,GaroJi00,RB,Tevin Coleman,ColeTe01,FB,Kyle Juszczyk,JuszKy00,WR,Brandon Aiyuk,AiyuBr00,TE,Ross Dwelley,DwelRo00,TE,George Kittle,KittGe00,OL,Daniel Brunskill,BrunDa00,OL,Hroniss Grasu,GrasHr00,OL,Laken Tomlinson,TomlLa01,T,Trent Williams,WillTr21,T,Mike McGlinchey,McGlMi00,DL,D.J. Jones,,DL,Kerry Hyder,HydeKe01,DL,Arik Armstead,ArmsAr01,DT,Javon Kinlaw,KinlJa00,LB,Dre Greenlaw,GreeDr00,LB,Fred Warner,WarnFr00,CB,Emmanuel Moseley,MoseEm00,CB,Jason Verrett,VerrJa00,DB,Jimmie Ward,WardJi01,DB,K'Waun Williams,WillKW00,S,Marcell Harris,HarrMa03,Referee,Craig Wrolstad,Umpire,Ruben Fowler,Down Judge,Jerry Bergman,Line Judge,David Oliver,Back Judge,Keith Ferguson,Side Judge,Dave Hawkshaw,Field Judge,Aaron Santi
202011020nyg,2020-11-02,Monday,8:15pm,New York Giants,Tampa Bay Buccaneers,nyg,tam,23,25,Joe Judge,Bruce Arians,MetLife Stadium,,3:08,outdoors,fieldturf,"39 degrees, relative humidity 46%, wind 8 mph",QB,Daniel Jones,JoneDa05,RB,Wayne Gallman,GallWa00,WR,Darius Slayton,SlayDa01,WR,Sterling Shepard,ShepSt00,TE,Evan Engram,EngrEv00,TE,Kaden Smith,SmitKa00,OL,Shane Lemieux,LemiSh00,T,Cameron Fleming,FlemCa00,T,Andrew Thomas,ThomAn02,G,Kevin Zeitler,ZeitKe00,C,Nick Gates,GateNi00,DL,Leonard Williams,WillLe02,DL,Dexter Lawrence,LawrDe03,DL,Dalvin Tomlinson,TomlDa00,LB,Blake Martinez,MartBl01,LB,Kyler Fackrell,FackKy00,LB,Devante Downs,DownDe00,CB,James Bradberry,BradJa00,CB,Isaac Yiadom,YiadIs00,DB,Logan Ryan,RyanLo00,S,Jabrill Peppers,PeppJa00,S,Julian Love,LoveJu00,QB,Tom Brady,BradTo00,RB,Ronald Jones II,JoneRo01,WR,Scott Miller,MillSc01,WR,Mike Evans,EvanMi00,TE,Rob Gronkowski,GronRo00,T,Tristan Wirfs,WirfTr00,T,Donovan Smith,SmitDo02,T,Joe Haeg,HaegJo00,G,Ali Marpet,MarpAl00,G,Alex Cappa,CappAl00,C,Ryan Jensen,JensRy00,DL,William Gholston,GholWi00,DL,Rakeem Nunez-Roches,NuneRa00,DL,Ndamukong Suh,SuhxNd99,OLB,Shaquil Barrett,BarrSh00,OLB,Jason Pierre-Paul,PierJa99,ILB,Lavonte David,DaviLa00,ILB,Devin White,WhitDe02,CB,Jamel Dean,DeanJa00,CB,Carlton Davis,DaviCa02,S,Jordan Whitehead,WhitJo03,S,Antoine Winfield Jr.,WinfAn00,Referee,Brad Rogers,Umpire,Tab Slaughter,Down Judge,Jerod Phillips,Line Judge,Tom Stephan,Back Judge,Greg Meyer,Side Judge,Eugene Hall,Field Judge,Nathan Jones
202011050sfo,2020-11-05,Thursday,8:20pm,San Francisco 49ers,Green Bay Packers,sfo,gnb,17,34,Kyle Shanahan,Matt LaFleur,Levi's Stadium,,3:02,outdoors,grass,"78 degrees, relative humidity 83%, wind 5 mph",QB,Nick Mullens,MullNi00,RB,Jerick McKinnon,McKiJe00,WR,River Cracraft,CracRi00,WR,Trent Taylor,TaylTr02,WR,Richie James,JameRi00,TE,Ross Dwelley,DwelRo00,OL,Laken Tomlinson,TomlLa01,OL,Daniel Brunskill,BrunDa00,OL,Tom Compton,CompTo00,OL,Justin Skule,SkulJu00,T,Mike McGlinchey,McGlMi00,DL,Arik Armstead,ArmsAr01,DL,D.J. Jones,,DL,Kerry Hyder,HydeKe01,DT,Javon Kinlaw,KinlJa00,LB,Dre Greenlaw,GreeDr00,LB,Azeez Al-Shaair,AlShAz00,LB,Fred Warner,WarnFr00,CB,Emmanuel Moseley,MoseEm00,CB,Jason Verrett,VerrJa00,DB,Jimmie Ward,WardJi01,S,Jaquiski Tartt,TartJa00,G/T,Billy Turner,TurnBi00,QB,Aaron Rodgers,RodgAa00,RB,Aaron Jones,JoneAa00,WR,Marquez Valdes-Scantling,ValdMa00,WR,Davante Adams,AdamDa01,TE,Robert Tonyan,TonyRo00,TE,Marcedes Lewis,LewiMa00,T,Ricky Wagner,WagnRi00,G,Elgton Jenkins,JenkEl00,G,Lucas Patrick,PatrLu00,C,Corey Linsley,LinsCo00,DL,Dean Lowry,LowrDe00,DL,Kingsley Keke,KekeKi00,DL,Kenny Clark,ClarKe01,LB,Preston Smith,SmitPr00,LB,Za'Darius Smith,SmitZa00,LB,Krys Barnes,BarnKr00,CB,Josh Jackson,JackJo01,CB,Chandon Sullivan,SullCh00,CB,Jaire Alexander,AlexJa00,S,Darnell Savage Jr.,SavaDa00,S,Adrian Amos,AmosAd00,Referee,Bill Vinovich,Umpire,Terry Killens,Down Judge,Jerry Bergman,Line Judge,Jeff Seeman,Back Judge,Perry Paganelli,Side Judge,Don Willard,Field Judge,David Meslow
202011080atl,2020-11-08,Sunday,1:00pm,Atlanta Falcons,Denver Broncos,atl,den,34,27,Raheem Morris,Vic Fangio,Mercedes-Benz Stadium,7665,3:14,retractable roof (closed),fieldturf,,QB,Matt Ryan,RyanMa00,RB,Todd Gurley,GurlTo01,WR,Olamide Zaccheaus,ZaccOl01,WR,Julio Jones,JoneJu02,TE,Luke Stocker,StocLu00,TE,Hayden Hurst,HursHa00,T,Jake Matthews,MattJa00,T,Kaleb McGary,McGaKa00,G,Chris Lindstrom,LindCh00,G,James Carpenter,CarpJa00,C,Alex Mack,MackAl20,DE,Steven Means,MeanSt00,DE,Allen Bailey,BailAl00,DT,Grady Jarrett,JarrGr00,DT,Tyeler Davison,DaviTy01,LB,Deion Jones,JoneDe01,LB,Foyesade Oluokun,OluoFo00,CB,Isaiah Oliver,OlivIs00,CB,Kendall Sheffield,ShefKe00,CB,AJ Terrell,TerrAJ00,S,Ricardo Allen,AlleRi00,S,Keanu Neal,NealKe01,G/C,Austin Schlottmann,SchlAu00,QB,Drew Lock,LockDr00,RB,Phillip Lindsay,LindPh00,WR,KJ Hamler,HamlKJ00,WR,Jerry Jeudy,JeudJe00,WR,Tim Patrick,PatrTi00,TE,Noah Fant,FantNo00,T,Demar Dotson,DotsDe00,T,Garett Bolles,BollGa00,G,Dalton Risner,RisnDa00,C,Lloyd Cushenberry III,CushLl00,DL,DeShawn Williams,WillDe04,DE,Dre'Mont Jones,JoneDr00,DE,DeMarcus Walker,WalkDe03,OLB,Malik Reed,ReedMa01,OLB,Bradley Chubb,ChubBr00,ILB,Alexander Johnson,JohnAl01,ILB,Josey Jewell,JeweJo00,CB,Michael Ojemudia,OjemMi00,CB,Davontae Harris,HarrDa05,S,Kareem Jackson,JackKa99,S,Justin Simmons,SimmJu00,Referee,Jerome Boger,Umpire,Barry Anderson,Down Judge,Julian Mapp,Line Judge,Tom Symonette,Back Judge,Brad Freeman,Side Judge,Anthony Jeffries,Field Judge,Tra Blake
202011080buf,2020-11-08,Sunday,1:00pm,Buffalo Bills,Seattle Seahawks,buf,sea,44,34,Sean McDermott,Pete Carroll,Bills Stadium,,3:15,outdoors,astroturf,"69 degrees, relative humidity 41%, wind 4 mph",QB,Josh Allen,AlleJo02,RB,Devin Singletary,SingDe00,WR,Cole Beasley,BeasCo00,WR,John Brown,BrowJo02,WR,Gabe Davis,DaviGa01,WR,Stefon Diggs,DiggSt00,OL,Daryl Williams,WillDa06,T,Dion Dawkins,DawkDi00,T,Cody Ford,FordCo00,G,Brian Winters,WintBr00,G,Jon Feliciano,FeliJo00,DE,Jerry Hughes,HughJe99,DE,Trent Murphy,MurpTr00,DT,Ed Oliver,OlivEd00,DT,Vernon Butler,ButlVe00,LB,A.J. Klein,KleiAJ00,LB,Tremaine Edmunds,EdmuTr01,CB,Levi Wallace,WallLe00,CB,Tre'Davious White,WhitTr01,S,Micah Hyde,HydeMi00,S,Dean Marlowe,MarlDe00,S,Jordan Poyer,PoyeJo00,G/C,Ethan Pocic,PociEt00,QB,Russell Wilson,WilsRu00,RB,DeeJay Dallas,DallDe00,WR,D.K. Metcalf,MetcDK00,WR,Tyler Lockett,LockTy00,TE,Will Dissly,DissWi00,TE,Jacob Hollister,HollJa03,T,Duane Brown,BrowDu20,T,Brandon Shell,ShelBr00,G,Damien Lewis,LewiDa05,G,Jordan Simmons,SimmJo00,DE,Carlos Dunlap,DunlCa99,DE,L.J. Collier,CollLJ00,DT,Poona Ford,FordPo00,DT,Jarran Reed,ReedJa02,LB,Bobby Wagner,WagnBo00,LB,K.J. Wright,,CB,Tre Flowers,FlowTr01,CB,Quinton Dunbar,DunbQu00,SS,Jamal Adams,AdamJa00,FS,Quandre Diggs,DiggQu00,DB,D.J. Reed,,Referee,Shawn Smith,Umpire,Bryan Neale,Down Judge,Michael Dolce,Line Judge,Mark Steinkerchner,Back Judge,Dino Paganelli,Side Judge,Jimmy Buchanan,Field Judge,Dyrol Prioleau
202011080clt,2020-11-08,Sunday,1:00pm,Indianapolis Colts,Baltimore Ravens,clt,rav,10,24,Frank Reich,John Harbaugh,Lucas Oil Stadium,12200,3:03,retractable roof (closed),fieldturf,,DT/DE,Denico Autry,AutrDe00,T/G,Braden Smith,SmitBr06,G/C,Quenton Nelson,NelsQu00,QB,Philip Rivers,RivePh00,RB,Jonathan Taylor,TaylJo02,WR,Marcus Johnson,JohnMa07,WR,Zach Pascal,PascZa00,WR,Michael Pittman Jr.,PittMi01,TE,Jack Doyle,DoylJa00,T,Anthony Castonzo,CastAn00,G,Mark Glowinski,GlowMa00,C,Ryan Kelly,KellRy00,DE,Justin Houston,HousJu00,DT,Grover Stewart,StewGr00,DT,DeForest Buckner,BuckDe00,LB,Anthony Walker,WalkAn01,LB,Shaquille Leonard,LeonDa00,CB,Rock Ya-Sin,Ya-SRo00,CB,Xavier Rhodes,RhodXa00,CB,Kenny Moore,MoorKe03,S,Khari Willis,WillKh00,S,Julian Blackmon,BlacJu01,G/C,Bradley Bozeman,BozeBr00,WR/RS,Willie Snead,SneaWi00,C/G,Matt Skura,SkurMa01,G/C,Patrick Mekari,MekaPa00,QB,Lamar Jackson,JackLa00,RB,Gus Edwards,EdwaGu00,WR,Miles Boykin,BoykMi00,WR,Marquise Brown,BrowMa04,TE,Nick Boyle,BoylNi00,T,Orlando Brown Jr.,BrowOr00,G,D.J. Fluker,FlukDJ00,DE,Calais Campbell,CampCa99,DE,Yannick Ngakoue,NgakYa00,DT,Brandon Williams,WillBr02,OLB,Matt Judon,JudoMa00,ILB,Malik Harrison,HarrMa06,ILB,Patrick Queen,QueePa00,CB,Marcus Peters,PeteMa00,CB,Jimmy Smith,SmitJi03,CB,Terrell Bonds,BondTe00,S,DeShon Elliott,ElliDe02,S,Chuck Clark,ClarCh00,Referee,Adrian Hill,Umpire,Paul King,Down Judge,Ed Camp,Line Judge,Kevin Codey,Back Judge,Greg Steed,Side Judge,Keith Washington,Field Judge,Dominique Pender
202011080crd,2020-11-08,Sunday,4:25pm,Arizona Cardinals,Miami Dolphins,crd,mia,31,34,Kliff Kingsbury,Brian Flores,State Farm Stadium,4200,3:09,retractable roof (closed),grass,,QB,Kyler Murray,MurrKy00,RB,Chase Edmonds,EdmoCh00,WR,Larry Fitzgerald,FitzLa00,WR,DeAndre Hopkins,HopkDe00,TE,Maxx Williams,WillMa04,TE,Darrell Daniels,DaniDa02,OL,Justin Murray,MurrJu00,OL,Justin Pugh,PughJu00,OL,D.J. Humphries,,OL,Mason Cole,ColeMa02,OL,Kelvin Beachum,BeacKe00,DL,Josh Mauro,MaurJo00,DL,Corey Peters,PeteCo00,DL,Jordan Phillips,PhilJo01,LB,Jordan Hicks,HickJo00,LB,De'Vondre Campbell,CampDe00,LB,Haason Reddick,ReddHa00,LB,Isaiah Simmons,SimmIs00,CB,Kevin Peterson,PeteKe01,CB,Patrick Peterson,PetePa00,S,Budda Baker,BakeBu00,S,Jalen Thompson,ThomJa04,G/T,Jesse Davis,DaviJe00,G/T,Robert Hunt,HuntRo01,QB,Tua Tagovailoa,TagoTu00,RB,Jordan Howard,HowaJo00,WR,Preston Williams,WillPr01,WR,DeVante Parker,ParkDe01,TE,Mike Gesicki,GesiMi00,TE,Durham Smythe,SmytDu00,G,Solomon Kindley,KindSo00,G,Ereck Flowers,FlowEr00,C,Ted Karras,KarrTe00,DE,Emmanuel Ogbah,OgbaEm00,DT,Raekwon Davis,DaviRa03,DT,Christian Wilkins,WilkCh00,LB,Elandon Roberts,RobeEl00,LB,Andrew Van Ginkel,VanGAn00,LB,Kyle Van Noy,VanNKy00,LB,Jerome Baker,BakeJe00,CB,Xavien Howard,HowaXa00,CB,Byron Jones,JoneBy00,S,Bobby McCain,McCaBo01,S,Eric Rowe,RoweEr00,Referee,Carl Cheffers,Umpire,Fred Bryan,Down Judge,Patrick Turner,Line Judge,Tim Podraza,Back Judge,Greg Wilson,Side Judge,Clay Reynard,Field Judge,Gary Cavaletto
202011080dal,2020-11-08,Sunday,4:25pm,Dallas Cowboys,Pittsburgh Steelers,dal,pit,19,24,Mike McCarthy,Mike Tomlin,AT&amp;T Stadium,31700,3:15,retractable roof (closed),fieldturf,,QB,Garrett Gilbert,GilbGa01,RB,Ezekiel Elliott,ElliEz00,WR,Amari Cooper,CoopAm00,WR,Michael Gallup,GallMi00,WR,CeeDee Lamb,LambCe00,TE,Dalton Schultz,SchuDa00,T,Cameron Erving,ErviCa00,T,Terence Steele,SteeTe01,G,Connor Williams,WillCo00,G,Zack Martin,MartZa00,C,Joe Looney,LoonJo01,DE,DeMarcus Lawrence,LawrDe00,DE,Aldon Smith,SmitAl04,DT,Neville Gallimore,GallNe00,DT,Antwaun Woods,WoodAn02,LB,Jaylon Smith,SmitJa05,LB,Leighton Vander Esch,VandLe00,CB,Anthony Brown,BrowAn02,CB,Jourdan Lewis,LewiJo01,CB,Trevon Diggs,DiggTr00,S,Donovan Wilson,WilsDo01,S,Xavier Woods,WoodXa00,QB,Ben Roethlisberger,RoetBe00,RB,James Conner,ConnJa00,WR,James Washington,WashJa00,WR,JuJu Smith-Schuster,SmitJu00,WR,Diontae Johnson,JohnDi01,TE,Vance McDonald,McDoVa00,OL,Chukwuma Okorafor,OkorCh00,OT,Matt Feiler,FeilMa00,OT,Alejandro Villanueva,VillAl00,G,David DeCastro,DeCaDa00,C,Maurkice Pouncey,PounMa20,DE,Isaiah Buggs,BuggIs00,DE,Stephon Tuitt,TuitSt00,DT,Cameron Heyward,HeywCa01,LB,Bud Dupree,DuprAl00,LB,Robert Spillane,SpilRo00,LB,T.J. Watt,,LB,Vince Williams,WillVi01,CB,Joe Haden,HadeJo99,CB,Steven Nelson,NelsSt01,CB,Cameron Sutton,SuttCa00,S,Minkah Fitzpatrick,FitzMi00,Referee,Tony Corrente,Umpire,Dan Ferrell,Down Judge,Mark Perlman,Line Judge,Bart Longson,Back Judge,Todd Prukop,Side Judge,Anthony Flemming,Field Judge,Ryan Dickson
202011080jax,2020-11-08,Sunday,1:00pm,Jacksonville Jaguars,Houston Texans,jax,htx,25,27,Doug Marrone,Romeo Crennel,TIAA Bank Stadium,15668,3:11,outdoors,grass,"79 degrees, relative humidity 71%, wind 14 mph",QB,Jake Luton,LutoJa00,RB,James Robinson,RobiJa00,WR,DJ Chark,CharDJ00,WR,Laviska Shenault Jr.,ShenLa00,TE,Ben Ellefson,ElleBe00,TE,James O'Shaughnessy,O'ShJa00,OL,A.J. Cann,,OL,Jawaan Taylor,TaylJa02,OL,Cam Robinson,RobiCa00,OL,Brandon Linder,LindBr00,OL,Andrew Norwell,NorwAn01,DE,Adam Gotsis,GotsAd00,DE,Josh Hines-Allen,AlleJo03,DT,Doug Costin,CostDo00,DT,DaVon Hamilton,HamiDa02,LB,Joe Schobert,SchoJo00,LB,Myles Jack,JackMy00,LB,Kamalei Correa,CorrKa00,CB,Sidney Jones,JoneSi00,CB,C.J. Henderson,HendCJ00,SS,Jarrod Wilson,WilsJa00,S,Josh Jones,JoneJo06,G/T,Tytus Howard,HowaTy00,C/G,Zach Fulton,FultZa00,QB,Deshaun Watson,WatsDe00,RB,David Johnson,JohnDa08,WR,Brandin Cooks,CookBr00,WR,Will Fuller,FullWi01,TE,Pharaoh Brown,BrowPh01,TE,Darren Fells,FellDa01,T,Laremy Tunsil,TunsLa00,G,Senio Kelemete,KeleSe00,C,Nick Martin,MartNi00,DE,Carlos Watkins,WatkCa00,DE,J.J. Watt,,DT,P.J. Hall,,DT,Brandon Dunn,DunnBr00,OLB,Brennan Scarlett,ScarBr00,ILB,Zach Cunningham,CunnZa00,ILB,Tyrell Adams,AdamTy00,CB,Phillip Gaines,GainPh00,CB,Vernon Hargreaves III,HargVe00,S,Eric Murray,MurrEr00,S,Justin Reid,ReidJu00,Referee,Brad Allen,Umpire,Bruce Stritesky,Down Judge,Danny Short,Line Judge,Daniel Gallagher,Back Judge,Jimmy Russell,Side Judge,Boris Cheek,Field Judge,Rick Patterson
202011080kan,2020-11-08,Sunday,1:00pm,Kansas City Chiefs,Carolina Panthers,kan,car,33,31,Andy Reid,Matt Rhule,Arrowhead Stadium,12073,3:20,outdoors,grass,"71 degrees, relative humidity 63%, wind 19 mph",QB,Patrick Mahomes,MahoPa00,RB,Clyde Edwards-Helaire,EdwaCl00,WR,Demarcus Robinson,RobiDe01,WR,Mecole Hardman,HardMe00,WR,Tyreek Hill,HillTy00,TE,Travis Kelce,KelcTr00,T,Eric Fisher,FishEr00,T,Mike Remmers,RemmMi00,G,Andrew Wylie,WyliAn00,G,Nick Allegretti,AlleNi00,C,Austin Reiter,ReitAu00,DE,Tanoh Kpassagnon,KpasTa00,DE,Frank Clark,ClarFr01,DT,Chris Jones,JoneCh09,DT,Derrick Nnadi,NnadDe00,LB,Anthony Hitchens,HitcAn00,LB,Damien Wilson,WilsDa02,CB,Charvarius Ward,WardCh01,CB,Bashaud Breeland,BreeBa00,S,Tyrann Mathieu,MathTy00,S,Daniel Sorensen,SoreDa01,S,Juan Thornhill,ThorJu00,QB,Teddy Bridgewater,BridTe00,RB,Christian McCaffrey,McCaCh01,WR,Robbie Chosen,AndeRo04,WR,Curtis Samuel,SamuCu00,WR,D.J. Moore,,TE,Chris Manhertz,ManhCh00,T,Taylor Moton,MotoTa00,G,Chris Reed,ReedCh00,G,Dennis Daley,DaleDe00,G,John Miller,MillJo04,C,Matt Paradis,ParaMa00,DE,Stephen Weatherly,WeatSt00,DE,Brian Burns,BurnBr00,DT,Bravvion Roy,RoyxBr00,DT,Derrick Brown,BrowDe05,LB,Jermaine Carter Jr.,CartJe00,LB,Shaq Thompson,ThomSh01,CB,Donte Jackson,JackDo02,CB,Corn Elder,EldeCo00,DB,Rasul Douglas,DougRa00,S,Sam Franklin,FranSa00,S,Tre Boston,BostTr00,Referee,Clay Martin,Umpire,Tony Michalek,Down Judge,Derick Bowers,Line Judge,Frank LeBlanc,Back Judge,Steve Patrick,Side Judge,Mike Weatherford,Field Judge,Jeff Lamberth
202011080min,2020-11-08,Sunday,1:00pm,Minnesota Vikings,Detroit Lions,min,det,34,20,Mike Zimmer,Matt Patricia,U.S. Bank Stadium,,2:59,dome,sportturf,,QB,Kirk Cousins,CousKi00,RB,Dalvin Cook,CookDa01,FB,C.J. Ham,,WR,Adam Thielen,ThieAd00,WR,Justin Jefferson,JeffJu00,TE,Kyle Rudolph,RudoKy00,T,Ezra Cleveland,ClevEz00,T,Riley Reiff,ReifRi00,T,Brian O'Neill,ONeiBr00,G,Dakota Dozier,DoziDa00,C,Garrett Bradbury,BradGa00,DE,Jalyn Holmes,HolmJa01,DE,Ifeadi Odenigbo,OdenIf00,DT,Jaleel Johnson,JohnJa09,DT,Shamar Stephen,StepSh00,LB,Eric Kendricks,KendEr00,LB,Troy Dye,DyexTr00,LB,Eric Wilson,WilsEr00,CB,Jeff Gladney,GladJe00,CB,Kris Boyd,BoydKr00,S,Anthony Harris,HarrAn01,S,Harrison Smith,SmitHa00,QB,Matthew Stafford,StafMa00,RB,Adrian Peterson,PeteAd01,WR,Marvin Hall,HallMa02,WR,Marvin Jones,JoneMa02,TE,T.J. Hockenson,HockTJ00,TE,Jesse James,JameJe00,OL,Tyrell Crosby,CrosTy00,OL,Jonah Jackson,JackJo03,OL,Frank Ragnow,RagnFr00,T,Taylor Decker,DeckTa00,T,Halapoulivaati Vaitai,VaitHa00,DL,John Penisini,PeniJo00,DE,Romeo Okwara,OkwaRo01,DT,Nick Williams,WillNi01,DT,Danny Shelton,ShelDa01,LB,Reggie Ragland,RaglRe00,LB,Christian Jones,JoneCh05,LB,Jamie Collins,CollJa00,CB,Jeff Okudah,OkudJe00,CB,Desmond Trufant,TrufDe00,DB,Jayron Kearse,KearJa00,S,Duron Harmon,HarmDu00,Referee,Clete Blakeman,Umpire,Ramon George,Down Judge,Mark Hittner,Line Judge,Tom Stephan,Back Judge,Scott Helverson,Side Judge,Michael Banks,Field Judge,Joe Blubaugh
202011080oti,2020-11-08,Sunday,1:00pm,Tennessee Titans,Chicago Bears,oti,chi,24,17,Mike Vrabel,Matt Nagy,Nissan Stadium,13871,3:07,outdoors,grass,"77 degrees, relative humidity 55%, wind 14 mph",FB/RB,Khari Blasingame,BlasKh00,QB,Ryan Tannehill,TannRy00,RB,Derrick Henry,HenrDe00,WR,A.J. Brown,BrowAJ00,WR,Corey Davis,DaviCo03,TE,Jonnu Smith,SmitJo01,OL,Nate Davis,DaviNa01,T,Ty Sambrailo,SambTy00,T,Dennis Kelly,KellDe00,G,Rodger Saffold,SaffRo20,C,Ben Jones,JoneBe01,DL,Jack Crawford,CrawJa00,DL,DaQuan Jones,JoneDa04,DT,Jeffery Simmons,SimmJe01,OLB,Harold Landry,LandHa00,LB,Rashaan Evans,EvanRa01,LB,Jayon Brown,BrowJa06,CB,Breon Borders,BordBr00,CB,Desmond King,KingDe01,CB,Malcolm Butler,ButlMa01,S,Kevin Byard,ByarKe01,S,Kenny Vaccaro,VaccKe00,QB,Nick Foles,FoleNi00,WR,Allen Robinson,RobiAl02,WR,Riley Ridley,RidlRi00,WR,Cordarrelle Patterson,PattCo00,WR,Darnell Mooney,MoonDa00,TE,Jimmy Graham,GrahJi00,OL,Rashaad Coward,CowaRa00,OL,Charles Leno Jr.,LenoCh00,OL,Germain Ifedi,IfedGe00,OL,Arlington Hambright,HambAr00,OL,Alex Bars,BarsAl01,DE,Brent Urban,UrbaBr00,DT,Akiem Hicks,HickAk00,DT,Bilal Nichols,NichBi00,LB,Khalil Mack,MackKh00,LB,Robert Quinn,QuinRo00,LB,Roquan Smith,SmitRo07,LB,Danny Trevathan,TrevDa00,DB,Eddie Jackson,JackEd01,DB,Jaylon Johnson,JohnJa13,DB,Tashaun Gipson,GipsTa00,DB,Kyle Fuller,FullKy00,Referee,Ronald Torbert,Umpire,Mark Pellis,Down Judge,Patrick Holt,Line Judge,Jim Mello,Back Judge,Greg Yette,Side Judge,Jonah Monroe,Field Judge,James Coleman
202011080sdg,2020-11-08,Sunday,4:05pm,Los Angeles Chargers,Las Vegas Raiders,sdg,rai,26,31,Anthony Lynn,Jon Gruden,SoFi Stadium,,3:08,dome,matrixturf,,C/G,Cole Toner,ToneCo00,C/G,Dan Feeney,FeenDa00,QB,Justin Herbert,HerbJu00,RB,Justin Jackson,JackJu01,WR,Mike Williams,WillMi07,WR,Jalen Guyton,GuytJa01,WR,Keenan Allen,AlleKe00,TE,Hunter Henry,HenrHu00,T,Bryan Bulaga,BulaBr20,T,Sam Tevi,TeviSa00,G,Forrest Lamp,LampFo00,DE,Melvin Ingram,IngrMe00,DT,Justin Jones,JoneJu03,DT,Linval Joseph,JoseLi99,DT,Jerry Tillery,TillJe00,LB,Kenneth Murray,MurrKe00,LB,Kyzir White,WhitKy00,CB,Michael Davis,DaviMi03,CB,Casey Hayward,HaywCa00,CB,Tevaughn Campbell,CampTe00,S,Rayshawn Jenkins,JenkRa00,S,Nasir Adderley,AddeNa00,G/T,Denzelle Good,GoodDe01,QB,Derek Carr,CarrDe02,RB,Josh Jacobs,JacoJo01,WR,Nelson Agholor,AghoNe00,WR,Henry Ruggs III,RuggHe00,WR,Hunter Renfrow,RenfHu00,TE,Darren Waller,WallDa01,T,Brandon Parker,ParkBr01,T,Sam Young,YounSa21,G,Gabe Jackson,JackGa00,C,Rodney Hudson,HudsRo00,DE,Clelin Ferrell,FerrCl00,DE,Maxx Crosby,CrosMa00,DT,Johnathan Hankins,HankJo00,DT,Maliek Collins,CollMa00,LB,Nick Kwiatkoski,KwiaNi00,LB,Cory Littleton,LittCo01,CB,Nevin Lawson,LawsNe00,CB,Trayvon Mullen,MullTr00,S,Erik Harris,HarrEr00,S,Lamarcus Joyner,JoynLa00,S,Johnathan Abram,AbraJo01,Referee,Brad Rogers,Umpire,Tab Slaughter,Down Judge,Jerod Phillips,Line Judge,Walt Coleman IV,Back Judge,Greg Meyer,Side Judge,John Jenkins,Field Judge,Nathan Jones
202011080tam,2020-11-08,Sunday,8:20pm,Tampa Bay Buccaneers,New Orleans Saints,tam,nor,3,38,Bruce Arians,Sean Payton,Raymond James Stadium,15740,2:51,outdoors,grass,"77 degrees, relative humidity 76%, wind 17 mph",QB,Tom Brady,BradTo00,RB,Ronald Jones II,JoneRo01,WR,Mike Evans,EvanMi00,WR,Chris Godwin,GodwCh00,TE,Antony Auclair,AuclAn00,TE,Rob Gronkowski,GronRo00,T,Joe Haeg,HaegJo00,T,Tristan Wirfs,WirfTr00,T,Donovan Smith,SmitDo02,G,Alex Cappa,CappAl00,C,Ryan Jensen,JensRy00,DL,William Gholston,GholWi00,DL,Rakeem Nunez-Roches,NuneRa00,DL,Ndamukong Suh,SuhxNd99,OLB,Jason Pierre-Paul,PierJa99,OLB,Shaquil Barrett,BarrSh00,ILB,Lavonte David,DaviLa00,ILB,Devin White,WhitDe02,CB,Jamel Dean,DeanJa00,CB,Carlton Davis,DaviCa02,S,Jordan Whitehead,WhitJo03,S,Antoine Winfield Jr.,WinfAn00,C/G,Cesar Ruiz,RuizCe00,G/T,Andrus Peat,PeatAn00,C/G,Erik McCoy,McCoEr01,QB,Drew Brees,BreeDr00,RB,Alvin Kamara,KamaAl00,FB,Michael Burton,BurtMi00,WR,Michael Thomas,ThomMi05,TE,Jared Cook,CookJa02,TE,Josh Hill,HillJo02,T,Terron Armstead,ArmsTe00,T,Ryan Ramczyk,RamcRy00,DE,Cameron Jordan,JordCa00,DE,Trey Hendrickson,HendTr00,DT,David Onyemata,OnyeDa00,DT,Malcom Brown,BrowMa01,LB,Alex Anzalone,AnzaAl00,LB,Demario Davis,DaviDe00,CB,Jackrabbit Jenkins,JenkJa03,CB,Marshon Lattimore,LattMa01,DB,C.J. Gardner-Johnson,GardCh00,S,Marcus Williams,WillMa06,S,Malcolm Jenkins,JenkMa99,Referee,John Hussey,Umpire,Roy Ellison,Down Judge,Brian Bolinger,Line Judge,Rusty Baynes,Back Judge,Grantis Bell,Side Judge,Allen Baynes,Field Judge,Steve Zimmer
202011080was,2020-11-08,Sunday,1:00pm,Washington Football Team,New York Giants,was,nyg,20,23,Ron Rivera,Joe Judge,FedExField,3000,2:57,outdoors,grass,"75 degrees, relative humidity 49%, wind 1 mph",QB,Kyle Allen,AlleKy00,RB,Antonio Gibson,GibsAn00,WR,Cam Sims,SimsCa00,WR,Terry McLaurin,McLaTe00,TE,Logan Thomas,ThomLo00,TE,Jeremy Sprinkle,SpriJe00,T,Morgan Moses,MoseMo00,T,Brandon Scherff,ScheBr00,T,Cornelius Lucas,LucaCo01,G,Wes Schweitzer,SchwWe00,C,Chase Roullier,RoulCh00,DE,Montez Sweat,SweaMo00,DE,Chase Young,YounCh04,DT,Jonathan Allen,AlleJo01,DT,Daron Payne,PaynDa00,LB,Cole Holcomb,HolcCo00,LB,Kevin Pierre-Louis,PierKe00,LB,Jonathan Bostic,BostJo00,CB,Kendall Fuller,FullKe00,CB,Ronald Darby,DarbRo00,S,Deshazor Everett,EverDe01,S,Kamren Curl,CurlKa00,QB,Daniel Jones,JoneDa05,RB,Wayne Gallman,GallWa00,WR,Sterling Shepard,ShepSt00,WR,Darius Slayton,SlayDa01,TE,Levine Toilolo,ToilLe00,TE,Kaden Smith,SmitKa00,OL,Shane Lemieux,LemiSh00,T,Cameron Fleming,FlemCa00,T,Andrew Thomas,ThomAn02,G,Kevin Zeitler,ZeitKe00,C,Nick Gates,GateNi00,DL,Dexter Lawrence,LawrDe03,DL,Leonard Williams,WillLe02,DL,Dalvin Tomlinson,TomlDa00,OLB,Trent Harris,HarrTr01,LB,Kyler Fackrell,FackKy00,LB,David Mayo,MayoDa00,LB,Blake Martinez,MartBl01,CB,Isaac Yiadom,YiadIs00,CB,James Bradberry,BradJa00,DB,Logan Ryan,RyanLo00,S,Jabrill Peppers,PeppJa00,Referee,Shawn Hochuli,Umpire,Richard Hall,Down Judge,Sarah Thomas,Line Judge,Carl Johnson,Back Judge,Rich Martinez,Side Judge,Chad Hill,Field Judge,Tom Hill
202011090nyj,2020-11-09,Monday,8:15pm,New York Jets,New England Patriots,nyj,nwe,27,30,Adam Gase,Bill Belichick,MetLife Stadium,,2:54,outdoors,fieldturf,"61 degrees, relative humidity 72%, wind 2 mph",QB,Joe Flacco,FlacJo00,RB,Frank Gore,GoreFr00,WR,Breshad Perriman,PerrBr02,WR,Denzel Mims,MimsDe00,TE,Chris Herndon,HernCh00,TE,Ryan Griffin,GrifRy00,OL,Connor McGovern,McGoCo00,OL,Alex Lewis,LewiAl01,T,Mekhi Becton,BectMe00,T,George Fant,FantGe00,G,Greg Van Roten,VanRGr00,DL,Folorunso Fatukasi,FatuFo00,DL,Henry Anderson,AndeHe00,LB,Neville Hewitt,HewiNe00,LB,Jordan Jenkins,JenkJo01,LB,Harvey Langi,LangHa00,LB,Tarell Basham,BashTa00,CB,Pierre Desir,DesiPi00,CB,Blessuan Austin,AustBl00,CB,Brian Poole,PoolBr01,S,Marcus Maye,MayeMa00,S,Ashtyn Davis,DaviAs00,QB,Cam Newton,NewtCa00,RB,Damien Harris,HarrDa06,WR,Damiere Byrd,ByrdDa00,WR,Gunner Olszewski,OlszGu00,WR,Jakobi Meyers,MeyeJa01,TE,Ryan Izzo,IzzoRy00,OL,Isaiah Wynn,WynnIs00,OL,Joe Thuney,ThunJo00,OL,Shaq Mason,MasoSh01,OL,Michael Onwenu,OnweMi00,C,David Andrews,AndrDa00,DL,Tashawn Bower,BoweTa00,DL,Deatrich Wise Jr.,WiseDe00,DL,Nick Thurman,ThurNi00,DL,Byron Cowart,CowaBy00,DE,John Simon,SimoJo01,LB,Terez Hall,HallTe01,CB,Jason McCourty,McCoJa99,DB,Devin McCourty,McCoDe99,DB,Adrian Phillips,PhilAd00,DB,J.C. Jackson,,DB,Terrence Brooks,BrooTe00,Referee,Alex Kemp,Umpire,Carl Paganelli,Down Judge,Dana McKenzie,Line Judge,Greg Bradley,Back Judge,Matt Edwards,Side Judge,Jabir Walker,Field Judge,Terry Brown
202011120oti,2020-11-12,Thursday,8:20pm,Tennessee Titans,Indianapolis Colts,oti,clt,17,34,Mike Vrabel,Frank Reich,Nissan Stadium,13949,2:57,outdoors,grass,"56 degrees, relative humidity 46%, wind 6 mph",FB/RB,Khari Blasingame,BlasKh00,QB,Ryan Tannehill,TannRy00,RB,Derrick Henry,HenrDe00,WR,Kalif Raymond,RaymKa00,TE,Geoff Swaim,SwaiGe00,TE,Jonnu Smith,SmitJo01,OL,Nate Davis,DaviNa01,T,Ty Sambrailo,SambTy00,T,Dennis Kelly,KellDe00,G,Rodger Saffold,SaffRo20,C,Ben Jones,JoneBe01,DL,DaQuan Jones,JoneDa04,DT,Jeffery Simmons,SimmJe01,OLB,Harold Landry,LandHa00,OLB,Jadeveon Clowney,ClowJa00,LB,Rashaan Evans,EvanRa01,LB,Jayon Brown,BrowJa06,CB,Breon Borders,BordBr00,CB,Desmond King,KingDe01,CB,Malcolm Butler,ButlMa01,S,Kevin Byard,ByarKe01,S,Kenny Vaccaro,VaccKe00,DT/DE,Denico Autry,AutrDe00,G/C,Quenton Nelson,NelsQu00,T/G,Braden Smith,SmitBr06,QB,Philip Rivers,RivePh00,RB,Jonathan Taylor,TaylJo02,WR,T.Y. Hilton,,WR,Zach Pascal,PascZa00,WR,Michael Pittman Jr.,PittMi01,TE,Trey Burton,BurtTr01,T,Anthony Castonzo,CastAn00,G,Mark Glowinski,GlowMa00,C,Ryan Kelly,KellRy00,DE,Justin Houston,HousJu00,DT,DeForest Buckner,BuckDe00,DT,Grover Stewart,StewGr00,LB,Anthony Walker,WalkAn01,LB,Bobby Okereke,OkerBo00,LB,Shaquille Leonard,LeonDa00,CB,Xavier Rhodes,RhodXa00,CB,T.J. Carrie,CarrTr00,S,Khari Willis,WillKh00,S,Julian Blackmon,BlacJu01,Referee,Brad Allen,Umpire,Bruce Stritesky,Down Judge,Danny Short,Line Judge,Daniel Gallagher,Back Judge,Jimmy Russell,Side Judge,Boris Cheek,Field Judge,Rick Patterson
202011150car,2020-11-15,Sunday,1:00pm,Carolina Panthers,Tampa Bay Buccaneers,car,tam,23,46,Matt Rhule,Bruce Arians,Bank of America Stadium,5815,3:12,outdoors,grass,"65 degrees, relative humidity 90%, wind 15 mph",QB,Teddy Bridgewater,BridTe00,RB,Mike Davis,DaviMi01,WR,Robbie Chosen,AndeRo04,WR,D.J. Moore,,WR,Curtis Samuel,SamuCu00,TE,Ian Thomas,ThomIa00,T,Trenton Scott,ScotTr01,T,Taylor Moton,MotoTa00,G,John Miller,MillJo04,G,Chris Reed,ReedCh00,C,Matt Paradis,ParaMa00,DE,Yetur Gross-Matos,GrosYe00,DE,Brian Burns,BurnBr00,DT,Derrick Brown,BrowDe05,DT,Bravvion Roy,RoyxBr00,LB,Tahir Whitehead,WhitTa00,LB,Shaq Thompson,ThomSh01,CB,Donte Jackson,JackDo02,DB,Rasul Douglas,DougRa00,S,Sam Franklin,FranSa00,S,Jeremy Chinn,ChinJe00,S,Tre Boston,BostTr00,QB,Tom Brady,BradTo00,RB,Ronald Jones II,JoneRo01,WR,Chris Godwin,GodwCh00,WR,Mike Evans,EvanMi00,TE,Cameron Brate,BratCa00,TE,Rob Gronkowski,GronRo00,T,Tristan Wirfs,WirfTr00,T,Donovan Smith,SmitDo02,G,Alex Cappa,CappAl00,C,Ryan Jensen,JensRy00,C,A.Q. Shipley,,DL,Rakeem Nunez-Roches,NuneRa00,DL,Ndamukong Suh,SuhxNd99,OLB,Jason Pierre-Paul,PierJa99,OLB,Shaquil Barrett,BarrSh00,ILB,Lavonte David,DaviLa00,ILB,Devin White,WhitDe02,CB,Jamel Dean,DeanJa00,CB,Carlton Davis,DaviCa02,CB,Sean Murphy-Bunting,BuntSe00,S,Jordan Whitehead,WhitJo03,S,Antoine Winfield Jr.,WinfAn00,Referee,Land Clark,Umpire,Alan Eck,Down Judge,Tripp Sutter,Line Judge,Walt Coleman IV,Back Judge,Tony Josselyn,Side Judge,Mearl Robinson,Field Judge,Tra Blake
202011150cle,2020-11-15,Sunday,1:00pm,Cleveland Browns,Houston Texans,cle,htx,10,7,Kevin Stefanski,Romeo Crennel,FirstEnergy Stadium,10613,2:35,outdoors,grass,"59 degrees, relative humidity 66%, wind 25 mph",QB,Baker Mayfield,MayfBa00,RB,Nick Chubb,ChubNi00,FB,Andy Janovich,JanoAn00,WR,Jarvis Landry,LandJa00,TE,Harrison Bryant,BryaHa00,TE,Austin Hooper,HoopAu00,T,Jack Conklin,ConkJa00,T,Jedrick Wills Jr.,WillJe04,G,Joel Bitonio,BitoJo00,G,Wyatt Teller,TellWy00,C,J.C. Tretter,TretJC00,DE,Myles Garrett,GarrMy00,DE,Olivier Vernon,VernOl00,DT,Larry Ogunjobi,OgunLa00,DT,Sheldon Richardson,RichSh00,LB,Mack Wilson,WilsMa03,LB,Sione Takitaki,TakiSi00,LB,B.J. Goodson,,CB,Terrance Mitchell,MitcTe00,CB,Denzel Ward,WardDe02,S,Andrew Sendejo,SendAn00,S,Ronnie Harrison,HarrRo02,G/T,Tytus Howard,HowaTy00,C/G,Zach Fulton,FultZa00,QB,Deshaun Watson,WatsDe00,RB,Duke Johnson,JohnDu00,WR,Brandin Cooks,CookBr00,WR,Will Fuller,FullWi01,TE,Pharaoh Brown,BrowPh01,TE,Darren Fells,FellDa01,T,Max Scharping,SchaMa01,T,Laremy Tunsil,TunsLa00,C,Nick Martin,MartNi00,DE,Carlos Watkins,WatkCa00,DE,J.J. Watt,,DT,P.J. Hall,,DT,Brandon Dunn,DunnBr00,ILB,Zach Cunningham,CunnZa00,ILB,Tyrell Adams,AdamTy00,LB,Whitney Mercilus,MercWh00,CB,Vernon Hargreaves III,HargVe00,CB,Bradley Roby,RobyBr00,S,Eric Murray,MurrEr00,S,Justin Reid,ReidJu00,Referee,Ronald Torbert,Umpire,Mark Pellis,Down Judge,Patrick Holt,Line Judge,Jim Mello,Back Judge,Greg Yette,Side Judge,Jonah Monroe,Field Judge,James Coleman
202011150crd,2020-11-15,Sunday,4:05pm,Arizona Cardinals,Buffalo Bills,crd,buf,32,30,Kliff Kingsbury,Sean McDermott,State Farm Stadium,4200,3:25,retractable roof (closed),grass,,QB,Kyler Murray,MurrKy00,RB,Kenyan Drake,DrakKe00,WR,Christian Kirk,KirkCh01,WR,DeAndre Hopkins,HopkDe00,WR,Larry Fitzgerald,FitzLa00,TE,Maxx Williams,WillMa04,OL,Mason Cole,ColeMa02,OL,D.J. Humphries,,OL,Kelvin Beachum,BeacKe00,OL,Justin Pugh,PughJu00,OL,J.R. Sweezy,,DL,Angelo Blackson,BlacAn00,DL,Corey Peters,PeteCo00,LB,Markus Golden,GoldMa00,LB,Jordan Hicks,HickJo00,LB,De'Vondre Campbell,CampDe00,LB,Haason Reddick,ReddHa00,CB,Dre Kirkpatrick,KirkDr00,CB,Patrick Peterson,PetePa00,DB,Byron Murphy,MurpBy00,S,Jalen Thompson,ThomJa04,S,Budda Baker,BakeBu00,QB,Josh Allen,AlleJo02,RB,Devin Singletary,SingDe00,WR,Cole Beasley,BeasCo00,WR,John Brown,BrowJo02,WR,Stefon Diggs,DiggSt00,TE,Dawson Knox,KnoxDa00,OL,Daryl Williams,WillDa06,T,Dion Dawkins,DawkDi00,G,Brian Winters,WintBr00,G,Jon Feliciano,FeliJo00,G,Ike Boettger,BoetIk00,DE,Jerry Hughes,HughJe99,DE,Trent Murphy,MurpTr00,DT,Ed Oliver,OlivEd00,DT,Vernon Butler,ButlVe00,LB,A.J. Klein,KleiAJ00,LB,Tremaine Edmunds,EdmuTr01,CB,Dane Jackson,JackDa02,CB,Taron Johnson,JohnTa01,CB,Tre'Davious White,WhitTr01,S,Micah Hyde,HydeMi00,S,Jordan Poyer,PoyeJo00,Referee,Craig Wrolstad,Umpire,Ruben Fowler,Down Judge,Jerry Bergman,Line Judge,David Oliver,Back Judge,Keith Ferguson,Side Judge,Dave Hawkshaw,Field Judge,Aaron Santi
202011150det,2020-11-15,Sunday,1:00pm,Detroit Lions,Washington Football Team,det,was,30,27,Matt Patricia,Ron Rivera,Ford Field,,3:14,dome,fieldturf,,QB,Matthew Stafford,StafMa00,RB,D'Andre Swift,SwifDA00,WR,Marvin Hall,HallMa02,WR,Marvin Jones,JoneMa02,TE,T.J. Hockenson,HockTJ00,TE,Jesse James,JameJe00,OL,Oday Aboushi,AbouOd00,OL,Tyrell Crosby,CrosTy00,OL,Frank Ragnow,RagnFr00,OL,Jonah Jackson,JackJo03,T,Taylor Decker,DeckTa00,DL,John Penisini,PeniJo00,DE,Austin Bryant,BryaAu00,DE,Romeo Okwara,OkwaRo01,DT,Danny Shelton,ShelDa01,LB,Reggie Ragland,RaglRe00,LB,Jamie Collins,CollJa00,CB,Amani Oruwariye,OruwAm00,CB,Justin Coleman,ColeJu01,CB,Desmond Trufant,TrufDe00,S,Jayron Kearse,KearJa00,S,Duron Harmon,HarmDu00,QB,Alex Smith,SmitAl03,RB,Peyton Barber,BarbPe01,WR,Isaiah Wright,WrigIs01,WR,Cam Sims,SimsCa00,WR,Terry McLaurin,McLaTe00,TE,Logan Thomas,ThomLo00,T,Cornelius Lucas,LucaCo01,T,Morgan Moses,MoseMo00,T,Brandon Scherff,ScheBr00,G,Wes Schweitzer,SchwWe00,C,Chase Roullier,RoulCh00,DE,Chase Young,YounCh04,DE,Montez Sweat,SweaMo00,DT,Daron Payne,PaynDa00,DT,Jonathan Allen,AlleJo01,LB,Kevin Pierre-Louis,PierKe00,LB,Cole Holcomb,HolcCo00,LB,Jonathan Bostic,BostJo00,CB,Kendall Fuller,FullKe00,CB,Ronald Darby,DarbRo00,S,Deshazor Everett,EverDe01,S,Kamren Curl,CurlKa00,Referee,Alex Kemp,Umpire,Carl Paganelli,Down Judge,Dana McKenzie,Line Judge,Greg Bradley,Back Judge,Matt Edwards,Side Judge,Jabir Walker,Field Judge,Terry Brown
202011150gnb,2020-11-15,Sunday,1:00pm,Green Bay Packers,Jacksonville Jaguars,gnb,jax,24,20,Matt LaFleur,Doug Marrone,Lambeau Field,,3:15,outdoors,grass,"38 degrees, relative humidity 76%, wind 23 mph",G/T,Billy Turner,TurnBi00,QB,Aaron Rodgers,RodgAa00,RB,Aaron Jones,JoneAa00,WR,Marquez Valdes-Scantling,ValdMa00,WR,Davante Adams,AdamDa01,TE,Robert Tonyan,TonyRo00,TE,Marcedes Lewis,LewiMa00,T,David Bakhtiari,BakhDa00,G,Elgton Jenkins,JenkEl00,G,Lucas Patrick,PatrLu00,C,Corey Linsley,LinsCo00,DL,Dean Lowry,LowrDe00,DL,Kingsley Keke,KekeKi00,DL,Kenny Clark,ClarKe01,LB,Christian Kirksey,KirkCh00,LB,Preston Smith,SmitPr00,LB,Za'Darius Smith,SmitZa00,CB,Josh Jackson,JackJo01,CB,Chandon Sullivan,SullCh00,CB,Ka'dar Hollman,HollKa00,S,Darnell Savage Jr.,SavaDa00,S,Adrian Amos,AmosAd00,QB,Jake Luton,LutoJa00,RB,James Robinson,RobiJa00,WR,DJ Chark,CharDJ00,WR,Keelan Cole,ColeKe00,WR,Chris Conley,ConlCh00,TE,James O'Shaughnessy,O'ShJa00,OL,Jawaan Taylor,TaylJa02,OL,Tyler Shatley,ShatTy00,OL,Cam Robinson,RobiCa00,OL,Andrew Norwell,NorwAn01,OL,A.J. Cann,,DL,Taven Bryan,BryaTa00,DE,Josh Hines-Allen,AlleJo03,DE,Adam Gotsis,GotsAd00,DT,DaVon Hamilton,HamiDa02,LB,Myles Jack,JackMy00,LB,Kamalei Correa,CorrKa00,LB,Joe Schobert,SchoJo00,CB,Sidney Jones,JoneSi00,CB,C.J. Henderson,HendCJ00,S,Daniel Thomas,ThomDa07,S,Jarrod Wilson,WilsJa00,Referee,Shawn Smith,Umpire,Bryan Neale,Down Judge,Mike Carr,Line Judge,Mark Steinkerchner,Back Judge,Dino Paganelli,Side Judge,Jimmy Buchanan,Field Judge,Dyrol Prioleau
202011150mia,2020-11-15,Sunday,4:05pm,Miami Dolphins,Los Angeles Chargers,mia,sdg,29,21,Brian Flores,Anthony Lynn,Hard Rock Stadium,12751,2:56,outdoors,grass,"83 degrees, relative humidity 73%, wind 7 mph",G/T,Jesse Davis,DaviJe00,G/T,Robert Hunt,HuntRo01,QB,Tua Tagovailoa,TagoTu00,RB,Salvon Ahmed,AhmeSa01,TE,Durham Smythe,SmytDu00,TE,Adam Shaheen,ShahAd00,T,Julién Davenport,DaveJu00,T,Austin Jackson,JackAu00,G,Solomon Kindley,KindSo00,G,Ereck Flowers,FlowEr00,C,Ted Karras,KarrTe00,DE,Shaq Lawson,LawsSh00,DE,Emmanuel Ogbah,OgbaEm00,DT,Zach Sieler,SielZa00,DT,Raekwon Davis,DaviRa03,LB,Elandon Roberts,RobeEl00,LB,Kyle Van Noy,VanNKy00,CB,Byron Jones,JoneBy00,CB,Xavien Howard,HowaXa00,S,Brandon Jones,JoneBr06,S,Bobby McCain,McCaBo01,S,Eric Rowe,RoweEr00,C/G,Dan Feeney,FeenDa00,QB,Justin Herbert,HerbJu00,RB,Kalen Ballage,BallKa00,WR,Keenan Allen,AlleKe00,WR,Mike Williams,WillMi07,TE,Donald Parham,ParhDo00,TE,Hunter Henry,HenrHu00,T,Bryan Bulaga,BulaBr20,T,Sam Tevi,TeviSa00,G,Trai Turner,TurnTr01,G,Forrest Lamp,LampFo00,DE,Uchenna Nwosu,NwosUc00,DE,Isaac Rochell,RochIs00,DE,Melvin Ingram,IngrMe00,DT,Linval Joseph,JoseLi99,DT,Justin Jones,JoneJu03,DT,Jerry Tillery,TillJe00,NT,Damion Square,SquaDa00,LB,Kenneth Murray,MurrKe00,LB,Kyzir White,WhitKy00,S,Rayshawn Jenkins,JenkRa00,S,Nasir Adderley,AddeNa00,Referee,Jerome Boger,Umpire,Barry Anderson,Down Judge,Julian Mapp,Line Judge,Rusty Baynes,Back Judge,Brad Freeman,Side Judge,Anthony Jeffries,Field Judge,Dale Shaw
202011150nor,2020-11-15,Sunday,4:25pm,New Orleans Saints,San Francisco 49ers,nor,sfo,27,13,Sean Payton,Kyle Shanahan,Mercedes-Benz Superdome,5979,3:12,dome,astroturf,,C/G,Cesar Ruiz,RuizCe00,G/T,Andrus Peat,PeatAn00,C/G,Erik McCoy,McCoEr01,QB,Drew Brees,BreeDr00,QB,Taysom Hill,HillTa00,RB,Latavius Murray,MurrLa00,WR,Michael Thomas,ThomMi05,TE,Josh Hill,HillJo02,OL,James Hurst,HursJa00,T,Terron Armstead,ArmsTe00,T,Ryan Ramczyk,RamcRy00,DE,Cameron Jordan,JordCa00,DE,Trey Hendrickson,HendTr00,DT,David Onyemata,OnyeDa00,DT,Malcom Brown,BrowMa01,LB,Kwon Alexander,AlexKw00,LB,Demario Davis,DaviDe00,CB,Marshon Lattimore,LattMa01,CB,Jackrabbit Jenkins,JenkJa03,DB,C.J. Gardner-Johnson,GardCh00,S,Marcus Williams,WillMa06,S,Malcolm Jenkins,JenkMa99,QB,Nick Mullens,MullNi00,RB,Jerick McKinnon,McKiJe00,FB,Kyle Juszczyk,JuszKy00,WR,Brandon Aiyuk,AiyuBr00,WR,Richie James,JameRi00,TE,Ross Dwelley,DwelRo00,OL,Daniel Brunskill,BrunDa00,OL,Tom Compton,CompTo00,OL,Laken Tomlinson,TomlLa01,T,Trent Williams,WillTr21,T,Mike McGlinchey,McGlMi00,DL,Arik Armstead,ArmsAr01,DL,D.J. Jones,,DL,Kerry Hyder,HydeKe01,DT,Javon Kinlaw,KinlJa00,LB,Fred Warner,WarnFr00,LB,Dre Greenlaw,GreeDr00,CB,Emmanuel Moseley,MoseEm00,CB,Jason Verrett,VerrJa00,DB,Tarvarius Moore,MoorTa00,DB,Jimmie Ward,WardJi01,S,Marcell Harris,HarrMa03,Referee,Brad Rogers,Umpire,Roy Ellison,Down Judge,Jerod Phillips,Line Judge,Mark Stewart,Back Judge,Greg Meyer,Side Judge,Eugene Hall,Field Judge,Nathan Jones
202011150nwe,2020-11-15,Sunday,8:20pm,New England Patriots,Baltimore Ravens,nwe,rav,23,17,Bill Belichick,John Harbaugh,Gillette Stadium,,2:53,outdoors,fieldturf,"52 degrees, relative humidity 81%, wind 13 mph",QB,Cam Newton,NewtCa00,RB,Damien Harris,HarrDa06,FB,Jakob Johnson,JohnJa12,WR,Damiere Byrd,ByrdDa00,WR,Jakobi Meyers,MeyeJa01,TE,Ryan Izzo,IzzoRy00,OL,Isaiah Wynn,WynnIs00,OL,Joe Thuney,ThunJo00,OL,Michael Onwenu,OnweMi00,OL,Shaq Mason,MasoSh01,C,David Andrews,AndrDa00,DL,Lawrence Guy,GuyxLa00,DL,Carl Davis,DaviCa01,DL,Byron Cowart,CowaBy00,DL,Chase Winovich,WinoCh00,DE,John Simon,SimoJo01,LB,Terez Hall,HallTe01,CB,Jason McCourty,McCoJa99,DB,J.C. Jackson,,DB,Devin McCourty,McCoDe99,DB,Kyle Dugger,DuggKy00,DB,Adrian Phillips,PhilAd00,C/G,Matt Skura,SkurMa01,G/C,Patrick Mekari,MekaPa00,G/C,Bradley Bozeman,BozeBr00,QB,Lamar Jackson,JackLa00,RB,Mark Ingram,IngrMa01,WR,Miles Boykin,BoykMi00,WR,Marquise Brown,BrowMa04,TE,Nick Boyle,BoylNi00,TE,Mark Andrews,AndrMa00,T,Orlando Brown Jr.,BrowOr00,G,D.J. Fluker,FlukDJ00,DE,Yannick Ngakoue,NgakYa00,DE,Derek Wolfe,WolfDe00,DT,Nnamdi Madubuike,MaduJu00,DT,Brandon Williams,WillBr02,OLB,Matt Judon,JudoMa00,ILB,Malik Harrison,HarrMa06,ILB,Patrick Queen,QueePa00,CB,Marcus Peters,PeteMa00,DB,Marlon Humphrey,HumpMa00,S,Chuck Clark,ClarCh00,S,DeShon Elliott,ElliDe02,Referee,Shawn Hochuli,Umpire,Ramon George,Down Judge,Sarah Thomas,Line Judge,Carl Johnson,Back Judge,Rich Martinez,Side Judge,Chad Hill,Field Judge,Tom Hill
202011150nyg,2020-11-15,Sunday,1:00pm,New York Giants,Philadelphia Eagles,nyg,phi,27,17,Joe Judge,Doug Pederson,MetLife Stadium,,3:05,outdoors,fieldturf,"56 degrees, relative humidity 60%, wind 18 mph",QB,Daniel Jones,JoneDa05,RB,Wayne Gallman,GallWa00,WR,Darius Slayton,SlayDa01,WR,Sterling Shepard,ShepSt00,TE,Evan Engram,EngrEv00,TE,Kaden Smith,SmitKa00,T,Andrew Thomas,ThomAn02,T,Cameron Fleming,FlemCa00,G,Shane Lemieux,LemiSh00,G,Kevin Zeitler,ZeitKe00,C,Nick Gates,GateNi00,DL,Dexter Lawrence,LawrDe03,DL,Dalvin Tomlinson,TomlDa00,LB,Blake Martinez,MartBl01,LB,Trent Harris,HarrTr01,LB,Kyler Fackrell,FackKy00,LB,Devante Downs,DownDe00,CB,James Bradberry,BradJa00,CB,Darnay Holmes,HolmDa01,CB,Isaac Yiadom,YiadIs00,DB,Logan Ryan,RyanLo00,S,Jabrill Peppers,PeppJa00,G/T,Matt Pryor,PryoMa00,QB,Carson Wentz,WentCa00,RB,Miles Sanders,SandMi01,WR,Travis Fulgham,FulgTr00,WR,Greg Ward,WardGr02,WR,Jalen Reagor,ReagJa00,TE,Dallas Goedert,GoedDa00,T,Lane Johnson,JohnLa01,T,Jason Peters,PeteJa21,G,Sua Opeta,OpetIo00,C,Jason Kelce,KelcJa00,DE,Derek Barnett,BarnDe01,DE,Brandon Graham,GrahBr99,DT,Fletcher Cox,CoxxFl00,DT,Javon Hargrave,HargJa00,LB,Duke Riley,RileDu00,LB,Alex Singleton,SingAl00,LB,T.J. Edwards,EdwaTJ02,CB,Avonte Maddox,MaddAv00,CB,Darius Slay,SlayDa00,S,Jalen Mills,MillJa02,S,Rodney McLeod,McLeRo00,Referee,Clay Martin,Umpire,Tony Michalek,Down Judge,Derick Bowers,Line Judge,Frank LeBlanc,Back Judge,Perry Paganelli,Side Judge,Jeff Lamberth,Field Judge,Mike Weatherford
202011150pit,2020-11-15,Sunday,4:25pm,Pittsburgh Steelers,Cincinnati Bengals,pit,cin,36,10,Mike Tomlin,Zac Taylor,Heinz Field,5909,3:16,outdoors,grass,"52 degrees, relative humidity 82%, wind 21 mph",QB,Ben Roethlisberger,RoetBe00,RB,James Conner,ConnJa00,WR,James Washington,WashJa00,WR,JuJu Smith-Schuster,SmitJu00,WR,Diontae Johnson,JohnDi01,TE,Eric Ebron,EbroEr00,OL,Chukwuma Okorafor,OkorCh00,OT,Alejandro Villanueva,VillAl00,OT,Matt Feiler,FeilMa00,G,David DeCastro,DeCaDa00,C,Maurkice Pouncey,PounMa20,DE,Stephon Tuitt,TuitSt00,DT,Cameron Heyward,HeywCa01,LB,Robert Spillane,SpilRo00,LB,Bud Dupree,DuprAl00,LB,T.J. Watt,,LB,Vince Williams,WillVi01,CB,Steven Nelson,NelsSt01,CB,Joe Haden,HadeJo99,CB,Cameron Sutton,SuttCa00,S,Minkah Fitzpatrick,FitzMi00,S,Terrell Edmunds,EdmuTe00,QB,Joe Burrow,BurrJo01,HB,Giovani Bernard,BernGi00,WR,Tyler Boyd,BoydTy00,WR,A.J. Green,,WR,Tee Higgins,HiggTe00,TE,Drew Sample,SampDr00,G,Hakeem Adeniji,AdenHa00,G,Quinton Spain,SpaiQu00,G,Alex Redmond,RedmAl01,G,Michael Jordan,JordMi01,C,Trey Hopkins,HopkTr01,DE,Sam Hubbard,HubbSa00,DT,Xavier Williams,WillXa00,DT,Christian Covington,CoviCh00,DT,Mike Daniels,DaniMi00,LB,Logan Wilson,WilsLo00,LB,Josh Bynes,ByneJo00,CB,William Jackson III,JackWi02,CB,Tony Brown,BrowTo01,CB,Mackensie Alexander,AlexMa01,S,Vonn Bell,BellVo00,S,Jessie Bates III,BateJe00,Referee,Adrian Hill,Umpire,Paul King,Down Judge,Ed Camp,Line Judge,Kevin Codey,Back Judge,Greg Steed,Side Judge,Dominique Pender,Field Judge,Jim Quirk
202011150rai,2020-11-15,Sunday,4:05pm,Las Vegas Raiders,Denver Broncos,rai,den,37,12,Jon Gruden,Vic Fangio,Allegiant Stadium,,3:19,dome,grass,,G/T,Denzelle Good,GoodDe01,QB,Derek Carr,CarrDe02,RB,Josh Jacobs,JacoJo01,WR,Nelson Agholor,AghoNe00,WR,Henry Ruggs III,RuggHe00,WR,Hunter Renfrow,RenfHu00,TE,Darren Waller,WallDa01,T,Brandon Parker,ParkBr01,T,Sam Young,YounSa21,G,Gabe Jackson,JackGa00,C,Rodney Hudson,HudsRo00,DE,Clelin Ferrell,FerrCl00,DE,Maxx Crosby,CrosMa00,DT,Johnathan Hankins,HankJo00,DT,Maliek Collins,CollMa00,LB,Nick Kwiatkoski,KwiaNi00,LB,Raekwon McMillan,McMiRa02,LB,Nicholas Morrow,MorrNi00,CB,Nevin Lawson,LawsNe00,CB,Trayvon Mullen,MullTr00,S,Erik Harris,HarrEr00,S,Johnathan Abram,AbraJo01,RB/FB,Jeremy Cox,CoxxJe00,QB,Drew Lock,LockDr00,RB,Melvin Gordon,GordMe00,WR,Tim Patrick,PatrTi00,WR,Jerry Jeudy,JeudJe00,TE,Nick Vannett,VannNi00,T,Calvin Anderson,AndeCa00,T,Garett Bolles,BollGa00,G,Dalton Risner,RisnDa00,C,Lloyd Cushenberry III,CushLl00,C,Graham Glasgow,GlasGr00,DL,DeShawn Williams,WillDe04,DE,Dre'Mont Jones,JoneDr00,OLB,Bradley Chubb,ChubBr00,OLB,Malik Reed,ReedMa01,ILB,Josey Jewell,JeweJo00,ILB,Alexander Johnson,JohnAl01,CB,Bryce Callahan,CallBr00,CB,A.J. Bouye,,CB,Essang Bassey,BassEs01,S,Kareem Jackson,JackKa99,S,Justin Simmons,SimmJu00,Referee,Tony Corrente,Umpire,Dan Ferrell,Down Judge,Mark Perlman,Line Judge,Bart Longson,Back Judge,Todd Prukop,Side Judge,Anthony Flemming,Field Judge,Ryan Dickson
202011150ram,2020-11-15,Sunday,4:25pm,Los Angeles Rams,Seattle Seahawks,ram,sea,23,16,Sean McVay,Pete Carroll,SoFi Stadium,,3:04,dome,matrixturf,,QB,Jared Goff,GoffJa00,RB,Darrell Henderson,HendDa00,WR,Robert Woods,WoodRo02,WR,Josh Reynolds,ReynJo00,WR,Cooper Kupp,KuppCo00,TE,Tyler Higbee,HigbTy00,OL,Rob Havenstein,HaveRo00,OL,David Edwards,EdwaDa01,OL,Austin Blythe,BlytAu00,OL,Austin Corbett,CorbAu00,OL,Andrew Whitworth,WhitAn20,DL,Morgan Fox,FoxxMo00,DL,Sebastian Joseph-Day,JoseSe00,DL,Aaron Donald,DonaAa00,DL,Michael Brockers,BrocMi00,OLB,Leonard Floyd,FloyLe00,ILB,Micah Kiser,KiseMi00,CB,Troy Hill,HillTr01,CB,Jalen Ramsey,RamsJa00,S,Jordan Fuller,FullJo01,S,John Johnson,JohnJo10,S,Taylor Rapp,RappTa00,DE/LB,Carlos Dunlap,DunlCa99,G/C,Kyle Fuller,FullKy01,QB,Russell Wilson,WilsRu00,RB,Alex Collins,CollAl00,WR,David Moore,MoorDa03,WR,Tyler Lockett,LockTy00,WR,D.K. Metcalf,MetcDK00,TE,Greg Olsen,OlseGr00,T,Duane Brown,BrowDu20,T,Brandon Shell,ShelBr00,G,Mike Iupati,IupaMi20,G,Damien Lewis,LewiDa05,DE,L.J. Collier,CollLJ00,DT,Jarran Reed,ReedJa02,DT,Poona Ford,FordPo00,LB,Bobby Wagner,WagnBo00,LB,K.J. Wright,,CB,D.J. Reed,,CB,Tre Flowers,FlowTr01,SS,Jamal Adams,AdamJa00,FS,Quandre Diggs,DiggQu00,FS,Ugo Amadi,AmadUg00,Referee,Clete Blakeman,Umpire,Fred Bryan,Down Judge,Mark Hittner,Line Judge,Tom Stephan,Back Judge,Scott Helverson,Side Judge,Michael Banks,Field Judge,Joe Blubaugh
202011160chi,2020-11-16,Monday,8:15pm,Chicago Bears,Minnesota Vikings,chi,min,13,19,Matt Nagy,Mike Zimmer,Soldier Field,,2:58,outdoors,grass,"44 degrees, relative humidity 59%, wind 11 mph",QB,Nick Foles,FoleNi00,WR,Allen Robinson,RobiAl02,WR,Cordarrelle Patterson,PattCo00,WR,Darnell Mooney,MoonDa00,WR,Anthony Miller,MillAn02,TE,Jimmy Graham,GrahJi00,OL,Rashaad Coward,CowaRa00,OL,Alex Bars,BarsAl01,OL,Germain Ifedi,IfedGe00,OL,Charles Leno Jr.,LenoCh00,C,Cody Whitehair,WhitCo03,DE,Brent Urban,UrbaBr00,DT,Bilal Nichols,NichBi00,DT,Akiem Hicks,HickAk00,LB,Khalil Mack,MackKh00,LB,Robert Quinn,QuinRo00,LB,Roquan Smith,SmitRo07,LB,Danny Trevathan,TrevDa00,DB,Jaylon Johnson,JohnJa13,DB,Eddie Jackson,JackEd01,DB,Tashaun Gipson,GipsTa00,DB,Kyle Fuller,FullKy00,QB,Kirk Cousins,CousKi00,RB,Dalvin Cook,CookDa01,FB,C.J. Ham,,WR,Adam Thielen,ThieAd00,WR,Justin Jefferson,JeffJu00,TE,Kyle Rudolph,RudoKy00,T,Riley Reiff,ReifRi00,T,Brian O'Neill,ONeiBr00,G,Ezra Cleveland,ClevEz00,G,Dakota Dozier,DoziDa00,C,Garrett Bradbury,BradGa00,DE,Jalyn Holmes,HolmJa01,DE,Ifeadi Odenigbo,OdenIf00,DT,Jaleel Johnson,JohnJa09,DT,Shamar Stephen,StepSh00,LB,Eric Kendricks,KendEr00,LB,Eric Wilson,WilsEr00,CB,Chris Jones,JoneCh06,CB,Kris Boyd,BoydKr00,CB,Jeff Gladney,GladJe00,S,Harrison Smith,SmitHa00,S,Anthony Harris,HarrAn01,Referee,Scott Novak,Umpire,Steven Woods,Down Judge,Kent Payne,Line Judge,Thomas Eaton,Back Judge,Terrence Miles,Side Judge,John Jenkins,Field Judge,Scott Edwards
202011190sea,2020-11-19,Thursday,8:20pm,Seattle Seahawks,Arizona Cardinals,sea,crd,28,21,Pete Carroll,Kliff Kingsbury,Lumen Field,,3:12,outdoors,fieldturf,"48 degrees, relative humidity 74%, wind 11 mph",DE/LB,Carlos Dunlap,DunlCa99,QB,Russell Wilson,WilsRu00,RB,Carlos Hyde,HydeCa00,WR,D.K. Metcalf,MetcDK00,WR,Tyler Lockett,LockTy00,TE,Greg Olsen,OlseGr00,TE,Will Dissly,DissWi00,T,Duane Brown,BrowDu20,T,Brandon Shell,ShelBr00,T,Jamarco Jones,JoneJa08,G,Mike Iupati,IupaMi20,G,Damien Lewis,LewiDa05,DE,L.J. Collier,CollLJ00,DT,Jarran Reed,ReedJa02,DT,Poona Ford,FordPo00,LB,Bobby Wagner,WagnBo00,LB,K.J. Wright,,CB,D.J. Reed,,CB,Tre Flowers,FlowTr01,SS,Jamal Adams,AdamJa00,FS,Quandre Diggs,DiggQu00,FS,Ugo Amadi,AmadUg00,QB,Kyler Murray,MurrKy00,RB,Kenyan Drake,DrakKe00,WR,Christian Kirk,KirkCh01,WR,Larry Fitzgerald,FitzLa00,WR,DeAndre Hopkins,HopkDe00,TE,Maxx Williams,WillMa04,OL,D.J. Humphries,,OL,J.R. Sweezy,,OL,Justin Pugh,PughJu00,OL,Mason Cole,ColeMa02,OL,Kelvin Beachum,BeacKe00,DL,Trevon Coley,ColeTr01,DL,Josh Mauro,MaurJo00,DL,Angelo Blackson,BlacAn00,LB,Jordan Hicks,HickJo00,LB,Markus Golden,GoldMa00,LB,De'Vondre Campbell,CampDe00,LB,Haason Reddick,ReddHa00,CB,Dre Kirkpatrick,KirkDr00,CB,Patrick Peterson,PetePa00,S,Budda Baker,BakeBu00,S,Jalen Thompson,ThomJa04,Referee,Tony Corrente,Umpire,Dan Ferrell,Down Judge,Mark Perlman,Line Judge,Bart Longson,Back Judge,Todd Prukop,Side Judge,Anthony Flemming,Field Judge,Ryan Dickson
202011220car,2020-11-22,Sunday,1:00pm,Carolina Panthers,Detroit Lions,car,det,20,0,Matt Rhule,Matt Patricia,Bank of America Stadium,5546,2:52,outdoors,grass,"65 degrees, relative humidity 67%, wind 7 mph",QB,P.J. Walker,WalkPh00,RB,Mike Davis,DaviMi01,WR,D.J. Moore,,WR,Robbie Chosen,AndeRo04,TE,Chris Manhertz,ManhCh00,TE,Ian Thomas,ThomIa00,T,Taylor Moton,MotoTa00,T,Trenton Scott,ScotTr01,G,Dennis Daley,DaleDe00,G,Chris Reed,ReedCh00,C,Matt Paradis,ParaMa00,DE,Yetur Gross-Matos,GrosYe00,DE,Brian Burns,BurnBr00,DT,Bravvion Roy,RoyxBr00,DT,Derrick Brown,BrowDe05,LB,Jermaine Carter Jr.,CartJe00,LB,Shaq Thompson,ThomSh01,CB,Troy Pride Jr.,PridTr00,DB,Rasul Douglas,DougRa00,S,Jeremy Chinn,ChinJe00,S,Juston Burris,BurrJu00,S,Tre Boston,BostTr00,QB,Matthew Stafford,StafMa00,RB,Adrian Peterson,PeteAd01,WR,Marvin Hall,HallMa02,WR,Marvin Jones,JoneMa02,TE,T.J. Hockenson,HockTJ00,TE,Jesse James,JameJe00,OL,Tyrell Crosby,CrosTy00,OL,Jonah Jackson,JackJo03,OL,Frank Ragnow,RagnFr00,T,Taylor Decker,DeckTa00,T,Halapoulivaati Vaitai,VaitHa00,DL,John Penisini,PeniJo00,DT,Nick Williams,WillNi01,DT,Danny Shelton,ShelDa01,LB,Christian Jones,JoneCh05,LB,Jahlani Tavai,TavaJa00,LB,Jamie Collins,CollJa00,CB,Amani Oruwariye,OruwAm00,CB,Desmond Trufant,TrufDe00,S,Jayron Kearse,KearJa00,S,Will Harris,HarrWi02,S,Duron Harmon,HarmDu00,Referee,Ronald Torbert,Umpire,Mark Pellis,Down Judge,Patrick Holt,Line Judge,Jim Mello,Back Judge,Greg Yette,Side Judge,Dominique Pender,Field Judge,James Coleman
202011220cle,2020-11-22,Sunday,1:00pm,Cleveland Browns,Philadelphia Eagles,cle,phi,22,17,Kevin Stefanski,Doug Pederson,FirstEnergy Stadium,11133,3:16,outdoors,grass,"38 degrees, relative humidity 88%, wind 8 mph",QB,Baker Mayfield,MayfBa00,RB,Nick Chubb,ChubNi00,WR,Jarvis Landry,LandJa00,TE,Harrison Bryant,BryaHa00,TE,David Njoku,NjokDa00,TE,Austin Hooper,HoopAu00,T,Jack Conklin,ConkJa00,T,Jedrick Wills Jr.,WillJe04,G,Joel Bitonio,BitoJo00,G,Wyatt Teller,TellWy00,C,J.C. Tretter,TretJC00,DE,Porter Gustin,GustPo01,DE,Olivier Vernon,VernOl00,DT,Larry Ogunjobi,OgunLa00,DT,Sheldon Richardson,RichSh00,LB,B.J. Goodson,,LB,Sione Takitaki,TakiSi00,LB,Mack Wilson,WilsMa03,CB,Terrance Mitchell,MitcTe00,CB,Denzel Ward,WardDe02,S,Ronnie Harrison,HarrRo02,S,Andrew Sendejo,SendAn00,G/T,Matt Pryor,PryoMa00,QB,Carson Wentz,WentCa00,RB,Miles Sanders,SandMi01,WR,Travis Fulgham,FulgTr00,WR,Jalen Reagor,ReagJa00,TE,Dallas Goedert,GoedDa00,TE,Richard Rodgers,RodgRi00,T,Lane Johnson,JohnLa01,T,Jason Peters,PeteJa21,C,Isaac Seumalo,SeumIs00,C,Jason Kelce,KelcJa00,DE,Derek Barnett,BarnDe01,DE,Brandon Graham,GrahBr99,DT,Fletcher Cox,CoxxFl00,DT,Javon Hargrave,HargJa00,LB,Duke Riley,RileDu00,LB,Alex Singleton,SingAl00,LB,Davion Taylor,TaylDa01,LB,T.J. Edwards,EdwaTJ02,S,Will Parks,ParkWi01,S,Jalen Mills,MillJa02,S,Rodney McLeod,McLeRo00,Referee,Adrian Hill,Umpire,Paul King,Down Judge,Ed Camp,Line Judge,Kevin Codey,Back Judge,Brad Freeman,Side Judge,Keith Washington,Field Judge,Jim Quirk
202011220clt,2020-11-22,Sunday,4:25pm,Indianapolis Colts,Green Bay Packers,clt,gnb,34,31,Frank Reich,Matt LaFleur,Lucas Oil Stadium,12495,3:27,retractable roof (closed),fieldturf,,G/C,Quenton Nelson,NelsQu00,DT/DE,Tyquan Lewis,LewiTy00,QB,Philip Rivers,RivePh00,RB,Nyheim Hines,HineNy00,WR,Michael Pittman Jr.,PittMi01,WR,Zach Pascal,PascZa00,WR,T.Y. Hilton,,TE,Mo Alie-Cox,AlieMo00,T,Le'Raven Clark,ClarLe01,T,Anthony Castonzo,CastAn00,G,Mark Glowinski,GlowMa00,C,Ryan Kelly,KellRy00,DE,Justin Houston,HousJu00,DT,DeForest Buckner,BuckDe00,DT,Grover Stewart,StewGr00,LB,Shaquille Leonard,LeonDa00,LB,Anthony Walker,WalkAn01,CB,Rock Ya-Sin,Ya-SRo00,CB,Xavier Rhodes,RhodXa00,CB,Kenny Moore,MoorKe03,S,Khari Willis,WillKh00,S,Julian Blackmon,BlacJu01,G/T,Billy Turner,TurnBi00,QB,Aaron Rodgers,RodgAa00,RB,Aaron Jones,JoneAa00,WR,Marquez Valdes-Scantling,ValdMa00,WR,Equanimeous St. Brown,,WR,Davante Adams,AdamDa01,TE,Marcedes Lewis,LewiMa00,T,David Bakhtiari,BakhDa00,G,Elgton Jenkins,JenkEl00,G,Lucas Patrick,PatrLu00,C,Corey Linsley,LinsCo00,DL,Dean Lowry,LowrDe00,DL,Kenny Clark,ClarKe01,LB,Kamal Martin,MartKa01,LB,Christian Kirksey,KirkCh00,LB,Preston Smith,SmitPr00,LB,Za'Darius Smith,SmitZa00,CB,Kevin King,KingKe01,CB,Chandon Sullivan,SullCh00,CB,Jaire Alexander,AlexJa00,S,Darnell Savage Jr.,SavaDa00,S,Adrian Amos,AmosAd00,Referee,Shawn Hochuli,Umpire,Ramon George,Down Judge,Sarah Thomas,Line Judge,Rusty Baynes,Back Judge,Rich Martinez,Side Judge,Chad Hill,Field Judge,Tom Hill
202011220den,2020-11-22,Sunday,4:05pm,Denver Broncos,Miami Dolphins,den,mia,20,13,Vic Fangio,Brian Flores,Empower Field at Mile High,5351,3:04,outdoors,grass,"45 degrees, relative humidity 19%, wind 7 mph",QB,Drew Lock,LockDr00,RB,Phillip Lindsay,LindPh00,WR,Tim Patrick,PatrTi00,WR,Jerry Jeudy,JeudJe00,TE,Noah Fant,FantNo00,TE,Nick Vannett,VannNi00,T,Demar Dotson,DotsDe00,T,Garett Bolles,BollGa00,G,Dalton Risner,RisnDa00,C,Lloyd Cushenberry III,CushLl00,C,Graham Glasgow,GlasGr00,DL,DeShawn Williams,WillDe04,DE,Dre'Mont Jones,JoneDr00,DE,DeMarcus Walker,WalkDe03,OLB,Bradley Chubb,ChubBr00,OLB,Malik Reed,ReedMa01,ILB,Alexander Johnson,JohnAl01,ILB,Josey Jewell,JeweJo00,CB,Bryce Callahan,CallBr00,CB,A.J. Bouye,,S,Justin Simmons,SimmJu00,S,Kareem Jackson,JackKa99,G/T,Jesse Davis,DaviJe00,QB,Tua Tagovailoa,TagoTu00,RB,Salvon Ahmed,AhmeSa01,WR,Antonio Callaway,CallAn00,WR,Jakeem Grant,GranJa00,TE,Mike Gesicki,GesiMi00,TE,Durham Smythe,SmytDu00,T,Austin Jackson,JackAu00,G,Ereck Flowers,FlowEr00,G,Solomon Kindley,KindSo00,C,Ted Karras,KarrTe00,DE,Emmanuel Ogbah,OgbaEm00,DT,Zach Sieler,SielZa00,DT,Raekwon Davis,DaviRa03,LB,Elandon Roberts,RobeEl00,LB,Andrew Van Ginkel,VanGAn00,LB,Kyle Van Noy,VanNKy00,CB,Byron Jones,JoneBy00,CB,Xavien Howard,HowaXa00,S,Brandon Jones,JoneBr06,S,Bobby McCain,McCaBo01,S,Eric Rowe,RoweEr00,Referee,Land Clark,Umpire,Alan Eck,Down Judge,Tripp Sutter,Line Judge,Mark Stewart,Back Judge,Tony Josselyn,Side Judge,Mearl Robinson,Field Judge,Tra Blake
202011220htx,2020-11-22,Sunday,1:00pm,Houston Texans,New England Patriots,htx,nwe,27,20,Romeo Crennel,Bill Belichick,NRG Stadium,12503,3:05,retractable roof (closed),grass,,G/T,Tytus Howard,HowaTy00,C/G,Zach Fulton,FultZa00,QB,Deshaun Watson,WatsDe00,RB,Duke Johnson,JohnDu00,WR,Brandin Cooks,CookBr00,WR,Will Fuller,FullWi01,TE,Pharaoh Brown,BrowPh01,TE,Darren Fells,FellDa01,T,Roderick Johnson,JohnRo06,T,Max Scharping,SchaMa01,C,Nick Martin,MartNi00,DE,Carlos Watkins,WatkCa00,DE,J.J. Watt,,DT,P.J. Hall,,DT,Brandon Dunn,DunnBr00,ILB,Zach Cunningham,CunnZa00,ILB,Tyrell Adams,AdamTy00,LB,Whitney Mercilus,MercWh00,CB,Vernon Hargreaves III,HargVe00,CB,Bradley Roby,RobyBr00,S,Eric Murray,MurrEr00,S,Justin Reid,ReidJu00,QB,Cam Newton,NewtCa00,RB,Damien Harris,HarrDa06,FB,Jakob Johnson,JohnJa12,WR,Damiere Byrd,ByrdDa00,WR,Jakobi Meyers,MeyeJa01,TE,Ryan Izzo,IzzoRy00,OL,Shaq Mason,MasoSh01,OL,Isaiah Wynn,WynnIs00,OL,Joe Thuney,ThunJo00,OL,Michael Onwenu,OnweMi00,C,David Andrews,AndrDa00,DL,Lawrence Guy,GuyxLa00,DL,Byron Cowart,CowaBy00,DL,Chase Winovich,WinoCh00,DL,Deatrich Wise Jr.,WiseDe00,DE,John Simon,SimoJo01,LB,Ja'Whaun Bentley,BentJa00,CB,Stephon Gilmore,GilmSt00,DB,J.C. Jackson,,DB,Devin McCourty,McCoDe99,DB,Kyle Dugger,DuggKy00,DB,Adrian Phillips,PhilAd00,Referee,John Hussey,Umpire,Roy Ellison,Down Judge,Brian Bolinger,Line Judge,Tom Symonette,Back Judge,Grantis Bell,Side Judge,Allen Baynes,Field Judge,Steve Zimmer
202011220jax,2020-11-22,Sunday,1:00pm,Jacksonville Jaguars,Pittsburgh Steelers,jax,pit,3,27,Doug Marrone,Mike Tomlin,TIAA Bank Stadium,17244,3:04,outdoors,grass,"72 degrees, relative humidity 84%, wind 3 mph",CB/RS,Chris Claybrooks,ClayCh02,QB,Jake Luton,LutoJa00,RB,James Robinson,RobiJa00,WR,DJ Chark,CharDJ00,WR,Keelan Cole,ColeKe00,TE,Eric Saubert,SaubEr00,TE,Ben Ellefson,ElleBe00,OL,A.J. Cann,,OL,Cam Robinson,RobiCa00,OL,Andrew Norwell,NorwAn01,OL,Brandon Linder,LindBr00,OL,Jawaan Taylor,TaylJa02,DE,Josh Hines-Allen,AlleJo03,DE,Adam Gotsis,GotsAd00,DT,DaVon Hamilton,HamiDa02,DT,Doug Costin,CostDo00,LB,Joe Schobert,SchoJo00,LB,Myles Jack,JackMy00,LB,Kamalei Correa,CorrKa00,CB,Tre Herndon,HernTr00,S,Daniel Thomas,ThomDa07,S,Jarrod Wilson,WilsJa00,QB,Ben Roethlisberger,RoetBe00,RB,James Conner,ConnJa00,WR,Diontae Johnson,JohnDi01,WR,JuJu Smith-Schuster,SmitJu00,TE,Eric Ebron,EbroEr00,TE,Zach Gentry,GentZa00,OL,Chukwuma Okorafor,OkorCh00,OT,Alejandro Villanueva,VillAl00,G,Matt Feiler,FeilMa00,G,David DeCastro,DeCaDa00,C,Maurkice Pouncey,PounMa20,DE,Tyson Alualu,AluaTy99,DE,Stephon Tuitt,TuitSt00,DT,Cameron Heyward,HeywCa01,LB,Vince Williams,WillVi01,LB,T.J. Watt,,LB,Robert Spillane,SpilRo00,LB,Bud Dupree,DuprAl00,CB,Steven Nelson,NelsSt01,CB,Joe Haden,HadeJo99,S,Minkah Fitzpatrick,FitzMi00,S,Terrell Edmunds,EdmuTe00,Referee,Scott Novak,Umpire,Steven Woods,Down Judge,Kent Payne,Line Judge,Thomas Eaton,Back Judge,Terrence Miles,Side Judge,John Jenkins,Field Judge,Scott Edwards
202011220min,2020-11-22,Sunday,4:25pm,Minnesota Vikings,Dallas Cowboys,min,dal,28,31,Mike Zimmer,Mike McCarthy,U.S. Bank Stadium,,3:03,dome,sportturf,,QB,Kirk Cousins,CousKi00,RB,Dalvin Cook,CookDa01,WR,Adam Thielen,ThieAd00,WR,Justin Jefferson,JeffJu00,TE,Irv Smith Jr.,SmitIr01,TE,Kyle Rudolph,RudoKy00,T,Brian O'Neill,ONeiBr00,T,Riley Reiff,ReifRi00,G,Dakota Dozier,DoziDa00,C,Garrett Bradbury,BradGa00,C,Brett Jones,JoneBr04,DE,Jalyn Holmes,HolmJa01,DE,Ifeadi Odenigbo,OdenIf00,DT,Shamar Stephen,StepSh00,DT,Jaleel Johnson,JohnJa09,LB,Eric Wilson,WilsEr00,LB,Eric Kendricks,KendEr00,CB,Chris Jones,JoneCh06,CB,Jeff Gladney,GladJe00,CB,Kris Boyd,BoydKr00,S,Harrison Smith,SmitHa00,S,Anthony Harris,HarrAn01,QB,Andy Dalton,DaltAn00,RB,Ezekiel Elliott,ElliEz00,WR,Amari Cooper,CoopAm00,WR,Michael Gallup,GallMi00,WR,CeeDee Lamb,LambCe00,TE,Dalton Schultz,SchuDa00,T,Cameron Erving,ErviCa00,G,Connor Williams,WillCo00,G,Zack Martin,MartZa00,G,Connor McGovern,McGoCo01,C,Joe Looney,LoonJo01,DE,Aldon Smith,SmitAl04,DE,DeMarcus Lawrence,LawrDe00,DT,Antwaun Woods,WoodAn02,DT,Neville Gallimore,GallNe00,LB,Jaylon Smith,SmitJa05,LB,Leighton Vander Esch,VandLe00,CB,Anthony Brown,BrowAn02,CB,Jourdan Lewis,LewiJo01,DB,Chidobe Awuzie,AwuzCh00,S,Donovan Wilson,WilsDo01,S,Xavier Woods,WoodXa00,Referee,Bill Vinovich,Umpire,Terry Killens,Down Judge,Mike Carr,Line Judge,Jeff Seeman,Back Judge,Perry Paganelli,Side Judge,Don Willard,Field Judge,David Meslow
202011220nor,2020-11-22,Sunday,1:00pm,New Orleans Saints,Atlanta Falcons,nor,atl,24,9,Sean Payton,Raheem Morris,Mercedes-Benz Superdome,6000,3:12,dome,astroturf,,C/G,Cesar Ruiz,RuizCe00,G/T,Andrus Peat,PeatAn00,C/G,Erik McCoy,McCoEr01,QB,Taysom Hill,HillTa00,RB,Latavius Murray,MurrLa00,WR,Michael Thomas,ThomMi05,WR,Tre'Quan Smith,SmitTr03,TE,Adam Trautman,TrauAd00,TE,Garrett Griffin,GrifGa00,T,Terron Armstead,ArmsTe00,T,Ryan Ramczyk,RamcRy00,DE,Cameron Jordan,JordCa00,DE,Trey Hendrickson,HendTr00,DT,David Onyemata,OnyeDa00,DT,Malcom Brown,BrowMa01,LB,Demario Davis,DaviDe00,LB,Kwon Alexander,AlexKw00,CB,Jackrabbit Jenkins,JenkJa03,CB,Patrick Robinson,RobiPa99,DB,C.J. Gardner-Johnson,GardCh00,S,Malcolm Jenkins,JenkMa99,S,Marcus Williams,WillMa06,QB,Matt Ryan,RyanMa00,RB,Todd Gurley,GurlTo01,WR,Calvin Ridley,RidlCa00,WR,Julio Jones,JoneJu02,TE,Luke Stocker,StocLu00,TE,Hayden Hurst,HursHa00,T,Kaleb McGary,McGaKa00,T,Jake Matthews,MattJa00,G,James Carpenter,CarpJa00,G,Chris Lindstrom,LindCh00,C,Alex Mack,MackAl20,DE,Allen Bailey,BailAl00,DE,Steven Means,MeanSt00,DT,Grady Jarrett,JarrGr00,DT,Tyeler Davison,DaviTy01,LB,Deion Jones,JoneDe01,LB,Foyesade Oluokun,OluoFo00,LB,Mykal Walker,WalkMy00,CB,AJ Terrell,TerrAJ00,DB,Darqueze Dennard,DennDa00,S,Keanu Neal,NealKe01,S,Ricardo Allen,AlleRi00,Referee,Brad Allen,Umpire,Bruce Stritesky,Down Judge,Danny Short,Line Judge,Daniel Gallagher,Back Judge,Greg Meyer,Side Judge,Boris Cheek,Field Judge,Rick Patterson
202011220rai,2020-11-22,Sunday,8:20pm,Las Vegas Raiders,Kansas City Chiefs,rai,kan,31,35,Jon Gruden,Andy Reid,Allegiant Stadium,,3:04,dome,grass,,G/T,Denzelle Good,GoodDe01,QB,Derek Carr,CarrDe02,RB,Josh Jacobs,JacoJo01,WR,Nelson Agholor,AghoNe00,WR,Henry Ruggs III,RuggHe00,WR,Hunter Renfrow,RenfHu00,TE,Darren Waller,WallDa01,T,Kolton Miller,MillKo00,T,Brandon Parker,ParkBr01,G,Gabe Jackson,JackGa00,C,Rodney Hudson,HudsRo00,DE,Maxx Crosby,CrosMa00,DE,Carl Nassib,NassCa00,DT,Johnathan Hankins,HankJo00,DT,Maliek Collins,CollMa00,LB,Nick Kwiatkoski,KwiaNi00,LB,Nicholas Morrow,MorrNi00,CB,Nevin Lawson,LawsNe00,CB,Trayvon Mullen,MullTr00,CB,Damon Arnette,ArneDa00,S,Jeff Heath,HeatJe00,S,Johnathan Abram,AbraJo01,QB,Patrick Mahomes,MahoPa00,RB,Clyde Edwards-Helaire,EdwaCl00,WR,Demarcus Robinson,RobiDe01,WR,Tyreek Hill,HillTy00,WR,Byron Pringle,PrinBy00,TE,Travis Kelce,KelcTr00,T,Eric Fisher,FishEr00,T,Mike Remmers,RemmMi00,G,Nick Allegretti,AlleNi00,G,Andrew Wylie,WyliAn00,C,Austin Reiter,ReitAu00,DE,Tanoh Kpassagnon,KpasTa00,DE,Frank Clark,ClarFr01,DT,Derrick Nnadi,NnadDe00,DT,Chris Jones,JoneCh09,LB,Anthony Hitchens,HitcAn00,LB,Damien Wilson,WilsDa02,CB,Bashaud Breeland,BreeBa00,CB,Charvarius Ward,WardCh01,DB,L'Jarius Sneed,SneeLJ00,S,Daniel Sorensen,SoreDa01,S,Tyrann Mathieu,MathTy00,Referee,Carl Cheffers,Umpire,Richard Hall,Down Judge,Patrick Turner,Line Judge,Tim Podraza,Back Judge,Greg Wilson,Side Judge,Clay Reynard,Field Judge,Gary Cavaletto
202011220rav,2020-11-22,Sunday,1:00pm,Baltimore Ravens,Tennessee Titans,rav,oti,24,30,John Harbaugh,Mike Vrabel,M&amp;T Bank Stadium,,3:13,outdoors,grass,"53 degrees, relative humidity 67%, wind 6 mph",G/C,Bradley Bozeman,BozeBr00,WR/RS,Willie Snead,SneaWi00,C/G,Matt Skura,SkurMa01,G/C,Patrick Mekari,MekaPa00,QB,Lamar Jackson,JackLa00,RB,Gus Edwards,EdwaGu00,FB,Patrick Ricard,RicaPa00,WR,Marquise Brown,BrowMa04,T,Orlando Brown Jr.,BrowOr00,G,D.J. Fluker,FlukDJ00,G,Ben Powers,PoweBe00,DE,Derek Wolfe,WolfDe00,DT,Nnamdi Madubuike,MaduJu00,DT,Justin Ellis,ElliJu01,OLB,Pernell McPhee,McPhPe00,OLB,Matt Judon,JudoMa00,ILB,Patrick Queen,QueePa00,ILB,Malik Harrison,HarrMa06,CB,Marcus Peters,PeteMa00,DB,Marlon Humphrey,HumpMa00,S,DeShon Elliott,ElliDe02,S,Chuck Clark,ClarCh00,FB/RB,Khari Blasingame,BlasKh00,QB,Ryan Tannehill,TannRy00,RB,Derrick Henry,HenrDe00,WR,A.J. Brown,BrowAJ00,TE,Geoff Swaim,SwaiGe00,TE,Jonnu Smith,SmitJo01,OL,Nate Davis,DaviNa01,T,Ty Sambrailo,SambTy00,T,Dennis Kelly,KellDe00,C,Aaron Brewer,BrewAa01,C,Ben Jones,JoneBe01,DL,Jack Crawford,CrawJa00,DL,DaQuan Jones,JoneDa04,DT,Jeffery Simmons,SimmJe01,OLB,Harold Landry,LandHa00,OLB,Derick Roberson,RobeDe01,LB,Rashaan Evans,EvanRa01,LB,Jayon Brown,BrowJa06,CB,Breon Borders,BordBr00,CB,Malcolm Butler,ButlMa01,DB,Amani Hooker,HookAm00,S,Kevin Byard,ByarKe01,Referee,Alex Kemp,Umpire,Carl Paganelli,Down Judge,Dana McKenzie,Line Judge,Greg Bradley,Back Judge,Matt Edwards,Side Judge,Jabir Walker,Field Judge,Terry Brown
202011220sdg,2020-11-22,Sunday,4:05pm,Los Angeles Chargers,New York Jets,sdg,nyj,34,28,Anthony Lynn,Adam Gase,SoFi Stadium,,3:10,dome,matrixturf,,C/G,Dan Feeney,FeenDa00,QB,Justin Herbert,HerbJu00,RB,Kalen Ballage,BallKa00,WR,Keenan Allen,AlleKe00,TE,Donald Parham,ParhDo00,TE,Stephen Anderson,AndeSt01,TE,Hunter Henry,HenrHu00,T,Bryan Bulaga,BulaBr20,T,Sam Tevi,TeviSa00,G,Trai Turner,TurnTr01,G,Forrest Lamp,LampFo00,DE,Melvin Ingram,IngrMe00,DE,Joey Bosa,BosaJo00,DT,Justin Jones,JoneJu03,DT,Linval Joseph,JoseLi99,LB,Kenneth Murray,MurrKe00,LB,Denzel Perryman,PerrDe00,CB,Casey Hayward,HaywCa00,CB,Michael Davis,DaviMi03,CB,Tevaughn Campbell,CampTe00,S,Nasir Adderley,AddeNa00,S,Rayshawn Jenkins,JenkRa00,QB,Joe Flacco,FlacJo00,RB,Frank Gore,GoreFr00,WR,Jamison Crowder,CrowJa00,WR,Breshad Perriman,PerrBr02,WR,Denzel Mims,MimsDe00,TE,Ryan Griffin,GrifRy00,OL,Connor McGovern,McGoCo00,OL,Alex Lewis,LewiAl01,T,Mekhi Becton,BectMe00,T,George Fant,FantGe00,G,Greg Van Roten,VanRGr00,DL,Quinnen Williams,WillQu00,DL,John Franklin-Myers,FranJo02,DL,Folorunso Fatukasi,FatuFo00,LB,Jordan Jenkins,JenkJo01,LB,Harvey Langi,LangHa00,LB,Frankie Luvu,LuvuFr00,LB,Neville Hewitt,HewiNe00,CB,Lamar Jackson,JackLa02,CB,Bryce Hall,HallBr02,S,Marcus Maye,MayeMa00,S,Ashtyn Davis,DaviAs00,Referee,Craig Wrolstad,Umpire,Ruben Fowler,Down Judge,Jerry Bergman,Line Judge,David Oliver,Back Judge,Keith Ferguson,Side Judge,Dave Hawkshaw,Field Judge,Aaron Santi
202011220was,2020-11-22,Sunday,1:00pm,Washington Football Team,Cincinnati Bengals,was,cin,20,9,Ron Rivera,Zac Taylor,FedExField,,3:02,outdoors,grass,"57 degrees, relative humidity 63%, wind 7 mph",QB,Alex Smith,SmitAl03,RB,Antonio Gibson,GibsAn00,WR,Isaiah Wright,WrigIs01,WR,Terry McLaurin,McLaTe00,WR,Cam Sims,SimsCa00,TE,Logan Thomas,ThomLo00,T,Morgan Moses,MoseMo00,T,David Sharpe,SharDa02,G,Brandon Scherff,ScheBr00,G,Wes Schweitzer,SchwWe00,C,Chase Roullier,RoulCh00,DE,Chase Young,YounCh04,DE,Montez Sweat,SweaMo00,DT,Daron Payne,PaynDa00,DT,Jonathan Allen,AlleJo01,LB,Kevin Pierre-Louis,PierKe00,LB,Cole Holcomb,HolcCo00,CB,Jimmy Moreland,MoreJi00,CB,Kendall Fuller,FullKe00,CB,Ronald Darby,DarbRo00,S,Kamren Curl,CurlKa00,S,Troy Apke,ApkeTr00,G/OT,Hakeem Adeniji,AdenHa00,QB,Joe Burrow,BurrJo01,HB,Giovani Bernard,BernGi00,WR,Tee Higgins,HiggTe00,WR,Tyler Boyd,BoydTy00,WR,A.J. Green,,TE,Drew Sample,SampDr00,OT,Jonah Williams,WillJo10,G,Michael Jordan,JordMi01,G,Quinton Spain,SpaiQu00,C,Trey Hopkins,HopkTr01,DE,Sam Hubbard,HubbSa00,DE,Carl Lawson,LawsCa00,DT,Christian Covington,CoviCh00,DT,Mike Daniels,DaniMi00,LB,Josh Bynes,ByneJo00,LB,Germaine Pratt,PratGe00,CB,William Jackson III,JackWi02,CB,LeShaun Sims,SimsLe00,CB,Mackensie Alexander,AlexMa01,S,Vonn Bell,BellVo00,S,Jessie Bates III,BateJe00,Referee,Shawn Smith,Umpire,Bryan Neale,Down Judge,Michael Dolce,Line Judge,Mark Steinkerchner,Back Judge,Dino Paganelli,Side Judge,Jimmy Buchanan,Field Judge,Dyrol Prioleau
202011230tam,2020-11-23,Monday,8:15pm,Tampa Bay Buccaneers,Los Angeles Rams,tam,ram,24,27,Bruce Arians,Sean McVay,Raymond James Stadium,15730,3:06,outdoors,grass,"69 degrees, relative humidity 65%, wind 5 mph",QB,Tom Brady,BradTo00,RB,Ronald Jones II,JoneRo01,WR,Antonio Brown,BrowAn04,WR,Chris Godwin,GodwCh00,WR,Mike Evans,EvanMi00,TE,Rob Gronkowski,GronRo00,T,Tristan Wirfs,WirfTr00,T,Donovan Smith,SmitDo02,G,Alex Cappa,CappAl00,C,Ryan Jensen,JensRy00,C,A.Q. Shipley,,DL,William Gholston,GholWi00,DL,Rakeem Nunez-Roches,NuneRa00,DL,Ndamukong Suh,SuhxNd99,OLB,Jason Pierre-Paul,PierJa99,OLB,Shaquil Barrett,BarrSh00,ILB,Lavonte David,DaviLa00,ILB,Devin White,WhitDe02,CB,Jamel Dean,DeanJa00,CB,Carlton Davis,DaviCa02,S,Jordan Whitehead,WhitJo03,S,Antoine Winfield Jr.,WinfAn00,QB,Jared Goff,GoffJa00,RB,Darrell Henderson,HendDa00,WR,Robert Woods,WoodRo02,WR,Josh Reynolds,ReynJo00,WR,Cooper Kupp,KuppCo00,TE,Tyler Higbee,HigbTy00,OL,David Edwards,EdwaDa01,OL,Rob Havenstein,HaveRo00,OL,Austin Blythe,BlytAu00,OL,Joseph Noteboom,NoteJo00,OL,Austin Corbett,CorbAu00,DL,Sebastian Joseph-Day,JoseSe00,DL,Aaron Donald,DonaAa00,DL,Michael Brockers,BrocMi00,OLB,Leonard Floyd,FloyLe00,OLB,Samson Ebukam,EbukSa00,ILB,Micah Kiser,KiseMi00,CB,Troy Hill,HillTr01,CB,Jalen Ramsey,RamsJa00,CB,Darious Williams,WillDa09,S,Jordan Fuller,FullJo01,S,John Johnson,JohnJo10,Referee,Jerome Boger,Umpire,Barry Anderson,Down Judge,Julian Mapp,Line Judge,Carl Johnson,Back Judge,Greg Steed,Side Judge,Anthony Jeffries,Field Judge,Dale Shaw
202011260dal,2020-11-26,Thursday,4:30pm,Dallas Cowboys,Washington Football Team,dal,was,16,41,Mike McCarthy,Ron Rivera,AT&amp;T Stadium,30048,3:11,retractable roof (closed),fieldturf,,QB,Andy Dalton,DaltAn00,RB,Ezekiel Elliott,ElliEz00,WR,Amari Cooper,CoopAm00,WR,Michael Gallup,GallMi00,WR,CeeDee Lamb,LambCe00,TE,Dalton Schultz,SchuDa00,T,Cameron Erving,ErviCa00,G,Zack Martin,MartZa00,G,Connor Williams,WillCo00,G,Connor McGovern,McGoCo01,C,Joe Looney,LoonJo01,DE,DeMarcus Lawrence,LawrDe00,DE,Aldon Smith,SmitAl04,DT,Neville Gallimore,GallNe00,DT,Antwaun Woods,WoodAn02,LB,Jaylon Smith,SmitJa05,LB,Leighton Vander Esch,VandLe00,CB,Chidobe Awuzie,AwuzCh00,CB,Jourdan Lewis,LewiJo01,CB,Rashard Robinson,RobiRa00,S,Donovan Wilson,WilsDo01,S,Xavier Woods,WoodXa00,QB,Alex Smith,SmitAl03,RB,Antonio Gibson,GibsAn00,RB,J.D. McKissic,,WR,Cam Sims,SimsCa00,WR,Terry McLaurin,McLaTe00,TE,Logan Thomas,ThomLo00,T,David Sharpe,SharDa02,T,Morgan Moses,MoseMo00,G,Wes Schweitzer,SchwWe00,G,Brandon Scherff,ScheBr00,C,Chase Roullier,RoulCh00,DE,Chase Young,YounCh04,DE,Montez Sweat,SweaMo00,DT,Daron Payne,PaynDa00,DT,Jonathan Allen,AlleJo01,LB,Cole Holcomb,HolcCo00,LB,Jonathan Bostic,BostJo00,CB,Jimmy Moreland,MoreJi00,CB,Kendall Fuller,FullKe00,CB,Ronald Darby,DarbRo00,S,Kamren Curl,CurlKa00,S,Troy Apke,ApkeTr00,Referee,Clay Martin,Umpire,Tony Michalek,Down Judge,Derick Bowers,Line Judge,Frank LeBlanc,Back Judge,Steve Patrick,Side Judge,Jeff Lamberth,Field Judge,Mike Weatherford
202011260det,2020-11-26,Thursday,12:30pm,Detroit Lions,Houston Texans,det,htx,25,41,Matt Patricia,Romeo Crennel,Ford Field,,3:14,dome,fieldturf,,RB/WR,Jamal Agnew,AgneJa00,QB,Matthew Stafford,StafMa00,RB,Adrian Peterson,PeteAd01,WR,Marvin Jones,JoneMa02,WR,Marvin Hall,HallMa02,TE,T.J. Hockenson,HockTJ00,OL,Jonah Jackson,JackJo03,OL,Oday Aboushi,AbouOd00,OL,Frank Ragnow,RagnFr00,OL,Tyrell Crosby,CrosTy00,T,Taylor Decker,DeckTa00,DL,John Penisini,PeniJo00,DE,Romeo Okwara,OkwaRo01,DT,Danny Shelton,ShelDa01,LB,Jamie Collins,CollJa00,LB,Christian Jones,JoneCh05,LB,Reggie Ragland,RaglRe00,CB,Desmond Trufant,TrufDe00,CB,Amani Oruwariye,OruwAm00,S,Jayron Kearse,KearJa00,S,Will Harris,HarrWi02,S,Duron Harmon,HarmDu00,C/G,Zach Fulton,FultZa00,G/T,Tytus Howard,HowaTy00,G/T,Max Scharping,SchaMa01,QB,Deshaun Watson,WatsDe00,RB,Duke Johnson,JohnDu00,WR,Brandin Cooks,CookBr00,WR,Will Fuller,FullWi01,TE,Jordan Akins,AkinJo00,TE,Darren Fells,FellDa01,T,Laremy Tunsil,TunsLa00,C,Nick Martin,MartNi00,DE,J.J. Watt,,DE,Carlos Watkins,WatkCa00,DT,Brandon Dunn,DunnBr00,OLB,Whitney Mercilus,MercWh00,ILB,Zach Cunningham,CunnZa00,ILB,Tyrell Adams,AdamTy00,CB,Bradley Roby,RobyBr00,CB,Vernon Hargreaves III,HargVe00,S,Eric Murray,MurrEr00,S,Justin Reid,ReidJu00,S,Lonnie Johnson Jr.,JohnLo01,Referee,Shawn Smith,Umpire,Carl Paganelli,Down Judge,Michael Dolce,Line Judge,Mark Steinkerchner,Back Judge,Dino Paganelli,Side Judge,Jimmy Buchanan,Field Judge,Dyrol Prioleau
202011290atl,2020-11-29,Sunday,1:00pm,Atlanta Falcons,Las Vegas Raiders,atl,rai,43,6,Raheem Morris,Jon Gruden,Mercedes-Benz Stadium,9124,3:30,retractable roof (closed),fieldturf,,QB,Matt Ryan,RyanMa00,RB,Brian Hill,HillBr02,FB,Keith Smith,SmitKe03,WR,Calvin Ridley,RidlCa00,WR,Russell Gage,GageRu00,TE,Hayden Hurst,HursHa00,T,Kaleb McGary,McGaKa00,T,Jake Matthews,MattJa00,G,James Carpenter,CarpJa00,G,Chris Lindstrom,LindCh00,C,Alex Mack,MackAl20,DE,Steven Means,MeanSt00,DE,Dante Fowler,FowlDa00,DT,Grady Jarrett,JarrGr00,DT,Tyeler Davison,DaviTy01,LB,Deion Jones,JoneDe01,LB,Foyesade Oluokun,OluoFo00,LB,Mykal Walker,WalkMy00,CB,AJ Terrell,TerrAJ00,DB,Darqueze Dennard,DennDa00,S,Ricardo Allen,AlleRi00,S,Keanu Neal,NealKe01,G/T,Denzelle Good,GoodDe01,QB,Derek Carr,CarrDe02,RB,Josh Jacobs,JacoJo01,FB,Alec Ingold,IngoAl01,WR,Nelson Agholor,AghoNe00,WR,Henry Ruggs III,RuggHe00,TE,Darren Waller,WallDa01,T,Kolton Miller,MillKo00,T,Brandon Parker,ParkBr01,G,Gabe Jackson,JackGa00,C,Rodney Hudson,HudsRo00,DE,Maxx Crosby,CrosMa00,DE,Carl Nassib,NassCa00,DT,Johnathan Hankins,HankJo00,DT,Maliek Collins,CollMa00,LB,Nick Kwiatkoski,KwiaNi00,LB,Cory Littleton,LittCo01,LB,Nicholas Morrow,MorrNi00,CB,Trayvon Mullen,MullTr00,CB,Damon Arnette,ArneDa00,S,Jeff Heath,HeatJe00,S,Johnathan Abram,AbraJo01,Referee,Land Clark,Umpire,Alan Eck,Down Judge,Tripp Sutter,Line Judge,Mark Stewart,Back Judge,Tony Josselyn,Side Judge,Mearl Robinson,Field Judge,Tra Blake
202011290buf,2020-11-29,Sunday,1:00pm,Buffalo Bills,Los Angeles Chargers,buf,sdg,27,17,Sean McDermott,Anthony Lynn,Bills Stadium,,3:13,outdoors,astroturf,"48 degrees, relative humidity 52%, wind 7 mph",QB,Josh Allen,AlleJo02,RB,Devin Singletary,SingDe00,WR,Cole Beasley,BeasCo00,WR,Gabe Davis,DaviGa01,WR,Stefon Diggs,DiggSt00,TE,Dawson Knox,KnoxDa00,OL,Daryl Williams,WillDa06,T,Dion Dawkins,DawkDi00,G,Brian Winters,WintBr00,G,Jon Feliciano,FeliJo00,C,Mitch Morse,MorsMi00,DE,Jerry Hughes,HughJe99,DE,Mario Addison,AddiMa00,DT,Ed Oliver,OlivEd00,DT,Vernon Butler,ButlVe00,LB,A.J. Klein,KleiAJ00,LB,Tremaine Edmunds,EdmuTr01,CB,Taron Johnson,JohnTa01,CB,Tre'Davious White,WhitTr01,DB,Levi Wallace,WallLe00,S,Micah Hyde,HydeMi00,S,Jordan Poyer,PoyeJo00,C/G,Dan Feeney,FeenDa00,QB,Justin Herbert,HerbJu00,RB,Austin Ekeler,EkelAu00,WR,Keenan Allen,AlleKe00,WR,Mike Williams,WillMi07,WR,Jalen Guyton,GuytJa01,TE,Hunter Henry,HenrHu00,T,Trey Pipkins,PipkTr00,T,Sam Tevi,TeviSa00,G,Forrest Lamp,LampFo00,G,Trai Turner,TurnTr01,DE,Joey Bosa,BosaJo00,DT,Justin Jones,JoneJu03,DT,Linval Joseph,JoseLi99,DT,Jerry Tillery,TillJe00,LB,Kenneth Murray,MurrKe00,LB,Denzel Perryman,PerrDe00,CB,Michael Davis,DaviMi03,CB,Tevaughn Campbell,CampTe00,DB,Chris Harris Jr.,HarrCh01,S,Rayshawn Jenkins,JenkRa00,S,Nasir Adderley,AddeNa00,Referee,Alex Kemp,Umpire,Carl Paganelli,Down Judge,Dana McKenzie,Line Judge,Greg Bradley,Back Judge,Dino Paganelli,Side Judge,Jabir Walker,Field Judge,Dominique Pender
202011290cin,2020-11-29,Sunday,1:00pm,Cincinnati Bengals,New York Giants,cin,nyg,17,19,Zac Taylor,Joe Judge,Paul Brown Stadium,10208,2:58,outdoors,grass,"52 degrees, relative humidity 50%, wind 4 mph",QB,Brandon Allen,AlleBr00,HB,Giovani Bernard,BernGi00,WR,Tee Higgins,HiggTe00,WR,A.J. Green,,WR,Tyler Boyd,BoydTy00,TE,Drew Sample,SampDr00,OT,Jonah Williams,WillJo10,OT,Bobby Hart,HartBo00,G,Quinton Spain,SpaiQu00,G,Alex Redmond,RedmAl01,C,Trey Hopkins,HopkTr01,DE,Sam Hubbard,HubbSa00,DE,Carl Lawson,LawsCa00,DT,Mike Daniels,DaniMi00,DT,Christian Covington,CoviCh00,LB,Germaine Pratt,PratGe00,LB,Josh Bynes,ByneJo00,CB,William Jackson III,JackWi02,CB,Mackensie Alexander,AlexMa01,CB,LeShaun Sims,SimsLe00,S,Vonn Bell,BellVo00,S,Jessie Bates III,BateJe00,QB,Daniel Jones,JoneDa05,RB,Wayne Gallman,GallWa00,WR,Golden Tate,TateGo00,WR,Darius Slayton,SlayDa01,WR,Sterling Shepard,ShepSt00,TE,Evan Engram,EngrEv00,OL,Shane Lemieux,LemiSh00,T,Cameron Fleming,FlemCa00,T,Andrew Thomas,ThomAn02,G,Kevin Zeitler,ZeitKe00,C,Nick Gates,GateNi00,DL,Dalvin Tomlinson,TomlDa00,DL,Dexter Lawrence,LawrDe03,DL,Jabaal Sheard,SheaJa00,LB,Blake Martinez,MartBl01,LB,Kyler Fackrell,FackKy00,LB,Devante Downs,DownDe00,CB,James Bradberry,BradJa00,CB,Darnay Holmes,HolmDa01,CB,Isaac Yiadom,YiadIs00,DB,Logan Ryan,RyanLo00,S,Jabrill Peppers,PeppJa00,Referee,Carl Cheffers,Umpire,Richard Hall,Down Judge,Patrick Turner,Line Judge,Tim Podraza,Back Judge,Greg Wilson,Side Judge,Clay Reynard,Field Judge,Gary Cavaletto
202011290clt,2020-11-29,Sunday,1:00pm,Indianapolis Colts,Tennessee Titans,clt,oti,26,45,Frank Reich,Mike Vrabel,Lucas Oil Stadium,12464,3:24,retractable roof (closed),fieldturf,,T/G,Braden Smith,SmitBr06,G/C,Quenton Nelson,NelsQu00,DT/DE,Tyquan Lewis,LewiTy00,QB,Philip Rivers,RivePh00,RB,Nyheim Hines,HineNy00,WR,Michael Pittman Jr.,PittMi01,WR,T.Y. Hilton,,WR,Zach Pascal,PascZa00,TE,Jack Doyle,DoylJa00,T,Anthony Castonzo,CastAn00,G,Danny Pinter,PintDa00,G,Mark Glowinski,GlowMa00,DE,Justin Houston,HousJu00,DT,Taylor Stallworth,StalTa00,DT,Grover Stewart,StewGr00,LB,Shaquille Leonard,LeonDa00,LB,Zaire Franklin,FranZa00,LB,Anthony Walker,WalkAn01,CB,Kenny Moore,MoorKe03,CB,Xavier Rhodes,RhodXa00,S,Julian Blackmon,BlacJu01,S,Khari Willis,WillKh00,FB/RB,Khari Blasingame,BlasKh00,QB,Ryan Tannehill,TannRy00,RB,Derrick Henry,HenrDe00,WR,A.J. Brown,BrowAJ00,WR,Corey Davis,DaviCo03,TE,Geoff Swaim,SwaiGe00,OL,David Quessenberry,QuesDa00,OL,Nate Davis,DaviNa01,T,Dennis Kelly,KellDe00,G,Rodger Saffold,SaffRo20,C,Ben Jones,JoneBe01,DL,DaQuan Jones,JoneDa04,DL,Jack Crawford,CrawJa00,DT,Jeffery Simmons,SimmJe01,OLB,Harold Landry,LandHa00,LB,Rashaan Evans,EvanRa01,LB,William Compton,CompWi00,CB,Breon Borders,BordBr00,CB,Desmond King,KingDe01,CB,Malcolm Butler,ButlMa01,S,Kevin Byard,ByarKe01,S,Kenny Vaccaro,VaccKe00,Referee,John Hussey,Umpire,Roy Ellison,Down Judge,Brian Bolinger,Line Judge,Tom Symonette,Back Judge,Grantis Bell,Side Judge,Allen Baynes,Field Judge,Steve Zimmer
202011290den,2020-11-29,Sunday,4:05pm,Denver Broncos,New Orleans Saints,den,nor,3,31,Vic Fangio,Sean Payton,Empower Field at Mile High,,2:40,outdoors,grass,"38 degrees, relative humidity 33%, wind 6 mph",RB,Phillip Lindsay,LindPh00,RB,Melvin Gordon,GordMe00,WR,Tim Patrick,PatrTi00,WR,Jerry Jeudy,JeudJe00,TE,Noah Fant,FantNo00,TE,Nick Vannett,VannNi00,T,Demar Dotson,DotsDe00,T,Garett Bolles,BollGa00,G,Dalton Risner,RisnDa00,G,Graham Glasgow,GlasGr00,C,Lloyd Cushenberry III,CushLl00,DL,DeShawn Williams,WillDe04,DE,Dre'Mont Jones,JoneDr00,DE,DeMarcus Walker,WalkDe03,OLB,Bradley Chubb,ChubBr00,OLB,Malik Reed,ReedMa01,ILB,Josey Jewell,JeweJo00,ILB,Alexander Johnson,JohnAl01,CB,Bryce Callahan,CallBr00,CB,A.J. Bouye,,S,Justin Simmons,SimmJu00,S,Kareem Jackson,JackKa99,C/G,Nick Easton,EastNi00,C/G,Cesar Ruiz,RuizCe00,C/G,Erik McCoy,McCoEr01,QB,Taysom Hill,HillTa00,RB,Latavius Murray,MurrLa00,WR,Michael Thomas,ThomMi05,WR,Tre'Quan Smith,SmitTr03,TE,Adam Trautman,TrauAd00,TE,Josh Hill,HillJo02,OL,James Hurst,HursJa00,T,Ryan Ramczyk,RamcRy00,DE,Trey Hendrickson,HendTr00,DE,Cameron Jordan,JordCa00,DT,Malcom Brown,BrowMa01,DT,David Onyemata,OnyeDa00,LB,Demario Davis,DaviDe00,LB,Kwon Alexander,AlexKw00,CB,Marshon Lattimore,LattMa01,CB,Jackrabbit Jenkins,JenkJa03,DB,C.J. Gardner-Johnson,GardCh00,S,Malcolm Jenkins,JenkMa99,S,Marcus Williams,WillMa06,Referee,Craig Wrolstad,Umpire,Ruben Fowler,Down Judge,Jerry Bergman,Line Judge,David Oliver,Back Judge,Keith Ferguson,Side Judge,Dave Hawkshaw,Field Judge,Aaron Santi
202011290gnb,2020-11-29,Sunday,8:20pm,Green Bay Packers,Chicago Bears,gnb,chi,41,25,Matt LaFleur,Matt Nagy,Lambeau Field,,3:05,outdoors,grass,"37 degrees, relative humidity 59%, wind 13 mph",G/T,Billy Turner,TurnBi00,QB,Aaron Rodgers,RodgAa00,RB,Aaron Jones,JoneAa00,WR,Marquez Valdes-Scantling,ValdMa00,WR,Davante Adams,AdamDa01,WR,Allen Lazard,LazaAl00,TE,Marcedes Lewis,LewiMa00,T,David Bakhtiari,BakhDa00,G,Elgton Jenkins,JenkEl00,G,Lucas Patrick,PatrLu00,C,Corey Linsley,LinsCo00,DL,Kenny Clark,ClarKe01,DL,Dean Lowry,LowrDe00,LB,Christian Kirksey,KirkCh00,LB,Rashan Gary,GaryRa00,LB,Kamal Martin,MartKa01,LB,Za'Darius Smith,SmitZa00,CB,Kevin King,KingKe01,CB,Chandon Sullivan,SullCh00,CB,Jaire Alexander,AlexJa00,S,Darnell Savage Jr.,SavaDa00,S,Adrian Amos,AmosAd00,QB,Mitchell Trubisky,TrubMi00,RB,David Montgomery,MontDa01,WR,Allen Robinson,RobiAl02,WR,Darnell Mooney,MoonDa00,TE,Jimmy Graham,GrahJi00,TE,Cole Kmet,KmetCo00,OL,Cody Whitehair,WhitCo03,OL,Alex Bars,BarsAl01,OL,Sam Mustipher,MustSa01,OL,Charles Leno Jr.,LenoCh00,OL,Germain Ifedi,IfedGe00,DE,Brent Urban,UrbaBr00,DT,Bilal Nichols,NichBi00,LB,Khalil Mack,MackKh00,LB,Robert Quinn,QuinRo00,LB,Roquan Smith,SmitRo07,LB,Danny Trevathan,TrevDa00,DB,Jaylon Johnson,JohnJa13,DB,Eddie Jackson,JackEd01,DB,Buster Skrine,SkriBu00,DB,Tashaun Gipson,GipsTa00,DB,Kyle Fuller,FullKy00,Referee,Clete Blakeman,Umpire,Fred Bryan,Down Judge,Mark Hittner,Line Judge,Carl Johnson,Back Judge,Scott Helverson,Side Judge,Michael Banks,Field Judge,Joe Blubaugh
202011290jax,2020-11-29,Sunday,1:00pm,Jacksonville Jaguars,Cleveland Browns,jax,cle,25,27,Doug Marrone,Kevin Stefanski,TIAA Bank Stadium,15926,3:12,outdoors,grass,"70 degrees, relative humidity 83%, wind 1 mph",QB,Mike Glennon,GlenMi00,RB,James Robinson,RobiJa00,WR,Keelan Cole,ColeKe00,WR,Laviska Shenault Jr.,ShenLa00,TE,Ben Ellefson,ElleBe00,TE,Eric Saubert,SaubEr00,OL,A.J. Cann,,OL,Jawaan Taylor,TaylJa02,OL,Tyler Shatley,ShatTy00,OL,Cam Robinson,RobiCa00,OL,Brandon Linder,LindBr00,DL,Dawuane Smoot,SmooDa00,DE,Adam Gotsis,GotsAd00,DT,DaVon Hamilton,HamiDa02,DT,Doug Costin,CostDo00,LB,Myles Jack,JackMy00,LB,Joe Schobert,SchoJo00,LB,Kamalei Correa,CorrKa00,CB,Tre Herndon,HernTr00,CB,Luq Barcoo,BarcLu00,S,Jarrod Wilson,WilsJa00,S,Andrew Wingard,WingAn01,QB,Baker Mayfield,MayfBa00,RB,Nick Chubb,ChubNi00,WR,Jarvis Landry,LandJa00,WR,Rashard Higgins,HiggRa00,TE,Harrison Bryant,BryaHa00,TE,Austin Hooper,HoopAu00,T,Jack Conklin,ConkJa00,T,Jedrick Wills Jr.,WillJe04,G,Joel Bitonio,BitoJo00,G,Wyatt Teller,TellWy00,C,J.C. Tretter,TretJC00,DE,Adrian Clayborn,ClayAd00,DE,Olivier Vernon,VernOl00,DT,Larry Ogunjobi,OgunLa00,DT,Sheldon Richardson,RichSh00,LB,B.J. Goodson,,LB,Malcolm Smith,SmitMa02,LB,Mack Wilson,WilsMa03,CB,Kevin Johnson,JohnKe04,CB,Terrance Mitchell,MitcTe00,S,Ronnie Harrison,HarrRo02,S,Andrew Sendejo,SendAn00,Referee,Jerome Boger,Umpire,Barry Anderson,Down Judge,Julian Mapp,Line Judge,Rusty Baynes,Back Judge,Brad Freeman,Side Judge,Anthony Jeffries,Field Judge,Dale Shaw
202011290min,2020-11-29,Sunday,1:00pm,Minnesota Vikings,Carolina Panthers,min,car,28,27,Mike Zimmer,Matt Rhule,U.S. Bank Stadium,,3:20,dome,sportturf,,QB,Kirk Cousins,CousKi00,RB,Dalvin Cook,CookDa01,FB,C.J. Ham,,WR,Justin Jefferson,JeffJu00,WR,Olabisi Johnson,JohnOl00,TE,Kyle Rudolph,RudoKy00,T,Riley Reiff,ReifRi00,T,Brian O'Neill,ONeiBr00,G,Dakota Dozier,DoziDa00,C,Garrett Bradbury,BradGa00,C,Brett Jones,JoneBr04,DE,Jalyn Holmes,HolmJa01,DE,Ifeadi Odenigbo,OdenIf00,DT,Jaleel Johnson,JohnJa09,DT,Shamar Stephen,StepSh00,LB,Eric Kendricks,KendEr00,LB,Troy Dye,DyexTr00,LB,Eric Wilson,WilsEr00,CB,Jeff Gladney,GladJe00,CB,Cameron Dantzler,DantCa00,S,Anthony Harris,HarrAn01,S,Harrison Smith,SmitHa00,QB,Teddy Bridgewater,BridTe00,RB,Mike Davis,DaviMi01,WR,Robbie Chosen,AndeRo04,WR,D.J. Moore,,TE,Colin Thompson,ThomCo03,TE,Chris Manhertz,ManhCh00,T,Taylor Moton,MotoTa00,T,Russell Okung,OkunRu20,G,Chris Reed,ReedCh00,G,John Miller,MillJo04,C,Matt Paradis,ParaMa00,DE,Brian Burns,BurnBr00,DE,Yetur Gross-Matos,GrosYe00,DT,Derrick Brown,BrowDe05,DT,Bravvion Roy,RoyxBr00,LB,Shaq Thompson,ThomSh01,LB,Jermaine Carter Jr.,CartJe00,CB,Troy Pride Jr.,PridTr00,DB,Rasul Douglas,DougRa00,S,Jeremy Chinn,ChinJe00,S,Juston Burris,BurrJu00,S,Tre Boston,BostTr00,Referee,Brad Rogers,Umpire,Tab Slaughter,Down Judge,Jerod Phillips,Line Judge,Walt Coleman IV,Back Judge,Greg Meyer,Side Judge,Eugene Hall,Field Judge,Nathan Jones
202011290nwe,2020-11-29,Sunday,1:00pm,New England Patriots,Arizona Cardinals,nwe,crd,20,17,Bill Belichick,Kliff Kingsbury,Gillette Stadium,,3:04,outdoors,fieldturf,"52 degrees, relative humidity 40%, wind 8 mph",QB,Cam Newton,NewtCa00,RB,Damien Harris,HarrDa06,FB,Jakob Johnson,JohnJa12,WR,Damiere Byrd,ByrdDa00,WR,N'Keal Harry,HarrNK00,TE,Ryan Izzo,IzzoRy00,OL,Michael Onwenu,OnweMi00,OL,Shaq Mason,MasoSh01,OL,Joe Thuney,ThunJo00,G,Jermaine Eluemunor,ElueJe00,C,David Andrews,AndrDa00,DL,Lawrence Guy,GuyxLa00,DL,Chase Winovich,WinoCh00,DL,Deatrich Wise Jr.,WiseDe00,DL,Adam Butler,ButlAd00,DE,John Simon,SimoJo01,LB,Ja'Whaun Bentley,BentJa00,CB,Stephon Gilmore,GilmSt00,DB,Adrian Phillips,PhilAd00,DB,Devin McCourty,McCoDe99,DB,J.C. Jackson,,DB,Kyle Dugger,DuggKy00,QB,Kyler Murray,MurrKy00,RB,Kenyan Drake,DrakKe00,WR,Andy Isabella,IsabAn00,WR,DeAndre Hopkins,HopkDe00,TE,Maxx Williams,WillMa04,TE,Evan Baylis,BaylEv00,OL,Mason Cole,ColeMa02,OL,J.R. Sweezy,,OL,Justin Pugh,PughJu00,OL,D.J. Humphries,,OL,Kelvin Beachum,BeacKe00,DL,Angelo Blackson,BlacAn00,DL,Trevon Coley,ColeTr01,DE,Zach Allen,AlleZa01,NT,Domata Peko,PekoDo20,LB,Jordan Hicks,HickJo00,LB,Markus Golden,GoldMa00,LB,Haason Reddick,ReddHa00,LB,De'Vondre Campbell,CampDe00,CB,Dre Kirkpatrick,KirkDr00,CB,Patrick Peterson,PetePa00,S,Budda Baker,BakeBu00,Referee,Bill Vinovich,Umpire,Terry Killens,Down Judge,Mike Carr,Line Judge,Jeff Seeman,Back Judge,Perry Paganelli,Side Judge,Don Willard,Field Judge,David Meslow
202011290nyj,2020-11-29,Sunday,1:00pm,New York Jets,Miami Dolphins,nyj,mia,3,20,Adam Gase,Brian Flores,MetLife Stadium,,2:56,outdoors,fieldturf,"54 degrees, relative humidity 32%, wind 2 mph",QB,Sam Darnold,DarnSa00,RB,Frank Gore,GoreFr00,WR,Breshad Perriman,PerrBr02,WR,Denzel Mims,MimsDe00,TE,Ryan Griffin,GrifRy00,TE,Chris Herndon,HernCh00,OL,Connor McGovern,McGoCo00,OL,Conor McDermott,McDeCo00,T,Mekhi Becton,BectMe00,G,Greg Van Roten,VanRGr00,C,Pat Elflein,ElflPa00,DL,Quinnen Williams,WillQu00,DL,Folorunso Fatukasi,FatuFo00,LB,Jordan Jenkins,JenkJo01,LB,Harvey Langi,LangHa00,LB,Neville Hewitt,HewiNe00,LB,Tarell Basham,BashTa00,CB,Arthur Maulet,MaulAr00,CB,Lamar Jackson,JackLa02,CB,Bryce Hall,HallBr02,S,Marcus Maye,MayeMa00,S,Ashtyn Davis,DaviAs00,G/T,Jesse Davis,DaviJe00,RB/WR,Malcolm Perry,PerrMa00,G/T,Robert Hunt,HuntRo01,QB,Ryan Fitzpatrick,FitzRy00,RB,Matt Breida,BreiMa00,WR,DeVante Parker,ParkDe01,TE,Durham Smythe,SmytDu00,TE,Mike Gesicki,GesiMi00,T,Austin Jackson,JackAu00,G,Ereck Flowers,FlowEr00,C,Ted Karras,KarrTe00,DE,Shaq Lawson,LawsSh00,DT,Zach Sieler,SielZa00,DT,Raekwon Davis,DaviRa03,DT,Christian Wilkins,WilkCh00,LB,Elandon Roberts,RobeEl00,LB,Andrew Van Ginkel,VanGAn00,LB,Kyle Van Noy,VanNKy00,CB,Byron Jones,JoneBy00,CB,Xavien Howard,HowaXa00,S,Bobby McCain,McCaBo01,S,Eric Rowe,RoweEr00,Referee,Adrian Hill,Umpire,Paul King,Down Judge,Ed Camp,Line Judge,Kevin Codey,Back Judge,Greg Steed,Side Judge,Keith Washington,Field Judge,Jim Quirk
202011290ram,2020-11-29,Sunday,4:05pm,Los Angeles Rams,San Francisco 49ers,ram,sfo,20,23,Sean McVay,Kyle Shanahan,SoFi Stadium,,3:11,dome,matrixturf,,QB,Jared Goff,GoffJa00,RB,Darrell Henderson,HendDa00,WR,Robert Woods,WoodRo02,WR,Josh Reynolds,ReynJo00,WR,Cooper Kupp,KuppCo00,TE,Tyler Higbee,HigbTy00,OL,Austin Blythe,BlytAu00,OL,Austin Corbett,CorbAu00,OL,David Edwards,EdwaDa01,OL,Joseph Noteboom,NoteJo00,OL,Rob Havenstein,HaveRo00,DL,Michael Brockers,BrocMi00,DL,Sebastian Joseph-Day,JoseSe00,DL,Aaron Donald,DonaAa00,OLB,Leonard Floyd,FloyLe00,OLB,Samson Ebukam,EbukSa00,ILB,Troy Reeder,ReedTr01,ILB,Kenny Young,YounKe03,CB,Troy Hill,HillTr01,CB,Jalen Ramsey,RamsJa00,S,John Johnson,JohnJo10,S,Jordan Fuller,FullJo01,QB,Nick Mullens,MullNi00,RB,Raheem Mostert,MostRa00,FB,Kyle Juszczyk,JuszKy00,WR,Deebo Samuel,SamuDe00,WR,Richie James,JameRi00,TE,Ross Dwelley,DwelRo00,OL,Daniel Brunskill,BrunDa00,OL,Laken Tomlinson,TomlLa01,OL,Colton McKivitz,McKiCo00,T,Trent Williams,WillTr21,T,Mike McGlinchey,McGlMi00,DL,Kerry Hyder,HydeKe01,DL,Kevin Givens,GiveKe01,DL,Arik Armstead,ArmsAr01,DT,Javon Kinlaw,KinlJa00,LB,Dre Greenlaw,GreeDr00,LB,Fred Warner,WarnFr00,CB,Jamar Taylor,TaylJa01,CB,Jason Verrett,VerrJa00,DB,Tarvarius Moore,MoorTa00,DB,Richard Sherman,SherRi00,DB,Jimmie Ward,WardJi01,Referee,Scott Novak,Umpire,Steven Woods,Down Judge,Kent Payne,Line Judge,Thomas Eaton,Back Judge,Terrence Miles,Side Judge,John Jenkins,Field Judge,Scott Edwards
202011290tam,2020-11-29,Sunday,4:25pm,Tampa Bay Buccaneers,Kansas City Chiefs,tam,kan,24,27,Bruce Arians,Andy Reid,Raymond James Stadium,15950,3:03,outdoors,grass,"81 degrees, relative humidity 50%, wind 5 mph",QB,Tom Brady,BradTo00,RB,Ronald Jones II,JoneRo01,WR,Tyler Johnson,JohnTy00,WR,Chris Godwin,GodwCh00,WR,Mike Evans,EvanMi00,TE,Rob Gronkowski,GronRo00,T,Tristan Wirfs,WirfTr00,T,Donovan Smith,SmitDo02,G,Ali Marpet,MarpAl00,G,Alex Cappa,CappAl00,C,Ryan Jensen,JensRy00,DL,Rakeem Nunez-Roches,NuneRa00,DL,Ndamukong Suh,SuhxNd99,OLB,Shaquil Barrett,BarrSh00,OLB,Jason Pierre-Paul,PierJa99,ILB,Devin White,WhitDe02,ILB,Lavonte David,DaviLa00,CB,Sean Murphy-Bunting,BuntSe00,CB,Carlton Davis,DaviCa02,CB,Ross Cockrell,CockRo00,S,Jordan Whitehead,WhitJo03,S,Antoine Winfield Jr.,WinfAn00,QB,Patrick Mahomes,MahoPa00,RB,Clyde Edwards-Helaire,EdwaCl00,WR,Sammy Watkins,WatkSa00,WR,Demarcus Robinson,RobiDe01,WR,Tyreek Hill,HillTy00,TE,Travis Kelce,KelcTr00,T,Eric Fisher,FishEr00,T,Mike Remmers,RemmMi00,G,Nick Allegretti,AlleNi00,G,Andrew Wylie,WyliAn00,C,Austin Reiter,ReitAu00,DE,Tanoh Kpassagnon,KpasTa00,DE,Frank Clark,ClarFr01,DT,Chris Jones,JoneCh09,DT,Derrick Nnadi,NnadDe00,LB,Anthony Hitchens,HitcAn00,LB,Damien Wilson,WilsDa02,CB,Bashaud Breeland,BreeBa00,CB,Charvarius Ward,WardCh01,CB,L'Jarius Sneed,SneeLJ00,S,Daniel Sorensen,SoreDa01,S,Tyrann Mathieu,MathTy00,Referee,Shawn Hochuli,Umpire,Ramon George,Down Judge,Sarah Thomas,Line Judge,Mark Perlman,Back Judge,Rich Martinez,Side Judge,Chad Hill,Field Judge,Tom Hill
202011300phi,2020-11-30,Monday,8:15pm,Philadelphia Eagles,Seattle Seahawks,phi,sea,17,23,Doug Pederson,Pete Carroll,Lincoln Financial Field,,3:14,outdoors,grass,"60 degrees, relative humidity 94%, wind 16 mph",G/T,Matt Pryor,PryoMa00,QB,Carson Wentz,WentCa00,RB,Miles Sanders,SandMi01,WR,Alshon Jeffery,JeffAl00,WR,Jalen Reagor,ReagJa00,TE,Dallas Goedert,GoedDa00,TE,Richard Rodgers,RodgRi00,T,Jordan Mailata,MailJo00,T,Jason Peters,PeteJa21,C,Isaac Seumalo,SeumIs00,C,Jason Kelce,KelcJa00,DE,Derek Barnett,BarnDe01,DE,Brandon Graham,GrahBr99,DT,Fletcher Cox,CoxxFl00,DT,Javon Hargrave,HargJa00,LB,Duke Riley,RileDu00,LB,Alex Singleton,SingAl00,LB,T.J. Edwards,EdwaTJ02,CB,Avonte Maddox,MaddAv00,CB,Darius Slay,SlayDa00,S,Jalen Mills,MillJa02,S,Rodney McLeod,McLeRo00,DE/LB,Carlos Dunlap,DunlCa99,G/C,Ethan Pocic,PociEt00,QB,Russell Wilson,WilsRu00,RB,Chris Carson,CarsCh00,WR,D.K. Metcalf,MetcDK00,WR,Tyler Lockett,LockTy00,TE,Jacob Hollister,HollJa03,TE,Will Dissly,DissWi00,T,Cedric Ogbuehi,OgbuCe00,T,Duane Brown,BrowDu20,G,Mike Iupati,IupaMi20,G,Damien Lewis,LewiDa05,DE,L.J. Collier,CollLJ00,DT,Poona Ford,FordPo00,DT,Jarran Reed,ReedJa02,LB,Bobby Wagner,WagnBo00,LB,K.J. Wright,,CB,Shaquill Griffin,GrifSh00,CB,Tre Flowers,FlowTr01,SS,Jamal Adams,AdamJa00,FS,Quandre Diggs,DiggQu00,FS,Ugo Amadi,AmadUg00,Referee,Brad Allen,Umpire,Bruce Stritesky,Down Judge,Danny Short,Line Judge,Daniel Gallagher,Back Judge,Todd Prukop,Side Judge,Boris Cheek,Field Judge,Rick Patterson
202012020pit,2020-12-02,Wednesday,3:40pm,Pittsburgh Steelers,Baltimore Ravens,pit,rav,19,14,Mike Tomlin,John Harbaugh,Heinz Field,,3:05,outdoors,grass,"36 degrees, relative humidity 68%, wind 14 mph",QB,Ben Roethlisberger,RoetBe00,RB,Benny Snell Jr.,SnelBe00,WR,JuJu Smith-Schuster,SmitJu00,WR,Ray-Ray McCloud,McClRa00,WR,Diontae Johnson,JohnDi01,TE,Vance McDonald,McDoVa00,OL,Chukwuma Okorafor,OkorCh00,OT,Alejandro Villanueva,VillAl00,G,David DeCastro,DeCaDa00,G,Matt Feiler,FeilMa00,C,J.C. Hassenauer,,DE,Tyson Alualu,AluaTy99,DT,Cameron Heyward,HeywCa01,LB,Bud Dupree,DuprAl00,LB,Robert Spillane,SpilRo00,LB,T.J. Watt,,LB,Vince Williams,WillVi01,CB,Mike Hilton,HiltMi01,CB,Joe Haden,HadeJo99,CB,Steven Nelson,NelsSt01,S,Minkah Fitzpatrick,FitzMi00,S,Terrell Edmunds,EdmuTe00,G/C,Bradley Bozeman,BozeBr00,QB,Robert Griffin III,GrifRo01,RB,Gus Edwards,EdwaGu00,WR,Marquise Brown,BrowMa04,WR,Devin Duvernay,DuveDe00,WR,Miles Boykin,BoykMi00,TE,Eric Tomlinson,TomlEr01,T,Orlando Brown Jr.,BrowOr00,G,D.J. Fluker,FlukDJ00,G,Ben Powers,PoweBe00,C,Trystan Colon,ColoTr01,DE,Yannick Ngakoue,NgakYa00,DE,Derek Wolfe,WolfDe00,DT,Justin Ellis,ElliJu01,OLB,Jaylon Ferguson,FergJa02,ILB,L.J. Fort,,ILB,Patrick Queen,QueePa00,CB,Marcus Peters,PeteMa00,CB,Jimmy Smith,SmitJi03,DB,Marlon Humphrey,HumpMa00,S,DeShon Elliott,ElliDe02,S,Chuck Clark,ClarCh00,Referee,Ronald Torbert,Umpire,Mark Pellis,Down Judge,Patrick Holt,Line Judge,Jim Mello,Back Judge,Greg Yette,Side Judge,Jonah Monroe,Field Judge,James Coleman
202012060atl,2020-12-06,Sunday,1:00pm,Atlanta Falcons,New Orleans Saints,atl,nor,16,21,Raheem Morris,Sean Payton,Mercedes-Benz Stadium,8713,3:13,retractable roof (closed),fieldturf,,QB,Matt Ryan,RyanMa00,RB,Todd Gurley,GurlTo01,WR,Calvin Ridley,RidlCa00,WR,Julio Jones,JoneJu02,TE,Luke Stocker,StocLu00,TE,Hayden Hurst,HursHa00,T,Jake Matthews,MattJa00,T,Kaleb McGary,McGaKa00,G,Chris Lindstrom,LindCh00,G,Justin McCray,McCrJu00,C,Alex Mack,MackAl20,DE,Dante Fowler,FowlDa00,DE,Steven Means,MeanSt00,DT,Tyeler Davison,DaviTy01,DT,Grady Jarrett,JarrGr00,LB,Deion Jones,JoneDe01,LB,Foyesade Oluokun,OluoFo00,LB,Mykal Walker,WalkMy00,CB,AJ Terrell,TerrAJ00,DB,Darqueze Dennard,DennDa00,S,Keanu Neal,NealKe01,S,Ricardo Allen,AlleRi00,C/G,Nick Easton,EastNi00,G/T,Andrus Peat,PeatAn00,C/G,Erik McCoy,McCoEr01,QB,Taysom Hill,HillTa00,RB,Alvin Kamara,KamaAl00,WR,Tre'Quan Smith,SmitTr03,WR,Juwan Johnson,JohnJu02,TE,Adam Trautman,TrauAd00,TE,Jared Cook,CookJa02,OL,James Hurst,HursJa00,T,Ryan Ramczyk,RamcRy00,DE,Trey Hendrickson,HendTr00,DE,Cameron Jordan,JordCa00,DT,Malcom Brown,BrowMa01,DT,David Onyemata,OnyeDa00,LB,Demario Davis,DaviDe00,LB,Kwon Alexander,AlexKw00,CB,Marshon Lattimore,LattMa01,CB,Patrick Robinson,RobiPa99,DB,C.J. Gardner-Johnson,GardCh00,S,Malcolm Jenkins,JenkMa99,S,Marcus Williams,WillMa06,Referee,Adrian Hill,Umpire,Paul King,Down Judge,Ed Camp,Line Judge,Kevin Codey,Back Judge,Greg Steed,Side Judge,Eugene Hall,Field Judge,Jim Quirk
202012060chi,2020-12-06,Sunday,1:00pm,Chicago Bears,Detroit Lions,chi,det,30,34,Matt Nagy,Darrell Bevell,Soldier Field,,4:06,outdoors,grass,"35 degrees, relative humidity 80%, wind 5 mph",QB,Mitchell Trubisky,TrubMi00,RB,David Montgomery,MontDa01,WR,Allen Robinson,RobiAl02,WR,Darnell Mooney,MoonDa00,WR,Anthony Miller,MillAn02,TE,Cole Kmet,KmetCo00,OL,Cody Whitehair,WhitCo03,OL,Alex Bars,BarsAl01,OL,Sam Mustipher,MustSa01,OL,Charles Leno Jr.,LenoCh00,OL,Germain Ifedi,IfedGe00,DE,Brent Urban,UrbaBr00,DT,Bilal Nichols,NichBi00,DT,Akiem Hicks,HickAk00,LB,Khalil Mack,MackKh00,LB,Robert Quinn,QuinRo00,LB,Roquan Smith,SmitRo07,LB,Danny Trevathan,TrevDa00,DB,Jaylon Johnson,JohnJa13,DB,Eddie Jackson,JackEd01,DB,Tashaun Gipson,GipsTa00,DB,Kyle Fuller,FullKy00,QB,Matthew Stafford,StafMa00,RB,Adrian Peterson,PeteAd01,WR,Mohamed Sanu,SanuMo00,WR,Marvin Jones,JoneMa02,TE,Jesse James,JameJe00,TE,T.J. Hockenson,HockTJ00,OL,Jonah Jackson,JackJo03,OL,Tyrell Crosby,CrosTy00,OL,Frank Ragnow,RagnFr00,OL,Oday Aboushi,AbouOd00,T,Taylor Decker,DeckTa00,DL,John Penisini,PeniJo00,DE,Everson Griffen,GrifEv99,DE,Romeo Okwara,OkwaRo01,DT,Nick Williams,WillNi01,LB,Jahlani Tavai,TavaJa00,LB,Jamie Collins,CollJa00,CB,Justin Coleman,ColeJu01,CB,Darryl Roberts,RobeDa00,CB,Amani Oruwariye,OruwAm00,S,Jayron Kearse,KearJa00,S,Duron Harmon,HarmDu00,Referee,Clay Martin,Umpire,Tony Michalek,Down Judge,Derick Bowers,Line Judge,Frank LeBlanc,Back Judge,Steve Patrick,Side Judge,Jeff Lamberth,Field Judge,Mike Weatherford
202012060crd,2020-12-06,Sunday,4:05pm,Arizona Cardinals,Los Angeles Rams,crd,ram,28,38,Kliff Kingsbury,Sean McVay,State Farm Stadium,,3:13,retractable roof (closed),grass,,QB,Kyler Murray,MurrKy00,RB,Kenyan Drake,DrakKe00,WR,Christian Kirk,KirkCh01,WR,Andy Isabella,IsabAn00,WR,DeAndre Hopkins,HopkDe00,TE,Maxx Williams,WillMa04,OL,D.J. Humphries,,OL,J.R. Sweezy,,OL,Justin Pugh,PughJu00,OL,Mason Cole,ColeMa02,OL,Kelvin Beachum,BeacKe00,DL,Angelo Blackson,BlacAn00,DL,Domata Peko,PekoDo20,DE,Zach Allen,AlleZa01,LB,Jordan Hicks,HickJo00,LB,Markus Golden,GoldMa00,LB,De'Vondre Campbell,CampDe00,LB,Haason Reddick,ReddHa00,CB,Dre Kirkpatrick,KirkDr00,CB,Patrick Peterson,PetePa00,S,Chris Banjo,BanjCh00,S,Budda Baker,BakeBu00,QB,Jared Goff,GoffJa00,RB,Darrell Henderson,HendDa00,WR,Robert Woods,WoodRo02,WR,Josh Reynolds,ReynJo00,TE,Gerald Everett,EverGe00,TE,Tyler Higbee,HigbTy00,OL,David Edwards,EdwaDa01,OL,Austin Blythe,BlytAu00,OL,Joseph Noteboom,NoteJo00,OL,Austin Corbett,CorbAu00,OL,Rob Havenstein,HaveRo00,DL,Aaron Donald,DonaAa00,DL,Sebastian Joseph-Day,JoseSe00,DL,Michael Brockers,BrocMi00,OLB,Leonard Floyd,FloyLe00,OLB,Samson Ebukam,EbukSa00,ILB,Troy Reeder,ReedTr01,CB,Troy Hill,HillTr01,CB,Jalen Ramsey,RamsJa00,CB,Darious Williams,WillDa09,S,Jordan Fuller,FullJo01,S,John Johnson,JohnJo10,Referee,Jerome Boger,Umpire,Ramon George,Down Judge,Carl Johnson,Line Judge,Daniel Gallagher,Back Judge,Rich Martinez,Side Judge,Chad Hill,Field Judge,Tom Hill
202012060gnb,2020-12-06,Sunday,4:25pm,Green Bay Packers,Philadelphia Eagles,gnb,phi,30,16,Matt LaFleur,Doug Pederson,Lambeau Field,,2:59,outdoors,grass,"34 degrees, relative humidity 64%, wind 9 mph",G/T,Billy Turner,TurnBi00,QB,Aaron Rodgers,RodgAa00,RB,Aaron Jones,JoneAa00,WR,Davante Adams,AdamDa01,WR,Marquez Valdes-Scantling,ValdMa00,WR,Allen Lazard,LazaAl00,TE,Marcedes Lewis,LewiMa00,T,Ricky Wagner,WagnRi00,T,David Bakhtiari,BakhDa00,G,Elgton Jenkins,JenkEl00,G,Lucas Patrick,PatrLu00,DL,Dean Lowry,LowrDe00,DL,Kenny Clark,ClarKe01,LB,Christian Kirksey,KirkCh00,LB,Rashan Gary,GaryRa00,LB,Kamal Martin,MartKa01,LB,Za'Darius Smith,SmitZa00,CB,Kevin King,KingKe01,CB,Chandon Sullivan,SullCh00,CB,Jaire Alexander,AlexJa00,S,Darnell Savage Jr.,SavaDa00,S,Adrian Amos,AmosAd00,G/T,Jason Peters,PeteJa21,QB,Carson Wentz,WentCa00,RB,Miles Sanders,SandMi01,WR,Jalen Reagor,ReagJa00,WR,Alshon Jeffery,JeffAl00,TE,Zach Ertz,ErtzZa00,TE,Dallas Goedert,GoedDa00,OL,Isaac Seumalo,SeumIs00,T,Jordan Mailata,MailJo00,T,Jack Driscoll,DrisJa00,C,Jason Kelce,KelcJa00,DE,Derek Barnett,BarnDe01,DE,Brandon Graham,GrahBr99,DT,Javon Hargrave,HargJa00,DT,Fletcher Cox,CoxxFl00,LB,T.J. Edwards,EdwaTJ02,LB,Alex Singleton,SingAl00,CB,Avonte Maddox,MaddAv00,CB,Nickell Robey-Coleman,RobeNi00,CB,Darius Slay,SlayDa00,S,Rodney McLeod,McLeRo00,S,Jalen Mills,MillJa02,Referee,Bill Vinovich,Umpire,Terry Killens,Down Judge,Mike Carr,Line Judge,Jeff Seeman,Back Judge,Perry Paganelli,Side Judge,Don Willard,Field Judge,David Meslow
202012060htx,2020-12-06,Sunday,1:00pm,Houston Texans,Indianapolis Colts,htx,clt,20,26,Romeo Crennel,Frank Reich,NRG Stadium,12316,3:10,retractable roof (closed),grass,,G/T,Max Scharping,SchaMa01,G/T,Tytus Howard,HowaTy00,C/G,Zach Fulton,FultZa00,QB,Deshaun Watson,WatsDe00,RB,Duke Johnson,JohnDu00,RB,David Johnson,JohnDa08,WR,Brandin Cooks,CookBr00,WR,Keke Coutee,CoutKe00,TE,Darren Fells,FellDa01,T,Laremy Tunsil,TunsLa00,C,Nick Martin,MartNi00,DE,Charles Omenihu,OmenCh00,DE,Carlos Watkins,WatkCa00,DE,J.J. Watt,,DT,Brandon Dunn,DunnBr00,OLB,Whitney Mercilus,MercWh00,ILB,Zach Cunningham,CunnZa00,ILB,Tyrell Adams,AdamTy00,CB,Phillip Gaines,GainPh00,CB,Vernon Hargreaves III,HargVe00,S,Eric Murray,MurrEr00,S,Justin Reid,ReidJu00,T/G,Braden Smith,SmitBr06,G/C,Quenton Nelson,NelsQu00,QB,Philip Rivers,RivePh00,RB,Jonathan Taylor,TaylJo02,WR,T.Y. Hilton,,TE,Mo Alie-Cox,AlieMo00,TE,Trey Burton,BurtTr01,TE,Jack Doyle,DoylJa00,T,Le'Raven Clark,ClarLe01,G,Mark Glowinski,GlowMa00,C,Ryan Kelly,KellRy00,DE,Denico Autry,AutrDe00,DE,Justin Houston,HousJu00,DT,DeForest Buckner,BuckDe00,DT,Grover Stewart,StewGr00,LB,Shaquille Leonard,LeonDa00,LB,Zaire Franklin,FranZa00,LB,Anthony Walker,WalkAn01,CB,Kenny Moore,MoorKe03,CB,Xavier Rhodes,RhodXa00,S,Julian Blackmon,BlacJu01,S,Tavon Wilson,WilsTa00,Referee,Scott Novak,Umpire,Steven Woods,Down Judge,Kent Payne,Line Judge,Thomas Eaton,Back Judge,Terrence Miles,Side Judge,John Jenkins,Field Judge,Scott Edwards
202012060kan,2020-12-06,Sunday,8:20pm,Kansas City Chiefs,Denver Broncos,kan,den,22,16,Andy Reid,Vic Fangio,Arrowhead Stadium,12578,3:00,outdoors,grass,"41 degrees, relative humidity 70%, wind 9 mph",QB,Patrick Mahomes,MahoPa00,RB,Le'Veon Bell,BellLe00,WR,Sammy Watkins,WatkSa00,WR,Tyreek Hill,HillTy00,WR,Demarcus Robinson,RobiDe01,TE,Travis Kelce,KelcTr00,T,Eric Fisher,FishEr00,T,Mike Remmers,RemmMi00,G,Andrew Wylie,WyliAn00,G,Nick Allegretti,AlleNi00,C,Austin Reiter,ReitAu00,DE,Frank Clark,ClarFr01,DE,Tanoh Kpassagnon,KpasTa00,DT,Derrick Nnadi,NnadDe00,DT,Chris Jones,JoneCh09,LB,Anthony Hitchens,HitcAn00,LB,Willie Gay Jr.,GayJWi00,LB,Damien Wilson,WilsDa02,CB,Charvarius Ward,WardCh01,CB,Bashaud Breeland,BreeBa00,S,Tyrann Mathieu,MathTy00,S,Daniel Sorensen,SoreDa01,QB,Drew Lock,LockDr00,RB,Phillip Lindsay,LindPh00,WR,Tim Patrick,PatrTi00,WR,Jerry Jeudy,JeudJe00,TE,Nick Vannett,VannNi00,TE,Noah Fant,FantNo00,T,Garett Bolles,BollGa00,T,Demar Dotson,DotsDe00,G,Dalton Risner,RisnDa00,G,Graham Glasgow,GlasGr00,C,Lloyd Cushenberry III,CushLl00,DL,DeShawn Williams,WillDe04,DE,Shelby Harris,HarrSh00,OLB,Malik Reed,ReedMa01,OLB,Bradley Chubb,ChubBr00,ILB,Alexander Johnson,JohnAl01,ILB,Josey Jewell,JeweJo00,CB,Michael Ojemudia,OjemMi00,CB,A.J. Bouye,,CB,Essang Bassey,BassEs01,S,Kareem Jackson,JackKa99,S,Justin Simmons,SimmJu00,Referee,Alex Kemp,Umpire,Carl Paganelli,Down Judge,Dana McKenzie,Line Judge,Rusty Baynes,Back Judge,Matt Edwards,Side Judge,Jabir Walker,Field Judge,Rick Patterson
202012060mia,2020-12-06,Sunday,1:00pm,Miami Dolphins,Cincinnati Bengals,mia,cin,19,7,Brian Flores,Zac Taylor,Hard Rock Stadium,12577,3:30,outdoors,grass,"81 degrees, relative humidity 64%, wind 5 mph",G/T,Robert Hunt,HuntRo01,QB,Tua Tagovailoa,TagoTu00,RB,Myles Gaskin,GaskMy00,WR,Jakeem Grant,GranJa00,WR,DeVante Parker,ParkDe01,TE,Mike Gesicki,GesiMi00,TE,Durham Smythe,SmytDu00,T,Austin Jackson,JackAu00,G,Ereck Flowers,FlowEr00,G,Solomon Kindley,KindSo00,C,Ted Karras,KarrTe00,DT,Christian Wilkins,WilkCh00,DT,Zach Sieler,SielZa00,DT,Raekwon Davis,DaviRa03,LB,Elandon Roberts,RobeEl00,LB,Andrew Van Ginkel,VanGAn00,LB,Kyle Van Noy,VanNKy00,LB,Jerome Baker,BakeJe00,CB,Byron Jones,JoneBy00,CB,Xavien Howard,HowaXa00,S,Bobby McCain,McCaBo01,S,Eric Rowe,RoweEr00,QB,Brandon Allen,AlleBr00,HB,Giovani Bernard,BernGi00,WR,Tee Higgins,HiggTe00,WR,A.J. Green,,TE,Cethan Carter,CartCe00,TE,Drew Sample,SampDr00,OT,Jonah Williams,WillJo10,OT,Bobby Hart,HartBo00,G,Quinton Spain,SpaiQu00,G,Michael Jordan,JordMi01,C,Trey Hopkins,HopkTr01,DE,Sam Hubbard,HubbSa00,DE,Carl Lawson,LawsCa00,DT,Mike Daniels,DaniMi00,DT,Christian Covington,CoviCh00,LB,Germaine Pratt,PratGe00,LB,Josh Bynes,ByneJo00,CB,William Jackson III,JackWi02,CB,Mackensie Alexander,AlexMa01,CB,LeShaun Sims,SimsLe00,S,Vonn Bell,BellVo00,S,Jessie Bates III,BateJe00,Referee,Ronald Torbert,Umpire,Mark Pellis,Down Judge,Patrick Holt,Line Judge,Tom Symonette,Back Judge,Greg Yette,Side Judge,Jonah Monroe,Field Judge,James Coleman
202012060min,2020-12-06,Sunday,1:00pm,Minnesota Vikings,Jacksonville Jaguars,min,jax,27,24,Mike Zimmer,Doug Marrone,U.S. Bank Stadium,,3:39,dome,sportturf,,QB,Kirk Cousins,CousKi00,RB,Dalvin Cook,CookDa01,FB,C.J. Ham,,WR,Adam Thielen,ThieAd00,WR,Justin Jefferson,JeffJu00,TE,Kyle Rudolph,RudoKy00,T,Riley Reiff,ReifRi00,T,Brian O'Neill,ONeiBr00,G,Ezra Cleveland,ClevEz00,G,Dakota Dozier,DoziDa00,C,Garrett Bradbury,BradGa00,DE,Jalyn Holmes,HolmJa01,DE,Ifeadi Odenigbo,OdenIf00,DT,Jaleel Johnson,JohnJa09,DT,Shamar Stephen,StepSh00,LB,Todd Davis,DaviTo01,LB,Eric Wilson,WilsEr00,CB,Kris Boyd,BoydKr00,CB,Jeff Gladney,GladJe00,CB,Cameron Dantzler,DantCa00,S,Anthony Harris,HarrAn01,S,Harrison Smith,SmitHa00,QB,Mike Glennon,GlenMi00,RB,James Robinson,RobiJa00,WR,DJ Chark,CharDJ00,WR,Keelan Cole,ColeKe00,WR,Laviska Shenault Jr.,ShenLa00,TE,James O'Shaughnessy,O'ShJa00,OL,Brandon Linder,LindBr00,OL,Jawaan Taylor,TaylJa02,OL,Tyler Shatley,ShatTy00,OL,Cam Robinson,RobiCa00,OL,A.J. Cann,,DL,Dawuane Smoot,SmooDa00,DE,Adam Gotsis,GotsAd00,DT,Daniel Ekuale,EkuaDa00,DT,Doug Costin,CostDo00,LB,Myles Jack,JackMy00,LB,Joe Schobert,SchoJo00,LB,Joe Giles-Harris,GileJo01,CB,Greg Mabin,MabiGr00,CB,Tre Herndon,HernTr00,S,Josh Jones,JoneJo06,S,Jarrod Wilson,WilsJa00,Referee,Land Clark,Umpire,Alan Eck,Down Judge,Tripp Sutter,Line Judge,Mark Stewart,Back Judge,Tony Josselyn,Side Judge,Mearl Robinson,Field Judge,Tra Blake
202012060nyj,2020-12-06,Sunday,1:00pm,New York Jets,Las Vegas Raiders,nyj,rai,28,31,Adam Gase,Jon Gruden,MetLife Stadium,,3:11,outdoors,fieldturf,"39 degrees, relative humidity 46%, wind 18 mph",QB,Sam Darnold,DarnSa00,RB,Frank Gore,GoreFr00,WR,Breshad Perriman,PerrBr02,TE,Daniel Brown,BrowDa04,TE,Chris Herndon,HernCh00,TE,Ryan Griffin,GrifRy00,OL,Connor McGovern,McGoCo00,OL,Pat Elflein,ElflPa00,T,Mekhi Becton,BectMe00,T,George Fant,FantGe00,G,Greg Van Roten,VanRGr00,DL,Folorunso Fatukasi,FatuFo00,DL,Quinnen Williams,WillQu00,LB,Neville Hewitt,HewiNe00,LB,Jordan Jenkins,JenkJo01,LB,Harvey Langi,LangHa00,LB,Tarell Basham,BashTa00,CB,Bryce Hall,HallBr02,CB,Lamar Jackson,JackLa02,CB,Arthur Maulet,MaulAr00,S,Marcus Maye,MayeMa00,S,Ashtyn Davis,DaviAs00,G/T,Denzelle Good,GoodDe01,QB,Derek Carr,CarrDe02,RB,Devontae Booker,BookDe00,WR,Henry Ruggs III,RuggHe00,WR,Hunter Renfrow,RenfHu00,WR,Nelson Agholor,AghoNe00,TE,Darren Waller,WallDa01,T,Sam Young,YounSa21,T,Kolton Miller,MillKo00,G,Gabe Jackson,JackGa00,C,Rodney Hudson,HudsRo00,DE,Clelin Ferrell,FerrCl00,DE,Kendal Vickers,VickKe00,DE,Maxx Crosby,CrosMa00,DT,Johnathan Hankins,HankJo00,LB,Nick Kwiatkoski,KwiaNi00,LB,Cory Littleton,LittCo01,LB,Nicholas Morrow,MorrNi00,CB,Trayvon Mullen,MullTr00,CB,Damon Arnette,ArneDa00,S,Jeff Heath,HeatJe00,S,Erik Harris,HarrEr00,Referee,Shawn Smith,Umpire,Bruce Stritesky,Down Judge,Michael Dolce,Line Judge,Mark Steinkerchner,Back Judge,Dino Paganelli,Side Judge,Dominique Pender,Field Judge,Dyrol Prioleau
202012060oti,2020-12-06,Sunday,1:00pm,Tennessee Titans,Cleveland Browns,oti,cle,35,41,Mike Vrabel,Kevin Stefanski,Nissan Stadium,13986,3:23,outdoors,grass,"52 degrees, relative humidity 68%, wind 1 mph",QB,Ryan Tannehill,TannRy00,RB,Derrick Henry,HenrDe00,WR,A.J. Brown,BrowAJ00,WR,Corey Davis,DaviCo03,TE,Geoff Swaim,SwaiGe00,TE,MyCole Pruitt,PruiMy00,OL,David Quessenberry,QuesDa00,OL,Nate Davis,DaviNa01,T,Dennis Kelly,KellDe00,G,Rodger Saffold,SaffRo20,C,Ben Jones,JoneBe01,DL,DaQuan Jones,JoneDa04,DL,Jack Crawford,CrawJa00,DT,Jeffery Simmons,SimmJe01,OLB,Harold Landry,LandHa00,OLB,Tuzar Skipper,SkipTu00,LB,David Long,LongDa04,LB,Rashaan Evans,EvanRa01,CB,Breon Borders,BordBr00,CB,Malcolm Butler,ButlMa01,S,Kevin Byard,ByarKe01,S,Kenny Vaccaro,VaccKe00,QB,Baker Mayfield,MayfBa00,RB,Nick Chubb,ChubNi00,WR,Jarvis Landry,LandJa00,WR,Rashard Higgins,HiggRa00,TE,Harrison Bryant,BryaHa00,TE,Austin Hooper,HoopAu00,T,Jack Conklin,ConkJa00,T,Jedrick Wills Jr.,WillJe04,G,Joel Bitonio,BitoJo00,G,Wyatt Teller,TellWy00,C,J.C. Tretter,TretJC00,DE,Myles Garrett,GarrMy00,DE,Olivier Vernon,VernOl00,DT,Jordan Elliott,ElliJo02,DT,Larry Ogunjobi,OgunLa00,DT,Sheldon Richardson,RichSh00,LB,B.J. Goodson,,LB,Mack Wilson,WilsMa03,CB,Kevin Johnson,JohnKe04,CB,Terrance Mitchell,MitcTe00,S,Karl Joseph,JoseKa00,S,Andrew Sendejo,SendAn00,Referee,Clete Blakeman,Umpire,Fred Bryan,Down Judge,Mark Hittner,Line Judge,Tom Stephan,Back Judge,Scott Helverson,Side Judge,Michael Banks,Field Judge,Joe Blubaugh
202012060sdg,2020-12-06,Sunday,4:25pm,Los Angeles Chargers,New England Patriots,sdg,nwe,0,45,Anthony Lynn,Bill Belichick,SoFi Stadium,,2:59,dome,matrixturf,,C/G,Dan Feeney,FeenDa00,QB,Justin Herbert,HerbJu00,RB,Austin Ekeler,EkelAu00,FB,Gabe Nabers,NabeGa00,WR,Keenan Allen,AlleKe00,WR,Mike Williams,WillMi07,TE,Hunter Henry,HenrHu00,T,Bryan Bulaga,BulaBr20,T,Storm Norton,NortSt00,G,Forrest Lamp,LampFo00,G,Trai Turner,TurnTr01,DE,Joey Bosa,BosaJo00,DT,Justin Jones,JoneJu03,DT,Linval Joseph,JoseLi99,DT,Jerry Tillery,TillJe00,LB,Kenneth Murray,MurrKe00,LB,Nick Vigil,VigiNi00,CB,Michael Davis,DaviMi03,CB,Casey Hayward,HaywCa00,DB,Chris Harris Jr.,HarrCh01,S,Rayshawn Jenkins,JenkRa00,S,Nasir Adderley,AddeNa00,QB,Cam Newton,NewtCa00,RB,Damien Harris,HarrDa06,WR,Damiere Byrd,ByrdDa00,WR,N'Keal Harry,HarrNK00,WR,Jakobi Meyers,MeyeJa01,TE,Ryan Izzo,IzzoRy00,OL,Joe Thuney,ThunJo00,OL,Michael Onwenu,OnweMi00,OL,Shaq Mason,MasoSh01,G,Jermaine Eluemunor,ElueJe00,C,David Andrews,AndrDa00,DL,Byron Cowart,CowaBy00,DL,Deatrich Wise Jr.,WiseDe00,DL,Lawrence Guy,GuyxLa00,DE,John Simon,SimoJo01,LB,Ja'Whaun Bentley,BentJa00,LB,Anfernee Jennings,JennAn00,CB,Stephon Gilmore,GilmSt00,DB,Devin McCourty,McCoDe99,DB,Adrian Phillips,PhilAd00,DB,J.C. Jackson,,DB,Kyle Dugger,DuggKy00,Referee,Carl Cheffers,Umpire,Richard Hall,Down Judge,Patrick Turner,Line Judge,Tim Podraza,Back Judge,Greg Wilson,Side Judge,Clay Reynard,Field Judge,Gary Cavaletto
202012060sea,2020-12-06,Sunday,4:05pm,Seattle Seahawks,New York Giants,sea,nyg,12,17,Pete Carroll,Joe Judge,Lumen Field,,3:04,outdoors,fieldturf,"51 degrees, relative humidity 83%, wind 4 mph",G/C,Ethan Pocic,PociEt00,QB,Russell Wilson,WilsRu00,RB,Chris Carson,CarsCh00,WR,Tyler Lockett,LockTy00,WR,D.K. Metcalf,MetcDK00,WR,David Moore,MoorDa03,TE,Will Dissly,DissWi00,T,Duane Brown,BrowDu20,T,Jamarco Jones,JoneJa08,G,Mike Iupati,IupaMi20,G,Damien Lewis,LewiDa05,DE,L.J. Collier,CollLJ00,DE,Benson Mayowa,MayoBe00,DT,Poona Ford,FordPo00,DT,Jarran Reed,ReedJa02,LB,Bobby Wagner,WagnBo00,LB,K.J. Wright,,LB,Jordyn Brooks,BrooJo01,CB,D.J. Reed,,CB,Shaquill Griffin,GrifSh00,SS,Jamal Adams,AdamJa00,FS,Quandre Diggs,DiggQu00,QB,Colt McCoy,McCoCo00,RB,Wayne Gallman,GallWa00,WR,Golden Tate,TateGo00,WR,Sterling Shepard,ShepSt00,WR,Darius Slayton,SlayDa01,TE,Evan Engram,EngrEv00,OL,Shane Lemieux,LemiSh00,T,Cameron Fleming,FlemCa00,T,Andrew Thomas,ThomAn02,G,Kevin Zeitler,ZeitKe00,C,Nick Gates,GateNi00,DL,Leonard Williams,WillLe02,DL,Dexter Lawrence,LawrDe03,DL,Dalvin Tomlinson,TomlDa00,DL,Jabaal Sheard,SheaJa00,LB,Tae Crowder,CrowTa00,LB,Blake Martinez,MartBl01,CB,Darnay Holmes,HolmDa01,CB,Isaac Yiadom,YiadIs00,CB,James Bradberry,BradJa00,DB,Logan Ryan,RyanLo00,S,Jabrill Peppers,PeppJa00,Referee,Craig Wrolstad,Umpire,Ruben Fowler,Down Judge,Danny Short,Line Judge,David Oliver,Back Judge,Keith Ferguson,Side Judge,Dave Hawkshaw,Field Judge,Aaron Santi
202012070pit,2020-12-07,Monday,5:00pm,Pittsburgh Steelers,Washington Football Team,pit,was,17,23,Mike Tomlin,Ron Rivera,Heinz Field,,3:25,outdoors,grass,"34 degrees, relative humidity 58%, wind 10 mph",QB,Ben Roethlisberger,RoetBe00,RB,Benny Snell Jr.,SnelBe00,WR,Chase Claypool,ClayCh01,WR,James Washington,WashJa00,TE,Eric Ebron,EbroEr00,TE,Vance McDonald,McDoVa00,OL,Chukwuma Okorafor,OkorCh00,OT,Alejandro Villanueva,VillAl00,G,David DeCastro,DeCaDa00,G,Matt Feiler,FeilMa00,C,J.C. Hassenauer,,DE,Stephon Tuitt,TuitSt00,DT,Cameron Heyward,HeywCa01,LB,Alex Highsmith,HighAl02,LB,Robert Spillane,SpilRo00,LB,T.J. Watt,,LB,Vince Williams,WillVi01,CB,Mike Hilton,HiltMi01,CB,Joe Haden,HadeJo99,CB,Cameron Sutton,SuttCa00,S,Minkah Fitzpatrick,FitzMi00,S,Terrell Edmunds,EdmuTe00,QB,Alex Smith,SmitAl03,RB,Antonio Gibson,GibsAn00,WR,Isaiah Wright,WrigIs01,WR,Cam Sims,SimsCa00,WR,Terry McLaurin,McLaTe00,TE,Logan Thomas,ThomLo00,T,Cornelius Lucas,LucaCo01,T,Morgan Moses,MoseMo00,G,Wes Schweitzer,SchwWe00,G,Brandon Scherff,ScheBr00,C,Chase Roullier,RoulCh00,DE,Chase Young,YounCh04,DE,Montez Sweat,SweaMo00,DT,Daron Payne,PaynDa00,DT,Jonathan Allen,AlleJo01,LB,Kevin Pierre-Louis,PierKe00,LB,Cole Holcomb,HolcCo00,LB,Jonathan Bostic,BostJo00,CB,Kendall Fuller,FullKe00,CB,Ronald Darby,DarbRo00,S,Deshazor Everett,EverDe01,S,Kamren Curl,CurlKa00,Referee,John Hussey,Umpire,Roy Ellison,Down Judge,Julian Mapp,Line Judge,Jim Mello,Back Judge,Grantis Bell,Side Judge,Allen Baynes,Field Judge,Steve Zimmer
202012070sfo,2020-12-07,Monday,8:15pm,San Francisco 49ers,Buffalo Bills,sfo,buf,24,34,Kyle Shanahan,Sean McDermott,State Farm Stadium,,3:03,retractable roof (closed),grass,,QB,Nick Mullens,MullNi00,RB,Raheem Mostert,MostRa00,FB,Kyle Juszczyk,JuszKy00,WR,Richie James,JameRi00,TE,Ross Dwelley,DwelRo00,TE,Jordan Reed,ReedJo02,OL,Daniel Brunskill,BrunDa00,OL,Tom Compton,CompTo00,OL,Laken Tomlinson,TomlLa01,T,Trent Williams,WillTr21,T,Mike McGlinchey,McGlMi00,DL,D.J. Jones,,DL,Kerry Hyder,HydeKe01,DL,Arik Armstead,ArmsAr01,DT,Javon Kinlaw,KinlJa00,LB,Dre Greenlaw,GreeDr00,LB,Fred Warner,WarnFr00,CB,Dontae Johnson,JohnDo02,CB,Richard Sherman,SherRi00,CB,Jason Verrett,VerrJa00,DB,Tarvarius Moore,MoorTa00,DB,Jimmie Ward,WardJi01,QB,Josh Allen,AlleJo02,RB,Devin Singletary,SingDe00,WR,Cole Beasley,BeasCo00,WR,Gabe Davis,DaviGa01,WR,Stefon Diggs,DiggSt00,TE,Dawson Knox,KnoxDa00,OL,Daryl Williams,WillDa06,T,Dion Dawkins,DawkDi00,G,Jon Feliciano,FeliJo00,G,Ike Boettger,BoetIk00,C,Mitch Morse,MorsMi00,DE,Jerry Hughes,HughJe99,DE,Mario Addison,AddiMa00,DT,Vernon Butler,ButlVe00,DT,Ed Oliver,OlivEd00,LB,Tremaine Edmunds,EdmuTr01,LB,A.J. Klein,KleiAJ00,CB,Taron Johnson,JohnTa01,CB,Levi Wallace,WallLe00,CB,Tre'Davious White,WhitTr01,S,Micah Hyde,HydeMi00,S,Jordan Poyer,PoyeJo00,Referee,Tony Corrente,Umpire,Tab Slaughter,Down Judge,Carl Johnson,Line Judge,Bart Longson,Back Judge,Todd Prukop,Side Judge,Anthony Flemming,Field Judge,Ryan Dickson
202012080rav,2020-12-08,Tuesday,8:05pm,Baltimore Ravens,Dallas Cowboys,rav,dal,34,17,John Harbaugh,Mike McCarthy,M&amp;T Bank Stadium,,2:58,outdoors,grass,"38 degrees, relative humidity 54%, wind 9 mph",G/C,Bradley Bozeman,BozeBr00,G/T,Tyre Phillips,PhilTy00,G/C,Patrick Mekari,MekaPa00,QB,Lamar Jackson,JackLa00,RB,Mark Ingram,IngrMa01,FB,Patrick Ricard,RicaPa00,WR,Miles Boykin,BoykMi00,WR,Devin Duvernay,DuveDe00,WR,Marquise Brown,BrowMa04,T,Orlando Brown Jr.,BrowOr00,G,Ben Powers,PoweBe00,DE,Calais Campbell,CampCa99,DE,Derek Wolfe,WolfDe00,DT,Brandon Williams,WillBr02,OLB,Pernell McPhee,McPhPe00,OLB,Tyus Bowser,BowsTy00,ILB,Patrick Queen,QueePa00,CB,Davontae Harris,HarrDa05,CB,Marcus Peters,PeteMa00,DB,Marlon Humphrey,HumpMa00,S,DeShon Elliott,ElliDe02,S,Chuck Clark,ClarCh00,QB,Andy Dalton,DaltAn00,RB,Ezekiel Elliott,ElliEz00,WR,Amari Cooper,CoopAm00,WR,Michael Gallup,GallMi00,WR,CeeDee Lamb,LambCe00,TE,Dalton Schultz,SchuDa00,T,Brandon Knight,KnigBr01,T,Terence Steele,SteeTe01,G,Connor McGovern,McGoCo01,G,Connor Williams,WillCo00,C,Joe Looney,LoonJo01,DE,Aldon Smith,SmitAl04,DE,DeMarcus Lawrence,LawrDe00,DT,Neville Gallimore,GallNe00,DT,Antwaun Woods,WoodAn02,LB,Jaylon Smith,SmitJa05,LB,Leighton Vander Esch,VandLe00,CB,Chidobe Awuzie,AwuzCh00,CB,Rashard Robinson,RobiRa00,CB,Jourdan Lewis,LewiJo01,S,Darian Thompson,ThomDa05,S,Xavier Woods,WoodXa00,Referee,Brad Allen,Umpire,Dan Ferrell,Down Judge,Jerod Phillips,Line Judge,Walt Coleman IV,Back Judge,Greg Meyer,Side Judge,Keith Washington,Field Judge,Nathan Jones
202012100ram,2020-12-10,Thursday,8:20pm,Los Angeles Rams,New England Patriots,ram,nwe,24,3,Sean McVay,Bill Belichick,SoFi Stadium,,2:47,dome,matrixturf,,QB,Jared Goff,GoffJa00,RB,Cam Akers,AkerCa00,WR,Robert Woods,WoodRo02,WR,Josh Reynolds,ReynJo00,TE,Tyler Higbee,HigbTy00,TE,Gerald Everett,EverGe00,OL,Austin Blythe,BlytAu00,OL,Joseph Noteboom,NoteJo00,OL,Rob Havenstein,HaveRo00,OL,David Edwards,EdwaDa01,OL,Austin Corbett,CorbAu00,DL,Sebastian Joseph-Day,JoseSe00,DL,Aaron Donald,DonaAa00,DL,Michael Brockers,BrocMi00,OLB,Leonard Floyd,FloyLe00,OLB,Samson Ebukam,EbukSa00,ILB,Troy Reeder,ReedTr01,ILB,Kenny Young,YounKe03,CB,Troy Hill,HillTr01,CB,Jalen Ramsey,RamsJa00,S,Jordan Fuller,FullJo01,S,John Johnson,JohnJo10,QB,Cam Newton,NewtCa00,RB,Damien Harris,HarrDa06,FB,Jakob Johnson,JohnJa12,WR,Damiere Byrd,ByrdDa00,WR,Jakobi Meyers,MeyeJa01,OL,Joe Thuney,ThunJo00,OL,Justin Herron,HerrJu00,OL,Michael Onwenu,OnweMi00,OL,Shaq Mason,MasoSh01,G,Jermaine Eluemunor,ElueJe00,C,David Andrews,AndrDa00,DL,Deatrich Wise Jr.,WiseDe00,DL,Byron Cowart,CowaBy00,DL,Lawrence Guy,GuyxLa00,DE,John Simon,SimoJo01,LB,Anfernee Jennings,JennAn00,LB,Ja'Whaun Bentley,BentJa00,CB,Stephon Gilmore,GilmSt00,DB,Devin McCourty,McCoDe99,DB,J.C. Jackson,,DB,Adrian Phillips,PhilAd00,DB,Kyle Dugger,DuggKy00,Referee,Craig Wrolstad,Umpire,Ramon George,Down Judge,Mark Hittner,Line Judge,David Oliver,Back Judge,Keith Ferguson,Side Judge,Dave Hawkshaw,Field Judge,Aaron Santi
202012130buf,2020-12-13,Sunday,8:20pm,Buffalo Bills,Pittsburgh Steelers,buf,pit,26,15,Sean McDermott,Mike Tomlin,Bills Stadium,,3:06,outdoors,astroturf,"35 degrees, relative humidity 71%, wind 11 mph",QB,Josh Allen,AlleJo02,RB,Devin Singletary,SingDe00,WR,Cole Beasley,BeasCo00,WR,Isaiah McKenzie,McKeIs00,WR,Gabe Davis,DaviGa01,WR,Stefon Diggs,DiggSt00,OL,Daryl Williams,WillDa06,T,Dion Dawkins,DawkDi00,G,Jon Feliciano,FeliJo00,G,Ike Boettger,BoetIk00,C,Mitch Morse,MorsMi00,DE,Jerry Hughes,HughJe99,DE,Mario Addison,AddiMa00,DT,Vernon Butler,ButlVe00,DT,Ed Oliver,OlivEd00,LB,Tremaine Edmunds,EdmuTr01,LB,A.J. Klein,KleiAJ00,CB,Taron Johnson,JohnTa01,CB,Levi Wallace,WallLe00,CB,Tre'Davious White,WhitTr01,S,Micah Hyde,HydeMi00,S,Jordan Poyer,PoyeJo00,QB,Ben Roethlisberger,RoetBe00,RB,James Conner,ConnJa00,WR,Chase Claypool,ClayCh01,WR,JuJu Smith-Schuster,SmitJu00,WR,Diontae Johnson,JohnDi01,TE,Vance McDonald,McDoVa00,OL,Chukwuma Okorafor,OkorCh00,OT,Alejandro Villanueva,VillAl00,G,Matt Feiler,FeilMa00,G,David DeCastro,DeCaDa00,C,Maurkice Pouncey,PounMa20,DE,Stephon Tuitt,TuitSt00,DT,Cameron Heyward,HeywCa01,LB,Alex Highsmith,HighAl02,LB,Marcus Allen,AlleMa03,LB,T.J. Watt,,LB,Avery Williamson,WillAv00,CB,Mike Hilton,HiltMi01,CB,Steven Nelson,NelsSt01,CB,Cameron Sutton,SuttCa00,S,Minkah Fitzpatrick,FitzMi00,S,Terrell Edmunds,EdmuTe00,Referee,Shawn Smith,Umpire,Bryan Neale,Down Judge,Michael Dolce,Line Judge,Mark Steinkerchner,Back Judge,Dino Paganelli,Side Judge,Jimmy Buchanan,Field Judge,Dyrol Prioleau
202012130car,2020-12-13,Sunday,1:00pm,Carolina Panthers,Denver Broncos,car,den,27,32,Matt Rhule,Vic Fangio,Bank of America Stadium,5768,3:03,outdoors,grass,"70 degrees, relative humidity 67%, wind 7 mph",QB,Teddy Bridgewater,BridTe00,RB,Mike Davis,DaviMi01,WR,Brandon Zylstra,ZylsBr00,WR,Robbie Chosen,AndeRo04,WR,Pharoh Cooper,CoopPh00,TE,Chris Manhertz,ManhCh00,T,Taylor Moton,MotoTa00,T,Russell Okung,OkunRu20,G,Chris Reed,ReedCh00,G,John Miller,MillJo04,C,Matt Paradis,ParaMa00,DE,Brian Burns,BurnBr00,DE,Yetur Gross-Matos,GrosYe00,DE,Efe Obada,ObadEf00,DT,Bravvion Roy,RoyxBr00,LB,Jermaine Carter Jr.,CartJe00,CB,Donte Jackson,JackDo02,CB,Troy Pride Jr.,PridTr00,S,Jeremy Chinn,ChinJe00,S,Juston Burris,BurrJu00,S,Tre Boston,BostTr00,,,,G/T,Elijah Wilkinson,WilkEl00,QB,Drew Lock,LockDr00,RB,Melvin Gordon,GordMe00,WR,Jerry Jeudy,JeudJe00,WR,Tim Patrick,PatrTi00,TE,Noah Fant,FantNo00,TE,Nick Vannett,VannNi00,T,Calvin Anderson,AndeCa00,G,Dalton Risner,RisnDa00,G,Netane Muti,MutiNe00,C,Lloyd Cushenberry III,CushLl00,DL,DeShawn Williams,WillDe04,DE,Shelby Harris,HarrSh00,OLB,Bradley Chubb,ChubBr00,OLB,Malik Reed,ReedMa01,ILB,Alexander Johnson,JohnAl01,ILB,Josey Jewell,JeweJo00,CB,Michael Ojemudia,OjemMi00,CB,Duke Dawson,DawsDu00,CB,De'Vante Bausby,BausDe00,S,Justin Simmons,SimmJu00,S,Kareem Jackson,JackKa99,Referee,Shawn Hochuli,Umpire,Ruben Fowler,Down Judge,Sarah Thomas,Line Judge,Carl Johnson,Back Judge,Rich Martinez,Side Judge,Dominique Pender,Field Judge,Tom Hill
202012130chi,2020-12-13,Sunday,1:00pm,Chicago Bears,Houston Texans,chi,htx,36,7,Matt Nagy,Romeo Crennel,Soldier Field,,4:06,outdoors,grass,"34 degrees, relative humidity 70%, wind 1 mph",QB,Mitchell Trubisky,TrubMi00,RB,David Montgomery,MontDa01,WR,Allen Robinson,RobiAl02,WR,Darnell Mooney,MoonDa00,WR,Anthony Miller,MillAn02,TE,Jimmy Graham,GrahJi00,OL,Cody Whitehair,WhitCo03,OL,Alex Bars,BarsAl01,OL,Sam Mustipher,MustSa01,OL,Charles Leno Jr.,LenoCh00,OL,Germain Ifedi,IfedGe00,DE,Brent Urban,UrbaBr00,DT,Bilal Nichols,NichBi00,DT,Akiem Hicks,HickAk00,LB,Khalil Mack,MackKh00,LB,Robert Quinn,QuinRo00,LB,Roquan Smith,SmitRo07,LB,Danny Trevathan,TrevDa00,DB,Jaylon Johnson,JohnJa13,DB,Eddie Jackson,JackEd01,DB,Tashaun Gipson,GipsTa00,DB,Kyle Fuller,FullKy00,C/G,Zach Fulton,FultZa00,G/T,Brent Qvale,QvalBr01,G/T,Tytus Howard,HowaTy00,QB,Deshaun Watson,WatsDe00,RB,Duke Johnson,JohnDu00,WR,Keke Coutee,CoutKe00,WR,Steven Mitchell,MitcSt02,TE,Jordan Akins,AkinJo00,TE,Darren Fells,FellDa01,T,Laremy Tunsil,TunsLa00,C,Nick Martin,MartNi00,DE,J.J. Watt,,DE,Carlos Watkins,WatkCa00,DT,Brandon Dunn,DunnBr00,OLB,Whitney Mercilus,MercWh00,ILB,Zach Cunningham,CunnZa00,ILB,Tyrell Adams,AdamTy00,CB,Vernon Hargreaves III,HargVe00,CB,Keion Crossen,CrosKe00,S,Lonnie Johnson Jr.,JohnLo01,S,Eric Murray,MurrEr00,S,Justin Reid,ReidJu00,Referee,Land Clark,Umpire,Alan Eck,Down Judge,Tripp Sutter,Line Judge,Mark Stewart,Back Judge,Tony Josselyn,Side Judge,Mearl Robinson,Field Judge,Tra Blake
202012130cin,2020-12-13,Sunday,1:00pm,Cincinnati Bengals,Dallas Cowboys,cin,dal,7,30,Zac Taylor,Mike McCarthy,Paul Brown Stadium,10322,2:46,outdoors,grass,"44 degrees, relative humidity 73%, wind 5 mph",QB,Brandon Allen,AlleBr00,HB,Giovani Bernard,BernGi00,WR,Tee Higgins,HiggTe00,WR,Alex Erickson,EricAl01,TE,Drew Sample,SampDr00,TE,Cethan Carter,CartCe00,OT,Hakeem Adeniji,AdenHa00,OT,Bobby Hart,HartBo00,G,Xavier Su'a-Filo,Sua-Xa00,G,Quinton Spain,SpaiQu00,C,Trey Hopkins,HopkTr01,DE,Sam Hubbard,HubbSa00,DE,Carl Lawson,LawsCa00,DT,Mike Daniels,DaniMi00,DT,Christian Covington,CoviCh00,LB,Josh Bynes,ByneJo00,LB,Germaine Pratt,PratGe00,CB,William Jackson III,JackWi02,CB,LeShaun Sims,SimsLe00,CB,Mackensie Alexander,AlexMa01,S,Vonn Bell,BellVo00,S,Jessie Bates III,BateJe00,QB,Andy Dalton,DaltAn00,RB,Ezekiel Elliott,ElliEz00,WR,Amari Cooper,CoopAm00,WR,Michael Gallup,GallMi00,WR,CeeDee Lamb,LambCe00,TE,Dalton Schultz,SchuDa00,T,Terence Steele,SteeTe01,T,Brandon Knight,KnigBr01,G,Connor Williams,WillCo00,G,Connor McGovern,McGoCo01,C,Joe Looney,LoonJo01,DE,Dorance Armstrong Jr.,ArmsDo00,DE,Aldon Smith,SmitAl04,DT,Antwaun Woods,WoodAn02,DT,Justin Hamilton,HamiJu00,DT,Neville Gallimore,GallNe00,LB,Jaylon Smith,SmitJa05,LB,Leighton Vander Esch,VandLe00,CB,Rashard Robinson,RobiRa00,CB,Saivion Smith,SmitSa02,S,Darian Thompson,ThomDa05,S,Xavier Woods,WoodXa00,Referee,John Hussey,Umpire,Roy Ellison,Down Judge,Brian Bolinger,Line Judge,Tom Symonette,Back Judge,Grantis Bell,Side Judge,Allen Baynes,Field Judge,Steve Zimmer
202012130det,2020-12-13,Sunday,4:25pm,Detroit Lions,Green Bay Packers,det,gnb,24,31,Darrell Bevell,Matt LaFleur,Ford Field,,3:08,dome,fieldturf,,QB,Matthew Stafford,StafMa00,RB,Adrian Peterson,PeteAd01,WR,Quintez Cephus,CephQu00,WR,Marvin Jones,JoneMa02,TE,T.J. Hockenson,HockTJ00,TE,Jesse James,JameJe00,OL,Oday Aboushi,AbouOd00,OL,Frank Ragnow,RagnFr00,OL,Jonah Jackson,JackJo03,T,Taylor Decker,DeckTa00,T,Matt Nelson,NelsMa00,DL,John Penisini,PeniJo00,DE,Romeo Okwara,OkwaRo01,DT,Nick Williams,WillNi01,LB,Christian Jones,JoneCh05,LB,Jamie Collins,CollJa00,LB,Jahlani Tavai,TavaJa00,CB,Amani Oruwariye,OruwAm00,CB,Darryl Roberts,RobeDa00,CB,Justin Coleman,ColeJu01,S,Jayron Kearse,KearJa00,S,Duron Harmon,HarmDu00,G/T,Billy Turner,TurnBi00,QB,Aaron Rodgers,RodgAa00,RB,Aaron Jones,JoneAa00,WR,Davante Adams,AdamDa01,WR,Marquez Valdes-Scantling,ValdMa00,WR,Allen Lazard,LazaAl00,TE,Marcedes Lewis,LewiMa00,T,Ricky Wagner,WagnRi00,T,David Bakhtiari,BakhDa00,G,Elgton Jenkins,JenkEl00,G,Lucas Patrick,PatrLu00,DL,Kingsley Keke,KekeKi00,DL,Dean Lowry,LowrDe00,DL,Kenny Clark,ClarKe01,LB,Christian Kirksey,KirkCh00,LB,Kamal Martin,MartKa01,LB,Preston Smith,SmitPr00,LB,Za'Darius Smith,SmitZa00,CB,Kevin King,KingKe01,CB,Jaire Alexander,AlexJa00,S,Darnell Savage Jr.,SavaDa00,S,Adrian Amos,AmosAd00,Referee,Alex Kemp,Umpire,Tab Slaughter,Down Judge,Jerod Phillips,Line Judge,Walt Coleman IV,Back Judge,Greg Meyer,Side Judge,Eugene Hall,Field Judge,Terry Brown
202012130jax,2020-12-13,Sunday,1:00pm,Jacksonville Jaguars,Tennessee Titans,jax,oti,10,31,Doug Marrone,Mike Vrabel,TIAA Bank Stadium,15896,3:02,outdoors,grass,"69 degrees, relative humidity 83%, wind 2 mph",QB,Mike Glennon,GlenMi00,RB,James Robinson,RobiJa00,WR,DJ Chark,CharDJ00,WR,Laviska Shenault Jr.,ShenLa00,TE,Tyler Eifert,EifeTy00,TE,James O'Shaughnessy,O'ShJa00,OL,A.J. Cann,,OL,Jawaan Taylor,TaylJa02,OL,Tyler Shatley,ShatTy00,OL,Cam Robinson,RobiCa00,OL,Ben Bartch,BartBe00,DL,Dawuane Smoot,SmooDa00,DE,Adam Gotsis,GotsAd00,DT,Daniel Ekuale,EkuaDa00,DT,Doug Costin,CostDo00,LB,Myles Jack,JackMy00,LB,Joe Giles-Harris,GileJo01,LB,Joe Schobert,SchoJo00,CB,Sidney Jones,JoneSi00,CB,Tre Herndon,HernTr00,S,Jarrod Wilson,WilsJa00,S,Josh Jones,JoneJo06,QB,Ryan Tannehill,TannRy00,RB,Derrick Henry,HenrDe00,WR,Corey Davis,DaviCo03,WR,A.J. Brown,BrowAJ00,TE,Geoff Swaim,SwaiGe00,TE,Jonnu Smith,SmitJo01,OL,Nate Davis,DaviNa01,OL,David Quessenberry,QuesDa00,T,Dennis Kelly,KellDe00,G,Rodger Saffold,SaffRo20,C,Ben Jones,JoneBe01,DL,DaQuan Jones,JoneDa04,DL,Jack Crawford,CrawJa00,DT,Jeffery Simmons,SimmJe01,OLB,Harold Landry,LandHa00,OLB,Tuzar Skipper,SkipTu00,LB,David Long,LongDa04,LB,Rashaan Evans,EvanRa01,CB,Malcolm Butler,ButlMa01,DB,Amani Hooker,HookAm00,DB,Tye Smith,SmitTy01,S,Kevin Byard,ByarKe01,Referee,Adrian Hill,Umpire,Paul King,Down Judge,Ed Camp,Line Judge,Kevin Codey,Back Judge,Greg Steed,Side Judge,Keith Washington,Field Judge,Jim Quirk
202012130mia,2020-12-13,Sunday,1:00pm,Miami Dolphins,Kansas City Chiefs,mia,kan,27,33,Brian Flores,Andy Reid,Hard Rock Stadium,13057,3:15,outdoors,grass,"81 degrees, relative humidity 56%, wind 8 mph",G/T,Jesse Davis,DaviJe00,G/T,Robert Hunt,HuntRo01,QB,Tua Tagovailoa,TagoTu00,RB,DeAndre Washington,WashDe00,WR,DeVante Parker,ParkDe01,TE,Mike Gesicki,GesiMi00,TE,Durham Smythe,SmytDu00,TE,Adam Shaheen,ShahAd00,T,Austin Jackson,JackAu00,G,Solomon Kindley,KindSo00,C,Ted Karras,KarrTe00,DE,Shaq Lawson,LawsSh00,DT,Zach Sieler,SielZa00,DT,Raekwon Davis,DaviRa03,DT,Christian Wilkins,WilkCh00,LB,Jerome Baker,BakeJe00,LB,Samuel Eguavoen,EguaSa00,LB,Andrew Van Ginkel,VanGAn00,CB,Byron Jones,JoneBy00,CB,Xavien Howard,HowaXa00,S,Bobby McCain,McCaBo01,S,Eric Rowe,RoweEr00,QB,Patrick Mahomes,MahoPa00,RB,Clyde Edwards-Helaire,EdwaCl00,FB,Anthony Sherman,SherAn00,WR,Sammy Watkins,WatkSa00,WR,Tyreek Hill,HillTy00,TE,Travis Kelce,KelcTr00,T,Eric Fisher,FishEr00,T,Mike Remmers,RemmMi00,G,Andrew Wylie,WyliAn00,G,Nick Allegretti,AlleNi00,C,Austin Reiter,ReitAu00,DE,Tanoh Kpassagnon,KpasTa00,DE,Frank Clark,ClarFr01,DT,Chris Jones,JoneCh09,DT,Derrick Nnadi,NnadDe00,LB,Ben Niemann,NiemBe00,LB,Anthony Hitchens,HitcAn00,LB,Willie Gay Jr.,GayJWi00,CB,Charvarius Ward,WardCh01,CB,Bashaud Breeland,BreeBa00,S,Tyrann Mathieu,MathTy00,S,Daniel Sorensen,SoreDa01,Referee,Clay Martin,Umpire,Tony Michalek,Down Judge,Derick Bowers,Line Judge,Frank LeBlanc,Back Judge,Steve Patrick,Side Judge,Jeff Lamberth,Field Judge,Mike Weatherford
202012130nyg,2020-12-13,Sunday,1:00pm,New York Giants,Arizona Cardinals,nyg,crd,7,26,Joe Judge,Kliff Kingsbury,MetLife Stadium,,3:07,outdoors,fieldturf,"59 degrees, relative humidity 58%, wind 15 mph",QB,Daniel Jones,JoneDa05,RB,Wayne Gallman,GallWa00,WR,Darius Slayton,SlayDa01,WR,Sterling Shepard,ShepSt00,TE,Evan Engram,EngrEv00,TE,Kaden Smith,SmitKa00,OL,Shane Lemieux,LemiSh00,T,Cameron Fleming,FlemCa00,T,Andrew Thomas,ThomAn02,G,Kevin Zeitler,ZeitKe00,C,Nick Gates,GateNi00,DL,Dalvin Tomlinson,TomlDa00,DL,Dexter Lawrence,LawrDe03,DL,Jabaal Sheard,SheaJa00,LB,Carter Coughlin,CougCa00,LB,Blake Martinez,MartBl01,LB,Tae Crowder,CrowTa00,CB,Isaac Yiadom,YiadIs00,CB,James Bradberry,BradJa00,DB,Logan Ryan,RyanLo00,S,Jabrill Peppers,PeppJa00,S,Xavier McKinney,McKiXa00,QB,Kyler Murray,MurrKy00,RB,Kenyan Drake,DrakKe00,WR,Christian Kirk,KirkCh01,WR,Larry Fitzgerald,FitzLa00,WR,DeAndre Hopkins,HopkDe00,TE,Maxx Williams,WillMa04,OL,D.J. Humphries,,OL,Justin Pugh,PughJu00,OL,Justin Murray,MurrJu00,OL,Mason Cole,ColeMa02,OL,Kelvin Beachum,BeacKe00,DL,Angelo Blackson,BlacAn00,DL,Domata Peko,PekoDo20,DE,Jordan Phillips,PhilJo01,LB,Jordan Hicks,HickJo00,LB,Markus Golden,GoldMa00,LB,De'Vondre Campbell,CampDe00,LB,Haason Reddick,ReddHa00,CB,Dre Kirkpatrick,KirkDr00,CB,Patrick Peterson,PetePa00,S,Budda Baker,BakeBu00,S,Chris Banjo,BanjCh00,Referee,Ronald Torbert,Umpire,Mark Pellis,Down Judge,Patrick Holt,Line Judge,Jim Mello,Back Judge,Greg Yette,Side Judge,Jonah Monroe,Field Judge,James Coleman
202012130phi,2020-12-13,Sunday,4:25pm,Philadelphia Eagles,New Orleans Saints,phi,nor,24,21,Doug Pederson,Sean Payton,Lincoln Financial Field,,3:08,outdoors,grass,"57 degrees, relative humidity 49%, wind 10 mph",C/G,Nate Herbig,HerbNa01,QB,Jalen Hurts,HurtJa00,RB,Miles Sanders,SandMi01,WR,Greg Ward,WardGr02,WR,Jalen Reagor,ReagJa00,TE,Zach Ertz,ErtzZa00,TE,Dallas Goedert,GoedDa00,OL,Isaac Seumalo,SeumIs00,T,Jordan Mailata,MailJo00,T,Jack Driscoll,DrisJa00,C,Jason Kelce,KelcJa00,DE,Derek Barnett,BarnDe01,DE,Brandon Graham,GrahBr99,DT,Javon Hargrave,HargJa00,DT,Fletcher Cox,CoxxFl00,LB,Duke Riley,RileDu00,LB,Alex Singleton,SingAl00,CB,Avonte Maddox,MaddAv00,CB,Nickell Robey-Coleman,RobeNi00,CB,Darius Slay,SlayDa00,S,Rodney McLeod,McLeRo00,S,Jalen Mills,MillJa02,C/G,Nick Easton,EastNi00,G/T,Andrus Peat,PeatAn00,C/G,Erik McCoy,McCoEr01,QB,Taysom Hill,HillTa00,RB,Latavius Murray,MurrLa00,RB,Alvin Kamara,KamaAl00,WR,Tre'Quan Smith,SmitTr03,WR,Juwan Johnson,JohnJu02,TE,Josh Hill,HillJo02,T,Terron Armstead,ArmsTe00,T,Ryan Ramczyk,RamcRy00,DE,Cameron Jordan,JordCa00,DE,Trey Hendrickson,HendTr00,DT,David Onyemata,OnyeDa00,DT,Shy Tuttle,TuttSh00,LB,Kwon Alexander,AlexKw00,LB,Demario Davis,DaviDe00,CB,Marshon Lattimore,LattMa01,CB,Jackrabbit Jenkins,JenkJa03,DB,C.J. Gardner-Johnson,GardCh00,S,Malcolm Jenkins,JenkMa99,S,Marcus Williams,WillMa06,Referee,Jerome Boger,Umpire,Barry Anderson,Down Judge,Julian Mapp,Line Judge,Rusty Baynes,Back Judge,Brad Freeman,Side Judge,Anthony Jeffries,Field Judge,Dale Shaw
202012130rai,2020-12-13,Sunday,4:05pm,Las Vegas Raiders,Indianapolis Colts,rai,clt,27,44,Jon Gruden,Frank Reich,Allegiant Stadium,,2:59,dome,grass,,G/T,Denzelle Good,GoodDe01,QB,Derek Carr,CarrDe02,RB,Josh Jacobs,JacoJo01,FB,Alec Ingold,IngoAl01,WR,Nelson Agholor,AghoNe00,TE,Jason Witten,WittJa00,TE,Darren Waller,WallDa01,T,Kolton Miller,MillKo00,T,Trent Brown,BrowTr02,G,Gabe Jackson,JackGa00,C,Rodney Hudson,HudsRo00,DE,Maxx Crosby,CrosMa00,DE,Clelin Ferrell,FerrCl00,DT,Maurice Hurst Jr.,HursMa00,DT,Johnathan Hankins,HankJo00,LB,Nick Kwiatkoski,KwiaNi00,LB,Cory Littleton,LittCo01,LB,Nicholas Morrow,MorrNi00,CB,Nevin Lawson,LawsNe00,CB,Trayvon Mullen,MullTr00,S,Johnathan Abram,AbraJo01,S,Erik Harris,HarrEr00,T/G,Braden Smith,SmitBr06,G/C,Quenton Nelson,NelsQu00,QB,Philip Rivers,RivePh00,RB,Jonathan Taylor,TaylJo02,WR,T.Y. Hilton,,WR,Zach Pascal,PascZa00,TE,Trey Burton,BurtTr01,TE,Mo Alie-Cox,AlieMo00,T,Anthony Castonzo,CastAn00,G,Mark Glowinski,GlowMa00,C,Ryan Kelly,KellRy00,DE,Denico Autry,AutrDe00,DE,Justin Houston,HousJu00,DT,DeForest Buckner,BuckDe00,DT,Grover Stewart,StewGr00,LB,Shaquille Leonard,LeonDa00,LB,Bobby Okereke,OkerBo00,LB,Anthony Walker,WalkAn01,CB,Kenny Moore,MoorKe03,CB,Xavier Rhodes,RhodXa00,S,Julian Blackmon,BlacJu01,S,Khari Willis,WillKh00,Referee,Clete Blakeman,Umpire,Fred Bryan,Down Judge,Jerry Bergman,Line Judge,Tom Stephan,Back Judge,Scott Helverson,Side Judge,Michael Banks,Field Judge,Joe Blubaugh
202012130sdg,2020-12-13,Sunday,4:25pm,Los Angeles Chargers,Atlanta Falcons,sdg,atl,20,17,Anthony Lynn,Raheem Morris,SoFi Stadium,,2:47,dome,matrixturf,,C/G,Dan Feeney,FeenDa00,QB,Justin Herbert,HerbJu00,RB,Austin Ekeler,EkelAu00,FB,Gabe Nabers,NabeGa00,WR,Keenan Allen,AlleKe00,WR,Mike Williams,WillMi07,TE,Hunter Henry,HenrHu00,T,Bryan Bulaga,BulaBr20,T,Sam Tevi,TeviSa00,G,Forrest Lamp,LampFo00,G,Trai Turner,TurnTr01,DE,Joey Bosa,BosaJo00,DE,Isaac Rochell,RochIs00,DT,Justin Jones,JoneJu03,DT,Linval Joseph,JoseLi99,LB,Kenneth Murray,MurrKe00,LB,Kyzir White,WhitKy00,CB,Michael Davis,DaviMi03,CB,Casey Hayward,HaywCa00,DB,Chris Harris Jr.,HarrCh01,S,Rayshawn Jenkins,JenkRa00,S,Nasir Adderley,AddeNa00,QB,Matt Ryan,RyanMa00,RB,Todd Gurley,GurlTo01,WR,Brandon Powell,PoweBr00,WR,Calvin Ridley,RidlCa00,WR,Russell Gage,GageRu00,TE,Luke Stocker,StocLu00,T,Matt Gono,GonoMa00,T,Jake Matthews,MattJa00,G,Chris Lindstrom,LindCh00,G,Justin McCray,McCrJu00,C,Alex Mack,MackAl20,DE,Steven Means,MeanSt00,DE,Dante Fowler,FowlDa00,DT,Grady Jarrett,JarrGr00,DT,Tyeler Davison,DaviTy01,LB,Deion Jones,JoneDe01,LB,Foyesade Oluokun,OluoFo00,CB,AJ Terrell,TerrAJ00,CB,Isaiah Oliver,OlivIs00,DB,Darqueze Dennard,DennDa00,S,Sharrod Neasman,NeasSh00,S,Keanu Neal,NealKe01,Referee,Tony Corrente,Umpire,Dan Ferrell,Down Judge,Mark Perlman,Line Judge,Bart Longson,Back Judge,Keith Ferguson,Side Judge,Anthony Flemming,Field Judge,Ryan Dickson
202012130sea,2020-12-13,Sunday,4:05pm,Seattle Seahawks,New York Jets,sea,nyj,40,3,Pete Carroll,Adam Gase,Lumen Field,,2:53,outdoors,fieldturf,"43 degrees, relative humidity 90%, wind 8 mph",G/C,Ethan Pocic,PociEt00,QB,Russell Wilson,WilsRu00,RB,Chris Carson,CarsCh00,WR,David Moore,MoorDa03,WR,D.K. Metcalf,MetcDK00,WR,Tyler Lockett,LockTy00,TE,Will Dissly,DissWi00,T,Brandon Shell,ShelBr00,T,Duane Brown,BrowDu20,G,Mike Iupati,IupaMi20,G,Damien Lewis,LewiDa05,DE,Benson Mayowa,MayoBe00,DE,L.J. Collier,CollLJ00,DT,Poona Ford,FordPo00,DT,Jarran Reed,ReedJa02,LB,K.J. Wright,,LB,Bobby Wagner,WagnBo00,LB,Jordyn Brooks,BrooJo01,CB,D.J. Reed,,CB,Shaquill Griffin,GrifSh00,SS,Jamal Adams,AdamJa00,FS,Quandre Diggs,DiggQu00,QB,Sam Darnold,DarnSa00,RB,Frank Gore,GoreFr00,WR,Jaleel Scott,ScotJa02,WR,Breshad Perriman,PerrBr02,TE,Trevon Wesco,WescTr00,TE,Ryan Griffin,GrifRy00,OL,Josh Andrews,AndrJo01,OL,Connor McGovern,McGoCo00,OL,Pat Elflein,ElflPa00,T,George Fant,FantGe00,T,Mekhi Becton,BectMe00,DL,Folorunso Fatukasi,FatuFo00,DL,Henry Anderson,AndeHe00,DL,Quinnen Williams,WillQu00,LB,Neville Hewitt,HewiNe00,LB,Harvey Langi,LangHa00,LB,Tarell Basham,BashTa00,CB,Javelin Guidry,GuidJa01,CB,Bryce Hall,HallBr02,CB,Blessuan Austin,AustBl00,S,Matthias Farley,FarlMa00,S,Marcus Maye,MayeMa00,Referee,Scott Novak,Umpire,Steven Woods,Down Judge,Kent Payne,Line Judge,Thomas Eaton,Back Judge,Terrence Miles,Side Judge,John Jenkins,Field Judge,Scott Edwards
202012130sfo,2020-12-13,Sunday,4:25pm,San Francisco 49ers,Washington Football Team,sfo,was,15,23,Kyle Shanahan,Ron Rivera,State Farm Stadium,,3:18,retractable roof (closed),grass,,QB,Nick Mullens,MullNi00,RB,Raheem Mostert,MostRa00,FB,Kyle Juszczyk,JuszKy00,WR,Brandon Aiyuk,AiyuBr00,WR,Deebo Samuel,SamuDe00,TE,Ross Dwelley,DwelRo00,OL,Daniel Brunskill,BrunDa00,OL,Laken Tomlinson,TomlLa01,OL,Colton McKivitz,McKiCo00,T,Trent Williams,WillTr21,T,Mike McGlinchey,McGlMi00,DL,Dion Jordan,JordDi00,DL,Kerry Hyder,HydeKe01,DL,Arik Armstead,ArmsAr01,DT,Javon Kinlaw,KinlJa00,LB,Dre Greenlaw,GreeDr00,LB,Fred Warner,WarnFr00,CB,Dontae Johnson,JohnDo02,CB,Richard Sherman,SherRi00,CB,Jason Verrett,VerrJa00,DB,Tarvarius Moore,MoorTa00,DB,Jimmie Ward,WardJi01,QB,Alex Smith,SmitAl03,RB,J.D. McKissic,,WR,Isaiah Wright,WrigIs01,WR,Cam Sims,SimsCa00,WR,Terry McLaurin,McLaTe00,TE,Logan Thomas,ThomLo00,T,Cornelius Lucas,LucaCo01,T,Morgan Moses,MoseMo00,G,Brandon Scherff,ScheBr00,G,Wes Schweitzer,SchwWe00,C,Chase Roullier,RoulCh00,DE,Chase Young,YounCh04,DE,Montez Sweat,SweaMo00,DT,Daron Payne,PaynDa00,DT,Tim Settle,SettTi00,DT,Jonathan Allen,AlleJo01,LB,Cole Holcomb,HolcCo00,LB,Jonathan Bostic,BostJo00,CB,Kendall Fuller,FullKe00,CB,Ronald Darby,DarbRo00,S,Deshazor Everett,EverDe01,S,Kamren Curl,CurlKa00,Referee,Carl Cheffers,Umpire,Richard Hall,Down Judge,Patrick Turner,Line Judge,Tim Podraza,Back Judge,Greg Wilson,Side Judge,Clay Reynard,Field Judge,Gary Cavaletto
202012130tam,2020-12-13,Sunday,1:00pm,Tampa Bay Buccaneers,Minnesota Vikings,tam,min,26,14,Bruce Arians,Mike Zimmer,Raymond James Stadium,16031,2:53,outdoors,grass,"78 degrees, relative humidity 63%, wind 5 mph",QB,Tom Brady,BradTo00,RB,Ronald Jones II,JoneRo01,WR,Mike Evans,EvanMi00,WR,Chris Godwin,GodwCh00,TE,Antony Auclair,AuclAn00,TE,Rob Gronkowski,GronRo00,T,Tristan Wirfs,WirfTr00,T,Donovan Smith,SmitDo02,G,Alex Cappa,CappAl00,G,Ali Marpet,MarpAl00,C,Ryan Jensen,JensRy00,DL,William Gholston,GholWi00,DL,Rakeem Nunez-Roches,NuneRa00,DL,Ndamukong Suh,SuhxNd99,OLB,Jason Pierre-Paul,PierJa99,OLB,Shaquil Barrett,BarrSh00,ILB,Lavonte David,DaviLa00,ILB,Devin White,WhitDe02,CB,Carlton Davis,DaviCa02,CB,Sean Murphy-Bunting,BuntSe00,S,Jordan Whitehead,WhitJo03,S,Antoine Winfield Jr.,WinfAn00,QB,Kirk Cousins,CousKi00,RB,Dalvin Cook,CookDa01,FB,C.J. Ham,,WR,Adam Thielen,ThieAd00,WR,Justin Jefferson,JeffJu00,TE,Tyler Conklin,ConkTy00,T,Riley Reiff,ReifRi00,T,Brian O'Neill,ONeiBr00,G,Ezra Cleveland,ClevEz00,G,Dakota Dozier,DoziDa00,C,Garrett Bradbury,BradGa00,DE,Jalyn Holmes,HolmJa01,DE,Ifeadi Odenigbo,OdenIf00,DT,Shamar Stephen,StepSh00,DT,Jaleel Johnson,JohnJa09,LB,Eric Wilson,WilsEr00,LB,Troy Dye,DyexTr00,LB,Todd Davis,DaviTo01,CB,Jeff Gladney,GladJe00,CB,Cameron Dantzler,DantCa00,S,Anthony Harris,HarrAn01,S,Harrison Smith,SmitHa00,Referee,Brad Allen,Umpire,Bruce Stritesky,Down Judge,Danny Short,Line Judge,Daniel Gallagher,Back Judge,Jimmy Russell,Side Judge,Boris Cheek,Field Judge,Rick Patterson
202012140cle,2020-12-14,Monday,8:15pm,Cleveland Browns,Baltimore Ravens,cle,rav,42,47,Kevin Stefanski,John Harbaugh,FirstEnergy Stadium,11974,3:27,outdoors,grass,"34 degrees, relative humidity 51%, wind 18 mph",QB,Baker Mayfield,MayfBa00,RB,Nick Chubb,ChubNi00,WR,Rashard Higgins,HiggRa00,WR,Jarvis Landry,LandJa00,TE,Harrison Bryant,BryaHa00,TE,David Njoku,NjokDa00,T,Jack Conklin,ConkJa00,T,Jedrick Wills Jr.,WillJe04,G,Joel Bitonio,BitoJo00,G,Wyatt Teller,TellWy00,C,J.C. Tretter,TretJC00,DE,Myles Garrett,GarrMy00,DE,Olivier Vernon,VernOl00,DT,Larry Ogunjobi,OgunLa00,DT,Sheldon Richardson,RichSh00,LB,Mack Wilson,WilsMa03,LB,Sione Takitaki,TakiSi00,LB,B.J. Goodson,,CB,Terrance Mitchell,MitcTe00,CB,Kevin Johnson,JohnKe04,S,Andrew Sendejo,SendAn00,S,Karl Joseph,JoseKa00,G/C,Bradley Bozeman,BozeBr00,C/G,Matt Skura,SkurMa01,G/T,Tyre Phillips,PhilTy00,G/C,Patrick Mekari,MekaPa00,QB,Lamar Jackson,JackLa00,RB,Mark Ingram,IngrMa01,FB,Patrick Ricard,RicaPa00,WR,Miles Boykin,BoykMi00,WR,Marquise Brown,BrowMa04,T,Orlando Brown Jr.,BrowOr00,G,Ben Powers,PoweBe00,DE,Derek Wolfe,WolfDe00,DE,Calais Campbell,CampCa99,DT,Brandon Williams,WillBr02,OLB,Pernell McPhee,McPhPe00,ILB,Patrick Queen,QueePa00,ILB,Chris Board,BoarCh00,LB,Matt Judon,JudoMa00,CB,Marcus Peters,PeteMa00,CB,Marlon Humphrey,HumpMa00,S,DeShon Elliott,ElliDe02,S,Chuck Clark,ClarCh00,Referee,Bill Vinovich,Umpire,Terry Killens,Down Judge,Mike Carr,Line Judge,Jeff Seeman,Back Judge,Perry Paganelli,Side Judge,Don Willard,Field Judge,David Meslow
202012170rai,2020-12-17,Thursday,8:20pm,Las Vegas Raiders,Los Angeles Chargers,rai,sdg,27,30,Jon Gruden,Anthony Lynn,Allegiant Stadium,,3:18,dome,grass,,G/T,Denzelle Good,GoodDe01,QB,Derek Carr,CarrDe02,RB,Josh Jacobs,JacoJo01,WR,Nelson Agholor,AghoNe00,WR,Zay Jones,JoneZa00,TE,Darren Waller,WallDa01,TE,Foster Moreau,MoreFo00,T,Trent Brown,BrowTr02,T,Kolton Miller,MillKo00,G,Gabe Jackson,JackGa00,C,Rodney Hudson,HudsRo00,DE,Carl Nassib,NassCa00,DE,Maxx Crosby,CrosMa00,DT,Maurice Hurst Jr.,HursMa00,DT,Johnathan Hankins,HankJo00,LB,Nick Kwiatkoski,KwiaNi00,LB,Cory Littleton,LittCo01,CB,Trayvon Mullen,MullTr00,CB,Keisean Nixon,NixoKe00,CB,Daryl Worley,WorlDa00,S,Lamarcus Joyner,JoynLa00,S,Erik Harris,HarrEr00,C/G,Dan Feeney,FeenDa00,QB,Justin Herbert,HerbJu00,RB,Austin Ekeler,EkelAu00,WR,Mike Williams,WillMi07,WR,Keenan Allen,AlleKe00,WR,Jalen Guyton,GuytJa01,TE,Hunter Henry,HenrHu00,T,Storm Norton,NortSt00,T,Sam Tevi,TeviSa00,G,Forrest Lamp,LampFo00,G,Trai Turner,TurnTr01,DE,Isaac Rochell,RochIs00,DT,Justin Jones,JoneJu03,DT,Linval Joseph,JoseLi99,DT,Jerry Tillery,TillJe00,LB,Kenneth Murray,MurrKe00,LB,Nick Vigil,VigiNi00,LB,Kyzir White,WhitKy00,CB,Casey Hayward,HaywCa00,DB,Chris Harris Jr.,HarrCh01,S,Rayshawn Jenkins,JenkRa00,S,Jaylen Watkins,WatkJa01,Referee,John Hussey,Umpire,Roy Ellison,Down Judge,Brian Bolinger,Line Judge,Tom Symonette,Back Judge,Grantis Bell,Side Judge,Allen Baynes,Field Judge,Steve Zimmer
202012190den,2020-12-19,Saturday,4:30pm,Denver Broncos,Buffalo Bills,den,buf,19,48,Vic Fangio,Sean McDermott,Empower Field at Mile High,,3:20,outdoors,grass,"47 degrees, relative humidity 22%, wind 24 mph",G/T,Elijah Wilkinson,WilkEl00,QB,Drew Lock,LockDr00,RB,Phillip Lindsay,LindPh00,WR,Jerry Jeudy,JeudJe00,WR,Tim Patrick,PatrTi00,TE,Noah Fant,FantNo00,TE,Nick Vannett,VannNi00,T,Garett Bolles,BollGa00,G,Graham Glasgow,GlasGr00,G,Dalton Risner,RisnDa00,C,Lloyd Cushenberry III,CushLl00,DL,DeShawn Williams,WillDe04,DE,Dre'Mont Jones,JoneDr00,DE,Shelby Harris,HarrSh00,OLB,Malik Reed,ReedMa01,OLB,Bradley Chubb,ChubBr00,ILB,Alexander Johnson,JohnAl01,ILB,Josey Jewell,JeweJo00,CB,Michael Ojemudia,OjemMi00,CB,De'Vante Bausby,BausDe00,S,Kareem Jackson,JackKa99,S,Justin Simmons,SimmJu00,QB,Josh Allen,AlleJo02,RB,Devin Singletary,SingDe00,WR,Cole Beasley,BeasCo00,WR,Gabe Davis,DaviGa01,WR,Stefon Diggs,DiggSt00,TE,Dawson Knox,KnoxDa00,OL,Daryl Williams,WillDa06,T,Dion Dawkins,DawkDi00,G,Jon Feliciano,FeliJo00,G,Ike Boettger,BoetIk00,C,Mitch Morse,MorsMi00,DE,Jerry Hughes,HughJe99,DE,Mario Addison,AddiMa00,DT,Vernon Butler,ButlVe00,DT,Ed Oliver,OlivEd00,LB,Tremaine Edmunds,EdmuTr01,LB,A.J. Klein,KleiAJ00,CB,Taron Johnson,JohnTa01,CB,Levi Wallace,WallLe00,CB,Tre'Davious White,WhitTr01,S,Micah Hyde,HydeMi00,S,Jordan Poyer,PoyeJo00,Referee,Clete Blakeman,Umpire,Fred Bryan,Down Judge,Mark Hittner,Line Judge,Tom Stephan,Back Judge,Scott Helverson,Side Judge,Michael Banks,Field Judge,Joe Blubaugh
202012190gnb,2020-12-19,Saturday,8:15pm,Green Bay Packers,Carolina Panthers,gnb,car,24,16,Matt LaFleur,Matt Rhule,Lambeau Field,,3:05,outdoors,grass,"33 degrees, relative humidity 85%, wind 5 mph",G/T,Billy Turner,TurnBi00,QB,Aaron Rodgers,RodgAa00,RB,Aaron Jones,JoneAa00,WR,Davante Adams,AdamDa01,WR,Marquez Valdes-Scantling,ValdMa00,WR,Allen Lazard,LazaAl00,TE,Marcedes Lewis,LewiMa00,T,Ricky Wagner,WagnRi00,T,David Bakhtiari,BakhDa00,G,Elgton Jenkins,JenkEl00,G,Lucas Patrick,PatrLu00,DL,Kenny Clark,ClarKe01,DL,Dean Lowry,LowrDe00,LB,Christian Kirksey,KirkCh00,LB,Rashan Gary,GaryRa00,LB,Krys Barnes,BarnKr00,LB,Za'Darius Smith,SmitZa00,CB,Kevin King,KingKe01,CB,Chandon Sullivan,SullCh00,CB,Jaire Alexander,AlexJa00,S,Darnell Savage Jr.,SavaDa00,S,Adrian Amos,AmosAd00,QB,Teddy Bridgewater,BridTe00,RB,Mike Davis,DaviMi01,WR,Brandon Zylstra,ZylsBr00,WR,Robbie Chosen,AndeRo04,TE,Chris Manhertz,ManhCh00,TE,Colin Thompson,ThomCo03,T,Taylor Moton,MotoTa00,T,Trenton Scott,ScotTr01,G,John Miller,MillJo04,G,Chris Reed,ReedCh00,C,Matt Paradis,ParaMa00,DE,Yetur Gross-Matos,GrosYe00,DE,Brian Burns,BurnBr00,DT,Bravvion Roy,RoyxBr00,DT,Derrick Brown,BrowDe05,LB,Jermaine Carter Jr.,CartJe00,LB,Jeremy Chinn,ChinJe00,LB,Shaq Thompson,ThomSh01,CB,Donte Jackson,JackDo02,CB,Troy Pride Jr.,PridTr00,S,Juston Burris,BurrJu00,S,Tre Boston,BostTr00,Referee,Alex Kemp,Umpire,Carl Paganelli,Down Judge,Dana McKenzie,Line Judge,Greg Bradley,Back Judge,Matt Edwards,Side Judge,Jabir Walker,Field Judge,Terry Brown
202012200atl,2020-12-20,Sunday,1:00pm,Atlanta Falcons,Tampa Bay Buccaneers,atl,tam,27,31,Raheem Morris,Bruce Arians,Mercedes-Benz Stadium,10703,3:09,retractable roof (closed),fieldturf,,QB,Matt Ryan,RyanMa00,RB,Todd Gurley,GurlTo01,FB,Keith Smith,SmitKe03,WR,Russell Gage,GageRu00,WR,Calvin Ridley,RidlCa00,TE,Luke Stocker,StocLu00,T,Matt Gono,GonoMa00,T,Jake Matthews,MattJa00,G,James Carpenter,CarpJa00,G,Chris Lindstrom,LindCh00,C,Alex Mack,MackAl20,DE,Dante Fowler,FowlDa00,DE,Steven Means,MeanSt00,DT,Tyeler Davison,DaviTy01,DT,Grady Jarrett,JarrGr00,LB,Foyesade Oluokun,OluoFo00,LB,Deion Jones,JoneDe01,CB,Isaiah Oliver,OlivIs00,CB,Kendall Sheffield,ShefKe00,CB,AJ Terrell,TerrAJ00,S,Sharrod Neasman,NeasSh00,S,Keanu Neal,NealKe01,QB,Tom Brady,BradTo00,RB,Leonard Fournette,FourLe00,WR,Antonio Brown,BrowAn04,WR,Chris Godwin,GodwCh00,WR,Mike Evans,EvanMi00,TE,Rob Gronkowski,GronRo00,T,Josh Wells,WellJo02,T,Tristan Wirfs,WirfTr00,G,Alex Cappa,CappAl00,G,Ali Marpet,MarpAl00,C,Ryan Jensen,JensRy00,DL,William Gholston,GholWi00,DL,Rakeem Nunez-Roches,NuneRa00,DL,Ndamukong Suh,SuhxNd99,OLB,Shaquil Barrett,BarrSh00,OLB,Jason Pierre-Paul,PierJa99,ILB,Lavonte David,DaviLa00,ILB,Devin White,WhitDe02,CB,Carlton Davis,DaviCa02,CB,Sean Murphy-Bunting,BuntSe00,S,Jordan Whitehead,WhitJo03,S,Antoine Winfield Jr.,WinfAn00,Referee,Brad Rogers,Umpire,Tab Slaughter,Down Judge,Jerod Phillips,Line Judge,Walt Coleman IV,Back Judge,Greg Meyer,Side Judge,John Jenkins,Field Judge,Nathan Jones
202012200clt,2020-12-20,Sunday,1:00pm,Indianapolis Colts,Houston Texans,clt,htx,27,20,Frank Reich,Romeo Crennel,Lucas Oil Stadium,9992,2:49,retractable roof (closed),fieldturf,,T/G,Braden Smith,SmitBr06,DT/DE,Tyquan Lewis,LewiTy00,G/C,Quenton Nelson,NelsQu00,QB,Philip Rivers,RivePh00,RB,Jonathan Taylor,TaylJo02,WR,T.Y. Hilton,,WR,Michael Pittman Jr.,PittMi01,TE,Mo Alie-Cox,AlieMo00,TE,Jack Doyle,DoylJa00,T,Anthony Castonzo,CastAn00,G,Mark Glowinski,GlowMa00,C,Ryan Kelly,KellRy00,DE,Denico Autry,AutrDe00,DE,Justin Houston,HousJu00,DT,Grover Stewart,StewGr00,LB,Anthony Walker,WalkAn01,LB,Shaquille Leonard,LeonDa00,CB,Rock Ya-Sin,Ya-SRo00,CB,Xavier Rhodes,RhodXa00,CB,Kenny Moore,MoorKe03,S,Khari Willis,WillKh00,S,Julian Blackmon,BlacJu01,C/G,Zach Fulton,FultZa00,G/T,Tytus Howard,HowaTy00,G/T,Brent Qvale,QvalBr01,QB,Deshaun Watson,WatsDe00,RB,David Johnson,JohnDa08,WR,Brandin Cooks,CookBr00,WR,Chad Hansen,HansCh00,TE,Jordan Akins,AkinJo00,TE,Pharaoh Brown,BrowPh01,T,Laremy Tunsil,TunsLa00,C,Nick Martin,MartNi00,DE,J.J. Watt,,DE,Carlos Watkins,WatkCa00,DE,Charles Omenihu,OmenCh00,DT,Corey Liuget,LiugCo00,OLB,Whitney Mercilus,MercWh00,ILB,Zach Cunningham,CunnZa00,ILB,Tyrell Adams,AdamTy00,CB,Vernon Hargreaves III,HargVe00,CB,Keion Crossen,CrosKe00,S,Eric Murray,MurrEr00,S,Lonnie Johnson Jr.,JohnLo01,Referee,Bill Vinovich,Umpire,Terry Killens,Down Judge,Mike Carr,Line Judge,Jeff Seeman,Back Judge,Perry Paganelli,Side Judge,Don Willard,Field Judge,David Meslow
202012200crd,2020-12-20,Sunday,4:05pm,Arizona Cardinals,Philadelphia Eagles,crd,phi,33,26,Kliff Kingsbury,Doug Pederson,State Farm Stadium,,3:27,retractable roof (closed),grass,,QB,Kyler Murray,MurrKy00,RB,Kenyan Drake,DrakKe00,WR,DeAndre Hopkins,HopkDe00,WR,Larry Fitzgerald,FitzLa00,TE,Maxx Williams,WillMa04,TE,Darrell Daniels,DaniDa02,OL,Mason Cole,ColeMa02,OL,Kelvin Beachum,BeacKe00,OL,D.J. Humphries,,OL,Justin Murray,MurrJu00,OL,J.R. Sweezy,,DL,Angelo Blackson,BlacAn00,DL,Domata Peko,PekoDo20,DE,Zach Allen,AlleZa01,LB,De'Vondre Campbell,CampDe00,LB,Markus Golden,GoldMa00,LB,Jordan Hicks,HickJo00,LB,Haason Reddick,ReddHa00,LB,Isaiah Simmons,SimmIs00,CB,Dre Kirkpatrick,KirkDr00,CB,Patrick Peterson,PetePa00,S,Budda Baker,BakeBu00,G/T,Matt Pryor,PryoMa00,C/G,Nate Herbig,HerbNa01,QB,Jalen Hurts,HurtJa00,RB,Miles Sanders,SandMi01,WR,Greg Ward,WardGr02,WR,Jalen Reagor,ReagJa00,TE,Zach Ertz,ErtzZa00,TE,Dallas Goedert,GoedDa00,OL,Isaac Seumalo,SeumIs00,T,Jordan Mailata,MailJo00,C,Jason Kelce,KelcJa00,DE,Derek Barnett,BarnDe01,DE,Brandon Graham,GrahBr99,DT,Javon Hargrave,HargJa00,DT,Fletcher Cox,CoxxFl00,LB,T.J. Edwards,EdwaTJ02,LB,Alex Singleton,SingAl00,CB,Michael Jacquet,JacqMi00,CB,Nickell Robey-Coleman,RobeNi00,S,Jalen Mills,MillJa02,S,Marcus Epps,EppsMa00,S,K'Von Wallace,WallKV00,Referee,Craig Wrolstad,Umpire,Ruben Fowler,Down Judge,Jerry Bergman,Line Judge,David Oliver,Back Judge,Keith Ferguson,Side Judge,Jeff Lamberth,Field Judge,Aaron Santi
202012200dal,2020-12-20,Sunday,1:00pm,Dallas Cowboys,San Francisco 49ers,dal,sfo,41,33,Mike McCarthy,Kyle Shanahan,AT&amp;T Stadium,30092,3:25,retractable roof (closed),fieldturf,,QB,Andy Dalton,DaltAn00,RB,Tony Pollard,PollTo00,WR,Amari Cooper,CoopAm00,WR,Michael Gallup,GallMi00,WR,CeeDee Lamb,LambCe00,TE,Dalton Schultz,SchuDa00,T,Terence Steele,SteeTe01,T,Brandon Knight,KnigBr01,G,Connor Williams,WillCo00,G,Connor McGovern,McGoCo01,C,Joe Looney,LoonJo01,DE,Aldon Smith,SmitAl04,DE,DeMarcus Lawrence,LawrDe00,DT,Antwaun Woods,WoodAn02,DT,Neville Gallimore,GallNe00,LB,Jaylon Smith,SmitJa05,LB,Leighton Vander Esch,VandLe00,CB,Anthony Brown,BrowAn02,CB,Jourdan Lewis,LewiJo01,DB,Chidobe Awuzie,AwuzCh00,S,Donovan Wilson,WilsDo01,S,Xavier Woods,WoodXa00,QB,Nick Mullens,MullNi00,RB,Raheem Mostert,MostRa00,FB,Kyle Juszczyk,JuszKy00,WR,Richie James,JameRi00,WR,Brandon Aiyuk,AiyuBr00,TE,Ross Dwelley,DwelRo00,OL,Daniel Brunskill,BrunDa00,OL,Laken Tomlinson,TomlLa01,OL,Justin Skule,SkulJu00,T,Mike McGlinchey,McGlMi00,T,Trent Williams,WillTr21,DL,Arik Armstead,ArmsAr01,DL,Kerry Hyder,HydeKe01,DL,D.J. Jones,,DT,Javon Kinlaw,KinlJa00,LB,Dre Greenlaw,GreeDr00,LB,Fred Warner,WarnFr00,CB,Ahkello Witherspoon,WithAh00,CB,K'Waun Williams,WillKW00,CB,Richard Sherman,SherRi00,DB,Jimmie Ward,WardJi01,DB,Tarvarius Moore,MoorTa00,Referee,Land Clark,Umpire,Alan Eck,Down Judge,Tripp Sutter,Line Judge,Mark Stewart,Back Judge,Tony Josselyn,Side Judge,Mearl Robinson,Field Judge,Tra Blake
202012200mia,2020-12-20,Sunday,1:00pm,Miami Dolphins,New England Patriots,mia,nwe,22,12,Brian Flores,Bill Belichick,Hard Rock Stadium,13354,2:57,outdoors,grass,"79 degrees, relative humidity 65%, wind 9 mph",G/T,Jesse Davis,DaviJe00,G/T,Robert Hunt,HuntRo01,QB,Tua Tagovailoa,TagoTu00,RB,Salvon Ahmed,AhmeSa01,RB,Lynn Bowden Jr.,BowdLy00,WR,Mack Hollins,HollMa00,TE,Durham Smythe,SmytDu00,TE,Adam Shaheen,ShahAd00,T,Austin Jackson,JackAu00,G,Solomon Kindley,KindSo00,C,Ted Karras,KarrTe00,DT,Christian Wilkins,WilkCh00,DT,Zach Sieler,SielZa00,DT,Raekwon Davis,DaviRa03,LB,Elandon Roberts,RobeEl00,LB,Andrew Van Ginkel,VanGAn00,LB,Kyle Van Noy,VanNKy00,LB,Jerome Baker,BakeJe00,CB,Byron Jones,JoneBy00,CB,Xavien Howard,HowaXa00,S,Eric Rowe,RoweEr00,S,Brandon Jones,JoneBr06,QB,Cam Newton,NewtCa00,RB,Sony Michel,MichSo00,FB,Jakob Johnson,JohnJa12,WR,Damiere Byrd,ByrdDa00,WR,Jakobi Meyers,MeyeJa01,TE,Devin Asiasi,AsiaDe00,OL,Joe Thuney,ThunJo00,OL,Michael Onwenu,OnweMi00,OL,Shaq Mason,MasoSh01,OL,Justin Herron,HerrJu00,C,David Andrews,AndrDa00,DL,Lawrence Guy,GuyxLa00,DL,Byron Cowart,CowaBy00,DL,Tashawn Bower,BoweTa00,DE,John Simon,SimoJo01,LB,Terez Hall,HallTe01,LB,Ja'Whaun Bentley,BentJa00,CB,Stephon Gilmore,GilmSt00,DB,J.C. Jackson,,DB,Devin McCourty,McCoDe99,DB,Kyle Dugger,DuggKy00,DB,Adrian Phillips,PhilAd00,Referee,Brad Allen,Umpire,Bruce Stritesky,Down Judge,Danny Short,Line Judge,Daniel Gallagher,Back Judge,Jimmy Russell,Side Judge,Boris Cheek,Field Judge,Rick Patterson
202012200min,2020-12-20,Sunday,1:00pm,Minnesota Vikings,Chicago Bears,min,chi,27,33,Mike Zimmer,Matt Nagy,U.S. Bank Stadium,,3:03,dome,sportturf,,QB,Kirk Cousins,CousKi00,RB,Dalvin Cook,CookDa01,FB,C.J. Ham,,WR,Adam Thielen,ThieAd00,WR,Justin Jefferson,JeffJu00,TE,Irv Smith Jr.,SmitIr01,T,Riley Reiff,ReifRi00,T,Brian O'Neill,ONeiBr00,G,Ezra Cleveland,ClevEz00,G,Dakota Dozier,DoziDa00,C,Garrett Bradbury,BradGa00,DE,Jalyn Holmes,HolmJa01,DE,Ifeadi Odenigbo,OdenIf00,DT,Jaleel Johnson,JohnJa09,DT,Shamar Stephen,StepSh00,LB,Troy Dye,DyexTr00,LB,Todd Davis,DaviTo01,LB,Eric Wilson,WilsEr00,CB,Jeff Gladney,GladJe00,CB,Cameron Dantzler,DantCa00,S,Anthony Harris,HarrAn01,S,Harrison Smith,SmitHa00,QB,Mitchell Trubisky,TrubMi00,RB,David Montgomery,MontDa01,WR,Allen Robinson,RobiAl02,WR,Darnell Mooney,MoonDa00,TE,Jimmy Graham,GrahJi00,TE,Cole Kmet,KmetCo00,OL,Cody Whitehair,WhitCo03,OL,Alex Bars,BarsAl01,OL,Sam Mustipher,MustSa01,OL,Charles Leno Jr.,LenoCh00,OL,Germain Ifedi,IfedGe00,DE,Brent Urban,UrbaBr00,DT,Bilal Nichols,NichBi00,DT,Akiem Hicks,HickAk00,LB,Khalil Mack,MackKh00,LB,Robert Quinn,QuinRo00,LB,Roquan Smith,SmitRo07,LB,Danny Trevathan,TrevDa00,DB,Eddie Jackson,JackEd01,DB,Duke Shelley,ShelDu00,DB,Tashaun Gipson,GipsTa00,DB,Kyle Fuller,FullKy00,Referee,Shawn Smith,Umpire,Bryan Neale,Down Judge,Michael Dolce,Line Judge,Mark Steinkerchner,Back Judge,Dino Paganelli,Side Judge,Jimmy Buchanan,Field Judge,Dyrol Prioleau
202012200nor,2020-12-20,Sunday,4:25pm,New Orleans Saints,Kansas City Chiefs,nor,kan,29,32,Sean Payton,Andy Reid,Mercedes-Benz Superdome,3000,3:30,dome,astroturf,,C/G,Cesar Ruiz,RuizCe00,G/T,Andrus Peat,PeatAn00,C/G,Erik McCoy,McCoEr01,QB,Drew Brees,BreeDr00,RB,Alvin Kamara,KamaAl00,WR,Tre'Quan Smith,SmitTr03,WR,Emmanuel Sanders,SandEm00,WR,Lil'Jordan Humphrey,HumpLi01,TE,Jared Cook,CookJa02,T,Terron Armstead,ArmsTe00,T,Ryan Ramczyk,RamcRy00,DE,Cameron Jordan,JordCa00,DE,Trey Hendrickson,HendTr00,DT,David Onyemata,OnyeDa00,DT,Shy Tuttle,TuttSh00,LB,Demario Davis,DaviDe00,LB,Kwon Alexander,AlexKw00,CB,Marshon Lattimore,LattMa01,CB,Jackrabbit Jenkins,JenkJa03,DB,C.J. Gardner-Johnson,GardCh00,S,Malcolm Jenkins,JenkMa99,S,Marcus Williams,WillMa06,QB,Patrick Mahomes,MahoPa00,RB,Clyde Edwards-Helaire,EdwaCl00,WR,Tyreek Hill,HillTy00,WR,Sammy Watkins,WatkSa00,TE,Nick Keizer,KeizNi00,TE,Travis Kelce,KelcTr00,T,Eric Fisher,FishEr00,G,Andrew Wylie,WyliAn00,G,Nick Allegretti,AlleNi00,G,Stefen Wisniewski,WisnSt01,C,Austin Reiter,ReitAu00,DE,Tanoh Kpassagnon,KpasTa00,DE,Frank Clark,ClarFr01,DT,Chris Jones,JoneCh09,DT,Derrick Nnadi,NnadDe00,LB,Ben Niemann,NiemBe00,LB,Anthony Hitchens,HitcAn00,CB,L'Jarius Sneed,SneeLJ00,CB,Charvarius Ward,WardCh01,CB,Bashaud Breeland,BreeBa00,S,Tyrann Mathieu,MathTy00,S,Daniel Sorensen,SoreDa01,Referee,Scott Novak,Umpire,Steven Woods,Down Judge,Kent Payne,Line Judge,Carl Johnson,Back Judge,Terrence Miles,Side Judge,Eugene Hall,Field Judge,Scott Edwards
202012200nyg,2020-12-20,Sunday,8:20pm,New York Giants,Cleveland Browns,nyg,cle,6,20,Joe Judge,Kevin Stefanski,MetLife Stadium,,2:47,outdoors,fieldturf,"36 degrees, relative humidity 82%, no wind",QB,Colt McCoy,McCoCo00,RB,Wayne Gallman,GallWa00,WR,Darius Slayton,SlayDa01,WR,Sterling Shepard,ShepSt00,TE,Evan Engram,EngrEv00,TE,Kaden Smith,SmitKa00,OL,Shane Lemieux,LemiSh00,T,Cameron Fleming,FlemCa00,T,Andrew Thomas,ThomAn02,G,Kevin Zeitler,ZeitKe00,C,Nick Gates,GateNi00,DL,Dexter Lawrence,LawrDe03,DL,Leonard Williams,WillLe02,DL,Dalvin Tomlinson,TomlDa00,LB,Devante Downs,DownDe00,LB,Blake Martinez,MartBl01,LB,Carter Coughlin,CougCa00,CB,Isaac Yiadom,YiadIs00,DB,Logan Ryan,RyanLo00,S,Jabrill Peppers,PeppJa00,S,Xavier McKinney,McKiXa00,S,Julian Love,LoveJu00,QB,Baker Mayfield,MayfBa00,RB,Nick Chubb,ChubNi00,WR,Donovan Peoples-Jones,PeopDo00,WR,Jarvis Landry,LandJa00,WR,Rashard Higgins,HiggRa00,TE,Austin Hooper,HoopAu00,T,Jedrick Wills Jr.,WillJe04,T,Jack Conklin,ConkJa00,G,Chris Hubbard,HubbCh00,G,Joel Bitonio,BitoJo00,C,J.C. Tretter,TretJC00,DE,Myles Garrett,GarrMy00,DE,Olivier Vernon,VernOl00,DT,Larry Ogunjobi,OgunLa00,DT,Sheldon Richardson,RichSh00,LB,B.J. Goodson,,LB,Jacob Phillips,PhilJa01,LB,Sione Takitaki,TakiSi00,CB,Terrance Mitchell,MitcTe00,CB,Denzel Ward,WardDe02,S,Karl Joseph,JoseKa00,S,Sheldrick Redwine,RedwSh00,Referee,Shawn Hochuli,Umpire,Ramon George,Down Judge,Sarah Thomas,Line Judge,Thomas Eaton,Back Judge,Rich Martinez,Side Judge,Chad Hill,Field Judge,Tom Hill
202012200oti,2020-12-20,Sunday,1:00pm,Tennessee Titans,Detroit Lions,oti,det,46,25,Mike Vrabel,Darrell Bevell,Nissan Stadium,13797,3:00,outdoors,grass,"46 degrees, relative humidity 86%, wind 5 mph",FB/RB,Khari Blasingame,BlasKh00,QB,Ryan Tannehill,TannRy00,RB,Derrick Henry,HenrDe00,WR,A.J. Brown,BrowAJ00,WR,Corey Davis,DaviCo03,TE,Jonnu Smith,SmitJo01,OL,Nate Davis,DaviNa01,OL,David Quessenberry,QuesDa00,T,Dennis Kelly,KellDe00,G,Rodger Saffold,SaffRo20,C,Ben Jones,JoneBe01,DL,Jack Crawford,CrawJa00,DL,DaQuan Jones,JoneDa04,DT,Jeffery Simmons,SimmJe01,OLB,Harold Landry,LandHa00,LB,Rashaan Evans,EvanRa01,LB,David Long,LongDa04,CB,Malcolm Butler,ButlMa01,CB,Desmond King,KingDe01,DB,Amani Hooker,HookAm00,DB,Tye Smith,SmitTy01,S,Kevin Byard,ByarKe01,QB,Matthew Stafford,StafMa00,RB,D'Andre Swift,SwifDA00,WR,Danny Amendola,AmenDa00,WR,Mohamed Sanu,SanuMo00,WR,Marvin Jones,JoneMa02,TE,T.J. Hockenson,HockTJ00,OL,Jonah Jackson,JackJo03,OL,Oday Aboushi,AbouOd00,T,Taylor Decker,DeckTa00,T,Halapoulivaati Vaitai,VaitHa00,G,Joe Dahl,DahlJo00,DL,John Penisini,PeniJo00,DE,Romeo Okwara,OkwaRo01,DT,Nick Williams,WillNi01,DT,Kevin Strong,StroKe00,LB,Jamie Collins,CollJa00,LB,Jarrad Davis,DaviJa01,LB,Christian Jones,JoneCh05,CB,Amani Oruwariye,OruwAm00,CB,Mike Ford,FordMi01,S,Jayron Kearse,KearJa00,S,Duron Harmon,HarmDu00,Referee,Jerome Boger,Umpire,Barry Anderson,Down Judge,Julian Mapp,Line Judge,Rusty Baynes,Back Judge,Brad Freeman,Side Judge,Anthony Jeffries,Field Judge,Dale Shaw
202012200ram,2020-12-20,Sunday,4:05pm,Los Angeles Rams,New York Jets,ram,nyj,20,23,Sean McVay,Adam Gase,SoFi Stadium,,2:56,dome,matrixturf,,QB,Jared Goff,GoffJa00,RB,Cam Akers,AkerCa00,WR,Robert Woods,WoodRo02,WR,Josh Reynolds,ReynJo00,WR,Cooper Kupp,KuppCo00,TE,Tyler Higbee,HigbTy00,OL,David Edwards,EdwaDa01,OL,Rob Havenstein,HaveRo00,OL,Austin Corbett,CorbAu00,OL,Joseph Noteboom,NoteJo00,OL,Austin Blythe,BlytAu00,DL,Aaron Donald,DonaAa00,DL,Sebastian Joseph-Day,JoseSe00,DL,Michael Brockers,BrocMi00,OLB,Leonard Floyd,FloyLe00,OLB,Samson Ebukam,EbukSa00,ILB,Troy Reeder,ReedTr01,CB,Troy Hill,HillTr01,CB,Jalen Ramsey,RamsJa00,CB,Darious Williams,WillDa09,S,Jordan Fuller,FullJo01,S,John Johnson,JohnJo10,QB,Sam Darnold,DarnSa00,RB,Frank Gore,GoreFr00,WR,Breshad Perriman,PerrBr02,WR,Denzel Mims,MimsDe00,WR,Jamison Crowder,CrowJa00,TE,Chris Herndon,HernCh00,OL,Josh Andrews,AndrJo01,OL,Connor McGovern,McGoCo00,OL,Pat Elflein,ElflPa00,T,George Fant,FantGe00,T,Mekhi Becton,BectMe00,DL,Henry Anderson,AndeHe00,DL,Nathan Shepherd,ShepNa00,DL,Quinnen Williams,WillQu00,LB,Neville Hewitt,HewiNe00,LB,Harvey Langi,LangHa00,LB,Frankie Luvu,LuvuFr00,CB,Javelin Guidry,GuidJa01,CB,Bryce Hall,HallBr02,CB,Arthur Maulet,MaulAr00,CB,Blessuan Austin,AustBl00,S,Marcus Maye,MayeMa00,Referee,Tony Corrente,Umpire,Dan Ferrell,Down Judge,Mark Perlman,Line Judge,Bart Longson,Back Judge,Todd Prukop,Side Judge,Anthony Flemming,Field Judge,Ryan Dickson
202012200rav,2020-12-20,Sunday,1:00pm,Baltimore Ravens,Jacksonville Jaguars,rav,jax,40,14,John Harbaugh,Doug Marrone,M&amp;T Bank Stadium,,2:57,outdoors,grass,"39 degrees, relative humidity 78%, wind 3 mph",G/C,Bradley Bozeman,BozeBr00,G/C,Patrick Mekari,MekaPa00,G/T,D.J. Fluker,FlukDJ00,QB,Lamar Jackson,JackLa00,RB,Gus Edwards,EdwaGu00,FB,Patrick Ricard,RicaPa00,WR,Miles Boykin,BoykMi00,WR,Willie Snead,SneaWi00,WR,Marquise Brown,BrowMa04,T,Orlando Brown Jr.,BrowOr00,G,Ben Powers,PoweBe00,DE,Derek Wolfe,WolfDe00,DT,Nnamdi Madubuike,MaduJu00,DT,Brandon Williams,WillBr02,OLB,Pernell McPhee,McPhPe00,ILB,Malik Harrison,HarrMa06,ILB,Patrick Queen,QueePa00,LB,Matt Judon,JudoMa00,CB,Marlon Humphrey,HumpMa00,CB,Anthony Averett,AverAn00,S,DeShon Elliott,ElliDe02,S,Chuck Clark,ClarCh00,QB,Gardner Minshew II,MinsGa00,RB,James Robinson,RobiJa00,WR,Chris Conley,ConlCh00,TE,Tyler Eifert,EifeTy00,TE,Eric Saubert,SaubEr00,TE,James O'Shaughnessy,O'ShJa00,OL,A.J. Cann,,OL,Tyler Shatley,ShatTy00,OL,Cam Robinson,RobiCa00,OL,Jawaan Taylor,TaylJa02,G,Andrew Norwell,NorwAn01,DL,Dawuane Smoot,SmooDa00,DE,Adam Gotsis,GotsAd00,DT,Daniel Ekuale,EkuaDa00,DT,Doug Costin,CostDo00,LB,Myles Jack,JackMy00,LB,Joe Schobert,SchoJo00,CB,Greg Mabin,MabiGr00,CB,Tre Herndon,HernTr00,DB,Chris Claybrooks,ClayCh02,S,Josh Jones,JoneJo06,S,Jarrod Wilson,WilsJa00,Referee,Ronald Torbert,Umpire,Richard Hall,Down Judge,Patrick Turner,Line Judge,Tim Podraza,Back Judge,Greg Wilson,Side Judge,Clay Reynard,Field Judge,James Coleman
202012200was,2020-12-20,Sunday,1:00pm,Washington Football Team,Seattle Seahawks,was,sea,15,20,Ron Rivera,Pete Carroll,FedExField,,3:03,outdoors,grass,"43 degrees, relative humidity 69%, wind 8 mph",QB,Dwayne Haskins,HaskDw00,RB,J.D. McKissic,,WR,Cam Sims,SimsCa00,WR,Robert Foster,FostRo01,WR,Terry McLaurin,McLaTe00,TE,Logan Thomas,ThomLo00,T,Cornelius Lucas,LucaCo01,T,Morgan Moses,MoseMo00,G,Wes Schweitzer,SchwWe00,G,Brandon Scherff,ScheBr00,C,Chase Roullier,RoulCh00,DE,Chase Young,YounCh04,DE,Montez Sweat,SweaMo00,DT,Daron Payne,PaynDa00,DT,Jonathan Allen,AlleJo01,LB,Khaleke Hudson,HudsKh00,LB,Shaun Dion Hamilton,DionSh00,LB,Jonathan Bostic,BostJo00,CB,Kendall Fuller,FullKe00,CB,Ronald Darby,DarbRo00,S,Jeremy Reaves,ReavJe00,S,Kamren Curl,CurlKa00,G/C,Ethan Pocic,PociEt00,QB,Russell Wilson,WilsRu00,RB,Chris Carson,CarsCh00,WR,Tyler Lockett,LockTy00,WR,D.K. Metcalf,MetcDK00,TE,Will Dissly,DissWi00,TE,Jacob Hollister,HollJa03,T,Duane Brown,BrowDu20,T,Cedric Ogbuehi,OgbuCe00,G,Mike Iupati,IupaMi20,G,Damien Lewis,LewiDa05,DE,L.J. Collier,CollLJ00,DE,Benson Mayowa,MayoBe00,DT,Poona Ford,FordPo00,DT,Jarran Reed,ReedJa02,LB,Bobby Wagner,WagnBo00,LB,K.J. Wright,,CB,D.J. Reed,,CB,Shaquill Griffin,GrifSh00,SS,Jamal Adams,AdamJa00,FS,Quandre Diggs,DiggQu00,FS,Ugo Amadi,AmadUg00,Referee,Adrian Hill,Umpire,Paul King,Down Judge,Ed Camp,Line Judge,Kevin Codey,Back Judge,Greg Steed,Side Judge,Keith Washington,Field Judge,Jim Quirk
202012210cin,2020-12-21,Monday,8:15pm,Cincinnati Bengals,Pittsburgh Steelers,cin,pit,27,17,Zac Taylor,Mike Tomlin,Paul Brown Stadium,10249,3:05,outdoors,grass,"43 degrees, relative humidity 63%, wind 10 mph",QB,Ryan Finley,FinlRy00,HB,Giovani Bernard,BernGi00,WR,Tee Higgins,HiggTe00,WR,A.J. Green,,TE,Drew Sample,SampDr00,TE,Cethan Carter,CartCe00,OT,Fred Johnson,JohnFr01,OT,Bobby Hart,HartBo00,G,Xavier Su'a-Filo,Sua-Xa00,G,Quinton Spain,SpaiQu00,C,Trey Hopkins,HopkTr01,DE,Sam Hubbard,HubbSa00,DE,Carl Lawson,LawsCa00,DT,Mike Daniels,DaniMi00,DT,Christian Covington,CoviCh00,LB,Josh Bynes,ByneJo00,LB,Germaine Pratt,PratGe00,CB,William Jackson III,JackWi02,CB,Mackensie Alexander,AlexMa01,DB,Darius Phillips,PhilDa02,S,Vonn Bell,BellVo00,S,Jessie Bates III,BateJe00,QB,Ben Roethlisberger,RoetBe00,RB,Benny Snell Jr.,SnelBe00,WR,JuJu Smith-Schuster,SmitJu00,WR,James Washington,WashJa00,WR,Diontae Johnson,JohnDi01,TE,Vance McDonald,McDoVa00,OL,Chukwuma Okorafor,OkorCh00,OT,Alejandro Villanueva,VillAl00,G,David DeCastro,DeCaDa00,C,J.C. Hassenauer,,C,Maurkice Pouncey,PounMa20,DE,Stephon Tuitt,TuitSt00,DE,Tyson Alualu,AluaTy99,DT,Cameron Heyward,HeywCa01,LB,Avery Williamson,WillAv00,LB,T.J. Watt,,LB,Marcus Allen,AlleMa03,LB,Alex Highsmith,HighAl02,CB,Steven Nelson,NelsSt01,CB,Joe Haden,HadeJo99,S,Minkah Fitzpatrick,FitzMi00,S,Terrell Edmunds,EdmuTe00,Referee,John Hussey,Umpire,Mark Pellis,Down Judge,Derick Bowers,Line Judge,Frank LeBlanc,Back Judge,Steve Patrick,Side Judge,Dominique Pender,Field Judge,Mike Weatherford
202012250nor,2020-12-25,Friday,4:30pm,New Orleans Saints,Minnesota Vikings,nor,min,52,33,Sean Payton,Mike Zimmer,Mercedes-Benz Superdome,3000,3:11,dome,astroturf,,C/G,Cesar Ruiz,RuizCe00,C/G,Erik McCoy,McCoEr01,QB,Drew Brees,BreeDr00,RB,Alvin Kamara,KamaAl00,WR,Marquez Callaway,CallMa01,WR,Emmanuel Sanders,SandEm00,WR,Ty Montgomery,MontTy01,TE,Adam Trautman,TrauAd00,OL,James Hurst,HursJa00,T,Terron Armstead,ArmsTe00,T,Ryan Ramczyk,RamcRy00,DE,Cameron Jordan,JordCa00,DE,Marcus Davenport,DaveMa00,DT,David Onyemata,OnyeDa00,DT,Shy Tuttle,TuttSh00,LB,Demario Davis,DaviDe00,LB,Kwon Alexander,AlexKw00,CB,Marshon Lattimore,LattMa01,CB,Jackrabbit Jenkins,JenkJa03,CB,P.J. Williams,,DB,C.J. Gardner-Johnson,GardCh00,S,Malcolm Jenkins,JenkMa99,QB,Kirk Cousins,CousKi00,RB,Dalvin Cook,CookDa01,WR,Adam Thielen,ThieAd00,WR,Justin Jefferson,JeffJu00,TE,Tyler Conklin,ConkTy00,TE,Irv Smith Jr.,SmitIr01,T,Riley Reiff,ReifRi00,T,Brian O'Neill,ONeiBr00,G,Ezra Cleveland,ClevEz00,G,Dakota Dozier,DoziDa00,C,Garrett Bradbury,BradGa00,DE,D.J. Wonnum,WonnDJ00,DE,Ifeadi Odenigbo,OdenIf00,DT,Jaleel Johnson,JohnJa09,DT,Shamar Stephen,StepSh00,LB,Blake Lynch,LyncBl00,LB,Eric Wilson,WilsEr00,CB,Chris Jones,JoneCh06,CB,Jeff Gladney,GladJe00,CB,Cameron Dantzler,DantCa00,S,Harrison Smith,SmitHa00,S,Anthony Harris,HarrAn01,Referee,Adrian Hill,Umpire,Paul King,Down Judge,Ed Camp,Line Judge,Kevin Codey,Back Judge,Greg Steed,Side Judge,Keith Washington,Field Judge,Jim Quirk
202012260crd,2020-12-26,Saturday,4:30pm,Arizona Cardinals,San Francisco 49ers,crd,sfo,12,20,Kliff Kingsbury,Kyle Shanahan,State Farm Stadium,,2:58,retractable roof (closed),grass,,QB,Kyler Murray,MurrKy00,RB,Kenyan Drake,DrakKe00,WR,Larry Fitzgerald,FitzLa00,WR,DeAndre Hopkins,HopkDe00,TE,Dan Arnold,ArnoDa00,TE,Darrell Daniels,DaniDa02,OL,Kelvin Beachum,BeacKe00,OL,Mason Cole,ColeMa02,OL,Justin Pugh,PughJu00,OL,D.J. Humphries,,OL,Justin Murray,MurrJu00,DL,Zach Allen,AlleZa01,DL,Angelo Blackson,BlacAn00,DL,Domata Peko,PekoDo20,LB,Isaiah Simmons,SimmIs00,LB,Haason Reddick,ReddHa00,LB,Jordan Hicks,HickJo00,LB,Markus Golden,GoldMa00,LB,De'Vondre Campbell,CampDe00,CB,Byron Murphy,MurpBy00,CB,Patrick Peterson,PetePa00,S,Budda Baker,BakeBu00,QB,C.J. Beathard,,RB,Jeff Wilson,WilsJe01,FB,Kyle Juszczyk,JuszKy00,WR,Brandon Aiyuk,AiyuBr00,WR,Richie James,JameRi00,TE,George Kittle,KittGe00,OL,Daniel Brunskill,BrunDa00,OL,Justin Skule,SkulJu00,OL,Laken Tomlinson,TomlLa01,T,Trent Williams,WillTr21,T,Mike McGlinchey,McGlMi00,DL,Kerry Hyder,HydeKe01,DL,Arik Armstead,ArmsAr01,DL,D.J. Jones,,DL,Kentavius Street,StreKe00,LB,Azeez Al-Shaair,AlShAz00,LB,Fred Warner,WarnFr00,LB,Dre Greenlaw,GreeDr00,CB,Jason Verrett,VerrJa00,CB,Ahkello Witherspoon,WithAh00,DB,Tarvarius Moore,MoorTa00,S,Marcell Harris,HarrMa03,Referee,Clete Blakeman,Umpire,Fred Bryan,Down Judge,Mark Hittner,Line Judge,Tom Stephan,Back Judge,Scott Helverson,Side Judge,Michael Banks,Field Judge,Joe Blubaugh
202012260det,2020-12-26,Saturday,1:00pm,Detroit Lions,Tampa Bay Buccaneers,det,tam,7,47,Darrell Bevell,Bruce Arians,Ford Field,,3:02,dome,fieldturf,,QB,Matthew Stafford,StafMa00,RB,D'Andre Swift,SwifDA00,WR,Danny Amendola,AmenDa00,WR,Mohamed Sanu,SanuMo00,WR,Marvin Jones,JoneMa02,TE,T.J. Hockenson,HockTJ00,OL,Jonah Jackson,JackJo03,OL,Oday Aboushi,AbouOd00,T,Halapoulivaati Vaitai,VaitHa00,T,Taylor Decker,DeckTa00,G,Joe Dahl,DahlJo00,DL,John Penisini,PeniJo00,DE,Romeo Okwara,OkwaRo01,DE,Everson Griffen,GrifEv99,DT,Nick Williams,WillNi01,LB,Jarrad Davis,DaviJa01,LB,Jahlani Tavai,TavaJa00,CB,Amani Oruwariye,OruwAm00,CB,Darryl Roberts,RobeDa00,CB,Justin Coleman,ColeJu01,DB,Tracy Walker,WalkTr01,S,Duron Harmon,HarmDu00,QB,Tom Brady,BradTo00,RB,Leonard Fournette,FourLe00,WR,Antonio Brown,BrowAn04,WR,Chris Godwin,GodwCh00,WR,Mike Evans,EvanMi00,TE,Rob Gronkowski,GronRo00,T,Donovan Smith,SmitDo02,T,Tristan Wirfs,WirfTr00,G,Alex Cappa,CappAl00,G,Ali Marpet,MarpAl00,C,Ryan Jensen,JensRy00,DL,Rakeem Nunez-Roches,NuneRa00,DL,Ndamukong Suh,SuhxNd99,OLB,Shaquil Barrett,BarrSh00,OLB,Jason Pierre-Paul,PierJa99,ILB,Lavonte David,DaviLa00,ILB,Devin White,WhitDe02,CB,Jamel Dean,DeanJa00,CB,Ross Cockrell,CockRo00,CB,Sean Murphy-Bunting,BuntSe00,S,Jordan Whitehead,WhitJo03,S,Antoine Winfield Jr.,WinfAn00,Referee,Scott Novak,Umpire,Steven Woods,Down Judge,Kent Payne,Line Judge,Thomas Eaton,Back Judge,Terrence Miles,Side Judge,John Jenkins,Field Judge,Scott Edwards
202012260rai,2020-12-26,Saturday,8:15pm,Las Vegas Raiders,Miami Dolphins,rai,mia,25,26,Jon Gruden,Brian Flores,Allegiant Stadium,,3:05,dome,grass,,G/T,Denzelle Good,GoodDe01,QB,Derek Carr,CarrDe02,RB,Josh Jacobs,JacoJo01,WR,Nelson Agholor,AghoNe00,WR,Henry Ruggs III,RuggHe00,WR,Hunter Renfrow,RenfHu00,TE,Darren Waller,WallDa01,T,Kolton Miller,MillKo00,T,Trent Brown,BrowTr02,G,Gabe Jackson,JackGa00,C,Rodney Hudson,HudsRo00,DE,Maxx Crosby,CrosMa00,DE,Carl Nassib,NassCa00,DT,Johnathan Hankins,HankJo00,DT,Maurice Hurst Jr.,HursMa00,LB,Cory Littleton,LittCo01,LB,Raekwon McMillan,McMiRa02,CB,Trayvon Mullen,MullTr00,CB,Damon Arnette,ArneDa00,S,Lamarcus Joyner,JoynLa00,S,Johnathan Abram,AbraJo01,,,,G/T,Jesse Davis,DaviJe00,G/T,Robert Hunt,HuntRo01,QB,Tua Tagovailoa,TagoTu00,RB,Salvon Ahmed,AhmeSa01,WR,Lynn Bowden Jr.,BowdLy00,WR,Jakeem Grant,GranJa00,WR,Mack Hollins,HollMa00,TE,Durham Smythe,SmytDu00,T,Austin Jackson,JackAu00,G,Ereck Flowers,FlowEr00,C,Ted Karras,KarrTe00,DE,Emmanuel Ogbah,OgbaEm00,DT,Christian Wilkins,WilkCh00,DT,Raekwon Davis,DaviRa03,LB,Kyle Van Noy,VanNKy00,LB,Andrew Van Ginkel,VanGAn00,LB,Jerome Baker,BakeJe00,CB,Nik Needham,NeedNi00,CB,Byron Jones,JoneBy00,CB,Xavien Howard,HowaXa00,S,Eric Rowe,RoweEr00,S,Bobby McCain,McCaBo01,Referee,Tony Corrente,Umpire,Dan Ferrell,Down Judge,Mark Perlman,Line Judge,Bart Longson,Back Judge,Todd Prukop,Side Judge,Anthony Flemming,Field Judge,Ryan Dickson
202012270dal,2020-12-27,Sunday,4:25pm,Dallas Cowboys,Philadelphia Eagles,dal,phi,37,17,Mike McCarthy,Doug Pederson,AT&amp;T Stadium,30131,3:17,retractable roof (closed),fieldturf,,QB,Andy Dalton,DaltAn00,RB,Ezekiel Elliott,ElliEz00,WR,Amari Cooper,CoopAm00,WR,Michael Gallup,GallMi00,WR,CeeDee Lamb,LambCe00,TE,Dalton Schultz,SchuDa00,T,Brandon Knight,KnigBr01,T,Terence Steele,SteeTe01,G,Connor McGovern,McGoCo01,G,Connor Williams,WillCo00,C,Joe Looney,LoonJo01,DE,DeMarcus Lawrence,LawrDe00,DE,Aldon Smith,SmitAl04,DT,Justin Hamilton,HamiJu00,DT,Neville Gallimore,GallNe00,LB,Sean Lee,LeexSe99,LB,Jaylon Smith,SmitJa05,CB,Jourdan Lewis,LewiJo01,CB,Anthony Brown,BrowAn02,DB,Trevon Diggs,DiggTr00,S,Darian Thompson,ThomDa05,S,Donovan Wilson,WilsDo01,G/T,Matt Pryor,PryoMa00,C/G,Nate Herbig,HerbNa01,QB,Jalen Hurts,HurtJa00,RB,Jordan Howard,HowaJo00,WR,Jalen Reagor,ReagJa00,WR,DeSean Jackson,JackDe00,TE,Zach Ertz,ErtzZa00,TE,Dallas Goedert,GoedDa00,OL,Isaac Seumalo,SeumIs00,T,Jordan Mailata,MailJo00,C,Jason Kelce,KelcJa00,DE,Vinny Curry,CurrVi00,DE,Brandon Graham,GrahBr99,DT,Javon Hargrave,HargJa00,DT,Fletcher Cox,CoxxFl00,LB,T.J. Edwards,EdwaTJ02,LB,Alex Singleton,SingAl00,CB,Michael Jacquet,JacqMi00,CB,Nickell Robey-Coleman,RobeNi00,CB,Darius Slay,SlayDa00,S,Jalen Mills,MillJa02,S,Marcus Epps,EppsMa00,Referee,Adrian Hill,Umpire,Bryan Neale,Down Judge,Derick Bowers,Line Judge,Frank LeBlanc,Back Judge,Steve Patrick,Side Judge,Jeff Lamberth,Field Judge,Mike Weatherford
202012270gnb,2020-12-27,Sunday,8:20pm,Green Bay Packers,Tennessee Titans,gnb,oti,40,14,Matt LaFleur,Mike Vrabel,Lambeau Field,,2:46,outdoors,grass,"28 degrees, relative humidity 88%, wind 15 mph",G/T,Billy Turner,TurnBi00,QB,Aaron Rodgers,RodgAa00,RB,Aaron Jones,JoneAa00,WR,Davante Adams,AdamDa01,WR,Allen Lazard,LazaAl00,TE,Dominique Dafney,DafnDo00,TE,Marcedes Lewis,LewiMa00,T,David Bakhtiari,BakhDa00,T,Ricky Wagner,WagnRi00,G,Elgton Jenkins,JenkEl00,C,Corey Linsley,LinsCo00,DL,Kenny Clark,ClarKe01,DL,Kingsley Keke,KekeKi00,DL,Dean Lowry,LowrDe00,LB,Za'Darius Smith,SmitZa00,LB,Christian Kirksey,KirkCh00,LB,Preston Smith,SmitPr00,LB,Krys Barnes,BarnKr00,CB,Kevin King,KingKe01,CB,Jaire Alexander,AlexJa00,S,Darnell Savage Jr.,SavaDa00,S,Adrian Amos,AmosAd00,QB,Ryan Tannehill,TannRy00,RB,Derrick Henry,HenrDe00,WR,A.J. Brown,BrowAJ00,WR,Corey Davis,DaviCo03,TE,Geoff Swaim,SwaiGe00,TE,Jonnu Smith,SmitJo01,OL,Nate Davis,DaviNa01,OL,David Quessenberry,QuesDa00,T,Dennis Kelly,KellDe00,G,Rodger Saffold,SaffRo20,C,Ben Jones,JoneBe01,DL,DaQuan Jones,JoneDa04,DT,Jeffery Simmons,SimmJe01,DT,Teair Tart,TartTe00,OLB,Harold Landry,LandHa00,OLB,Brooks Reed,ReedBr00,LB,Rashaan Evans,EvanRa01,LB,David Long,LongDa04,CB,Malcolm Butler,ButlMa01,CB,Adoree' Jackson,JackAd00,S,Kevin Byard,ByarKe01,S,Kenny Vaccaro,VaccKe00,Referee,Brad Allen,Umpire,Richard Hall,Down Judge,Patrick Turner,Line Judge,Tim Podraza,Back Judge,Greg Wilson,Side Judge,Clay Reynard,Field Judge,Gary Cavaletto
202012270htx,2020-12-27,Sunday,1:00pm,Houston Texans,Cincinnati Bengals,htx,cin,31,37,Romeo Crennel,Zac Taylor,NRG Stadium,12344,3:04,retractable roof (closed),grass,,C/G,Zach Fulton,FultZa00,G/T,Brent Qvale,QvalBr01,QB,Deshaun Watson,WatsDe00,RB,David Johnson,JohnDa08,WR,Brandin Cooks,CookBr00,WR,Keke Coutee,CoutKe00,WR,Chad Hansen,HansCh00,TE,Pharaoh Brown,BrowPh01,T,Roderick Johnson,JohnRo06,T,Laremy Tunsil,TunsLa00,C,Nick Martin,MartNi00,DE,Charles Omenihu,OmenCh00,DE,Carlos Watkins,WatkCa00,DE,J.J. Watt,,OLB,Jacob Martin,MartJa02,ILB,Tyrell Adams,AdamTy00,ILB,Zach Cunningham,CunnZa00,CB,Vernon Hargreaves III,HargVe00,CB,John Reid,ReidJo00,CB,Keion Crossen,CrosKe00,S,Lonnie Johnson Jr.,JohnLo01,S,A.J. Moore,,QB,Brandon Allen,AlleBr00,HB,Giovani Bernard,BernGi00,WR,Tee Higgins,HiggTe00,WR,A.J. Green,,WR,Alex Erickson,EricAl01,TE,Drew Sample,SampDr00,OT,Bobby Hart,HartBo00,OT,Fred Johnson,JohnFr01,G,Xavier Su'a-Filo,Sua-Xa00,G,Quinton Spain,SpaiQu00,C,Trey Hopkins,HopkTr01,DE,Sam Hubbard,HubbSa00,DE,Carl Lawson,LawsCa00,DT,Mike Daniels,DaniMi00,DT,Christian Covington,CoviCh00,LB,Josh Bynes,ByneJo00,LB,Germaine Pratt,PratGe00,CB,William Jackson III,JackWi02,CB,Mackensie Alexander,AlexMa01,DB,Darius Phillips,PhilDa02,S,Jessie Bates III,BateJe00,S,Vonn Bell,BellVo00,Referee,Brad Rogers,Umpire,Tab Slaughter,Down Judge,Jerod Phillips,Line Judge,Walt Coleman IV,Back Judge,Greg Meyer,Side Judge,Eugene Hall,Field Judge,Nathan Jones
202012270jax,2020-12-27,Sunday,1:00pm,Jacksonville Jaguars,Chicago Bears,jax,chi,17,41,Doug Marrone,Matt Nagy,TIAA Bank Stadium,17445,2:57,outdoors,grass,"55 degrees, relative humidity 60%, wind 5 mph",QB,Mike Glennon,GlenMi00,RB,Dare Ogunbowale,OgunDa00,FB,Bruce Miller,MillBr02,WR,DJ Chark,CharDJ00,WR,Laviska Shenault Jr.,ShenLa00,OL,Jawaan Taylor,TaylJa02,OL,A.J. Cann,,OL,Tyler Shatley,ShatTy00,OL,Cam Robinson,RobiCa00,OL,Will Richardson,RichWi01,G,Andrew Norwell,NorwAn01,DL,Dawuane Smoot,SmooDa00,DE,Adam Gotsis,GotsAd00,DT,Doug Costin,CostDo00,DT,Daniel Ekuale,EkuaDa00,LB,Joe Giles-Harris,GileJo01,LB,Joe Schobert,SchoJo00,LB,Myles Jack,JackMy00,CB,Greg Mabin,MabiGr00,CB,Tre Herndon,HernTr00,S,Josh Jones,JoneJo06,S,Jarrod Wilson,WilsJa00,QB,Mitchell Trubisky,TrubMi00,RB,David Montgomery,MontDa01,WR,Allen Robinson,RobiAl02,WR,Anthony Miller,MillAn02,TE,Jimmy Graham,GrahJi00,TE,Cole Kmet,KmetCo00,OL,Cody Whitehair,WhitCo03,OL,Alex Bars,BarsAl01,OL,Sam Mustipher,MustSa01,OL,Charles Leno Jr.,LenoCh00,OL,Germain Ifedi,IfedGe00,DE,Brent Urban,UrbaBr00,DT,Bilal Nichols,NichBi00,DT,Akiem Hicks,HickAk00,LB,Khalil Mack,MackKh00,LB,Robert Quinn,QuinRo00,LB,Roquan Smith,SmitRo07,LB,Danny Trevathan,TrevDa00,DB,Eddie Jackson,JackEd01,DB,Tashaun Gipson,GipsTa00,DB,Kindle Vildor,VildKi00,DB,Kyle Fuller,FullKy00,Referee,Jerome Boger,Umpire,Barry Anderson,Down Judge,Julian Mapp,Line Judge,Rusty Baynes,Back Judge,Brad Freeman,Side Judge,Anthony Jeffries,Field Judge,Dale Shaw
202012270kan,2020-12-27,Sunday,1:00pm,Kansas City Chiefs,Atlanta Falcons,kan,atl,17,14,Andy Reid,Raheem Morris,Arrowhead Stadium,13470,2:53,outdoors,grass,"49 degrees, relative humidity 44%, wind 8 mph",QB,Patrick Mahomes,MahoPa00,RB,Le'Veon Bell,BellLe00,WR,Sammy Watkins,WatkSa00,WR,Mecole Hardman,HardMe00,WR,Tyreek Hill,HillTy00,TE,Travis Kelce,KelcTr00,T,Eric Fisher,FishEr00,T,Mike Remmers,RemmMi00,G,Andrew Wylie,WyliAn00,G,Nick Allegretti,AlleNi00,C,Austin Reiter,ReitAu00,DE,Tanoh Kpassagnon,KpasTa00,DE,Frank Clark,ClarFr01,DT,Chris Jones,JoneCh09,DT,Derrick Nnadi,NnadDe00,LB,Darius Harris,HarrDa07,LB,Ben Niemann,NiemBe00,LB,Willie Gay Jr.,GayJWi00,CB,Charvarius Ward,WardCh01,CB,Bashaud Breeland,BreeBa00,S,Tyrann Mathieu,MathTy00,S,Daniel Sorensen,SoreDa01,QB,Matt Ryan,RyanMa00,RB,Todd Gurley,GurlTo01,FB,Keith Smith,SmitKe03,WR,Russell Gage,GageRu00,WR,Calvin Ridley,RidlCa00,TE,Luke Stocker,StocLu00,OL,Matt Hennessy,HennMa00,T,Matt Gono,GonoMa00,T,Jake Matthews,MattJa00,T,Kaleb McGary,McGaKa00,G,Chris Lindstrom,LindCh00,DE,Dante Fowler,FowlDa00,DE,Steven Means,MeanSt00,DT,Tyeler Davison,DaviTy01,DT,Grady Jarrett,JarrGr00,LB,Foyesade Oluokun,OluoFo00,LB,Deion Jones,JoneDe01,CB,Isaiah Oliver,OlivIs00,CB,Kendall Sheffield,ShefKe00,CB,AJ Terrell,TerrAJ00,S,Keanu Neal,NealKe01,S,Ricardo Allen,AlleRi00,Referee,Craig Wrolstad,Umpire,Ruben Fowler,Down Judge,Jerry Bergman,Line Judge,David Oliver,Back Judge,Keith Ferguson,Side Judge,Dominique Pender,Field Judge,Aaron Santi
202012270nyj,2020-12-27,Sunday,1:00pm,New York Jets,Cleveland Browns,nyj,cle,23,16,Adam Gase,Kevin Stefanski,MetLife Stadium,,3:17,outdoors,fieldturf,"37 degrees, relative humidity 42%, wind 5 mph",QB,Sam Darnold,DarnSa00,RB,Frank Gore,GoreFr00,WR,Breshad Perriman,PerrBr02,WR,Jamison Crowder,CrowJa00,WR,Denzel Mims,MimsDe00,TE,Chris Herndon,HernCh00,OL,Josh Andrews,AndrJo01,OL,Pat Elflein,ElflPa00,OL,Connor McGovern,McGoCo00,T,Mekhi Becton,BectMe00,T,George Fant,FantGe00,DL,Nathan Shepherd,ShepNa00,DL,Henry Anderson,AndeHe00,DL,Folorunso Fatukasi,FatuFo00,LB,Neville Hewitt,HewiNe00,LB,Frankie Luvu,LuvuFr00,LB,Bryce Hager,HageBr00,LB,Tarell Basham,BashTa00,CB,Bryce Hall,HallBr02,CB,Arthur Maulet,MaulAr00,CB,Blessuan Austin,AustBl00,S,Marcus Maye,MayeMa00,QB,Baker Mayfield,MayfBa00,RB,Nick Chubb,ChubNi00,RB,Kareem Hunt,HuntKa00,WR,Ja'Marcus Bradley,BradJa01,WR,Marvin Hall,HallMa02,TE,Austin Hooper,HoopAu00,T,Kendall Lamm,LammKe00,T,Jack Conklin,ConkJa00,G,Joel Bitonio,BitoJo00,C,Nick Harris,HarrNi01,C,J.C. Tretter,TretJC00,DE,Myles Garrett,GarrMy00,DE,Olivier Vernon,VernOl00,DT,Larry Ogunjobi,OgunLa00,DT,Sheldon Richardson,RichSh00,LB,Malcolm Smith,SmitMa02,LB,Sione Takitaki,TakiSi00,CB,Kevin Johnson,JohnKe04,CB,Terrance Mitchell,MitcTe00,CB,Denzel Ward,WardDe02,S,Karl Joseph,JoseKa00,S,Andrew Sendejo,SendAn00,Referee,Land Clark,Umpire,Alan Eck,Down Judge,Tripp Sutter,Line Judge,Mark Stewart,Back Judge,Tony Josselyn,Side Judge,Mearl Robinson,Field Judge,Tra Blake
202012270pit,2020-12-27,Sunday,1:00pm,Pittsburgh Steelers,Indianapolis Colts,pit,clt,28,24,Mike Tomlin,Frank Reich,Heinz Field,,3:10,outdoors,grass,"37 degrees, relative humidity 65%, wind 6 mph",QB,Ben Roethlisberger,RoetBe00,RB,Jaylen Samuels,SamuJa00,WR,Chase Claypool,ClayCh01,WR,JuJu Smith-Schuster,SmitJu00,WR,Diontae Johnson,JohnDi01,TE,Vance McDonald,McDoVa00,OL,Chukwuma Okorafor,OkorCh00,OL,Kevin Dotson,DotsKe00,OT,Alejandro Villanueva,VillAl00,G,David DeCastro,DeCaDa00,C,Maurkice Pouncey,PounMa20,DE,Tyson Alualu,AluaTy99,DE,Stephon Tuitt,TuitSt00,DT,Cameron Heyward,HeywCa01,LB,Alex Highsmith,HighAl02,LB,T.J. Watt,,LB,Avery Williamson,WillAv00,LB,Vince Williams,WillVi01,CB,Joe Haden,HadeJo99,CB,Steven Nelson,NelsSt01,CB,Cameron Sutton,SuttCa00,S,Minkah Fitzpatrick,FitzMi00,G/C,Quenton Nelson,NelsQu00,QB,Philip Rivers,RivePh00,RB,Jonathan Taylor,TaylJo02,WR,T.Y. Hilton,,WR,Michael Pittman Jr.,PittMi01,WR,Zach Pascal,PascZa00,TE,Jack Doyle,DoylJa00,T,Chaz Green,GreeCh02,T,Will Holden,HoldWi00,G,Mark Glowinski,GlowMa00,C,Ryan Kelly,KellRy00,DE,Denico Autry,AutrDe00,DE,Justin Houston,HousJu00,DT,DeForest Buckner,BuckDe00,DT,Grover Stewart,StewGr00,LB,Shaquille Leonard,LeonDa00,LB,Anthony Walker,WalkAn01,CB,Kenny Moore,MoorKe03,CB,Rock Ya-Sin,Ya-SRo00,CB,Xavier Rhodes,RhodXa00,S,Khari Willis,WillKh00,S,Julian Blackmon,BlacJu01,Referee,Alex Kemp,Umpire,Carl Paganelli,Down Judge,Dana McKenzie,Line Judge,Greg Bradley,Back Judge,Matt Edwards,Side Judge,Jabir Walker,Field Judge,Terry Brown
202012270rav,2020-12-27,Sunday,1:00pm,Baltimore Ravens,New York Giants,rav,nyg,27,13,John Harbaugh,Joe Judge,M&amp;T Bank Stadium,,3:04,outdoors,grass,"38 degrees, relative humidity 48%, wind 3 mph",C/G,Matt Skura,SkurMa01,G/C,Bradley Bozeman,BozeBr00,G/C,Patrick Mekari,MekaPa00,G/T,D.J. Fluker,FlukDJ00,QB,Lamar Jackson,JackLa00,RB,J.K. Dobbins,DobbJK00,FB,Patrick Ricard,RicaPa00,WR,Miles Boykin,BoykMi00,TE,Eric Tomlinson,TomlEr01,T,Orlando Brown Jr.,BrowOr00,G,Ben Powers,PoweBe00,DE,Calais Campbell,CampCa99,DE,Derek Wolfe,WolfDe00,DT,Brandon Williams,WillBr02,OLB,Pernell McPhee,McPhPe00,ILB,Malik Harrison,HarrMa06,ILB,Patrick Queen,QueePa00,LB,Matt Judon,JudoMa00,CB,Marlon Humphrey,HumpMa00,CB,Anthony Averett,AverAn00,S,DeShon Elliott,ElliDe02,S,Chuck Clark,ClarCh00,QB,Daniel Jones,JoneDa05,RB,Wayne Gallman,GallWa00,WR,Darius Slayton,SlayDa01,WR,Sterling Shepard,ShepSt00,TE,Evan Engram,EngrEv00,TE,Kaden Smith,SmitKa00,OL,Shane Lemieux,LemiSh00,T,Cameron Fleming,FlemCa00,T,Andrew Thomas,ThomAn02,G,Kevin Zeitler,ZeitKe00,C,Nick Gates,GateNi00,DL,Dexter Lawrence,LawrDe03,DL,Leonard Williams,WillLe02,DL,Dalvin Tomlinson,TomlDa00,LB,Tae Crowder,CrowTa00,LB,David Mayo,MayoDa00,LB,Blake Martinez,MartBl01,CB,Isaac Yiadom,YiadIs00,DB,Logan Ryan,RyanLo00,DB,James Bradberry,BradJa00,S,Jabrill Peppers,PeppJa00,S,Xavier McKinney,McKiXa00,Referee,John Hussey,Umpire,Roy Ellison,Down Judge,Brian Bolinger,Line Judge,Tom Symonette,Back Judge,Grantis Bell,Side Judge,Allen Baynes,Field Judge,Steve Zimmer
202012270sdg,2020-12-27,Sunday,4:05pm,Los Angeles Chargers,Denver Broncos,sdg,den,19,16,Anthony Lynn,Vic Fangio,SoFi Stadium,,3:00,dome,matrixturf,,C/G,Dan Feeney,FeenDa00,QB,Justin Herbert,HerbJu00,RB,Austin Ekeler,EkelAu00,WR,Mike Williams,WillMi07,WR,Jalen Guyton,GuytJa01,TE,Stephen Anderson,AndeSt01,TE,Donald Parham,ParhDo00,T,Bryan Bulaga,BulaBr20,T,Sam Tevi,TeviSa00,G,Forrest Lamp,LampFo00,G,Trai Turner,TurnTr01,DE,Isaac Rochell,RochIs00,DT,Justin Jones,JoneJu03,DT,Linval Joseph,JoseLi99,DT,Jerry Tillery,TillJe00,LB,Kenneth Murray,MurrKe00,LB,Denzel Perryman,PerrDe00,CB,Casey Hayward,HaywCa00,CB,Michael Davis,DaviMi03,DB,Chris Harris Jr.,HarrCh01,S,Rayshawn Jenkins,JenkRa00,S,Nasir Adderley,AddeNa00,G/T,Elijah Wilkinson,WilkEl00,QB,Drew Lock,LockDr00,RB,Melvin Gordon,GordMe00,WR,Tim Patrick,PatrTi00,WR,KJ Hamler,HamlKJ00,WR,Jerry Jeudy,JeudJe00,TE,Noah Fant,FantNo00,T,Garett Bolles,BollGa00,G,Graham Glasgow,GlasGr00,G,Dalton Risner,RisnDa00,C,Lloyd Cushenberry III,CushLl00,DL,DeShawn Williams,WillDe04,DE,Dre'Mont Jones,JoneDr00,DE,Shelby Harris,HarrSh00,OLB,Jeremiah Attaochu,AttaJe00,OLB,Malik Reed,ReedMa01,ILB,Josey Jewell,JeweJo00,ILB,Alexander Johnson,JohnAl01,CB,Michael Ojemudia,OjemMi00,CB,De'Vante Bausby,BausDe00,S,Justin Simmons,SimmJu00,S,Kareem Jackson,JackKa99,Referee,Shawn Hochuli,Umpire,Ramon George,Down Judge,Sarah Thomas,Line Judge,Carl Johnson,Back Judge,Mark Perlman,Side Judge,Chad Hill,Field Judge,Tom Hill
202012270sea,2020-12-27,Sunday,4:25pm,Seattle Seahawks,Los Angeles Rams,sea,ram,20,9,Pete Carroll,Sean McVay,Lumen Field,,3:09,outdoors,fieldturf,"45 degrees, relative humidity 89%, wind 2 mph",G/C,Ethan Pocic,PociEt00,QB,Russell Wilson,WilsRu00,RB,Chris Carson,CarsCh00,WR,Tyler Lockett,LockTy00,WR,D.K. Metcalf,MetcDK00,TE,Will Dissly,DissWi00,TE,Jacob Hollister,HollJa03,T,Duane Brown,BrowDu20,T,Cedric Ogbuehi,OgbuCe00,G,Jordan Simmons,SimmJo00,G,Damien Lewis,LewiDa05,DE,L.J. Collier,CollLJ00,DE,Carlos Dunlap,DunlCa99,DT,Jarran Reed,ReedJa02,DT,Poona Ford,FordPo00,LB,Bobby Wagner,WagnBo00,LB,K.J. Wright,,LB,Jordyn Brooks,BrooJo01,CB,D.J. Reed,,CB,Shaquill Griffin,GrifSh00,SS,Jamal Adams,AdamJa00,FS,Quandre Diggs,DiggQu00,QB,Jared Goff,GoffJa00,RB,Darrell Henderson,HendDa00,WR,Robert Woods,WoodRo02,WR,Cooper Kupp,KuppCo00,TE,Gerald Everett,EverGe00,TE,Tyler Higbee,HigbTy00,OL,Austin Blythe,BlytAu00,OL,Austin Corbett,CorbAu00,OL,Joseph Noteboom,NoteJo00,OL,David Edwards,EdwaDa01,OL,Rob Havenstein,HaveRo00,DL,Michael Brockers,BrocMi00,DL,Sebastian Joseph-Day,JoseSe00,DL,Aaron Donald,DonaAa00,OLB,Leonard Floyd,FloyLe00,OLB,Samson Ebukam,EbukSa00,ILB,Troy Reeder,ReedTr01,ILB,Kenny Young,YounKe03,CB,Troy Hill,HillTr01,CB,Jalen Ramsey,RamsJa00,S,John Johnson,JohnJo10,S,Jordan Fuller,FullJo01,Referee,Bill Vinovich,Umpire,Terry Killens,Down Judge,Mike Carr,Line Judge,Jeff Seeman,Back Judge,Perry Paganelli,Side Judge,Don Willard,Field Judge,David Meslow
202012270was,2020-12-27,Sunday,4:05pm,Washington Football Team,Carolina Panthers,was,car,13,20,Ron Rivera,Matt Rhule,FedExField,,3:01,outdoors,grass,"41 degrees, relative humidity 46%, wind 6 mph",QB,Dwayne Haskins,HaskDw00,RB,Antonio Gibson,GibsAn00,WR,Robert Foster,FostRo01,WR,Cam Sims,SimsCa00,TE,Logan Thomas,ThomLo00,TE,Jeremy Sprinkle,SpriJe00,T,Cornelius Lucas,LucaCo01,T,Morgan Moses,MoseMo00,G,Wes Schweitzer,SchwWe00,G,Brandon Scherff,ScheBr00,C,Chase Roullier,RoulCh00,DE,Chase Young,YounCh04,DE,Montez Sweat,SweaMo00,DT,Daron Payne,PaynDa00,DT,Jonathan Allen,AlleJo01,LB,Khaleke Hudson,HudsKh00,LB,Cole Holcomb,HolcCo00,LB,Jonathan Bostic,BostJo00,CB,Kendall Fuller,FullKe00,CB,Ronald Darby,DarbRo00,S,Jeremy Reaves,ReavJe00,S,Kamren Curl,CurlKa00,QB,Teddy Bridgewater,BridTe00,RB,Mike Davis,DaviMi01,WR,Robbie Chosen,AndeRo04,WR,D.J. Moore,,TE,Colin Thompson,ThomCo03,TE,Chris Manhertz,ManhCh00,T,Trenton Scott,ScotTr01,T,Taylor Moton,MotoTa00,G,Chris Reed,ReedCh00,G,John Miller,MillJo04,C,Matt Paradis,ParaMa00,DE,Yetur Gross-Matos,GrosYe00,DT,Bravvion Roy,RoyxBr00,DT,Derrick Brown,BrowDe05,LB,Adarius Taylor,GlanAd00,LB,Jeremy Chinn,ChinJe00,LB,Jermaine Carter Jr.,CartJe00,LB,Shaq Thompson,ThomSh01,CB,Donte Jackson,JackDo02,CB,Rasul Douglas,DougRa00,S,Juston Burris,BurrJu00,S,Tre Boston,BostTr00,Referee,Carl Cheffers,Umpire,Bruce Stritesky,Down Judge,Danny Short,Line Judge,Daniel Gallagher,Back Judge,Jimmy Russell,Side Judge,Boris Cheek,Field Judge,Rick Patterson
202012280nwe,2020-12-28,Monday,8:15pm,New England Patriots,Buffalo Bills,nwe,buf,9,38,Bill Belichick,Sean McDermott,Gillette Stadium,,2:51,outdoors,fieldturf,"41 degrees, relative humidity 90%, wind 4 mph",QB,Cam Newton,NewtCa00,RB,Sony Michel,MichSo00,FB,Jakob Johnson,JohnJa12,WR,Damiere Byrd,ByrdDa00,WR,Jakobi Meyers,MeyeJa01,TE,Devin Asiasi,AsiaDe00,OL,Shaq Mason,MasoSh01,OL,Joe Thuney,ThunJo00,OL,Michael Onwenu,OnweMi00,OL,Justin Herron,HerrJu00,C,David Andrews,AndrDa00,DL,Byron Cowart,CowaBy00,DL,Adam Butler,ButlAd00,DL,Tashawn Bower,BoweTa00,DE,John Simon,SimoJo01,LB,Terez Hall,HallTe01,LB,Joshua Uche,UcheJo00,CB,Jason McCourty,McCoJa99,DB,J.C. Jackson,,DB,Jonathan Jones,JoneJo03,DB,Devin McCourty,McCoDe99,DB,Adrian Phillips,PhilAd00,QB,Josh Allen,AlleJo02,RB,Devin Singletary,SingDe00,WR,Gabe Davis,DaviGa01,WR,Isaiah McKenzie,McKeIs00,WR,Stefon Diggs,DiggSt00,TE,Lee Smith,SmitLe00,OL,Daryl Williams,WillDa06,T,Dion Dawkins,DawkDi00,G,Jon Feliciano,FeliJo00,G,Ike Boettger,BoetIk00,C,Mitch Morse,MorsMi00,DE,Jerry Hughes,HughJe99,DE,Mario Addison,AddiMa00,DT,Ed Oliver,OlivEd00,DT,Vernon Butler,ButlVe00,LB,Tremaine Edmunds,EdmuTr01,LB,A.J. Klein,KleiAJ00,LB,Matt Milano,MilaMa00,CB,Levi Wallace,WallLe00,CB,Tre'Davious White,WhitTr01,S,Micah Hyde,HydeMi00,S,Jordan Poyer,PoyeJo00,Referee,Ronald Torbert,Umpire,Mark Pellis,Down Judge,Patrick Holt,Line Judge,Jim Mello,Back Judge,Greg Yette,Side Judge,Jonah Monroe,Field Judge,James Coleman
202101030buf,2021-01-03,Sunday,1:00pm,Buffalo Bills,Miami Dolphins,buf,mia,56,26,Sean McDermott,Brian Flores,Bills Stadium,,3:13,outdoors,astroturf,"35 degrees, relative humidity 93%, wind 1 mph, wind chill 0",QB,Josh Allen,AlleJo02,RB,Devin Singletary,SingDe00,WR,John Brown,BrowJo02,WR,Gabe Davis,DaviGa01,WR,Isaiah McKenzie,McKeIs00,TE,Lee Smith,SmitLe00,OL,Daryl Williams,WillDa06,T,Dion Dawkins,DawkDi00,G,Jon Feliciano,FeliJo00,G,Ike Boettger,BoetIk00,C,Mitch Morse,MorsMi00,DE,A.J. Epenesa,EpenAJ00,DE,Trent Murphy,MurpTr00,DT,Ed Oliver,OlivEd00,DT,Vernon Butler,ButlVe00,LB,Tremaine Edmunds,EdmuTr01,LB,Matt Milano,MilaMa00,CB,Taron Johnson,JohnTa01,CB,Josh Norman,NormJo01,CB,Levi Wallace,WallLe00,S,Micah Hyde,HydeMi00,S,Jordan Poyer,PoyeJo00,G/T,Jesse Davis,DaviJe00,G/T,Robert Hunt,HuntRo01,QB,Tua Tagovailoa,TagoTu00,RB,Myles Gaskin,GaskMy00,WR,Lynn Bowden Jr.,BowdLy00,WR,Isaiah Ford,FordIs00,WR,DeVante Parker,ParkDe01,TE,Durham Smythe,SmytDu00,T,Austin Jackson,JackAu00,G,Ereck Flowers,FlowEr00,C,Ted Karras,KarrTe00,DE,Emmanuel Ogbah,OgbaEm00,DT,Raekwon Davis,DaviRa03,DT,Christian Wilkins,WilkCh00,LB,Jerome Baker,BakeJe00,LB,Andrew Van Ginkel,VanGAn00,LB,Kyle Van Noy,VanNKy00,CB,Nik Needham,NeedNi00,CB,Byron Jones,JoneBy00,CB,Xavien Howard,HowaXa00,S,Bobby McCain,McCaBo01,S,Eric Rowe,RoweEr00,Referee,Bill Vinovich,Umpire,Terry Killens,Down Judge,Jerod Phillips,Line Judge,Jeff Seeman,Back Judge,Greg Steed,Side Judge,Don Willard,Field Judge,David Meslow
202101030car,2021-01-03,Sunday,4:25pm,Carolina Panthers,New Orleans Saints,car,nor,7,33,Matt Rhule,Sean Payton,Bank of America Stadium,1500,2:52,outdoors,grass,"57 degrees, relative humidity 80%, wind 2 mph, wind chill 0",QB,Teddy Bridgewater,BridTe00,RB,Rodney Smith,SmitRo08,WR,Robbie Chosen,AndeRo04,WR,D.J. Moore,,TE,Ian Thomas,ThomIa00,TE,Chris Manhertz,ManhCh00,T,Taylor Moton,MotoTa00,G,Michael Schofield,SchoMi00,G,Chris Reed,ReedCh00,G,John Miller,MillJo04,C,Matt Paradis,ParaMa00,DE,Yetur Gross-Matos,GrosYe00,DT,Derrick Brown,BrowDe05,DT,Bravvion Roy,RoyxBr00,LB,Shaq Thompson,ThomSh01,LB,Adarius Taylor,GlanAd00,LB,Jeremy Chinn,ChinJe00,LB,Jermaine Carter Jr.,CartJe00,CB,Donte Jackson,JackDo02,CB,Rasul Douglas,DougRa00,S,Juston Burris,BurrJu00,S,Tre Boston,BostTr00,G/T,Andrus Peat,PeatAn00,C/G,Erik McCoy,McCoEr01,C/G,Nick Easton,EastNi00,QB,Drew Brees,BreeDr00,RB,Tony Jones,JoneTo04,WR,Marquez Callaway,CallMa01,WR,Emmanuel Sanders,SandEm00,TE,Garrett Griffin,GrifGa00,TE,Adam Trautman,TrauAd00,T,Terron Armstead,ArmsTe00,T,Ryan Ramczyk,RamcRy00,DE,Trey Hendrickson,HendTr00,DE,Cameron Jordan,JordCa00,DT,Malcom Brown,BrowMa01,DT,David Onyemata,OnyeDa00,LB,Alex Anzalone,AnzaAl00,LB,Demario Davis,DaviDe00,LB,Zack Baun,BaunZa00,CB,P.J. Williams,,CB,Marshon Lattimore,LattMa01,CB,Jackrabbit Jenkins,JenkJa03,S,Malcolm Jenkins,JenkMa99,Referee,John Hussey,Umpire,Tony Michalek,Down Judge,Derick Bowers,Line Judge,Kevin Codey,Back Judge,Steve Patrick,Side Judge,Jeff Lamberth,Field Judge,Mike Weatherford
202101030chi,2021-01-03,Sunday,4:25pm,Chicago Bears,Green Bay Packers,chi,gnb,16,35,Matt Nagy,Matt LaFleur,Soldier Field,,2:54,outdoors,grass,"32 degrees, relative humidity 85%, wind 7 mph, wind chill 0",QB,Mitchell Trubisky,TrubMi00,RB,David Montgomery,MontDa01,WR,Allen Robinson,RobiAl02,WR,Darnell Mooney,MoonDa00,TE,Jimmy Graham,GrahJi00,TE,Cole Kmet,KmetCo00,OL,Cody Whitehair,WhitCo03,OL,Alex Bars,BarsAl01,OL,Sam Mustipher,MustSa01,OL,Charles Leno Jr.,LenoCh00,OL,Germain Ifedi,IfedGe00,DE,Brent Urban,UrbaBr00,DT,Bilal Nichols,NichBi00,DT,Akiem Hicks,HickAk00,LB,Khalil Mack,MackKh00,LB,Robert Quinn,QuinRo00,LB,Roquan Smith,SmitRo07,LB,Danny Trevathan,TrevDa00,DB,Eddie Jackson,JackEd01,DB,Duke Shelley,ShelDu00,DB,Tashaun Gipson,GipsTa00,DB,Kyle Fuller,FullKy00,G/T,Billy Turner,TurnBi00,QB,Aaron Rodgers,RodgAa00,RB,Aaron Jones,JoneAa00,WR,Davante Adams,AdamDa01,WR,Allen Lazard,LazaAl00,TE,Marcedes Lewis,LewiMa00,TE,Dominique Dafney,DafnDo00,T,Ricky Wagner,WagnRi00,G,Elgton Jenkins,JenkEl00,G,Lucas Patrick,PatrLu00,C,Corey Linsley,LinsCo00,DL,Kenny Clark,ClarKe01,DL,Dean Lowry,LowrDe00,LB,Christian Kirksey,KirkCh00,LB,Krys Barnes,BarnKr00,LB,Preston Smith,SmitPr00,LB,Za'Darius Smith,SmitZa00,CB,Kevin King,KingKe01,CB,Chandon Sullivan,SullCh00,CB,Jaire Alexander,AlexJa00,S,Darnell Savage Jr.,SavaDa00,S,Adrian Amos,AmosAd00,Referee,Craig Wrolstad,Umpire,Fred Bryan,Down Judge,Mark Hittner,Line Judge,David Oliver,Back Judge,Keith Ferguson,Side Judge,Dave Hawkshaw,Field Judge,Jim Quirk
202101030cin,2021-01-03,Sunday,1:00pm,Cincinnati Bengals,Baltimore Ravens,cin,rav,3,38,Zac Taylor,John Harbaugh,Paul Brown Stadium,10499,2:55,outdoors,grass,"39 degrees, relative humidity 79%, wind 10 mph, wind chill 0",QB,Brandon Allen,AlleBr00,HB,Giovani Bernard,BernGi00,HB,Samaje Perine,PeriSa00,WR,A.J. Green,,WR,Tee Higgins,HiggTe00,TE,Drew Sample,SampDr00,OT,Bobby Hart,HartBo00,OT,Fred Johnson,JohnFr01,G,Xavier Su'a-Filo,Sua-Xa00,G,Quinton Spain,SpaiQu00,C,Trey Hopkins,HopkTr01,DE,Sam Hubbard,HubbSa00,DE,Carl Lawson,LawsCa00,DT,Xavier Williams,WillXa00,DT,Christian Covington,CoviCh00,LB,Akeem Davis-Gaither,DaviAk01,LB,Germaine Pratt,PratGe00,LB,Josh Bynes,ByneJo00,CB,LeShaun Sims,SimsLe00,DB,Darius Phillips,PhilDa02,S,Vonn Bell,BellVo00,S,Jessie Bates III,BateJe00,G/C,Bradley Bozeman,BozeBr00,G/T,D.J. Fluker,FlukDJ00,QB,Lamar Jackson,JackLa00,RB,Gus Edwards,EdwaGu00,FB,Patrick Ricard,RicaPa00,WR,Miles Boykin,BoykMi00,WR,Marquise Brown,BrowMa04,WR,Devin Duvernay,DuveDe00,T,Orlando Brown Jr.,BrowOr00,G,Ben Powers,PoweBe00,C,Trystan Colon,ColoTr01,DE,Calais Campbell,CampCa99,DT,Brandon Williams,WillBr02,OLB,Tyus Bowser,BowsTy00,OLB,Pernell McPhee,McPhPe00,ILB,L.J. Fort,,ILB,Patrick Queen,QueePa00,CB,Marlon Humphrey,HumpMa00,CB,Marcus Peters,PeteMa00,CB,Anthony Averett,AverAn00,S,DeShon Elliott,ElliDe02,S,Chuck Clark,ClarCh00,Referee,Land Clark,Umpire,Alan Eck,Down Judge,Tripp Sutter,Line Judge,Mark Stewart,Back Judge,Tony Josselyn,Side Judge,Mearl Robinson,Field Judge,Tra Blake
202101030cle,2021-01-03,Sunday,1:00pm,Cleveland Browns,Pittsburgh Steelers,cle,pit,24,22,Kevin Stefanski,Mike Tomlin,FirstEnergy Stadium,11989,3:02,outdoors,grass,"38 degrees, relative humidity 91%, wind 7 mph, wind chill 0",QB,Baker Mayfield,MayfBa00,RB,Nick Chubb,ChubNi00,WR,Jarvis Landry,LandJa00,WR,Rashard Higgins,HiggRa00,TE,David Njoku,NjokDa00,TE,Austin Hooper,HoopAu00,T,Jack Conklin,ConkJa00,T,Jedrick Wills Jr.,WillJe04,G,Joel Bitonio,BitoJo00,G,Wyatt Teller,TellWy00,C,J.C. Tretter,TretJC00,DE,Myles Garrett,GarrMy00,DE,Olivier Vernon,VernOl00,DT,Larry Ogunjobi,OgunLa00,DT,Sheldon Richardson,RichSh00,LB,Jacob Phillips,PhilJa01,LB,Sione Takitaki,TakiSi00,LB,Mack Wilson,WilsMa03,CB,Robert Jackson,JackRo00,CB,Terrance Mitchell,MitcTe00,DB,Ronnie Harrison,HarrRo02,S,Sheldrick Redwine,RedwSh00,QB,Mason Rudolph,RudoMa00,RB,James Conner,ConnJa00,WR,Chase Claypool,ClayCh01,WR,James Washington,WashJa00,TE,Vance McDonald,McDoVa00,TE,Kevin Rader,RadeKe00,OL,Kevin Dotson,DotsKe00,OL,Chukwuma Okorafor,OkorCh00,OT,Alejandro Villanueva,VillAl00,G,David DeCastro,DeCaDa00,C,J.C. Hassenauer,,DE,Tyson Alualu,AluaTy99,DE,Stephon Tuitt,TuitSt00,NT,Chris Wormley,WormCh00,LB,Alex Highsmith,HighAl02,LB,Avery Williamson,WillAv00,LB,Vince Williams,WillVi01,LB,Olasunkanmi Adeniyi,AdenOl00,CB,Steven Nelson,NelsSt01,CB,Cameron Sutton,SuttCa00,S,Minkah Fitzpatrick,FitzMi00,S,Sean Davis,DaviSe00,Referee,Jerome Boger,Umpire,Barry Anderson,Down Judge,Brian Bolinger,Line Judge,Rusty Baynes,Back Judge,Brad Freeman,Side Judge,Anthony Jeffries,Field Judge,Dale Shaw
202101030clt,2021-01-03,Sunday,4:25pm,Indianapolis Colts,Jacksonville Jaguars,clt,jax,28,14,Frank Reich,Doug Marrone,Lucas Oil Stadium,9976,2:56,retractable roof (closed),fieldturf,,G/C,Quenton Nelson,NelsQu00,QB,Philip Rivers,RivePh00,RB,Jonathan Taylor,TaylJo02,WR,T.Y. Hilton,,WR,Michael Pittman Jr.,PittMi01,WR,Zach Pascal,PascZa00,TE,Jack Doyle,DoylJa00,T,Jared Veldheer,VeldJa20,G,Mark Glowinski,GlowMa00,G,Braden Smith,SmitBr06,C,Ryan Kelly,KellRy00,DE,Denico Autry,AutrDe00,DE,Justin Houston,HousJu00,DT,Grover Stewart,StewGr00,DT,DeForest Buckner,BuckDe00,LB,Bobby Okereke,OkerBo00,LB,Shaquille Leonard,LeonDa00,LB,Anthony Walker,WalkAn01,CB,Kenny Moore,MoorKe03,CB,Xavier Rhodes,RhodXa00,S,Tavon Wilson,WilsTa00,S,Julian Blackmon,BlacJu01,DE/LB,K'Lavon Chaisson,ChaiKL00,QB,Mike Glennon,GlenMi00,RB,Dare Ogunbowale,OgunDa00,WR,Chris Conley,ConlCh00,WR,Laviska Shenault Jr.,ShenLa00,TE,Eric Saubert,SaubEr00,TE,James O'Shaughnessy,O'ShJa00,OL,Jawaan Taylor,TaylJa02,OL,Tyler Shatley,ShatTy00,OL,Cam Robinson,RobiCa00,OL,A.J. Cann,,G,Andrew Norwell,NorwAn01,DL,Dawuane Smoot,SmooDa00,DT,Daniel Ekuale,EkuaDa00,DT,Doug Costin,CostDo00,LB,Myles Jack,JackMy00,LB,Joe Schobert,SchoJo00,CB,Greg Mabin,MabiGr00,CB,Tre Herndon,HernTr00,CB,Chris Claybrooks,ClayCh02,S,Josh Jones,JoneJo06,S,Jarrod Wilson,WilsJa00,Referee,Shawn Smith,Umpire,Bryan Neale,Down Judge,Michael Dolce,Line Judge,Mark Steinkerchner,Back Judge,Terrence Miles,Side Judge,Jimmy Buchanan,Field Judge,Dyrol Prioleau
202101030den,2021-01-03,Sunday,4:25pm,Denver Broncos,Las Vegas Raiders,den,rai,31,32,Vic Fangio,Jon Gruden,Empower Field at Mile High,,3:29,outdoors,grass,"53 degrees, relative humidity 19%, wind 10 mph, wind chill 0",G/T,Elijah Wilkinson,WilkEl00,QB,Drew Lock,LockDr00,RB,Melvin Gordon,GordMe00,WR,Tim Patrick,PatrTi00,WR,Jerry Jeudy,JeudJe00,TE,Nick Vannett,VannNi00,TE,Noah Fant,FantNo00,T,Garett Bolles,BollGa00,G,Graham Glasgow,GlasGr00,G,Dalton Risner,RisnDa00,C,Lloyd Cushenberry III,CushLl00,DL,DeShawn Williams,WillDe04,DE,Dre'Mont Jones,JoneDr00,DE,DeMarcus Walker,WalkDe03,OLB,Malik Reed,ReedMa01,OLB,Jeremiah Attaochu,AttaJe00,ILB,Josey Jewell,JeweJo00,ILB,Alexander Johnson,JohnAl01,CB,Parnell Motley,MotlPa00,CB,Michael Ojemudia,OjemMi00,S,Kareem Jackson,JackKa99,S,Justin Simmons,SimmJu00,QB,Derek Carr,CarrDe02,RB,Josh Jacobs,JacoJo01,WR,Nelson Agholor,AghoNe00,WR,Henry Ruggs III,RuggHe00,TE,Jason Witten,WittJa00,TE,Darren Waller,WallDa01,OL,John Simpson,SimpJo00,T,Sam Young,YounSa21,T,Kolton Miller,MillKo00,G,Gabe Jackson,JackGa00,C,Rodney Hudson,HudsRo00,DE,Carl Nassib,NassCa00,DE,Maxx Crosby,CrosMa00,DT,Johnathan Hankins,HankJo00,DT,Maliek Collins,CollMa00,ILB,Nicholas Morrow,MorrNi00,LB,Cory Littleton,LittCo01,LB,Raekwon McMillan,McMiRa02,CB,Nevin Lawson,LawsNe00,CB,Trayvon Mullen,MullTr00,S,Jeff Heath,HeatJe00,S,Johnathan Abram,AbraJo01,Referee,Scott Novak,Umpire,Steven Woods,Down Judge,Kent Payne,Line Judge,Thomas Eaton,Back Judge,Keith Washington,Side Judge,John Jenkins,Field Judge,Scott Edwards
202101030det,2021-01-03,Sunday,1:00pm,Detroit Lions,Minnesota Vikings,det,min,35,37,Darrell Bevell,Mike Zimmer,Ford Field,,3:07,dome,fieldturf,,RB/WR,Jamal Agnew,AgneJa00,QB,Matthew Stafford,StafMa00,RB,D'Andre Swift,SwifDA00,WR,Marvin Jones,JoneMa02,WR,Mohamed Sanu,SanuMo00,TE,T.J. Hockenson,HockTJ00,OL,Oday Aboushi,AbouOd00,OL,Jonah Jackson,JackJo03,OL,Frank Ragnow,RagnFr00,T,Taylor Decker,DeckTa00,T,Halapoulivaati Vaitai,VaitHa00,DL,John Penisini,PeniJo00,DE,Romeo Okwara,OkwaRo01,DT,Nick Williams,WillNi01,DT,Danny Shelton,ShelDa01,LB,Reggie Ragland,RaglRe00,LB,Jahlani Tavai,TavaJa00,LB,Christian Jones,JoneCh05,CB,Darryl Roberts,RobeDa00,CB,Amani Oruwariye,OruwAm00,DB,Tracy Walker,WalkTr01,S,Duron Harmon,HarmDu00,QB,Kirk Cousins,CousKi00,RB,Alexander Mattison,MattAl01,FB,C.J. Ham,,WR,Adam Thielen,ThieAd00,WR,Justin Jefferson,JeffJu00,TE,Irv Smith Jr.,SmitIr01,T,Brian O'Neill,ONeiBr00,T,Rashod Hill,HillRa01,G,Ezra Cleveland,ClevEz00,G,Dakota Dozier,DoziDa00,C,Garrett Bradbury,BradGa00,DE,D.J. Wonnum,WonnDJ00,DT,Hercules Mata'afa,MataHe00,DT,Jaleel Johnson,JohnJa09,DT,Shamar Stephen,StepSh00,LB,Eric Wilson,WilsEr00,LB,Todd Davis,DaviTo01,CB,Harrison Hand,HandHa00,CB,Jeff Gladney,GladJe00,DB,Cordrea Tankersley,TankCo00,S,Anthony Harris,HarrAn01,S,Harrison Smith,SmitHa00,Referee,Adrian Hill,Umpire,Mark Pellis,Down Judge,Julian Mapp,Line Judge,Tom Symonette,Back Judge,Grantis Bell,Side Judge,Allen Baynes,Field Judge,Steve Zimmer
202101030htx,2021-01-03,Sunday,4:25pm,Houston Texans,Tennessee Titans,htx,oti,38,41,Romeo Crennel,Mike Vrabel,NRG Stadium,12504,3:13,retractable roof (closed),grass,,G/T,Max Scharping,SchaMa01,C/G,Zach Fulton,FultZa00,QB,Deshaun Watson,WatsDe00,RB,David Johnson,JohnDa08,WR,Brandin Cooks,CookBr00,WR,Keke Coutee,CoutKe00,TE,Pharaoh Brown,BrowPh01,TE,Darren Fells,FellDa01,T,Charlie Heck,HeckCh00,T,Roderick Johnson,JohnRo06,C,Nick Martin,MartNi00,DE,J.J. Watt,,DE,Carlos Watkins,WatkCa00,DE,Charles Omenihu,OmenCh00,DT,Ross Blacklock,BlacRo00,OLB,Jonathan Greenard,GreeJo04,ILB,Zach Cunningham,CunnZa00,ILB,Tyrell Adams,AdamTy00,CB,Vernon Hargreaves III,HargVe00,CB,Keion Crossen,CrosKe00,S,Lonnie Johnson Jr.,JohnLo01,S,A.J. Moore,,QB,Ryan Tannehill,TannRy00,RB,Derrick Henry,HenrDe00,WR,A.J. Brown,BrowAJ00,WR,Corey Davis,DaviCo03,TE,Geoff Swaim,SwaiGe00,TE,Jonnu Smith,SmitJo01,OL,Nate Davis,DaviNa01,OL,David Quessenberry,QuesDa00,T,Dennis Kelly,KellDe00,G,Rodger Saffold,SaffRo20,C,Ben Jones,JoneBe01,DL,DaQuan Jones,JoneDa04,DT,Jeffery Simmons,SimmJe01,OLB,Harold Landry,LandHa00,OLB,Wyatt Ray,RayxWy01,LB,David Long,LongDa04,LB,Rashaan Evans,EvanRa01,CB,Malcolm Butler,ButlMa01,CB,Desmond King,KingDe01,CB,Adoree' Jackson,JackAd00,S,Kevin Byard,ByarKe01,S,Kenny Vaccaro,VaccKe00,Referee,Shawn Hochuli,Umpire,Ramon George,Down Judge,Sarah Thomas,Line Judge,Carl Johnson,Back Judge,Rich Martinez,Side Judge,Chad Hill,Field Judge,Tom Hill
202101030kan,2021-01-03,Sunday,4:25pm,Kansas City Chiefs,Los Angeles Chargers,kan,sdg,21,38,Andy Reid,Anthony Lynn,Arrowhead Stadium,13240,2:56,outdoors,grass,"35 degrees, relative humidity 88%, wind 6 mph, wind chill 0",QB,Chad Henne,HennCh01,RB,Darwin Thompson,ThomDa06,WR,Mecole Hardman,HardMe00,WR,Demarcus Robinson,RobiDe01,WR,Byron Pringle,PrinBy00,TE,Deon Yelder,YeldDe00,OL,Yasir Durant,DuraYa01,T,Martinas Rankin,RankMa00,G,Patrick Omameh,OmamPa00,G,Stefen Wisniewski,WisnSt01,C,Daniel Kilgore,KilgDa00,DE,Tim Ward,WardTi00,DE,Michael Danna,DannMi00,DT,Khalen Saunders,SaunKh00,DT,Tershawn Wharton,WharTe00,LB,Darius Harris,HarrDa07,LB,Willie Gay Jr.,GayJWi00,LB,Damien Wilson,WilsDa02,CB,Thakarius Keyes,KeyeTh00,CB,Deandre Baker,BakeDe00,S,Juan Thornhill,ThorJu00,S,Armani Watts,WattAr00,C/G,Cole Toner,ToneCo00,C/G,Dan Feeney,FeenDa00,QB,Justin Herbert,HerbJu00,RB,Austin Ekeler,EkelAu00,WR,Jalen Guyton,GuytJa01,TE,Stephen Anderson,AndeSt01,TE,Donald Parham,ParhDo00,T,Trey Pipkins,PipkTr00,T,Storm Norton,NortSt00,G,Trai Turner,TurnTr01,G,Forrest Lamp,LampFo00,DE,Isaac Rochell,RochIs00,DT,Linval Joseph,JoseLi99,DT,Justin Jones,JoneJu03,DT,Jerry Tillery,TillJe00,LB,Kenneth Murray,MurrKe00,LB,Denzel Perryman,PerrDe00,CB,Michael Davis,DaviMi03,CB,Tevaughn Campbell,CampTe00,DB,Chris Harris Jr.,HarrCh01,S,Alohi Gilman,GilmAl00,S,Nasir Adderley,AddeNa00,Referee,Clete Blakeman,Umpire,Ruben Fowler,Down Judge,Jerry Bergman,Line Judge,Tom Stephan,Back Judge,Scott Helverson,Side Judge,Michael Banks,Field Judge,Joe Blubaugh
202101030nwe,2021-01-03,Sunday,1:00pm,New England Patriots,New York Jets,nwe,nyj,28,14,Bill Belichick,Adam Gase,Gillette Stadium,,3:01,outdoors,fieldturf,"33 degrees, relative humidity 75%, wind 5 mph, wind chill 0",QB,Cam Newton,NewtCa00,RB,Sony Michel,MichSo00,WR,Damiere Byrd,ByrdDa00,WR,Jakobi Meyers,MeyeJa01,WR,N'Keal Harry,HarrNK00,TE,Devin Asiasi,AsiaDe00,OL,James Ferentz,FereJa00,OL,Justin Herron,HerrJu00,OL,Joe Thuney,ThunJo00,OL,Michael Onwenu,OnweMi00,G,Jermaine Eluemunor,ElueJe00,DL,Lawrence Guy,GuyxLa00,DL,Chase Winovich,WinoCh00,DL,Byron Cowart,CowaBy00,DL,Adam Butler,ButlAd00,DE,John Simon,SimoJo01,LB,Ja'Whaun Bentley,BentJa00,CB,Jason McCourty,McCoJa99,DB,Adrian Phillips,PhilAd00,DB,Devin McCourty,McCoDe99,DB,J.C. Jackson,,DB,Kyle Dugger,DuggKy00,QB,Sam Darnold,DarnSa00,RB,Ty Johnson,JohnTy02,WR,Breshad Perriman,PerrBr02,WR,Denzel Mims,MimsDe00,TE,Trevon Wesco,WescTr00,TE,Chris Herndon,HernCh00,OL,Pat Elflein,ElflPa00,OL,Connor McGovern,McGoCo00,T,Mekhi Becton,BectMe00,T,George Fant,FantGe00,G,Greg Van Roten,VanRGr00,DL,Folorunso Fatukasi,FatuFo00,DL,Nathan Shepherd,ShepNa00,DL,Henry Anderson,AndeHe00,LB,Neville Hewitt,HewiNe00,LB,Bryce Hager,HageBr00,LB,Tarell Basham,BashTa00,CB,Arthur Maulet,MaulAr00,CB,Lamar Jackson,JackLa02,CB,Bryce Hall,HallBr02,S,Marcus Maye,MayeMa00,S,Matthias Farley,FarlMa00,Referee,Brad Rogers,Umpire,Tab Slaughter,Down Judge,Mike Carr,Line Judge,Daniel Gallagher,Back Judge,Greg Meyer,Side Judge,Eugene Hall,Field Judge,Nathan Jones
202101030nyg,2021-01-03,Sunday,1:00pm,New York Giants,Dallas Cowboys,nyg,dal,23,19,Joe Judge,Mike McCarthy,MetLife Stadium,,3:15,outdoors,fieldturf,"33 degrees, relative humidity 85%, wind 6 mph, wind chill 0",QB,Daniel Jones,JoneDa05,RB,Wayne Gallman,GallWa00,WR,Darius Slayton,SlayDa01,WR,Sterling Shepard,ShepSt00,WR,Austin Mack,MackAu01,TE,Evan Engram,EngrEv00,OL,Shane Lemieux,LemiSh00,T,Andrew Thomas,ThomAn02,T,Cameron Fleming,FlemCa00,G,Kevin Zeitler,ZeitKe00,C,Nick Gates,GateNi00,DL,Dexter Lawrence,LawrDe03,DL,Dalvin Tomlinson,TomlDa00,DL,Leonard Williams,WillLe02,LB,Blake Martinez,MartBl01,LB,Kyler Fackrell,FackKy00,LB,Tae Crowder,CrowTa00,DB,Logan Ryan,RyanLo00,DB,James Bradberry,BradJa00,S,Julian Love,LoveJu00,S,Xavier McKinney,McKiXa00,S,Jabrill Peppers,PeppJa00,QB,Andy Dalton,DaltAn00,RB,Ezekiel Elliott,ElliEz00,WR,Amari Cooper,CoopAm00,WR,Michael Gallup,GallMi00,WR,CeeDee Lamb,LambCe00,TE,Dalton Schultz,SchuDa00,T,Brandon Knight,KnigBr01,T,Terence Steele,SteeTe01,G,Connor Williams,WillCo00,G,Connor McGovern,McGoCo01,C,Joe Looney,LoonJo01,DL,Tyrone Crawford,CrawTy00,DE,DeMarcus Lawrence,LawrDe00,DE,Aldon Smith,SmitAl04,DT,Neville Gallimore,GallNe00,LB,Sean Lee,LeexSe99,LB,Jaylon Smith,SmitJa05,CB,Jourdan Lewis,LewiJo01,CB,Anthony Brown,BrowAn02,DB,Trevon Diggs,DiggTr00,S,Donovan Wilson,WilsDo01,S,Xavier Woods,WoodXa00,Referee,Brad Allen,Umpire,Bruce Stritesky,Down Judge,Danny Short,Line Judge,Walt Coleman IV,Back Judge,Jimmy Russell,Side Judge,Jonah Monroe,Field Judge,Rick Patterson
202101030phi,2021-01-03,Sunday,8:20pm,Philadelphia Eagles,Washington Football Team,phi,was,14,20,Doug Pederson,Ron Rivera,Lincoln Financial Field,,3:02,outdoors,grass,"38 degrees, relative humidity 92%, wind 10 mph, wind chill 0",G/T,Matt Pryor,PryoMa00,C/G,Nate Herbig,HerbNa01,QB,Jalen Hurts,HurtJa00,RB,Boston Scott,ScotBo02,WR,Greg Ward,WardGr02,WR,Travis Fulgham,FulgTr00,WR,Jalen Reagor,ReagJa00,TE,Zach Ertz,ErtzZa00,OL,Isaac Seumalo,SeumIs00,T,Brett Toth,TothBr00,C,Jason Kelce,KelcJa00,DE,Vinny Curry,CurrVi00,DE,Brandon Graham,GrahBr99,DT,Malik Jackson,JackMa02,DT,Javon Hargrave,HargJa00,LB,Alex Singleton,SingAl00,LB,T.J. Edwards,EdwaTJ02,CB,Darius Slay,SlayDa00,S,Rudy Ford,FordRu00,S,Marcus Epps,EppsMa00,S,K'Von Wallace,WallKV00,S,Grayland Arnold,ArnoGr01,QB,Alex Smith,SmitAl03,RB,Antonio Gibson,GibsAn00,RB,J.D. McKissic,,WR,Cam Sims,SimsCa00,WR,Terry McLaurin,McLaTe00,TE,Logan Thomas,ThomLo00,T,Cornelius Lucas,LucaCo01,T,Morgan Moses,MoseMo00,G,Wes Schweitzer,SchwWe00,G,Brandon Scherff,ScheBr00,C,Chase Roullier,RoulCh00,DE,Chase Young,YounCh04,DE,Montez Sweat,SweaMo00,DT,Daron Payne,PaynDa00,DT,Jonathan Allen,AlleJo01,LB,Cole Holcomb,HolcCo00,LB,Jonathan Bostic,BostJo00,CB,Jimmy Moreland,MoreJi00,CB,Kendall Fuller,FullKe00,CB,Ronald Darby,DarbRo00,S,Jeremy Reaves,ReavJe00,S,Kamren Curl,CurlKa00,Referee,Ronald Torbert,Umpire,Roy Ellison,Down Judge,Patrick Holt,Line Judge,Greg Bradley,Back Judge,Greg Yette,Side Judge,Boris Cheek,Field Judge,James Coleman
202101030ram,2021-01-03,Sunday,4:25pm,Los Angeles Rams,Arizona Cardinals,ram,crd,18,7,Sean McVay,Kliff Kingsbury,SoFi Stadium,,2:52,dome,matrixturf,,QB,John Wolford,WolfJo00,RB,Cam Akers,AkerCa00,WR,Robert Woods,WoodRo02,WR,Josh Reynolds,ReynJo00,TE,Tyler Higbee,HigbTy00,TE,Gerald Everett,EverGe00,OL,David Edwards,EdwaDa01,OL,Rob Havenstein,HaveRo00,OL,Joseph Noteboom,NoteJo00,OL,Austin Corbett,CorbAu00,OL,Austin Blythe,BlytAu00,DL,Morgan Fox,FoxxMo00,DL,Sebastian Joseph-Day,JoseSe00,DL,Aaron Donald,DonaAa00,OLB,Leonard Floyd,FloyLe00,OLB,Samson Ebukam,EbukSa00,ILB,Troy Reeder,ReedTr01,CB,Troy Hill,HillTr01,CB,Jalen Ramsey,RamsJa00,CB,Darious Williams,WillDa09,S,Jordan Fuller,FullJo01,S,John Johnson,JohnJo10,QB,Kyler Murray,MurrKy00,RB,Kenyan Drake,DrakKe00,WR,Trent Sherfield,SherTr00,WR,KeeSean Johnson,JohnKe07,WR,DeAndre Hopkins,HopkDe00,TE,Maxx Williams,WillMa04,OL,Mason Cole,ColeMa02,OL,D.J. Humphries,,OL,Justin Murray,MurrJu00,OL,Kelvin Beachum,BeacKe00,OL,Justin Pugh,PughJu00,DL,Angelo Blackson,BlacAn00,DL,Rashard Lawrence,LawrRa01,DL,Zach Allen,AlleZa01,DT,Stacy McGee,McGeSt01,LB,Markus Golden,GoldMa00,LB,Jordan Hicks,HickJo00,LB,De'Vondre Campbell,CampDe00,LB,Haason Reddick,ReddHa00,CB,Dre Kirkpatrick,KirkDr00,CB,Patrick Peterson,PetePa00,S,Budda Baker,BakeBu00,Referee,Carl Cheffers,Umpire,Richard Hall,Down Judge,Patrick Turner,Line Judge,Tim Podraza,Back Judge,Greg Wilson,Side Judge,Clay Reynard,Field Judge,Gary Cavaletto
202101030sfo,2021-01-03,Sunday,4:25pm,San Francisco 49ers,Seattle Seahawks,sfo,sea,23,26,Kyle Shanahan,Pete Carroll,State Farm Stadium,,3:03,retractable roof (closed),grass,,QB,C.J. Beathard,,RB,Jeff Wilson,WilsJe01,FB,Kyle Juszczyk,JuszKy00,WR,Kendrick Bourne,BourKe00,WR,Richie James,JameRi00,TE,George Kittle,KittGe00,OL,Daniel Brunskill,BrunDa00,OL,Laken Tomlinson,TomlLa01,OL,Justin Skule,SkulJu00,T,Mike McGlinchey,McGlMi00,T,Colton McKivitz,McKiCo00,DL,Arik Armstead,ArmsAr01,DL,Kentavius Street,StreKe00,DL,D.J. Jones,,DL,Kerry Hyder,HydeKe01,LB,Demetrius Flannigan-Fowles,FlanDe00,LB,Fred Warner,WarnFr00,LB,Azeez Al-Shaair,AlShAz00,CB,Jason Verrett,VerrJa00,CB,Ahkello Witherspoon,WithAh00,DB,Tarvarius Moore,MoorTa00,DB,Jimmie Ward,WardJi01,G/C,Ethan Pocic,PociEt00,QB,Russell Wilson,WilsRu00,RB,Chris Carson,CarsCh00,WR,Tyler Lockett,LockTy00,WR,D.K. Metcalf,MetcDK00,TE,Will Dissly,DissWi00,TE,Jacob Hollister,HollJa03,T,Duane Brown,BrowDu20,T,Cedric Ogbuehi,OgbuCe00,G,Jordan Simmons,SimmJo00,G,Damien Lewis,LewiDa05,DE,L.J. Collier,CollLJ00,DE,Carlos Dunlap,DunlCa99,DT,Jarran Reed,ReedJa02,DT,Poona Ford,FordPo00,LB,Bobby Wagner,WagnBo00,LB,K.J. Wright,,LB,Jordyn Brooks,BrooJo01,CB,D.J. Reed,,CB,Shaquill Griffin,GrifSh00,SS,Jamal Adams,AdamJa00,FS,Quandre Diggs,DiggQu00,Referee,Tony Corrente,Umpire,Dan Ferrell,Down Judge,Mark Perlman,Line Judge,Bart Longson,Back Judge,Todd Prukop,Side Judge,Anthony Flemming,Field Judge,Ryan Dickson
202101030tam,2021-01-03,Sunday,1:00pm,Tampa Bay Buccaneers,Atlanta Falcons,tam,atl,44,27,Bruce Arians,Raheem Morris,Raymond James Stadium,16009,3:05,outdoors,grass,"65 degrees, relative humidity 77%, wind 4 mph, wind chill 0",QB,Tom Brady,BradTo00,RB,Leonard Fournette,FourLe00,WR,Antonio Brown,BrowAn04,WR,Chris Godwin,GodwCh00,WR,Mike Evans,EvanMi00,TE,Rob Gronkowski,GronRo00,T,Tristan Wirfs,WirfTr00,T,Donovan Smith,SmitDo02,G,Ali Marpet,MarpAl00,G,Alex Cappa,CappAl00,C,Ryan Jensen,JensRy00,DL,William Gholston,GholWi00,DL,Rakeem Nunez-Roches,NuneRa00,DL,Ndamukong Suh,SuhxNd99,OLB,Anthony Nelson,NelsAn01,OLB,Jason Pierre-Paul,PierJa99,ILB,Lavonte David,DaviLa00,ILB,Kevin Minter,MintKe00,CB,Jamel Dean,DeanJa00,CB,Sean Murphy-Bunting,BuntSe00,S,Jordan Whitehead,WhitJo03,S,Antoine Winfield Jr.,WinfAn00,QB,Matt Ryan,RyanMa00,RB,Todd Gurley,GurlTo01,FB,Keith Smith,SmitKe03,WR,Russell Gage,GageRu00,WR,Calvin Ridley,RidlCa00,TE,Luke Stocker,StocLu00,OL,Matt Hennessy,HennMa00,T,Kaleb McGary,McGaKa00,T,Jake Matthews,MattJa00,G,James Carpenter,CarpJa00,G,Chris Lindstrom,LindCh00,DE,Steven Means,MeanSt00,DE,Dante Fowler,FowlDa00,DT,Grady Jarrett,JarrGr00,DT,Tyeler Davison,DaviTy01,LB,Deion Jones,JoneDe01,LB,Foyesade Oluokun,OluoFo00,CB,Isaiah Oliver,OlivIs00,CB,Kendall Sheffield,ShefKe00,CB,AJ Terrell,TerrAJ00,S,Keanu Neal,NealKe01,S,Ricardo Allen,AlleRi00,Referee,Alex Kemp,Umpire,Carl Paganelli,Down Judge,Dana McKenzie,Line Judge,Jim Mello,Back Judge,Matt Edwards,Side Judge,Jabir Walker,Field Judge,Terry Brown
202101090buf,2021-01-09,Saturday,1:05pm,Buffalo Bills,Indianapolis Colts,buf,clt,27,24,Sean McDermott,Frank Reich,Bills Stadium,6772,3:16,outdoors,astroturf,"34 degrees, relative humidity 59%, wind 6 mph",QB,Josh Allen,AlleJo02,RB,Zack Moss,MossZa00,WR,John Brown,BrowJo02,WR,Gabe Davis,DaviGa01,TE,Lee Smith,SmitLe00,TE,Dawson Knox,KnoxDa00,OL,Daryl Williams,WillDa06,T,Dion Dawkins,DawkDi00,G,Jon Feliciano,FeliJo00,G,Ike Boettger,BoetIk00,C,Mitch Morse,MorsMi00,DE,Jerry Hughes,HughJe99,DE,Mario Addison,AddiMa00,DT,Vernon Butler,ButlVe00,DT,Ed Oliver,OlivEd00,LB,Tremaine Edmunds,EdmuTr01,LB,Matt Milano,MilaMa00,CB,Taron Johnson,JohnTa01,CB,Levi Wallace,WallLe00,CB,Tre'Davious White,WhitTr01,S,Micah Hyde,HydeMi00,S,Jordan Poyer,PoyeJo00,DT/DE,Denico Autry,AutrDe00,T/G,Braden Smith,SmitBr06,G/C,Quenton Nelson,NelsQu00,QB,Philip Rivers,RivePh00,RB,Jonathan Taylor,TaylJo02,WR,T.Y. Hilton,,WR,Michael Pittman Jr.,PittMi01,TE,Jack Doyle,DoylJa00,TE,Mo Alie-Cox,AlieMo00,T,Jared Veldheer,VeldJa20,G,Mark Glowinski,GlowMa00,C,Ryan Kelly,KellRy00,DE,Justin Houston,HousJu00,DT,DeForest Buckner,BuckDe00,DT,Grover Stewart,StewGr00,LB,Shaquille Leonard,LeonDa00,LB,Anthony Walker,WalkAn01,CB,Kenny Moore,MoorKe03,CB,Xavier Rhodes,RhodXa00,CB,T.J. Carrie,CarrTr00,S,Julian Blackmon,BlacJu01,S,Khari Willis,WillKh00,Referee,Brad Allen,Umpire,Paul King,Down Judge,Mark Hittner,Line Judge,Tim Podraza,Back Judge,Tony Josselyn,Side Judge,Anthony Jeffries,Field Judge,Terry Brown
202101090sea,2021-01-09,Saturday,4:40pm,Seattle Seahawks,Los Angeles Rams,sea,ram,20,30,Pete Carroll,Sean McVay,Lumen Field,,3:31,outdoors,fieldturf,"39 degrees, relative humidity 91%, wind 1 mph",G/C,Ethan Pocic,PociEt00,QB,Russell Wilson,WilsRu00,RB,Chris Carson,CarsCh00,WR,David Moore,MoorDa03,WR,D.K. Metcalf,MetcDK00,WR,Tyler Lockett,LockTy00,TE,Jacob Hollister,HollJa03,T,Brandon Shell,ShelBr00,T,Duane Brown,BrowDu20,G,Mike Iupati,IupaMi20,G,Damien Lewis,LewiDa05,DE,Carlos Dunlap,DunlCa99,DE,L.J. Collier,CollLJ00,DT,Poona Ford,FordPo00,DT,Jarran Reed,ReedJa02,LB,K.J. Wright,,LB,Bobby Wagner,WagnBo00,LB,Jordyn Brooks,BrooJo01,CB,D.J. Reed,,CB,Shaquill Griffin,GrifSh00,SS,Jamal Adams,AdamJa00,FS,Quandre Diggs,DiggQu00,QB,John Wolford,WolfJo00,RB,Cam Akers,AkerCa00,WR,Robert Woods,WoodRo02,WR,Cooper Kupp,KuppCo00,TE,Gerald Everett,EverGe00,TE,Tyler Higbee,HigbTy00,OL,Austin Blythe,BlytAu00,OL,Austin Corbett,CorbAu00,OL,David Edwards,EdwaDa01,OL,Rob Havenstein,HaveRo00,OL,Andrew Whitworth,WhitAn20,DL,Michael Brockers,BrocMi00,DL,Aaron Donald,DonaAa00,DL,Sebastian Joseph-Day,JoseSe00,OLB,Leonard Floyd,FloyLe00,ILB,Kenny Young,YounKe03,ILB,Troy Reeder,ReedTr01,CB,Jalen Ramsey,RamsJa00,CB,Darious Williams,WillDa09,CB,Troy Hill,HillTr01,S,John Johnson,JohnJo10,S,Jordan Fuller,FullJo01,Referee,John Hussey,Umpire,Tony Michalek,Down Judge,Patrick Holt,Line Judge,Jim Mello,Back Judge,Rich Martinez,Side Judge,Jabir Walker,Field Judge,Steve Zimmer
202101090was,2021-01-09,Saturday,8:15pm,Washington Football Team,Tampa Bay Buccaneers,was,tam,23,31,Ron Rivera,Bruce Arians,FedExField,,3:19,outdoors,grass,"40 degrees, relative humidity 47%, wind 10 mph",QB,Taylor Heinicke,HeinTa00,RB,Antonio Gibson,GibsAn00,WR,Isaiah Wright,WrigIs01,WR,Cam Sims,SimsCa00,WR,Terry McLaurin,McLaTe00,TE,Logan Thomas,ThomLo00,T,Cornelius Lucas,LucaCo01,T,Morgan Moses,MoseMo00,G,Wes Schweitzer,SchwWe00,G,Brandon Scherff,ScheBr00,C,Chase Roullier,RoulCh00,DE,Chase Young,YounCh04,DE,Montez Sweat,SweaMo00,DT,Daron Payne,PaynDa00,DT,Jonathan Allen,AlleJo01,LB,Mychal Kendricks,KendMy00,LB,Cole Holcomb,HolcCo00,LB,Jonathan Bostic,BostJo00,CB,Kendall Fuller,FullKe00,CB,Ronald Darby,DarbRo00,S,Jeremy Reaves,ReavJe00,S,Kamren Curl,CurlKa00,QB,Tom Brady,BradTo00,RB,Leonard Fournette,FourLe00,WR,Chris Godwin,GodwCh00,WR,Mike Evans,EvanMi00,TE,Rob Gronkowski,GronRo00,TE,Cameron Brate,BratCa00,T,Tristan Wirfs,WirfTr00,T,Donovan Smith,SmitDo02,G,Ali Marpet,MarpAl00,G,Alex Cappa,CappAl00,C,Ryan Jensen,JensRy00,DL,Rakeem Nunez-Roches,NuneRa00,DL,Ndamukong Suh,SuhxNd99,OLB,Jason Pierre-Paul,PierJa99,ILB,Kevin Minter,MintKe00,ILB,Lavonte David,DaviLa00,LB,Shaquil Barrett,BarrSh00,CB,Sean Murphy-Bunting,BuntSe00,CB,Carlton Davis,DaviCa02,CB,Jamel Dean,DeanJa00,S,Jordan Whitehead,WhitJo03,S,Antoine Winfield Jr.,WinfAn00,Referee,Scott Novak,Umpire,Bruce Stritesky,Down Judge,Derick Bowers,Line Judge,Bart Longson,Back Judge,Terrence Miles,Side Judge,Chad Hill,Field Judge,Dale Shaw
202101100nor,2021-01-10,Sunday,4:40pm,New Orleans Saints,Chicago Bears,nor,chi,21,9,Sean Payton,Matt Nagy,Mercedes-Benz Superdome,3000,3:10,dome,astroturf,,C/G,Cesar Ruiz,RuizCe00,G/T,Andrus Peat,PeatAn00,C/G,Erik McCoy,McCoEr01,QB,Drew Brees,BreeDr00,QB,Taysom Hill,HillTa00,RB,Latavius Murray,MurrLa00,WR,Michael Thomas,ThomMi05,WR,Emmanuel Sanders,SandEm00,TE,Jared Cook,CookJa02,T,Terron Armstead,ArmsTe00,T,Ryan Ramczyk,RamcRy00,DE,Cameron Jordan,JordCa00,DE,Marcus Davenport,DaveMa00,DT,David Onyemata,OnyeDa00,DT,Malcom Brown,BrowMa01,LB,Alex Anzalone,AnzaAl00,LB,Demario Davis,DaviDe00,CB,Marshon Lattimore,LattMa01,CB,Jackrabbit Jenkins,JenkJa03,DB,C.J. Gardner-Johnson,GardCh00,S,Malcolm Jenkins,JenkMa99,S,Marcus Williams,WillMa06,QB,Mitchell Trubisky,TrubMi00,RB,David Montgomery,MontDa01,WR,Allen Robinson,RobiAl02,WR,Riley Ridley,RidlRi00,WR,Anthony Miller,MillAn02,TE,Cole Kmet,KmetCo00,OL,Sam Mustipher,MustSa01,OL,Cody Whitehair,WhitCo03,OL,Alex Bars,BarsAl01,OL,Charles Leno Jr.,LenoCh00,OL,Germain Ifedi,IfedGe00,DE,Brent Urban,UrbaBr00,DT,Bilal Nichols,NichBi00,DT,Akiem Hicks,HickAk00,LB,Khalil Mack,MackKh00,LB,Robert Quinn,QuinRo00,LB,Manti Te'o,TeoxMa00,LB,Danny Trevathan,TrevDa00,DB,Eddie Jackson,JackEd01,DB,Tashaun Gipson,GipsTa00,DB,Kindle Vildor,VildKi00,DB,Kyle Fuller,FullKy00,Referee,Alex Kemp,Umpire,Dan Ferrell,Down Judge,Dana McKenzie,Line Judge,Greg Bradley,Back Judge,Scott Helverson,Side Judge,Dave Hawkshaw,Field Judge,Nathan Jones
202101100oti,2021-01-10,Sunday,1:05pm,Tennessee Titans,Baltimore Ravens,oti,rav,13,20,Mike Vrabel,John Harbaugh,Nissan Stadium,14029,2:45,outdoors,grass,"33 degrees, relative humidity 63%, wind 1 mph",FB/RB,Khari Blasingame,BlasKh00,QB,Ryan Tannehill,TannRy00,RB,Derrick Henry,HenrDe00,WR,A.J. Brown,BrowAJ00,TE,Geoff Swaim,SwaiGe00,TE,Jonnu Smith,SmitJo01,OL,Nate Davis,DaviNa01,OL,David Quessenberry,QuesDa00,T,Dennis Kelly,KellDe00,G,Rodger Saffold,SaffRo20,C,Ben Jones,JoneBe01,DL,DaQuan Jones,JoneDa04,DE,Matt Dickerson,DickMa00,DT,Jeffery Simmons,SimmJe01,OLB,Harold Landry,LandHa00,LB,David Long,LongDa04,LB,Rashaan Evans,EvanRa01,LB,Nick Dzubnar,DzubNi00,CB,Adoree' Jackson,JackAd00,CB,Malcolm Butler,ButlMa01,S,Kevin Byard,ByarKe01,S,Kenny Vaccaro,VaccKe00,G/C,Bradley Bozeman,BozeBr00,G/T,Tyre Phillips,PhilTy00,G/C,Patrick Mekari,MekaPa00,QB,Lamar Jackson,JackLa00,RB,J.K. Dobbins,DobbJK00,FB,Patrick Ricard,RicaPa00,WR,Miles Boykin,BoykMi00,TE,Mark Andrews,AndrMa00,TE,Eric Tomlinson,TomlEr01,T,Orlando Brown Jr.,BrowOr00,G,Ben Powers,PoweBe00,DE,Calais Campbell,CampCa99,DE,Derek Wolfe,WolfDe00,DT,Brandon Williams,WillBr02,OLB,Pernell McPhee,McPhPe00,ILB,L.J. Fort,,ILB,Malik Harrison,HarrMa06,LB,Matt Judon,JudoMa00,CB,Marlon Humphrey,HumpMa00,CB,Marcus Peters,PeteMa00,S,DeShon Elliott,ElliDe02,S,Chuck Clark,ClarCh00,Referee,Jerome Boger,Umpire,Carl Paganelli,Down Judge,Brian Bolinger,Line Judge,Walt Coleman IV,Back Judge,Brad Freeman,Side Judge,Keith Washington,Field Judge,Mike Weatherford
202101100pit,2021-01-10,Sunday,8:15pm,Pittsburgh Steelers,Cleveland Browns,pit,cle,37,48,Mike Tomlin,Kevin Stefanski,Heinz Field,,3:23,outdoors,grass,"34 degrees, relative humidity 72%, wind 1 mph",QB,Ben Roethlisberger,RoetBe00,RB,James Conner,ConnJa00,WR,Chase Claypool,ClayCh01,WR,Diontae Johnson,JohnDi01,WR,JuJu Smith-Schuster,SmitJu00,TE,Vance McDonald,McDoVa00,OL,Chukwuma Okorafor,OkorCh00,OT,Alejandro Villanueva,VillAl00,T,Matt Feiler,FeilMa00,G,David DeCastro,DeCaDa00,C,Maurkice Pouncey,PounMa20,DE,Tyson Alualu,AluaTy99,DE,Stephon Tuitt,TuitSt00,DT,Cameron Heyward,HeywCa01,LB,Vince Williams,WillVi01,LB,T.J. Watt,,LB,Robert Spillane,SpilRo00,LB,Alex Highsmith,HighAl02,CB,Cameron Sutton,SuttCa00,CB,Steven Nelson,NelsSt01,S,Minkah Fitzpatrick,FitzMi00,S,Terrell Edmunds,EdmuTe00,QB,Baker Mayfield,MayfBa00,RB,Nick Chubb,ChubNi00,WR,Donovan Peoples-Jones,PeopDo00,TE,Harrison Bryant,BryaHa00,TE,David Njoku,NjokDa00,TE,Austin Hooper,HoopAu00,T,Jedrick Wills Jr.,WillJe04,T,Jack Conklin,ConkJa00,G,Michael Dunn,DunnMi01,G,Wyatt Teller,TellWy00,C,J.C. Tretter,TretJC00,DE,Myles Garrett,GarrMy00,DE,Adrian Clayborn,ClayAd00,DT,Larry Ogunjobi,OgunLa00,DT,Sheldon Richardson,RichSh00,LB,B.J. Goodson,,LB,Sione Takitaki,TakiSi00,CB,Robert Jackson,JackRo00,CB,Terrance Mitchell,MitcTe00,CB,M.J. Stewart,,S,Karl Joseph,JoseKa00,S,Sheldrick Redwine,RedwSh00,Referee,Shawn Smith,Umpire,Bryan Neale,Down Judge,Kent Payne,Line Judge,Mark Stewart,Back Judge,Greg Wilson,Side Judge,Don Willard,Field Judge,Dyrol Prioleau
