GameId,GameDate,DayOfWeek,StartTime,HomeTeam,AwayTeam,HomeTeamCode,AwayTeamCode,HomeScore,AwayScore,HomeCoach,AwayCoach,Stadium,Attendance,Duration,Roof,Surface,Weather,HomeOff01_Position,HomeOff01_Name,HomeOff01_ID,HomeOff02_Position,HomeOff02_Name,HomeOff02_ID,HomeOff03_Position,HomeOff03_Name,HomeOff03_ID,HomeOff04_Position,HomeOff04_Name,HomeOff04_ID,HomeOff05_Position,HomeOff05_Name,HomeOff05_ID,HomeOff06_Position,HomeOff06_Name,HomeOff06_ID,HomeOff07_Position,HomeOff07_Name,HomeOff07_ID,HomeOff08_Position,HomeOff08_Name,HomeOff08_ID,HomeOff09_Position,HomeOff09_Name,HomeOff09_ID,HomeOff10_Position,HomeOff10_Name,HomeOff10_ID,HomeOff11_Position,HomeOff11_Name,HomeOff11_ID,HomeDef01_Position,HomeDef01_Name,HomeDef01_ID,HomeDef02_Position,HomeDef02_Name,HomeDef02_ID,HomeDef03_Position,HomeDef03_Name,HomeDef03_ID,HomeDef04_Position,HomeDef04_Name,HomeDef04_ID,HomeDef05_Position,HomeDef05_Name,HomeDef05_ID,HomeDef06_Position,HomeDef06_Name,HomeDef06_ID,HomeDef07_Position,HomeDef07_Name,HomeDef07_ID,HomeDef08_Position,HomeDef08_Name,HomeDef08_ID,HomeDef09_Position,HomeDef09_Name,HomeDef09_ID,HomeDef10_Position,HomeDef10_Name,HomeDef10_ID,HomeDef11_Position,HomeDef11_Name,HomeDef11_ID,AwayOff01_Position,AwayOff01_Name,AwayOff01_ID,AwayOff02_Position,AwayOff02_Name,AwayOff02_ID,AwayOff03_Position,AwayOff03_Name,AwayOff03_ID,AwayOff04_Position,AwayOff04_Name,AwayOff04_ID,AwayOff05_Position,AwayOff05_Name,AwayOff05_ID,AwayOff06_Position,AwayOff06_Name,AwayOff06_ID,AwayOff07_Position,AwayOff07_Name,AwayOff07_ID,AwayOff08_Position,AwayOff08_Name,AwayOff08_ID,AwayOff09_Position,AwayOff09_Name,AwayOff09_ID,AwayOff10_Position,AwayOff10_Name,AwayOff10_ID,AwayOff11_Position,AwayOff11_Name,AwayOff11_ID,AwayDef01_Position,AwayDef01_Name,AwayDef01_ID,AwayDef02_Position,AwayDef02_Name,AwayDef02_ID,AwayDef03_Position,AwayDef03_Name,AwayDef03_ID,AwayDef04_Position,AwayDef04_Name,AwayDef04_ID,AwayDef05_Position,AwayDef05_Name,AwayDef05_ID,AwayDef06_Position,AwayDef06_Name,AwayDef06_ID,AwayDef07_Position,AwayDef07_Name,AwayDef07_ID,AwayDef08_Position,AwayDef08_Name,AwayDef08_ID,AwayDef09_Position,AwayDef09_Name,AwayDef09_ID,AwayDef10_Position,AwayDef10_Name,AwayDef10_ID,AwayDef11_Position,AwayDef11_Name,AwayDef11_ID,Official01_Role,Official01_Name,Official02_Role,Official02_Name,Official03_Role,Official03_Name,Official04_Role,Official04_Name,Official05_Role,Official05_Name,Official06_Role,Official06_Name,Official07_Role,Official07_Name
202409050kan,2024-09-05,Thursday,8:20pm,Kansas City Chiefs,Baltimore Ravens,kan,rav,27,20,Andy Reid,John Harbaugh,GEHA Field at Arrowhead Stadium,73611,3:10,outdoors,grass,"67 degrees, relative humidity 53%, wind 8 mph",QB,Patrick Mahomes,MahoPa00,RB,Isiah Pacheco,PachIs00,WR,Xavier Worthy,WortXa00,WR,JuJu Smith-Schuster,SmitJu00,WR,Rashee Rice,RiceRa01,TE,Travis Kelce,KelcTr00,T,Jawaan Taylor,TaylJa02,T,Kingsley Suamataia,SuamKi00,G,Joe Thuney,ThunJo00,G,Trey Smith,SmitTr05,C,Creed Humphrey,HumpCr00,DE,Michael Danna,DannMi00,DE,George Karlaftis III,KarlGe00,DT,Mike Pennel,PennMi00,DT,Chris Jones,JoneCh09,LB,Nick Bolton,BoltNi00,LB,Drue Tranquill,TranDr00,LB,Leo Chenal,ChenLe00,CB,Trent McDuffie,McDuTr00,CB,Jaylen Watson,WatsJa02,S,Justin Reid,ReidJu00,S,Bryan Cook,CookBr02,QB,Lamar Jackson,JackLa00,RB,Derrick Henry,HenrDe00,WR,Rashod Bateman,BateRa00,WR,Zay Flowers,FlowZa00,TE,Mark Andrews,AndrMa00,TE,Isaiah Likely,LikeIs00,OL,Patrick Mekari,MekaPa00,OL,Andrew Vorhees,VorhAn00,T,Ronnie Stanley,StanRo00,T,Daniel Faalele,FaalDa00,C,Tyler Linderbaum,LindTy00,DT,Travis Jones,JoneTr00,DT,Nnamdi Madubuike,MaduJu00,OLB,Kyle Van Noy,VanNKy00,OLB,Odafe Oweh,OwehJa00,LB,Trenton Simpson,SimpTr00,LB,Roquan Smith,SmitRo07,CB,Jalyn Armour-Davis,ArmoJa00,CB,Marlon Humphrey,HumpMa00,DB,Brandon Stephens,StepBr01,S,Kyle Hamilton,HamiKy00,S,Marcus Williams,WillMa06,Referee,Shawn Hochuli,Umpire,Terry Killens,Down Judge,Patrick Holt,Line Judge,Tim Podraza,Back Judge,Jimmy Russell,Side Judge,Jim Quirk,Field Judge,Jason Ledet
202409060phi,2024-09-06,Friday,8:15pm,Philadelphia Eagles,Green Bay Packers,phi,gnb,34,29,Nick Sirianni,Matt LaFleur,Neo Quimica Arena,47236,3:29,outdoors,grass,"63 degrees, relative humidity 87%, wind 4 mph",QB,Jalen Hurts,HurtJa00,RB,Saquon Barkley,BarkSa00,WR,DeVonta Smith,SmitDe07,WR,A.J. Brown,BrowAJ00,TE,Grant Calcaterra,CalcGr00,TE,Dallas Goedert,GoedDa00,OL,Cam Jurgens,JurgCa01,T,Mekhi Becton,BectMe00,T,Jordan Mailata,MailJo00,T,Lane Johnson,JohnLa01,G,Landon Dickerson,DickLa00,DE,Bryce Huff,HuffBr00,DT,Milton Williams,WillMi08,DT,Jordan Davis,DaviJo03,DT,Jalen Carter,CartJa05,OLB,Josh Sweat,SweaJo00,LB,Nakobe Dean,DeanNa00,LB,Zack Baun,BaunZa00,CB,Quinyon Mitchell,MitcQu00,CB,Darius Slay,SlayDa00,S,C.J. Gardner-Johnson,GardCh00,S,Reed Blankenship,BlanRe00,QB,Jordan Love,LoveJo03,RB,Josh Jacobs,JacoJo01,WR,Christian Watson,WatsCh00,WR,Romeo Doubs,DoubRo00,TE,Tucker Kraft,KrafTu00,TE,Luke Musgrave,MusgLu00,OL,Elgton Jenkins,JenkEl00,OL,Josh Myers,MyerJo00,OL,Zach Tom,TomxZa00,T,Rasheed Walker,WalkRa00,OG,Sean Rhyan,RhyaSe00,DL,Rashan Gary,GaryRa00,DL,Kenny Clark,ClarKe01,DL,Tedarrell Slaton,SlatTe00,DL,Preston Smith,SmitPr00,LB,Eric Wilson,WilsEr00,LB,Quay Walker,WalkQu00,LB,Isaiah McDuffie,McDuIs00,CB,Eric Stokes,StokEr00,CB,Jaire Alexander,AlexJa00,S,Xavier McKinney,McKiXa00,S,Javon Bullard,BullJa00,Referee,Ron Torbert,Umpire,Barry Anderson,Down Judge,Frank LeBlanc,Line Judge,Brian Bolinger,Back Judge,Tony Josselyn,Side Judge,Keith Washington,Field Judge,Ryan Dickson
202409080atl,2024-09-08,Sunday,1:00pm,Atlanta Falcons,Pittsburgh Steelers,atl,pit,10,18,Raheem Morris,Mike Tomlin,Mercedes-Benz Stadium,72291,2:56,retractable roof (closed),fieldturf,,QB,Kirk Cousins,CousKi00,RB,Bijan Robinson,RobiBi01,WR,Darnell Mooney,MoonDa00,WR,Drake London,LondDr00,TE,Charlie Woerner,WoerCh00,TE,Kyle Pitts,PittKy00,OL,Matthew Bergeron,BergMa00,OL,Drew Dalman,DalmDr00,T,Jake Matthews,MattJa00,T,Kaleb McGary,McGaKa00,G,Chris Lindstrom,LindCh00,DL,Grady Jarrett,JarrGr00,DL,Eddie Goldman,GoldEd00,DL,David Onyemata,OnyeDa00,OLB,Matt Judon,JudoMa00,OLB,Lorenzo Carter,CartLo01,LB,Nathan Landman,LandNa01,LB,Kaden Elliss,ElliKa00,CB,Mike Hughes,HughMi00,CB,AJ Terrell,TerrAJ00,S,Justin Simmons,SimmJu00,S,Jessie Bates III,BateJe00,QB,Justin Fields,FielJu00,RB,Najee Harris,HarrNa00,WR,George Pickens,PickGe00,WR,Van Jefferson,JeffVa00,TE,Darnell Washington,WashDa03,TE,MyCole Pruitt,PruiMy00,OL,Spencer Anderson,AndeSp00,OL,James Daniels,DaniJa01,OT,Dan Moore,MoorDa05,OT,Broderick Jones,JoneBr09,C,Zach Frazier,FrazZa00,DL,Keeanu Benton,BentKe00,DT,Larry Ogunjobi,OgunLa00,DT,Cameron Heyward,HeywCa01,LB,Alex Highsmith,HighAl02,LB,Patrick Queen,QueePa00,LB,Elandon Roberts,RobeEl00,LB,T.J. Watt,,CB,Donte Jackson,JackDo02,CB,Joey Porter Jr.,PortJo02,S,Minkah Fitzpatrick,FitzMi00,S,DeShon Elliott,ElliDe02,Referee,Brad Rogers,Umpire,Bryan Neale,Down Judge,Kent Payne,Line Judge,Kevin Codey,Back Judge,Greg Yette,Side Judge,Anthony Jeffries,Field Judge,Joe Blubaugh
202409080buf,2024-09-08,Sunday,1:00pm,Buffalo Bills,Arizona Cardinals,buf,crd,34,28,Sean McDermott,Jonathan Gannon,Highmark Stadium,70542,2:59,outdoors,a_turf,"61 degrees, relative humidity 55%, wind 20 mph",QB,Josh Allen,AlleJo02,RB,James Cook,CookJa01,WR,Keon Coleman,ColeKe02,WR,Khalil Shakir,ShakKh00,TE,Dawson Knox,KnoxDa00,TE,Dalton Kincaid,KincDa00,T,Spencer Brown,BrowSp00,T,Dion Dawkins,DawkDi00,G,Connor McGovern,McGoCo01,G,O'Cyrus Torrence,TorrOC00,G,David Edwards,EdwaDa01,DE,A.J. Epenesa,EpenAJ00,DE,Gregory Rousseau,RousGr00,DT,DaQuan Jones,JoneDa04,DT,Ed Oliver,OlivEd00,LB,Terrel Bernard,BernTe00,LB,Dorian Williams,WillDo04,CB,Taron Johnson,JohnTa01,CB,Rasul Douglas,DougRa00,CB,Christian Benford,BenfCh00,S,Taylor Rapp,RappTa00,S,Damar Hamlin,HamlDa00,QB,Kyler Murray,MurrKy00,RB,James Conner,ConnJa00,WR,Michael Wilson,WilsMi02,WR,Greg Dortch,DortGr01,WR,Marvin Harrison Jr.,HarrMa09,TE,Trey McBride,McBrTr01,OL,Evan Brown,BrowEv00,OL,Jonah Williams,WillJo10,OL,Paris Johnson,JohnPa03,OL,Will Hernandez,HernWi00,OL,Hjalte Froholdt,FrohHj00,DL,Justin Jones,JoneJu03,DL,Roy Lopez,LopeRo00,DL,L.J. Collier,CollLJ00,OLB,Zaven Collins,CollZa00,LB,Kyzir White,WhitKy00,LB,Mack Wilson,WilsMa03,CB,Starling Thomas,ThomSt01,CB,Garrett Williams,WillGa00,CB,Sean Murphy-Bunting,BuntSe00,S,Jalen Thompson,ThomJa04,S,Budda Baker,BakeBu00,Referee,Tra Blake,Umpire,Carl Paganelli,Down Judge,Patrick Turner,Line Judge,Tom Eaton,Back Judge,Grantis Bell,Side Judge,Don Willard,Field Judge,Mearl Robinson
202409080chi,2024-09-08,Sunday,1:00pm,Chicago Bears,Tennessee Titans,chi,oti,24,17,Matt Eberflus,Brian Callahan,Soldier Field,59403,3:00,outdoors,grass,"67 degrees, relative humidity 43%, wind 8 mph",QB,Caleb Williams,WillCa03,RB,D'Andre Swift,SwifDA00,WR,Keenan Allen,AlleKe00,WR,D.J. Moore,,TE,Gerald Everett,EverGe00,TE,Marcedes Lewis,LewiMa00,OL,Darnell Wright,WrigDa00,OL,Nate Davis,DaviNa01,OL,Coleman Shelton,ShelCo00,OL,Teven Jenkins,JenkTe00,OL,Braxton Jones,JoneBr08,DL,Andrew Billings,BillAn00,DL,DeMarcus Walker,WalkDe03,DL,Montez Sweat,SweaMo00,DL,Gervon Dexter,DextGe00,LB,T.J. Edwards,EdwaTJ02,LB,Tremaine Edmunds,EdmuTr01,DB,Jaylon Johnson,JohnJa13,DB,Kyler Gordon,GordKy00,DB,Terell Smith,SmitTe05,DB,Kevin Byard,ByarKe01,DB,Jaquan Brisker,BrisJa01,QB,Will Levis,LeviWi00,RB,Tony Pollard,PollTo00,WR,Tyler Boyd,BoydTy00,WR,Calvin Ridley,RidlCa00,WR,DeAndre Hopkins,HopkDe00,TE,Chigoziem Okonkwo,OkonCh00,OL,Peter Skoronski,SkorPe00,OL,Dillon Radunz,RaduDi00,OL,Nicholas Petit-Frere,PetiNi00,OT,JC Latham,LathJC00,C,Lloyd Cushenberry III,CushLl00,DL,Sebastian Joseph-Day,JoseSe00,DT,T'Vondre Sweat,SweaTV01,DT,Jeffery Simmons,SimmJe01,OLB,Harold Landry,LandHa00,OLB,Arden Key,KeyxAr00,LB,Kenneth Murray,MurrKe00,LB,Jack Gibbens,GibbJa00,CB,Chidobe Awuzie,AwuzCh00,CB,L'Jarius Sneed,SneeLJ00,FS,Quandre Diggs,DiggQu00,S,Amani Hooker,HookAm00,Referee,Shawn Smith,Umpire,Alex Moore,Down Judge,Jay Bilbo,Line Judge,Jeff Seeman,Back Judge,Dino Paganelli,Side Judge,Boris Cheek,Field Judge,Dyrol Prioleau
202409080cin,2024-09-08,Sunday,1:00pm,Cincinnati Bengals,New England Patriots,cin,nwe,10,16,Zac Taylor,Jerod Mayo,Paycor Stadium,66214,2:49,outdoors,fieldturf,"66 degrees, relative humidity 40%, wind 5 mph",QB,Joe Burrow,BurrJo01,RB,Zack Moss,MossZa00,WR,Trenton Irwin,IrwiTr00,WR,Ja'Marr Chase,ChasJa00,WR,Andrei Iosivas,IosiAn00,TE,Drew Sample,SampDr00,OT,Orlando Brown Jr.,BrowOr00,OT,Trent Brown,BrowTr02,G,Alex Cappa,CappAl00,G,Cordell Volson,VolsCo02,C,Ted Karras,KarrTe00,DE,Sam Hubbard,HubbSa00,DE,Trey Hendrickson,HendTr00,DT,B.J. Hill,,DT,Sheldon Rankins,RankSh00,LB,Germaine Pratt,PratGe00,LB,Logan Wilson,WilsLo00,CB,Daxton Hill,HillDa04,CB,Mike Hilton,HiltMi01,CB,Cam Taylor-Britt,TaylCa01,S,Vonn Bell,BellVo00,S,Geno Stone,StonGe00,QB,Jacoby Brissett,BrisJa00,RB,Rhamondre Stevenson,StevRh00,WR,Demario Douglas,DougDe00,WR,Tyquan Thornton,ThorTy00,WR,K.J. Osborn,OsboKJ00,TE,Hunter Henry,HenrHu00,OL,Michael Onwenu,OnweMi00,T,Chukwuma Okorafor,OkorCh00,G,Layden Robinson,RobiLa02,G,Michael Jordan,JordMi01,C,David Andrews,AndrDa00,DE,Keion White,WhitKe03,DT,Daniel Ekuale,EkuaDa00,DT,Davon Godchaux,GodcDa00,LB,Ja'Whaun Bentley,BentJa00,LB,Jahlani Tavai,TavaJa00,LB,Anfernee Jennings,JennAn00,CB,Marcus Jones,JoneMa06,CB,Jonathan Jones,JoneJo03,CB,Christian Gonzalez,GonzCh00,S,Jabrill Peppers,PeppJa00,S,Kyle Dugger,DuggKy00,Referee,Land Clark,Umpire,Paul King,Down Judge,Tom Stephan,Line Judge,Jeff Hutcheon,Back Judge,Brad Freeman,Side Judge,Dominique Pender,Field Judge,Jabir Walker
202409080cle,2024-09-08,Sunday,4:25pm,Cleveland Browns,Dallas Cowboys,cle,dal,17,33,Kevin Stefanski,Mike McCarthy,Huntington Bank Field,67431,3:19,outdoors,grass,"68 degrees, relative humidity 41%, wind 15 mph",QB,Deshaun Watson,WatsDe00,RB,Jerome Ford,FordJe00,WR,Elijah Moore,MoorEl00,WR,Jerry Jeudy,JeudJe00,WR,Amari Cooper,CoopAm00,TE,David Njoku,NjokDa00,T,James Hudson,HudsJa00,T,Dawand Jones,JoneDa07,G,Joel Bitonio,BitoJo00,G,Wyatt Teller,TellWy00,C,Ethan Pocic,PociEt00,DE,Za'Darius Smith,SmitZa00,DE,Myles Garrett,GarrMy00,DT,Maurice Hurst Jr.,HursMa00,DT,Dalvin Tomlinson,TomlDa00,LB,Jordan Hicks,HickJo00,LB,Jeremiah Owusu-Koramoah,OwusJe00,CB,Greg Newsome II,NewsGr00,CB,Martin Emerson,EmerMa00,CB,Denzel Ward,WardDe02,S,Grant Delpit,DelpGr00,S,Juan Thornhill,ThorJu00,QB,Dak Prescott,PresDa01,RB,Ezekiel Elliott,ElliEz00,WR,Brandin Cooks,CookBr00,WR,Jalen Tolbert,TolbJa00,WR,CeeDee Lamb,LambCe00,TE,Jake Ferguson,FergJa00,OL,Tyler Smith,SmitTy02,OT,Tyler Guyton,GuytTy00,T,Terence Steele,SteeTe01,OG,Cooper Beebe,BeebCo00,G,Zack Martin,MartZa00,DE,DeMarcus Lawrence,LawrDe00,DT,Osa Odighizuwa,OdigOs00,DT,Mazi Smith,SmitMa06,MLB,Eric Kendricks,KendEr00,LB,DeMarvion Overshown,OverDe00,LB,Micah Parsons,ParsMi00,CB,Caelen Carson,CarsCa01,CB,Jourdan Lewis,LewiJo01,CB,Trevon Diggs,DiggTr00,S,Malik Hooker,HookMa00,S,Donovan Wilson,WilsDo01,Referee,Clete Blakeman,Umpire,Scott Campbell,Down Judge,Dana McKenzie,Line Judge,Julian Mapp,Back Judge,Jonah Monroe,Side Judge,James Coleman,Field Judge,Karina Tovar
202409080clt,2024-09-08,Sunday,1:00pm,Indianapolis Colts,Houston Texans,clt,htx,27,29,Shane Steichen,DeMeco Ryans,Lucas Oil Stadium,65306,3:02,retractable roof (open),fieldturf,,QB,Anthony Richardson,RichAn03,RB,Jonathan Taylor,TaylJo02,WR,Adonai Mitchell,MitcAd00,WR,Alec Pierce,PierAl00,WR,Michael Pittman Jr.,PittMi01,TE,Mo Alie-Cox,AlieMo00,OL,Will Fries,FrieWi00,T,Braden Smith,SmitBr06,T,Bernhard Raimann,RaimBe00,G,Quenton Nelson,NelsQu00,C,Ryan Kelly,KellRy00,DE,Tyquan Lewis,LewiTy00,DE,Kwity Paye,PayeKw00,DT,Grover Stewart,StewGr00,DT,DeForest Buckner,BuckDe00,LB,E.J. Speed,SpeeEJ00,LB,Zaire Franklin,FranZa00,CB,Kenny Moore,MoorKe03,CB,Jaylon Jones,JoneJa13,CB,Julius Brents,BrenJu00,S,Nick Cross,CrosNi00,S,Julian Blackmon,BlacJu01,QB,C.J. Stroud,StroCJ00,RB,Joe Mixon,MixoJo00,WR,Nico Collins,CollNi00,WR,Tank Dell,DellNa00,WR,Stefon Diggs,DiggSt00,TE,Dalton Schultz,SchuDa00,OL,Juice Scruggs,ScruJu00,T,Laremy Tunsil,TunsLa00,T,Tytus Howard,HowaTy00,G,Kenyon Green,GreeKe03,G,Shaq Mason,MasoSh01,DE,Will Anderson,AndeWi01,DE,Danielle Hunter,HuntDa01,DT,Folorunso Fatukasi,FatuFo00,DT,Mario Edwards,EdwaMa01,LB,Henry To'oTo'o,TooTHe00,LB,Azeez Al-Shaair,AlShAz00,CB,Kamari Lassiter,LassKa00,CB,Derek Stingley Jr.,StinDe00,S,Eric Murray,MurrEr00,S,Jalen Pitre,PitrJa00,S,Jimmie Ward,WardJi01,Referee,John Hussey,Umpire,Tony Michalek,Down Judge,Max Causey,Line Judge,Carl Johnson,Back Judge,Matt Edwards,Side Judge,Allen Baynes,Field Judge,Anthony Flemming
202409080det,2024-09-08,Sunday,8:20pm,Detroit Lions,Los Angeles Rams,det,ram,26,20,Dan Campbell,Sean McVay,Ford Field,66530,3:14,dome,fieldturf,,QB,Jared Goff,GoffJa00,RB,David Montgomery,MontDa01,WR,Jameson Williams,WillJa11,WR,Amon-Ra St. Brown,StxxAm00,TE,Brock Wright,WrigBr01,TE,Sam LaPorta,LaPoSa01,OL,Graham Glasgow,GlasGr00,T,Penei Sewell,SewePe00,T,Taylor Decker,DeckTa00,G,Kevin Zeitler,ZeitKe00,C,Frank Ragnow,RagnFr00,DL,Aidan Hutchinson,HutcAi00,DL,Alim McNeill,McNeAl00,DL,Levi Onwuzurike,OnwuLe00,DL,Kyle Peko,PekoKy00,LB,Jack Campbell,CampJa04,LB,Derrick Barnes,BarnDe02,LB,Alex Anzalone,AnzaAl00,CB,Carlton Davis,DaviCa02,CB,Terrion Arnold,ArnoTe00,DB,Brian Branch,BranBr00,S,Kerby Joseph,JoseKe03,QB,Matthew Stafford,StafMa00,RB,Kyren Williams,WillKy02,WR,Cooper Kupp,KuppCo00,WR,Puka Nacua,NacuPu00,WR,Demarcus Robinson,RobiDe01,TE,Colby Parkinson,ParkCo02,OL,Steve Avila,AvilSt00,OL,Kevin Dotson,DotsKe00,OL,Warren McClendon,McClWa00,OL,Joseph Noteboom,NoteJo00,G,Jonah Jackson,JackJo03,DE,Kobie Turner,TurnKo00,DE,Braden Fiske,FiskBr00,NT,Bobby Brown,BrowBo04,OLB,Jared Verse,VersJa00,OLB,Byron Young,YounBy01,LB,Troy Reeder,ReedTr01,LB,Christian Rozeboom,RozeCh00,DB,Quentin Lake,LakeQu00,DB,Cobie Durant,DuraDe01,DB,Tre'Davious White,WhitTr01,DB,Kamren Curl,CurlKa00,Referee,Adrian Hill,Umpire,Roy Ellison,Down Judge,David Oliver,Line Judge,Greg Bradley,Back Judge,Greg Steed,Side Judge,Clay Reynard,Field Judge,Tra Boger
202409080mia,2024-09-08,Sunday,1:00pm,Miami Dolphins,Jacksonville Jaguars,mia,jax,20,17,Mike McDaniel,Doug Pederson,Hard Rock Stadium,65582,3:03,outdoors,grass,"91 degrees, relative humidity 57%, wind 10 mph",QB,Tua Tagovailoa,TagoTu00,RB,Raheem Mostert,MostRa00,WR,Jaylen Waddle,WaddJa00,WR,Tyreek Hill,HillTy00,TE,Durham Smythe,SmytDu00,TE,Julian Hill,HillJu02,OL,Aaron Brewer,BrewAa01,OL,Robert Jones,JoneRo02,OL,Austin Jackson,JackAu00,OL,Liam Eichenberg,EichLi00,T,Terron Armstead,ArmsTe00,DT,Zach Sieler,SielZa00,DT,Calais Campbell,CampCa99,LB,David Long,LongDa04,LB,Emmanuel Ogbah,OgbaEm00,LB,Jaelan Phillips,PhilJa02,LB,Jordyn Brooks,BrooJo01,CB,Kendall Fuller,FullKe00,CB,Kader Kohou,KohoKa00,CB,Jalen Ramsey,RamsJa00,S,Jevon Holland,HollJe02,S,Jordan Poyer,PoyeJo00,QB,Trevor Lawrence,LawrTr00,RB,Travis Etienne,EtieTr00,WR,Gabriel Davis,DaviGa01,WR,Christian Kirk,KirkCh01,TE,Evan Engram,EngrEv00,TE,Luke Farrell,FarrLu00,OL,Ezra Cleveland,ClevEz00,OL,Brandon Scherff,ScheBr00,OL,Cam Robinson,RobiCa00,T,Anton Harrison,HarrAn00,C,Mitch Morse,MorsMi00,DL,Roy Robertson-Harris,RobeRo00,DE,Josh Hines-Allen,AlleJo03,DE,Travon Walker,WalkTr03,DT,DaVon Hamilton,HamiDa02,LB,Devin Lloyd,LloyDe00,LB,Foyesade Oluokun,OluoFo00,CB,Tyson Campbell,CampTy01,CB,Ronald Darby,DarbRo00,S,Antonio Johnson,JohnAn07,S,Darnell Savage Jr.,SavaDa00,S,Andre Cisco,CiscAn00,Referee,Craig Wrolstad,Umpire,Steve Woods,Down Judge,Danny Short,Line Judge,Brett Bergman,Back Judge,Rich Martinez,Side Judge,Frank Steratore,Field Judge,Jeff Shears
202409080nor,2024-09-08,Sunday,1:00pm,New Orleans Saints,Carolina Panthers,nor,car,47,10,Dennis Allen,Dave Canales,Caesars Superdome,70007,3:10,dome,sportturf,,QB,Derek Carr,CarrDe02,RB,Alvin Kamara,KamaAl00,WR,Rashid Shaheed,ShahRa00,WR,Chris Olave,OlavCh00,TE,Taysom Hill,HillTa00,TE,Foster Moreau,MoreFo00,OL,Cesar Ruiz,RuizCe00,OL,Lucas Patrick,PatrLu00,OL,Erik McCoy,McCoEr01,OT,Taliese Fuaga,FuagTa00,OT,Trevor Penning,PennTr00,DE,Carl Granderson,GranCa01,DE,Cameron Jordan,JordCa00,DT,Bryan Bresee,BresBr00,DT,Nathan Shepherd,ShepNa00,LB,Pete Werner,WernPe00,LB,Willie Gay Jr.,GayJWi00,LB,Demario Davis,DaviDe00,CB,Marshon Lattimore,LattMa01,CB,Will Harris,HarrWi02,CB,Paulson Adebo,AdebPa00,S,Tyrann Mathieu,MathTy00,QB,Bryce Young,YounBr01,RB,Chuba Hubbard,HubbCh01,WR,Diontae Johnson,JohnDi01,WR,Adam Thielen,ThieAd00,TE,Ja'Tavion Sanders,SandJa01,TE,Jordan Matthews,MattJo00,T,Ikem Ekwonu,EkwoIk00,T,Taylor Moton,MotoTa00,G,Robert Hunt,HuntRo01,G,Damien Lewis,LewiDa05,C,Austin Corbett,CorbAu00,DE,A'Shawn Robinson,RobiAS00,DE,Derrick Brown,BrowDe05,DT,Shy Tuttle,TuttSh00,OLB,Jadeveon Clowney,ClowJa00,LB,Josey Jewell,JeweJo00,LB,Shaq Thompson,ThomSh01,CB,Michael Jackson,JackMi01,CB,Jaycee Horn,HornJa00,CB,Troy Hill,HillTr01,S,Xavier Woods,WoodXa00,S,Jordan Fuller,FullJo01,Referee,Alan Eck,Umpire,Tab Slaughter,Down Judge,Derick Bowers,Line Judge,Derek Anderson,Back Judge,Greg Meyer,Side Judge,Dale Shaw,Field Judge,John Jenkins
202409080nyg,2024-09-08,Sunday,1:00pm,New York Giants,Minnesota Vikings,nyg,min,6,28,Brian Daboll,Kevin O'Connell,MetLife Stadium,81908,2:52,outdoors,fieldturf,"64 degrees, relative humidity 48%, wind 10 mph",QB,Daniel Jones,JoneDa05,RB,Devin Singletary,SingDe00,WR,Malik Nabers,NabeMa00,TE,Daniel Bellinger,BellDa00,TE,Theo Johnson,JohnTh00,TE,Chris Manhertz,ManhCh00,OL,Jermaine Eluemunor,ElueJe00,T,Andrew Thomas,ThomAn02,OG,Greg Van Roten,VanRGr00,G,Jon Runyan Jr.,RunyJo00,C,John Michael Schmitz,MichJo00,DL,Dexter Lawrence,LawrDe03,DL,Rakeem Nunez-Roches,NuneRa00,DT,Elijah Chatman,ChatEl00,OLB,Kayvon Thibodeaux,ThibKa00,OLB,Brian Burns,BurnBr00,LB,Darius Muasau,MuasDa00,LB,Bobby Okereke,OkerBo00,CB,Nick McCloud,McClNi00,CB,Deonte Banks,BankDe00,S,Tyler Nubin,NubiTy00,S,Jason Pinnock,PinnJa01,QB,Sam Darnold,DarnSa00,RB,Aaron Jones,JoneAa00,FB,C.J. Ham,,WR,Jordan Addison,AddiJo00,WR,Justin Jefferson,JeffJu00,TE,Josh Oliver,OlivJo00,T,Brian O'Neill,ONeiBr00,T,Christian Darrisaw,DarrCh00,OG,Blake Brandel,BranBl00,G,Ed Ingram,IngrEd00,C,Garrett Bradbury,BradGa00,DL,Jonathan Bullard,BullJo00,DL,Harrison Phillips,PhilHa00,DT,Jerry Tillery,TillJe00,OLB,Jonathan Greenard,GreeJo04,OLB,Andrew Van Ginkel,VanGAn00,LB,Blake Cashman,CashBl00,LB,Ivan Pace,PaceIv00,CB,Stephon Gilmore,GilmSt00,CB,Byron Murphy,MurpBy00,S,Camryn Bynum,BynuCa00,S,Harrison Smith,SmitHa00,Referee,Alex Kemp,Umpire,Mike Morton,Down Judge,Robert Richeson,Line Judge,Rusty Baynes,Back Judge,Scott Helverson,Side Judge,Lo van Pham,Field Judge,Sean Petty
202409080sdg,2024-09-08,Sunday,4:05pm,Los Angeles Chargers,Las Vegas Raiders,sdg,rai,22,10,Jim Harbaugh,Antonio Pierce,SoFi Stadium,70240,2:50,dome,matrixturf,,QB,Justin Herbert,HerbJu00,RB,Gus Edwards,EdwaGu00,WR,Josh Palmer,PalmJo00,WR,Ladd McConkey,McCoLa00,TE,Will Dissly,DissWi00,OT,Joe Alt,AltxJo01,T,Rashawn Slater,SlatRa00,T,Trey Pipkins,PipkTr00,G,Zion Johnson,JohnZi00,C,Bradley Bozeman,BozeBr00,DL,Scott Matlock,MatlSc00,DT,Poona Ford,FordPo00,DT,Otito Ogbonnia,OgboOt00,OLB,Joey Bosa,BosaJo00,OLB,Khalil Mack,MackKh00,LB,Daiyan Henley,HenlDa00,LB,Denzel Perryman,PerrDe00,CB,Asante Samuel Jr.,SamuAs00,CB,Kristian Fulton,FultKr00,DB,Ja'Sir Taylor,TaylJa04,S,Derwin James,JameDe00,S,Alohi Gilman,GilmAl00,QB,Gardner Minshew II,MinsGa00,RB,Zamir White,WhitZa01,WR,Davante Adams,AdamDa01,WR,Tre Tucker,TuckTr00,WR,Jakobi Meyers,MeyeJa01,TE,Michael Mayer,MayeMi00,T,Kolton Miller,MillKo00,T,Thayer Munford,MunfTh00,OG,Cody Whitehair,WhitCo03,G,Dylan Parham,ParhDy00,C,Andre James,JameAn01,DE,Maxx Crosby,CrosMa00,DE,Charles Snowden,SnowCh00,DT,Christian Wilkins,WilkCh00,DT,John Jenkins,JenkJo00,DT,Adam Butler,ButlAd00,LB,Robert Spillane,SpilRo00,LB,Divine Deablo,DeabDi00,CB,Jack Jones,JoneJa10,CB,Nate Hobbs,HobbNa00,S,Tre'von Moehrig,MoehTr00,S,Marcus Epps,EppsMa00,Referee,Scott Novak,Umpire,Mark Pellis,Down Judge,Brian Sakowski,Line Judge,Mark Stewart,Back Judge,Terrence Miles,Side Judge,David Meslow,Field Judge,Terry Brown
202409080sea,2024-09-08,Sunday,4:05pm,Seattle Seahawks,Denver Broncos,sea,den,26,20,Mike Macdonald,Sean Payton,Lumen Field,68714,3:15,outdoors,fieldturf,"73 degrees, relative humidity 72%, wind 7 mph",QB,Geno Smith,SmitGe00,RB,Kenneth Walker III,WalkKe00,WR,Tyler Lockett,LockTy00,WR,D.K. Metcalf,MetcDK00,WR,Jaxon Smith-Njigba,SmitJa06,TE,Noah Fant,FantNo00,T,Charles Cross,CrosCh00,T,George Fant,FantGe00,G,Anthony Bradford,BradAn00,G,Laken Tomlinson,TomlLa01,C,Connor Williams,WillCo00,DE,Leonard Williams,WillLe02,DE,Dre'Mont Jones,JoneDr00,DT,Johnathan Hankins,HankJo00,NT,Jarran Reed,ReedJa02,LB,Boye Mafe,MafeBo00,LB,Jerome Baker,BakeJe00,LB,Tyrel Dodson,DodsTy01,CB,Devon Witherspoon,WithDe00,CB,Riq Woolen,WoolTa00,SS,Rayshawn Jenkins,JenkRa00,FS,Julian Love,LoveJu00,QB,Bo Nix,NixxBo00,RB,Javonte Williams,WillJa10,WR,Marvin Mims,MimsMa00,TE,Nate Adkins,AdkiNa00,TE,Greg Dulcich,DulcGr00,TE,Adam Trautman,TrauAd00,OL,Quinn Meinerz,MeinQu02,T,Garett Bolles,BollGa00,T,Mike McGlinchey,McGlMi00,G,Ben Powers,PoweBe00,C,Luke Wattenberg,WattLu00,DE,Zach Allen,AlleZa01,DE,John Franklin-Myers,FranJo02,DT,D.J. Jones,,OLB,Jonathon Cooper,CoopJo02,OLB,Baron Browning,BrowBa01,LB,Alex Singleton,SingAl00,CB,Ja'Quan McMillian,McMiJa00,CB,Riley Moss,MossRi00,CB,Patrick Surtain II,SurtPa01,S,P.J. Locke,LockPJ00,S,Brandon Jones,JoneBr06,Referee,Brad Allen,Umpire,Duane Heydt,Down Judge,Sarah Thomas,Line Judge,Walter Flowers,Back Judge,Tyree Walton,Side Judge,Chad Hill,Field Judge,Rick Patterson
202409080tam,2024-09-08,Sunday,4:25pm,Tampa Bay Buccaneers,Washington Commanders,tam,was,37,20,Todd Bowles,Dan Quinn,Raymond James Stadium,63020,3:02,outdoors,grass,"93 degrees, relative humidity 60%, wind 6 mph",QB,Baker Mayfield,MayfBa00,RB,Rachaad White,WhitRa01,WR,Jalen McMillan,McMiJa01,WR,Mike Evans,EvanMi00,WR,Chris Godwin,GodwCh00,TE,Cade Otton,OttoCa00,T,Tristan Wirfs,WirfTr00,T,Luke Goedeke,GoedLu00,G,Cody Mauch,MaucCo00,G,Ben Bredeson,BredBe00,C,Graham Barton,BartGr00,DL,William Gholston,GholWi00,DL,Greg Gaines,GainGr00,NT,Vita Vea,VeaxVi00,OLB,YaYa Diaby,DiabYa00,OLB,Joe Tryon-Shoyinka,TryoJo00,LB,Lavonte David,DaviLa00,LB,K.J. Britt,BritKJ00,CB,Zyon McCollum,McCoZy02,CB,Jamel Dean,DeanJa00,S,Jordan Whitehead,WhitJo03,S,Antoine Winfield Jr.,WinfAn00,QB,Jayden Daniels,DaniJa02,RB,Brian Robinson Jr.,RobiBr01,WR,Olamide Zaccheaus,ZaccOl01,WR,Terry McLaurin,McLaTe00,TE,John Bates,BateJo00,TE,Zach Ertz,ErtzZa00,OL,Andrew Wylie,WyliAn00,T,Cornelius Lucas,LucaCo01,G,Samuel Cosmi,CosmSa00,G,Nick Allegretti,AlleNi00,C,Tyler Biadasz,BiadTy00,DE,Clelin Ferrell,FerrCl00,DE,Dorance Armstrong Jr.,ArmsDo00,DT,Jonathan Allen,AlleJo01,DT,Daron Payne,PaynDa00,MLB,Bobby Wagner,WagnBo00,LB,Frankie Luvu,LuvuFr00,CB,Emmanuel Forbes,ForbEm00,CB,Mike Sainristil,SainMi00,CB,Benjamin St-Juste,StJuBe00,DB,Quan Martin,MartJa04,S,Jeremy Chinn,ChinJe00,Referee,Bill Vinovich,Umpire,Scott Walker,Down Judge,Dale Keller,Line Judge,Tripp Sutter,Back Judge,Todd Prukop,Side Judge,Jimmy Buchanan,Field Judge,Aaron Santi
202409090sfo,2024-09-09,Monday,8:15pm,San Francisco 49ers,New York Jets,sfo,nyj,32,19,Kyle Shanahan,Robert Saleh,Levi's Stadium,71319,2:51,outdoors,grass,"76 degrees, relative humidity 60%, wind 10 mph",QB,Brock Purdy,PurdBr00,RB,Jordan Mason,MasoJo00,FB,Kyle Juszczyk,JuszKy00,WR,Brandon Aiyuk,AiyuBr00,WR,Deebo Samuel,SamuDe00,TE,George Kittle,KittGe00,OL,Aaron Banks,BankAa00,OL,Dominick Puni,PuniDo00,OL,Colton McKivitz,McKiCo00,OL,Jake Brendel,BrenJa01,T,Trent Williams,WillTr21,DL,Javon Hargrave,HargJa00,DL,Leonard Floyd,FloyLe00,DL,Maliek Collins,CollMa00,DL,Nick Bosa,BosaNi00,LB,Demetrius Flannigan-Fowles,FlanDe00,LB,De'Vondre Campbell,CampDe00,LB,Fred Warner,WarnFr00,CB,Charvarius Ward,WardCh01,DB,Deommodore Lenoir,LenoDe00,S,George Odum,OdumGe00,S,Ji'Ayir Brown,BrowJi01,QB,Aaron Rodgers,RodgAa00,RB,Breece Hall,HallBr03,WR,Garrett Wilson,WilsGa00,WR,Allen Lazard,LazaAl00,TE,Tyler Conklin,ConkTy00,TE,Jeremy Ruckert,RuckJe00,OL,Morgan Moses,MoseMo00,OL,Tyron Smith,SmitTy00,OL,John Simpson,SimpJo00,G,Alijah Vera-Tucker,VeraAl00,C,Joe Tippmann,TippJo00,DL,Quinnen Williams,WillQu00,DL,Micheal Clemons,ClemMi03,DT,Javon Kinlaw,KinlJa00,LB,C.J. Mosley,,LB,Jermaine Johnson II,JohnJe07,LB,Jamien Sherwood,SherJa00,LB,Quincy Williams,WillQu01,CB,D.J. Reed,,CB,Sauce Gardner,GardSa00,S,Tony Adams,AdamTo03,S,Chuck Clark,ClarCh00,Referee,Carl Cheffers,Umpire,Brandon Cruse,Down Judge,Mike Carr,Line Judge,Robin DeLorenzo,Back Judge,Martin Hankins,Side Judge,Nathan Jones,Field Judge,Eugene Hall
202409120mia,2024-09-12,Thursday,8:15pm,Miami Dolphins,Buffalo Bills,mia,buf,10,31,Mike McDaniel,Sean McDermott,Hard Rock Stadium,65601,2:55,outdoors,grass,"86 degrees, relative humidity 79%, wind 3 mph",QB,Tua Tagovailoa,TagoTu00,RB,De'Von Achane,AchaDe00,FB,Alec Ingold,IngoAl01,WR,Jaylen Waddle,WaddJa00,WR,Tyreek Hill,HillTy00,TE,Julian Hill,HillJu02,OL,Austin Jackson,JackAu00,OL,Robert Jones,JoneRo02,OL,Liam Eichenberg,EichLi00,OL,Aaron Brewer,BrewAa01,T,Terron Armstead,ArmsTe00,DT,Calais Campbell,CampCa99,DT,Benito Jones,JoneBe03,DT,Zach Sieler,SielZa00,LB,Jordyn Brooks,BrooJo01,LB,David Long,LongDa04,LB,Emmanuel Ogbah,OgbaEm00,LB,Jaelan Phillips,PhilJa02,CB,Kendall Fuller,FullKe00,CB,Jalen Ramsey,RamsJa00,S,Jevon Holland,HollJe02,S,Jordan Poyer,PoyeJo00,QB,Josh Allen,AlleJo02,RB,James Cook,CookJa01,WR,Keon Coleman,ColeKe02,WR,Khalil Shakir,ShakKh00,WR,Mack Hollins,HollMa00,TE,Dalton Kincaid,KincDa00,T,Spencer Brown,BrowSp00,T,Dion Dawkins,DawkDi00,G,O'Cyrus Torrence,TorrOC00,G,David Edwards,EdwaDa01,G,Connor McGovern,McGoCo01,DE,A.J. Epenesa,EpenAJ00,DE,Gregory Rousseau,RousGr00,DT,DaQuan Jones,JoneDa04,DT,Ed Oliver,OlivEd00,LB,Dorian Williams,WillDo04,LB,Terrel Bernard,BernTe00,CB,Cameron Lewis,LewiCa00,CB,Rasul Douglas,DougRa00,CB,Christian Benford,BenfCh00,S,Taylor Rapp,RappTa00,S,Damar Hamlin,HamlDa00,Referee,Bill Vinovich,Umpire,Scott Walker,Down Judge,Dale Keller,Line Judge,Tripp Sutter,Back Judge,Todd Prukop,Side Judge,Jimmy Buchanan,Field Judge,Aaron Santi
202409150car,2024-09-15,Sunday,1:00pm,Carolina Panthers,Los Angeles Chargers,car,sdg,3,26,Dave Canales,Jim Harbaugh,Bank of America Stadium,70145,2:43,outdoors,grass,"78 degrees, relative humidity 66%, wind 13 mph",QB,Bryce Young,YounBr01,RB,Chuba Hubbard,HubbCh01,WR,Adam Thielen,ThieAd00,WR,Jonathan Mingo,MingJo00,WR,Diontae Johnson,JohnDi01,TE,Tommy Tremble,TremTo00,T,Ikem Ekwonu,EkwoIk00,T,Taylor Moton,MotoTa00,G,Damien Lewis,LewiDa05,G,Robert Hunt,HuntRo01,C,Austin Corbett,CorbAu00,DE,A'Shawn Robinson,RobiAS00,DT,Nick Thurman,ThurNi00,DT,Shy Tuttle,TuttSh00,OLB,Eku Leota,LeotEk00,OLB,Jadeveon Clowney,ClowJa00,LB,Josey Jewell,JeweJo00,LB,Shaq Thompson,ThomSh01,CB,Michael Jackson,JackMi01,CB,Jaycee Horn,HornJa00,S,Jordan Fuller,FullJo01,S,Xavier Woods,WoodXa00,QB,Justin Herbert,HerbJu00,RB,J.K. Dobbins,DobbJK00,WR,Quentin Johnston,JohnQu02,WR,Derius Davis,DaviDe02,TE,Will Dissly,DissWi00,TE,Hayden Hurst,HursHa00,OT,Joe Alt,AltxJo01,T,Rashawn Slater,SlatRa00,T,Trey Pipkins,PipkTr00,G,Zion Johnson,JohnZi00,C,Bradley Bozeman,BozeBr00,DT,Poona Ford,FordPo00,DT,Otito Ogbonnia,OgboOt00,OLB,Khalil Mack,MackKh00,OLB,Joey Bosa,BosaJo00,LB,Daiyan Henley,HenlDa00,LB,Denzel Perryman,PerrDe00,CB,Kristian Fulton,FultKr00,CB,Elijah Molden,MoldEl00,CB,Asante Samuel Jr.,SamuAs00,DB,Ja'Sir Taylor,TaylJa04,S,Derwin James,JameDe00,Referee,Brad Rogers,Umpire,Bryan Neale,Down Judge,Kent Payne,Line Judge,Kevin Codey,Back Judge,Greg Yette,Side Judge,Anthony Jeffries,Field Judge,Joe Blubaugh
202409150crd,2024-09-15,Sunday,4:05pm,Arizona Cardinals,Los Angeles Rams,crd,ram,41,10,Jonathan Gannon,Sean McVay,State Farm Stadium,63331,2:39,retractable roof (closed),grass,,QB,Kyler Murray,MurrKy00,RB,Trey Benson,BensTr01,RB,James Conner,ConnJa00,WR,Michael Wilson,WilsMi02,WR,Marvin Harrison Jr.,HarrMa09,TE,Trey McBride,McBrTr01,OL,Kelvin Beachum,BeacKe00,OL,Paris Johnson,JohnPa03,OL,Will Hernandez,HernWi00,OL,Hjalte Froholdt,FrohHj00,OL,Evan Brown,BrowEv00,DL,Justin Jones,JoneJu03,DL,Roy Lopez,LopeRo00,DL,Bilal Nichols,NichBi00,OLB,Zaven Collins,CollZa00,LB,Kyzir White,WhitKy00,LB,Mack Wilson,WilsMa03,CB,Sean Murphy-Bunting,BuntSe00,CB,Starling Thomas,ThomSt01,CB,Garrett Williams,WillGa00,S,Jalen Thompson,ThomJa04,S,Budda Baker,BakeBu00,QB,Matthew Stafford,StafMa00,RB,Kyren Williams,WillKy02,WR,Tyler Johnson,JohnTy00,WR,Cooper Kupp,KuppCo00,WR,Demarcus Robinson,RobiDe01,TE,Colby Parkinson,ParkCo02,OL,Kevin Dotson,DotsKe00,OL,Rob Havenstein,HaveRo00,OL,Beaux Limmer,LimmBe00,OL,Warren McClendon,McClWa00,G,Jonah Jackson,JackJo03,DE,Braden Fiske,FiskBr00,DE,Kobie Turner,TurnKo00,NT,Bobby Brown,BrowBo04,OLB,Byron Young,YounBy01,OLB,Jared Verse,VersJa00,LB,Troy Reeder,ReedTr01,DB,Quentin Lake,LakeQu00,DB,Tre'Davious White,WhitTr01,DB,Cobie Durant,DuraDe01,DB,Kamren Curl,CurlKa00,S,John Johnson,JohnJo10,Referee,John Hussey,Umpire,Tony Michalek,Down Judge,Max Causey,Line Judge,Carl Johnson,Back Judge,Matt Edwards,Side Judge,Allen Baynes,Field Judge,Anthony Flemming
202409150dal,2024-09-15,Sunday,1:00pm,Dallas Cowboys,New Orleans Saints,dal,nor,19,44,Mike McCarthy,Dennis Allen,AT&T Stadium,93691,2:54,retractable roof (closed),matrixturf,,QB,Dak Prescott,PresDa01,RB,Rico Dowdle,DowdRi01,WR,Brandin Cooks,CookBr00,WR,Jalen Tolbert,TolbJa00,WR,CeeDee Lamb,LambCe00,TE,Luke Schoonmaker,SchoLu00,OL,Tyler Smith,SmitTy02,OT,Tyler Guyton,GuytTy00,T,Terence Steele,SteeTe01,OG,Cooper Beebe,BeebCo00,G,Zack Martin,MartZa00,DE,DeMarcus Lawrence,LawrDe00,DT,Osa Odighizuwa,OdigOs00,DT,Mazi Smith,SmitMa06,MLB,Eric Kendricks,KendEr00,LB,Marist Liufau,LiufMa00,LB,Micah Parsons,ParsMi00,LB,Damone Clark,ClarDa02,CB,Caelen Carson,CarsCa01,CB,Trevon Diggs,DiggTr00,S,Malik Hooker,HookMa00,S,Donovan Wilson,WilsDo01,QB,Derek Carr,CarrDe02,RB,Alvin Kamara,KamaAl00,WR,Rashid Shaheed,ShahRa00,WR,Chris Olave,OlavCh00,TE,Taysom Hill,HillTa00,TE,Foster Moreau,MoreFo00,OL,Cesar Ruiz,RuizCe00,OL,Erik McCoy,McCoEr01,OL,Lucas Patrick,PatrLu00,OT,Taliese Fuaga,FuagTa00,OT,Trevor Penning,PennTr00,DE,Carl Granderson,GranCa01,DE,Cameron Jordan,JordCa00,DT,Bryan Bresee,BresBr00,DT,Nathan Shepherd,ShepNa00,LB,Demario Davis,DaviDe00,LB,Pete Werner,WernPe00,CB,Kool-Aid McKinstry,McKiKo00,CB,Will Harris,HarrWi02,CB,Paulson Adebo,AdebPa00,CB,Alontae Taylor,TaylAl01,S,Tyrann Mathieu,MathTy00,Referee,Shawn Smith,Umpire,Alex Moore,Down Judge,Jay Bilbo,Line Judge,Jeff Seeman,Back Judge,Dino Paganelli,Side Judge,Boris Cheek,Field Judge,Dyrol Prioleau
202409150den,2024-09-15,Sunday,4:25pm,Denver Broncos,Pittsburgh Steelers,den,pit,6,13,Sean Payton,Mike Tomlin,Empower Field at Mile High,74215,2:57,outdoors,grass,"83 degrees, relative humidity 17%, wind 4 mph",QB,Bo Nix,NixxBo00,RB,Javonte Williams,WillJa10,WR,Courtland Sutton,SuttCo00,WR,Lil'Jordan Humphrey,HumpLi01,TE,Adam Trautman,TrauAd00,TE,Nate Adkins,AdkiNa00,OL,Quinn Meinerz,MeinQu02,T,Mike McGlinchey,McGlMi00,T,Garett Bolles,BollGa00,G,Ben Powers,PoweBe00,C,Luke Wattenberg,WattLu00,DE,John Franklin-Myers,FranJo02,DE,Zach Allen,AlleZa01,DT,D.J. Jones,,OLB,Jonathon Cooper,CoopJo02,OLB,Baron Browning,BrowBa01,LB,Alex Singleton,SingAl00,LB,Kristian Welch,WelcKr00,CB,Riley Moss,MossRi00,CB,Patrick Surtain II,SurtPa01,S,Brandon Jones,JoneBr06,S,P.J. Locke,LockPJ00,QB,Justin Fields,FielJu00,RB,Najee Harris,HarrNa00,WR,George Pickens,PickGe00,WR,Van Jefferson,JeffVa00,TE,Connor Heyward,HeywCo00,TE,MyCole Pruitt,PruiMy00,OL,Spencer Anderson,AndeSp00,OL,James Daniels,DaniJa01,OT,Troy Fautanu,FautTr00,OT,Dan Moore,MoorDa05,C,Zach Frazier,FrazZa00,DL,Keeanu Benton,BentKe00,DT,Cameron Heyward,HeywCa01,DT,Larry Ogunjobi,OgunLa00,LB,Elandon Roberts,RobeEl00,LB,Patrick Queen,QueePa00,LB,T.J. Watt,,LB,Alex Highsmith,HighAl02,CB,Joey Porter Jr.,PortJo02,CB,Donte Jackson,JackDo02,S,Minkah Fitzpatrick,FitzMi00,S,DeShon Elliott,ElliDe02,Referee,Clete Blakeman,Umpire,Scott Campbell,Down Judge,Dana McKenzie,Line Judge,Julian Mapp,Back Judge,Jonah Monroe,Side Judge,James Coleman,Field Judge,Karina Tovar
202409150det,2024-09-15,Sunday,1:00pm,Detroit Lions,Tampa Bay Buccaneers,det,tam,16,20,Dan Campbell,Todd Bowles,Ford Field,64160,3:01,dome,fieldturf,,QB,Jared Goff,GoffJa00,RB,David Montgomery,MontDa01,RB,Jahmyr Gibbs,GibbJa01,WR,Amon-Ra St. Brown,StxxAm00,WR,Jameson Williams,WillJa11,TE,Sam LaPorta,LaPoSa01,OL,Graham Glasgow,GlasGr00,T,Penei Sewell,SewePe00,T,Taylor Decker,DeckTa00,G,Kevin Zeitler,ZeitKe00,C,Frank Ragnow,RagnFr00,DL,Aidan Hutchinson,HutcAi00,DL,Alim McNeill,McNeAl00,DL,Levi Onwuzurike,OnwuLe00,DL,D.J. Reader,,LB,Jack Campbell,CampJa04,LB,Derrick Barnes,BarnDe02,LB,Alex Anzalone,AnzaAl00,CB,Terrion Arnold,ArnoTe00,CB,Carlton Davis,DaviCa02,DB,Brian Branch,BranBr00,S,Kerby Joseph,JoseKe03,QB,Baker Mayfield,MayfBa00,RB,Rachaad White,WhitRa01,WR,Jalen McMillan,McMiJa01,WR,Mike Evans,EvanMi00,WR,Chris Godwin,GodwCh00,TE,Cade Otton,OttoCa00,T,Tristan Wirfs,WirfTr00,T,Justin Skule,SkulJu00,G,Cody Mauch,MaucCo00,G,Ben Bredeson,BredBe00,C,Graham Barton,BartGr00,DL,Greg Gaines,GainGr00,NT,Vita Vea,VeaxVi00,OLB,YaYa Diaby,DiabYa00,OLB,Joe Tryon-Shoyinka,TryoJo00,LB,Lavonte David,DaviLa00,LB,K.J. Britt,BritKJ00,CB,Zyon McCollum,McCoZy02,CB,Jamel Dean,DeanJa00,S,Christian Izien,IzieCh00,S,Tykee Smith,SmitTy05,S,Jordan Whitehead,WhitJo03,Referee,Clay Martin,Umpire,James Carter,Down Judge,Jerod Phillips,Line Judge,Brian Perry,Back Judge,Greg Wilson,Side Judge,Dave Hawkshaw,Field Judge,Alonzo Ramsey
202409150gnb,2024-09-15,Sunday,1:00pm,Green Bay Packers,Indianapolis Colts,gnb,clt,16,10,Matt LaFleur,Shane Steichen,Lambeau Field,77827,2:49,outdoors,grass,"85 degrees, relative humidity 58%, wind 7 mph",QB,Malik Willis,WillMa12,RB,Josh Jacobs,JacoJo01,WR,Christian Watson,WatsCh00,WR,Romeo Doubs,DoubRo00,TE,Luke Musgrave,MusgLu00,TE,Tucker Kraft,KrafTu00,OL,Josh Myers,MyerJo00,OL,Zach Tom,TomxZa00,OL,Elgton Jenkins,JenkEl00,T,Rasheed Walker,WalkRa00,OG,Sean Rhyan,RhyaSe00,DL,Tedarrell Slaton,SlatTe00,DL,Preston Smith,SmitPr00,DL,Rashan Gary,GaryRa00,DL,Kenny Clark,ClarKe01,LB,Isaiah McDuffie,McDuIs00,LB,Quay Walker,WalkQu00,CB,Jaire Alexander,AlexJa00,CB,Keisean Nixon,NixoKe00,CB,Eric Stokes,StokEr00,S,Xavier McKinney,McKiXa00,S,Javon Bullard,BullJa00,QB,Anthony Richardson,RichAn03,RB,Jonathan Taylor,TaylJo02,WR,Adonai Mitchell,MitcAd00,WR,Alec Pierce,PierAl00,WR,Michael Pittman Jr.,PittMi01,TE,Andrew Ogletree,OgleAn00,OL,Will Fries,FrieWi00,T,Braden Smith,SmitBr06,T,Bernhard Raimann,RaimBe00,G,Quenton Nelson,NelsQu00,C,Ryan Kelly,KellRy00,DE,Tyquan Lewis,LewiTy00,DE,Kwity Paye,PayeKw00,DT,Taven Bryan,BryaTa00,DT,Grover Stewart,StewGr00,LB,Zaire Franklin,FranZa00,LB,E.J. Speed,SpeeEJ00,CB,Samuel Womack,WomaSa00,CB,Kenny Moore,MoorKe03,CB,Jaylon Jones,JoneJa13,S,Rodney Thomas II,ThomRo07,S,Nick Cross,CrosNi00,Referee,Shawn Hochuli,Umpire,Terry Killens,Down Judge,Patrick Holt,Line Judge,Tim Podraza,Back Judge,Jimmy Russell,Side Judge,Jim Quirk,Field Judge,Jason Ledet
202409150htx,2024-09-15,Sunday,8:20pm,Houston Texans,Chicago Bears,htx,chi,19,13,DeMeco Ryans,Matt Eberflus,NRG Stadium,71412,3:24,retractable roof (open),astroturf,,QB,C.J. Stroud,StroCJ00,RB,Joe Mixon,MixoJo00,WR,Nico Collins,CollNi00,WR,Stefon Diggs,DiggSt00,TE,Cade Stover,StovCa00,TE,Brevin Jordan,JordBr00,OL,Jarrett Patterson,PattJa03,T,Laremy Tunsil,TunsLa00,T,Tytus Howard,HowaTy00,G,Kenyon Green,GreeKe03,G,Shaq Mason,MasoSh01,DE,Will Anderson,AndeWi01,DE,Danielle Hunter,HuntDa01,DT,Folorunso Fatukasi,FatuFo00,DT,Mario Edwards,EdwaMa01,LB,Henry To'oTo'o,TooTHe00,LB,Azeez Al-Shaair,AlShAz00,CB,Kamari Lassiter,LassKa00,CB,Derek Stingley Jr.,StinDe00,S,Eric Murray,MurrEr00,S,Jalen Pitre,PitrJa00,S,Jimmie Ward,WardJi01,QB,Caleb Williams,WillCa03,RB,D'Andre Swift,SwifDA00,WR,Rome Odunze,OdunRo00,WR,D.J. Moore,,TE,Cole Kmet,KmetCo00,TE,Gerald Everett,EverGe00,OL,Darnell Wright,WrigDa00,OL,Coleman Shelton,ShelCo00,OL,Braxton Jones,JoneBr08,OL,Teven Jenkins,JenkTe00,OL,Nate Davis,DaviNa01,DL,Gervon Dexter,DextGe00,DL,Montez Sweat,SweaMo00,DL,DeMarcus Walker,WalkDe03,DL,Andrew Billings,BillAn00,LB,T.J. Edwards,EdwaTJ02,LB,Tremaine Edmunds,EdmuTr01,LB,Jack Sanborn,SanbJa00,DB,Jaylon Johnson,JohnJa13,DB,Tyrique Stevenson,StevTy01,DB,Kevin Byard,ByarKe01,DB,Jaquan Brisker,BrisJa01,Referee,Land Clark,Umpire,Paul King,Down Judge,Tom Stephan,Line Judge,Jeff Hutcheon,Back Judge,Brad Freeman,Side Judge,Dominique Pender,Field Judge,Jabir Walker
202409150jax,2024-09-15,Sunday,1:00pm,Jacksonville Jaguars,Cleveland Browns,jax,cle,13,18,Doug Pederson,Kevin Stefanski,EverBank Stadium,60105,3:13,outdoors,grass,"80 degrees, relative humidity 78%, wind 12 mph",QB,Trevor Lawrence,LawrTr00,RB,Travis Etienne,EtieTr00,WR,Brian Thomas,ThomBr06,WR,Gabriel Davis,DaviGa01,WR,Christian Kirk,KirkCh01,TE,Brenton Strange,StraBr00,OL,Brandon Scherff,ScheBr00,OL,Ezra Cleveland,ClevEz00,OL,Cam Robinson,RobiCa00,OL,Anton Harrison,HarrAn00,OL,Mitch Morse,MorsMi00,DE,Travon Walker,WalkTr03,DE,Josh Hines-Allen,AlleJo03,DT,Jeremiah Ledbetter,LedbJe00,DT,Roy Robertson-Harris,RobeRo00,LB,Devin Lloyd,LloyDe00,LB,Foyesade Oluokun,OluoFo00,LB,Yasir Abdullah,AbduYa00,CB,Ronald Darby,DarbRo00,CB,Montaric Brown,BrowMo00,S,Antonio Johnson,JohnAn07,S,Andre Cisco,CiscAn00,QB,Deshaun Watson,WatsDe00,RB,D'Onta Foreman,ForeDO00,WR,Amari Cooper,CoopAm00,WR,Elijah Moore,MoorEl00,T,Dawand Jones,JoneDa07,T,James Hudson,HudsJa00,G,Joel Bitonio,BitoJo00,G,Wyatt Teller,TellWy00,G,Zak Zinter,ZintZa00,C,Nick Harris,HarrNi01,C,Ethan Pocic,PociEt00,DE,Myles Garrett,GarrMy00,DE,Za'Darius Smith,SmitZa00,DT,Shelby Harris,HarrSh00,DT,Dalvin Tomlinson,TomlDa00,LB,Jordan Hicks,HickJo00,LB,Jeremiah Owusu-Koramoah,OwusJe00,CB,Martin Emerson,EmerMa00,CB,Greg Newsome II,NewsGr00,CB,Denzel Ward,WardDe02,S,Ronnie Hickman,HickRo00,S,Grant Delpit,DelpGr00,Referee,Adrian Hill,Umpire,Roy Ellison,Down Judge,David Oliver,Line Judge,Greg Bradley,Back Judge,Greg Steed,Side Judge,Clay Reynard,Field Judge,Tra Boger
202409150kan,2024-09-15,Sunday,4:25pm,Kansas City Chiefs,Cincinnati Bengals,kan,cin,26,25,Andy Reid,Zac Taylor,GEHA Field at Arrowhead Stadium,73558,3:01,outdoors,grass,"89 degrees, relative humidity 44%, wind 8 mph",QB,Patrick Mahomes,MahoPa00,RB,Isiah Pacheco,PachIs00,WR,Rashee Rice,RiceRa01,TE,Jared Wiley,WileJa00,TE,Travis Kelce,KelcTr00,TE,Noah Gray,GrayNo00,T,Jawaan Taylor,TaylJa02,T,Kingsley Suamataia,SuamKi00,G,Joe Thuney,ThunJo00,G,Trey Smith,SmitTr05,C,Creed Humphrey,HumpCr00,DE,George Karlaftis III,KarlGe00,DE,Michael Danna,DannMi00,DT,Chris Jones,JoneCh09,DT,Mike Pennel,PennMi00,LB,Nick Bolton,BoltNi00,LB,Drue Tranquill,TranDr00,LB,Leo Chenal,ChenLe00,CB,Jaylen Watson,WatsJa02,CB,Trent McDuffie,McDuTr00,S,Justin Reid,ReidJu00,S,Bryan Cook,CookBr02,QB,Joe Burrow,BurrJo01,RB,Zack Moss,MossZa00,WR,Ja'Marr Chase,ChasJa00,TE,Erick All,AllxEr00,TE,Drew Sample,SampDr00,TE,Mike Gesicki,GesiMi00,OT,Trent Brown,BrowTr02,OT,Orlando Brown Jr.,BrowOr00,G,Alex Cappa,CappAl00,G,Cordell Volson,VolsCo02,C,Ted Karras,KarrTe00,DE,Trey Hendrickson,HendTr00,DE,Sam Hubbard,HubbSa00,DT,B.J. Hill,,DT,Jay Tufele,TufeJa00,DT,Sheldon Rankins,RankSh00,LB,Logan Wilson,WilsLo00,LB,Germaine Pratt,PratGe00,CB,Cam Taylor-Britt,TaylCa01,CB,Daxton Hill,HillDa04,S,Geno Stone,StonGe00,S,Vonn Bell,BellVo00,Referee,Alex Kemp,Umpire,Mike Morton,Down Judge,Robert Richeson,Line Judge,Rusty Baynes,Back Judge,Scott Helverson,Side Judge,Lo van Pham,Field Judge,Sean Petty
202409150min,2024-09-15,Sunday,1:00pm,Minnesota Vikings,San Francisco 49ers,min,sfo,23,17,Kevin O'Connell,Kyle Shanahan,U.S. Bank Stadium,66741,2:58,dome,sportturf,,QB,Sam Darnold,DarnSa00,RB,Aaron Jones,JoneAa00,WR,Jalen Nailor,NailJa00,WR,Justin Jefferson,JeffJu00,TE,Josh Oliver,OlivJo00,TE,Johnny Mundt,MundJo00,T,Brian O'Neill,ONeiBr00,T,Christian Darrisaw,DarrCh00,OG,Blake Brandel,BranBl00,G,Ed Ingram,IngrEd00,C,Garrett Bradbury,BradGa00,DL,Jonathan Bullard,BullJo00,DL,Harrison Phillips,PhilHa00,DL,Jerry Tillery,TillJe00,OLB,Jonathan Greenard,GreeJo04,OLB,Andrew Van Ginkel,VanGAn00,LB,Blake Cashman,CashBl00,LB,Ivan Pace,PaceIv00,CB,Stephon Gilmore,GilmSt00,CB,Byron Murphy,MurpBy00,S,Camryn Bynum,BynuCa00,S,Harrison Smith,SmitHa00,QB,Brock Purdy,PurdBr00,RB,Jordan Mason,MasoJo00,FB,Kyle Juszczyk,JuszKy00,WR,Brandon Aiyuk,AiyuBr00,WR,Deebo Samuel,SamuDe00,TE,George Kittle,KittGe00,OL,Aaron Banks,BankAa00,OL,Dominick Puni,PuniDo00,OL,Colton McKivitz,McKiCo00,OL,Jake Brendel,BrenJa01,OT,Trent Williams,WillTr21,DL,Javon Hargrave,HargJa00,DL,Leonard Floyd,FloyLe00,DL,Maliek Collins,CollMa00,DL,Nick Bosa,BosaNi00,LB,Demetrius Flannigan-Fowles,FlanDe00,LB,De'Vondre Campbell,CampDe00,LB,Fred Warner,WarnFr00,CB,Charvarius Ward,WardCh01,DB,Deommodore Lenoir,LenoDe00,S,George Odum,OdumGe00,S,Ji'Ayir Brown,BrowJi01,Referee,Brad Allen,Umpire,Duane Heydt,Down Judge,Sarah Thomas,Line Judge,Walter Flowers,Back Judge,Tyree Walton,Side Judge,Chad Hill,Field Judge,Rick Patterson
202409150nwe,2024-09-15,Sunday,1:00pm,New England Patriots,Seattle Seahawks,nwe,sea,20,23,Jerod Mayo,Mike Macdonald,Gillette Stadium,64686,3:12,outdoors,fieldturf,"77 degrees, relative humidity 50%, wind 5 mph",QB,Jacoby Brissett,BrisJa00,RB,Rhamondre Stevenson,StevRh00,WR,Ja'Lynn Polk,PolkJa00,WR,K.J. Osborn,OsboKJ00,TE,Hunter Henry,HenrHu00,TE,Austin Hooper,HoopAu00,OL,Michael Onwenu,OnweMi00,T,Vederian Lowe,LoweVe00,G,Layden Robinson,RobiLa02,G,Michael Jordan,JordMi01,C,David Andrews,AndrDa00,DE,Keion White,WhitKe03,DT,Daniel Ekuale,EkuaDa00,DT,Davon Godchaux,GodcDa00,LB,Ja'Whaun Bentley,BentJa00,LB,Jahlani Tavai,TavaJa00,LB,Anfernee Jennings,JennAn00,CB,Marcus Jones,JoneMa06,CB,Jonathan Jones,JoneJo03,CB,Christian Gonzalez,GonzCh00,S,Jabrill Peppers,PeppJa00,S,Kyle Dugger,DuggKy00,QB,Geno Smith,SmitGe00,RB,Zach Charbonnet,CharZa00,WR,Jaxon Smith-Njigba,SmitJa06,WR,D.K. Metcalf,MetcDK00,WR,Tyler Lockett,LockTy00,TE,Noah Fant,FantNo00,T,Charles Cross,CrosCh00,T,Stone Forsythe,ForsSt00,G,Anthony Bradford,BradAn00,G,Laken Tomlinson,TomlLa01,C,Connor Williams,WillCo00,DE,Dre'Mont Jones,JoneDr00,DE,Leonard Williams,WillLe02,DT,Johnathan Hankins,HankJo00,NT,Jarran Reed,ReedJa02,LB,Boye Mafe,MafeBo00,LB,Jerome Baker,BakeJe00,LB,Tyrel Dodson,DodsTy01,CB,Devon Witherspoon,WithDe00,CB,Riq Woolen,WoolTa00,SS,Rayshawn Jenkins,JenkRa00,FS,Julian Love,LoveJu00,Referee,Carl Cheffers,Umpire,Brandon Cruse,Down Judge,Mike Carr,Line Judge,Robin DeLorenzo,Back Judge,Martin Hankins,Side Judge,Nathan Jones,Field Judge,Eugene Hall
202409150oti,2024-09-15,Sunday,1:00pm,Tennessee Titans,New York Jets,oti,nyj,17,24,Brian Callahan,Robert Saleh,Nissan Stadium,65509,3:02,outdoors,grass,"80 degrees, relative humidity 51%, wind 13 mph",QB,Will Levis,LeviWi00,RB,Tony Pollard,PollTo00,WR,Tyler Boyd,BoydTy00,WR,Calvin Ridley,RidlCa00,WR,DeAndre Hopkins,HopkDe00,TE,Chigoziem Okonkwo,OkonCh00,OL,Peter Skoronski,SkorPe00,OL,Dillon Radunz,RaduDi00,OL,Nicholas Petit-Frere,PetiNi00,OT,JC Latham,LathJC00,C,Lloyd Cushenberry III,CushLl00,DL,Sebastian Joseph-Day,JoseSe00,DT,Jeffery Simmons,SimmJe01,NT,T'Vondre Sweat,SweaTV01,OLB,Harold Landry,LandHa00,OLB,Arden Key,KeyxAr00,LB,Kenneth Murray,MurrKe00,LB,Ernest Jones,JoneEr01,CB,Chidobe Awuzie,AwuzCh00,CB,L'Jarius Sneed,SneeLJ00,FS,Quandre Diggs,DiggQu00,S,Amani Hooker,HookAm00,QB,Aaron Rodgers,RodgAa00,RB,Breece Hall,HallBr03,WR,Garrett Wilson,WilsGa00,WR,Allen Lazard,LazaAl00,TE,Tyler Conklin,ConkTy00,TE,Jeremy Ruckert,RuckJe00,OL,Morgan Moses,MoseMo00,OL,Tyron Smith,SmitTy00,OL,John Simpson,SimpJo00,G,Alijah Vera-Tucker,VeraAl00,C,Joe Tippmann,TippJo00,DL,Micheal Clemons,ClemMi03,DL,Quinnen Williams,WillQu00,DT,Javon Kinlaw,KinlJa00,LB,Jermaine Johnson II,JohnJe07,LB,C.J. Mosley,,LB,Quincy Williams,WillQu01,CB,Sauce Gardner,GardSa00,CB,Brandin Echols,EchoBr00,CB,Michael Carter II,CartMi02,S,Tony Adams,AdamTo03,S,Chuck Clark,ClarCh00,Referee,Alan Eck,Umpire,Tab Slaughter,Down Judge,Derick Bowers,Line Judge,Derek Anderson,Back Judge,Greg Meyer,Side Judge,Dale Shaw,Field Judge,John Jenkins
202409150rav,2024-09-15,Sunday,1:00pm,Baltimore Ravens,Las Vegas Raiders,rav,rai,23,26,John Harbaugh,Antonio Pierce,M&T Bank Stadium,70762,3:22,outdoors,grass,"76 degrees, relative humidity 64%, wind 10 mph",QB,Lamar Jackson,JackLa00,RB,Derrick Henry,HenrDe00,FB,Patrick Ricard,RicaPa00,WR,Nelson Agholor,AghoNe00,TE,Charlie Kolar,KolaCh00,TE,Isaiah Likely,LikeIs00,OL,Andrew Vorhees,VorhAn00,OL,Patrick Mekari,MekaPa00,T,Daniel Faalele,FaalDa00,T,Ronnie Stanley,StanRo00,C,Tyler Linderbaum,LindTy00,DT,Nnamdi Madubuike,MaduJu00,DT,Travis Jones,JoneTr00,OLB,Odafe Oweh,OwehJa00,OLB,Kyle Van Noy,VanNKy00,LB,Trenton Simpson,SimpTr00,LB,Roquan Smith,SmitRo07,CB,Marlon Humphrey,HumpMa00,FS,Eddie Jackson,JackEd01,DB,Brandon Stephens,StepBr01,S,Kyle Hamilton,HamiKy00,S,Marcus Williams,WillMa06,QB,Gardner Minshew II,MinsGa00,RB,Zamir White,WhitZa01,WR,Tre Tucker,TuckTr00,WR,Davante Adams,AdamDa01,WR,Jakobi Meyers,MeyeJa01,TE,Brock Bowers,BoweBr01,OL,Andrus Peat,PeatAn00,T,Kolton Miller,MillKo00,T,Thayer Munford,MunfTh00,G,Dylan Parham,ParhDy00,C,Andre James,JameAn01,DE,Charles Snowden,SnowCh00,DE,Maxx Crosby,CrosMa00,DT,John Jenkins,JenkJo00,DT,Adam Butler,ButlAd00,DT,Christian Wilkins,WilkCh00,LB,Divine Deablo,DeabDi00,LB,Robert Spillane,SpilRo00,CB,Jack Jones,JoneJa10,CB,Nate Hobbs,HobbNa00,S,Tre'von Moehrig,MoehTr00,S,Marcus Epps,EppsMa00,Referee,Tra Blake,Umpire,Carl Paganelli,Down Judge,Patrick Turner,Line Judge,Tom Eaton,Back Judge,Grantis Bell,Side Judge,Don Willard,Field Judge,Mearl Robinson
202409150was,2024-09-15,Sunday,1:00pm,Washington Commanders,New York Giants,was,nyg,21,18,Dan Quinn,Brian Daboll,Northwest Stadium,61841,3:07,outdoors,grass,"82 degrees, relative humidity 49%, wind 11 mph",QB,Jayden Daniels,DaniJa02,RB,Brian Robinson Jr.,RobiBr01,WR,Terry McLaurin,McLaTe00,WR,Dyami Brown,BrowDy00,WR,Luke McCaffrey,McCaLu00,TE,Zach Ertz,ErtzZa00,OL,Andrew Wylie,WyliAn00,T,Cornelius Lucas,LucaCo01,G,Nick Allegretti,AlleNi00,G,Samuel Cosmi,CosmSa00,C,Tyler Biadasz,BiadTy00,DE,Clelin Ferrell,FerrCl00,DE,Dorance Armstrong Jr.,ArmsDo00,DT,Daron Payne,PaynDa00,DT,Jonathan Allen,AlleJo01,MLB,Bobby Wagner,WagnBo00,LB,Frankie Luvu,LuvuFr00,CB,Michael Davis,DaviMi03,CB,Benjamin St-Juste,StJuBe00,DB,Quan Martin,MartJa04,S,Jeremy Chinn,ChinJe00,S,Percy Butler,ButlPe00,QB,Daniel Jones,JoneDa05,RB,Devin Singletary,SingDe00,WR,Malik Nabers,NabeMa00,WR,Darius Slayton,SlayDa01,TE,Theo Johnson,JohnTh00,TE,Chris Manhertz,ManhCh00,OL,Jermaine Eluemunor,ElueJe00,T,Andrew Thomas,ThomAn02,OG,Greg Van Roten,VanRGr00,G,Jon Runyan Jr.,RunyJo00,C,John Michael Schmitz,MichJo00,DL,Dexter Lawrence,LawrDe03,DL,Rakeem Nunez-Roches,NuneRa00,OLB,Brian Burns,BurnBr00,OLB,Kayvon Thibodeaux,ThibKa00,LB,Bobby Okereke,OkerBo00,LB,Micah McFadden,McFaMi01,CB,Andru Phillips,PhilAn02,CB,Cordale Flott,FlotCo00,CB,Deonte Banks,BankDe00,S,Jason Pinnock,PinnJa01,S,Tyler Nubin,NubiTy00,Referee,Scott Novak,Umpire,Mark Pellis,Down Judge,Brian Sakowski,Line Judge,Mark Stewart,Back Judge,Terrence Miles,Side Judge,David Meslow,Field Judge,Terry Brown
202409160phi,2024-09-16,Monday,8:15pm,Philadelphia Eagles,Atlanta Falcons,phi,atl,21,22,Nick Sirianni,Raheem Morris,Lincoln Financial Field,69879,2:57,outdoors,grass,"71 degrees, relative humidity 72%, wind 9 mph",QB,Jalen Hurts,HurtJa00,RB,Saquon Barkley,BarkSa00,WR,DeVonta Smith,SmitDe07,WR,Jahan Dotson,DotsJa00,TE,Grant Calcaterra,CalcGr00,TE,Dallas Goedert,GoedDa00,OL,Cam Jurgens,JurgCa01,T,Mekhi Becton,BectMe00,T,Jordan Mailata,MailJo00,T,Lane Johnson,JohnLa01,G,Landon Dickerson,DickLa00,DE,Bryce Huff,HuffBr00,DT,Milton Williams,WillMi08,DT,Jordan Davis,DaviJo03,OLB,Josh Sweat,SweaJo00,LB,Nakobe Dean,DeanNa00,LB,Zack Baun,BaunZa00,CB,Avonte Maddox,MaddAv00,CB,Quinyon Mitchell,MitcQu00,CB,Darius Slay,SlayDa00,S,C.J. Gardner-Johnson,GardCh00,S,Reed Blankenship,BlanRe00,QB,Kirk Cousins,CousKi00,RB,Bijan Robinson,RobiBi01,WR,Darnell Mooney,MoonDa00,WR,Drake London,LondDr00,WR,Ray-Ray McCloud,McClRa00,TE,Kyle Pitts,PittKy00,OL,Matthew Bergeron,BergMa00,OL,Drew Dalman,DalmDr00,T,Jake Matthews,MattJa00,T,Kaleb McGary,McGaKa00,G,Chris Lindstrom,LindCh00,DL,David Onyemata,OnyeDa00,DL,Grady Jarrett,JarrGr00,OLB,Lorenzo Carter,CartLo01,OLB,Matt Judon,JudoMa00,LB,Troy Andersen,AndeTr00,LB,Kaden Elliss,ElliKa00,CB,Mike Hughes,HughMi00,CB,DeAundre Alford,AlfoDe00,CB,AJ Terrell,TerrAJ00,S,Jessie Bates III,BateJe00,S,Justin Simmons,SimmJu00,Referee,Craig Wrolstad,Umpire,Steve Woods,Down Judge,Danny Short,Line Judge,Brett Bergman,Back Judge,Rich Martinez,Side Judge,Frank Steratore,Field Judge,Jeff Shears
202409190nyj,2024-09-19,Thursday,8:15pm,New York Jets,New England Patriots,nyj,nwe,24,3,Robert Saleh,Jerod Mayo,MetLife Stadium,80812,2:57,outdoors,fieldturf,"75 degrees, relative humidity 63%, wind 5 mph",QB,Aaron Rodgers,RodgAa00,RB,Breece Hall,HallBr03,WR,Garrett Wilson,WilsGa00,WR,Mike Williams,WillMi07,WR,Allen Lazard,LazaAl00,TE,Tyler Conklin,ConkTy00,OL,Morgan Moses,MoseMo00,OL,John Simpson,SimpJo00,OL,Tyron Smith,SmitTy00,G,Alijah Vera-Tucker,VeraAl00,C,Joe Tippmann,TippJo00,DL,Quinnen Williams,WillQu00,DL,Micheal Clemons,ClemMi03,DE,Will McDonald,McDoWi00,DT,Javon Kinlaw,KinlJa00,LB,Chazz Surratt,SurrCh00,LB,Jamien Sherwood,SherJa00,LB,Quincy Williams,WillQu01,CB,D.J. Reed,,CB,Sauce Gardner,GardSa00,S,Chuck Clark,ClarCh00,S,Tony Adams,AdamTo03,QB,Jacoby Brissett,BrisJa00,RB,Rhamondre Stevenson,StevRh00,WR,Ja'Lynn Polk,PolkJa00,WR,K.J. Osborn,OsboKJ00,TE,Hunter Henry,HenrHu00,TE,Austin Hooper,HoopAu00,OL,Michael Onwenu,OnweMi00,T,Caedan Wallace,WallCa00,G,Michael Jordan,JordMi01,G,Layden Robinson,RobiLa02,C,David Andrews,AndrDa00,DE,Keion White,WhitKe03,DT,Davon Godchaux,GodcDa00,DT,Daniel Ekuale,EkuaDa00,LB,Raekwon McMillan,McMiRa02,LB,Anfernee Jennings,JennAn00,LB,Jahlani Tavai,TavaJa00,CB,Marcus Jones,JoneMa06,CB,Jonathan Jones,JoneJo03,CB,Christian Gonzalez,GonzCh00,S,Jabrill Peppers,PeppJa00,S,Kyle Dugger,DuggKy00,Referee,John Hussey,Umpire,Tony Michalek,Down Judge,Max Causey,Line Judge,Carl Johnson,Back Judge,Matt Edwards,Side Judge,Allen Baynes,Field Judge,Anthony Flemming
202409220atl,2024-09-22,Sunday,8:20pm,Atlanta Falcons,Kansas City Chiefs,atl,kan,17,22,Raheem Morris,Andy Reid,Mercedes-Benz Stadium,72441,2:58,retractable roof (open),fieldturf,,QB,Kirk Cousins,CousKi00,RB,Bijan Robinson,RobiBi01,WR,Darnell Mooney,MoonDa00,WR,Drake London,LondDr00,WR,Ray-Ray McCloud,McClRa00,TE,Kyle Pitts,PittKy00,OL,Matthew Bergeron,BergMa00,OL,Drew Dalman,DalmDr00,T,Jake Matthews,MattJa00,T,Kaleb McGary,McGaKa00,G,Chris Lindstrom,LindCh00,DL,David Onyemata,OnyeDa00,DL,Grady Jarrett,JarrGr00,OLB,Lorenzo Carter,CartLo01,OLB,Matt Judon,JudoMa00,LB,Troy Andersen,AndeTr00,LB,Kaden Elliss,ElliKa00,CB,Mike Hughes,HughMi00,CB,DeAundre Alford,AlfoDe00,CB,AJ Terrell,TerrAJ00,S,Jessie Bates III,BateJe00,S,Justin Simmons,SimmJu00,QB,Patrick Mahomes,MahoPa00,RB,Carson Steele,SteeCa00,WR,Justin Watson,WatsJu01,WR,Xavier Worthy,WortXa00,WR,Rashee Rice,RiceRa01,TE,Travis Kelce,KelcTr00,OL,Wanya Morris,MorrWa01,T,Jawaan Taylor,TaylJa02,G,Trey Smith,SmitTr05,G,Joe Thuney,ThunJo00,C,Creed Humphrey,HumpCr00,DE,George Karlaftis III,KarlGe00,DE,Michael Danna,DannMi00,DT,Chris Jones,JoneCh09,DT,Tershawn Wharton,WharTe00,LB,Drue Tranquill,TranDr00,LB,Nick Bolton,BoltNi00,CB,Trent McDuffie,McDuTr00,CB,Jaylen Watson,WatsJa02,DB,Chamarri Conner,ConnCh01,S,Justin Reid,ReidJu00,S,Bryan Cook,CookBr02,Referee,Tra Blake,Umpire,Carl Paganelli,Down Judge,Patrick Turner,Line Judge,Tom Eaton,Back Judge,Grantis Bell,Side Judge,Don Willard,Field Judge,Mearl Robinson
202409220cle,2024-09-22,Sunday,1:00pm,Cleveland Browns,New York Giants,cle,nyg,15,21,Kevin Stefanski,Brian Daboll,Huntington Bank Field,68016,3:06,outdoors,grass,"76 degrees, relative humidity 62%, wind 4 mph",QB,Deshaun Watson,WatsDe00,RB,Jerome Ford,FordJe00,WR,Amari Cooper,CoopAm00,WR,Cedric Tillman,TillCe01,WR,Jerry Jeudy,JeudJe00,TE,Jordan Akins,AkinJo00,T,Jedrick Wills Jr.,WillJe04,T,Dawand Jones,JoneDa07,G,Wyatt Teller,TellWy00,G,Joel Bitonio,BitoJo00,C,Ethan Pocic,PociEt00,DE,Myles Garrett,GarrMy00,DE,Za'Darius Smith,SmitZa00,DT,Shelby Harris,HarrSh00,DT,Dalvin Tomlinson,TomlDa00,LB,Jordan Hicks,HickJo00,LB,Jeremiah Owusu-Koramoah,OwusJe00,LB,Devin Bush Jr.,BushDe01,CB,Martin Emerson,EmerMa00,CB,Denzel Ward,WardDe02,S,Ronnie Hickman,HickRo00,S,Grant Delpit,DelpGr00,QB,Daniel Jones,JoneDa05,RB,Devin Singletary,SingDe00,WR,Jalin Hyatt,HyatJa00,TE,Daniel Bellinger,BellDa00,TE,Theo Johnson,JohnTh00,TE,Chris Manhertz,ManhCh00,OL,Jermaine Eluemunor,ElueJe00,T,Andrew Thomas,ThomAn02,OG,Greg Van Roten,VanRGr00,G,Jon Runyan Jr.,RunyJo00,C,John Michael Schmitz,MichJo00,DL,Dexter Lawrence,LawrDe03,DL,Rakeem Nunez-Roches,NuneRa00,OLB,Kayvon Thibodeaux,ThibKa00,OLB,Brian Burns,BurnBr00,LB,Micah McFadden,McFaMi01,LB,Bobby Okereke,OkerBo00,CB,Andru Phillips,PhilAn02,CB,Cordale Flott,FlotCo00,CB,Deonte Banks,BankDe00,S,Tyler Nubin,NubiTy00,S,Jason Pinnock,PinnJa01,Referee,Craig Wrolstad,Umpire,Steve Woods,Down Judge,Danny Short,Line Judge,Brett Bergman,Back Judge,Rich Martinez,Side Judge,Frank Steratore,Field Judge,Jeff Shears
202409220clt,2024-09-22,Sunday,1:00pm,Indianapolis Colts,Chicago Bears,clt,chi,21,16,Shane Steichen,Matt Eberflus,Lucas Oil Stadium,66624,3:16,retractable roof (closed),fieldturf,,QB,Anthony Richardson,RichAn03,RB,Jonathan Taylor,TaylJo02,WR,Ashton Dulin,DuliAs00,WR,Michael Pittman Jr.,PittMi01,WR,Alec Pierce,PierAl00,TE,Mo Alie-Cox,AlieMo00,OL,Will Fries,FrieWi00,T,Braden Smith,SmitBr06,T,Bernhard Raimann,RaimBe00,G,Quenton Nelson,NelsQu00,C,Ryan Kelly,KellRy00,DE,Tyquan Lewis,LewiTy00,DE,Kwity Paye,PayeKw00,DT,Grover Stewart,StewGr00,DT,Taven Bryan,BryaTa00,LB,E.J. Speed,SpeeEJ00,LB,Zaire Franklin,FranZa00,CB,Samuel Womack,WomaSa00,CB,Kenny Moore,MoorKe03,CB,Jaylon Jones,JoneJa13,S,Nick Cross,CrosNi00,S,Julian Blackmon,BlacJu01,QB,Caleb Williams,WillCa03,RB,D'Andre Swift,SwifDA00,WR,Rome Odunze,OdunRo00,WR,D.J. Moore,,TE,Gerald Everett,EverGe00,TE,Cole Kmet,KmetCo00,OL,Darnell Wright,WrigDa00,OL,Coleman Shelton,ShelCo00,OL,Matt Pryor,PryoMa00,OL,Braxton Jones,JoneBr08,OL,Teven Jenkins,JenkTe00,DL,Gervon Dexter,DextGe00,DL,Montez Sweat,SweaMo00,DL,DeMarcus Walker,WalkDe03,DL,Andrew Billings,BillAn00,LB,T.J. Edwards,EdwaTJ02,LB,Tremaine Edmunds,EdmuTr01,DB,Jaylon Johnson,JohnJa13,DB,Kyler Gordon,GordKy00,DB,Tyrique Stevenson,StevTy01,DB,Kevin Byard,ByarKe01,DB,Jaquan Brisker,BrisJa01,Referee,Adrian Hill,Umpire,Roy Ellison,Down Judge,David Oliver,Line Judge,Greg Bradley,Back Judge,Greg Steed,Side Judge,Clay Reynard,Field Judge,Tra Boger
202409220crd,2024-09-22,Sunday,4:25pm,Arizona Cardinals,Detroit Lions,crd,det,13,20,Jonathan Gannon,Dan Campbell,State Farm Stadium,63650,3:00,retractable roof (closed),grass,,QB,Kyler Murray,MurrKy00,RB,James Conner,ConnJa00,WR,Michael Wilson,WilsMi02,WR,Marvin Harrison Jr.,HarrMa09,TE,Tip Reiman,ReimTi00,TE,Trey McBride,McBrTr01,OL,Jackson Barton,BartJa00,OL,Paris Johnson,JohnPa03,OL,Will Hernandez,HernWi00,OL,Hjalte Froholdt,FrohHj00,OL,Evan Brown,BrowEv00,DL,Justin Jones,JoneJu03,DL,Roy Lopez,LopeRo00,DL,Bilal Nichols,NichBi00,OLB,Zaven Collins,CollZa00,LB,Kyzir White,WhitKy00,LB,Mack Wilson,WilsMa03,CB,Sean Murphy-Bunting,BuntSe00,CB,Starling Thomas,ThomSt01,CB,Garrett Williams,WillGa00,S,Jalen Thompson,ThomJa04,S,Budda Baker,BakeBu00,QB,Jared Goff,GoffJa00,RB,David Montgomery,MontDa01,WR,Amon-Ra St. Brown,StxxAm00,TE,Brock Wright,WrigBr01,TE,Sam LaPorta,LaPoSa01,OL,Graham Glasgow,GlasGr00,T,Dan Skipper,SkipDa00,T,Penei Sewell,SewePe00,T,Taylor Decker,DeckTa00,G,Kevin Zeitler,ZeitKe00,C,Frank Ragnow,RagnFr00,DL,Aidan Hutchinson,HutcAi00,DL,Alim McNeill,McNeAl00,DL,D.J. Reader,,DL,Marcus Davenport,DaveMa00,LB,Malcolm Rodriguez,RodrMa00,LB,Jack Campbell,CampJa04,LB,Derrick Barnes,BarnDe02,CB,Carlton Davis,DaviCa02,CB,Terrion Arnold,ArnoTe00,DB,Brian Branch,BranBr00,S,Kerby Joseph,JoseKe03,Referee,Brad Rogers,Umpire,Bryan Neale,Down Judge,Kent Payne,Line Judge,Kevin Codey,Back Judge,Greg Yette,Side Judge,Anthony Jeffries,Field Judge,Joe Blubaugh
202409220dal,2024-09-22,Sunday,4:25pm,Dallas Cowboys,Baltimore Ravens,dal,rav,25,28,Mike McCarthy,John Harbaugh,AT&T Stadium,93566,3:14,retractable roof (closed),matrixturf,,QB,Dak Prescott,PresDa01,RB,Rico Dowdle,DowdRi01,WR,Brandin Cooks,CookBr00,WR,Jalen Tolbert,TolbJa00,WR,CeeDee Lamb,LambCe00,TE,Jake Ferguson,FergJa00,OL,Tyler Smith,SmitTy02,OT,Tyler Guyton,GuytTy00,T,Terence Steele,SteeTe01,OG,Cooper Beebe,BeebCo00,G,Zack Martin,MartZa00,DE,DeMarcus Lawrence,LawrDe00,DT,Osa Odighizuwa,OdigOs00,DT,Mazi Smith,SmitMa06,MLB,Eric Kendricks,KendEr00,LB,DeMarvion Overshown,OverDe00,LB,Micah Parsons,ParsMi00,CB,Caelen Carson,CarsCa01,CB,Jourdan Lewis,LewiJo01,CB,Trevon Diggs,DiggTr00,S,Malik Hooker,HookMa00,S,Donovan Wilson,WilsDo01,QB,Lamar Jackson,JackLa00,RB,Derrick Henry,HenrDe00,WR,Rashod Bateman,BateRa00,WR,Zay Flowers,FlowZa00,WR,Nelson Agholor,AghoNe00,TE,Isaiah Likely,LikeIs00,OL,Andrew Vorhees,VorhAn00,OL,Patrick Mekari,MekaPa00,T,Daniel Faalele,FaalDa00,T,Ronnie Stanley,StanRo00,C,Tyler Linderbaum,LindTy00,DT,Nnamdi Madubuike,MaduJu00,DT,Travis Jones,JoneTr00,OLB,Odafe Oweh,OwehJa00,OLB,Kyle Van Noy,VanNKy00,LB,Trenton Simpson,SimpTr00,LB,Roquan Smith,SmitRo07,CB,Marlon Humphrey,HumpMa00,CB,Nate Wiggins,WiggNa00,DB,Brandon Stephens,StepBr01,S,Kyle Hamilton,HamiKy00,S,Marcus Williams,WillMa06,Referee,Ron Torbert,Umpire,Barry Anderson,Down Judge,Frank LeBlanc,Line Judge,Brian Bolinger,Back Judge,Tony Josselyn,Side Judge,Keith Washington,Field Judge,Ryan Dickson
202409220min,2024-09-22,Sunday,1:00pm,Minnesota Vikings,Houston Texans,min,htx,34,7,Kevin O'Connell,DeMeco Ryans,U.S. Bank Stadium,66843,3:05,dome,sportturf,,QB,Sam Darnold,DarnSa00,RB,Aaron Jones,JoneAa00,WR,Jalen Nailor,NailJa00,WR,Justin Jefferson,JeffJu00,TE,Josh Oliver,OlivJo00,TE,Johnny Mundt,MundJo00,T,Brian O'Neill,ONeiBr00,T,Christian Darrisaw,DarrCh00,OG,Blake Brandel,BranBl00,G,Ed Ingram,IngrEd00,C,Garrett Bradbury,BradGa00,DL,Jonathan Bullard,BullJo00,DL,Harrison Phillips,PhilHa00,DL,Jerry Tillery,TillJe00,OLB,Jonathan Greenard,GreeJo04,OLB,Andrew Van Ginkel,VanGAn00,LB,Blake Cashman,CashBl00,CB,Stephon Gilmore,GilmSt00,CB,Byron Murphy,MurpBy00,S,Josh Metellus,MeteJo00,S,Camryn Bynum,BynuCa00,S,Harrison Smith,SmitHa00,QB,C.J. Stroud,StroCJ00,RB,Cam Akers,AkerCa00,WR,Nico Collins,CollNi00,WR,Stefon Diggs,DiggSt00,TE,Cade Stover,StovCa00,TE,Dalton Schultz,SchuDa00,OL,Juice Scruggs,ScruJu00,T,Tytus Howard,HowaTy00,T,Laremy Tunsil,TunsLa00,G,Kenyon Green,GreeKe03,G,Shaq Mason,MasoSh01,DE,Danielle Hunter,HuntDa01,DE,Will Anderson,AndeWi01,DT,Folorunso Fatukasi,FatuFo00,DT,Mario Edwards,EdwaMa01,LB,Henry To'oTo'o,TooTHe00,LB,Azeez Al-Shaair,AlShAz00,CB,Derek Stingley Jr.,StinDe00,CB,Kamari Lassiter,LassKa00,S,Jalen Pitre,PitrJa00,S,Eric Murray,MurrEr00,S,Jimmie Ward,WardJi01,Referee,Shawn Hochuli,Umpire,Terry Killens,Down Judge,Patrick Holt,Line Judge,Tim Podraza,Back Judge,Jimmy Russell,Side Judge,Jim Quirk,Field Judge,Jason Ledet
202409220nor,2024-09-22,Sunday,1:00pm,New Orleans Saints,Philadelphia Eagles,nor,phi,12,15,Dennis Allen,Nick Sirianni,Caesars Superdome,70006,3:03,dome,sportturf,,QB,Derek Carr,CarrDe02,RB,Alvin Kamara,KamaAl00,FB,Adam Prentice,PrenAd00,WR,Rashid Shaheed,ShahRa00,WR,Chris Olave,OlavCh00,TE,Foster Moreau,MoreFo00,OL,Cesar Ruiz,RuizCe00,OL,Erik McCoy,McCoEr01,OL,Lucas Patrick,PatrLu00,OT,Taliese Fuaga,FuagTa00,OT,Trevor Penning,PennTr00,DE,Carl Granderson,GranCa01,DE,Cameron Jordan,JordCa00,DT,Bryan Bresee,BresBr00,DT,Nathan Shepherd,ShepNa00,LB,Pete Werner,WernPe00,LB,Willie Gay Jr.,GayJWi00,LB,Demario Davis,DaviDe00,CB,Marshon Lattimore,LattMa01,CB,Will Harris,HarrWi02,CB,Paulson Adebo,AdebPa00,S,Tyrann Mathieu,MathTy00,QB,Jalen Hurts,HurtJa00,RB,Saquon Barkley,BarkSa00,WR,Johnny Wilson,WilsJo03,WR,DeVonta Smith,SmitDe07,WR,Jahan Dotson,DotsJa00,TE,Dallas Goedert,GoedDa00,OL,Cam Jurgens,JurgCa01,T,Mekhi Becton,BectMe00,T,Jordan Mailata,MailJo00,T,Lane Johnson,JohnLa01,G,Landon Dickerson,DickLa00,DE,Bryce Huff,HuffBr00,DT,Jordan Davis,DaviJo03,DT,Jalen Carter,CartJa05,DT,Milton Williams,WillMi08,OLB,Josh Sweat,SweaJo00,LB,Nakobe Dean,DeanNa00,LB,Zack Baun,BaunZa00,CB,Quinyon Mitchell,MitcQu00,CB,Darius Slay,SlayDa00,S,C.J. Gardner-Johnson,GardCh00,S,Reed Blankenship,BlanRe00,Referee,Scott Novak,Umpire,Mark Pellis,Down Judge,Brian Sakowski,Line Judge,Mark Stewart,Back Judge,Terrence Miles,Side Judge,David Meslow,Field Judge,Terry Brown
202409220oti,2024-09-22,Sunday,1:00pm,Tennessee Titans,Green Bay Packers,oti,gnb,14,30,Brian Callahan,Matt LaFleur,Nissan Stadium,67322,2:53,outdoors,grass,"87 degrees, relative humidity 59%, wind 7 mph",QB,Will Levis,LeviWi00,RB,Tony Pollard,PollTo00,WR,Treylon Burks,BurkTr00,TE,Josh Whyle,WhylJo01,TE,Nick Vannett,VannNi00,OL,Jaelyn Duncan,DuncJa00,OL,Nicholas Petit-Frere,PetiNi00,OL,Dillon Radunz,RaduDi00,OL,Peter Skoronski,SkorPe00,OT,JC Latham,LathJC00,C,Lloyd Cushenberry III,CushLl00,DT,Jeffery Simmons,SimmJe01,NT,T'Vondre Sweat,SweaTV01,OLB,Arden Key,KeyxAr00,OLB,Harold Landry,LandHa00,LB,Ernest Jones,JoneEr01,LB,Kenneth Murray,MurrKe00,CB,Chidobe Awuzie,AwuzCh00,CB,L'Jarius Sneed,SneeLJ00,SS,Jamal Adams,AdamJa00,FS,Quandre Diggs,DiggQu00,S,Amani Hooker,HookAm00,QB,Malik Willis,WillMa12,RB,Josh Jacobs,JacoJo01,WR,Christian Watson,WatsCh00,WR,Jayden Reed,ReedJa03,WR,Romeo Doubs,DoubRo00,TE,Tucker Kraft,KrafTu00,OL,Elgton Jenkins,JenkEl00,OL,Josh Myers,MyerJo00,OL,Zach Tom,TomxZa00,T,Rasheed Walker,WalkRa00,OG,Sean Rhyan,RhyaSe00,DL,Rashan Gary,GaryRa00,DL,Kenny Clark,ClarKe01,DL,Tedarrell Slaton,SlatTe00,DL,Preston Smith,SmitPr00,LB,Eric Wilson,WilsEr00,LB,Quay Walker,WalkQu00,LB,Isaiah McDuffie,McDuIs00,CB,Eric Stokes,StokEr00,CB,Jaire Alexander,AlexJa00,S,Xavier McKinney,McKiXa00,S,Javon Bullard,BullJa00,Referee,Clay Martin,Umpire,James Carter,Down Judge,Jerod Phillips,Line Judge,Brian Perry,Back Judge,Greg Wilson,Side Judge,Dave Hawkshaw,Field Judge,Alonzo Ramsey
202409220pit,2024-09-22,Sunday,1:00pm,Pittsburgh Steelers,Los Angeles Chargers,pit,sdg,20,10,Mike Tomlin,Jim Harbaugh,Acrisure Stadium,66734,2:41,outdoors,grass,"72 degrees, relative humidity 73%, wind 2 mph",QB,Justin Fields,FielJu00,RB,Najee Harris,HarrNa00,RB,Cordarrelle Patterson,PattCo00,WR,George Pickens,PickGe00,WR,Van Jefferson,JeffVa00,TE,Pat Freiermuth,FreiPa00,OL,Spencer Anderson,AndeSp00,OL,James Daniels,DaniJa01,OT,Broderick Jones,JoneBr09,OT,Dan Moore,MoorDa05,C,Zach Frazier,FrazZa00,DL,Keeanu Benton,BentKe00,DT,Cameron Heyward,HeywCa01,DT,Larry Ogunjobi,OgunLa00,LB,Elandon Roberts,RobeEl00,LB,T.J. Watt,,LB,Patrick Queen,QueePa00,LB,Alex Highsmith,HighAl02,CB,Donte Jackson,JackDo02,CB,Joey Porter Jr.,PortJo02,S,Minkah Fitzpatrick,FitzMi00,S,DeShon Elliott,ElliDe02,QB,Justin Herbert,HerbJu00,RB,J.K. Dobbins,DobbJK00,WR,Ladd McConkey,McCoLa00,WR,Quentin Johnston,JohnQu02,TE,Will Dissly,DissWi00,OT,Joe Alt,AltxJo01,T,Rashawn Slater,SlatRa00,T,Trey Pipkins,PipkTr00,G,Zion Johnson,JohnZi00,C,Bradley Bozeman,BozeBr00,DL,Scott Matlock,MatlSc00,DT,Poona Ford,FordPo00,DT,Otito Ogbonnia,OgboOt00,OLB,Khalil Mack,MackKh00,OLB,Joey Bosa,BosaJo00,LB,Daiyan Henley,HenlDa00,LB,Denzel Perryman,PerrDe00,CB,Kristian Fulton,FultKr00,CB,Elijah Molden,MoldEl00,CB,Asante Samuel Jr.,SamuAs00,S,Alohi Gilman,GilmAl00,S,Derwin James,JameDe00,Referee,Alex Kemp,Umpire,Mike Morton,Down Judge,Robert Richeson,Line Judge,Rusty Baynes,Back Judge,Scott Helverson,Side Judge,Lo van Pham,Field Judge,Sean Petty
202409220rai,2024-09-22,Sunday,4:05pm,Las Vegas Raiders,Carolina Panthers,rai,car,22,36,Antonio Pierce,Dave Canales,Allegiant Stadium,62417,3:13,dome,grass,,QB,Gardner Minshew II,MinsGa00,RB,Zamir White,WhitZa01,WR,Davante Adams,AdamDa01,WR,Jakobi Meyers,MeyeJa01,TE,Brock Bowers,BoweBr01,TE,Michael Mayer,MayeMi00,T,Thayer Munford,MunfTh00,T,Kolton Miller,MillKo00,OG,Cody Whitehair,WhitCo03,G,Dylan Parham,ParhDy00,C,Andre James,JameAn01,DE,Maxx Crosby,CrosMa00,DE,Janarius Robinson,RobiJa04,DT,Christian Wilkins,WilkCh00,DT,John Jenkins,JenkJo00,LB,Luke Masterson,MastLu00,LB,Robert Spillane,SpilRo00,CB,Jack Jones,JoneJa10,CB,Nate Hobbs,HobbNa00,CB,Jakorian Bennett,BennJa00,S,Tre'von Moehrig,MoehTr00,S,Marcus Epps,EppsMa00,QB,Andy Dalton,DaltAn00,RB,Chuba Hubbard,HubbCh01,WR,Adam Thielen,ThieAd00,WR,Jonathan Mingo,MingJo00,WR,Diontae Johnson,JohnDi01,TE,Tommy Tremble,TremTo00,T,Ikem Ekwonu,EkwoIk00,T,Taylor Moton,MotoTa00,G,Robert Hunt,HuntRo01,G,Damien Lewis,LewiDa05,C,Austin Corbett,CorbAu00,DE,LaBryan Ray,RayxLa02,DE,A'Shawn Robinson,RobiAS00,DT,Nick Thurman,ThurNi00,OLB,Charles Harris,HarrCh03,OLB,Jadeveon Clowney,ClowJa00,LB,Josey Jewell,JeweJo00,LB,Shaq Thompson,ThomSh01,CB,Michael Jackson,JackMi01,CB,Jaycee Horn,HornJa00,S,Jordan Fuller,FullJo01,S,Xavier Woods,WoodXa00,Referee,Bill Vinovich,Umpire,Scott Walker,Down Judge,Dale Keller,Line Judge,Tripp Sutter,Back Judge,Todd Prukop,Side Judge,Jimmy Buchanan,Field Judge,Aaron Santi
202409220ram,2024-09-22,Sunday,4:25pm,Los Angeles Rams,San Francisco 49ers,ram,sfo,27,24,Sean McVay,Kyle Shanahan,SoFi Stadium,,3:06,dome,matrixturf,,QB,Matthew Stafford,StafMa00,RB,Kyren Williams,WillKy02,WR,Tutu Atwell,AtweTu00,WR,Demarcus Robinson,RobiDe01,TE,Colby Parkinson,ParkCo02,TE,Hunter Long,LongHu00,OL,Logan Bruss,BrusLo00,OL,Beaux Limmer,LimmBe00,OL,Alaric Jackson,JackAl01,OL,Rob Havenstein,HaveRo00,OL,Kevin Dotson,DotsKe00,DE,Braden Fiske,FiskBr00,DE,Kobie Turner,TurnKo00,NT,Neville Gallimore,GallNe00,OLB,Jared Verse,VersJa00,OLB,Byron Young,YounBy01,LB,Troy Reeder,ReedTr01,LB,Christian Rozeboom,RozeCh00,DB,Quentin Lake,LakeQu00,DB,Cobie Durant,DuraDe01,DB,Tre'Davious White,WhitTr01,DB,Kamren Curl,CurlKa00,QB,Brock Purdy,PurdBr00,RB,Jordan Mason,MasoJo00,FB,Kyle Juszczyk,JuszKy00,WR,Brandon Aiyuk,AiyuBr00,WR,Jauan Jennings,JennJa00,TE,Eric Saubert,SaubEr00,OL,Aaron Banks,BankAa00,OL,Dominick Puni,PuniDo00,OL,Colton McKivitz,McKiCo00,OL,Jake Brendel,BrenJa01,OT,Trent Williams,WillTr21,DL,Javon Hargrave,HargJa00,DL,Leonard Floyd,FloyLe00,DL,Jordan Elliott,ElliJo02,DL,Maliek Collins,CollMa00,DL,Nick Bosa,BosaNi00,LB,Fred Warner,WarnFr00,CB,Charvarius Ward,WardCh01,CB,Isaac Yiadom,YiadIs00,DB,Deommodore Lenoir,LenoDe00,S,Talanoa Hufanga,HufaTa00,S,Ji'Ayir Brown,BrowJi01,Referee,Clete Blakeman,Umpire,Scott Campbell,Down Judge,Dana McKenzie,Line Judge,Julian Mapp,Back Judge,Jonah Monroe,Side Judge,James Coleman,Field Judge,Karina Tovar
202409220sea,2024-09-22,Sunday,4:05pm,Seattle Seahawks,Miami Dolphins,sea,mia,24,3,Mike Macdonald,Mike McDaniel,Lumen Field,68658,3:07,outdoors,fieldturf,"64 degrees, relative humidity 66%, wind 2 mph",QB,Geno Smith,SmitGe00,RB,Zach Charbonnet,CharZa00,WR,Jaxon Smith-Njigba,SmitJa06,WR,D.K. Metcalf,MetcDK00,WR,Tyler Lockett,LockTy00,TE,AJ Barner,BarnAJ00,T,Charles Cross,CrosCh00,T,Stone Forsythe,ForsSt00,G,Anthony Bradford,BradAn00,G,Laken Tomlinson,TomlLa01,C,Connor Williams,WillCo00,DE,Leonard Williams,WillLe02,DT,Johnathan Hankins,HankJo00,OLB,Derick Hall,HallDe04,LB,Tyrice Knight,KnigTy00,LB,Boye Mafe,MafeBo00,LB,Tyrel Dodson,DodsTy01,CB,Tre Brown,BrowTr03,CB,Devon Witherspoon,WithDe00,CB,Riq Woolen,WoolTa00,SS,Rayshawn Jenkins,JenkRa00,FS,Julian Love,LoveJu00,QB,Skylar Thompson,ThomSk00,RB,Jaylen Wright,WrigJa04,RB,De'Von Achane,AchaDe00,WR,Jaylen Waddle,WaddJa00,WR,Tyreek Hill,HillTy00,TE,Tanner Conner,ConnTa00,OL,Robert Jones,JoneRo02,OL,Austin Jackson,JackAu00,OL,Liam Eichenberg,EichLi00,OL,Aaron Brewer,BrewAa01,T,Terron Armstead,ArmsTe00,DT,Calais Campbell,CampCa99,DT,Zach Sieler,SielZa00,LB,David Long,LongDa04,LB,Emmanuel Ogbah,OgbaEm00,LB,Jaelan Phillips,PhilJa02,LB,Jordyn Brooks,BrooJo01,CB,Kendall Fuller,FullKe00,CB,Kader Kohou,KohoKa00,CB,Jalen Ramsey,RamsJa00,S,Jevon Holland,HollJe02,S,Jordan Poyer,PoyeJo00,Referee,Land Clark,Umpire,Paul King,Down Judge,Tom Stephan,Line Judge,Jeff Hutcheon,Back Judge,Brad Freeman,Side Judge,Dominique Pender,Field Judge,Jabir Walker
202409220tam,2024-09-22,Sunday,1:00pm,Tampa Bay Buccaneers,Denver Broncos,tam,den,7,26,Todd Bowles,Sean Payton,Raymond James Stadium,62738,2:46,outdoors,grass,"85 degrees, relative humidity 61%, wind 6 mph",QB,Baker Mayfield,MayfBa00,RB,Rachaad White,WhitRa01,WR,Jalen McMillan,McMiJa01,WR,Mike Evans,EvanMi00,WR,Chris Godwin,GodwCh00,TE,Cade Otton,OttoCa00,T,Tristan Wirfs,WirfTr00,T,Justin Skule,SkulJu00,G,Ben Bredeson,BredBe00,G,Cody Mauch,MaucCo00,C,Graham Barton,BartGr00,DL,Logan Hall,HallLo00,DL,William Gholston,GholWi00,DL,Greg Gaines,GainGr00,OLB,YaYa Diaby,DiabYa00,OLB,Joe Tryon-Shoyinka,TryoJo00,LB,Lavonte David,DaviLa00,LB,K.J. Britt,BritKJ00,CB,Zyon McCollum,McCoZy02,CB,Jamel Dean,DeanJa00,S,Christian Izien,IzieCh00,S,Jordan Whitehead,WhitJo03,QB,Bo Nix,NixxBo00,RB,Javonte Williams,WillJa10,WR,Courtland Sutton,SuttCo00,WR,Josh Reynolds,ReynJo00,TE,Adam Trautman,TrauAd00,TE,Greg Dulcich,DulcGr00,OL,Quinn Meinerz,MeinQu02,T,Garett Bolles,BollGa00,T,Alex Palczewski,PalcAl00,G,Ben Powers,PoweBe00,C,Luke Wattenberg,WattLu00,DE,John Franklin-Myers,FranJo02,DE,Zach Allen,AlleZa01,DT,D.J. Jones,,OLB,Jonathon Cooper,CoopJo02,OLB,Nik Bonitto,BoniNi00,LB,Alex Singleton,SingAl00,CB,Ja'Quan McMillian,McMiJa00,CB,Riley Moss,MossRi00,CB,Patrick Surtain II,SurtPa01,S,P.J. Locke,LockPJ00,S,Brandon Jones,JoneBr06,Referee,Alan Eck,Umpire,Tab Slaughter,Down Judge,Derick Bowers,Line Judge,Derek Anderson,Back Judge,Greg Meyer,Side Judge,Dale Shaw,Field Judge,John Jenkins
202409230buf,2024-09-23,Monday,7:30pm,Buffalo Bills,Jacksonville Jaguars,buf,jax,47,10,Sean McDermott,Doug Pederson,Highmark Stadium,70316,3:04,outdoors,a_turf,"68 degrees, relative humidity 87%, wind 5 mph",QB,Josh Allen,AlleJo02,RB,James Cook,CookJa01,WR,Khalil Shakir,ShakKh00,WR,Mack Hollins,HollMa00,TE,Dawson Knox,KnoxDa00,TE,Dalton Kincaid,KincDa00,T,Spencer Brown,BrowSp00,T,Dion Dawkins,DawkDi00,G,O'Cyrus Torrence,TorrOC00,G,David Edwards,EdwaDa01,G,Connor McGovern,McGoCo01,DE,Gregory Rousseau,RousGr00,DE,A.J. Epenesa,EpenAJ00,DT,DaQuan Jones,JoneDa04,DT,Ed Oliver,OlivEd00,LB,Baylon Spector,SpecBa00,LB,Dorian Williams,WillDo04,CB,Rasul Douglas,DougRa00,CB,Christian Benford,BenfCh00,DB,Cameron Lewis,LewiCa00,S,Taylor Rapp,RappTa00,S,Damar Hamlin,HamlDa00,QB,Trevor Lawrence,LawrTr00,RB,Travis Etienne,EtieTr00,WR,Brian Thomas,ThomBr06,WR,Gabriel Davis,DaviGa01,WR,Christian Kirk,KirkCh01,TE,Brenton Strange,StraBr00,OL,Ezra Cleveland,ClevEz00,OL,Brandon Scherff,ScheBr00,OL,Anton Harrison,HarrAn00,OL,Cam Robinson,RobiCa00,OL,Mitch Morse,MorsMi00,DE,Josh Hines-Allen,AlleJo03,DE,Travon Walker,WalkTr03,DT,Jeremiah Ledbetter,LedbJe00,DT,Tyler Lacy,LacyTy00,LB,Devin Lloyd,LloyDe00,LB,Foyesade Oluokun,OluoFo00,LB,Yasir Abdullah,AbduYa00,CB,Ronald Darby,DarbRo00,CB,Montaric Brown,BrowMo00,S,Antonio Johnson,JohnAn07,S,Andre Cisco,CiscAn00,Referee,Shawn Smith,Umpire,Alex Moore,Down Judge,Jay Bilbo,Line Judge,Jeff Seeman,Back Judge,Dino Paganelli,Side Judge,Boris Cheek,Field Judge,Dyrol Prioleau
202409230cin,2024-09-23,Monday,8:15pm,Cincinnati Bengals,Washington Commanders,cin,was,33,38,Zac Taylor,Dan Quinn,Paycor Stadium,66207,2:47,outdoors,fieldturf,"69 degrees, relative humidity 67%, wind 5 mph",QB,Joe Burrow,BurrJo01,RB,Zack Moss,MossZa00,WR,Ja'Marr Chase,ChasJa00,WR,Tee Higgins,HiggTe00,WR,Andrei Iosivas,IosiAn00,TE,Erick All,AllxEr00,OT,Orlando Brown Jr.,BrowOr00,OT,Trent Brown,BrowTr02,G,Alex Cappa,CappAl00,G,Cordell Volson,VolsCo02,C,Ted Karras,KarrTe00,DE,Trey Hendrickson,HendTr00,DE,Sam Hubbard,HubbSa00,DT,Jay Tufele,TufeJa00,DT,Zachary Carter,CartZa00,LB,Logan Wilson,WilsLo00,LB,Germaine Pratt,PratGe00,CB,Mike Hilton,HiltMi01,CB,Cam Taylor-Britt,TaylCa01,CB,Daxton Hill,HillDa04,S,Geno Stone,StonGe00,S,Vonn Bell,BellVo00,QB,Jayden Daniels,DaniJa02,RB,Brian Robinson Jr.,RobiBr01,RB,Austin Ekeler,EkelAu00,WR,Terry McLaurin,McLaTe00,WR,Noah Brown,BrowNo00,TE,Zach Ertz,ErtzZa00,OL,Andrew Wylie,WyliAn00,T,Cornelius Lucas,LucaCo01,G,Nick Allegretti,AlleNi00,G,Samuel Cosmi,CosmSa00,C,Tyler Biadasz,BiadTy00,DE,Dorance Armstrong Jr.,ArmsDo00,DT,Daron Payne,PaynDa00,DT,Jonathan Allen,AlleJo01,MLB,Bobby Wagner,WagnBo00,LB,Dante Fowler,FowlDa00,LB,Frankie Luvu,LuvuFr00,CB,Noah Igbinoghene,IgbiNo00,CB,Mike Sainristil,SainMi00,CB,Benjamin St-Juste,StJuBe00,DB,Quan Martin,MartJa04,S,Jeremy Chinn,ChinJe00,Referee,Brad Allen,Umpire,Duane Heydt,Down Judge,Sarah Thomas,Line Judge,Walter Flowers,Back Judge,Tyree Walton,Side Judge,Chad Hill,Field Judge,Rick Patterson
202409260nyg,2024-09-26,Thursday,8:15pm,New York Giants,Dallas Cowboys,nyg,dal,15,20,Brian Daboll,Mike McCarthy,MetLife Stadium,80425,3:02,outdoors,fieldturf,"74 degrees, relative humidity 88%, wind 3 mph",QB,Daniel Jones,JoneDa05,RB,Devin Singletary,SingDe00,FB,Jakob Johnson,JohnJa12,WR,Darius Slayton,SlayDa01,WR,Malik Nabers,NabeMa00,TE,Chris Manhertz,ManhCh00,OL,Jermaine Eluemunor,ElueJe00,T,Andrew Thomas,ThomAn02,OG,Greg Van Roten,VanRGr00,G,Jon Runyan Jr.,RunyJo00,C,John Michael Schmitz,MichJo00,DL,Rakeem Nunez-Roches,NuneRa00,DL,Dexter Lawrence,LawrDe03,OLB,Kayvon Thibodeaux,ThibKa00,OLB,Brian Burns,BurnBr00,LB,Micah McFadden,McFaMi01,LB,Bobby Okereke,OkerBo00,CB,Nick McCloud,McClNi00,CB,Cordale Flott,FlotCo00,CB,Deonte Banks,BankDe00,S,Tyler Nubin,NubiTy00,S,Jason Pinnock,PinnJa01,QB,Dak Prescott,PresDa01,RB,Rico Dowdle,DowdRi01,WR,Brandin Cooks,CookBr00,WR,Jalen Tolbert,TolbJa00,WR,CeeDee Lamb,LambCe00,TE,Jake Ferguson,FergJa00,OL,Tyler Smith,SmitTy02,OT,Tyler Guyton,GuytTy00,T,Terence Steele,SteeTe01,OG,Cooper Beebe,BeebCo00,G,Zack Martin,MartZa00,DE,DeMarcus Lawrence,LawrDe00,DT,Osa Odighizuwa,OdigOs00,DT,Mazi Smith,SmitMa06,MLB,Eric Kendricks,KendEr00,LB,Marist Liufau,LiufMa00,LB,DeMarvion Overshown,OverDe00,LB,Micah Parsons,ParsMi00,CB,Andrew Booth,BootAn00,CB,Trevon Diggs,DiggTr00,S,Malik Hooker,HookMa00,S,Donovan Wilson,WilsDo01,Referee,Clay Martin,Umpire,James Carter,Down Judge,Jerod Phillips,Line Judge,Brian Perry,Back Judge,Greg Wilson,Side Judge,Dave Hawkshaw,Field Judge,Alonzo Ramsey
202409290atl,2024-09-29,Sunday,1:00pm,Atlanta Falcons,New Orleans Saints,atl,nor,26,24,Raheem Morris,Dennis Allen,Mercedes-Benz Stadium,72204,3:02,retractable roof (closed),fieldturf,,QB,Kirk Cousins,CousKi00,RB,Bijan Robinson,RobiBi01,WR,Drake London,LondDr00,WR,Ray-Ray McCloud,McClRa00,WR,Darnell Mooney,MoonDa00,TE,Kyle Pitts,PittKy00,OL,Matthew Bergeron,BergMa00,OL,Storm Norton,NortSt00,OL,Ryan Neuzil,NeuzRy00,T,Jake Matthews,MattJa00,G,Chris Lindstrom,LindCh00,DL,David Onyemata,OnyeDa00,DL,Eddie Goldman,GoldEd00,DL,Grady Jarrett,JarrGr00,OLB,Matt Judon,JudoMa00,OLB,Lorenzo Carter,CartLo01,LB,Kaden Elliss,ElliKa00,LB,Troy Andersen,AndeTr00,CB,AJ Terrell,TerrAJ00,CB,Mike Hughes,HughMi00,S,Justin Simmons,SimmJu00,S,Jessie Bates III,BateJe00,QB,Derek Carr,CarrDe02,RB,Alvin Kamara,KamaAl00,WR,Rashid Shaheed,ShahRa00,WR,Chris Olave,OlavCh00,TE,Taysom Hill,HillTa00,TE,Foster Moreau,MoreFo00,OL,Lucas Patrick,PatrLu00,OT,Taliese Fuaga,FuagTa00,OT,Trevor Penning,PennTr00,T,Landon Young,YounLa00,G,Shane Lemieux,LemiSh00,DE,Cameron Jordan,JordCa00,DE,Carl Granderson,GranCa01,DT,Nathan Shepherd,ShepNa00,DT,Bryan Bresee,BresBr00,LB,Willie Gay Jr.,GayJWi00,LB,Pete Werner,WernPe00,CB,Paulson Adebo,AdebPa00,CB,Marshon Lattimore,LattMa01,CB,Will Harris,HarrWi02,CB,Alontae Taylor,TaylAl01,S,Tyrann Mathieu,MathTy00,Referee,John Hussey,Umpire,Tony Michalek,Down Judge,Max Causey,Line Judge,Carl Johnson,Back Judge,Matt Edwards,Side Judge,Allen Baynes,Field Judge,Anthony Flemming
202409290car,2024-09-29,Sunday,1:00pm,Carolina Panthers,Cincinnati Bengals,car,cin,24,34,Dave Canales,Zac Taylor,Bank of America Stadium,77258,3:14,outdoors,grass,"78 degrees, relative humidity 75%, wind 6 mph",QB,Andy Dalton,DaltAn00,RB,Chuba Hubbard,HubbCh01,WR,Xavier Legette,LegeXa00,WR,Diontae Johnson,JohnDi01,TE,Tommy Tremble,TremTo00,TE,Ja'Tavion Sanders,SandJa01,T,Ikem Ekwonu,EkwoIk00,T,Taylor Moton,MotoTa00,G,Chandler Zavala,ZavaCh00,G,Robert Hunt,HuntRo01,C,Austin Corbett,CorbAu00,DE,LaBryan Ray,RayxLa02,DE,A'Shawn Robinson,RobiAS00,DT,Nick Thurman,ThurNi00,OLB,Charles Harris,HarrCh03,OLB,Jadeveon Clowney,ClowJa00,LB,Josey Jewell,JeweJo00,LB,Shaq Thompson,ThomSh01,CB,Michael Jackson,JackMi01,CB,Jaycee Horn,HornJa00,S,Nick Scott,ScotNi01,S,Xavier Woods,WoodXa00,QB,Joe Burrow,BurrJo01,RB,Zack Moss,MossZa00,WR,Ja'Marr Chase,ChasJa00,TE,Erick All,AllxEr00,TE,Drew Sample,SampDr00,OT,Amarius Mims,MimsAm00,OT,Orlando Brown Jr.,BrowOr00,G,Alex Cappa,CappAl00,G,Cody Ford,FordCo00,G,Cordell Volson,VolsCo02,C,Ted Karras,KarrTe00,DE,Trey Hendrickson,HendTr00,DE,Sam Hubbard,HubbSa00,DT,Zachary Carter,CartZa00,DT,Lawrence Guy,GuyxLa00,DT,Jay Tufele,TufeJa00,LB,Logan Wilson,WilsLo00,LB,Germaine Pratt,PratGe00,CB,Cam Taylor-Britt,TaylCa01,CB,Daxton Hill,HillDa04,S,Geno Stone,StonGe00,S,Vonn Bell,BellVo00,Referee,Adrian Hill,Umpire,Roy Ellison,Down Judge,David Oliver,Line Judge,Greg Bradley,Back Judge,Greg Steed,Side Judge,Clay Reynard,Field Judge,Tra Boger
202409290chi,2024-09-29,Sunday,1:00pm,Chicago Bears,Los Angeles Rams,chi,ram,24,18,Matt Eberflus,Sean McVay,Soldier Field,59074,2:55,outdoors,grass,"70 degrees, relative humidity 90%, wind 16 mph",QB,Caleb Williams,WillCa03,RB,D'Andre Swift,SwifDA00,WR,Keenan Allen,AlleKe00,WR,D.J. Moore,,TE,Marcedes Lewis,LewiMa00,TE,Cole Kmet,KmetCo00,OL,Darnell Wright,WrigDa00,OL,Coleman Shelton,ShelCo00,OL,Matt Pryor,PryoMa00,OL,Braxton Jones,JoneBr08,OL,Teven Jenkins,JenkTe00,DL,Gervon Dexter,DextGe00,DL,Montez Sweat,SweaMo00,DL,DeMarcus Walker,WalkDe03,DL,Andrew Billings,BillAn00,LB,T.J. Edwards,EdwaTJ02,LB,Tremaine Edmunds,EdmuTr01,DB,Jaylon Johnson,JohnJa13,DB,Kyler Gordon,GordKy00,DB,Tyrique Stevenson,StevTy01,DB,Kevin Byard,ByarKe01,DB,Jaquan Brisker,BrisJa01,QB,Matthew Stafford,StafMa00,RB,Kyren Williams,WillKy02,WR,Tutu Atwell,AtweTu00,WR,Jordan Whittington,WhitJo04,WR,Demarcus Robinson,RobiDe01,TE,Colby Parkinson,ParkCo02,OL,Logan Bruss,BrusLo00,OL,Kevin Dotson,DotsKe00,OL,Rob Havenstein,HaveRo00,OL,Alaric Jackson,JackAl01,OL,Beaux Limmer,LimmBe00,DE,Kobie Turner,TurnKo00,NT,Bobby Brown,BrowBo04,NT,Neville Gallimore,GallNe00,OLB,Jared Verse,VersJa00,OLB,Byron Young,YounBy01,LB,Troy Reeder,ReedTr01,LB,Christian Rozeboom,RozeCh00,DB,Quentin Lake,LakeQu00,DB,Cobie Durant,DuraDe01,DB,Tre'Davious White,WhitTr01,DB,Kamren Curl,CurlKa00,Referee,Brad Rogers,Umpire,Bryan Neale,Down Judge,Kent Payne,Line Judge,Kevin Codey,Back Judge,Greg Yette,Side Judge,Anthony Jeffries,Field Judge,Joe Blubaugh
202409290clt,2024-09-29,Sunday,1:00pm,Indianapolis Colts,Pittsburgh Steelers,clt,pit,27,24,Shane Steichen,Mike Tomlin,Lucas Oil Stadium,66376,3:05,retractable roof (closed),fieldturf,,QB,Anthony Richardson,RichAn03,RB,Jonathan Taylor,TaylJo02,WR,Josh Downs,DownJo00,WR,Michael Pittman Jr.,PittMi01,WR,Alec Pierce,PierAl00,TE,Mo Alie-Cox,AlieMo00,OL,Will Fries,FrieWi00,T,Braden Smith,SmitBr06,T,Bernhard Raimann,RaimBe00,G,Tanor Bortolini,BortTa00,G,Quenton Nelson,NelsQu00,DE,Tyquan Lewis,LewiTy00,DE,Dayo Odeyingbo,OdeyDa00,DT,Grover Stewart,StewGr00,DT,Taven Bryan,BryaTa00,LB,Zaire Franklin,FranZa00,LB,Jaylon Carlies,CarlJa01,LB,E.J. Speed,SpeeEJ00,CB,Samuel Womack,WomaSa00,CB,Jaylon Jones,JoneJa13,S,Nick Cross,CrosNi00,S,Julian Blackmon,BlacJu01,QB,Justin Fields,FielJu00,RB,Najee Harris,HarrNa00,WR,George Pickens,PickGe00,TE,Darnell Washington,WashDa03,TE,Pat Freiermuth,FreiPa00,TE,Connor Heyward,HeywCo00,OL,James Daniels,DaniJa01,OT,Broderick Jones,JoneBr09,OT,Dan Moore,MoorDa05,G,Mason McCormick,McCoMa00,C,Zach Frazier,FrazZa00,DT,Cameron Heyward,HeywCa01,DT,Larry Ogunjobi,OgunLa00,LB,Payton Wilson,WilsPa00,LB,T.J. Watt,,LB,Patrick Queen,QueePa00,LB,Nick Herbig,HerbNi00,CB,Donte Jackson,JackDo02,CB,Joey Porter Jr.,PortJo02,CB,Beanie Bishop,BishBe00,S,Minkah Fitzpatrick,FitzMi00,S,DeShon Elliott,ElliDe02,Referee,Land Clark,Umpire,Paul King,Down Judge,Tom Stephan,Line Judge,Jeff Hutcheon,Back Judge,Brad Freeman,Side Judge,Dominique Pender,Field Judge,Jabir Walker
202409290crd,2024-09-29,Sunday,4:05pm,Arizona Cardinals,Washington Commanders,crd,was,14,42,Jonathan Gannon,Dan Quinn,State Farm Stadium,63286,2:47,retractable roof (closed),grass,,QB,Kyler Murray,MurrKy00,RB,James Conner,ConnJa00,WR,Michael Wilson,WilsMi02,WR,Marvin Harrison Jr.,HarrMa09,TE,Tip Reiman,ReimTi00,TE,Elijah Higgins,HiggEl00,OL,Paris Johnson,JohnPa03,OL,Will Hernandez,HernWi00,OL,Hjalte Froholdt,FrohHj00,OL,Evan Brown,BrowEv00,OL,Kelvin Beachum,BeacKe00,DL,L.J. Collier,CollLJ00,DL,Roy Lopez,LopeRo00,DL,Bilal Nichols,NichBi00,OLB,Zaven Collins,CollZa00,LB,Kyzir White,WhitKy00,LB,Mack Wilson,WilsMa03,CB,Sean Murphy-Bunting,BuntSe00,CB,Starling Thomas,ThomSt01,CB,Garrett Williams,WillGa00,S,Budda Baker,BakeBu00,S,Jalen Thompson,ThomJa04,QB,Jayden Daniels,DaniJa02,RB,Brian Robinson Jr.,RobiBr01,WR,Terry McLaurin,McLaTe00,WR,Noah Brown,BrowNo00,TE,John Bates,BateJo00,TE,Zach Ertz,ErtzZa00,OL,Andrew Wylie,WyliAn00,T,Cornelius Lucas,LucaCo01,G,Nick Allegretti,AlleNi00,G,Samuel Cosmi,CosmSa00,C,Tyler Biadasz,BiadTy00,DE,Dorance Armstrong Jr.,ArmsDo00,DT,Daron Payne,PaynDa00,DT,Jonathan Allen,AlleJo01,MLB,Bobby Wagner,WagnBo00,LB,Dante Fowler,FowlDa00,LB,Frankie Luvu,LuvuFr00,CB,Mike Sainristil,SainMi00,CB,Benjamin St-Juste,StJuBe00,DB,Quan Martin,MartJa04,S,Jeremy Chinn,ChinJe00,S,Percy Butler,ButlPe00,Referee,Craig Wrolstad,Umpire,Steve Woods,Down Judge,Danny Short,Line Judge,Brett Bergman,Back Judge,Rich Martinez,Side Judge,Frank Steratore,Field Judge,Jeff Shears
202409290gnb,2024-09-29,Sunday,1:00pm,Green Bay Packers,Minnesota Vikings,gnb,min,29,31,Matt LaFleur,Kevin O'Connell,Lambeau Field,78335,3:28,outdoors,grass,"71 degrees, relative humidity 68%, wind 15 mph",QB,Jordan Love,LoveJo03,RB,Josh Jacobs,JacoJo01,WR,Christian Watson,WatsCh00,WR,Romeo Doubs,DoubRo00,WR,Jayden Reed,ReedJa03,TE,Tucker Kraft,KrafTu00,OL,Josh Myers,MyerJo00,OL,Zach Tom,TomxZa00,OL,Elgton Jenkins,JenkEl00,T,Rasheed Walker,WalkRa00,G,Sean Rhyan,RhyaSe00,DL,Rashan Gary,GaryRa00,DL,Tedarrell Slaton,SlatTe00,DL,Preston Smith,SmitPr00,DL,Kenny Clark,ClarKe01,LB,Isaiah McDuffie,McDuIs00,LB,Quay Walker,WalkQu00,CB,Corey Ballentine,BallCo00,CB,Keisean Nixon,NixoKe00,CB,Eric Stokes,StokEr00,S,Xavier McKinney,McKiXa00,S,Javon Bullard,BullJa00,QB,Sam Darnold,DarnSa00,RB,Aaron Jones,JoneAa00,WR,Jordan Addison,AddiJo00,WR,Brandon Powell,PoweBr00,WR,Justin Jefferson,JeffJu00,TE,Josh Oliver,OlivJo00,T,Brian O'Neill,ONeiBr00,T,Christian Darrisaw,DarrCh00,G,Blake Brandel,BranBl00,G,Ed Ingram,IngrEd00,C,Garrett Bradbury,BradGa00,DL,Harrison Phillips,PhilHa00,DL,Jonathan Bullard,BullJo00,DL,Jerry Tillery,TillJe00,OLB,Jonathan Greenard,GreeJo04,OLB,Andrew Van Ginkel,VanGAn00,LB,Blake Cashman,CashBl00,CB,Stephon Gilmore,GilmSt00,CB,Byron Murphy,MurpBy00,S,Josh Metellus,MeteJo00,S,Camryn Bynum,BynuCa00,S,Harrison Smith,SmitHa00,Referee,Bill Vinovich,Umpire,Scott Walker,Down Judge,Dale Keller,Line Judge,Tripp Sutter,Back Judge,Todd Prukop,Side Judge,Jimmy Buchanan,Field Judge,Aaron Santi
202409290htx,2024-09-29,Sunday,1:00pm,Houston Texans,Jacksonville Jaguars,htx,jax,24,20,DeMeco Ryans,Doug Pederson,NRG Stadium,71115,3:12,retractable roof (closed),astroturf,,QB,C.J. Stroud,StroCJ00,RB,Cam Akers,AkerCa00,WR,Nico Collins,CollNi00,WR,Stefon Diggs,DiggSt00,TE,Dalton Schultz,SchuDa00,TE,Cade Stover,StovCa00,OL,Juice Scruggs,ScruJu00,T,Tytus Howard,HowaTy00,T,Laremy Tunsil,TunsLa00,G,Kenyon Green,GreeKe03,G,Shaq Mason,MasoSh01,DE,Danielle Hunter,HuntDa01,DE,Will Anderson,AndeWi01,DT,Folorunso Fatukasi,FatuFo00,DT,Mario Edwards,EdwaMa01,LB,Henry To'oTo'o,TooTHe00,LB,Azeez Al-Shaair,AlShAz00,CB,Derek Stingley Jr.,StinDe00,CB,Kamari Lassiter,LassKa00,S,Jalen Pitre,PitrJa00,S,Eric Murray,MurrEr00,S,Calen Bullock,BullCa00,QB,Trevor Lawrence,LawrTr00,RB,Travis Etienne,EtieTr00,WR,Brian Thomas,ThomBr06,WR,Gabriel Davis,DaviGa01,WR,Christian Kirk,KirkCh01,TE,Brenton Strange,StraBr00,OL,Ezra Cleveland,ClevEz00,OL,Brandon Scherff,ScheBr00,OL,Anton Harrison,HarrAn00,OL,Cam Robinson,RobiCa00,OL,Mitch Morse,MorsMi00,DE,Josh Hines-Allen,AlleJo03,DE,Travon Walker,WalkTr03,DT,Jeremiah Ledbetter,LedbJe00,DT,Tyler Lacy,LacyTy00,LB,Ventrell Miller,MillVe00,LB,Chad Muma,MumaCh00,LB,Yasir Abdullah,AbduYa00,CB,Ronald Darby,DarbRo00,CB,Montaric Brown,BrowMo00,S,Antonio Johnson,JohnAn07,S,Andre Cisco,CiscAn00,Referee,Tra Blake,Umpire,Carl Paganelli,Down Judge,Patrick Turner,Line Judge,Tom Eaton,Back Judge,Grantis Bell,Side Judge,Don Willard,Field Judge,Mearl Robinson
202409290nyj,2024-09-29,Sunday,1:00pm,New York Jets,Denver Broncos,nyj,den,9,10,Robert Saleh,Sean Payton,MetLife Stadium,82243,3:15,outdoors,fieldturf,"67 degrees, relative humidity 97%, wind 8 mph",QB,Aaron Rodgers,RodgAa00,RB,Breece Hall,HallBr03,WR,Garrett Wilson,WilsGa00,WR,Allen Lazard,LazaAl00,TE,Tyler Conklin,ConkTy00,TE,Jeremy Ruckert,RuckJe00,OL,Olumuyiwa Fashanu,FashOl00,OL,John Simpson,SimpJo00,OL,Tyron Smith,SmitTy00,G,Alijah Vera-Tucker,VeraAl00,C,Joe Tippmann,TippJo00,DL,Micheal Clemons,ClemMi03,DL,Quinnen Williams,WillQu00,DE,Will McDonald,McDoWi00,DT,Javon Kinlaw,KinlJa00,LB,Quincy Williams,WillQu01,LB,Jamien Sherwood,SherJa00,LB,Chazz Surratt,SurrCh00,CB,Sauce Gardner,GardSa00,CB,D.J. Reed,,S,Chuck Clark,ClarCh00,S,Tony Adams,AdamTo03,QB,Bo Nix,NixxBo00,RB,Javonte Williams,WillJa10,WR,Troy Franklin,FranTr00,TE,Nate Adkins,AdkiNa00,TE,Adam Trautman,TrauAd00,TE,Greg Dulcich,DulcGr00,OL,Quinn Meinerz,MeinQu02,T,Garett Bolles,BollGa00,T,Alex Palczewski,PalcAl00,G,Ben Powers,PoweBe00,C,Luke Wattenberg,WattLu00,DE,Zach Allen,AlleZa01,DE,John Franklin-Myers,FranJo02,DT,D.J. Jones,,OLB,Jonathon Cooper,CoopJo02,OLB,Nik Bonitto,BoniNi00,LB,Justin Strnad,StrnJu00,LB,Cody Barton,BartCo00,CB,Riley Moss,MossRi00,CB,Patrick Surtain II,SurtPa01,S,P.J. Locke,LockPJ00,S,Brandon Jones,JoneBr06,Referee,Ron Torbert,Umpire,Barry Anderson,Down Judge,Frank LeBlanc,Line Judge,Brian Bolinger,Back Judge,Tony Josselyn,Side Judge,Keith Washington,Field Judge,Ryan Dickson
202409290rai,2024-09-29,Sunday,4:25pm,Las Vegas Raiders,Cleveland Browns,rai,cle,20,16,Antonio Pierce,Kevin Stefanski,Allegiant Stadium,62401,2:51,dome,grass,,QB,Gardner Minshew II,MinsGa00,RB,Zamir White,WhitZa01,WR,Tre Tucker,TuckTr00,WR,Jakobi Meyers,MeyeJa01,TE,Brock Bowers,BoweBr01,TE,Harrison Bryant,BryaHa00,OT,Delmar Glaze,GlazDe00,T,Kolton Miller,MillKo00,OG,Jackson Powers-Johnson,PoweJa00,G,Dylan Parham,ParhDy00,C,Andre James,JameAn01,DE,Charles Snowden,SnowCh00,DE,Tyree Wilson,WilsTy01,DT,Adam Butler,ButlAd00,DT,John Jenkins,JenkJo00,DT,Christian Wilkins,WilkCh00,LB,Luke Masterson,MastLu00,LB,Robert Spillane,SpilRo00,CB,Nate Hobbs,HobbNa00,CB,Jakorian Bennett,BennJa00,S,Tre'von Moehrig,MoehTr00,S,Isaiah Pola-Mao,PolaIs00,QB,Deshaun Watson,WatsDe00,RB,Jerome Ford,FordJe00,WR,Amari Cooper,CoopAm00,WR,Elijah Moore,MoorEl00,WR,Jerry Jeudy,JeudJe00,TE,Jordan Akins,AkinJo00,T,Dawand Jones,JoneDa07,T,James Hudson,HudsJa00,G,Zak Zinter,ZintZa00,G,Joel Bitonio,BitoJo00,C,Ethan Pocic,PociEt00,DE,Myles Garrett,GarrMy00,DE,Za'Darius Smith,SmitZa00,DT,Shelby Harris,HarrSh00,DT,Dalvin Tomlinson,TomlDa00,LB,Jordan Hicks,HickJo00,LB,Jeremiah Owusu-Koramoah,OwusJe00,CB,Martin Emerson,EmerMa00,CB,Denzel Ward,WardDe02,S,Ronnie Hickman,HickRo00,S,Rodney McLeod,McLeRo00,S,Grant Delpit,DelpGr00,Referee,Brad Allen,Umpire,Duane Heydt,Down Judge,Sarah Thomas,Line Judge,Walter Flowers,Back Judge,Tyree Walton,Side Judge,Chad Hill,Field Judge,Rick Patterson
202409290rav,2024-09-29,Sunday,8:20pm,Baltimore Ravens,Buffalo Bills,rav,buf,35,10,John Harbaugh,Sean McDermott,M&T Bank Stadium,70636,2:55,outdoors,grass,"68 degrees, relative humidity 89%, wind 8 mph",QB,Lamar Jackson,JackLa00,RB,Derrick Henry,HenrDe00,FB,Patrick Ricard,RicaPa00,WR,Rashod Bateman,BateRa00,WR,Zay Flowers,FlowZa00,TE,Mark Andrews,AndrMa00,OL,Patrick Mekari,MekaPa00,OT,Roger Rosengarten,RoseRo01,T,Daniel Faalele,FaalDa00,T,Ronnie Stanley,StanRo00,C,Tyler Linderbaum,LindTy00,DT,Travis Jones,JoneTr00,DT,Nnamdi Madubuike,MaduJu00,OLB,Odafe Oweh,OwehJa00,OLB,Kyle Van Noy,VanNKy00,LB,Trenton Simpson,SimpTr00,LB,Roquan Smith,SmitRo07,CB,Marlon Humphrey,HumpMa00,CB,Nate Wiggins,WiggNa00,DB,Brandon Stephens,StepBr01,S,Kyle Hamilton,HamiKy00,S,Marcus Williams,WillMa06,QB,Josh Allen,AlleJo02,RB,James Cook,CookJa01,WR,Keon Coleman,ColeKe02,WR,Khalil Shakir,ShakKh00,WR,Mack Hollins,HollMa00,TE,Dalton Kincaid,KincDa00,T,Spencer Brown,BrowSp00,T,Dion Dawkins,DawkDi00,G,O'Cyrus Torrence,TorrOC00,G,David Edwards,EdwaDa01,G,Connor McGovern,McGoCo01,DE,Gregory Rousseau,RousGr00,DE,A.J. Epenesa,EpenAJ00,DT,DaQuan Jones,JoneDa04,DT,Ed Oliver,OlivEd00,LB,Baylon Spector,SpecBa00,LB,Dorian Williams,WillDo04,CB,Rasul Douglas,DougRa00,CB,Christian Benford,BenfCh00,DB,Cameron Lewis,LewiCa00,S,Taylor Rapp,RappTa00,S,Damar Hamlin,HamlDa00,Referee,Alan Eck,Umpire,Tab Slaughter,Down Judge,Derick Bowers,Line Judge,Derek Anderson,Back Judge,Greg Meyer,Side Judge,Dale Shaw,Field Judge,John Jenkins
202409290sdg,2024-09-29,Sunday,4:25pm,Los Angeles Chargers,Kansas City Chiefs,sdg,kan,10,17,Jim Harbaugh,Andy Reid,SoFi Stadium,70240,2:53,dome,matrixturf,,QB,Justin Herbert,HerbJu00,RB,J.K. Dobbins,DobbJK00,WR,Ladd McConkey,McCoLa00,WR,Quentin Johnston,JohnQu02,TE,Will Dissly,DissWi00,OL,Jamaree Salyer,SalyJa00,T,Trey Pipkins,PipkTr00,G,Zion Johnson,JohnZi00,C,Sam Mustipher,MustSa01,C,Bradley Bozeman,BozeBr00,DL,Scott Matlock,MatlSc00,DT,Otito Ogbonnia,OgboOt00,DT,Poona Ford,FordPo00,OLB,Khalil Mack,MackKh00,OLB,Tuli Tuipulotu,TuipTu00,LB,Daiyan Henley,HenlDa00,LB,Denzel Perryman,PerrDe00,CB,Elijah Molden,MoldEl00,CB,Kristian Fulton,FultKr00,CB,Asante Samuel Jr.,SamuAs00,CB,Tarheeb Still,StilTa00,S,Alohi Gilman,GilmAl00,QB,Patrick Mahomes,MahoPa00,RB,Carson Steele,SteeCa00,WR,Xavier Worthy,WortXa00,WR,Justin Watson,WatsJu01,WR,Rashee Rice,RiceRa01,TE,Travis Kelce,KelcTr00,OL,Wanya Morris,MorrWa01,T,Jawaan Taylor,TaylJa02,G,Joe Thuney,ThunJo00,G,Trey Smith,SmitTr05,C,Creed Humphrey,HumpCr00,DE,George Karlaftis III,KarlGe00,DE,Felix Anudike-Uzomah,AnudFe00,DT,Mike Pennel,PennMi00,DT,Chris Jones,JoneCh09,LB,Drue Tranquill,TranDr00,LB,Leo Chenal,ChenLe00,LB,Nick Bolton,BoltNi00,CB,Trent McDuffie,McDuTr00,CB,Jaylen Watson,WatsJa02,S,Justin Reid,ReidJu00,S,Bryan Cook,CookBr02,Referee,Shawn Smith,Umpire,Alex Moore,Down Judge,Jay Bilbo,Line Judge,Jeff Seeman,Back Judge,Dino Paganelli,Side Judge,Boris Cheek,Field Judge,Dyrol Prioleau
202409290sfo,2024-09-29,Sunday,4:05pm,San Francisco 49ers,New England Patriots,sfo,nwe,30,13,Kyle Shanahan,Jerod Mayo,Levi's Stadium,71042,3:10,outdoors,grass,"71 degrees, relative humidity 59%, wind 5 mph",QB,Brock Purdy,PurdBr00,FB,Kyle Juszczyk,JuszKy00,WR,Brandon Aiyuk,AiyuBr00,WR,Deebo Samuel,SamuDe00,WR,Jauan Jennings,JennJa00,TE,George Kittle,KittGe00,OL,Aaron Banks,BankAa00,OL,Dominick Puni,PuniDo00,OL,Colton McKivitz,McKiCo00,OL,Jake Brendel,BrenJa01,OT,Trent Williams,WillTr21,DL,Leonard Floyd,FloyLe00,DL,Jordan Elliott,ElliJo02,DL,Maliek Collins,CollMa00,DL,Nick Bosa,BosaNi00,LB,Demetrius Flannigan-Fowles,FlanDe00,LB,De'Vondre Campbell,CampDe00,LB,Fred Warner,WarnFr00,CB,Charvarius Ward,WardCh01,DB,Deommodore Lenoir,LenoDe00,S,Malik Mustapha,MustMa00,S,Ji'Ayir Brown,BrowJi01,QB,Jacoby Brissett,BrisJa00,RB,Rhamondre Stevenson,StevRh00,WR,Ja'Lynn Polk,PolkJa00,WR,K.J. Osborn,OsboKJ00,TE,Hunter Henry,HenrHu00,TE,Austin Hooper,HoopAu00,OL,Michael Onwenu,OnweMi00,OT,Demontrey Jacobs,JacoDe00,G,Sidy Sow,SowxSi00,G,Layden Robinson,RobiLa02,C,David Andrews,AndrDa00,DE,Keion White,WhitKe03,DT,Davon Godchaux,GodcDa00,DT,Daniel Ekuale,EkuaDa00,LB,Raekwon McMillan,McMiRa02,LB,Jahlani Tavai,TavaJa00,LB,Joshua Uche,UcheJo00,CB,Marcus Jones,JoneMa06,CB,Jonathan Jones,JoneJo03,CB,Christian Gonzalez,GonzCh00,S,Jabrill Peppers,PeppJa00,S,Kyle Dugger,DuggKy00,Referee,Scott Novak,Umpire,Mark Pellis,Down Judge,Brian Sakowski,Line Judge,Mark Stewart,Back Judge,Terrence Miles,Side Judge,David Meslow,Field Judge,Terry Brown
202409290tam,2024-09-29,Sunday,1:00pm,Tampa Bay Buccaneers,Philadelphia Eagles,tam,phi,33,16,Todd Bowles,Nick Sirianni,Raymond James Stadium,64223,3:00,outdoors,grass,"88 degrees, relative humidity 68%, wind 9 mph",QB,Baker Mayfield,MayfBa00,RB,Rachaad White,WhitRa01,WR,Trey Palmer,PalmTr00,WR,Mike Evans,EvanMi00,WR,Chris Godwin,GodwCh00,TE,Cade Otton,OttoCa00,T,Tristan Wirfs,WirfTr00,T,Justin Skule,SkulJu00,G,Cody Mauch,MaucCo00,G,Ben Bredeson,BredBe00,C,Graham Barton,BartGr00,DL,Logan Hall,HallLo00,DL,William Gholston,GholWi00,NT,Vita Vea,VeaxVi00,OLB,YaYa Diaby,DiabYa00,OLB,Joe Tryon-Shoyinka,TryoJo00,LB,Lavonte David,DaviLa00,LB,K.J. Britt,BritKJ00,CB,Zyon McCollum,McCoZy02,CB,Jamel Dean,DeanJa00,S,Christian Izien,IzieCh00,S,Jordan Whitehead,WhitJo03,QB,Jalen Hurts,HurtJa00,RB,Will Shipley,ShipWi00,RB,Saquon Barkley,BarkSa00,WR,Johnny Wilson,WilsJo03,WR,Jahan Dotson,DotsJa00,TE,Dallas Goedert,GoedDa00,OL,Cam Jurgens,JurgCa01,T,Mekhi Becton,BectMe00,T,Jordan Mailata,MailJo00,T,Fred Johnson,JohnFr01,G,Landon Dickerson,DickLa00,DE,Brandon Graham,GrahBr99,DT,Jordan Davis,DaviJo03,DT,Jalen Carter,CartJa05,DT,Milton Williams,WillMi08,LB,Nakobe Dean,DeanNa00,LB,Zack Baun,BaunZa00,CB,Avonte Maddox,MaddAv00,CB,Quinyon Mitchell,MitcQu00,CB,Darius Slay,SlayDa00,S,C.J. Gardner-Johnson,GardCh00,S,Reed Blankenship,BlanRe00,Referee,Carl Cheffers,Umpire,Brandon Cruse,Down Judge,Mike Carr,Line Judge,Robin DeLorenzo,Back Judge,Martin Hankins,Side Judge,Nathan Jones,Field Judge,Eugene Hall
202409300det,2024-09-30,Monday,8:15pm,Detroit Lions,Seattle Seahawks,det,sea,42,29,Dan Campbell,Mike Macdonald,Ford Field,66658,3:09,dome,fieldturf,,QB,Jared Goff,GoffJa00,RB,David Montgomery,MontDa01,WR,Jameson Williams,WillJa11,WR,Amon-Ra St. Brown,StxxAm00,TE,Parker Hesse,HessPa00,TE,Sam LaPorta,LaPoSa01,OL,Graham Glasgow,GlasGr00,T,Penei Sewell,SewePe00,T,Taylor Decker,DeckTa00,G,Kayode Awosika,AwosKa00,G,Kevin Zeitler,ZeitKe00,DL,Aidan Hutchinson,HutcAi00,DL,D.J. Reader,,DL,Levi Onwuzurike,OnwuLe00,DL,Alim McNeill,McNeAl00,LB,Jack Campbell,CampJa04,LB,Malcolm Rodriguez,RodrMa00,LB,Alex Anzalone,AnzaAl00,CB,Terrion Arnold,ArnoTe00,CB,Carlton Davis,DaviCa02,S,Kerby Joseph,JoseKe03,S,Brandon Joseph,JoseBr00,QB,Geno Smith,SmitGe00,RB,Kenneth Walker III,WalkKe00,WR,Jaxon Smith-Njigba,SmitJa06,WR,D.K. Metcalf,MetcDK00,WR,Tyler Lockett,LockTy00,TE,Noah Fant,FantNo00,T,Charles Cross,CrosCh00,T,Stone Forsythe,ForsSt00,G,Anthony Bradford,BradAn00,G,Laken Tomlinson,TomlLa01,C,Connor Williams,WillCo00,DE,Dre'Mont Jones,JoneDr00,DT,Johnathan Hankins,HankJo00,NT,Jarran Reed,ReedJa02,OLB,Derick Hall,HallDe04,OLB,Tyus Bowser,BowsTy00,LB,Tyrice Knight,KnigTy00,LB,Tyrel Dodson,DodsTy01,CB,Devon Witherspoon,WithDe00,CB,Riq Woolen,WoolTa00,SS,Rayshawn Jenkins,JenkRa00,FS,Julian Love,LoveJu00,Referee,Alex Kemp,Umpire,Mike Morton,Down Judge,Robert Richeson,Line Judge,Rusty Baynes,Back Judge,Scott Helverson,Side Judge,Lo van Pham,Field Judge,Sean Petty
202409300mia,2024-09-30,Monday,7:30pm,Miami Dolphins,Tennessee Titans,mia,oti,12,31,Mike McDaniel,Brian Callahan,Hard Rock Stadium,65291,3:13,outdoors,grass,"86 degrees, relative humidity 70%, wind 9 mph",QB,Tyler Huntley,HuntTy01,RB,De'Von Achane,AchaDe00,WR,Jaylen Waddle,WaddJa00,WR,Tyreek Hill,HillTy00,TE,Durham Smythe,SmytDu00,TE,Julian Hill,HillJu02,OL,Aaron Brewer,BrewAa01,OL,Liam Eichenberg,EichLi00,OL,Austin Jackson,JackAu00,OL,Robert Jones,JoneRo02,OT,Patrick Paul,PaulPa01,DT,Benito Jones,JoneBe03,DT,Zach Sieler,SielZa00,DT,Calais Campbell,CampCa99,LB,Emmanuel Ogbah,OgbaEm00,LB,Duke Riley,RileDu00,LB,Jordyn Brooks,BrooJo01,LB,Anthony Walker,WalkAn01,CB,Jalen Ramsey,RamsJa00,CB,Storm Duck,DuckSt00,S,Jevon Holland,HollJe02,S,Jordan Poyer,PoyeJo00,QB,Will Levis,LeviWi00,RB,Tony Pollard,PollTo00,WR,Tyler Boyd,BoydTy00,WR,Treylon Burks,BurkTr00,WR,Calvin Ridley,RidlCa00,TE,Chigoziem Okonkwo,OkonCh00,OL,Peter Skoronski,SkorPe00,OL,Dillon Radunz,RaduDi00,OL,Nicholas Petit-Frere,PetiNi00,OT,JC Latham,LathJC00,C,Lloyd Cushenberry III,CushLl00,DL,Keondre Coburn,CobuKe00,DL,Sebastian Joseph-Day,JoseSe00,NT,T'Vondre Sweat,SweaTV01,OLB,Harold Landry,LandHa00,OLB,Arden Key,KeyxAr00,LB,Kenneth Murray,MurrKe00,LB,Ernest Jones,JoneEr01,CB,L'Jarius Sneed,SneeLJ00,CB,Jarvis Brownlee,BrowJa09,FS,Quandre Diggs,DiggQu00,S,Amani Hooker,HookAm00,Referee,Clete Blakeman,Umpire,Scott Campbell,Down Judge,Dana McKenzie,Line Judge,Julian Mapp,Back Judge,Jonah Monroe,Side Judge,James Coleman,Field Judge,Karina Tovar
202410030atl,2024-10-03,Thursday,8:15pm,Atlanta Falcons,Tampa Bay Buccaneers,atl,tam,36,30,Raheem Morris,Todd Bowles,Mercedes-Benz Stadium,70016,3:16,retractable roof (closed),fieldturf,,QB,Kirk Cousins,CousKi00,RB,Bijan Robinson,RobiBi01,WR,Darnell Mooney,MoonDa00,WR,Drake London,LondDr00,WR,Ray-Ray McCloud,McClRa00,TE,Kyle Pitts,PittKy00,OL,Matthew Bergeron,BergMa00,OL,Ryan Neuzil,NeuzRy00,T,Jake Matthews,MattJa00,T,Kaleb McGary,McGaKa00,G,Chris Lindstrom,LindCh00,DL,David Onyemata,OnyeDa00,DL,Eddie Goldman,GoldEd00,DL,Grady Jarrett,JarrGr00,OLB,Matt Judon,JudoMa00,OLB,Lorenzo Carter,CartLo01,LB,Kaden Elliss,ElliKa00,CB,AJ Terrell,TerrAJ00,CB,DeAundre Alford,AlfoDe00,CB,Mike Hughes,HughMi00,S,Justin Simmons,SimmJu00,S,Jessie Bates III,BateJe00,QB,Baker Mayfield,MayfBa00,RB,Rachaad White,WhitRa01,WR,Mike Evans,EvanMi00,WR,Chris Godwin,GodwCh00,TE,Cade Otton,OttoCa00,TE,Payne Durham,DurhPa00,T,Tristan Wirfs,WirfTr00,T,Justin Skule,SkulJu00,G,Cody Mauch,MaucCo00,G,Ben Bredeson,BredBe00,C,Graham Barton,BartGr00,DL,Logan Hall,HallLo00,NT,Vita Vea,VeaxVi00,OLB,YaYa Diaby,DiabYa00,OLB,Joe Tryon-Shoyinka,TryoJo00,LB,Lavonte David,DaviLa00,LB,K.J. Britt,BritKJ00,CB,Zyon McCollum,McCoZy02,CB,Jamel Dean,DeanJa00,S,Christian Izien,IzieCh00,S,Tykee Smith,SmitTy05,S,Jordan Whitehead,WhitJo03,Referee,Ron Torbert,Umpire,Barry Anderson,Down Judge,Frank LeBlanc,Line Judge,Brian Bolinger,Back Judge,Tony Josselyn,Side Judge,Keith Washington,Field Judge,Ryan Dickson
202410060chi,2024-10-06,Sunday,1:00pm,Chicago Bears,Carolina Panthers,chi,car,36,10,Matt Eberflus,Dave Canales,Soldier Field,59307,3:08,outdoors,grass,"74 degrees, relative humidity 27%, wind 7 mph",QB,Caleb Williams,WillCa03,RB,D'Andre Swift,SwifDA00,WR,Keenan Allen,AlleKe00,WR,Rome Odunze,OdunRo00,WR,D.J. Moore,,TE,Cole Kmet,KmetCo00,OL,Darnell Wright,WrigDa00,OL,Coleman Shelton,ShelCo00,OL,Matt Pryor,PryoMa00,OL,Braxton Jones,JoneBr08,OL,Teven Jenkins,JenkTe00,DL,Gervon Dexter,DextGe00,DL,Montez Sweat,SweaMo00,DL,DeMarcus Walker,WalkDe03,DL,Andrew Billings,BillAn00,LB,T.J. Edwards,EdwaTJ02,LB,Tremaine Edmunds,EdmuTr01,DB,Jaylon Johnson,JohnJa13,DB,Kyler Gordon,GordKy00,DB,Tyrique Stevenson,StevTy01,DB,Kevin Byard,ByarKe01,DB,Jaquan Brisker,BrisJa01,QB,Andy Dalton,DaltAn00,RB,Chuba Hubbard,HubbCh01,WR,Jonathan Mingo,MingJo00,WR,Diontae Johnson,JohnDi01,WR,Xavier Legette,LegeXa00,TE,Tommy Tremble,TremTo00,T,Ikem Ekwonu,EkwoIk00,T,Taylor Moton,MotoTa00,G,Robert Hunt,HuntRo01,G,Damien Lewis,LewiDa05,C,Austin Corbett,CorbAu00,DE,LaBryan Ray,RayxLa02,DE,A'Shawn Robinson,RobiAS00,DT,Shy Tuttle,TuttSh00,OLB,Charles Harris,HarrCh03,OLB,Jadeveon Clowney,ClowJa00,LB,Trevin Wallace,WallTr00,CB,Michael Jackson,JackMi01,CB,Jaycee Horn,HornJa00,CB,Chau Smith-Wade,SmitCh05,S,Nick Scott,ScotNi01,S,Xavier Woods,WoodXa00,Referee,Tra Blake,Umpire,Carl Paganelli,Down Judge,Patrick Turner,Line Judge,Tom Eaton,Back Judge,Grantis Bell,Side Judge,Don Willard,Field Judge,Mearl Robinson
202410060cin,2024-10-06,Sunday,1:00pm,Cincinnati Bengals,Baltimore Ravens,cin,rav,38,41,Zac Taylor,John Harbaugh,Paycor Stadium,66341,3:28,outdoors,fieldturf,"81 degrees, relative humidity 57%, wind 10 mph",QB,Joe Burrow,BurrJo01,RB,Zack Moss,MossZa00,WR,Ja'Marr Chase,ChasJa00,WR,Andrei Iosivas,IosiAn00,WR,Tee Higgins,HiggTe00,TE,Drew Sample,SampDr00,OT,Orlando Brown Jr.,BrowOr00,OT,Amarius Mims,MimsAm00,G,Alex Cappa,CappAl00,G,Cordell Volson,VolsCo02,C,Ted Karras,KarrTe00,DE,Sam Hubbard,HubbSa00,DE,Trey Hendrickson,HendTr00,DT,B.J. Hill,,DT,Kris Jenkins,JenkKr01,DT,Lawrence Guy,GuyxLa00,LB,Germaine Pratt,PratGe00,LB,Logan Wilson,WilsLo00,CB,Daxton Hill,HillDa04,CB,Cam Taylor-Britt,TaylCa01,S,Vonn Bell,BellVo00,S,Geno Stone,StonGe00,QB,Lamar Jackson,JackLa00,RB,Derrick Henry,HenrDe00,FB,Patrick Ricard,RicaPa00,WR,Zay Flowers,FlowZa00,TE,Charlie Kolar,KolaCh00,TE,Isaiah Likely,LikeIs00,OL,Patrick Mekari,MekaPa00,OT,Roger Rosengarten,RoseRo01,T,Ronnie Stanley,StanRo00,T,Daniel Faalele,FaalDa00,C,Tyler Linderbaum,LindTy00,DT,Nnamdi Madubuike,MaduJu00,DT,Travis Jones,JoneTr00,OLB,Odafe Oweh,OwehJa00,OLB,Kyle Van Noy,VanNKy00,LB,Trenton Simpson,SimpTr00,LB,Roquan Smith,SmitRo07,CB,Marlon Humphrey,HumpMa00,FS,Eddie Jackson,JackEd01,DB,Brandon Stephens,StepBr01,S,Kyle Hamilton,HamiKy00,S,Marcus Williams,WillMa06,Referee,Bill Vinovich,Umpire,Scott Walker,Down Judge,Dale Keller,Line Judge,Tripp Sutter,Back Judge,Todd Prukop,Side Judge,Jimmy Buchanan,Field Judge,Aaron Santi
202410060den,2024-10-06,Sunday,4:05pm,Denver Broncos,Las Vegas Raiders,den,rai,34,18,Sean Payton,Antonio Pierce,Empower Field at Mile High,72825,3:12,outdoors,grass,"73 degrees, relative humidity 22%, wind 7 mph",QB,Bo Nix,NixxBo00,RB,Javonte Williams,WillJa10,FB,Michael Burton,BurtMi00,WR,Courtland Sutton,SuttCo00,WR,Troy Franklin,FranTr00,TE,Adam Trautman,TrauAd00,OL,Quinn Meinerz,MeinQu02,T,Alex Palczewski,PalcAl00,T,Garett Bolles,BollGa00,G,Ben Powers,PoweBe00,C,Luke Wattenberg,WattLu00,DE,Zach Allen,AlleZa01,DT,D.J. Jones,,OLB,Jonathon Cooper,CoopJo02,OLB,Nik Bonitto,BoniNi00,LB,Justin Strnad,StrnJu00,LB,Cody Barton,BartCo00,CB,Ja'Quan McMillian,McMiJa00,CB,Riley Moss,MossRi00,CB,Patrick Surtain II,SurtPa01,S,Brandon Jones,JoneBr06,S,P.J. Locke,LockPJ00,QB,Gardner Minshew II,MinsGa00,RB,Alexander Mattison,MattAl01,WR,DJ Turner,TurnDJ00,WR,Tre Tucker,TuckTr00,WR,Jakobi Meyers,MeyeJa01,TE,Brock Bowers,BoweBr01,OT,Delmar Glaze,GlazDe00,T,Kolton Miller,MillKo00,OG,Jackson Powers-Johnson,PoweJa00,G,Dylan Parham,ParhDy00,C,Andre James,JameAn01,DE,Charles Snowden,SnowCh00,DE,Maxx Crosby,CrosMa00,DT,John Jenkins,JenkJo00,DT,Adam Butler,ButlAd00,DT,Christian Wilkins,WilkCh00,LB,Tommy Eichenberg,EichTo00,LB,Robert Spillane,SpilRo00,CB,Jack Jones,JoneJa10,CB,Jakorian Bennett,BennJa00,S,Tre'von Moehrig,MoehTr00,S,Isaiah Pola-Mao,PolaIs00,Referee,Craig Wrolstad,Umpire,Steve Woods,Down Judge,Danny Short,Line Judge,Brett Bergman,Back Judge,Rich Martinez,Side Judge,Frank Steratore,Field Judge,Jeff Shears
202410060htx,2024-10-06,Sunday,1:00pm,Houston Texans,Buffalo Bills,htx,buf,23,20,DeMeco Ryans,Sean McDermott,NRG Stadium,71427,3:09,retractable roof (closed),astroturf,,QB,C.J. Stroud,StroCJ00,RB,Dare Ogunbowale,OgunDa00,WR,Nico Collins,CollNi00,WR,Tank Dell,DellNa00,WR,Stefon Diggs,DiggSt00,TE,Dalton Schultz,SchuDa00,OL,Juice Scruggs,ScruJu00,T,Laremy Tunsil,TunsLa00,T,Blake Fisher,FishBl00,G,Kenyon Green,GreeKe03,G,Shaq Mason,MasoSh01,DE,Danielle Hunter,HuntDa01,DE,Will Anderson,AndeWi01,DT,Folorunso Fatukasi,FatuFo00,DT,Mario Edwards,EdwaMa01,LB,Azeez Al-Shaair,AlShAz00,LB,Henry To'oTo'o,TooTHe00,CB,Kamari Lassiter,LassKa00,CB,Derek Stingley Jr.,StinDe00,S,Jalen Pitre,PitrJa00,S,Calen Bullock,BullCa00,S,Jimmie Ward,WardJi01,QB,Josh Allen,AlleJo02,RB,James Cook,CookJa01,WR,Keon Coleman,ColeKe02,WR,Mack Hollins,HollMa00,TE,Dawson Knox,KnoxDa00,TE,Dalton Kincaid,KincDa00,T,Spencer Brown,BrowSp00,T,Dion Dawkins,DawkDi00,G,O'Cyrus Torrence,TorrOC00,G,Connor McGovern,McGoCo01,G,David Edwards,EdwaDa01,DE,Gregory Rousseau,RousGr00,DE,A.J. Epenesa,EpenAJ00,DT,DeWayne Carter,CartDe03,DT,DaQuan Jones,JoneDa04,LB,Dorian Williams,WillDo04,LB,Terrel Bernard,BernTe00,CB,Rasul Douglas,DougRa00,CB,Christian Benford,BenfCh00,DB,Cameron Lewis,LewiCa00,S,Damar Hamlin,HamlDa00,S,Cole Bishop,BishCo00,Referee,Clay Martin,Umpire,James Carter,Down Judge,Jerod Phillips,Line Judge,Brian Perry,Back Judge,Greg Wilson,Side Judge,Dave Hawkshaw,Field Judge,Alonzo Ramsey
202410060jax,2024-10-06,Sunday,1:00pm,Jacksonville Jaguars,Indianapolis Colts,jax,clt,37,34,Doug Pederson,Shane Steichen,EverBank Stadium,60214,3:05,outdoors,grass,"74 degrees, relative humidity 90%, wind 4 mph",QB,Trevor Lawrence,LawrTr00,RB,Travis Etienne,EtieTr00,WR,Brian Thomas,ThomBr06,WR,Gabriel Davis,DaviGa01,WR,Christian Kirk,KirkCh01,TE,Brenton Strange,StraBr00,OL,Ezra Cleveland,ClevEz00,OL,Brandon Scherff,ScheBr00,OL,Anton Harrison,HarrAn00,OL,Cam Robinson,RobiCa00,OL,Mitch Morse,MorsMi00,DE,Travon Walker,WalkTr03,DE,Josh Hines-Allen,AlleJo03,DT,Esezi Otomewo,OtomEs00,DT,DaVon Hamilton,HamiDa02,LB,Ventrell Miller,MillVe00,LB,Devin Lloyd,LloyDe00,CB,Ronald Darby,DarbRo00,CB,Montaric Brown,BrowMo00,S,Antonio Johnson,JohnAn07,S,Darnell Savage Jr.,SavaDa00,S,Andre Cisco,CiscAn00,QB,Joe Flacco,FlacJo00,RB,Trey Sermon,SermTr00,WR,Alec Pierce,PierAl00,WR,Josh Downs,DownJo00,WR,Ashton Dulin,DuliAs00,TE,Mo Alie-Cox,AlieMo00,OL,Will Fries,FrieWi00,T,Braden Smith,SmitBr06,T,Bernhard Raimann,RaimBe00,G,Quenton Nelson,NelsQu00,G,Tanor Bortolini,BortTa00,DE,Laiatu Latu,LatuLa00,DE,Dayo Odeyingbo,OdeyDa00,DT,Grover Stewart,StewGr00,DT,Taven Bryan,BryaTa00,LB,Zaire Franklin,FranZa00,LB,E.J. Speed,SpeeEJ00,CB,Samuel Womack,WomaSa00,CB,Chris Lammons,LammCh00,CB,Jaylon Jones,JoneJa13,S,Nick Cross,CrosNi00,S,Julian Blackmon,BlacJu01,Referee,Carl Cheffers,Umpire,Brandon Cruse,Down Judge,Mike Carr,Line Judge,Robin DeLorenzo,Back Judge,Martin Hankins,Side Judge,Nathan Jones,Field Judge,Eugene Hall
202410060min,2024-10-06,Sunday,9:30am,Minnesota Vikings,New York Jets,min,nyj,23,17,Kevin O'Connell,Robert Saleh,Tottenham Stadium,61139,3:20,outdoors,grass,"59 degrees, relative humidity 77%, wind 8 mph",QB,Sam Darnold,DarnSa00,RB,Aaron Jones,JoneAa00,WR,Jordan Addison,AddiJo00,WR,Justin Jefferson,JeffJu00,TE,Josh Oliver,OlivJo00,TE,Johnny Mundt,MundJo00,T,Brian O'Neill,ONeiBr00,T,Christian Darrisaw,DarrCh00,G,Blake Brandel,BranBl00,G,Ed Ingram,IngrEd00,C,Garrett Bradbury,BradGa00,DL,Jonathan Bullard,BullJo00,DL,Harrison Phillips,PhilHa00,DL,Jerry Tillery,TillJe00,OLB,Jonathan Greenard,GreeJo04,OLB,Andrew Van Ginkel,VanGAn00,LB,Blake Cashman,CashBl00,LB,Ivan Pace,PaceIv00,CB,Stephon Gilmore,GilmSt00,CB,Byron Murphy,MurpBy00,S,Camryn Bynum,BynuCa00,S,Harrison Smith,SmitHa00,QB,Aaron Rodgers,RodgAa00,RB,Breece Hall,HallBr03,WR,Garrett Wilson,WilsGa00,WR,Allen Lazard,LazaAl00,TE,Tyler Conklin,ConkTy00,TE,Jeremy Ruckert,RuckJe00,OL,Olumuyiwa Fashanu,FashOl00,OL,John Simpson,SimpJo00,OL,Tyron Smith,SmitTy00,G,Alijah Vera-Tucker,VeraAl00,C,Joe Tippmann,TippJo00,DL,Micheal Clemons,ClemMi03,DL,Quinnen Williams,WillQu00,DE,Will McDonald,McDoWi00,DT,Javon Kinlaw,KinlJa00,LB,Quincy Williams,WillQu01,LB,Jamien Sherwood,SherJa00,LB,Chazz Surratt,SurrCh00,CB,Sauce Gardner,GardSa00,CB,D.J. Reed,,S,Chuck Clark,ClarCh00,S,Tony Adams,AdamTo03,Referee,Scott Novak,Umpire,Mark Pellis,Down Judge,Brian Sakowski,Line Judge,Mark Stewart,Back Judge,Terrence Miles,Side Judge,David Meslow,Field Judge,Terry Brown
202410060nwe,2024-10-06,Sunday,1:00pm,New England Patriots,Miami Dolphins,nwe,mia,10,15,Jerod Mayo,Mike McDaniel,Gillette Stadium,64628,3:07,outdoors,fieldturf,"65 degrees, relative humidity 57%, wind 2 mph",QB,Jacoby Brissett,BrisJa00,RB,Antonio Gibson,GibsAn00,WR,Kayshon Boutte,BoutKa00,WR,Ja'Lynn Polk,PolkJa00,TE,Hunter Henry,HenrHu00,TE,Austin Hooper,HoopAu00,OL,Michael Onwenu,OnweMi00,OT,Demontrey Jacobs,JacoDe00,T,Vederian Lowe,LoweVe00,G,Nick Leverett,LeveNi00,G,Michael Jordan,JordMi01,DE,Keion White,WhitKe03,DT,Davon Godchaux,GodcDa00,DT,Daniel Ekuale,EkuaDa00,LB,Anfernee Jennings,JennAn00,LB,Raekwon McMillan,McMiRa02,LB,Jahlani Tavai,TavaJa00,CB,Jonathan Jones,JoneJo03,CB,Christian Gonzalez,GonzCh00,S,Jaylinn Hawkins,HawkJa00,S,Marte Mapu,MapuMa00,S,Dell Pettus,PettDe00,QB,Tyler Huntley,HuntTy01,RB,De'Von Achane,AchaDe00,FB,Alec Ingold,IngoAl01,WR,Jaylen Waddle,WaddJa00,WR,Tyreek Hill,HillTy00,TE,Julian Hill,HillJu02,OL,Robert Jones,JoneRo02,OL,Liam Eichenberg,EichLi00,OL,Aaron Brewer,BrewAa01,OL,Austin Jackson,JackAu00,T,Terron Armstead,ArmsTe00,DT,Benito Jones,JoneBe03,DT,Zach Sieler,SielZa00,DT,Calais Campbell,CampCa99,LB,Jordyn Brooks,BrooJo01,LB,David Long,LongDa04,LB,Emmanuel Ogbah,OgbaEm00,LB,Duke Riley,RileDu00,CB,Jalen Ramsey,RamsJa00,CB,Kendall Fuller,FullKe00,S,Jevon Holland,HollJe02,S,Marcus Maye,MayeMa00,Referee,Adrian Hill,Umpire,Roy Ellison,Down Judge,David Oliver,Line Judge,Greg Bradley,Back Judge,Greg Steed,Side Judge,Clay Reynard,Field Judge,Tra Boger
202410060pit,2024-10-06,Sunday,8:20pm,Pittsburgh Steelers,Dallas Cowboys,pit,dal,17,20,Mike Tomlin,Mike McCarthy,Acrisure Stadium,67380,3:12,outdoors,grass,"67 degrees, relative humidity 86%, wind 6 mph",QB,Justin Fields,FielJu00,RB,Najee Harris,HarrNa00,WR,Calvin Austin III,AustCa00,WR,George Pickens,PickGe00,WR,Van Jefferson,JeffVa00,TE,Pat Freiermuth,FreiPa00,OT,Dan Moore,MoorDa05,OT,Broderick Jones,JoneBr09,G,Isaac Seumalo,SeumIs00,G,Mason McCormick,McCoMa00,C,Zach Frazier,FrazZa00,DL,Keeanu Benton,BentKe00,DT,Cameron Heyward,HeywCa01,DT,Larry Ogunjobi,OgunLa00,LB,Nick Herbig,HerbNi00,LB,Patrick Queen,QueePa00,LB,Elandon Roberts,RobeEl00,LB,T.J. Watt,,CB,Donte Jackson,JackDo02,CB,Joey Porter Jr.,PortJo02,S,Minkah Fitzpatrick,FitzMi00,S,DeShon Elliott,ElliDe02,QB,Dak Prescott,PresDa01,RB,Rico Dowdle,DowdRi01,RB,Hunter Luepke,LuepHu00,WR,Jalen Tolbert,TolbJa00,WR,CeeDee Lamb,LambCe00,TE,Jake Ferguson,FergJa00,OL,Tyler Smith,SmitTy02,OT,Tyler Guyton,GuytTy00,T,Terence Steele,SteeTe01,OG,Cooper Beebe,BeebCo00,G,Zack Martin,MartZa00,DE,Marshawn Kneeland,KneeMa00,DE,Chauncey Golston,GolsCh00,DT,Osa Odighizuwa,OdigOs00,DT,Mazi Smith,SmitMa06,MLB,Eric Kendricks,KendEr00,LB,DeMarvion Overshown,OverDe00,CB,Trevon Diggs,DiggTr00,CB,Amani Oruwariye,OruwAm00,CB,Jourdan Lewis,LewiJo01,S,Malik Hooker,HookMa00,S,Donovan Wilson,WilsDo01,Referee,Shawn Hochuli,Umpire,Terry Killens,Down Judge,Patrick Holt,Line Judge,Tim Podraza,Back Judge,Jimmy Russell,Side Judge,Jim Quirk,Field Judge,Jason Ledet
202410060ram,2024-10-06,Sunday,4:25pm,Los Angeles Rams,Green Bay Packers,ram,gnb,19,24,Sean McVay,Matt LaFleur,SoFi Stadium,72842,3:04,dome,matrixturf,,QB,Matthew Stafford,StafMa00,RB,Kyren Williams,WillKy02,WR,Tutu Atwell,AtweTu00,WR,Jordan Whittington,WhitJo04,WR,Demarcus Robinson,RobiDe01,TE,Colby Parkinson,ParkCo02,OL,Logan Bruss,BrusLo00,OL,Kevin Dotson,DotsKe00,OL,Rob Havenstein,HaveRo00,OL,Alaric Jackson,JackAl01,OL,Beaux Limmer,LimmBe00,DE,Kobie Turner,TurnKo00,NT,Bobby Brown,BrowBo04,OLB,Byron Young,YounBy01,OLB,Jared Verse,VersJa00,LB,Christian Rozeboom,RozeCh00,LB,Troy Reeder,ReedTr01,CB,Ahkello Witherspoon,WithAh00,DB,Josh Wallace,WallJo00,DB,Quentin Lake,LakeQu00,DB,Cobie Durant,DuraDe01,DB,Kamren Curl,CurlKa00,QB,Jordan Love,LoveJo03,RB,Josh Jacobs,JacoJo01,WR,Jayden Reed,ReedJa03,WR,Malik Heath,HeatMa00,WR,Dontayvion Wicks,WickDo00,TE,Tucker Kraft,KrafTu00,OL,Zach Tom,TomxZa00,OL,Josh Myers,MyerJo00,OL,Elgton Jenkins,JenkEl00,T,Rasheed Walker,WalkRa00,G,Sean Rhyan,RhyaSe00,DL,Rashan Gary,GaryRa00,DL,Kenny Clark,ClarKe01,DL,Tedarrell Slaton,SlatTe00,DL,Preston Smith,SmitPr00,LB,Isaiah McDuffie,McDuIs00,LB,Quay Walker,WalkQu00,CB,Keisean Nixon,NixoKe00,CB,Eric Stokes,StokEr00,S,Javon Bullard,BullJa00,S,Xavier McKinney,McKiXa00,S,Evan Williams,WillEv00,Referee,Brad Allen,Umpire,Duane Heydt,Down Judge,Sarah Thomas,Line Judge,Walter Flowers,Back Judge,Tyree Walton,Side Judge,Chad Hill,Field Judge,Rick Patterson
202410060sea,2024-10-06,Sunday,4:25pm,Seattle Seahawks,New York Giants,sea,nyg,20,29,Mike Macdonald,Brian Daboll,Lumen Field,68306,2:59,outdoors,fieldturf,"61 degrees, relative humidity 68%, wind 3 mph",QB,Geno Smith,SmitGe00,RB,Kenneth Walker III,WalkKe00,WR,Jaxon Smith-Njigba,SmitJa06,WR,D.K. Metcalf,MetcDK00,WR,Tyler Lockett,LockTy00,TE,Noah Fant,FantNo00,T,Charles Cross,CrosCh00,T,Stone Forsythe,ForsSt00,G,Anthony Bradford,BradAn00,G,Laken Tomlinson,TomlLa01,C,Connor Williams,WillCo00,DE,Dre'Mont Jones,JoneDr00,DE,Leonard Williams,WillLe02,DT,Johnathan Hankins,HankJo00,OLB,Derick Hall,HallDe04,LB,Tyrel Dodson,DodsTy01,LB,Jerome Baker,BakeJe00,CB,Tre Brown,BrowTr03,CB,Devon Witherspoon,WithDe00,CB,Riq Woolen,WoolTa00,SS,Rayshawn Jenkins,JenkRa00,FS,Julian Love,LoveJu00,QB,Daniel Jones,JoneDa05,RB,Tyrone Tracy Jr.,TracTy00,WR,Jalin Hyatt,HyatJa00,WR,Darius Slayton,SlayDa01,WR,Wan'Dale Robinson,RobiWa01,TE,Theo Johnson,JohnTh00,OL,Jermaine Eluemunor,ElueJe00,T,Andrew Thomas,ThomAn02,OG,Greg Van Roten,VanRGr00,G,Jon Runyan Jr.,RunyJo00,C,John Michael Schmitz,MichJo00,DL,Dexter Lawrence,LawrDe03,DL,Rakeem Nunez-Roches,NuneRa00,OLB,Brian Burns,BurnBr00,OLB,Kayvon Thibodeaux,ThibKa00,LB,Bobby Okereke,OkerBo00,LB,Micah McFadden,McFaMi01,CB,Nick McCloud,McClNi00,CB,Cordale Flott,FlotCo00,CB,Deonte Banks,BankDe00,S,Jason Pinnock,PinnJa01,S,Tyler Nubin,NubiTy00,Referee,Shawn Smith,Umpire,Alex Moore,Down Judge,Jay Bilbo,Line Judge,Jeff Seeman,Back Judge,Dino Paganelli,Side Judge,Boris Cheek,Field Judge,Dyrol Prioleau
202410060sfo,2024-10-06,Sunday,4:05pm,San Francisco 49ers,Arizona Cardinals,sfo,crd,23,24,Kyle Shanahan,Jonathan Gannon,Levi's Stadium,71310,3:02,outdoors,grass,"89 degrees, relative humidity 31%, wind 3 mph",QB,Brock Purdy,PurdBr00,RB,Jordan Mason,MasoJo00,FB,Kyle Juszczyk,JuszKy00,WR,Brandon Aiyuk,AiyuBr00,WR,Deebo Samuel,SamuDe00,TE,George Kittle,KittGe00,OL,Aaron Banks,BankAa00,OL,Dominick Puni,PuniDo00,OL,Colton McKivitz,McKiCo00,OL,Jake Brendel,BrenJa01,OT,Trent Williams,WillTr21,DL,Leonard Floyd,FloyLe00,DL,Jordan Elliott,ElliJo02,DL,Maliek Collins,CollMa00,DL,Nick Bosa,BosaNi00,LB,De'Vondre Campbell,CampDe00,LB,Fred Warner,WarnFr00,LB,Dee Winters,WintDe00,CB,Charvarius Ward,WardCh01,DB,Deommodore Lenoir,LenoDe00,S,Talanoa Hufanga,HufaTa00,S,Ji'Ayir Brown,BrowJi01,QB,Kyler Murray,MurrKy00,RB,James Conner,ConnJa00,WR,Michael Wilson,WilsMi02,WR,Marvin Harrison Jr.,HarrMa09,TE,Elijah Higgins,HiggEl00,TE,Trey McBride,McBrTr01,OL,Hjalte Froholdt,FrohHj00,OL,Will Hernandez,HernWi00,OL,Paris Johnson,JohnPa03,OL,Evan Brown,BrowEv00,OL,Kelvin Beachum,BeacKe00,DL,L.J. Collier,CollLJ00,DL,Roy Lopez,LopeRo00,DL,Bilal Nichols,NichBi00,OLB,Zaven Collins,CollZa00,OLB,Dennis Gardeck,GardDe01,LB,Kyzir White,WhitKy00,LB,Mack Wilson,WilsMa03,CB,Sean Murphy-Bunting,BuntSe00,CB,Starling Thomas,ThomSt01,S,Budda Baker,BakeBu00,S,Jalen Thompson,ThomJa04,Referee,Land Clark,Umpire,Paul King,Down Judge,Tom Stephan,Line Judge,Jeff Hutcheon,Back Judge,Brad Freeman,Side Judge,Dominique Pender,Field Judge,Jabir Walker
202410060was,2024-10-06,Sunday,1:00pm,Washington Commanders,Cleveland Browns,was,cle,34,13,Dan Quinn,Kevin Stefanski,Northwest Stadium,59030,3:10,outdoors,grass,"73 degrees, relative humidity 54%, wind 5 mph",QB,Jayden Daniels,DaniJa02,RB,Brian Robinson Jr.,RobiBr01,WR,Olamide Zaccheaus,ZaccOl01,WR,Terry McLaurin,McLaTe00,WR,Luke McCaffrey,McCaLu00,TE,Zach Ertz,ErtzZa00,OL,Andrew Wylie,WyliAn00,OT,Brandon Coleman,ColeBr02,G,Nick Allegretti,AlleNi00,G,Samuel Cosmi,CosmSa00,C,Tyler Biadasz,BiadTy00,DE,Dorance Armstrong Jr.,ArmsDo00,DT,Daron Payne,PaynDa00,DT,Jonathan Allen,AlleJo01,MLB,Bobby Wagner,WagnBo00,LB,Dante Fowler,FowlDa00,LB,Frankie Luvu,LuvuFr00,CB,Noah Igbinoghene,IgbiNo00,CB,Mike Sainristil,SainMi00,CB,Benjamin St-Juste,StJuBe00,DB,Quan Martin,MartJa04,S,Jeremy Chinn,ChinJe00,QB,Deshaun Watson,WatsDe00,RB,D'Onta Foreman,ForeDO00,WR,Amari Cooper,CoopAm00,WR,Elijah Moore,MoorEl00,WR,Jerry Jeudy,JeudJe00,TE,David Njoku,NjokDa00,T,Jedrick Wills Jr.,WillJe04,T,Dawand Jones,JoneDa07,G,Zak Zinter,ZintZa00,G,Joel Bitonio,BitoJo00,C,Ethan Pocic,PociEt00,DE,Myles Garrett,GarrMy00,DE,Za'Darius Smith,SmitZa00,DT,Shelby Harris,HarrSh00,DT,Dalvin Tomlinson,TomlDa00,LB,Jeremiah Owusu-Koramoah,OwusJe00,LB,Devin Bush Jr.,BushDe01,CB,Greg Newsome II,NewsGr00,CB,Denzel Ward,WardDe02,CB,Martin Emerson,EmerMa00,S,Ronnie Hickman,HickRo00,S,Grant Delpit,DelpGr00,Referee,Alan Eck,Umpire,Tab Slaughter,Down Judge,Derick Bowers,Line Judge,Derek Anderson,Back Judge,Greg Meyer,Side Judge,Dale Shaw,Field Judge,John Jenkins
202410070kan,2024-10-07,Monday,8:15pm,Kansas City Chiefs,New Orleans Saints,kan,nor,26,13,Andy Reid,Dennis Allen,GEHA Field at Arrowhead Stadium,73592,3:04,outdoors,grass,"70 degrees, relative humidity 27%, wind 1 mph",QB,Patrick Mahomes,MahoPa00,RB,Kareem Hunt,HuntKa00,WR,Xavier Worthy,WortXa00,WR,Justin Watson,WatsJu01,WR,JuJu Smith-Schuster,SmitJu00,TE,Travis Kelce,KelcTr00,OL,Wanya Morris,MorrWa01,T,Jawaan Taylor,TaylJa02,G,Trey Smith,SmitTr05,G,Joe Thuney,ThunJo00,C,Creed Humphrey,HumpCr00,DE,George Karlaftis III,KarlGe00,DE,Michael Danna,DannMi00,DT,Chris Jones,JoneCh09,DT,Mike Pennel,PennMi00,LB,Nick Bolton,BoltNi00,LB,Drue Tranquill,TranDr00,LB,Leo Chenal,ChenLe00,CB,Trent McDuffie,McDuTr00,CB,Jaylen Watson,WatsJa02,S,Justin Reid,ReidJu00,S,Bryan Cook,CookBr02,QB,Derek Carr,CarrDe02,RB,Alvin Kamara,KamaAl00,WR,Chris Olave,OlavCh00,TE,Dallin Holker,HolkDa00,TE,Juwan Johnson,JohnJu02,TE,Foster Moreau,MoreFo00,OL,Nick Saldiveri,SaldNi00,OL,Lucas Patrick,PatrLu00,OT,Taliese Fuaga,FuagTa00,OT,Trevor Penning,PennTr00,T,Landon Young,YounLa00,DE,Cameron Jordan,JordCa00,DE,Carl Granderson,GranCa01,DT,Khalen Saunders,SaunKh00,DT,Nathan Shepherd,ShepNa00,LB,Anfernee Orji,OrjiAn00,LB,Demario Davis,DaviDe00,CB,Marshon Lattimore,LattMa01,CB,Will Harris,HarrWi02,CB,Alontae Taylor,TaylAl01,CB,Paulson Adebo,AdebPa00,S,Tyrann Mathieu,MathTy00,Referee,Brad Rogers,Umpire,Bryan Neale,Down Judge,Kent Payne,Line Judge,Kevin Codey,Back Judge,Greg Yette,Side Judge,Anthony Jeffries,Field Judge,Joe Blubaugh
202410100sea,2024-10-10,Thursday,8:15pm,Seattle Seahawks,San Francisco 49ers,sea,sfo,24,36,Mike Macdonald,Kyle Shanahan,Lumen Field,68768,3:10,outdoors,fieldturf,"59 degrees, relative humidity 61%, wind 10 mph",QB,Geno Smith,SmitGe00,RB,Kenneth Walker III,WalkKe00,WR,Jake Bobo,BoboJa00,WR,Jaxon Smith-Njigba,SmitJa06,TE,AJ Barner,BarnAJ00,TE,Pharaoh Brown,BrowPh01,T,Charles Cross,CrosCh00,T,Stone Forsythe,ForsSt00,G,Anthony Bradford,BradAn00,G,Laken Tomlinson,TomlLa01,C,Connor Williams,WillCo00,DE,Leonard Williams,WillLe02,DE,Dre'Mont Jones,JoneDr00,DT,Johnathan Hankins,HankJo00,NT,Jarran Reed,ReedJa02,OLB,Derick Hall,HallDe04,LB,Jerome Baker,BakeJe00,LB,Tyrel Dodson,DodsTy01,CB,Devon Witherspoon,WithDe00,CB,Tre Brown,BrowTr03,SS,Rayshawn Jenkins,JenkRa00,FS,Julian Love,LoveJu00,QB,Brock Purdy,PurdBr00,RB,Jordan Mason,MasoJo00,WR,Brandon Aiyuk,AiyuBr00,WR,Deebo Samuel,SamuDe00,TE,Eric Saubert,SaubEr00,TE,George Kittle,KittGe00,OL,Aaron Banks,BankAa00,OL,Dominick Puni,PuniDo00,OL,Colton McKivitz,McKiCo00,OL,Jake Brendel,BrenJa01,OT,Trent Williams,WillTr21,DL,Kevin Givens,GiveKe01,DL,Leonard Floyd,FloyLe00,DL,Maliek Collins,CollMa00,DL,Nick Bosa,BosaNi00,LB,De'Vondre Campbell,CampDe00,LB,Fred Warner,WarnFr00,LB,Dee Winters,WintDe00,CB,Isaac Yiadom,YiadIs00,DB,Deommodore Lenoir,LenoDe00,S,Malik Mustapha,MustMa00,S,Ji'Ayir Brown,BrowJi01,Referee,Craig Wrolstad,Umpire,Steve Woods,Down Judge,Danny Short,Line Judge,Brett Bergman,Back Judge,Rich Martinez,Side Judge,Frank Steratore,Field Judge,Jeff Shears
202410130car,2024-10-13,Sunday,4:25pm,Carolina Panthers,Atlanta Falcons,car,atl,20,38,Dave Canales,Raheem Morris,Bank of America Stadium,70884,3:02,outdoors,grass,"79 degrees, relative humidity 44%, wind 9 mph",QB,Andy Dalton,DaltAn00,RB,Chuba Hubbard,HubbCh01,WR,Diontae Johnson,JohnDi01,WR,Jonathan Mingo,MingJo00,WR,Xavier Legette,LegeXa00,TE,Ja'Tavion Sanders,SandJa01,T,Ikem Ekwonu,EkwoIk00,T,Yosh Nijman,NijmYo01,G,Brady Christensen,ChriBr00,G,Robert Hunt,HuntRo01,G,Damien Lewis,LewiDa05,DE,A'Shawn Robinson,RobiAS00,DT,Shy Tuttle,TuttSh00,OLB,DJ Johnson,JohnDJ00,OLB,Charles Harris,HarrCh03,LB,Claudin Cherelus,CherCl00,LB,Trevin Wallace,WallTr00,CB,Michael Jackson,JackMi01,CB,Jaycee Horn,HornJa00,CB,Troy Hill,HillTr01,S,Nick Scott,ScotNi01,S,Xavier Woods,WoodXa00,QB,Kirk Cousins,CousKi00,RB,Bijan Robinson,RobiBi01,WR,Darnell Mooney,MoonDa00,WR,Ray-Ray McCloud,McClRa00,WR,Drake London,LondDr00,TE,Kyle Pitts,PittKy00,OL,Matthew Bergeron,BergMa00,OL,Ryan Neuzil,NeuzRy00,T,Kaleb McGary,McGaKa00,T,Jake Matthews,MattJa00,G,Chris Lindstrom,LindCh00,DL,Grady Jarrett,JarrGr00,DL,James Smith-Williams,SmitJa08,DL,David Onyemata,OnyeDa00,OLB,Matt Judon,JudoMa00,LB,Nathan Landman,LandNa01,LB,Kaden Elliss,ElliKa00,CB,AJ Terrell,TerrAJ00,CB,DeAundre Alford,AlfoDe00,CB,Mike Hughes,HughMi00,S,Justin Simmons,SimmJu00,S,Jessie Bates III,BateJe00,Referee,Clay Martin,Umpire,James Carter,Down Judge,Jerod Phillips,Line Judge,Brian Perry,Back Judge,Greg Wilson,Side Judge,Dave Hawkshaw,Field Judge,Alonzo Ramsey
202410130chi,2024-10-13,Sunday,9:30am,Chicago Bears,Jacksonville Jaguars,chi,jax,35,16,Matt Eberflus,Doug Pederson,Tottenham Stadium,61182,2:56,outdoors,grass,"54 degrees, relative humidity 55%, wind 3 mph",QB,Caleb Williams,WillCa03,RB,D'Andre Swift,SwifDA00,WR,Keenan Allen,AlleKe00,WR,Rome Odunze,OdunRo00,WR,D.J. Moore,,TE,Cole Kmet,KmetCo00,OL,Darnell Wright,WrigDa00,OL,Coleman Shelton,ShelCo00,OL,Teven Jenkins,JenkTe00,OL,Matt Pryor,PryoMa00,OL,Braxton Jones,JoneBr08,DL,Andrew Billings,BillAn00,DL,DeMarcus Walker,WalkDe03,DL,Montez Sweat,SweaMo00,DL,Gervon Dexter,DextGe00,LB,T.J. Edwards,EdwaTJ02,LB,Tremaine Edmunds,EdmuTr01,DB,Jaylon Jones,JoneJa12,DB,Jaylon Johnson,JohnJa13,DB,Elijah Hicks,HickEl00,DB,Kyler Gordon,GordKy00,DB,Kevin Byard,ByarKe01,QB,Trevor Lawrence,LawrTr00,RB,Travis Etienne,EtieTr00,WR,Brian Thomas,ThomBr06,WR,Gabriel Davis,DaviGa01,WR,Christian Kirk,KirkCh01,TE,Evan Engram,EngrEv00,OL,Ezra Cleveland,ClevEz00,OL,Brandon Scherff,ScheBr00,OL,Cam Robinson,RobiCa00,OL,Anton Harrison,HarrAn00,OL,Mitch Morse,MorsMi00,DE,Travon Walker,WalkTr03,DE,Josh Hines-Allen,AlleJo03,DT,Esezi Otomewo,OtomEs00,DT,DaVon Hamilton,HamiDa02,LB,Devin Lloyd,LloyDe00,LB,Ventrell Miller,MillVe00,CB,Ronald Darby,DarbRo00,CB,Montaric Brown,BrowMo00,S,Antonio Johnson,JohnAn07,S,Darnell Savage Jr.,SavaDa00,S,Andre Cisco,CiscAn00,Referee,Brad Allen,Umpire,Duane Heydt,Down Judge,Sarah Thomas,Line Judge,Walter Flowers,Back Judge,Tyree Walton,Side Judge,Chad Hill,Field Judge,Rick Patterson
202410130dal,2024-10-13,Sunday,4:25pm,Dallas Cowboys,Detroit Lions,dal,det,9,47,Mike McCarthy,Dan Campbell,AT&T Stadium,93644,3:13,retractable roof (closed),matrixturf,,QB,Dak Prescott,PresDa01,RB,Rico Dowdle,DowdRi01,WR,KaVontae Turpin,TurpKa00,WR,Jalen Tolbert,TolbJa00,WR,CeeDee Lamb,LambCe00,TE,Jake Ferguson,FergJa00,OL,Tyler Smith,SmitTy02,T,Terence Steele,SteeTe01,OG,Cooper Beebe,BeebCo00,G,Zack Martin,MartZa00,G,T.J. Bass,BassTJ00,DE,Carl Lawson,LawsCa00,DE,Chauncey Golston,GolsCh00,DT,Osa Odighizuwa,OdigOs00,DT,Mazi Smith,SmitMa06,LB,Marist Liufau,LiufMa00,LB,DeMarvion Overshown,OverDe00,LB,Damone Clark,ClarDa02,CB,Amani Oruwariye,OruwAm00,CB,Trevon Diggs,DiggTr00,S,Malik Hooker,HookMa00,S,Donovan Wilson,WilsDo01,QB,Jared Goff,GoffJa00,RB,David Montgomery,MontDa01,WR,Jameson Williams,WillJa11,WR,Amon-Ra St. Brown,StxxAm00,TE,Sam LaPorta,LaPoSa01,OL,Graham Glasgow,GlasGr00,T,Dan Skipper,SkipDa00,T,Taylor Decker,DeckTa00,T,Penei Sewell,SewePe00,G,Kevin Zeitler,ZeitKe00,C,Frank Ragnow,RagnFr00,DL,Alim McNeill,McNeAl00,DL,D.J. Reader,,DL,Josh Paschal,PascJo00,DL,Aidan Hutchinson,HutcAi00,LB,Alex Anzalone,AnzaAl00,LB,Jack Campbell,CampJa04,CB,Amik Robertson,RobeAm00,CB,Carlton Davis,DaviCa02,CB,Terrion Arnold,ArnoTe00,DB,Brian Branch,BranBr00,S,Kerby Joseph,JoseKe03,Referee,John Hussey,Umpire,Tony Michalek,Down Judge,Max Causey,Line Judge,Carl Johnson,Back Judge,Matt Edwards,Side Judge,Allen Baynes,Field Judge,Anthony Flemming
202410130den,2024-10-13,Sunday,4:05pm,Denver Broncos,Los Angeles Chargers,den,sdg,16,23,Sean Payton,Jim Harbaugh,Empower Field at Mile High,70743,3:02,outdoors,grass,"65 degrees, relative humidity 28%, wind 7 mph",QB,Bo Nix,NixxBo00,RB,Javonte Williams,WillJa10,WR,Devaughn Vele,VeleDe00,WR,Courtland Sutton,SuttCo00,WR,Troy Franklin,FranTr00,TE,Adam Trautman,TrauAd00,OL,Quinn Meinerz,MeinQu02,T,Matt Peart,PearMa00,T,Garett Bolles,BollGa00,G,Ben Powers,PoweBe00,C,Alex Forsyth,ForsAl00,DE,John Franklin-Myers,FranJo02,DE,Zach Allen,AlleZa01,DT,D.J. Jones,,OLB,Jonathon Cooper,CoopJo02,OLB,Nik Bonitto,BoniNi00,LB,Justin Strnad,StrnJu00,LB,Cody Barton,BartCo00,CB,Riley Moss,MossRi00,CB,Patrick Surtain II,SurtPa01,S,Brandon Jones,JoneBr06,S,P.J. Locke,LockPJ00,QB,Justin Herbert,HerbJu00,RB,J.K. Dobbins,DobbJK00,FB,Scott Matlock,MatlSc00,WR,Ladd McConkey,McCoLa00,WR,Quentin Johnston,JohnQu02,TE,Hayden Hurst,HursHa00,OT,Joe Alt,AltxJo01,T,Rashawn Slater,SlatRa00,T,Trey Pipkins,PipkTr00,G,Zion Johnson,JohnZi00,C,Bradley Bozeman,BozeBr00,DT,Otito Ogbonnia,OgboOt00,DT,Poona Ford,FordPo00,OLB,Khalil Mack,MackKh00,OLB,Tuli Tuipulotu,TuipTu00,LB,Daiyan Henley,HenlDa00,LB,Denzel Perryman,PerrDe00,CB,Cam Hart,HartCa00,CB,Kristian Fulton,FultKr00,CB,Tarheeb Still,StilTa00,S,Derwin James,JameDe00,S,Alohi Gilman,GilmAl00,Referee,Tra Blake,Umpire,Carl Paganelli,Down Judge,Patrick Turner,Line Judge,Tom Eaton,Back Judge,Grantis Bell,Side Judge,Don Willard,Field Judge,Mearl Robinson
202410130gnb,2024-10-13,Sunday,1:00pm,Green Bay Packers,Arizona Cardinals,gnb,crd,34,13,Matt LaFleur,Jonathan Gannon,Lambeau Field,77773,3:03,outdoors,grass,"50 degrees, relative humidity 86%, wind 4 mph",QB,Jordan Love,LoveJo03,RB,Josh Jacobs,JacoJo01,WR,Christian Watson,WatsCh00,WR,Jayden Reed,ReedJa03,TE,Tucker Kraft,KrafTu00,TE,Ben Sims,SimsBe00,OL,Zach Tom,TomxZa00,OL,Elgton Jenkins,JenkEl00,OL,Josh Myers,MyerJo00,T,Rasheed Walker,WalkRa00,G,Sean Rhyan,RhyaSe00,DL,Kenny Clark,ClarKe01,DL,Rashan Gary,GaryRa00,DL,Preston Smith,SmitPr00,DL,Tedarrell Slaton,SlatTe00,LB,Quay Walker,WalkQu00,LB,Isaiah McDuffie,McDuIs00,LB,Eric Wilson,WilsEr00,CB,Keisean Nixon,NixoKe00,CB,Jaire Alexander,AlexJa00,S,Xavier McKinney,McKiXa00,S,Javon Bullard,BullJa00,QB,Kyler Murray,MurrKy00,RB,James Conner,ConnJa00,WR,Marvin Harrison Jr.,HarrMa09,TE,Tip Reiman,ReimTi00,TE,Trey McBride,McBrTr01,TE,Elijah Higgins,HiggEl00,OL,Kelvin Beachum,BeacKe00,OL,Paris Johnson,JohnPa03,OL,Hjalte Froholdt,FrohHj00,OL,Trystan Colon,ColoTr01,OL,Evan Brown,BrowEv00,DL,L.J. Collier,CollLJ00,DL,Roy Lopez,LopeRo00,DL,Bilal Nichols,NichBi00,OLB,Dennis Gardeck,GardDe01,OLB,Zaven Collins,CollZa00,LB,Kyzir White,WhitKy00,LB,Mack Wilson,WilsMa03,CB,Sean Murphy-Bunting,BuntSe00,CB,Starling Thomas,ThomSt01,S,Budda Baker,BakeBu00,S,Jalen Thompson,ThomJa04,Referee,Alex Kemp,Umpire,Mike Morton,Down Judge,Robert Richeson,Line Judge,Rusty Baynes,Back Judge,Scott Helverson,Side Judge,Lo van Pham,Field Judge,Sean Petty
202410130nor,2024-10-13,Sunday,1:00pm,New Orleans Saints,Tampa Bay Buccaneers,nor,tam,27,51,Dennis Allen,Todd Bowles,Caesars Superdome,70041,3:27,dome,sportturf,,QB,Spencer Rattler,RattSp00,RB,Alvin Kamara,KamaAl00,WR,Rashid Shaheed,ShahRa00,WR,Chris Olave,OlavCh00,TE,Juwan Johnson,JohnJu02,TE,Foster Moreau,MoreFo00,OL,Nick Saldiveri,SaldNi00,OT,Taliese Fuaga,FuagTa00,OT,Trevor Penning,PennTr00,T,Landon Young,YounLa00,C,Connor McGovern,McGoCo00,DE,Carl Granderson,GranCa01,DE,Cameron Jordan,JordCa00,DT,Bryan Bresee,BresBr00,DT,Nathan Shepherd,ShepNa00,LB,Willie Gay Jr.,GayJWi00,LB,Demario Davis,DaviDe00,CB,Marshon Lattimore,LattMa01,CB,Alontae Taylor,TaylAl01,CB,Paulson Adebo,AdebPa00,DB,Jordan Howden,HowdJo00,S,Tyrann Mathieu,MathTy00,QB,Baker Mayfield,MayfBa00,RB,Bucky Irving,IrviBu00,WR,Sterling Shepard,ShepSt00,WR,Mike Evans,EvanMi00,WR,Chris Godwin,GodwCh00,TE,Cade Otton,OttoCa00,T,Tristan Wirfs,WirfTr00,T,Luke Goedeke,GoedLu00,G,Cody Mauch,MaucCo00,G,Ben Bredeson,BredBe00,C,Robert Hainsey,HainRo00,DL,Calijah Kancey,KancCa00,DL,Logan Hall,HallLo00,NT,Vita Vea,VeaxVi00,OLB,YaYa Diaby,DiabYa00,OLB,Joe Tryon-Shoyinka,TryoJo00,LB,Lavonte David,DaviLa00,LB,K.J. Britt,BritKJ00,CB,Zyon McCollum,McCoZy02,CB,Jamel Dean,DeanJa00,S,Jordan Whitehead,WhitJo03,S,Antoine Winfield Jr.,WinfAn00,Referee,Clete Blakeman,Umpire,Scott Campbell,Down Judge,Dana McKenzie,Line Judge,Julian Mapp,Back Judge,Jonah Monroe,Side Judge,James Coleman,Field Judge,Karina Tovar
202410130nwe,2024-10-13,Sunday,1:00pm,New England Patriots,Houston Texans,nwe,htx,21,41,Jerod Mayo,DeMeco Ryans,Gillette Stadium,64628,3:06,outdoors,fieldturf,"53 degrees, relative humidity 53%, wind 5 mph",QB,Drake Maye,MayeDr00,RB,Antonio Gibson,GibsAn00,WR,Demario Douglas,DougDe00,WR,Kayshon Boutte,BoutKa00,WR,Ja'Lynn Polk,PolkJa00,TE,Hunter Henry,HenrHu00,OL,Michael Onwenu,OnweMi00,OT,Demontrey Jacobs,JacoDe00,T,Vederian Lowe,LoweVe00,G,Michael Jordan,JordMi01,C,Ben Brown,BrowBe01,DE,Deatrich Wise Jr.,WiseDe00,DE,Keion White,WhitKe03,DT,Davon Godchaux,GodcDa00,DT,Daniel Ekuale,EkuaDa00,LB,Anfernee Jennings,JennAn00,LB,Raekwon McMillan,McMiRa02,LB,Jahlani Tavai,TavaJa00,CB,Jonathan Jones,JoneJo03,CB,Christian Gonzalez,GonzCh00,S,Marte Mapu,MapuMa00,S,Kyle Dugger,DuggKy00,QB,C.J. Stroud,StroCJ00,RB,Joe Mixon,MixoJo00,WR,Tank Dell,DellNa00,WR,Stefon Diggs,DiggSt00,TE,Cade Stover,StovCa00,TE,Teagan Quitoriano,QuitTe00,OL,Juice Scruggs,ScruJu00,T,Laremy Tunsil,TunsLa00,T,Tytus Howard,HowaTy00,G,Shaq Mason,MasoSh01,G,Kenyon Green,GreeKe03,DE,Danielle Hunter,HuntDa01,DE,Will Anderson,AndeWi01,DT,Folorunso Fatukasi,FatuFo00,DT,Mario Edwards,EdwaMa01,LB,Henry To'oTo'o,TooTHe00,LB,Azeez Al-Shaair,AlShAz00,CB,D'Angelo Ross,RossDA03,CB,Derek Stingley Jr.,StinDe00,S,Eric Murray,MurrEr00,S,Jalen Pitre,PitrJa00,S,Calen Bullock,BullCa00,Referee,Ron Torbert,Umpire,Barry Anderson,Down Judge,Frank LeBlanc,Line Judge,Brian Bolinger,Back Judge,Tony Josselyn,Side Judge,Keith Washington,Field Judge,Ryan Dickson
202410130nyg,2024-10-13,Sunday,8:20pm,New York Giants,Cincinnati Bengals,nyg,cin,7,17,Brian Daboll,Zac Taylor,MetLife Stadium,78809,2:49,outdoors,fieldturf,"63 degrees, relative humidity 81%, wind 2 mph",QB,Daniel Jones,JoneDa05,RB,Tyrone Tracy Jr.,TracTy00,WR,Darius Slayton,SlayDa01,WR,Wan'Dale Robinson,RobiWa01,TE,Daniel Bellinger,BellDa00,TE,Theo Johnson,JohnTh00,OL,Jermaine Eluemunor,ElueJe00,T,Andrew Thomas,ThomAn02,OG,Greg Van Roten,VanRGr00,G,Jon Runyan Jr.,RunyJo00,C,John Michael Schmitz,MichJo00,DL,Rakeem Nunez-Roches,NuneRa00,DL,Dexter Lawrence,LawrDe03,DL,D.J. Davidson,DaviDJ00,OLB,Azeez Ojulari,OjulAz00,OLB,Brian Burns,BurnBr00,LB,Micah McFadden,McFaMi01,LB,Bobby Okereke,OkerBo00,CB,Cordale Flott,FlotCo00,CB,Deonte Banks,BankDe00,S,Tyler Nubin,NubiTy00,S,Jason Pinnock,PinnJa01,QB,Joe Burrow,BurrJo01,RB,Chase Brown,BrowCh10,WR,Tee Higgins,HiggTe00,WR,Ja'Marr Chase,ChasJa00,TE,Drew Sample,SampDr00,TE,Erick All,AllxEr00,OT,Orlando Brown Jr.,BrowOr00,OT,Amarius Mims,MimsAm00,G,Alex Cappa,CappAl00,G,Cordell Volson,VolsCo02,C,Ted Karras,KarrTe00,DE,Trey Hendrickson,HendTr00,DE,Sam Hubbard,HubbSa00,DT,B.J. Hill,,DT,Kris Jenkins,JenkKr01,DT,Sheldon Rankins,RankSh00,LB,Logan Wilson,WilsLo00,LB,Germaine Pratt,PratGe00,CB,Cam Taylor-Britt,TaylCa01,CB,DJ Turner,TurnDJ01,S,Geno Stone,StonGe00,S,Vonn Bell,BellVo00,Referee,Carl Cheffers,Umpire,Brandon Cruse,Down Judge,Mike Carr,Line Judge,Robin DeLorenzo,Back Judge,Martin Hankins,Side Judge,Nathan Jones,Field Judge,Eugene Hall
202410130oti,2024-10-13,Sunday,1:00pm,Tennessee Titans,Indianapolis Colts,oti,clt,17,20,Brian Callahan,Shane Steichen,Nissan Stadium,64302,3:03,outdoors,grass,"80 degrees, relative humidity 45%, wind 12 mph",QB,Will Levis,LeviWi00,RB,Tony Pollard,PollTo00,WR,Tyler Boyd,BoydTy00,WR,Calvin Ridley,RidlCa00,TE,Josh Whyle,WhylJo01,TE,Nick Vannett,VannNi00,OL,Peter Skoronski,SkorPe00,OL,Dillon Radunz,RaduDi00,OT,JC Latham,LathJC00,T,Leroy Watson,WatsLe00,C,Lloyd Cushenberry III,CushLl00,DT,Jeffery Simmons,SimmJe01,NT,T'Vondre Sweat,SweaTV01,OLB,Arden Key,KeyxAr00,OLB,Harold Landry,LandHa00,LB,Kenneth Murray,MurrKe00,LB,Ernest Jones,JoneEr01,CB,Roger McCreary,McCrRo01,CB,L'Jarius Sneed,SneeLJ00,CB,Jarvis Brownlee,BrowJa09,FS,Quandre Diggs,DiggQu00,S,Amani Hooker,HookAm00,QB,Joe Flacco,FlacJo00,RB,Trey Sermon,SermTr00,WR,Michael Pittman Jr.,PittMi01,WR,Alec Pierce,PierAl00,WR,Adonai Mitchell,MitcAd00,TE,Kylen Granson,GranKy00,T,Braden Smith,SmitBr06,T,Bernhard Raimann,RaimBe00,G,Quenton Nelson,NelsQu00,G,Dalton Tucker,TuckDa00,C,Ryan Kelly,KellRy00,DE,Dayo Odeyingbo,OdeyDa00,DE,Kwity Paye,PayeKw00,DT,Grover Stewart,StewGr00,DT,Taven Bryan,BryaTa00,LB,Zaire Franklin,FranZa00,LB,Jaylon Carlies,CarlJa01,LB,E.J. Speed,SpeeEJ00,CB,Kenny Moore,MoorKe03,CB,Jaylon Jones,JoneJa13,S,Julian Blackmon,BlacJu01,S,Nick Cross,CrosNi00,Referee,Brad Rogers,Umpire,Bryan Neale,Down Judge,Kent Payne,Line Judge,Kevin Codey,Back Judge,Greg Yette,Side Judge,Anthony Jeffries,Field Judge,Joe Blubaugh
202410130phi,2024-10-13,Sunday,1:00pm,Philadelphia Eagles,Cleveland Browns,phi,cle,20,16,Nick Sirianni,Kevin Stefanski,Lincoln Financial Field,69879,2:51,outdoors,grass,"82 degrees, relative humidity 41%, wind 10 mph",QB,Jalen Hurts,HurtJa00,RB,Saquon Barkley,BarkSa00,WR,A.J. Brown,BrowAJ00,WR,DeVonta Smith,SmitDe07,TE,Grant Calcaterra,CalcGr00,TE,Dallas Goedert,GoedDa00,OL,Cam Jurgens,JurgCa01,T,Mekhi Becton,BectMe00,T,Jordan Mailata,MailJo00,T,Lane Johnson,JohnLa01,G,Landon Dickerson,DickLa00,DE,Bryce Huff,HuffBr00,DT,Jalen Carter,CartJa05,DT,Jordan Davis,DaviJo03,OLB,Josh Sweat,SweaJo00,LB,Zack Baun,BaunZa00,LB,Nakobe Dean,DeanNa00,CB,Quinyon Mitchell,MitcQu00,CB,Darius Slay,SlayDa00,DB,Cooper DeJean,DeJeCo00,S,C.J. Gardner-Johnson,GardCh00,S,Reed Blankenship,BlanRe00,QB,Deshaun Watson,WatsDe00,RB,Jerome Ford,FordJe00,WR,Amari Cooper,CoopAm00,WR,Elijah Moore,MoorEl00,WR,Jerry Jeudy,JeudJe00,TE,David Njoku,NjokDa00,T,Jedrick Wills Jr.,WillJe04,T,Jack Conklin,ConkJa00,G,Joel Bitonio,BitoJo00,G,Michael Dunn,DunnMi01,C,Nick Harris,HarrNi01,DE,Myles Garrett,GarrMy00,DE,Za'Darius Smith,SmitZa00,DT,Shelby Harris,HarrSh00,DT,Maurice Hurst Jr.,HursMa00,DT,Dalvin Tomlinson,TomlDa00,LB,Jeremiah Owusu-Koramoah,OwusJe00,LB,Mohamoud Diabate,DiabMo00,CB,Martin Emerson,EmerMa00,CB,Denzel Ward,WardDe02,S,Rodney McLeod,McLeRo00,S,D'Anthony Bell,BellDA03,Referee,Shawn Hochuli,Umpire,Terry Killens,Down Judge,Patrick Holt,Line Judge,Tim Podraza,Back Judge,Jimmy Russell,Side Judge,Jim Quirk,Field Judge,Jason Ledet
202410130rai,2024-10-13,Sunday,4:05pm,Las Vegas Raiders,Pittsburgh Steelers,rai,pit,13,32,Antonio Pierce,Mike Tomlin,Allegiant Stadium,62553,3:00,dome,grass,,QB,Aidan O'Connell,OConAi00,RB,Alexander Mattison,MattAl01,WR,DJ Turner,TurnDJ00,WR,Tre Tucker,TuckTr00,TE,Brock Bowers,BoweBr01,TE,Harrison Bryant,BryaHa00,OT,Delmar Glaze,GlazDe00,T,Kolton Miller,MillKo00,OG,Jackson Powers-Johnson,PoweJa00,G,Dylan Parham,ParhDy00,C,Andre James,JameAn01,DE,Maxx Crosby,CrosMa00,DE,Charles Snowden,SnowCh00,DT,John Jenkins,JenkJo00,DT,Matthew Butler,ButlMa02,DT,Adam Butler,ButlAd00,LB,Divine Deablo,DeabDi00,LB,Robert Spillane,SpilRo00,CB,Jack Jones,JoneJa10,CB,Nate Hobbs,HobbNa00,S,Isaiah Pola-Mao,PolaIs00,S,Tre'von Moehrig,MoehTr00,QB,Justin Fields,FielJu00,RB,Najee Harris,HarrNa00,WR,George Pickens,PickGe00,WR,Van Jefferson,JeffVa00,TE,Darnell Washington,WashDa03,TE,Pat Freiermuth,FreiPa00,OT,Dan Moore,MoorDa05,OT,Broderick Jones,JoneBr09,G,Isaac Seumalo,SeumIs00,G,Mason McCormick,McCoMa00,C,Zach Frazier,FrazZa00,DL,Keeanu Benton,BentKe00,DT,Cameron Heyward,HeywCa01,DT,Larry Ogunjobi,OgunLa00,LB,Elandon Roberts,RobeEl00,LB,T.J. Watt,,LB,Patrick Queen,QueePa00,LB,Jeremiah Moon,MoonJe00,CB,Joey Porter Jr.,PortJo02,CB,Donte Jackson,JackDo02,S,Minkah Fitzpatrick,FitzMi00,S,DeShon Elliott,ElliDe02,Referee,Alan Eck,Umpire,Tab Slaughter,Down Judge,Derick Bowers,Line Judge,Derek Anderson,Back Judge,Greg Meyer,Side Judge,Dale Shaw,Field Judge,John Jenkins
202410130rav,2024-10-13,Sunday,1:00pm,Baltimore Ravens,Washington Commanders,rav,was,30,23,John Harbaugh,Dan Quinn,M&T Bank Stadium,71316,2:59,outdoors,grass,"75 degrees, relative humidity 55%, wind 8 mph",QB,Lamar Jackson,JackLa00,RB,Derrick Henry,HenrDe00,WR,Rashod Bateman,BateRa00,WR,Zay Flowers,FlowZa00,TE,Isaiah Likely,LikeIs00,TE,Mark Andrews,AndrMa00,OL,Patrick Mekari,MekaPa00,OT,Roger Rosengarten,RoseRo01,T,Daniel Faalele,FaalDa00,T,Ronnie Stanley,StanRo00,C,Tyler Linderbaum,LindTy00,DT,Nnamdi Madubuike,MaduJu00,DT,Travis Jones,JoneTr00,OLB,Odafe Oweh,OwehJa00,OLB,Kyle Van Noy,VanNKy00,LB,Trenton Simpson,SimpTr00,LB,Roquan Smith,SmitRo07,CB,Marlon Humphrey,HumpMa00,CB,Nate Wiggins,WiggNa00,DB,Brandon Stephens,StepBr01,S,Kyle Hamilton,HamiKy00,S,Marcus Williams,WillMa06,QB,Jayden Daniels,DaniJa02,RB,Austin Ekeler,EkelAu00,WR,Terry McLaurin,McLaTe00,WR,Luke McCaffrey,McCaLu00,WR,Noah Brown,BrowNo00,TE,Zach Ertz,ErtzZa00,OL,Andrew Wylie,WyliAn00,OT,Brandon Coleman,ColeBr02,G,Samuel Cosmi,CosmSa00,G,Nick Allegretti,AlleNi00,C,Tyler Biadasz,BiadTy00,DE,Clelin Ferrell,FerrCl00,DE,Dorance Armstrong Jr.,ArmsDo00,DT,Daron Payne,PaynDa00,DT,Jonathan Allen,AlleJo01,MLB,Bobby Wagner,WagnBo00,LB,Frankie Luvu,LuvuFr00,CB,Mike Sainristil,SainMi00,CB,Benjamin St-Juste,StJuBe00,DB,Quan Martin,MartJa04,S,Jeremy Chinn,ChinJe00,S,Percy Butler,ButlPe00,Referee,Land Clark,Umpire,Paul King,Down Judge,Tom Stephan,Line Judge,Jeff Hutcheon,Back Judge,Brad Freeman,Side Judge,Dominique Pender,Field Judge,Jabir Walker
202410140nyj,2024-10-14,Monday,8:15pm,New York Jets,Buffalo Bills,nyj,buf,20,23,Jeff Ulbrich,Sean McDermott,MetLife Stadium,81118,3:14,outdoors,fieldturf,"49 degrees, relative humidity 60%, wind 14 mph",QB,Aaron Rodgers,RodgAa00,RB,Breece Hall,HallBr03,WR,Garrett Wilson,WilsGa00,WR,Mike Williams,WillMi07,WR,Allen Lazard,LazaAl00,TE,Tyler Conklin,ConkTy00,OL,Morgan Moses,MoseMo00,OL,John Simpson,SimpJo00,OL,Tyron Smith,SmitTy00,G,Alijah Vera-Tucker,VeraAl00,C,Joe Tippmann,TippJo00,DL,Quinnen Williams,WillQu00,DL,Micheal Clemons,ClemMi03,DE,Will McDonald,McDoWi00,DT,Leki Fotu,FotuLe00,DT,Javon Kinlaw,KinlJa00,LB,Quincy Williams,WillQu01,LB,Jamien Sherwood,SherJa00,CB,D.J. Reed,,CB,Sauce Gardner,GardSa00,S,Tony Adams,AdamTo03,S,Chuck Clark,ClarCh00,QB,Josh Allen,AlleJo02,RB,Ty Johnson,JohnTy02,WR,Mack Hollins,HollMa00,WR,Keon Coleman,ColeKe02,TE,Dawson Knox,KnoxDa00,T,Alec Anderson,AndeAl01,T,Dion Dawkins,DawkDi00,T,Spencer Brown,BrowSp00,G,David Edwards,EdwaDa01,G,Connor McGovern,McGoCo01,G,O'Cyrus Torrence,TorrOC00,DE,Gregory Rousseau,RousGr00,DE,Dawuane Smoot,SmooDa00,DT,DeWayne Carter,CartDe03,DT,DaQuan Jones,JoneDa04,LB,Terrel Bernard,BernTe00,LB,Dorian Williams,WillDo04,CB,Rasul Douglas,DougRa00,CB,Taron Johnson,JohnTa01,CB,Christian Benford,BenfCh00,S,Damar Hamlin,HamlDa00,S,Taylor Rapp,RappTa00,Referee,Adrian Hill,Umpire,Roy Ellison,Down Judge,David Oliver,Line Judge,Greg Bradley,Back Judge,Greg Steed,Side Judge,Clay Reynard,Field Judge,Tra Boger
202410170nor,2024-10-17,Thursday,8:15pm,New Orleans Saints,Denver Broncos,nor,den,10,33,Dennis Allen,Sean Payton,Caesars Superdome,70008,3:04,dome,sportturf,,QB,Spencer Rattler,RattSp00,RB,Alvin Kamara,KamaAl00,FB,Adam Prentice,PrenAd00,WR,Mason Tipton,TiptMa00,WR,Bub Means,MeanBu00,TE,Foster Moreau,MoreFo00,OL,Nick Saldiveri,SaldNi00,OT,Taliese Fuaga,FuagTa00,OT,Trevor Penning,PennTr00,T,Landon Young,YounLa00,C,Connor McGovern,McGoCo00,DE,Cameron Jordan,JordCa00,DE,Carl Granderson,GranCa01,DT,Nathan Shepherd,ShepNa00,DT,Bryan Bresee,BresBr00,LB,Willie Gay Jr.,GayJWi00,LB,Demario Davis,DaviDe00,CB,Paulson Adebo,AdebPa00,CB,Marshon Lattimore,LattMa01,CB,Alontae Taylor,TaylAl01,DB,Jordan Howden,HowdJo00,S,Tyrann Mathieu,MathTy00,QB,Bo Nix,NixxBo00,RB,Javonte Williams,WillJa10,WR,Devaughn Vele,VeleDe00,WR,Courtland Sutton,SuttCo00,WR,Troy Franklin,FranTr00,TE,Lucas Krull,KrulLu00,OL,Quinn Meinerz,MeinQu02,T,Mike McGlinchey,McGlMi00,T,Garett Bolles,BollGa00,G,Ben Powers,PoweBe00,C,Alex Forsyth,ForsAl00,DE,John Franklin-Myers,FranJo02,DE,Zach Allen,AlleZa01,DT,D.J. Jones,,OLB,Jonathon Cooper,CoopJo02,OLB,Nik Bonitto,BoniNi00,LB,Kwon Alexander,AlexKw00,LB,Cody Barton,BartCo00,CB,Riley Moss,MossRi00,CB,Levi Wallace,WallLe00,S,Brandon Jones,JoneBr06,S,P.J. Locke,LockPJ00,Referee,Land Clark,Umpire,Paul King,Down Judge,Tom Stephan,Line Judge,Jeff Hutcheon,Back Judge,Brad Freeman,Side Judge,Dominique Pender,Field Judge,Jabir Walker
202410200atl,2024-10-20,Sunday,1:00pm,Atlanta Falcons,Seattle Seahawks,atl,sea,14,34,Raheem Morris,Mike Macdonald,Mercedes-Benz Stadium,70691,2:55,retractable roof (open),fieldturf,,QB,Kirk Cousins,CousKi00,RB,Bijan Robinson,RobiBi01,WR,Darnell Mooney,MoonDa00,WR,Ray-Ray McCloud,McClRa00,WR,Drake London,LondDr00,TE,Kyle Pitts,PittKy00,OL,Matthew Bergeron,BergMa00,OL,Ryan Neuzil,NeuzRy00,T,Kaleb McGary,McGaKa00,T,Jake Matthews,MattJa00,G,Chris Lindstrom,LindCh00,DL,Grady Jarrett,JarrGr00,DL,James Smith-Williams,SmitJa08,DL,David Onyemata,OnyeDa00,OLB,Matt Judon,JudoMa00,LB,Nathan Landman,LandNa01,LB,Kaden Elliss,ElliKa00,CB,AJ Terrell,TerrAJ00,CB,DeAundre Alford,AlfoDe00,CB,Mike Hughes,HughMi00,S,Justin Simmons,SimmJu00,S,Jessie Bates III,BateJe00,QB,Geno Smith,SmitGe00,RB,Kenneth Walker III,WalkKe00,WR,Jaxon Smith-Njigba,SmitJa06,WR,D.K. Metcalf,MetcDK00,WR,Tyler Lockett,LockTy00,TE,Pharaoh Brown,BrowPh01,OT,Michael Jerrell,JerrMi00,T,Charles Cross,CrosCh00,G,Anthony Bradford,BradAn00,G,Laken Tomlinson,TomlLa01,C,Connor Williams,WillCo00,DE,Dre'Mont Jones,JoneDr00,DE,Leonard Williams,WillLe02,DT,Johnathan Hankins,HankJo00,OLB,Derick Hall,HallDe04,LB,Tyrel Dodson,DodsTy01,LB,Jerome Baker,BakeJe00,CB,Josh Jobe,JobeJo00,CB,Nehemiah Pritchett,PritNe00,CB,Coby Bryant,BryaCo01,CB,Devon Witherspoon,WithDe00,FS,Julian Love,LoveJu00,Referee,Bill Vinovich,Umpire,Scott Walker,Down Judge,Dale Keller,Line Judge,Tripp Sutter,Back Judge,Todd Prukop,Side Judge,Jimmy Buchanan,Field Judge,Aaron Santi
202410200buf,2024-10-20,Sunday,1:00pm,Buffalo Bills,Tennessee Titans,buf,oti,34,10,Sean McDermott,Brian Callahan,Highmark Stadium,70842,3:08,outdoors,a_turf,"66 degrees, relative humidity 49%, wind 12 mph",QB,Josh Allen,AlleJo02,RB,James Cook,CookJa01,WR,Khalil Shakir,ShakKh00,WR,Keon Coleman,ColeKe02,WR,Mack Hollins,HollMa00,TE,Dawson Knox,KnoxDa00,T,Spencer Brown,BrowSp00,T,Dion Dawkins,DawkDi00,G,O'Cyrus Torrence,TorrOC00,G,David Edwards,EdwaDa01,G,Connor McGovern,McGoCo01,DE,Dawuane Smoot,SmooDa00,DE,Gregory Rousseau,RousGr00,DT,DaQuan Jones,JoneDa04,DT,Ed Oliver,OlivEd00,LB,Terrel Bernard,BernTe00,LB,Dorian Williams,WillDo04,CB,Taron Johnson,JohnTa01,CB,Rasul Douglas,DougRa00,CB,Christian Benford,BenfCh00,S,Taylor Rapp,RappTa00,S,Damar Hamlin,HamlDa00,QB,Mason Rudolph,RudoMa00,RB,Tony Pollard,PollTo00,WR,DeAndre Hopkins,HopkDe00,WR,Calvin Ridley,RidlCa00,TE,Josh Whyle,WhylJo01,TE,Nick Vannett,VannNi00,OL,Jaelyn Duncan,DuncJa00,OL,Dillon Radunz,RaduDi00,OL,Peter Skoronski,SkorPe00,OT,JC Latham,LathJC00,C,Lloyd Cushenberry III,CushLl00,DL,Sebastian Joseph-Day,JoseSe00,DT,Jeffery Simmons,SimmJe01,NT,T'Vondre Sweat,SweaTV01,OLB,Harold Landry,LandHa00,LB,Kenneth Murray,MurrKe00,LB,Ernest Jones,JoneEr01,CB,Roger McCreary,McCrRo01,CB,Darrell Baker,BakeDa02,CB,Jarvis Brownlee,BrowJa09,FS,Quandre Diggs,DiggQu00,S,Amani Hooker,HookAm00,Referee,John Hussey,Umpire,Tony Michalek,Down Judge,Max Causey,Line Judge,Carl Johnson,Back Judge,Matt Edwards,Side Judge,Allen Baynes,Field Judge,Anthony Flemming
202410200cle,2024-10-20,Sunday,1:00pm,Cleveland Browns,Cincinnati Bengals,cle,cin,14,21,Kevin Stefanski,Zac Taylor,Huntington Bank Field,68143,3:19,outdoors,grass,"62 degrees, relative humidity 55%, wind 8 mph",QB,Deshaun Watson,WatsDe00,RB,Nick Chubb,ChubNi00,WR,Cedric Tillman,TillCe01,WR,Jaelon Darden,DardJa00,WR,Jerry Jeudy,JeudJe00,TE,David Njoku,NjokDa00,T,Jedrick Wills Jr.,WillJe04,T,Jack Conklin,ConkJa00,G,Michael Dunn,DunnMi01,G,Joel Bitonio,BitoJo00,C,Ethan Pocic,PociEt00,DE,Myles Garrett,GarrMy00,DE,Za'Darius Smith,SmitZa00,DT,Shelby Harris,HarrSh00,DT,Dalvin Tomlinson,TomlDa00,LB,Jordan Hicks,HickJo00,LB,Jeremiah Owusu-Koramoah,OwusJe00,LB,Devin Bush Jr.,BushDe01,CB,Martin Emerson,EmerMa00,CB,Denzel Ward,WardDe02,S,Grant Delpit,DelpGr00,S,Juan Thornhill,ThorJu00,QB,Joe Burrow,BurrJo01,RB,Chase Brown,BrowCh10,WR,Ja'Marr Chase,ChasJa00,WR,Andrei Iosivas,IosiAn00,TE,Erick All,AllxEr00,TE,Drew Sample,SampDr00,OT,Orlando Brown Jr.,BrowOr00,OT,Amarius Mims,MimsAm00,G,Alex Cappa,CappAl00,G,Cordell Volson,VolsCo02,C,Ted Karras,KarrTe00,DE,Trey Hendrickson,HendTr00,DE,Sam Hubbard,HubbSa00,DT,B.J. Hill,,DT,Sheldon Rankins,RankSh00,LB,Logan Wilson,WilsLo00,LB,Germaine Pratt,PratGe00,CB,Cam Taylor-Britt,TaylCa01,CB,DJ Turner,TurnDJ01,CB,Mike Hilton,HiltMi01,S,Geno Stone,StonGe00,S,Vonn Bell,BellVo00,Referee,Ron Torbert,Umpire,Barry Anderson,Down Judge,Frank LeBlanc,Line Judge,Brian Bolinger,Back Judge,Tony Josselyn,Side Judge,Keith Washington,Field Judge,Ryan Dickson
202410200clt,2024-10-20,Sunday,1:00pm,Indianapolis Colts,Miami Dolphins,clt,mia,16,10,Shane Steichen,Mike McDaniel,Lucas Oil Stadium,66299,2:59,retractable roof (closed),fieldturf,,QB,Anthony Richardson,RichAn03,RB,Trey Sermon,SermTr00,WR,Michael Pittman Jr.,PittMi01,WR,Adonai Mitchell,MitcAd00,WR,Alec Pierce,PierAl00,TE,Mo Alie-Cox,AlieMo00,T,Braden Smith,SmitBr06,T,Bernhard Raimann,RaimBe00,G,Dalton Tucker,TuckDa00,G,Quenton Nelson,NelsQu00,C,Ryan Kelly,KellRy00,DE,Dayo Odeyingbo,OdeyDa00,DE,Kwity Paye,PayeKw00,DT,Taven Bryan,BryaTa00,DT,Grover Stewart,StewGr00,LB,Zaire Franklin,FranZa00,LB,Jaylon Carlies,CarlJa01,LB,Grant Stuard,StuaGr00,CB,Kenny Moore,MoorKe03,CB,Jaylon Jones,JoneJa13,S,Nick Cross,CrosNi00,S,Julian Blackmon,BlacJu01,QB,Tyler Huntley,HuntTy01,RB,De'Von Achane,AchaDe00,FB,Alec Ingold,IngoAl01,WR,Jaylen Waddle,WaddJa00,WR,Tyreek Hill,HillTy00,TE,Julian Hill,HillJu02,OL,Austin Jackson,JackAu00,OL,Robert Jones,JoneRo02,OL,Liam Eichenberg,EichLi00,OL,Aaron Brewer,BrewAa01,T,Terron Armstead,ArmsTe00,DT,Calais Campbell,CampCa99,DT,Benito Jones,JoneBe03,DT,Zach Sieler,SielZa00,LB,Jordyn Brooks,BrooJo01,LB,David Long,LongDa04,LB,Chop Robinson,RobiCh00,CB,Kendall Fuller,FullKe00,CB,Kader Kohou,KohoKa00,CB,Jalen Ramsey,RamsJa00,S,Marcus Maye,MayeMa00,S,Jordan Poyer,PoyeJo00,Referee,Craig Wrolstad,Umpire,Steve Woods,Down Judge,Danny Short,Line Judge,Brett Bergman,Back Judge,Rich Martinez,Side Judge,Frank Steratore,Field Judge,Jeff Shears
202410200gnb,2024-10-20,Sunday,1:00pm,Green Bay Packers,Houston Texans,gnb,htx,24,22,Matt LaFleur,DeMeco Ryans,Lambeau Field,78197,2:58,outdoors,grass,"72 degrees, relative humidity 28%, wind 3 mph",QB,Jordan Love,LoveJo03,RB,Josh Jacobs,JacoJo01,WR,Romeo Doubs,DoubRo00,WR,Christian Watson,WatsCh00,TE,Ben Sims,SimsBe00,TE,Tucker Kraft,KrafTu00,OL,Zach Tom,TomxZa00,OL,Josh Myers,MyerJo00,OL,Elgton Jenkins,JenkEl00,T,Rasheed Walker,WalkRa00,G,Sean Rhyan,RhyaSe00,DL,Rashan Gary,GaryRa00,DL,Kenny Clark,ClarKe01,DL,Tedarrell Slaton,SlatTe00,DL,Preston Smith,SmitPr00,LB,Quay Walker,WalkQu00,LB,Eric Wilson,WilsEr00,LB,Isaiah McDuffie,McDuIs00,CB,Keisean Nixon,NixoKe00,CB,Jaire Alexander,AlexJa00,S,Xavier McKinney,McKiXa00,S,Evan Williams,WillEv00,QB,C.J. Stroud,StroCJ00,RB,Joe Mixon,MixoJo00,WR,Tank Dell,DellNa00,WR,Stefon Diggs,DiggSt00,TE,Cade Stover,StovCa00,TE,Teagan Quitoriano,QuitTe00,OL,Juice Scruggs,ScruJu00,T,Laremy Tunsil,TunsLa00,T,Tytus Howard,HowaTy00,G,Shaq Mason,MasoSh01,G,Kenyon Green,GreeKe03,DE,Danielle Hunter,HuntDa01,DE,Will Anderson,AndeWi01,DT,Tim Settle,SettTi00,DT,Folorunso Fatukasi,FatuFo00,LB,Neville Hewitt,HewiNe00,LB,Jake Hansen,HansJa01,CB,D'Angelo Ross,RossDA03,CB,Derek Stingley Jr.,StinDe00,S,Eric Murray,MurrEr00,S,Jalen Pitre,PitrJa00,S,Calen Bullock,BullCa00,Referee,Scott Novak,Umpire,Mark Pellis,Down Judge,Brian Sakowski,Line Judge,Mark Stewart,Back Judge,Terrence Miles,Side Judge,David Meslow,Field Judge,Terry Brown
202410200jax,2024-10-20,Sunday,9:30am,Jacksonville Jaguars,New England Patriots,jax,nwe,32,16,Doug Pederson,Jerod Mayo,Wembley Stadium,86651,2:48,outdoors,grass,"63 degrees, relative humidity 92%, wind 12 mph",QB,Trevor Lawrence,LawrTr00,RB,D'Ernest Johnson,JohnDE04,WR,Brian Thomas,ThomBr06,WR,Gabriel Davis,DaviGa01,TE,Evan Engram,EngrEv00,TE,Luke Farrell,FarrLu00,OL,Ezra Cleveland,ClevEz00,OL,Brandon Scherff,ScheBr00,OL,Cam Robinson,RobiCa00,OL,Anton Harrison,HarrAn00,OL,Mitch Morse,MorsMi00,DE,Travon Walker,WalkTr03,DE,Josh Hines-Allen,AlleJo03,DT,Tyler Lacy,LacyTy00,DT,DaVon Hamilton,HamiDa02,LB,Ventrell Miller,MillVe00,LB,Devin Lloyd,LloyDe00,LB,Chad Muma,MumaCh00,CB,Ronald Darby,DarbRo00,CB,Tyson Campbell,CampTy01,S,Darnell Savage Jr.,SavaDa00,S,Andre Cisco,CiscAn00,QB,Drake Maye,MayeDr00,RB,Rhamondre Stevenson,StevRh00,WR,Kayshon Boutte,BoutKa00,WR,Kendrick Bourne,BourKe00,TE,Hunter Henry,HenrHu00,TE,Austin Hooper,HoopAu00,OL,Michael Onwenu,OnweMi00,OT,Demontrey Jacobs,JacoDe00,G,Layden Robinson,RobiLa02,G,Michael Jordan,JordMi01,C,Ben Brown,BrowBe01,DE,Keion White,WhitKe03,DT,Davon Godchaux,GodcDa00,DT,Jaquelin Roy,RoyxJa00,DT,Daniel Ekuale,EkuaDa00,LB,Anfernee Jennings,JennAn00,LB,Jahlani Tavai,TavaJa00,CB,Jonathan Jones,JoneJo03,CB,Christian Gonzalez,GonzCh00,S,Marte Mapu,MapuMa00,S,Jaylinn Hawkins,HawkJa00,S,Kyle Dugger,DuggKy00,Referee,Brad Rogers,Umpire,Bryan Neale,Down Judge,Kent Payne,Line Judge,Kevin Codey,Back Judge,Greg Yette,Side Judge,Anthony Jeffries,Field Judge,Joe Blubaugh
202410200min,2024-10-20,Sunday,1:00pm,Minnesota Vikings,Detroit Lions,min,det,29,31,Kevin O'Connell,Dan Campbell,U.S. Bank Stadium,66971,3:08,dome,sportturf,,QB,Sam Darnold,DarnSa00,RB,Aaron Jones,JoneAa00,WR,Jordan Addison,AddiJo00,WR,Jalen Nailor,NailJa00,WR,Justin Jefferson,JeffJu00,TE,Josh Oliver,OlivJo00,T,Brian O'Neill,ONeiBr00,T,Christian Darrisaw,DarrCh00,G,Blake Brandel,BranBl00,G,Ed Ingram,IngrEd00,C,Garrett Bradbury,BradGa00,DL,Jonathan Bullard,BullJo00,DL,Harrison Phillips,PhilHa00,DL,Jerry Tillery,TillJe00,OLB,Jonathan Greenard,GreeJo04,OLB,Andrew Van Ginkel,VanGAn00,LB,Ivan Pace,PaceIv00,CB,Byron Murphy,MurpBy00,CB,Stephon Gilmore,GilmSt00,S,Josh Metellus,MeteJo00,S,Camryn Bynum,BynuCa00,S,Harrison Smith,SmitHa00,QB,Jared Goff,GoffJa00,RB,David Montgomery,MontDa01,WR,Amon-Ra St. Brown,StxxAm00,WR,Tim Patrick,PatrTi00,TE,Brock Wright,WrigBr01,TE,Sam LaPorta,LaPoSa01,OL,Graham Glasgow,GlasGr00,T,Penei Sewell,SewePe00,T,Taylor Decker,DeckTa00,G,Kayode Awosika,AwosKa00,C,Frank Ragnow,RagnFr00,DL,Alim McNeill,McNeAl00,DL,Isaac Ukwu,UkwuIs00,DL,D.J. Reader,,DL,Josh Paschal,PascJo00,LB,Alex Anzalone,AnzaAl00,LB,Malcolm Rodriguez,RodrMa00,LB,Jack Campbell,CampJa04,CB,Carlton Davis,DaviCa02,CB,Terrion Arnold,ArnoTe00,DB,Brian Branch,BranBr00,S,Kerby Joseph,JoseKe03,Referee,Clay Martin,Umpire,James Carter,Down Judge,Jerod Phillips,Line Judge,Brian Perry,Back Judge,Greg Wilson,Side Judge,Dave Hawkshaw,Field Judge,Alonzo Ramsey
202410200nyg,2024-10-20,Sunday,1:00pm,New York Giants,Philadelphia Eagles,nyg,phi,3,28,Brian Daboll,Nick Sirianni,MetLife Stadium,82779,2:58,outdoors,fieldturf,"71 degrees, relative humidity 31%, wind 4 mph",QB,Daniel Jones,JoneDa05,RB,Tyrone Tracy Jr.,TracTy00,WR,Darius Slayton,SlayDa01,WR,Malik Nabers,NabeMa00,TE,Theo Johnson,JohnTh00,TE,Chris Manhertz,ManhCh00,OL,Jermaine Eluemunor,ElueJe00,OL,Joshua Ezeudu,EzeuJo00,OG,Greg Van Roten,VanRGr00,G,Jon Runyan Jr.,RunyJo00,C,John Michael Schmitz,MichJo00,DL,Rakeem Nunez-Roches,NuneRa00,DL,Dexter Lawrence,LawrDe03,OLB,Azeez Ojulari,OjulAz00,OLB,Brian Burns,BurnBr00,LB,Micah McFadden,McFaMi01,LB,Bobby Okereke,OkerBo00,CB,Deonte Banks,BankDe00,CB,Cordale Flott,FlotCo00,S,Tyler Nubin,NubiTy00,S,Jason Pinnock,PinnJa01,S,Dane Belton,BeltDa00,QB,Jalen Hurts,HurtJa00,RB,Saquon Barkley,BarkSa00,WR,A.J. Brown,BrowAJ00,WR,DeVonta Smith,SmitDe07,TE,Jack Stoll,StolJa00,TE,Grant Calcaterra,CalcGr00,OL,Cam Jurgens,JurgCa01,T,Mekhi Becton,BectMe00,T,Lane Johnson,JohnLa01,T,Fred Johnson,JohnFr01,G,Landon Dickerson,DickLa00,DT,Milton Williams,WillMi08,DT,Jordan Davis,DaviJo03,DT,Jalen Carter,CartJa05,OLB,Nolan Smith,SmitNo02,OLB,Josh Sweat,SweaJo00,LB,Nakobe Dean,DeanNa00,LB,Zack Baun,BaunZa00,CB,Quinyon Mitchell,MitcQu00,CB,Darius Slay,SlayDa00,S,C.J. Gardner-Johnson,GardCh00,S,Reed Blankenship,BlanRe00,Referee,Tra Blake,Umpire,Carl Paganelli,Down Judge,Patrick Turner,Line Judge,Tom Eaton,Back Judge,Grantis Bell,Side Judge,Don Willard,Field Judge,Mearl Robinson
202410200pit,2024-10-20,Sunday,8:20pm,Pittsburgh Steelers,New York Jets,pit,nyj,37,15,Mike Tomlin,Jeff Ulbrich,Acrisure Stadium,66956,3:13,outdoors,grass,"60 degrees, relative humidity 57%, wind 4 mph",QB,Russell Wilson,WilsRu00,RB,Najee Harris,HarrNa00,WR,Van Jefferson,JeffVa00,TE,Darnell Washington,WashDa03,TE,Pat Freiermuth,FreiPa00,TE,Connor Heyward,HeywCo00,OT,Dan Moore,MoorDa05,OT,Broderick Jones,JoneBr09,G,Mason McCormick,McCoMa00,G,Isaac Seumalo,SeumIs00,C,Ryan McCollum,McCoRy00,DT,Larry Ogunjobi,OgunLa00,DT,Cameron Heyward,HeywCa01,LB,Alex Highsmith,HighAl02,LB,Patrick Queen,QueePa00,LB,T.J. Watt,,LB,Payton Wilson,WilsPa00,CB,Donte Jackson,JackDo02,CB,Beanie Bishop,BishBe00,CB,Joey Porter Jr.,PortJo02,S,Minkah Fitzpatrick,FitzMi00,S,DeShon Elliott,ElliDe02,QB,Aaron Rodgers,RodgAa00,RB,Breece Hall,HallBr03,WR,Garrett Wilson,WilsGa00,WR,Davante Adams,AdamDa01,WR,Allen Lazard,LazaAl00,TE,Tyler Conklin,ConkTy00,OL,Morgan Moses,MoseMo00,OL,Tyron Smith,SmitTy00,OL,John Simpson,SimpJo00,G,Alijah Vera-Tucker,VeraAl00,C,Joe Tippmann,TippJo00,DL,Micheal Clemons,ClemMi03,DL,Quinnen Williams,WillQu00,DE,Will McDonald,McDoWi00,DT,Javon Kinlaw,KinlJa00,LB,C.J. Mosley,,LB,Jamien Sherwood,SherJa00,LB,Quincy Williams,WillQu01,CB,Sauce Gardner,GardSa00,CB,Brandin Echols,EchoBr00,S,Jalen Mills,MillJa02,S,Tony Adams,AdamTo03,Referee,Shawn Smith,Umpire,Alex Moore,Down Judge,Jay Bilbo,Line Judge,Jeff Seeman,Back Judge,Dino Paganelli,Side Judge,Boris Cheek,Field Judge,Dyrol Prioleau
202410200ram,2024-10-20,Sunday,4:05pm,Los Angeles Rams,Las Vegas Raiders,ram,rai,20,15,Sean McVay,Antonio Pierce,SoFi Stadium,73267,3:04,dome,matrixturf,,QB,Matthew Stafford,StafMa00,RB,Kyren Williams,WillKy02,WR,Tutu Atwell,AtweTu00,WR,Tyler Johnson,JohnTy00,WR,Demarcus Robinson,RobiDe01,TE,Colby Parkinson,ParkCo02,OL,Justin Dedich,DediJu00,OL,Kevin Dotson,DotsKe00,OL,Rob Havenstein,HaveRo00,OL,Alaric Jackson,JackAl01,OL,Beaux Limmer,LimmBe00,DE,Kobie Turner,TurnKo00,NT,Bobby Brown,BrowBo04,OLB,Michael Hoecht,HoecMi00,OLB,Jared Verse,VersJa00,OLB,Byron Young,YounBy01,LB,Troy Reeder,ReedTr01,DB,Quentin Lake,LakeQu00,DB,Cobie Durant,DuraDe01,DB,Josh Wallace,WallJo00,DB,Darious Williams,WillDa09,DB,Kamren Curl,CurlKa00,QB,Aidan O'Connell,OConAi00,RB,Alexander Mattison,MattAl01,WR,DJ Turner,TurnDJ00,WR,Alex Bachman,BachAl00,WR,Tre Tucker,TuckTr00,TE,Brock Bowers,BoweBr01,OT,Delmar Glaze,GlazDe00,T,Kolton Miller,MillKo00,OG,Jackson Powers-Johnson,PoweJa00,G,Jordan Meredith,MereJo00,C,Andre James,JameAn01,DE,Maxx Crosby,CrosMa00,DE,Charles Snowden,SnowCh00,DT,John Jenkins,JenkJo00,DT,Jonah Laulu,LaulJo00,DT,Adam Butler,ButlAd00,LB,Divine Deablo,DeabDi00,LB,Robert Spillane,SpilRo00,CB,Jack Jones,JoneJa10,CB,Jakorian Bennett,BennJa00,S,Tre'von Moehrig,MoehTr00,S,Isaiah Pola-Mao,PolaIs00,Referee,Shawn Hochuli,Umpire,Terry Killens,Down Judge,Patrick Holt,Line Judge,Tim Podraza,Back Judge,Jimmy Russell,Side Judge,Jim Quirk,Field Judge,Jason Ledet
202410200sfo,2024-10-20,Sunday,4:25pm,San Francisco 49ers,Kansas City Chiefs,sfo,kan,18,28,Kyle Shanahan,Andy Reid,Levi's Stadium,71309,3:02,outdoors,grass,"78 degrees, relative humidity 24%, wind 3 mph",QB,Brock Purdy,PurdBr00,RB,Jordan Mason,MasoJo00,FB,Kyle Juszczyk,JuszKy00,WR,Deebo Samuel,SamuDe00,WR,Brandon Aiyuk,AiyuBr00,TE,George Kittle,KittGe00,OL,Aaron Banks,BankAa00,OL,Dominick Puni,PuniDo00,OL,Colton McKivitz,McKiCo00,OL,Jake Brendel,BrenJa01,OT,Trent Williams,WillTr21,DL,Leonard Floyd,FloyLe00,DL,Jordan Elliott,ElliJo02,DL,Maliek Collins,CollMa00,DL,Nick Bosa,BosaNi00,LB,Fred Warner,WarnFr00,LB,Dee Winters,WintDe00,LB,De'Vondre Campbell,CampDe00,CB,Charvarius Ward,WardCh01,DB,Deommodore Lenoir,LenoDe00,S,Malik Mustapha,MustMa00,S,Ji'Ayir Brown,BrowJi01,QB,Patrick Mahomes,MahoPa00,RB,Kareem Hunt,HuntKa00,WR,Xavier Worthy,WortXa00,WR,JuJu Smith-Schuster,SmitJu00,TE,Noah Gray,GrayNo00,TE,Travis Kelce,KelcTr00,OL,Wanya Morris,MorrWa01,T,Jawaan Taylor,TaylJa02,G,Trey Smith,SmitTr05,G,Joe Thuney,ThunJo00,C,Creed Humphrey,HumpCr00,DE,George Karlaftis III,KarlGe00,DE,Felix Anudike-Uzomah,AnudFe00,DT,Mike Pennel,PennMi00,DT,Chris Jones,JoneCh09,LB,Nick Bolton,BoltNi00,LB,Drue Tranquill,TranDr00,LB,Leo Chenal,ChenLe00,CB,Trent McDuffie,McDuTr00,CB,Jaylen Watson,WatsJa02,S,Justin Reid,ReidJu00,S,Bryan Cook,CookBr02,Referee,Alan Eck,Umpire,Tab Slaughter,Down Judge,Derick Bowers,Line Judge,Derek Anderson,Back Judge,Greg Meyer,Side Judge,Dale Shaw,Field Judge,John Jenkins
202410200was,2024-10-20,Sunday,4:05pm,Washington Commanders,Carolina Panthers,was,car,40,7,Dan Quinn,Dave Canales,Northwest Stadium,63380,2:39,outdoors,grass,"76 degrees, relative humidity 34%, wind 2 mph",QB,Jayden Daniels,DaniJa02,RB,Austin Ekeler,EkelAu00,RB,Jeremy McNichols,McNiJe00,WR,Noah Brown,BrowNo00,WR,Terry McLaurin,McLaTe00,TE,Zach Ertz,ErtzZa00,OL,Andrew Wylie,WyliAn00,OT,Brandon Coleman,ColeBr02,G,Nick Allegretti,AlleNi00,G,Samuel Cosmi,CosmSa00,C,Tyler Biadasz,BiadTy00,DE,Clelin Ferrell,FerrCl00,DT,Jer'Zhan Newton,NewtJe00,DT,Daron Payne,PaynDa00,MLB,Bobby Wagner,WagnBo00,LB,Frankie Luvu,LuvuFr00,LB,Dante Fowler,FowlDa00,CB,Noah Igbinoghene,IgbiNo00,CB,Mike Sainristil,SainMi00,CB,Benjamin St-Juste,StJuBe00,DB,Quan Martin,MartJa04,S,Jeremy Chinn,ChinJe00,QB,Andy Dalton,DaltAn00,RB,Chuba Hubbard,HubbCh01,WR,Xavier Legette,LegeXa00,WR,Jonathan Mingo,MingJo00,WR,Diontae Johnson,JohnDi01,TE,Ja'Tavion Sanders,SandJa01,T,Ikem Ekwonu,EkwoIk00,T,Yosh Nijman,NijmYo01,G,Robert Hunt,HuntRo01,G,Brady Christensen,ChriBr00,G,Damien Lewis,LewiDa05,DE,LaBryan Ray,RayxLa02,DT,Shy Tuttle,TuttSh00,DT,Nick Thurman,ThurNi00,OLB,Marquis Haynes,HaynMa01,OLB,Charles Harris,HarrCh03,LB,Trevin Wallace,WallTr00,CB,Lonnie Johnson Jr.,JohnLo01,CB,Michael Jackson,JackMi01,CB,Jaycee Horn,HornJa00,S,Nick Scott,ScotNi01,S,Xavier Woods,WoodXa00,Referee,Carl Cheffers,Umpire,Brandon Cruse,Down Judge,Mike Carr,Line Judge,Robin DeLorenzo,Back Judge,Martin Hankins,Side Judge,Nathan Jones,Field Judge,Eugene Hall
202410210crd,2024-10-21,Monday,9:00pm,Arizona Cardinals,Los Angeles Chargers,crd,sdg,17,15,Jonathan Gannon,Jim Harbaugh,State Farm Stadium,64357,2:44,retractable roof (open),grass,,QB,Kyler Murray,MurrKy00,RB,James Conner,ConnJa00,WR,Michael Wilson,WilsMi02,WR,Marvin Harrison Jr.,HarrMa09,TE,Tip Reiman,ReimTi00,TE,Trey McBride,McBrTr01,OL,Paris Johnson,JohnPa03,OL,Hjalte Froholdt,FrohHj00,OL,Trystan Colon,ColoTr01,OL,Evan Brown,BrowEv00,OL,Kelvin Beachum,BeacKe00,DL,Roy Lopez,LopeRo00,DL,L.J. Collier,CollLJ00,OLB,Dennis Gardeck,GardDe01,OLB,Zaven Collins,CollZa00,LB,Kyzir White,WhitKy00,LB,Mack Wilson,WilsMa03,CB,Sean Murphy-Bunting,BuntSe00,CB,Starling Thomas,ThomSt01,CB,Garrett Williams,WillGa00,S,Budda Baker,BakeBu00,S,Jalen Thompson,ThomJa04,QB,Justin Herbert,HerbJu00,RB,J.K. Dobbins,DobbJK00,WR,Simi Fehoko,FehoSi00,WR,Josh Palmer,PalmJo00,WR,Ladd McConkey,McCoLa00,TE,Eric Tomlinson,TomlEr01,OT,Joe Alt,AltxJo01,T,Rashawn Slater,SlatRa00,T,Trey Pipkins,PipkTr00,G,Zion Johnson,JohnZi00,C,Bradley Bozeman,BozeBr00,DL,Morgan Fox,FoxxMo00,DT,Otito Ogbonnia,OgboOt00,DT,Poona Ford,FordPo00,OLB,Khalil Mack,MackKh00,OLB,Tuli Tuipulotu,TuipTu00,LB,Daiyan Henley,HenlDa00,LB,Denzel Perryman,PerrDe00,CB,Cam Hart,HartCa00,CB,Tarheeb Still,StilTa00,S,Derwin James,JameDe00,S,Alohi Gilman,GilmAl00,Referee,Clete Blakeman,Umpire,Scott Campbell,Down Judge,Dana McKenzie,Line Judge,Julian Mapp,Back Judge,Jonah Monroe,Side Judge,James Coleman,Field Judge,Karina Tovar
202410210tam,2024-10-21,Monday,8:15pm,Tampa Bay Buccaneers,Baltimore Ravens,tam,rav,31,41,Todd Bowles,John Harbaugh,Raymond James Stadium,64828,3:08,outdoors,grass,"80 degrees, relative humidity 65%, wind 8 mph",QB,Baker Mayfield,MayfBa00,RB,Rachaad White,WhitRa01,WR,Jalen McMillan,McMiJa01,WR,Mike Evans,EvanMi00,WR,Chris Godwin,GodwCh00,TE,Cade Otton,OttoCa00,T,Tristan Wirfs,WirfTr00,T,Luke Goedeke,GoedLu00,G,Cody Mauch,MaucCo00,G,Ben Bredeson,BredBe00,C,Graham Barton,BartGr00,DL,Calijah Kancey,KancCa00,NT,Vita Vea,VeaxVi00,OLB,YaYa Diaby,DiabYa00,OLB,Joe Tryon-Shoyinka,TryoJo00,LB,Lavonte David,DaviLa00,LB,K.J. Britt,BritKJ00,CB,Tyrek Funderburk,FundTy00,CB,Zyon McCollum,McCoZy02,S,Tykee Smith,SmitTy05,S,Jordan Whitehead,WhitJo03,S,Antoine Winfield Jr.,WinfAn00,QB,Lamar Jackson,JackLa00,RB,Derrick Henry,HenrDe00,WR,Rashod Bateman,BateRa00,WR,Zay Flowers,FlowZa00,WR,Nelson Agholor,AghoNe00,TE,Mark Andrews,AndrMa00,OL,Patrick Mekari,MekaPa00,OT,Roger Rosengarten,RoseRo01,T,Daniel Faalele,FaalDa00,T,Ronnie Stanley,StanRo00,C,Tyler Linderbaum,LindTy00,DT,Travis Jones,JoneTr00,DT,Nnamdi Madubuike,MaduJu00,OLB,Odafe Oweh,OwehJa00,OLB,Kyle Van Noy,VanNKy00,LB,Trenton Simpson,SimpTr00,LB,Roquan Smith,SmitRo07,CB,Marlon Humphrey,HumpMa00,FS,Eddie Jackson,JackEd01,DB,Brandon Stephens,StepBr01,S,Kyle Hamilton,HamiKy00,S,Marcus Williams,WillMa06,Referee,Alex Kemp,Umpire,Mike Morton,Down Judge,Robert Richeson,Line Judge,Rusty Baynes,Back Judge,Scott Helverson,Side Judge,Lo van Pham,Field Judge,Sean Petty
202410240ram,2024-10-24,Thursday,8:15pm,Los Angeles Rams,Minnesota Vikings,ram,min,30,20,Sean McVay,Kevin O'Connell,SoFi Stadium,72127,2:53,dome,matrixturf,,QB,Matthew Stafford,StafMa00,RB,Kyren Williams,WillKy02,WR,Cooper Kupp,KuppCo00,WR,Puka Nacua,NacuPu00,WR,Demarcus Robinson,RobiDe01,TE,Colby Parkinson,ParkCo02,OL,Justin Dedich,DediJu00,OL,Kevin Dotson,DotsKe00,OL,Rob Havenstein,HaveRo00,OL,Alaric Jackson,JackAl01,OL,Beaux Limmer,LimmBe00,DE,Kobie Turner,TurnKo00,NT,Bobby Brown,BrowBo04,NT,Neville Gallimore,GallNe00,OLB,Byron Young,YounBy01,OLB,Jared Verse,VersJa00,LB,Omar Speights,SpeiOm00,LB,Christian Rozeboom,RozeCh00,DB,Quentin Lake,LakeQu00,DB,Darious Williams,WillDa09,DB,Cobie Durant,DuraDe01,DB,Kamren Curl,CurlKa00,QB,Sam Darnold,DarnSa00,RB,Aaron Jones,JoneAa00,FB,C.J. Ham,,WR,Jordan Addison,AddiJo00,WR,Justin Jefferson,JeffJu00,TE,Josh Oliver,OlivJo00,T,Brian O'Neill,ONeiBr00,T,Christian Darrisaw,DarrCh00,G,Blake Brandel,BranBl00,G,Ed Ingram,IngrEd00,C,Garrett Bradbury,BradGa00,DL,Jonathan Bullard,BullJo00,DL,Harrison Phillips,PhilHa00,OLB,Jonathan Greenard,GreeJo04,OLB,Patrick Jones II,JonePa00,OLB,Andrew Van Ginkel,VanGAn00,LB,Ivan Pace,PaceIv00,CB,Stephon Gilmore,GilmSt00,CB,Byron Murphy,MurpBy00,S,Josh Metellus,MeteJo00,S,Camryn Bynum,BynuCa00,S,Harrison Smith,SmitHa00,Referee,Tra Blake,Umpire,Carl Paganelli,Down Judge,Patrick Turner,Line Judge,Tom Eaton,Back Judge,Grantis Bell,Side Judge,Don Willard,Field Judge,Mearl Robinson
202410270cin,2024-10-27,Sunday,1:00pm,Cincinnati Bengals,Philadelphia Eagles,cin,phi,17,37,Zac Taylor,Nick Sirianni,Paycor Stadium,67239,2:52,outdoors,fieldturf,"59 degrees, relative humidity 37%, wind 6 mph",QB,Joe Burrow,BurrJo01,RB,Zack Moss,MossZa00,WR,Ja'Marr Chase,ChasJa00,WR,Trenton Irwin,IrwiTr00,WR,Andrei Iosivas,IosiAn00,TE,Mike Gesicki,GesiMi00,OT,Orlando Brown Jr.,BrowOr00,OT,Amarius Mims,MimsAm00,G,Alex Cappa,CappAl00,G,Cordell Volson,VolsCo02,C,Ted Karras,KarrTe00,DE,Sam Hubbard,HubbSa00,DE,Trey Hendrickson,HendTr00,DT,B.J. Hill,,DT,Sheldon Rankins,RankSh00,LB,Akeem Davis-Gaither,DaviAk01,LB,Germaine Pratt,PratGe00,LB,Logan Wilson,WilsLo00,CB,Cam Taylor-Britt,TaylCa01,CB,DJ Turner,TurnDJ01,S,Vonn Bell,BellVo00,S,Geno Stone,StonGe00,QB,Jalen Hurts,HurtJa00,RB,Saquon Barkley,BarkSa00,WR,A.J. Brown,BrowAJ00,WR,DeVonta Smith,SmitDe07,TE,Jack Stoll,StolJa00,TE,Grant Calcaterra,CalcGr00,OL,Tyler Steen,SteeTy00,OL,Cam Jurgens,JurgCa01,T,Fred Johnson,JohnFr01,T,Lane Johnson,JohnLa01,G,Landon Dickerson,DickLa00,DE,Bryce Huff,HuffBr00,DT,Jalen Carter,CartJa05,DT,Jordan Davis,DaviJo03,OLB,Josh Sweat,SweaJo00,LB,Nakobe Dean,DeanNa00,LB,Zack Baun,BaunZa00,CB,Quinyon Mitchell,MitcQu00,CB,Darius Slay,SlayDa00,DB,Cooper DeJean,DeJeCo00,S,C.J. Gardner-Johnson,GardCh00,S,Reed Blankenship,BlanRe00,Referee,John Hussey,Umpire,Tony Michalek,Down Judge,Max Causey,Line Judge,Carl Johnson,Back Judge,Matt Edwards,Side Judge,Allen Baynes,Field Judge,Anthony Flemming
202410270cle,2024-10-27,Sunday,1:00pm,Cleveland Browns,Baltimore Ravens,cle,rav,29,24,Kevin Stefanski,John Harbaugh,Huntington Bank Field,67431,3:15,outdoors,grass,"52 degrees, relative humidity 50%, wind 4 mph",QB,Jameis Winston,WinsJa00,RB,Nick Chubb,ChubNi00,WR,Cedric Tillman,TillCe01,WR,Jerry Jeudy,JeudJe00,TE,David Njoku,NjokDa00,TE,Geoff Swaim,SwaiGe00,T,Jack Conklin,ConkJa00,T,Dawand Jones,JoneDa07,G,Joel Bitonio,BitoJo00,G,Wyatt Teller,TellWy00,C,Ethan Pocic,PociEt00,DE,Myles Garrett,GarrMy00,DE,Za'Darius Smith,SmitZa00,DT,Dalvin Tomlinson,TomlDa00,DT,Shelby Harris,HarrSh00,LB,Nathaniel Watson,WatsNa00,LB,Jeremiah Owusu-Koramoah,OwusJe00,LB,Mohamoud Diabate,DiabMo00,LB,Devin Bush Jr.,BushDe01,CB,Denzel Ward,WardDe02,S,Juan Thornhill,ThorJu00,S,Grant Delpit,DelpGr00,QB,Lamar Jackson,JackLa00,RB,Derrick Henry,HenrDe00,FB,Patrick Ricard,RicaPa00,WR,Nelson Agholor,AghoNe00,TE,Charlie Kolar,KolaCh00,TE,Isaiah Likely,LikeIs00,OL,Patrick Mekari,MekaPa00,OT,Roger Rosengarten,RoseRo01,T,Daniel Faalele,FaalDa00,T,Ronnie Stanley,StanRo00,C,Tyler Linderbaum,LindTy00,DT,Nnamdi Madubuike,MaduJu00,NT,Michael Pierce,PierMi00,OLB,Odafe Oweh,OwehJa00,OLB,Kyle Van Noy,VanNKy00,LB,Trenton Simpson,SimpTr00,LB,Roquan Smith,SmitRo07,CB,Jalyn Armour-Davis,ArmoJa00,FS,Eddie Jackson,JackEd01,DB,Brandon Stephens,StepBr01,S,Kyle Hamilton,HamiKy00,S,Ar'Darius Washington,WashAr00,Referee,Shawn Smith,Umpire,Alex Moore,Down Judge,Jay Bilbo,Line Judge,Jeff Seeman,Back Judge,Dino Paganelli,Side Judge,Boris Cheek,Field Judge,Dyrol Prioleau
202410270den,2024-10-27,Sunday,4:25pm,Denver Broncos,Carolina Panthers,den,car,28,14,Sean Payton,Dave Canales,Empower Field at Mile High,76135,3:04,outdoors,grass,"76 degrees, relative humidity 9%, wind 4 mph",QB,Bo Nix,NixxBo00,RB,Javonte Williams,WillJa10,WR,Courtland Sutton,SuttCo00,WR,Lil'Jordan Humphrey,HumpLi01,TE,Adam Trautman,TrauAd00,TE,Nate Adkins,AdkiNa00,OL,Quinn Meinerz,MeinQu02,T,Mike McGlinchey,McGlMi00,T,Garett Bolles,BollGa00,G,Ben Powers,PoweBe00,C,Alex Forsyth,ForsAl00,DE,John Franklin-Myers,FranJo02,DE,Zach Allen,AlleZa01,DT,D.J. Jones,,OLB,Jonathon Cooper,CoopJo02,OLB,Nik Bonitto,BoniNi00,LB,Justin Strnad,StrnJu00,LB,Cody Barton,BartCo00,CB,Ja'Quan McMillian,McMiJa00,CB,Riley Moss,MossRi00,CB,Patrick Surtain II,SurtPa01,S,Brandon Jones,JoneBr06,QB,Bryce Young,YounBr01,RB,Miles Sanders,SandMi01,RB,Chuba Hubbard,HubbCh01,WR,David Moore,MoorDa03,WR,Xavier Legette,LegeXa00,TE,Tommy Tremble,TremTo00,T,Ikem Ekwonu,EkwoIk00,T,Taylor Moton,MotoTa00,G,Robert Hunt,HuntRo01,G,Damien Lewis,LewiDa05,G,Brady Christensen,ChriBr00,DE,LaBryan Ray,RayxLa02,DE,A'Shawn Robinson,RobiAS00,DT,Shy Tuttle,TuttSh00,OLB,Charles Harris,HarrCh03,OLB,Jadeveon Clowney,ClowJa00,LB,Josey Jewell,JeweJo00,LB,Trevin Wallace,WallTr00,CB,Jaycee Horn,HornJa00,CB,Michael Jackson,JackMi01,S,Demani Richardson,RichDe03,S,Xavier Woods,WoodXa00,Referee,Alex Kemp,Umpire,Mike Morton,Down Judge,Robert Richeson,Line Judge,Rusty Baynes,Back Judge,Scott Helverson,Side Judge,Lo van Pham,Field Judge,Sean Petty
202410270det,2024-10-27,Sunday,1:00pm,Detroit Lions,Tennessee Titans,det,oti,52,14,Dan Campbell,Brian Callahan,Ford Field,64316,2:53,dome,fieldturf,,QB,Jared Goff,GoffJa00,RB,David Montgomery,MontDa01,WR,Amon-Ra St. Brown,StxxAm00,WR,Tim Patrick,PatrTi00,TE,Brock Wright,WrigBr01,TE,Sam LaPorta,LaPoSa01,OL,Graham Glasgow,GlasGr00,T,Penei Sewell,SewePe00,T,Taylor Decker,DeckTa00,G,Kevin Zeitler,ZeitKe00,C,Frank Ragnow,RagnFr00,DL,Alim McNeill,McNeAl00,DL,Levi Onwuzurike,OnwuLe00,DL,D.J. Reader,,LB,Al-Quadin Muhammad,MuhaAl00,LB,Trevor Nowaske,NowaTr00,LB,Jack Campbell,CampJa04,LB,Alex Anzalone,AnzaAl00,CB,Carlton Davis,DaviCa02,CB,Terrion Arnold,ArnoTe00,DB,Brian Branch,BranBr00,S,Kerby Joseph,JoseKe03,QB,Mason Rudolph,RudoMa00,RB,Tony Pollard,PollTo00,WR,Nick Westbrook-Ikhine,WestNi00,WR,Calvin Ridley,RidlCa00,TE,Josh Whyle,WhylJo01,TE,Nick Vannett,VannNi00,OL,Dillon Radunz,RaduDi00,OL,Peter Skoronski,SkorPe00,OT,JC Latham,LathJC00,T,Leroy Watson,WatsLe00,C,Lloyd Cushenberry III,CushLl00,DL,Sebastian Joseph-Day,JoseSe00,DT,Jeffery Simmons,SimmJe01,NT,T'Vondre Sweat,SweaTV01,OLB,Arden Key,KeyxAr00,OLB,Harold Landry,LandHa00,LB,Kenneth Murray,MurrKe00,LB,Jack Gibbens,GibbJa00,CB,Jarvis Brownlee,BrowJa09,CB,Darrell Baker,BakeDa02,FS,Quandre Diggs,DiggQu00,S,Amani Hooker,HookAm00,Referee,Carl Cheffers,Umpire,Brandon Cruse,Down Judge,Mike Carr,Line Judge,Robin DeLorenzo,Back Judge,Martin Hankins,Side Judge,Nathan Jones,Field Judge,Eugene Hall
202410270htx,2024-10-27,Sunday,1:00pm,Houston Texans,Indianapolis Colts,htx,clt,23,20,DeMeco Ryans,Shane Steichen,NRG Stadium,71380,3:20,retractable roof (closed),astroturf,,QB,C.J. Stroud,StroCJ00,RB,Joe Mixon,MixoJo00,WR,Stefon Diggs,DiggSt00,WR,Xavier Hutchinson,HutcXa00,TE,Dalton Schultz,SchuDa00,TE,Teagan Quitoriano,QuitTe00,OL,Juice Scruggs,ScruJu00,T,Laremy Tunsil,TunsLa00,T,Tytus Howard,HowaTy00,G,Shaq Mason,MasoSh01,G,Kenyon Green,GreeKe03,DE,Will Anderson,AndeWi01,DE,Danielle Hunter,HuntDa01,DT,Tim Settle,SettTi00,DT,Folorunso Fatukasi,FatuFo00,LB,Neville Hewitt,HewiNe00,LB,Jake Hansen,HansJa01,CB,Kamari Lassiter,LassKa00,CB,Derek Stingley Jr.,StinDe00,S,Eric Murray,MurrEr00,S,Jalen Pitre,PitrJa00,S,Calen Bullock,BullCa00,QB,Anthony Richardson,RichAn03,RB,Jonathan Taylor,TaylJo02,WR,Michael Pittman Jr.,PittMi01,WR,Alec Pierce,PierAl00,TE,Andrew Ogletree,OgleAn00,TE,Mo Alie-Cox,AlieMo00,T,Braden Smith,SmitBr06,T,Bernhard Raimann,RaimBe00,G,Dalton Tucker,TuckDa00,G,Quenton Nelson,NelsQu00,C,Ryan Kelly,KellRy00,DE,Kwity Paye,PayeKw00,DE,Dayo Odeyingbo,OdeyDa00,DT,Grover Stewart,StewGr00,DT,DeForest Buckner,BuckDe00,LB,Zaire Franklin,FranZa00,LB,E.J. Speed,SpeeEJ00,LB,Grant Stuard,StuaGr00,CB,Kenny Moore,MoorKe03,CB,Jaylon Jones,JoneJa13,S,Nick Cross,CrosNi00,S,Julian Blackmon,BlacJu01,Referee,Brad Allen,Umpire,Duane Heydt,Down Judge,Sarah Thomas,Line Judge,Walter Flowers,Back Judge,Tyree Walton,Side Judge,Chad Hill,Field Judge,Rick Patterson
202410270jax,2024-10-27,Sunday,1:00pm,Jacksonville Jaguars,Green Bay Packers,jax,gnb,27,30,Doug Pederson,Matt LaFleur,EverBank Stadium,65618,3:09,outdoors,grass,"84 degrees, relative humidity 46%, wind 4 mph",QB,Trevor Lawrence,LawrTr00,RB,Tank Bigsby,BigsTa00,WR,Christian Kirk,KirkCh01,WR,Brian Thomas,ThomBr06,TE,Evan Engram,EngrEv00,TE,Luke Farrell,FarrLu00,OL,Ezra Cleveland,ClevEz00,OL,Anton Harrison,HarrAn00,OL,Walker Little,LittWa00,OL,Mitch Morse,MorsMi00,OL,Brandon Scherff,ScheBr00,DE,Travon Walker,WalkTr03,DE,Josh Hines-Allen,AlleJo03,DT,DaVon Hamilton,HamiDa02,DT,Tyler Lacy,LacyTy00,LB,Devin Lloyd,LloyDe00,LB,Foyesade Oluokun,OluoFo00,CB,Ronald Darby,DarbRo00,CB,Tyson Campbell,CampTy01,CB,Jarrian Jones,JoneJa14,S,Darnell Savage Jr.,SavaDa00,S,Andre Cisco,CiscAn00,QB,Jordan Love,LoveJo03,RB,Josh Jacobs,JacoJo01,WR,Christian Watson,WatsCh00,WR,Romeo Doubs,DoubRo00,TE,Tucker Kraft,KrafTu00,TE,Ben Sims,SimsBe00,OL,Zach Tom,TomxZa00,OL,Elgton Jenkins,JenkEl00,OL,Josh Myers,MyerJo00,T,Rasheed Walker,WalkRa00,G,Sean Rhyan,RhyaSe00,DL,Kenny Clark,ClarKe01,DL,Preston Smith,SmitPr00,DL,Tedarrell Slaton,SlatTe00,DL,Rashan Gary,GaryRa00,LB,Isaiah McDuffie,McDuIs00,LB,Edgerrin Cooper,CoopEd00,LB,Eric Wilson,WilsEr00,CB,Keisean Nixon,NixoKe00,CB,Jaire Alexander,AlexJa00,S,Xavier McKinney,McKiXa00,S,Evan Williams,WillEv00,Referee,Land Clark,Umpire,Paul King,Down Judge,Tom Stephan,Line Judge,Jeff Hutcheon,Back Judge,Brad Freeman,Side Judge,Dominique Pender,Field Judge,Jabir Walker
202410270mia,2024-10-27,Sunday,1:00pm,Miami Dolphins,Arizona Cardinals,mia,crd,27,28,Mike McDaniel,Jonathan Gannon,Hard Rock Stadium,65629,3:03,outdoors,grass,"82 degrees, relative humidity 52%, wind 14 mph",QB,Tua Tagovailoa,TagoTu00,RB,De'Von Achane,AchaDe00,FB,Alec Ingold,IngoAl01,WR,Jaylen Waddle,WaddJa00,WR,Tyreek Hill,HillTy00,TE,Jonnu Smith,SmitJo01,OL,Liam Eichenberg,EichLi00,OL,Robert Jones,JoneRo02,OL,Austin Jackson,JackAu00,OL,Aaron Brewer,BrewAa01,T,Terron Armstead,ArmsTe00,DT,Benito Jones,JoneBe03,DT,Da'Shawn Hand,HandDa00,DT,Calais Campbell,CampCa99,OLB,Tyus Bowser,BowsTy00,LB,Jordyn Brooks,BrooJo01,LB,David Long,LongDa04,LB,Emmanuel Ogbah,OgbaEm00,CB,Jalen Ramsey,RamsJa00,CB,Kendall Fuller,FullKe00,S,Jevon Holland,HollJe02,S,Jordan Poyer,PoyeJo00,QB,Kyler Murray,MurrKy00,RB,James Conner,ConnJa00,WR,Marvin Harrison Jr.,HarrMa09,TE,Tip Reiman,ReimTi00,TE,Trey McBride,McBrTr01,TE,Elijah Higgins,HiggEl00,OL,Kelvin Beachum,BeacKe00,OL,Paris Johnson,JohnPa03,OL,Hjalte Froholdt,FrohHj00,OL,Trystan Colon,ColoTr01,OL,Evan Brown,BrowEv00,DL,L.J. Collier,CollLJ00,DL,Dante Stills,StilDa01,DL,Khyiris Tonga,TongKh00,OLB,Zaven Collins,CollZa00,LB,Kyzir White,WhitKy00,LB,Mack Wilson,WilsMa03,CB,Max Melton,MeltMa00,CB,Starling Thomas,ThomSt01,CB,Garrett Williams,WillGa00,S,Budda Baker,BakeBu00,S,Jalen Thompson,ThomJa04,Referee,Clay Martin,Umpire,James Carter,Down Judge,Jerod Phillips,Line Judge,Brian Perry,Back Judge,Greg Wilson,Side Judge,Dave Hawkshaw,Field Judge,Alonzo Ramsey
202410270nwe,2024-10-27,Sunday,1:00pm,New England Patriots,New York Jets,nwe,nyj,25,22,Jerod Mayo,Jeff Ulbrich,Gillette Stadium,64628,3:05,outdoors,fieldturf,"53 degrees, relative humidity 34%, wind 8 mph",QB,Drake Maye,MayeDr00,RB,Rhamondre Stevenson,StevRh00,WR,Kayshon Boutte,BoutKa00,WR,Kendrick Bourne,BourKe00,TE,Hunter Henry,HenrHu00,OL,Michael Onwenu,OnweMi00,OT,Demontrey Jacobs,JacoDe00,T,Vederian Lowe,LoweVe00,G,Michael Jordan,JordMi01,C,Lecitus Smith,SmitLe01,C,Ben Brown,BrowBe01,DE,Keion White,WhitKe03,DE,Deatrich Wise Jr.,WiseDe00,DT,Davon Godchaux,GodcDa00,DT,Jeremiah Pharms,PharJe00,LB,Anfernee Jennings,JennAn00,LB,Christian Elliss,ElliCh00,LB,Jahlani Tavai,TavaJa00,CB,Marcus Jones,JoneMa06,CB,Christian Gonzalez,GonzCh00,S,Jaylinn Hawkins,HawkJa00,S,Marte Mapu,MapuMa00,QB,Aaron Rodgers,RodgAa00,RB,Breece Hall,HallBr03,WR,Davante Adams,AdamDa01,WR,Garrett Wilson,WilsGa00,TE,Tyler Conklin,ConkTy00,TE,Jeremy Ruckert,RuckJe00,OL,Jake Hanson,HansJa00,OL,Tyron Smith,SmitTy00,OL,Morgan Moses,MoseMo00,OL,John Simpson,SimpJo00,C,Joe Tippmann,TippJo00,DL,Micheal Clemons,ClemMi03,DL,Quinnen Williams,WillQu00,DE,Will McDonald,McDoWi00,DT,Javon Kinlaw,KinlJa00,LB,Jamien Sherwood,SherJa00,LB,Chazz Surratt,SurrCh00,LB,Quincy Williams,WillQu01,CB,D.J. Reed,,CB,Isaiah Oliver,OlivIs00,CB,Sauce Gardner,GardSa00,S,Jalen Mills,MillJa02,Referee,Craig Wrolstad,Umpire,Steve Woods,Down Judge,Danny Short,Line Judge,Brett Bergman,Back Judge,Rich Martinez,Side Judge,Frank Steratore,Field Judge,Jeff Shears
202410270rai,2024-10-27,Sunday,4:25pm,Las Vegas Raiders,Kansas City Chiefs,rai,kan,20,27,Antonio Pierce,Andy Reid,Allegiant Stadium,62533,2:56,dome,grass,,QB,Gardner Minshew II,MinsGa00,RB,Alexander Mattison,MattAl01,WR,DJ Turner,TurnDJ00,WR,Tre Tucker,TuckTr00,WR,Jakobi Meyers,MeyeJa01,TE,Brock Bowers,BoweBr01,OT,Delmar Glaze,GlazDe00,T,Kolton Miller,MillKo00,OG,Jackson Powers-Johnson,PoweJa00,G,Jordan Meredith,MereJo00,C,Andre James,JameAn01,DE,K'Lavon Chaisson,ChaiKL00,DE,Maxx Crosby,CrosMa00,DT,Adam Butler,ButlAd00,DT,John Jenkins,JenkJo00,LB,Divine Deablo,DeabDi00,LB,Robert Spillane,SpilRo00,CB,Jack Jones,JoneJa10,CB,Nate Hobbs,HobbNa00,CB,Jakorian Bennett,BennJa00,S,Tre'von Moehrig,MoehTr00,S,Isaiah Pola-Mao,PolaIs00,QB,Patrick Mahomes,MahoPa00,RB,Kareem Hunt,HuntKa00,WR,Justin Watson,WatsJu01,TE,Jared Wiley,WileJa00,TE,Travis Kelce,KelcTr00,TE,Noah Gray,GrayNo00,OL,Wanya Morris,MorrWa01,T,Jawaan Taylor,TaylJa02,G,Trey Smith,SmitTr05,G,Joe Thuney,ThunJo00,C,Creed Humphrey,HumpCr00,DE,George Karlaftis III,KarlGe00,DT,Chris Jones,JoneCh09,DT,Tershawn Wharton,WharTe00,LB,Drue Tranquill,TranDr00,LB,Leo Chenal,ChenLe00,LB,Nick Bolton,BoltNi00,CB,Trent McDuffie,McDuTr00,DB,Chamarri Conner,ConnCh01,S,Nazeeh Johnson,JohnNa01,S,Bryan Cook,CookBr02,S,Justin Reid,ReidJu00,Referee,Adrian Hill,Umpire,Roy Ellison,Down Judge,David Oliver,Line Judge,Greg Bradley,Back Judge,Greg Steed,Side Judge,Clay Reynard,Field Judge,Tra Boger
202410270sdg,2024-10-27,Sunday,4:05pm,Los Angeles Chargers,New Orleans Saints,sdg,nor,26,8,Jim Harbaugh,Dennis Allen,SoFi Stadium,70240,3:15,dome,matrixturf,,QB,Justin Herbert,HerbJu00,RB,J.K. Dobbins,DobbJK00,WR,Simi Fehoko,FehoSi00,WR,Josh Palmer,PalmJo00,WR,Ladd McConkey,McCoLa00,TE,Will Dissly,DissWi00,OT,Joe Alt,AltxJo01,T,Rashawn Slater,SlatRa00,T,Trey Pipkins,PipkTr00,G,Zion Johnson,JohnZi00,C,Bradley Bozeman,BozeBr00,DT,Poona Ford,FordPo00,DT,Otito Ogbonnia,OgboOt00,OLB,Tuli Tuipulotu,TuipTu00,OLB,Khalil Mack,MackKh00,LB,Daiyan Henley,HenlDa00,LB,Denzel Perryman,PerrDe00,CB,Elijah Molden,MoldEl00,CB,Cam Hart,HartCa00,CB,Kristian Fulton,FultKr00,S,Derwin James,JameDe00,S,Alohi Gilman,GilmAl00,QB,Spencer Rattler,RattSp00,RB,Alvin Kamara,KamaAl00,WR,Chris Olave,OlavCh00,TE,Taysom Hill,HillTa00,TE,Juwan Johnson,JohnJu02,TE,Foster Moreau,MoreFo00,OL,Cesar Ruiz,RuizCe00,OL,Lucas Patrick,PatrLu00,OT,Taliese Fuaga,FuagTa00,OT,Trevor Penning,PennTr00,C,Connor McGovern,McGoCo00,DE,Carl Granderson,GranCa01,DE,Cameron Jordan,JordCa00,DT,Bryan Bresee,BresBr00,DT,Nathan Shepherd,ShepNa00,LB,Pete Werner,WernPe00,LB,Demario Davis,DaviDe00,CB,Kool-Aid McKinstry,McKiKo00,CB,Marshon Lattimore,LattMa01,CB,Alontae Taylor,TaylAl01,DB,Jordan Howden,HowdJo00,S,Tyrann Mathieu,MathTy00,Referee,Alan Eck,Umpire,Tab Slaughter,Down Judge,Derick Bowers,Line Judge,Derek Anderson,Back Judge,Greg Meyer,Side Judge,Dale Shaw,Field Judge,John Jenkins
202410270sea,2024-10-27,Sunday,4:05pm,Seattle Seahawks,Buffalo Bills,sea,buf,10,31,Mike Macdonald,Sean McDermott,Lumen Field,68704,2:59,outdoors,fieldturf,"55 degrees, relative humidity 82%, wind 14 mph",QB,Geno Smith,SmitGe00,RB,Kenneth Walker III,WalkKe00,WR,Jaxon Smith-Njigba,SmitJa06,WR,Tyler Lockett,LockTy00,TE,Pharaoh Brown,BrowPh01,TE,Noah Fant,FantNo00,OT,Michael Jerrell,JerrMi00,T,Charles Cross,CrosCh00,G,Anthony Bradford,BradAn00,G,Laken Tomlinson,TomlLa01,C,Connor Williams,WillCo00,DE,Dre'Mont Jones,JoneDr00,DE,Leonard Williams,WillLe02,DT,Byron Murphy,MurpBy01,NT,Jarran Reed,ReedJa02,OLB,Derick Hall,HallDe04,LB,Ernest Jones,JoneEr01,LB,Tyrel Dodson,DodsTy01,CB,Devon Witherspoon,WithDe00,CB,Riq Woolen,WoolTa00,CB,Coby Bryant,BryaCo01,FS,Julian Love,LoveJu00,QB,Josh Allen,AlleJo02,RB,James Cook,CookJa01,WR,Keon Coleman,ColeKe02,WR,Amari Cooper,CoopAm00,TE,Dawson Knox,KnoxDa00,T,Alec Anderson,AndeAl01,T,Spencer Brown,BrowSp00,T,Dion Dawkins,DawkDi00,G,O'Cyrus Torrence,TorrOC00,G,Connor McGovern,McGoCo01,G,David Edwards,EdwaDa01,DE,Dawuane Smoot,SmooDa00,DE,Gregory Rousseau,RousGr00,DT,DaQuan Jones,JoneDa04,DT,Ed Oliver,OlivEd00,LB,Baylon Spector,SpecBa00,LB,Dorian Williams,WillDo04,CB,Taron Johnson,JohnTa01,CB,Rasul Douglas,DougRa00,CB,Christian Benford,BenfCh00,S,Taylor Rapp,RappTa00,S,Damar Hamlin,HamlDa00,Referee,Ron Torbert,Umpire,Barry Anderson,Down Judge,Frank LeBlanc,Line Judge,Brian Bolinger,Back Judge,Tony Josselyn,Side Judge,Keith Washington,Field Judge,Ryan Dickson
202410270sfo,2024-10-27,Sunday,8:20pm,San Francisco 49ers,Dallas Cowboys,sfo,dal,30,24,Kyle Shanahan,Mike McCarthy,Levi's Stadium,71521,3:13,outdoors,grass,"69 degrees, relative humidity 70%, wind 9 mph",QB,Brock Purdy,PurdBr00,FB,Kyle Juszczyk,JuszKy00,WR,Chris Conley,ConlCh00,WR,Ricky Pearsall,PearRi00,WR,Deebo Samuel,SamuDe00,TE,George Kittle,KittGe00,OL,Jake Brendel,BrenJa01,OL,Aaron Banks,BankAa00,OL,Dominick Puni,PuniDo00,OL,Colton McKivitz,McKiCo00,OT,Trent Williams,WillTr21,DL,Leonard Floyd,FloyLe00,DL,Jordan Elliott,ElliJo02,DL,Maliek Collins,CollMa00,DL,Nick Bosa,BosaNi00,LB,Fred Warner,WarnFr00,LB,Dee Winters,WintDe00,LB,De'Vondre Campbell,CampDe00,CB,Charvarius Ward,WardCh01,DB,Deommodore Lenoir,LenoDe00,S,Malik Mustapha,MustMa00,S,Ji'Ayir Brown,BrowJi01,QB,Dak Prescott,PresDa01,RB,Ezekiel Elliott,ElliEz00,RB,Hunter Luepke,LuepHu00,WR,Jalen Tolbert,TolbJa00,WR,CeeDee Lamb,LambCe00,TE,Jake Ferguson,FergJa00,OL,Tyler Smith,SmitTy02,OT,Tyler Guyton,GuytTy00,T,Terence Steele,SteeTe01,OG,Cooper Beebe,BeebCo00,G,Zack Martin,MartZa00,DE,Carl Lawson,LawsCa00,DE,Chauncey Golston,GolsCh00,DT,Osa Odighizuwa,OdigOs00,DT,Mazi Smith,SmitMa06,MLB,Eric Kendricks,KendEr00,LB,Marist Liufau,LiufMa00,LB,DeMarvion Overshown,OverDe00,CB,Trevon Diggs,DiggTr00,CB,Jourdan Lewis,LewiJo01,S,Malik Hooker,HookMa00,S,Donovan Wilson,WilsDo01,Referee,Bill Vinovich,Umpire,Scott Walker,Down Judge,Dale Keller,Line Judge,Tripp Sutter,Back Judge,Todd Prukop,Side Judge,Jimmy Buchanan,Field Judge,Aaron Santi
202410270tam,2024-10-27,Sunday,1:00pm,Tampa Bay Buccaneers,Atlanta Falcons,tam,atl,26,31,Todd Bowles,Raheem Morris,Raymond James Stadium,62787,3:02,outdoors,grass,"79 degrees, relative humidity 59%, wind 6 mph",QB,Baker Mayfield,MayfBa00,RB,Rachaad White,WhitRa01,WR,Trey Palmer,PalmTr00,WR,Ryan Miller,MillRy01,WR,Jalen McMillan,McMiJa01,TE,Cade Otton,OttoCa00,T,Tristan Wirfs,WirfTr00,T,Luke Goedeke,GoedLu00,G,Ben Bredeson,BredBe00,G,Cody Mauch,MaucCo00,C,Graham Barton,BartGr00,DL,Calijah Kancey,KancCa00,NT,Vita Vea,VeaxVi00,OLB,YaYa Diaby,DiabYa00,OLB,Joe Tryon-Shoyinka,TryoJo00,LB,Lavonte David,DaviLa00,LB,K.J. Britt,BritKJ00,CB,Zyon McCollum,McCoZy02,CB,Tyrek Funderburk,FundTy00,S,Christian Izien,IzieCh00,S,Jordan Whitehead,WhitJo03,S,Antoine Winfield Jr.,WinfAn00,QB,Kirk Cousins,CousKi00,RB,Bijan Robinson,RobiBi01,WR,Drake London,LondDr00,WR,Ray-Ray McCloud,McClRa00,WR,Darnell Mooney,MoonDa00,TE,Kyle Pitts,PittKy00,OL,Matthew Bergeron,BergMa00,OL,Ryan Neuzil,NeuzRy00,T,Jake Matthews,MattJa00,T,Kaleb McGary,McGaKa00,G,Chris Lindstrom,LindCh00,DL,David Onyemata,OnyeDa00,DL,James Smith-Williams,SmitJa08,DL,Grady Jarrett,JarrGr00,OLB,Matt Judon,JudoMa00,LB,Nathan Landman,LandNa01,LB,Kaden Elliss,ElliKa00,CB,AJ Terrell,TerrAJ00,CB,DeAundre Alford,AlfoDe00,CB,Mike Hughes,HughMi00,S,Richie Grant,GranRi00,S,Jessie Bates III,BateJe00,Referee,Shawn Hochuli,Umpire,Terry Killens,Down Judge,Patrick Holt,Line Judge,Tim Podraza,Back Judge,Jimmy Russell,Side Judge,Jim Quirk,Field Judge,Jason Ledet
202410270was,2024-10-27,Sunday,4:25pm,Washington Commanders,Chicago Bears,was,chi,18,15,Dan Quinn,Matt Eberflus,Northwest Stadium,64704,3:11,outdoors,grass,"58 degrees, relative humidity 33%, wind 2 mph",QB,Jayden Daniels,DaniJa02,RB,Brian Robinson Jr.,RobiBr01,WR,Noah Brown,BrowNo00,WR,Terry McLaurin,McLaTe00,WR,Luke McCaffrey,McCaLu00,TE,Zach Ertz,ErtzZa00,OL,Andrew Wylie,WyliAn00,T,Cornelius Lucas,LucaCo01,G,Nick Allegretti,AlleNi00,G,Samuel Cosmi,CosmSa00,C,Tyler Biadasz,BiadTy00,DE,Dorance Armstrong Jr.,ArmsDo00,DE,Clelin Ferrell,FerrCl00,DT,Jer'Zhan Newton,NewtJe00,DT,Daron Payne,PaynDa00,MLB,Bobby Wagner,WagnBo00,LB,Frankie Luvu,LuvuFr00,CB,Noah Igbinoghene,IgbiNo00,CB,Mike Sainristil,SainMi00,CB,Benjamin St-Juste,StJuBe00,DB,Quan Martin,MartJa04,S,Jeremy Chinn,ChinJe00,QB,Caleb Williams,WillCa03,RB,D'Andre Swift,SwifDA00,WR,Keenan Allen,AlleKe00,WR,Rome Odunze,OdunRo00,WR,D.J. Moore,,TE,Cole Kmet,KmetCo00,OL,Darnell Wright,WrigDa00,OL,Coleman Shelton,ShelCo00,OL,Matt Pryor,PryoMa00,OL,Braxton Jones,JoneBr08,OL,Teven Jenkins,JenkTe00,DL,Gervon Dexter,DextGe00,DL,Montez Sweat,SweaMo00,DL,DeMarcus Walker,WalkDe03,DL,Andrew Billings,BillAn00,LB,T.J. Edwards,EdwaTJ02,LB,Tremaine Edmunds,EdmuTr01,DB,Jaylon Johnson,JohnJa13,DB,Elijah Hicks,HickEl00,DB,Tyrique Stevenson,StevTy01,DB,Kevin Byard,ByarKe01,DB,Josh Blackwell,BlacJo00,Referee,Clete Blakeman,Umpire,Scott Campbell,Down Judge,Dana McKenzie,Line Judge,Julian Mapp,Back Judge,Jonah Monroe,Side Judge,James Coleman,Field Judge,Karina Tovar
202410280pit,2024-10-28,Monday,8:15pm,Pittsburgh Steelers,New York Giants,pit,nyg,26,18,Mike Tomlin,Brian Daboll,Acrisure Stadium,66637,3:11,outdoors,grass,"54 degrees, relative humidity 57%, wind 7 mph",QB,Russell Wilson,WilsRu00,RB,Najee Harris,HarrNa00,WR,George Pickens,PickGe00,WR,Calvin Austin III,AustCa00,WR,Van Jefferson,JeffVa00,TE,Pat Freiermuth,FreiPa00,OT,Dan Moore,MoorDa05,OT,Broderick Jones,JoneBr09,G,Mason McCormick,McCoMa00,G,Isaac Seumalo,SeumIs00,C,Ryan McCollum,McCoRy00,DT,Cameron Heyward,HeywCa01,DT,Larry Ogunjobi,OgunLa00,LB,Alex Highsmith,HighAl02,LB,Patrick Queen,QueePa00,LB,T.J. Watt,,LB,Payton Wilson,WilsPa00,CB,Donte Jackson,JackDo02,CB,Joey Porter Jr.,PortJo02,CB,Beanie Bishop,BishBe00,S,Minkah Fitzpatrick,FitzMi00,S,DeShon Elliott,ElliDe02,QB,Daniel Jones,JoneDa05,RB,Tyrone Tracy Jr.,TracTy00,WR,Darius Slayton,SlayDa01,WR,Malik Nabers,NabeMa00,WR,Wan'Dale Robinson,RobiWa01,TE,Theo Johnson,JohnTh00,OL,Jermaine Eluemunor,ElueJe00,OG,Greg Van Roten,VanRGr00,OG,Chris Hubbard,HubbCh00,G,Jon Runyan Jr.,RunyJo00,C,John Michael Schmitz,MichJo00,DL,Dexter Lawrence,LawrDe03,DL,Rakeem Nunez-Roches,NuneRa00,OLB,Brian Burns,BurnBr00,OLB,Azeez Ojulari,OjulAz00,LB,Bobby Okereke,OkerBo00,LB,Micah McFadden,McFaMi01,CB,Andru Phillips,PhilAn02,CB,Nick McCloud,McClNi00,CB,Deonte Banks,BankDe00,S,Jason Pinnock,PinnJa01,S,Tyler Nubin,NubiTy00,Referee,Scott Novak,Umpire,Mark Pellis,Down Judge,Brian Sakowski,Line Judge,Mark Stewart,Back Judge,Terrence Miles,Side Judge,David Meslow,Field Judge,Terry Brown
202410310nyj,2024-10-31,Thursday,8:15pm,New York Jets,Houston Texans,nyj,htx,21,13,Jeff Ulbrich,DeMeco Ryans,MetLife Stadium,79818,3:17,outdoors,fieldturf,"71 degrees, relative humidity 65%, wind 8 mph",QB,Aaron Rodgers,RodgAa00,RB,Breece Hall,HallBr03,WR,Davante Adams,AdamDa01,WR,Garrett Wilson,WilsGa00,WR,Mike Williams,WillMi07,TE,Tyler Conklin,ConkTy00,OL,Jake Hanson,HansJa00,OL,Tyron Smith,SmitTy00,OL,Morgan Moses,MoseMo00,OL,John Simpson,SimpJo00,C,Joe Tippmann,TippJo00,DL,Micheal Clemons,ClemMi03,DL,Quinnen Williams,WillQu00,DE,Will McDonald,McDoWi00,DT,Javon Kinlaw,KinlJa00,LB,Jamien Sherwood,SherJa00,LB,Quincy Williams,WillQu01,LB,Samuel Eguavoen,EguaSa00,CB,D.J. Reed,,CB,Isaiah Oliver,OlivIs00,CB,Sauce Gardner,GardSa00,S,Jalen Mills,MillJa02,QB,C.J. Stroud,StroCJ00,RB,Joe Mixon,MixoJo00,WR,Robert Woods,WoodRo02,WR,Tank Dell,DellNa00,TE,Cade Stover,StovCa00,TE,Dalton Schultz,SchuDa00,OL,Juice Scruggs,ScruJu00,T,Tytus Howard,HowaTy00,T,Laremy Tunsil,TunsLa00,G,Kenyon Green,GreeKe03,G,Shaq Mason,MasoSh01,DE,Will Anderson,AndeWi01,DE,Danielle Hunter,HuntDa01,DT,Folorunso Fatukasi,FatuFo00,DT,Tim Settle,SettTi00,LB,Neville Hewitt,HewiNe00,LB,Henry To'oTo'o,TooTHe00,CB,Kamari Lassiter,LassKa00,CB,Derek Stingley Jr.,StinDe00,S,Eric Murray,MurrEr00,S,Jalen Pitre,PitrJa00,S,Calen Bullock,BullCa00,Referee,Shawn Hochuli,Umpire,Terry Killens,Down Judge,Patrick Holt,Line Judge,Tim Podraza,Back Judge,Jimmy Russell,Side Judge,Jim Quirk,Field Judge,Jason Ledet
202411030atl,2024-11-03,Sunday,1:00pm,Atlanta Falcons,Dallas Cowboys,atl,dal,27,21,Raheem Morris,Mike McCarthy,Mercedes-Benz Stadium,72665,3:01,retractable roof (closed),fieldturf,,QB,Kirk Cousins,CousKi00,RB,Bijan Robinson,RobiBi01,WR,Darnell Mooney,MoonDa00,WR,Ray-Ray McCloud,McClRa00,WR,Drake London,LondDr00,TE,Kyle Pitts,PittKy00,OL,Matthew Bergeron,BergMa00,OL,Ryan Neuzil,NeuzRy00,T,Kaleb McGary,McGaKa00,T,Jake Matthews,MattJa00,G,Chris Lindstrom,LindCh00,DL,Grady Jarrett,JarrGr00,DL,James Smith-Williams,SmitJa08,DL,David Onyemata,OnyeDa00,OLB,Matt Judon,JudoMa00,LB,Nathan Landman,LandNa01,LB,Kaden Elliss,ElliKa00,CB,AJ Terrell,TerrAJ00,CB,DeAundre Alford,AlfoDe00,CB,Mike Hughes,HughMi00,S,Justin Simmons,SimmJu00,S,Jessie Bates III,BateJe00,QB,Dak Prescott,PresDa01,RB,Rico Dowdle,DowdRi01,WR,Jalen Brooks,BrooJa03,WR,Jalen Tolbert,TolbJa00,WR,CeeDee Lamb,LambCe00,TE,Jake Ferguson,FergJa00,OL,Tyler Smith,SmitTy02,OT,Tyler Guyton,GuytTy00,T,Terence Steele,SteeTe01,OG,Cooper Beebe,BeebCo00,G,Zack Martin,MartZa00,DE,Carl Lawson,LawsCa00,DE,Chauncey Golston,GolsCh00,DT,Osa Odighizuwa,OdigOs00,DT,Mazi Smith,SmitMa06,MLB,Eric Kendricks,KendEr00,LB,DeMarvion Overshown,OverDe00,CB,Jourdan Lewis,LewiJo01,CB,Trevon Diggs,DiggTr00,CB,Caelen Carson,CarsCa01,S,Malik Hooker,HookMa00,S,Donovan Wilson,WilsDo01,Referee,Scott Novak,Umpire,Mark Pellis,Down Judge,Brian Sakowski,Line Judge,Mark Stewart,Back Judge,Terrence Miles,Side Judge,David Meslow,Field Judge,Terry Brown
202411030buf,2024-11-03,Sunday,1:00pm,Buffalo Bills,Miami Dolphins,buf,mia,30,27,Sean McDermott,Mike McDaniel,Highmark Stadium,70862,3:01,outdoors,a_turf,"54 degrees, relative humidity 38%, wind 9 mph",QB,Josh Allen,AlleJo02,RB,James Cook,CookJa01,WR,Keon Coleman,ColeKe02,TE,Dalton Kincaid,KincDa00,TE,Dawson Knox,KnoxDa00,TE,Quintin Morris,MorrQu00,T,Spencer Brown,BrowSp00,T,Dion Dawkins,DawkDi00,G,O'Cyrus Torrence,TorrOC00,G,David Edwards,EdwaDa01,G,Connor McGovern,McGoCo01,DE,Dawuane Smoot,SmooDa00,DE,Gregory Rousseau,RousGr00,DT,Ed Oliver,OlivEd00,DT,DaQuan Jones,JoneDa04,LB,Dorian Williams,WillDo04,LB,Terrel Bernard,BernTe00,CB,Taron Johnson,JohnTa01,CB,Kaiir Elam,ElamKa00,CB,Rasul Douglas,DougRa00,S,Taylor Rapp,RappTa00,S,Damar Hamlin,HamlDa00,QB,Tua Tagovailoa,TagoTu00,RB,De'Von Achane,AchaDe00,FB,Alec Ingold,IngoAl01,WR,Jaylen Waddle,WaddJa00,WR,Tyreek Hill,HillTy00,TE,Jonnu Smith,SmitJo01,OL,Aaron Brewer,BrewAa01,OL,Liam Eichenberg,EichLi00,OL,Robert Jones,JoneRo02,OL,Austin Jackson,JackAu00,T,Terron Armstead,ArmsTe00,DT,Da'Shawn Hand,HandDa00,DT,Benito Jones,JoneBe03,DT,Calais Campbell,CampCa99,OLB,Tyus Bowser,BowsTy00,LB,Emmanuel Ogbah,OgbaEm00,LB,Jordyn Brooks,BrooJo01,LB,Anthony Walker,WalkAn01,CB,Kendall Fuller,FullKe00,CB,Jalen Ramsey,RamsJa00,S,Marcus Maye,MayeMa00,S,Jordan Poyer,PoyeJo00,Referee,Tra Blake,Umpire,Carl Paganelli,Down Judge,Patrick Turner,Line Judge,Tom Eaton,Back Judge,Grantis Bell,Side Judge,Don Willard,Field Judge,Mearl Robinson
202411030car,2024-11-03,Sunday,1:00pm,Carolina Panthers,New Orleans Saints,car,nor,23,22,Dave Canales,Dennis Allen,Bank of America Stadium,70292,3:06,outdoors,grass,"66 degrees, relative humidity 48%, wind 7 mph",QB,Bryce Young,YounBr01,RB,Chuba Hubbard,HubbCh01,WR,David Moore,MoorDa03,WR,Xavier Legette,LegeXa00,TE,Ja'Tavion Sanders,SandJa01,TE,Ian Thomas,ThomIa00,T,Taylor Moton,MotoTa00,G,Robert Hunt,HuntRo01,G,Damien Lewis,LewiDa05,G,Cade Mays,MaysCa00,G,Brady Christensen,ChriBr00,DE,A'Shawn Robinson,RobiAS00,DT,DeShawn Williams,WillDe04,DT,Shy Tuttle,TuttSh00,OLB,Jadeveon Clowney,ClowJa00,LB,Josey Jewell,JeweJo00,LB,Trevin Wallace,WallTr00,CB,Dane Jackson,JackDa02,CB,Jaycee Horn,HornJa00,CB,Michael Jackson,JackMi01,S,Demani Richardson,RichDe03,S,Xavier Woods,WoodXa00,QB,Derek Carr,CarrDe02,RB,Alvin Kamara,KamaAl00,WR,Marquez Valdes-Scantling,ValdMa00,WR,Chris Olave,OlavCh00,TE,Taysom Hill,HillTa00,TE,Foster Moreau,MoreFo00,OL,Cesar Ruiz,RuizCe00,OL,Lucas Patrick,PatrLu00,OT,Taliese Fuaga,FuagTa00,OT,Trevor Penning,PennTr00,C,Connor McGovern,McGoCo00,DE,Carl Granderson,GranCa01,DE,Cameron Jordan,JordCa00,DT,Nathan Shepherd,ShepNa00,DT,Khalen Saunders,SaunKh00,LB,Pete Werner,WernPe00,LB,Willie Gay Jr.,GayJWi00,LB,Demario Davis,DaviDe00,CB,Alontae Taylor,TaylAl01,DB,Shemar Jean-Charles,JeanSh00,DB,Jordan Howden,HowdJo00,S,Tyrann Mathieu,MathTy00,Referee,Ron Torbert,Umpire,Barry Anderson,Down Judge,Frank LeBlanc,Line Judge,Brian Bolinger,Back Judge,Tony Josselyn,Side Judge,Keith Washington,Field Judge,Ryan Dickson
202411030cin,2024-11-03,Sunday,1:00pm,Cincinnati Bengals,Las Vegas Raiders,cin,rai,41,24,Zac Taylor,Antonio Pierce,Paycor Stadium,65962,3:13,outdoors,fieldturf,"67 degrees, relative humidity 41%, wind 7 mph",QB,Joe Burrow,BurrJo01,RB,Chase Brown,BrowCh10,WR,Ja'Marr Chase,ChasJa00,WR,Andrei Iosivas,IosiAn00,TE,Erick All,AllxEr00,TE,Drew Sample,SampDr00,OT,Amarius Mims,MimsAm00,G,Alex Cappa,CappAl00,G,Cody Ford,FordCo00,G,Cordell Volson,VolsCo02,C,Ted Karras,KarrTe00,DE,Trey Hendrickson,HendTr00,DE,Sam Hubbard,HubbSa00,DT,B.J. Hill,,DT,Sheldon Rankins,RankSh00,LB,Logan Wilson,WilsLo00,LB,Germaine Pratt,PratGe00,CB,Cam Taylor-Britt,TaylCa01,CB,DJ Turner,TurnDJ01,CB,Mike Hilton,HiltMi01,S,Geno Stone,StonGe00,S,Vonn Bell,BellVo00,QB,Gardner Minshew II,MinsGa00,RB,Alexander Mattison,MattAl01,WR,Tre Tucker,TuckTr00,WR,Jakobi Meyers,MeyeJa01,TE,Brock Bowers,BoweBr01,OT,Delmar Glaze,GlazDe00,T,Thayer Munford,MunfTh00,T,Kolton Miller,MillKo00,OG,Cody Whitehair,WhitCo03,OG,Jackson Powers-Johnson,PoweJa00,G,Jordan Meredith,MereJo00,DE,Maxx Crosby,CrosMa00,DE,K'Lavon Chaisson,ChaiKL00,DT,John Jenkins,JenkJo00,DT,Adam Butler,ButlAd00,LB,Divine Deablo,DeabDi00,LB,Robert Spillane,SpilRo00,CB,Jack Jones,JoneJa10,CB,Nate Hobbs,HobbNa00,CB,Jakorian Bennett,BennJa00,S,Tre'von Moehrig,MoehTr00,S,Isaiah Pola-Mao,PolaIs00,Referee,Brad Rogers,Umpire,Bryan Neale,Down Judge,Kent Payne,Line Judge,Kevin Codey,Back Judge,Greg Yette,Side Judge,Anthony Jeffries,Field Judge,Joe Blubaugh
202411030cle,2024-11-03,Sunday,1:00pm,Cleveland Browns,Los Angeles Chargers,cle,sdg,10,27,Kevin Stefanski,Jim Harbaugh,Huntington Bank Field,67431,2:59,outdoors,grass,"57 degrees, relative humidity 42%, wind 10 mph",QB,Jameis Winston,WinsJa00,RB,Nick Chubb,ChubNi00,WR,Elijah Moore,MoorEl00,WR,Cedric Tillman,TillCe01,WR,Jerry Jeudy,JeudJe00,TE,David Njoku,NjokDa00,T,Dawand Jones,JoneDa07,T,Jack Conklin,ConkJa00,G,Joel Bitonio,BitoJo00,G,Wyatt Teller,TellWy00,C,Ethan Pocic,PociEt00,DE,Myles Garrett,GarrMy00,DE,Za'Darius Smith,SmitZa00,DT,Shelby Harris,HarrSh00,DT,Dalvin Tomlinson,TomlDa00,LB,Devin Bush Jr.,BushDe01,LB,Mohamoud Diabate,DiabMo00,LB,Winston Reid,ReidWi01,CB,Denzel Ward,WardDe02,CB,Martin Emerson,EmerMa00,S,Juan Thornhill,ThorJu00,S,Grant Delpit,DelpGr00,QB,Justin Herbert,HerbJu00,RB,J.K. Dobbins,DobbJK00,WR,Ladd McConkey,McCoLa00,WR,Quentin Johnston,JohnQu02,TE,Will Dissly,DissWi00,OT,Joe Alt,AltxJo01,T,Rashawn Slater,SlatRa00,T,Trey Pipkins,PipkTr00,G,Zion Johnson,JohnZi00,C,Bradley Bozeman,BozeBr00,DL,Scott Matlock,MatlSc00,DT,Otito Ogbonnia,OgboOt00,DT,Poona Ford,FordPo00,OLB,Khalil Mack,MackKh00,OLB,Tuli Tuipulotu,TuipTu00,LB,Daiyan Henley,HenlDa00,LB,Denzel Perryman,PerrDe00,CB,Cam Hart,HartCa00,CB,Elijah Molden,MoldEl00,CB,Tarheeb Still,StilTa00,S,Derwin James,JameDe00,S,Alohi Gilman,GilmAl00,Referee,Bill Vinovich,Umpire,Scott Walker,Down Judge,Dale Keller,Line Judge,Tripp Sutter,Back Judge,Todd Prukop,Side Judge,Jimmy Buchanan,Field Judge,Aaron Santi
202411030crd,2024-11-03,Sunday,4:05pm,Arizona Cardinals,Chicago Bears,crd,chi,29,9,Jonathan Gannon,Matt Eberflus,State Farm Stadium,64609,2:58,retractable roof (open),grass,,QB,Kyler Murray,MurrKy00,RB,James Conner,ConnJa00,WR,Michael Wilson,WilsMi02,WR,Marvin Harrison Jr.,HarrMa09,TE,Tip Reiman,ReimTi00,TE,Trey McBride,McBrTr01,OL,Kelvin Beachum,BeacKe00,OL,Paris Johnson,JohnPa03,OL,Hjalte Froholdt,FrohHj00,OL,Trystan Colon,ColoTr01,OL,Evan Brown,BrowEv00,DL,Roy Lopez,LopeRo00,DL,L.J. Collier,CollLJ00,DL,Dante Stills,StilDa01,OLB,Zaven Collins,CollZa00,LB,Kyzir White,WhitKy00,LB,Mack Wilson,WilsMa03,CB,Kei'Trel Clark,ClarKe02,CB,Starling Thomas,ThomSt01,CB,Garrett Williams,WillGa00,S,Jalen Thompson,ThomJa04,S,Budda Baker,BakeBu00,QB,Caleb Williams,WillCa03,RB,D'Andre Swift,SwifDA00,WR,Keenan Allen,AlleKe00,WR,Rome Odunze,OdunRo00,WR,D.J. Moore,,TE,Cole Kmet,KmetCo00,OL,Darnell Wright,WrigDa00,OL,Coleman Shelton,ShelCo00,OL,Matt Pryor,PryoMa00,OL,Teven Jenkins,JenkTe00,OL,Larry Borom,BoroLa00,DL,Dominique Robinson,RobiDo00,DL,Gervon Dexter,DextGe00,DL,DeMarcus Walker,WalkDe03,DL,Andrew Billings,BillAn00,LB,T.J. Edwards,EdwaTJ02,LB,Tremaine Edmunds,EdmuTr01,LB,Jack Sanborn,SanbJa00,DB,Jaylon Johnson,JohnJa13,DB,Elijah Hicks,HickEl00,DB,Terell Smith,SmitTe05,DB,Kevin Byard,ByarKe01,Referee,Carl Cheffers,Umpire,Brandon Cruse,Down Judge,Mike Carr,Line Judge,Robin DeLorenzo,Back Judge,Martin Hankins,Side Judge,Nathan Jones,Field Judge,Eugene Hall
202411030gnb,2024-11-03,Sunday,4:25pm,Green Bay Packers,Detroit Lions,gnb,det,14,24,Matt LaFleur,Dan Campbell,Lambeau Field,78330,2:58,outdoors,grass,"50 degrees, relative humidity 86%, wind 15 mph",QB,Jordan Love,LoveJo03,RB,Josh Jacobs,JacoJo01,WR,Romeo Doubs,DoubRo00,WR,Christian Watson,WatsCh00,TE,Ben Sims,SimsBe00,TE,Tucker Kraft,KrafTu00,OL,Zach Tom,TomxZa00,OL,Elgton Jenkins,JenkEl00,OT,Jordan Morgan,MorgJo03,T,Rasheed Walker,WalkRa00,G,Sean Rhyan,RhyaSe00,DL,Rashan Gary,GaryRa00,DL,Kenny Clark,ClarKe01,DL,Tedarrell Slaton,SlatTe00,DL,Preston Smith,SmitPr00,LB,Quay Walker,WalkQu00,LB,Eric Wilson,WilsEr00,LB,Isaiah McDuffie,McDuIs00,CB,Eric Stokes,StokEr00,CB,Keisean Nixon,NixoKe00,S,Xavier McKinney,McKiXa00,S,Javon Bullard,BullJa00,QB,Jared Goff,GoffJa00,RB,David Montgomery,MontDa01,WR,Amon-Ra St. Brown,StxxAm00,WR,Kalif Raymond,RaymKa00,WR,Tim Patrick,PatrTi00,TE,Sam LaPorta,LaPoSa01,OL,Graham Glasgow,GlasGr00,T,Penei Sewell,SewePe00,T,Taylor Decker,DeckTa00,G,Kevin Zeitler,ZeitKe00,C,Frank Ragnow,RagnFr00,DL,Alim McNeill,McNeAl00,DL,Levi Onwuzurike,OnwuLe00,DL,D.J. Reader,,LB,Al-Quadin Muhammad,MuhaAl00,LB,Trevor Nowaske,NowaTr00,LB,Jack Campbell,CampJa04,LB,Alex Anzalone,AnzaAl00,CB,Carlton Davis,DaviCa02,CB,Terrion Arnold,ArnoTe00,DB,Brian Branch,BranBr00,S,Kerby Joseph,JoseKe03,Referee,Clete Blakeman,Umpire,Scott Campbell,Down Judge,Dana McKenzie,Line Judge,Julian Mapp,Back Judge,Jonah Monroe,Side Judge,James Coleman,Field Judge,Karina Tovar
202411030min,2024-11-03,Sunday,8:20pm,Minnesota Vikings,Indianapolis Colts,min,clt,21,13,Kevin O'Connell,Shane Steichen,U.S. Bank Stadium,66954,2:53,dome,sportturf,,QB,Sam Darnold,DarnSa00,RB,Aaron Jones,JoneAa00,WR,Jordan Addison,AddiJo00,WR,Justin Jefferson,JeffJu00,TE,Josh Oliver,OlivJo00,TE,T.J. Hockenson,HockTJ00,OT,Cam Robinson,RobiCa00,T,Brian O'Neill,ONeiBr00,G,Blake Brandel,BranBl00,G,Ed Ingram,IngrEd00,C,Garrett Bradbury,BradGa00,DL,Harrison Phillips,PhilHa00,DL,Jonathan Bullard,BullJo00,DL,Jerry Tillery,TillJe00,OLB,Jonathan Greenard,GreeJo04,OLB,Andrew Van Ginkel,VanGAn00,LB,Kamu Grugier-Hill,GrugKa00,LB,Ivan Pace,PaceIv00,CB,Byron Murphy,MurpBy00,CB,Stephon Gilmore,GilmSt00,S,Camryn Bynum,BynuCa00,S,Harrison Smith,SmitHa00,QB,Joe Flacco,FlacJo00,RB,Jonathan Taylor,TaylJo02,WR,Josh Downs,DownJo00,WR,Alec Pierce,PierAl00,TE,Kylen Granson,GranKy00,TE,Mo Alie-Cox,AlieMo00,T,Braden Smith,SmitBr06,T,Matt Goncalves,GoncMa00,G,Dalton Tucker,TuckDa00,G,Quenton Nelson,NelsQu00,C,Ryan Kelly,KellRy00,DE,Kwity Paye,PayeKw00,DE,Dayo Odeyingbo,OdeyDa00,DT,Grover Stewart,StewGr00,DT,DeForest Buckner,BuckDe00,LB,Grant Stuard,StuaGr00,LB,Zaire Franklin,FranZa00,LB,E.J. Speed,SpeeEJ00,CB,Kenny Moore,MoorKe03,CB,Jaylon Jones,JoneJa13,S,Nick Cross,CrosNi00,S,Julian Blackmon,BlacJu01,Referee,Shawn Smith,Umpire,Alex Moore,Down Judge,Jay Bilbo,Line Judge,Jeff Seeman,Back Judge,Dino Paganelli,Side Judge,Boris Cheek,Field Judge,Dyrol Prioleau
202411030nyg,2024-11-03,Sunday,1:00pm,New York Giants,Washington Commanders,nyg,was,22,27,Brian Daboll,Dan Quinn,MetLife Stadium,77994,2:48,outdoors,fieldturf,"52 degrees, relative humidity 35%, wind 6 mph",QB,Daniel Jones,JoneDa05,RB,Tyrone Tracy Jr.,TracTy00,WR,Darius Slayton,SlayDa01,WR,Wan'Dale Robinson,RobiWa01,WR,Malik Nabers,NabeMa00,TE,Theo Johnson,JohnTh00,OL,Jermaine Eluemunor,ElueJe00,OT,Chris Hubbard,HubbCh00,OG,Greg Van Roten,VanRGr00,G,Jon Runyan Jr.,RunyJo00,C,John Michael Schmitz,MichJo00,DL,Rakeem Nunez-Roches,NuneRa00,DL,Dexter Lawrence,LawrDe03,DL,D.J. Davidson,DaviDJ00,OLB,Azeez Ojulari,OjulAz00,OLB,Brian Burns,BurnBr00,LB,Micah McFadden,McFaMi01,LB,Bobby Okereke,OkerBo00,CB,Nick McCloud,McClNi00,CB,Deonte Banks,BankDe00,S,Tyler Nubin,NubiTy00,S,Jason Pinnock,PinnJa01,QB,Jayden Daniels,DaniJa02,RB,Austin Ekeler,EkelAu00,WR,Terry McLaurin,McLaTe00,TE,John Bates,BateJo00,TE,Zach Ertz,ErtzZa00,TE,Ben Sinnott,SinnBe00,OL,Andrew Wylie,WyliAn00,OT,Brandon Coleman,ColeBr02,G,Nick Allegretti,AlleNi00,G,Samuel Cosmi,CosmSa00,C,Tyler Biadasz,BiadTy00,DE,Dorance Armstrong Jr.,ArmsDo00,DE,Clelin Ferrell,FerrCl00,DT,Jer'Zhan Newton,NewtJe00,DT,Daron Payne,PaynDa00,MLB,Bobby Wagner,WagnBo00,LB,Frankie Luvu,LuvuFr00,CB,Noah Igbinoghene,IgbiNo00,CB,Mike Sainristil,SainMi00,CB,Benjamin St-Juste,StJuBe00,DB,Quan Martin,MartJa04,S,Jeremy Chinn,ChinJe00,Referee,Brad Allen,Umpire,Duane Heydt,Down Judge,Sarah Thomas,Line Judge,Walter Flowers,Back Judge,Tyree Walton,Side Judge,Chad Hill,Field Judge,Rick Patterson
202411030oti,2024-11-03,Sunday,1:00pm,Tennessee Titans,New England Patriots,oti,nwe,20,17,Brian Callahan,Jerod Mayo,Nissan Stadium,66533,3:19,outdoors,grass,"75 degrees, relative humidity 60%, wind 10 mph",QB,Mason Rudolph,RudoMa00,RB,Tony Pollard,PollTo00,WR,Nick Westbrook-Ikhine,WestNi00,WR,Calvin Ridley,RidlCa00,WR,Bryce Oliver,OlivBr02,TE,Chigoziem Okonkwo,OkonCh00,OL,Peter Skoronski,SkorPe00,OL,Daniel Brunskill,BrunDa00,OT,JC Latham,LathJC00,T,Leroy Watson,WatsLe00,C,Lloyd Cushenberry III,CushLl00,DL,Sebastian Joseph-Day,JoseSe00,DT,Jeffery Simmons,SimmJe01,OLB,Arden Key,KeyxAr00,OLB,Harold Landry,LandHa00,LB,Jack Gibbens,GibbJa00,LB,Kenneth Murray,MurrKe00,CB,Roger McCreary,McCrRo01,CB,Darrell Baker,BakeDa02,CB,Jarvis Brownlee,BrowJa09,FS,Quandre Diggs,DiggQu00,S,Amani Hooker,HookAm00,QB,Drake Maye,MayeDr00,RB,Rhamondre Stevenson,StevRh00,WR,Kayshon Boutte,BoutKa00,WR,Demario Douglas,DougDe00,WR,Kendrick Bourne,BourKe00,TE,Hunter Henry,HenrHu00,OL,Michael Onwenu,OnweMi00,T,Vederian Lowe,LoweVe00,G,Layden Robinson,RobiLa02,G,Michael Jordan,JordMi01,C,Ben Brown,BrowBe01,DE,Keion White,WhitKe03,DT,Davon Godchaux,GodcDa00,DT,Daniel Ekuale,EkuaDa00,LB,Anfernee Jennings,JennAn00,LB,Christian Elliss,ElliCh00,LB,Jahlani Tavai,TavaJa00,CB,Marcus Jones,JoneMa06,CB,Jonathan Jones,JoneJo03,CB,Christian Gonzalez,GonzCh00,S,Marte Mapu,MapuMa00,S,Jaylinn Hawkins,HawkJa00,Referee,Alex Kemp,Umpire,Mike Morton,Down Judge,Robert Richeson,Line Judge,Rusty Baynes,Back Judge,Scott Helverson,Side Judge,Lo van Pham,Field Judge,Sean Petty
202411030phi,2024-11-03,Sunday,4:05pm,Philadelphia Eagles,Jacksonville Jaguars,phi,jax,28,23,Nick Sirianni,Doug Pederson,Lincoln Financial Field,69879,3:15,outdoors,grass,"57 degrees, relative humidity 31%, wind 6 mph",QB,Jalen Hurts,HurtJa00,RB,Saquon Barkley,BarkSa00,WR,A.J. Brown,BrowAJ00,WR,DeVonta Smith,SmitDe07,TE,Grant Calcaterra,CalcGr00,OL,Cam Jurgens,JurgCa01,T,Mekhi Becton,BectMe00,T,Fred Johnson,JohnFr01,T,Lane Johnson,JohnLa01,G,Landon Dickerson,DickLa00,DT,Jalen Carter,CartJa05,DT,Jordan Davis,DaviJo03,OLB,Josh Sweat,SweaJo00,OLB,Nolan Smith,SmitNo02,LB,Zack Baun,BaunZa00,LB,Ben VanSumeren,VanSBe00,LB,Nakobe Dean,DeanNa00,CB,Quinyon Mitchell,MitcQu00,CB,Isaiah Rodgers,RodgIs00,DB,Cooper DeJean,DeJeCo00,S,C.J. Gardner-Johnson,GardCh00,S,Reed Blankenship,BlanRe00,QB,Trevor Lawrence,LawrTr00,RB,Travis Etienne,EtieTr00,WR,Parker Washington,WashPa01,WR,Brian Thomas,ThomBr06,TE,Luke Farrell,FarrLu00,TE,Evan Engram,EngrEv00,OL,Anton Harrison,HarrAn00,OL,Cooper Hodges,HodgCo00,OL,Walker Little,LittWa00,OL,Brandon Scherff,ScheBr00,OL,Mitch Morse,MorsMi00,DE,Josh Hines-Allen,AlleJo03,DE,Travon Walker,WalkTr03,DT,DaVon Hamilton,HamiDa02,DT,Tyler Lacy,LacyTy00,LB,Devin Lloyd,LloyDe00,LB,Foyesade Oluokun,OluoFo00,LB,Ventrell Miller,MillVe00,CB,Tyson Campbell,CampTy01,CB,Ronald Darby,DarbRo00,S,Darnell Savage Jr.,SavaDa00,S,Andre Cisco,CiscAn00,Referee,Alan Eck,Umpire,Tab Slaughter,Down Judge,Derick Bowers,Line Judge,Derek Anderson,Back Judge,Greg Meyer,Side Judge,Dale Shaw,Field Judge,John Jenkins
202411030rav,2024-11-03,Sunday,1:00pm,Baltimore Ravens,Denver Broncos,rav,den,41,10,John Harbaugh,Sean Payton,M&T Bank Stadium,71051,2:57,outdoors,grass,"57 degrees, relative humidity 30%, wind 3 mph",QB,Lamar Jackson,JackLa00,RB,Derrick Henry,HenrDe00,FB,Patrick Ricard,RicaPa00,WR,Rashod Bateman,BateRa00,WR,Zay Flowers,FlowZa00,TE,Mark Andrews,AndrMa00,OL,Patrick Mekari,MekaPa00,OT,Roger Rosengarten,RoseRo01,T,Daniel Faalele,FaalDa00,T,Ronnie Stanley,StanRo00,C,Tyler Linderbaum,LindTy00,DT,Broderick Washington Jr.,WashBr01,DT,Nnamdi Madubuike,MaduJu00,OLB,Odafe Oweh,OwehJa00,OLB,Kyle Van Noy,VanNKy00,LB,Roquan Smith,SmitRo07,LB,Trenton Simpson,SimpTr00,CB,Marlon Humphrey,HumpMa00,DB,Brandon Stephens,StepBr01,S,Ar'Darius Washington,WashAr00,S,Kyle Hamilton,HamiKy00,S,Marcus Williams,WillMa06,QB,Bo Nix,NixxBo00,RB,Jaleel McLaughlin,McLaJa00,WR,Courtland Sutton,SuttCo00,WR,Lil'Jordan Humphrey,HumpLi01,TE,Adam Trautman,TrauAd00,TE,Nate Adkins,AdkiNa00,OL,Quinn Meinerz,MeinQu02,T,Garett Bolles,BollGa00,T,Mike McGlinchey,McGlMi00,G,Ben Powers,PoweBe00,C,Alex Forsyth,ForsAl00,DE,Zach Allen,AlleZa01,DE,John Franklin-Myers,FranJo02,DT,D.J. Jones,,OLB,Jonathon Cooper,CoopJo02,OLB,Nik Bonitto,BoniNi00,LB,Cody Barton,BartCo00,LB,Kwon Alexander,AlexKw00,CB,Riley Moss,MossRi00,CB,Patrick Surtain II,SurtPa01,DB,Devon Key,KeyxDe00,S,Brandon Jones,JoneBr06,Referee,Adrian Hill,Umpire,Roy Ellison,Down Judge,David Oliver,Line Judge,Greg Bradley,Back Judge,Greg Steed,Side Judge,Clay Reynard,Field Judge,Tra Boger
202411030sea,2024-11-03,Sunday,4:25pm,Seattle Seahawks,Los Angeles Rams,sea,ram,20,26,Mike Macdonald,Sean McVay,Lumen Field,68632,3:35,outdoors,fieldturf,"52 degrees, relative humidity 83%, wind 4 mph",QB,Geno Smith,SmitGe00,RB,Kenneth Walker III,WalkKe00,WR,Jake Bobo,BoboJa00,WR,Tyler Lockett,LockTy00,WR,Jaxon Smith-Njigba,SmitJa06,TE,AJ Barner,BarnAJ00,T,Charles Cross,CrosCh00,T,George Fant,FantGe00,G,Anthony Bradford,BradAn00,G,Laken Tomlinson,TomlLa01,C,Connor Williams,WillCo00,DE,Leonard Williams,WillLe02,DT,Byron Murphy,MurpBy01,NT,Jarran Reed,ReedJa02,OLB,Derick Hall,HallDe04,LB,Boye Mafe,MafeBo00,LB,Ernest Jones,JoneEr01,LB,Tyrel Dodson,DodsTy01,CB,Coby Bryant,BryaCo01,CB,Devon Witherspoon,WithDe00,CB,Riq Woolen,WoolTa00,FS,Julian Love,LoveJu00,QB,Matthew Stafford,StafMa00,RB,Kyren Williams,WillKy02,WR,Cooper Kupp,KuppCo00,WR,Puka Nacua,NacuPu00,WR,Demarcus Robinson,RobiDe01,TE,Colby Parkinson,ParkCo02,OL,Justin Dedich,DediJu00,OL,Kevin Dotson,DotsKe00,OL,Rob Havenstein,HaveRo00,OL,Alaric Jackson,JackAl01,OL,Beaux Limmer,LimmBe00,DE,Kobie Turner,TurnKo00,NT,Bobby Brown,BrowBo04,OLB,Byron Young,YounBy01,OLB,Jared Verse,VersJa00,OLB,Michael Hoecht,HoecMi00,LB,Christian Rozeboom,RozeCh00,CB,Ahkello Witherspoon,WithAh00,DB,Quentin Lake,LakeQu00,DB,Darious Williams,WillDa09,DB,Cobie Durant,DuraDe01,DB,Kamren Curl,CurlKa00,Referee,Clay Martin,Umpire,James Carter,Down Judge,Jerod Phillips,Line Judge,Brian Perry,Back Judge,Greg Wilson,Side Judge,Dave Hawkshaw,Field Judge,Alonzo Ramsey
202411040kan,2024-11-04,Monday,8:15pm,Kansas City Chiefs,Tampa Bay Buccaneers,kan,tam,30,24,Andy Reid,Todd Bowles,GEHA Field at Arrowhead Stadium,73574,3:10,outdoors,grass,"63 degrees, relative humidity 90%, wind 6 mph",QB,Patrick Mahomes,MahoPa00,RB,Kareem Hunt,HuntKa00,WR,Xavier Worthy,WortXa00,WR,DeAndre Hopkins,HopkDe00,TE,Noah Gray,GrayNo00,TE,Travis Kelce,KelcTr00,OL,Wanya Morris,MorrWa01,T,Jawaan Taylor,TaylJa02,G,Joe Thuney,ThunJo00,G,Trey Smith,SmitTr05,C,Creed Humphrey,HumpCr00,DE,George Karlaftis III,KarlGe00,DT,Tershawn Wharton,WharTe00,DT,Chris Jones,JoneCh09,LB,Nick Bolton,BoltNi00,LB,Drue Tranquill,TranDr00,LB,Leo Chenal,ChenLe00,CB,Trent McDuffie,McDuTr00,CB,Joshua Williams,WillJo03,DB,Chamarri Conner,ConnCh01,S,Justin Reid,ReidJu00,S,Bryan Cook,CookBr02,QB,Baker Mayfield,MayfBa00,RB,Rachaad White,WhitRa01,WR,Trey Palmer,PalmTr00,WR,Ryan Miller,MillRy01,WR,Rakim Jarrett,JarrRa00,TE,Cade Otton,OttoCa00,T,Tristan Wirfs,WirfTr00,T,Luke Goedeke,GoedLu00,G,Ben Bredeson,BredBe00,G,Cody Mauch,MaucCo00,C,Graham Barton,BartGr00,DL,Calijah Kancey,KancCa00,NT,Vita Vea,VeaxVi00,OLB,YaYa Diaby,DiabYa00,OLB,Joe Tryon-Shoyinka,TryoJo00,LB,Lavonte David,DaviLa00,LB,K.J. Britt,BritKJ00,CB,Zyon McCollum,McCoZy02,DB,Josh Hayes,HayeJo01,S,Tykee Smith,SmitTy05,S,Jordan Whitehead,WhitJo03,S,Antoine Winfield Jr.,WinfAn00,Referee,John Hussey,Umpire,Tony Michalek,Down Judge,Max Causey,Line Judge,Carl Johnson,Back Judge,Matt Edwards,Side Judge,Allen Baynes,Field Judge,Anthony Flemming
202411070rav,2024-11-07,Thursday,8:15pm,Baltimore Ravens,Cincinnati Bengals,rav,cin,35,34,John Harbaugh,Zac Taylor,M&T Bank Stadium,71439,3:20,outdoors,grass,"69 degrees, relative humidity 43%, wind 6 mph",QB,Lamar Jackson,JackLa00,RB,Derrick Henry,HenrDe00,WR,Rashod Bateman,BateRa00,WR,Zay Flowers,FlowZa00,WR,Nelson Agholor,AghoNe00,TE,Mark Andrews,AndrMa00,OL,Patrick Mekari,MekaPa00,OT,Roger Rosengarten,RoseRo01,T,Daniel Faalele,FaalDa00,T,Ronnie Stanley,StanRo00,C,Tyler Linderbaum,LindTy00,DT,Nnamdi Madubuike,MaduJu00,DT,Travis Jones,JoneTr00,OLB,Odafe Oweh,OwehJa00,OLB,Kyle Van Noy,VanNKy00,LB,Trenton Simpson,SimpTr00,LB,Roquan Smith,SmitRo07,CB,Marlon Humphrey,HumpMa00,DB,Brandon Stephens,StepBr01,S,Kyle Hamilton,HamiKy00,S,Ar'Darius Washington,WashAr00,S,Marcus Williams,WillMa06,QB,Joe Burrow,BurrJo01,RB,Chase Brown,BrowCh10,WR,Andrei Iosivas,IosiAn00,WR,Ja'Marr Chase,ChasJa00,WR,Jermaine Burton,BurtJe01,TE,Drew Sample,SampDr00,OT,Amarius Mims,MimsAm00,G,Alex Cappa,CappAl00,G,Cody Ford,FordCo00,G,Cordell Volson,VolsCo02,C,Ted Karras,KarrTe00,DE,Trey Hendrickson,HendTr00,DE,Sam Hubbard,HubbSa00,DT,B.J. Hill,,DT,Sheldon Rankins,RankSh00,LB,Germaine Pratt,PratGe00,LB,Logan Wilson,WilsLo00,CB,Mike Hilton,HiltMi01,CB,Cam Taylor-Britt,TaylCa01,CB,DJ Turner,TurnDJ01,S,Vonn Bell,BellVo00,S,Geno Stone,StonGe00,Referee,Clete Blakeman,Umpire,Scott Campbell,Down Judge,Dana McKenzie,Line Judge,Julian Mapp,Back Judge,Jonah Monroe,Side Judge,James Coleman,Field Judge,Karina Tovar
202411100car,2024-11-10,Sunday,9:30am,Carolina Panthers,New York Giants,car,nyg,20,17,Dave Canales,Brian Daboll,Allianz Arena,70132,3:15,outdoors,grass,"40 degrees, relative humidity 90%, wind 3 mph",QB,Bryce Young,YounBr01,RB,Chuba Hubbard,HubbCh01,WR,Jalen Coker,CokeJa01,WR,David Moore,MoorDa03,WR,Xavier Legette,LegeXa00,TE,Ian Thomas,ThomIa00,T,Taylor Moton,MotoTa00,G,Cade Mays,MaysCa00,G,Brady Christensen,ChriBr00,G,Damien Lewis,LewiDa05,G,Robert Hunt,HuntRo01,DE,LaBryan Ray,RayxLa02,DE,A'Shawn Robinson,RobiAS00,DT,Shy Tuttle,TuttSh00,OLB,D.J. Wonnum,WonnDJ00,OLB,Jadeveon Clowney,ClowJa00,LB,Josey Jewell,JeweJo00,LB,Trevin Wallace,WallTr00,CB,Michael Jackson,JackMi01,CB,Jaycee Horn,HornJa00,S,Jordan Fuller,FullJo01,S,Xavier Woods,WoodXa00,QB,Daniel Jones,JoneDa05,RB,Tyrone Tracy Jr.,TracTy00,WR,Jalin Hyatt,HyatJa00,WR,Malik Nabers,NabeMa00,TE,Theo Johnson,JohnTh00,TE,Chris Manhertz,ManhCh00,OL,Jermaine Eluemunor,ElueJe00,T,Evan Neal,NealEv00,OG,Greg Van Roten,VanRGr00,G,Jon Runyan Jr.,RunyJo00,C,John Michael Schmitz,MichJo00,DL,Dexter Lawrence,LawrDe03,DL,Rakeem Nunez-Roches,NuneRa00,OLB,Azeez Ojulari,OjulAz00,OLB,Brian Burns,BurnBr00,LB,Micah McFadden,McFaMi01,LB,Bobby Okereke,OkerBo00,CB,Deonte Banks,BankDe00,CB,Andru Phillips,PhilAn02,CB,Cordale Flott,FlotCo00,S,Tyler Nubin,NubiTy00,S,Dane Belton,BeltDa00,Referee,Shawn Hochuli,Umpire,Terry Killens,Down Judge,Patrick Holt,Line Judge,Tim Podraza,Back Judge,Jimmy Russell,Side Judge,Jim Quirk,Field Judge,Jason Ledet
202411100chi,2024-11-10,Sunday,1:00pm,Chicago Bears,New England Patriots,chi,nwe,3,19,Matt Eberflus,Jerod Mayo,Soldier Field,58912,2:57,outdoors,grass,"60 degrees, relative humidity 78%, wind 6 mph",QB,Caleb Williams,WillCa03,RB,D'Andre Swift,SwifDA00,WR,Rome Odunze,OdunRo00,WR,D.J. Moore,,WR,Keenan Allen,AlleKe00,TE,Cole Kmet,KmetCo00,OL,Teven Jenkins,JenkTe00,OL,Matt Pryor,PryoMa00,OL,Coleman Shelton,ShelCo00,OL,Larry Borom,BoroLa00,OL,Ryan Bates,BateRy02,DL,Gervon Dexter,DextGe00,DL,Zacch Pickens,PickZa00,DL,Montez Sweat,SweaMo00,DL,DeMarcus Walker,WalkDe03,LB,T.J. Edwards,EdwaTJ02,LB,Tremaine Edmunds,EdmuTr01,DB,Kyler Gordon,GordKy00,DB,Elijah Hicks,HickEl00,DB,Jaylon Johnson,JohnJa13,DB,Kevin Byard,ByarKe01,DB,Tyrique Stevenson,StevTy01,QB,Drake Maye,MayeDr00,RB,Rhamondre Stevenson,StevRh00,WR,Kayshon Boutte,BoutKa00,WR,Ja'Lynn Polk,PolkJa00,TE,Hunter Henry,HenrHu00,TE,Austin Hooper,HoopAu00,OL,Michael Onwenu,OnweMi00,OT,Demontrey Jacobs,JacoDe00,T,Vederian Lowe,LoweVe00,G,Michael Jordan,JordMi01,C,Ben Brown,BrowBe01,DE,Deatrich Wise Jr.,WiseDe00,DT,Davon Godchaux,GodcDa00,DT,Daniel Ekuale,EkuaDa00,LB,Anfernee Jennings,JennAn00,LB,Curtis Jacobs,JacoCu00,LB,Sione Takitaki,TakiSi00,LB,Jahlani Tavai,TavaJa00,CB,Marcus Jones,JoneMa06,CB,Jonathan Jones,JoneJo03,CB,Christian Gonzalez,GonzCh00,S,Jaylinn Hawkins,HawkJa00,Referee,Land Clark,Umpire,Paul King,Down Judge,Tom Stephan,Line Judge,Jeff Hutcheon,Back Judge,Brad Freeman,Side Judge,Dominique Pender,Field Judge,Jabir Walker
202411100clt,2024-11-10,Sunday,1:00pm,Indianapolis Colts,Buffalo Bills,clt,buf,20,30,Shane Steichen,Sean McDermott,Lucas Oil Stadium,66474,3:04,retractable roof (closed),fieldturf,,QB,Joe Flacco,FlacJo00,RB,Jonathan Taylor,TaylJo02,WR,Alec Pierce,PierAl00,WR,Adonai Mitchell,MitcAd00,WR,Josh Downs,DownJo00,TE,Mo Alie-Cox,AlieMo00,T,Bernhard Raimann,RaimBe00,T,Braden Smith,SmitBr06,G,Dalton Tucker,TuckDa00,G,Tanor Bortolini,BortTa00,G,Quenton Nelson,NelsQu00,DE,Dayo Odeyingbo,OdeyDa00,DE,Kwity Paye,PayeKw00,DT,DeForest Buckner,BuckDe00,DT,Grover Stewart,StewGr00,LB,Zaire Franklin,FranZa00,LB,E.J. Speed,SpeeEJ00,CB,Samuel Womack,WomaSa00,CB,Kenny Moore,MoorKe03,CB,Jaylon Jones,JoneJa13,S,Nick Cross,CrosNi00,S,Julian Blackmon,BlacJu01,QB,Josh Allen,AlleJo02,RB,James Cook,CookJa01,WR,Curtis Samuel,SamuCu00,WR,Mack Hollins,HollMa00,TE,Dawson Knox,KnoxDa00,TE,Dalton Kincaid,KincDa00,T,Spencer Brown,BrowSp00,T,Dion Dawkins,DawkDi00,G,Connor McGovern,McGoCo01,G,O'Cyrus Torrence,TorrOC00,G,David Edwards,EdwaDa01,DE,Gregory Rousseau,RousGr00,DE,A.J. Epenesa,EpenAJ00,DT,DaQuan Jones,JoneDa04,DT,Ed Oliver,OlivEd00,LB,Terrel Bernard,BernTe00,LB,Dorian Williams,WillDo04,CB,Taron Johnson,JohnTa01,CB,Rasul Douglas,DougRa00,CB,Christian Benford,BenfCh00,S,Taylor Rapp,RappTa00,S,Damar Hamlin,HamlDa00,Referee,Scott Novak,Umpire,Mark Pellis,Down Judge,Brian Sakowski,Line Judge,Mark Stewart,Back Judge,Terrence Miles,Side Judge,David Meslow,Field Judge,Terry Brown
202411100crd,2024-11-10,Sunday,4:25pm,Arizona Cardinals,New York Jets,crd,nyj,31,6,Jonathan Gannon,Jeff Ulbrich,State Farm Stadium,64030,2:43,retractable roof (open),grass,,QB,Kyler Murray,MurrKy00,RB,James Conner,ConnJa00,WR,Michael Wilson,WilsMi02,WR,Marvin Harrison Jr.,HarrMa09,WR,Greg Dortch,DortGr01,TE,Trey McBride,McBrTr01,OL,Paris Johnson,JohnPa03,OL,Hjalte Froholdt,FrohHj00,OL,Trystan Colon,ColoTr01,OL,Evan Brown,BrowEv00,OL,Kelvin Beachum,BeacKe00,DL,L.J. Collier,CollLJ00,DL,Roy Lopez,LopeRo00,DL,Dante Stills,StilDa01,OLB,Zaven Collins,CollZa00,LB,Kyzir White,WhitKy00,LB,Mack Wilson,WilsMa03,CB,Sean Murphy-Bunting,BuntSe00,CB,Starling Thomas,ThomSt01,CB,Garrett Williams,WillGa00,S,Budda Baker,BakeBu00,S,Dadrion Taylor-Demerson,TaylDa02,QB,Aaron Rodgers,RodgAa00,RB,Breece Hall,HallBr03,WR,Garrett Wilson,WilsGa00,WR,Malachi Corley,CorlMa00,WR,Davante Adams,AdamDa01,TE,Tyler Conklin,ConkTy00,OL,Tyron Smith,SmitTy00,OL,John Simpson,SimpJo00,OL,Morgan Moses,MoseMo00,G,Alijah Vera-Tucker,VeraAl00,C,Joe Tippmann,TippJo00,DL,Quinnen Williams,WillQu00,DL,Micheal Clemons,ClemMi03,DE,Will McDonald,McDoWi00,DT,Javon Kinlaw,KinlJa00,LB,Jamien Sherwood,SherJa00,LB,Quincy Williams,WillQu01,CB,Isaiah Oliver,OlivIs00,CB,D.J. Reed,,CB,Sauce Gardner,GardSa00,S,Jalen Mills,MillJa02,S,Tony Adams,AdamTo03,Referee,John Hussey,Umpire,Tony Michalek,Down Judge,Max Causey,Line Judge,Carl Johnson,Back Judge,Matt Edwards,Side Judge,Allen Baynes,Field Judge,Anthony Flemming
202411100dal,2024-11-10,Sunday,4:25pm,Dallas Cowboys,Philadelphia Eagles,dal,phi,6,34,Mike McCarthy,Nick Sirianni,AT&T Stadium,93644,2:57,retractable roof (closed),matrixturf,,QB,Cooper Rush,RushCo00,RB,Rico Dowdle,DowdRi01,WR,Jalen Tolbert,TolbJa00,WR,CeeDee Lamb,LambCe00,TE,Luke Schoonmaker,SchoLu00,TE,Jake Ferguson,FergJa00,OL,Asim Richards,RichAs00,OL,Tyler Smith,SmitTy02,T,Terence Steele,SteeTe01,OG,Cooper Beebe,BeebCo00,G,Zack Martin,MartZa00,DE,Chauncey Golston,GolsCh00,DT,Osa Odighizuwa,OdigOs00,DT,Mazi Smith,SmitMa06,MLB,Eric Kendricks,KendEr00,LB,DeMarvion Overshown,OverDe00,LB,Micah Parsons,ParsMi00,CB,Caelen Carson,CarsCa01,CB,Jourdan Lewis,LewiJo01,CB,Trevon Diggs,DiggTr00,S,Malik Hooker,HookMa00,S,Donovan Wilson,WilsDo01,QB,Jalen Hurts,HurtJa00,RB,Saquon Barkley,BarkSa00,WR,A.J. Brown,BrowAJ00,WR,DeVonta Smith,SmitDe07,TE,Grant Calcaterra,CalcGr00,TE,Dallas Goedert,GoedDa00,OL,Cam Jurgens,JurgCa01,T,Mekhi Becton,BectMe00,T,Fred Johnson,JohnFr01,T,Lane Johnson,JohnLa01,G,Landon Dickerson,DickLa00,DT,Jalen Carter,CartJa05,DT,Jordan Davis,DaviJo03,OLB,Josh Sweat,SweaJo00,OLB,Nolan Smith,SmitNo02,LB,Zack Baun,BaunZa00,LB,Nakobe Dean,DeanNa00,CB,Quinyon Mitchell,MitcQu00,CB,Darius Slay,SlayDa00,DB,Cooper DeJean,DeJeCo00,S,C.J. Gardner-Johnson,GardCh00,S,Reed Blankenship,BlanRe00,Referee,Alex Kemp,Umpire,Mike Morton,Down Judge,Robert Richeson,Line Judge,Rusty Baynes,Back Judge,Scott Helverson,Side Judge,Lo van Pham,Field Judge,Sean Petty
202411100htx,2024-11-10,Sunday,8:20pm,Houston Texans,Detroit Lions,htx,det,23,26,DeMeco Ryans,Dan Campbell,NRG Stadium,71512,3:12,retractable roof (open),astroturf,,QB,C.J. Stroud,StroCJ00,RB,Joe Mixon,MixoJo00,WR,Tank Dell,DellNa00,WR,Xavier Hutchinson,HutcXa00,WR,John Metchie,MetcJo00,TE,Dalton Schultz,SchuDa00,OL,Juice Scruggs,ScruJu00,OL,Jarrett Patterson,PattJa03,T,Tytus Howard,HowaTy00,T,Laremy Tunsil,TunsLa00,G,Shaq Mason,MasoSh01,DE,Denico Autry,AutrDe00,DE,Danielle Hunter,HuntDa01,DT,Folorunso Fatukasi,FatuFo00,DT,Tim Settle,SettTi00,LB,Azeez Al-Shaair,AlShAz00,LB,Henry To'oTo'o,TooTHe00,CB,Kamari Lassiter,LassKa00,CB,Derek Stingley Jr.,StinDe00,S,Jimmie Ward,WardJi01,S,Jalen Pitre,PitrJa00,S,Eric Murray,MurrEr00,QB,Jared Goff,GoffJa00,RB,David Montgomery,MontDa01,WR,Jameson Williams,WillJa11,WR,Amon-Ra St. Brown,StxxAm00,TE,Brock Wright,WrigBr01,TE,Sam LaPorta,LaPoSa01,OL,Graham Glasgow,GlasGr00,T,Dan Skipper,SkipDa00,T,Penei Sewell,SewePe00,G,Kevin Zeitler,ZeitKe00,C,Frank Ragnow,RagnFr00,DL,Alim McNeill,McNeAl00,DL,Levi Onwuzurike,OnwuLe00,DL,Josh Paschal,PascJo00,DL,D.J. Reader,,LB,Ben Niemann,NiemBe00,LB,Alex Anzalone,AnzaAl00,LB,Jack Campbell,CampJa04,CB,Carlton Davis,DaviCa02,CB,Terrion Arnold,ArnoTe00,DB,Brian Branch,BranBr00,S,Kerby Joseph,JoseKe03,Referee,Bill Vinovich,Umpire,Scott Walker,Down Judge,Dale Keller,Line Judge,Tripp Sutter,Back Judge,Todd Prukop,Side Judge,Jimmy Buchanan,Field Judge,Aaron Santi
202411100jax,2024-11-10,Sunday,1:00pm,Jacksonville Jaguars,Minnesota Vikings,jax,min,7,12,Doug Pederson,Kevin O'Connell,EverBank Stadium,65695,3:00,outdoors,grass,"79 degrees, relative humidity 77%, wind 7 mph",QB,Mac Jones,JoneMa05,RB,Travis Etienne,EtieTr00,WR,Brian Thomas,ThomBr06,WR,Gabriel Davis,DaviGa01,TE,Brenton Strange,StraBr00,TE,Evan Engram,EngrEv00,OL,Brandon Scherff,ScheBr00,OL,Blake Hance,HancBl00,OL,Anton Harrison,HarrAn00,OL,Walker Little,LittWa00,OL,Mitch Morse,MorsMi00,DE,Travon Walker,WalkTr03,DE,Josh Hines-Allen,AlleJo03,DT,Tyler Lacy,LacyTy00,DT,DaVon Hamilton,HamiDa02,LB,Ventrell Miller,MillVe00,LB,Devin Lloyd,LloyDe00,LB,Foyesade Oluokun,OluoFo00,CB,Ronald Darby,DarbRo00,CB,Tyson Campbell,CampTy01,S,Darnell Savage Jr.,SavaDa00,S,Andre Cisco,CiscAn00,QB,Sam Darnold,DarnSa00,RB,Aaron Jones,JoneAa00,FB,C.J. Ham,,WR,Jordan Addison,AddiJo00,WR,Justin Jefferson,JeffJu00,TE,Josh Oliver,OlivJo00,OT,Cam Robinson,RobiCa00,T,Brian O'Neill,ONeiBr00,G,Blake Brandel,BranBl00,G,Ed Ingram,IngrEd00,C,Garrett Bradbury,BradGa00,DL,Harrison Phillips,PhilHa00,DL,Jonathan Bullard,BullJo00,DL,Jerry Tillery,TillJe00,OLB,Jonathan Greenard,GreeJo04,OLB,Andrew Van Ginkel,VanGAn00,LB,Blake Cashman,CashBl00,LB,Ivan Pace,PaceIv00,CB,Stephon Gilmore,GilmSt00,CB,Byron Murphy,MurpBy00,S,Camryn Bynum,BynuCa00,S,Harrison Smith,SmitHa00,Referee,Adrian Hill,Umpire,Roy Ellison,Down Judge,David Oliver,Line Judge,Greg Bradley,Back Judge,Greg Steed,Side Judge,Clay Reynard,Field Judge,Tra Boger
202411100kan,2024-11-10,Sunday,1:00pm,Kansas City Chiefs,Denver Broncos,kan,den,16,14,Andy Reid,Sean Payton,GEHA Field at Arrowhead Stadium,73704,2:48,outdoors,grass,"57 degrees, relative humidity 58%, wind 12 mph",QB,Patrick Mahomes,MahoPa00,RB,Kareem Hunt,HuntKa00,WR,Xavier Worthy,WortXa00,WR,DeAndre Hopkins,HopkDe00,TE,Travis Kelce,KelcTr00,TE,Noah Gray,GrayNo00,OL,Wanya Morris,MorrWa01,T,Jawaan Taylor,TaylJa02,G,Joe Thuney,ThunJo00,G,Trey Smith,SmitTr05,C,Creed Humphrey,HumpCr00,DE,Michael Danna,DannMi00,DT,Tershawn Wharton,WharTe00,DT,Chris Jones,JoneCh09,LB,Leo Chenal,ChenLe00,LB,Drue Tranquill,TranDr00,LB,Nick Bolton,BoltNi00,CB,Trent McDuffie,McDuTr00,DB,Chamarri Conner,ConnCh01,S,Justin Reid,ReidJu00,S,Nazeeh Johnson,JohnNa01,S,Bryan Cook,CookBr02,QB,Bo Nix,NixxBo00,RB,Jaleel McLaughlin,McLaJa00,WR,Devaughn Vele,VeleDe00,WR,Courtland Sutton,SuttCo00,WR,Lil'Jordan Humphrey,HumpLi01,TE,Adam Trautman,TrauAd00,OL,Quinn Meinerz,MeinQu02,T,Garett Bolles,BollGa00,T,Mike McGlinchey,McGlMi00,G,Ben Powers,PoweBe00,C,Luke Wattenberg,WattLu00,DE,John Franklin-Myers,FranJo02,DE,Zach Allen,AlleZa01,DT,D.J. Jones,,OLB,Jonathon Cooper,CoopJo02,OLB,Nik Bonitto,BoniNi00,LB,Cody Barton,BartCo00,CB,Ja'Quan McMillian,McMiJa00,CB,Riley Moss,MossRi00,CB,Patrick Surtain II,SurtPa01,S,P.J. Locke,LockPJ00,S,Brandon Jones,JoneBr06,Referee,Brad Allen,Umpire,Duane Heydt,Down Judge,Sarah Thomas,Line Judge,Walter Flowers,Back Judge,Tyree Walton,Side Judge,Chad Hill,Field Judge,Rick Patterson
202411100nor,2024-11-10,Sunday,1:00pm,New Orleans Saints,Atlanta Falcons,nor,atl,20,17,Darren Rizzi,Raheem Morris,Caesars Superdome,70005,2:57,dome,sportturf,,QB,Derek Carr,CarrDe02,RB,Alvin Kamara,KamaAl00,FB,Adam Prentice,PrenAd00,WR,Marquez Valdes-Scantling,ValdMa00,TE,Taysom Hill,HillTa00,TE,Foster Moreau,MoreFo00,OL,Nick Saldiveri,SaldNi00,OL,Cesar Ruiz,RuizCe00,OT,Taliese Fuaga,FuagTa00,OT,Trevor Penning,PennTr00,C,Connor McGovern,McGoCo00,DE,Cameron Jordan,JordCa00,DE,Carl Granderson,GranCa01,DT,Khalen Saunders,SaunKh00,DT,Nathan Shepherd,ShepNa00,LB,Demario Davis,DaviDe00,LB,Pete Werner,WernPe00,CB,Will Harris,HarrWi02,CB,Alontae Taylor,TaylAl01,DB,Shemar Jean-Charles,JeanSh00,S,Ugo Amadi,AmadUg00,S,Tyrann Mathieu,MathTy00,QB,Kirk Cousins,CousKi00,RB,Bijan Robinson,RobiBi01,WR,Darnell Mooney,MoonDa00,WR,Ray-Ray McCloud,McClRa00,WR,Drake London,LondDr00,TE,Kyle Pitts,PittKy00,OL,Matthew Bergeron,BergMa00,OL,Ryan Neuzil,NeuzRy00,T,Jake Matthews,MattJa00,T,Kaleb McGary,McGaKa00,G,Chris Lindstrom,LindCh00,DL,Grady Jarrett,JarrGr00,DL,Eddie Goldman,GoldEd00,DL,David Onyemata,OnyeDa00,DL,James Smith-Williams,SmitJa08,OLB,Arnold Ebiketie,EbikAr00,LB,Nathan Landman,LandNa01,LB,Kaden Elliss,ElliKa00,CB,Mike Hughes,HughMi00,CB,AJ Terrell,TerrAJ00,S,Jessie Bates III,BateJe00,S,Justin Simmons,SimmJu00,Referee,Carl Cheffers,Umpire,Brandon Cruse,Down Judge,Mike Carr,Line Judge,Robin DeLorenzo,Back Judge,Martin Hankins,Side Judge,Nathan Jones,Field Judge,Eugene Hall
202411100sdg,2024-11-10,Sunday,4:05pm,Los Angeles Chargers,Tennessee Titans,sdg,oti,27,17,Jim Harbaugh,Brian Callahan,SoFi Stadium,68796,2:41,dome,matrixturf,,QB,Justin Herbert,HerbJu00,RB,J.K. Dobbins,DobbJK00,WR,Jalen Reagor,ReagJa00,WR,Ladd McConkey,McCoLa00,WR,Quentin Johnston,JohnQu02,TE,Will Dissly,DissWi00,OL,Jamaree Salyer,SalyJa00,OT,Joe Alt,AltxJo01,T,Rashawn Slater,SlatRa00,G,Zion Johnson,JohnZi00,C,Bradley Bozeman,BozeBr00,DT,Otito Ogbonnia,OgboOt00,DT,Poona Ford,FordPo00,OLB,Khalil Mack,MackKh00,OLB,Tuli Tuipulotu,TuipTu00,LB,Daiyan Henley,HenlDa00,LB,Denzel Perryman,PerrDe00,CB,Elijah Molden,MoldEl00,CB,Cam Hart,HartCa00,CB,Tarheeb Still,StilTa00,S,Derwin James,JameDe00,S,Alohi Gilman,GilmAl00,QB,Will Levis,LeviWi00,RB,Tony Pollard,PollTo00,WR,Tyler Boyd,BoydTy00,WR,Nick Westbrook-Ikhine,WestNi00,WR,Calvin Ridley,RidlCa00,TE,Nick Vannett,VannNi00,OL,Daniel Brunskill,BrunDa00,OL,Dillon Radunz,RaduDi00,OL,Peter Skoronski,SkorPe00,OT,JC Latham,LathJC00,T,Leroy Watson,WatsLe00,DT,Jeffery Simmons,SimmJe01,NT,T'Vondre Sweat,SweaTV01,OLB,Arden Key,KeyxAr00,OLB,Harold Landry,LandHa00,LB,Kenneth Murray,MurrKe00,LB,Jack Gibbens,GibbJa00,CB,Darrell Baker,BakeDa02,CB,Roger McCreary,McCrRo01,CB,Jarvis Brownlee,BrowJa09,S,Mike Brown,BrowMi02,S,Amani Hooker,HookAm00,Referee,Craig Wrolstad,Umpire,Steve Woods,Down Judge,Danny Short,Line Judge,Brett Bergman,Back Judge,Rich Martinez,Side Judge,Frank Steratore,Field Judge,Jeff Shears
202411100tam,2024-11-10,Sunday,1:00pm,Tampa Bay Buccaneers,San Francisco 49ers,tam,sfo,20,23,Todd Bowles,Kyle Shanahan,Raymond James Stadium,64914,2:56,outdoors,grass,"85 degrees, relative humidity 54%, wind 9 mph",QB,Baker Mayfield,MayfBa00,RB,Rachaad White,WhitRa01,WR,Sterling Shepard,ShepSt00,WR,Ryan Miller,MillRy01,WR,Rakim Jarrett,JarrRa00,TE,Cade Otton,OttoCa00,T,Tristan Wirfs,WirfTr00,T,Luke Goedeke,GoedLu00,G,Cody Mauch,MaucCo00,G,Ben Bredeson,BredBe00,C,Graham Barton,BartGr00,DL,Calijah Kancey,KancCa00,NT,Vita Vea,VeaxVi00,OLB,YaYa Diaby,DiabYa00,OLB,Joe Tryon-Shoyinka,TryoJo00,LB,Lavonte David,DaviLa00,LB,K.J. Britt,BritKJ00,CB,Zyon McCollum,McCoZy02,DB,Josh Hayes,HayeJo01,S,Christian Izien,IzieCh00,S,Jordan Whitehead,WhitJo03,S,Antoine Winfield Jr.,WinfAn00,QB,Brock Purdy,PurdBr00,RB,Christian McCaffrey,McCaCh01,WR,Jauan Jennings,JennJa00,WR,Ricky Pearsall,PearRi00,WR,Deebo Samuel,SamuDe00,TE,George Kittle,KittGe00,OL,Colton McKivitz,McKiCo00,OL,Aaron Banks,BankAa00,OL,Jake Brendel,BrenJa01,OL,Dominick Puni,PuniDo00,OT,Trent Williams,WillTr21,DL,Maliek Collins,CollMa00,DL,Jordan Elliott,ElliJo02,DL,Leonard Floyd,FloyLe00,DL,Nick Bosa,BosaNi00,LB,Fred Warner,WarnFr00,LB,De'Vondre Campbell,CampDe00,CB,Isaac Yiadom,YiadIs00,CB,Renardo Green,GreeRe00,DB,Deommodore Lenoir,LenoDe00,S,Malik Mustapha,MustMa00,S,Ji'Ayir Brown,BrowJi01,Referee,Shawn Smith,Umpire,Alex Moore,Down Judge,Jay Bilbo,Line Judge,Jeff Seeman,Back Judge,Dino Paganelli,Side Judge,Boris Cheek,Field Judge,Dyrol Prioleau
202411100was,2024-11-10,Sunday,1:00pm,Washington Commanders,Pittsburgh Steelers,was,pit,27,28,Dan Quinn,Mike Tomlin,Northwest Stadium,66192,3:21,outdoors,grass,"57 degrees, relative humidity 54%, wind 9 mph",QB,Jayden Daniels,DaniJa02,RB,Austin Ekeler,EkelAu00,WR,Noah Brown,BrowNo00,WR,Olamide Zaccheaus,ZaccOl01,WR,Terry McLaurin,McLaTe00,TE,Zach Ertz,ErtzZa00,OT,Brandon Coleman,ColeBr02,T,Trenton Scott,ScotTr01,G,Nick Allegretti,AlleNi00,G,Samuel Cosmi,CosmSa00,C,Tyler Biadasz,BiadTy00,DE,Dorance Armstrong Jr.,ArmsDo00,DE,Clelin Ferrell,FerrCl00,DT,Jer'Zhan Newton,NewtJe00,DT,Daron Payne,PaynDa00,MLB,Bobby Wagner,WagnBo00,LB,Frankie Luvu,LuvuFr00,CB,Noah Igbinoghene,IgbiNo00,CB,Mike Sainristil,SainMi00,CB,Benjamin St-Juste,StJuBe00,DB,Quan Martin,MartJa04,S,Jeremy Chinn,ChinJe00,QB,Russell Wilson,WilsRu00,RB,Najee Harris,HarrNa00,WR,George Pickens,PickGe00,WR,Calvin Austin III,AustCa00,WR,Van Jefferson,JeffVa00,TE,Darnell Washington,WashDa03,OT,Broderick Jones,JoneBr09,OT,Dan Moore,MoorDa05,G,Mason McCormick,McCoMa00,G,Isaac Seumalo,SeumIs00,C,Zach Frazier,FrazZa00,DL,Keeanu Benton,BentKe00,DT,Cameron Heyward,HeywCa01,LB,Alex Highsmith,HighAl02,LB,Patrick Queen,QueePa00,LB,Elandon Roberts,RobeEl00,LB,T.J. Watt,,CB,Donte Jackson,JackDo02,CB,Joey Porter Jr.,PortJo02,CB,Beanie Bishop,BishBe00,S,Minkah Fitzpatrick,FitzMi00,S,DeShon Elliott,ElliDe02,Referee,Brad Rogers,Umpire,Bryan Neale,Down Judge,Kent Payne,Line Judge,Kevin Codey,Back Judge,Greg Yette,Side Judge,Anthony Jeffries,Field Judge,Joe Blubaugh
202411110ram,2024-11-11,Monday,8:15pm,Los Angeles Rams,Miami Dolphins,ram,mia,15,23,Sean McVay,Mike McDaniel,SoFi Stadium,72474,2:49,dome,matrixturf,,QB,Matthew Stafford,StafMa00,RB,Kyren Williams,WillKy02,WR,Demarcus Robinson,RobiDe01,WR,Puka Nacua,NacuPu00,TE,Davis Allen,AlleDa02,TE,Hunter Long,LongHu00,OL,Steve Avila,AvilSt00,OL,Joseph Noteboom,NoteJo00,OL,Alaric Jackson,JackAl01,OL,Kevin Dotson,DotsKe00,G,Jonah Jackson,JackJo03,DE,Kobie Turner,TurnKo00,NT,Bobby Brown,BrowBo04,OLB,Michael Hoecht,HoecMi00,OLB,Jared Verse,VersJa00,OLB,Byron Young,YounBy01,LB,Omar Speights,SpeiOm00,DB,Kamren Kinchens,KincKa00,DB,Quentin Lake,LakeQu00,DB,Cobie Durant,DuraDe01,DB,Kamren Curl,CurlKa00,DB,Darious Williams,WillDa09,QB,Tua Tagovailoa,TagoTu00,RB,De'Von Achane,AchaDe00,WR,Malik Washington,WashMa00,WR,Jaylen Waddle,WaddJa00,WR,Tyreek Hill,HillTy00,TE,Julian Hill,HillJu02,OL,Aaron Brewer,BrewAa01,OL,Liam Eichenberg,EichLi00,OL,Robert Jones,JoneRo02,T,Terron Armstead,ArmsTe00,T,Kendall Lamm,LammKe00,DT,Benito Jones,JoneBe03,DT,Zach Sieler,SielZa00,DT,Calais Campbell,CampCa99,OLB,Tyus Bowser,BowsTy00,LB,Emmanuel Ogbah,OgbaEm00,LB,Jordyn Brooks,BrooJo01,LB,Anthony Walker,WalkAn01,CB,Kendall Fuller,FullKe00,CB,Jalen Ramsey,RamsJa00,S,Jevon Holland,HollJe02,S,Jordan Poyer,PoyeJo00,Referee,Ron Torbert,Umpire,Barry Anderson,Down Judge,Frank LeBlanc,Line Judge,Brian Bolinger,Back Judge,Tony Josselyn,Side Judge,Keith Washington,Field Judge,Ryan Dickson
202411140phi,2024-11-14,Thursday,8:15pm,Philadelphia Eagles,Washington Commanders,phi,was,26,18,Nick Sirianni,Dan Quinn,Lincoln Financial Field,69879,3:03,outdoors,grass,"46 degrees, relative humidity 63%, wind 9 mph",QB,Jalen Hurts,HurtJa00,RB,Saquon Barkley,BarkSa00,WR,A.J. Brown,BrowAJ00,WR,DeVonta Smith,SmitDe07,WR,Jahan Dotson,DotsJa00,TE,Dallas Goedert,GoedDa00,OL,Cam Jurgens,JurgCa01,T,Mekhi Becton,BectMe00,T,Jordan Mailata,MailJo00,T,Lane Johnson,JohnLa01,G,Landon Dickerson,DickLa00,DT,Jalen Carter,CartJa05,DT,Jordan Davis,DaviJo03,OLB,Josh Sweat,SweaJo00,OLB,Nolan Smith,SmitNo02,LB,Zack Baun,BaunZa00,LB,Nakobe Dean,DeanNa00,CB,Quinyon Mitchell,MitcQu00,CB,Darius Slay,SlayDa00,DB,Cooper DeJean,DeJeCo00,S,C.J. Gardner-Johnson,GardCh00,S,Reed Blankenship,BlanRe00,QB,Jayden Daniels,DaniJa02,RB,Austin Ekeler,EkelAu00,RB,Brian Robinson Jr.,RobiBr01,WR,Noah Brown,BrowNo00,WR,Terry McLaurin,McLaTe00,TE,Zach Ertz,ErtzZa00,OL,Andrew Wylie,WyliAn00,OT,Brandon Coleman,ColeBr02,G,Nick Allegretti,AlleNi00,G,Samuel Cosmi,CosmSa00,C,Tyler Biadasz,BiadTy00,DE,Dorance Armstrong Jr.,ArmsDo00,DE,Clelin Ferrell,FerrCl00,DT,Jer'Zhan Newton,NewtJe00,DT,Daron Payne,PaynDa00,MLB,Bobby Wagner,WagnBo00,LB,Frankie Luvu,LuvuFr00,CB,Noah Igbinoghene,IgbiNo00,CB,Mike Sainristil,SainMi00,CB,Benjamin St-Juste,StJuBe00,DB,Quan Martin,MartJa04,S,Jeremy Chinn,ChinJe00,Referee,Adrian Hill,Umpire,Roy Ellison,Down Judge,David Oliver,Line Judge,Greg Bradley,Back Judge,Greg Steed,Side Judge,Clay Reynard,Field Judge,Tra Boger
202411170buf,2024-11-17,Sunday,4:25pm,Buffalo Bills,Kansas City Chiefs,buf,kan,30,21,Sean McDermott,Andy Reid,Highmark Stadium,71112,3:01,outdoors,a_turf,"50 degrees, relative humidity 62%, wind 3 mph",QB,Josh Allen,AlleJo02,RB,James Cook,CookJa01,WR,Khalil Shakir,ShakKh00,WR,Amari Cooper,CoopAm00,WR,Mack Hollins,HollMa00,TE,Dawson Knox,KnoxDa00,T,Dion Dawkins,DawkDi00,T,Ryan Van Demark,VanDRy00,G,Connor McGovern,McGoCo01,G,David Edwards,EdwaDa01,G,O'Cyrus Torrence,TorrOC00,DE,Gregory Rousseau,RousGr00,DE,A.J. Epenesa,EpenAJ00,DT,DaQuan Jones,JoneDa04,DT,Ed Oliver,OlivEd00,LB,Terrel Bernard,BernTe00,LB,Dorian Williams,WillDo04,CB,Taron Johnson,JohnTa01,CB,Rasul Douglas,DougRa00,CB,Christian Benford,BenfCh00,S,Taylor Rapp,RappTa00,S,Damar Hamlin,HamlDa00,QB,Patrick Mahomes,MahoPa00,RB,Kareem Hunt,HuntKa00,WR,Xavier Worthy,WortXa00,WR,JuJu Smith-Schuster,SmitJu00,TE,Noah Gray,GrayNo00,TE,Travis Kelce,KelcTr00,OL,Wanya Morris,MorrWa01,T,Jawaan Taylor,TaylJa02,G,Trey Smith,SmitTr05,G,Joe Thuney,ThunJo00,C,Creed Humphrey,HumpCr00,DE,Michael Danna,DannMi00,DT,Chris Jones,JoneCh09,DT,Tershawn Wharton,WharTe00,LB,Leo Chenal,ChenLe00,LB,Drue Tranquill,TranDr00,LB,Nick Bolton,BoltNi00,CB,Trent McDuffie,McDuTr00,DB,Chamarri Conner,ConnCh01,S,Bryan Cook,CookBr02,S,Nazeeh Johnson,JohnNa01,S,Justin Reid,ReidJu00,Referee,Land Clark,Umpire,Paul King,Down Judge,Tom Stephan,Line Judge,Jeff Hutcheon,Back Judge,Brad Freeman,Side Judge,Dominique Pender,Field Judge,Jabir Walker
202411170chi,2024-11-17,Sunday,1:00pm,Chicago Bears,Green Bay Packers,chi,gnb,19,20,Matt Eberflus,Matt LaFleur,Soldier Field,59419,2:55,outdoors,grass,"54 degrees, relative humidity 80%, wind 5 mph",QB,Caleb Williams,WillCa03,RB,D'Andre Swift,SwifDA00,WR,Keenan Allen,AlleKe00,WR,Rome Odunze,OdunRo00,WR,D.J. Moore,,TE,Cole Kmet,KmetCo00,OL,Darnell Wright,WrigDa00,OL,Coleman Shelton,ShelCo00,OL,Matt Pryor,PryoMa00,OL,Braxton Jones,JoneBr08,OL,Ryan Bates,BateRy02,DL,Gervon Dexter,DextGe00,DL,Montez Sweat,SweaMo00,DL,DeMarcus Walker,WalkDe03,DT,Byron Cowart,CowaBy00,LB,T.J. Edwards,EdwaTJ02,LB,Tremaine Edmunds,EdmuTr01,DB,Jaylon Johnson,JohnJa13,DB,Elijah Hicks,HickEl00,DB,Kyler Gordon,GordKy00,DB,Tyrique Stevenson,StevTy01,DB,Kevin Byard,ByarKe01,QB,Jordan Love,LoveJo03,RB,Josh Jacobs,JacoJo01,WR,Christian Watson,WatsCh00,WR,Jayden Reed,ReedJa03,WR,Romeo Doubs,DoubRo00,TE,Tucker Kraft,KrafTu00,OL,Elgton Jenkins,JenkEl00,OL,Josh Myers,MyerJo00,OL,Zach Tom,TomxZa00,T,Rasheed Walker,WalkRa00,G,Sean Rhyan,RhyaSe00,DL,Rashan Gary,GaryRa00,DL,Kingsley Enagbare,EnagKi00,DL,Kenny Clark,ClarKe01,DL,Tedarrell Slaton,SlatTe00,LB,Isaiah McDuffie,McDuIs00,LB,Quay Walker,WalkQu00,CB,Keisean Nixon,NixoKe00,CB,Jaire Alexander,AlexJa00,S,Xavier McKinney,McKiXa00,S,Evan Williams,WillEv00,S,Javon Bullard,BullJa00,Referee,Bill Vinovich,Umpire,Scott Walker,Down Judge,Dale Keller,Line Judge,Tripp Sutter,Back Judge,Todd Prukop,Side Judge,Jimmy Buchanan,Field Judge,Aaron Santi
202411170den,2024-11-17,Sunday,4:05pm,Denver Broncos,Atlanta Falcons,den,atl,38,6,Sean Payton,Raheem Morris,Empower Field at Mile High,76545,2:54,outdoors,grass,"55 degrees, relative humidity 12%, wind 9 mph",QB,Bo Nix,NixxBo00,RB,Javonte Williams,WillJa10,WR,Devaughn Vele,VeleDe00,TE,Adam Trautman,TrauAd00,TE,Nate Adkins,AdkiNa00,TE,Lucas Krull,KrulLu00,OL,Quinn Meinerz,MeinQu02,T,Mike McGlinchey,McGlMi00,T,Garett Bolles,BollGa00,G,Ben Powers,PoweBe00,C,Luke Wattenberg,WattLu00,DE,John Franklin-Myers,FranJo02,DE,Zach Allen,AlleZa01,DT,D.J. Jones,,OLB,Jonathon Cooper,CoopJo02,OLB,Nik Bonitto,BoniNi00,LB,Cody Barton,BartCo00,CB,Ja'Quan McMillian,McMiJa00,CB,Riley Moss,MossRi00,CB,Patrick Surtain II,SurtPa01,DB,Devon Key,KeyxDe00,S,P.J. Locke,LockPJ00,QB,Kirk Cousins,CousKi00,RB,Bijan Robinson,RobiBi01,WR,Darnell Mooney,MoonDa00,WR,Ray-Ray McCloud,McClRa00,WR,Drake London,LondDr00,TE,Kyle Pitts,PittKy00,OL,Matthew Bergeron,BergMa00,OL,Ryan Neuzil,NeuzRy00,T,Jake Matthews,MattJa00,T,Kaleb McGary,McGaKa00,G,Chris Lindstrom,LindCh00,DL,Grady Jarrett,JarrGr00,DL,David Onyemata,OnyeDa00,OLB,Matt Judon,JudoMa00,OLB,Arnold Ebiketie,EbikAr00,LB,Nathan Landman,LandNa01,LB,Kaden Elliss,ElliKa00,CB,Kevin King,KingKe01,CB,Clark Phillips,PhilCl00,CB,AJ Terrell,TerrAJ00,S,Jessie Bates III,BateJe00,S,Justin Simmons,SimmJu00,Referee,Alan Eck,Umpire,Tab Slaughter,Down Judge,Derick Bowers,Line Judge,Derek Anderson,Back Judge,Greg Meyer,Side Judge,Dale Shaw,Field Judge,John Jenkins
202411170det,2024-11-17,Sunday,1:00pm,Detroit Lions,Jacksonville Jaguars,det,jax,52,6,Dan Campbell,Doug Pederson,Ford Field,64273,2:56,dome,fieldturf,,QB,Jared Goff,GoffJa00,RB,David Montgomery,MontDa01,WR,Amon-Ra St. Brown,StxxAm00,WR,Kalif Raymond,RaymKa00,TE,Shane Zylstra,ZylsSh00,TE,Brock Wright,WrigBr01,OL,Graham Glasgow,GlasGr00,T,Taylor Decker,DeckTa00,T,Penei Sewell,SewePe00,G,Kevin Zeitler,ZeitKe00,C,Frank Ragnow,RagnFr00,DL,Josh Paschal,PascJo00,DL,Za'Darius Smith,SmitZa00,DL,D.J. Reader,,DL,Alim McNeill,McNeAl00,LB,Alex Anzalone,AnzaAl00,LB,Malcolm Rodriguez,RodrMa00,LB,Jack Campbell,CampJa04,CB,Carlton Davis,DaviCa02,CB,Terrion Arnold,ArnoTe00,DB,Brian Branch,BranBr00,S,Kerby Joseph,JoseKe03,QB,Mac Jones,JoneMa05,RB,Travis Etienne,EtieTr00,WR,Brian Thomas,ThomBr06,WR,Gabriel Davis,DaviGa01,TE,Brenton Strange,StraBr00,TE,Evan Engram,EngrEv00,OL,Ezra Cleveland,ClevEz00,OL,Brandon Scherff,ScheBr00,OL,Anton Harrison,HarrAn00,OL,Walker Little,LittWa00,OL,Mitch Morse,MorsMi00,DE,Travon Walker,WalkTr03,DE,Josh Hines-Allen,AlleJo03,DT,Tyler Lacy,LacyTy00,DT,DaVon Hamilton,HamiDa02,LB,Ventrell Miller,MillVe00,LB,Devin Lloyd,LloyDe00,LB,Foyesade Oluokun,OluoFo00,CB,Ronald Darby,DarbRo00,CB,Tyson Campbell,CampTy01,S,Darnell Savage Jr.,SavaDa00,S,Andre Cisco,CiscAn00,Referee,Scott Novak,Umpire,Mark Pellis,Down Judge,Brian Sakowski,Line Judge,Mark Stewart,Back Judge,Terrence Miles,Side Judge,David Meslow,Field Judge,Terry Brown
202411170mia,2024-11-17,Sunday,1:00pm,Miami Dolphins,Las Vegas Raiders,mia,rai,34,19,Mike McDaniel,Antonio Pierce,Hard Rock Stadium,65440,3:01,outdoors,grass,"80 degrees, relative humidity 47%, wind 16 mph",QB,Tua Tagovailoa,TagoTu00,RB,De'Von Achane,AchaDe00,WR,Jaylen Waddle,WaddJa00,WR,Tyreek Hill,HillTy00,TE,Durham Smythe,SmytDu00,TE,Julian Hill,HillJu02,OL,Aaron Brewer,BrewAa01,OL,Liam Eichenberg,EichLi00,OL,Robert Jones,JoneRo02,T,Terron Armstead,ArmsTe00,T,Kendall Lamm,LammKe00,DT,Benito Jones,JoneBe03,DT,Zach Sieler,SielZa00,DT,Calais Campbell,CampCa99,OLB,Tyus Bowser,BowsTy00,LB,Emmanuel Ogbah,OgbaEm00,LB,Jordyn Brooks,BrooJo01,LB,Anthony Walker,WalkAn01,CB,Kader Kohou,KohoKa00,CB,Jalen Ramsey,RamsJa00,S,Jevon Holland,HollJe02,S,Jordan Poyer,PoyeJo00,QB,Gardner Minshew II,MinsGa00,RB,Zamir White,WhitZa01,WR,Jakobi Meyers,MeyeJa01,WR,Tre Tucker,TuckTr00,TE,Brock Bowers,BoweBr01,TE,Michael Mayer,MayeMi00,OT,Delmar Glaze,GlazDe00,T,Kolton Miller,MillKo00,OG,Jackson Powers-Johnson,PoweJa00,G,Jordan Meredith,MereJo00,G,Dylan Parham,ParhDy00,DE,Maxx Crosby,CrosMa00,DE,Charles Snowden,SnowCh00,DT,Jonah Laulu,LaulJo00,DT,John Jenkins,JenkJo00,DT,Adam Butler,ButlAd00,LB,Robert Spillane,SpilRo00,LB,Divine Deablo,DeabDi00,CB,Jack Jones,JoneJa10,CB,Jakorian Bennett,BennJa00,S,Tre'von Moehrig,MoehTr00,S,Isaiah Pola-Mao,PolaIs00,Referee,John Hussey,Umpire,Tony Michalek,Down Judge,Max Causey,Line Judge,Carl Johnson,Back Judge,Matt Edwards,Side Judge,Allen Baynes,Field Judge,Anthony Flemming
202411170nor,2024-11-17,Sunday,1:00pm,New Orleans Saints,Cleveland Browns,nor,cle,35,14,Darren Rizzi,Kevin Stefanski,Caesars Superdome,70006,3:00,dome,sportturf,,QB,Derek Carr,CarrDe02,RB,Alvin Kamara,KamaAl00,FB,Adam Prentice,PrenAd00,WR,Marquez Valdes-Scantling,ValdMa00,TE,Taysom Hill,HillTa00,TE,Foster Moreau,MoreFo00,OL,Cesar Ruiz,RuizCe00,OL,Nick Saldiveri,SaldNi00,OT,Taliese Fuaga,FuagTa00,OT,Trevor Penning,PennTr00,C,Erik McCoy,McCoEr01,DE,Carl Granderson,GranCa01,DE,Cameron Jordan,JordCa00,DT,Nathan Shepherd,ShepNa00,DT,Khalen Saunders,SaunKh00,LB,Pete Werner,WernPe00,LB,Demario Davis,DaviDe00,LB,Willie Gay Jr.,GayJWi00,CB,Kool-Aid McKinstry,McKiKo00,CB,Alontae Taylor,TaylAl01,CB,Will Harris,HarrWi02,S,Tyrann Mathieu,MathTy00,QB,Jameis Winston,WinsJa00,RB,Nick Chubb,ChubNi00,WR,Cedric Tillman,TillCe01,WR,Jerry Jeudy,JeudJe00,TE,Geoff Swaim,SwaiGe00,TE,David Njoku,NjokDa00,T,Dawand Jones,JoneDa07,T,Jack Conklin,ConkJa00,G,Joel Bitonio,BitoJo00,G,Wyatt Teller,TellWy00,C,Ethan Pocic,PociEt00,DE,Myles Garrett,GarrMy00,DE,Ogbonnia Okoronkwo,OkorOg00,DT,Shelby Harris,HarrSh00,DT,Dalvin Tomlinson,TomlDa00,LB,Jordan Hicks,HickJo00,LB,Mohamoud Diabate,DiabMo00,LB,Devin Bush Jr.,BushDe01,CB,Martin Emerson,EmerMa00,CB,Denzel Ward,WardDe02,S,Grant Delpit,DelpGr00,S,Juan Thornhill,ThorJu00,Referee,Alex Kemp,Umpire,Mike Morton,Down Judge,Robert Richeson,Line Judge,Rusty Baynes,Back Judge,Scott Helverson,Side Judge,Lo van Pham,Field Judge,Sean Petty
202411170nwe,2024-11-17,Sunday,1:00pm,New England Patriots,Los Angeles Rams,nwe,ram,22,28,Jerod Mayo,Sean McVay,Gillette Stadium,64628,3:03,outdoors,fieldturf,"59 degrees, relative humidity 30%, wind 9 mph",QB,Drake Maye,MayeDr00,RB,Rhamondre Stevenson,StevRh00,WR,Kayshon Boutte,BoutKa00,WR,Demario Douglas,DougDe00,WR,Kendrick Bourne,BourKe00,TE,Hunter Henry,HenrHu00,OL,Michael Onwenu,OnweMi00,OT,Demontrey Jacobs,JacoDe00,T,Vederian Lowe,LoweVe00,G,Michael Jordan,JordMi01,C,Ben Brown,BrowBe01,DT,Davon Godchaux,GodcDa00,DT,Daniel Ekuale,EkuaDa00,DT,Jeremiah Pharms,PharJe00,LB,Curtis Jacobs,JacoCu00,LB,Christian Elliss,ElliCh00,LB,Anfernee Jennings,JennAn00,LB,Jahlani Tavai,TavaJa00,CB,Christian Gonzalez,GonzCh00,CB,Jonathan Jones,JoneJo03,CB,Marcus Jones,JoneMa06,S,Kyle Dugger,DuggKy00,QB,Matthew Stafford,StafMa00,RB,Kyren Williams,WillKy02,WR,Demarcus Robinson,RobiDe01,WR,Puka Nacua,NacuPu00,WR,Cooper Kupp,KuppCo00,TE,Davis Allen,AlleDa02,OL,Steve Avila,AvilSt00,OL,Warren McClendon,McClWa00,OL,Beaux Limmer,LimmBe00,OL,Alaric Jackson,JackAl01,OL,Kevin Dotson,DotsKe00,DE,Kobie Turner,TurnKo00,NT,Bobby Brown,BrowBo04,OLB,Michael Hoecht,HoecMi00,OLB,Jared Verse,VersJa00,OLB,Byron Young,YounBy01,LB,Omar Speights,SpeiOm00,DB,Kamren Kinchens,KincKa00,DB,Quentin Lake,LakeQu00,DB,Cobie Durant,DuraDe01,DB,Kamren Curl,CurlKa00,DB,Darious Williams,WillDa09,Referee,Shawn Smith,Umpire,Alex Moore,Down Judge,Jay Bilbo,Line Judge,Jeff Seeman,Back Judge,Dino Paganelli,Side Judge,Boris Cheek,Field Judge,Dyrol Prioleau
202411170nyj,2024-11-17,Sunday,1:00pm,New York Jets,Indianapolis Colts,nyj,clt,27,28,Jeff Ulbrich,Shane Steichen,MetLife Stadium,80582,2:55,outdoors,fieldturf,"62 degrees, relative humidity 32%, wind 4 mph",QB,Aaron Rodgers,RodgAa00,RB,Breece Hall,HallBr03,WR,Garrett Wilson,WilsGa00,WR,Davante Adams,AdamDa01,TE,Tyler Conklin,ConkTy00,TE,Jeremy Ruckert,RuckJe00,OL,John Simpson,SimpJo00,OL,Olumuyiwa Fashanu,FashOl00,OL,Morgan Moses,MoseMo00,G,Alijah Vera-Tucker,VeraAl00,C,Joe Tippmann,TippJo00,DL,Quinnen Williams,WillQu00,DL,Micheal Clemons,ClemMi03,DE,Will McDonald,McDoWi00,DT,Javon Kinlaw,KinlJa00,LB,Quincy Williams,WillQu01,LB,Jamien Sherwood,SherJa00,CB,Isaiah Oliver,OlivIs00,CB,D.J. Reed,,CB,Sauce Gardner,GardSa00,S,Jalen Mills,MillJa02,S,Chuck Clark,ClarCh00,QB,Anthony Richardson,RichAn03,RB,Jonathan Taylor,TaylJo02,WR,Josh Downs,DownJo00,WR,Michael Pittman Jr.,PittMi01,WR,Adonai Mitchell,MitcAd00,TE,Mo Alie-Cox,AlieMo00,T,Braden Smith,SmitBr06,T,Matt Goncalves,GoncMa00,G,Quenton Nelson,NelsQu00,G,Dalton Tucker,TuckDa00,G,Tanor Bortolini,BortTa00,DE,Dayo Odeyingbo,OdeyDa00,DE,Kwity Paye,PayeKw00,DT,DeForest Buckner,BuckDe00,DT,Grover Stewart,StewGr00,LB,Zaire Franklin,FranZa00,LB,E.J. Speed,SpeeEJ00,LB,Grant Stuard,StuaGr00,CB,Kenny Moore,MoorKe03,CB,Jaylon Jones,JoneJa13,S,Nick Cross,CrosNi00,S,Julian Blackmon,BlacJu01,Referee,Tra Blake,Umpire,Carl Paganelli,Down Judge,Patrick Turner,Line Judge,Tom Eaton,Back Judge,Grantis Bell,Side Judge,Don Willard,Field Judge,Mearl Robinson
202411170oti,2024-11-17,Sunday,1:00pm,Tennessee Titans,Minnesota Vikings,oti,min,13,23,Brian Callahan,Kevin O'Connell,Nissan Stadium,67686,3:08,outdoors,grass,"66 degrees, relative humidity 59%, wind 7 mph",QB,Will Levis,LeviWi00,RB,Tony Pollard,PollTo00,WR,Tyler Boyd,BoydTy00,WR,Calvin Ridley,RidlCa00,TE,Chigoziem Okonkwo,OkonCh00,TE,Nick Vannett,VannNi00,OL,Daniel Brunskill,BrunDa00,OL,Nicholas Petit-Frere,PetiNi00,OL,Dillon Radunz,RaduDi00,OL,Peter Skoronski,SkorPe00,OT,JC Latham,LathJC00,DL,Sebastian Joseph-Day,JoseSe00,DT,Jeffery Simmons,SimmJe01,NT,T'Vondre Sweat,SweaTV01,OLB,Arden Key,KeyxAr00,OLB,Harold Landry,LandHa00,LB,Kenneth Murray,MurrKe00,LB,Jack Gibbens,GibbJa00,CB,Jarvis Brownlee,BrowJa09,CB,Darrell Baker,BakeDa02,S,Amani Hooker,HookAm00,S,Mike Brown,BrowMi02,QB,Sam Darnold,DarnSa00,RB,Aaron Jones,JoneAa00,WR,Jordan Addison,AddiJo00,WR,Justin Jefferson,JeffJu00,TE,Josh Oliver,OlivJo00,TE,T.J. Hockenson,HockTJ00,OT,Cam Robinson,RobiCa00,T,Brian O'Neill,ONeiBr00,G,Blake Brandel,BranBl00,G,Dalton Risner,RisnDa00,C,Garrett Bradbury,BradGa00,DL,Harrison Phillips,PhilHa00,DL,Jonathan Bullard,BullJo00,DL,Jerry Tillery,TillJe00,OLB,Jonathan Greenard,GreeJo04,OLB,Andrew Van Ginkel,VanGAn00,LB,Blake Cashman,CashBl00,LB,Ivan Pace,PaceIv00,CB,Byron Murphy,MurpBy00,CB,Stephon Gilmore,GilmSt00,S,Camryn Bynum,BynuCa00,S,Harrison Smith,SmitHa00,Referee,Clete Blakeman,Umpire,Scott Campbell,Down Judge,Dana McKenzie,Line Judge,Julian Mapp,Back Judge,Jonah Monroe,Side Judge,James Coleman,Field Judge,Karina Tovar
202411170pit,2024-11-17,Sunday,1:00pm,Pittsburgh Steelers,Baltimore Ravens,pit,rav,18,16,Mike Tomlin,John Harbaugh,Acrisure Stadium,67551,3:19,outdoors,grass,"52 degrees, relative humidity 61%, wind 5 mph",QB,Russell Wilson,WilsRu00,RB,Najee Harris,HarrNa00,WR,George Pickens,PickGe00,WR,Van Jefferson,JeffVa00,TE,Darnell Washington,WashDa03,OL,Spencer Anderson,AndeSp00,OT,Broderick Jones,JoneBr09,OT,Dan Moore,MoorDa05,G,Mason McCormick,McCoMa00,G,Isaac Seumalo,SeumIs00,C,Zach Frazier,FrazZa00,DL,Keeanu Benton,BentKe00,DT,Cameron Heyward,HeywCa01,LB,Nick Herbig,HerbNi00,LB,Patrick Queen,QueePa00,LB,Elandon Roberts,RobeEl00,LB,T.J. Watt,,CB,Donte Jackson,JackDo02,CB,Joey Porter Jr.,PortJo02,CB,Beanie Bishop,BishBe00,S,Minkah Fitzpatrick,FitzMi00,S,DeShon Elliott,ElliDe02,QB,Lamar Jackson,JackLa00,RB,Derrick Henry,HenrDe00,WR,Rashod Bateman,BateRa00,WR,Zay Flowers,FlowZa00,WR,Diontae Johnson,JohnDi01,TE,Mark Andrews,AndrMa00,OL,Patrick Mekari,MekaPa00,OT,Roger Rosengarten,RoseRo01,T,Daniel Faalele,FaalDa00,T,Ronnie Stanley,StanRo00,C,Tyler Linderbaum,LindTy00,DT,Travis Jones,JoneTr00,DT,Nnamdi Madubuike,MaduJu00,DT,Broderick Washington Jr.,WashBr01,OLB,Tavius Robinson,RobiTa00,LB,Malik Harrison,HarrMa06,LB,Trenton Simpson,SimpTr00,LB,Roquan Smith,SmitRo07,CB,Marlon Humphrey,HumpMa00,DB,Brandon Stephens,StepBr01,S,Kyle Hamilton,HamiKy00,S,Ar'Darius Washington,WashAr00,Referee,Clay Martin,Umpire,James Carter,Down Judge,Jerod Phillips,Line Judge,Brian Perry,Back Judge,Greg Wilson,Side Judge,Alonzo Ramsey,Field Judge,Dave Hawkshaw
202411170sdg,2024-11-17,Sunday,8:20pm,Los Angeles Chargers,Cincinnati Bengals,sdg,cin,34,27,Jim Harbaugh,Zac Taylor,SoFi Stadium,70240,3:30,dome,matrixturf,,QB,Justin Herbert,HerbJu00,RB,Gus Edwards,EdwaGu00,WR,Josh Palmer,PalmJo00,WR,Quentin Johnston,JohnQu02,WR,Ladd McConkey,McCoLa00,TE,Tucker Fisk,FiskTu00,OT,Joe Alt,AltxJo01,T,Rashawn Slater,SlatRa00,T,Trey Pipkins,PipkTr00,G,Zion Johnson,JohnZi00,C,Bradley Bozeman,BozeBr00,DT,Poona Ford,FordPo00,DT,Otito Ogbonnia,OgboOt00,OLB,Joey Bosa,BosaJo00,OLB,Tuli Tuipulotu,TuipTu00,LB,Daiyan Henley,HenlDa00,LB,Denzel Perryman,PerrDe00,CB,Elijah Molden,MoldEl00,CB,Cam Hart,HartCa00,CB,Kristian Fulton,FultKr00,S,Derwin James,JameDe00,S,Alohi Gilman,GilmAl00,QB,Joe Burrow,BurrJo01,RB,Chase Brown,BrowCh10,WR,Ja'Marr Chase,ChasJa00,WR,Tee Higgins,HiggTe00,TE,Mike Gesicki,GesiMi00,TE,Drew Sample,SampDr00,OT,Amarius Mims,MimsAm00,G,Alex Cappa,CappAl00,G,Cody Ford,FordCo00,G,Cordell Volson,VolsCo02,C,Ted Karras,KarrTe00,DE,Sam Hubbard,HubbSa00,DE,Trey Hendrickson,HendTr00,DT,Kris Jenkins,JenkKr01,DT,B.J. Hill,,LB,Germaine Pratt,PratGe00,LB,Logan Wilson,WilsLo00,CB,Mike Hilton,HiltMi01,CB,Cam Taylor-Britt,TaylCa01,CB,DJ Turner,TurnDJ01,S,Vonn Bell,BellVo00,S,Geno Stone,StonGe00,Referee,Brad Allen,Umpire,Duane Heydt,Down Judge,Sarah Thomas,Line Judge,Walter Flowers,Back Judge,Tyree Walton,Side Judge,Chad Hill,Field Judge,Rick Patterson
202411170sfo,2024-11-17,Sunday,4:05pm,San Francisco 49ers,Seattle Seahawks,sfo,sea,17,20,Kyle Shanahan,Mike Macdonald,Levi's Stadium,71751,3:02,outdoors,grass,"59 degrees, relative humidity 45%, wind 4 mph",QB,Brock Purdy,PurdBr00,RB,Christian McCaffrey,McCaCh01,FB,Kyle Juszczyk,JuszKy00,WR,Deebo Samuel,SamuDe00,WR,Jauan Jennings,JennJa00,TE,Eric Saubert,SaubEr00,OL,Jake Brendel,BrenJa01,OL,Aaron Banks,BankAa00,OL,Dominick Puni,PuniDo00,OL,Colton McKivitz,McKiCo00,OT,Trent Williams,WillTr21,DL,Nick Bosa,BosaNi00,DL,Leonard Floyd,FloyLe00,DL,Jordan Elliott,ElliJo02,DL,Maliek Collins,CollMa00,LB,Fred Warner,WarnFr00,LB,Dee Winters,WintDe00,LB,De'Vondre Campbell,CampDe00,CB,Renardo Green,GreeRe00,DB,Deommodore Lenoir,LenoDe00,S,Malik Mustapha,MustMa00,S,Ji'Ayir Brown,BrowJi01,QB,Geno Smith,SmitGe00,RB,Kenneth Walker III,WalkKe00,WR,Laviska Shenault Jr.,ShenLa00,WR,D.K. Metcalf,MetcDK00,TE,AJ Barner,BarnAJ00,TE,Pharaoh Brown,BrowPh01,T,Charles Cross,CrosCh00,T,Abraham Lucas,LucaAb00,G,Anthony Bradford,BradAn00,G,Laken Tomlinson,TomlLa01,C,Olusegun Oluwatimi,OluwOl00,DE,Leonard Williams,WillLe02,DT,Byron Murphy,MurpBy01,NT,Jarran Reed,ReedJa02,OLB,Derick Hall,HallDe04,LB,Boye Mafe,MafeBo00,LB,Tyrice Knight,KnigTy00,LB,Ernest Jones,JoneEr01,CB,Coby Bryant,BryaCo01,CB,Devon Witherspoon,WithDe00,CB,Riq Woolen,WoolTa00,FS,Julian Love,LoveJu00,Referee,Brad Rogers,Umpire,Bryan Neale,Down Judge,Kent Payne,Line Judge,Kevin Codey,Back Judge,Greg Yette,Side Judge,Anthony Jeffries,Field Judge,Joe Blubaugh
202411180dal,2024-11-18,Monday,8:15pm,Dallas Cowboys,Houston Texans,dal,htx,10,34,Mike McCarthy,DeMeco Ryans,AT&T Stadium,92969,3:18,retractable roof (closed),matrixturf,,QB,Cooper Rush,RushCo00,RB,Rico Dowdle,DowdRi01,WR,Jalen Tolbert,TolbJa00,WR,Ryan Flournoy,FlouRy00,WR,CeeDee Lamb,LambCe00,TE,Jake Ferguson,FergJa00,OL,Tyler Smith,SmitTy02,OT,Tyler Guyton,GuytTy00,T,Terence Steele,SteeTe01,OG,Cooper Beebe,BeebCo00,G,Zack Martin,MartZa00,DE,Chauncey Golston,GolsCh00,DT,Osa Odighizuwa,OdigOs00,DT,Mazi Smith,SmitMa06,MLB,Eric Kendricks,KendEr00,LB,Marist Liufau,LiufMa00,LB,DeMarvion Overshown,OverDe00,LB,Micah Parsons,ParsMi00,CB,Josh Butler,ButlJo00,CB,Trevon Diggs,DiggTr00,S,Malik Hooker,HookMa00,S,Donovan Wilson,WilsDo01,QB,C.J. Stroud,StroCJ00,RB,Joe Mixon,MixoJo00,WR,Robert Woods,WoodRo02,WR,Nico Collins,CollNi00,TE,Cade Stover,StovCa00,TE,Teagan Quitoriano,QuitTe00,OL,Juice Scruggs,ScruJu00,OL,Jarrett Patterson,PattJa03,T,Laremy Tunsil,TunsLa00,T,Tytus Howard,HowaTy00,G,Shaq Mason,MasoSh01,DE,Denico Autry,AutrDe00,DE,Danielle Hunter,HuntDa01,DT,Tim Settle,SettTi00,DT,Mario Edwards,EdwaMa01,LB,Henry To'oTo'o,TooTHe00,LB,Azeez Al-Shaair,AlShAz00,CB,Derek Stingley Jr.,StinDe00,CB,Ka'dar Hollman,HollKa00,S,Jalen Pitre,PitrJa00,S,Calen Bullock,BullCa00,S,Jimmie Ward,WardJi01,Referee,Craig Wrolstad,Umpire,Steve Woods,Down Judge,Danny Short,Line Judge,Brett Bergman,Back Judge,Rich Martinez,Side Judge,Frank Steratore,Field Judge,Jeff Shears
202411210cle,2024-11-21,Thursday,8:15pm,Cleveland Browns,Pittsburgh Steelers,cle,pit,24,19,Kevin Stefanski,Mike Tomlin,Huntington Bank Field,67431,3:03,outdoors,grass,"36 degrees, relative humidity 88%, wind 13 mph",QB,Jameis Winston,WinsJa00,RB,Nick Chubb,ChubNi00,WR,Jerry Jeudy,JeudJe00,WR,Cedric Tillman,TillCe01,WR,Elijah Moore,MoorEl00,TE,David Njoku,NjokDa00,T,Jack Conklin,ConkJa00,OG,Germain Ifedi,IfedGe00,G,Joel Bitonio,BitoJo00,G,Wyatt Teller,TellWy00,C,Ethan Pocic,PociEt00,DE,Myles Garrett,GarrMy00,DE,Ogbonnia Okoronkwo,OkorOg00,DT,Shelby Harris,HarrSh00,DT,Dalvin Tomlinson,TomlDa00,LB,Devin Bush Jr.,BushDe01,LB,Mohamoud Diabate,DiabMo00,LB,Jordan Hicks,HickJo00,CB,Denzel Ward,WardDe02,CB,Martin Emerson,EmerMa00,S,Juan Thornhill,ThorJu00,S,Grant Delpit,DelpGr00,QB,Russell Wilson,WilsRu00,RB,Najee Harris,HarrNa00,WR,Ben Skowronek,SkowBe00,WR,Van Jefferson,JeffVa00,TE,MyCole Pruitt,PruiMy00,TE,Connor Heyward,HeywCo00,OT,Dan Moore,MoorDa05,OT,Broderick Jones,JoneBr09,G,Mason McCormick,McCoMa00,G,Isaac Seumalo,SeumIs00,C,Zach Frazier,FrazZa00,DL,Keeanu Benton,BentKe00,DT,Cameron Heyward,HeywCa01,DT,Larry Ogunjobi,OgunLa00,LB,Nick Herbig,HerbNi00,LB,Patrick Queen,QueePa00,LB,Elandon Roberts,RobeEl00,LB,T.J. Watt,,CB,Donte Jackson,JackDo02,CB,Joey Porter Jr.,PortJo02,CB,Cameron Sutton,SuttCa00,S,Minkah Fitzpatrick,FitzMi00,Referee,Brad Allen,Umpire,Duane Heydt,Down Judge,Sarah Thomas,Line Judge,Walter Flowers,Back Judge,Tyree Walton,Side Judge,Chad Hill,Field Judge,Rick Patterson
202411240car,2024-11-24,Sunday,1:00pm,Carolina Panthers,Kansas City Chiefs,car,kan,27,30,Dave Canales,Andy Reid,Bank of America Stadium,73216,3:11,outdoors,grass,"61 degrees, relative humidity 52%, wind 5 mph",QB,Bryce Young,YounBr01,RB,Chuba Hubbard,HubbCh01,WR,Adam Thielen,ThieAd00,WR,David Moore,MoorDa03,WR,Xavier Legette,LegeXa00,TE,Ja'Tavion Sanders,SandJa01,T,Ikem Ekwonu,EkwoIk00,T,Taylor Moton,MotoTa00,G,Damien Lewis,LewiDa05,G,Cade Mays,MaysCa00,G,Robert Hunt,HuntRo01,DE,LaBryan Ray,RayxLa02,DE,A'Shawn Robinson,RobiAS00,DT,Shy Tuttle,TuttSh00,OLB,D.J. Wonnum,WonnDJ00,OLB,Jadeveon Clowney,ClowJa00,LB,Josey Jewell,JeweJo00,CB,Michael Jackson,JackMi01,CB,Dane Jackson,JackDa02,CB,Jaycee Horn,HornJa00,S,Jordan Fuller,FullJo01,S,Xavier Woods,WoodXa00,QB,Patrick Mahomes,MahoPa00,RB,Kareem Hunt,HuntKa00,WR,DeAndre Hopkins,HopkDe00,WR,JuJu Smith-Schuster,SmitJu00,TE,Noah Gray,GrayNo00,TE,Travis Kelce,KelcTr00,OL,Wanya Morris,MorrWa01,T,Jawaan Taylor,TaylJa02,G,Joe Thuney,ThunJo00,G,Trey Smith,SmitTr05,C,Creed Humphrey,HumpCr00,DE,Michael Danna,DannMi00,DE,George Karlaftis III,KarlGe00,DT,Tershawn Wharton,WharTe00,DT,Chris Jones,JoneCh09,LB,Drue Tranquill,TranDr00,LB,Nick Bolton,BoltNi00,CB,Trent McDuffie,McDuTr00,DB,Chamarri Conner,ConnCh01,S,Justin Reid,ReidJu00,S,Nazeeh Johnson,JohnNa01,S,Bryan Cook,CookBr02,Referee,Shawn Smith,Umpire,Alex Moore,Down Judge,Jay Bilbo,Line Judge,Jeff Seeman,Back Judge,Dino Paganelli,Side Judge,Boris Cheek,Field Judge,Dyrol Prioleau
202411240chi,2024-11-24,Sunday,1:00pm,Chicago Bears,Minnesota Vikings,chi,min,27,30,Matt Eberflus,Kevin O'Connell,Soldier Field,57659,3:36,outdoors,grass,"47 degrees, relative humidity 77%, wind 5 mph",QB,Caleb Williams,WillCa03,RB,D'Andre Swift,SwifDA00,WR,Keenan Allen,AlleKe00,WR,Rome Odunze,OdunRo00,WR,D.J. Moore,,TE,Cole Kmet,KmetCo00,OL,Darnell Wright,WrigDa00,OL,Coleman Shelton,ShelCo00,OL,Matt Pryor,PryoMa00,OL,Braxton Jones,JoneBr08,OL,Teven Jenkins,JenkTe00,DL,Montez Sweat,SweaMo00,DL,Gervon Dexter,DextGe00,DL,DeMarcus Walker,WalkDe03,DT,Byron Cowart,CowaBy00,LB,T.J. Edwards,EdwaTJ02,LB,Tremaine Edmunds,EdmuTr01,DB,Jaylon Johnson,JohnJa13,DB,Kyler Gordon,GordKy00,DB,Tyrique Stevenson,StevTy01,DB,Kevin Byard,ByarKe01,S,Jonathan Owens,OwenJo01,QB,Sam Darnold,DarnSa00,RB,Aaron Jones,JoneAa00,WR,Jordan Addison,AddiJo00,WR,Trent Sherfield,SherTr00,WR,Justin Jefferson,JeffJu00,TE,T.J. Hockenson,HockTJ00,OT,Cam Robinson,RobiCa00,T,Brian O'Neill,ONeiBr00,G,Blake Brandel,BranBl00,G,Dalton Risner,RisnDa00,C,Garrett Bradbury,BradGa00,DL,Harrison Phillips,PhilHa00,DL,Jonathan Bullard,BullJo00,OLB,Jonathan Greenard,GreeJo04,OLB,Andrew Van Ginkel,VanGAn00,LB,Ivan Pace,PaceIv00,LB,Blake Cashman,CashBl00,CB,Byron Murphy,MurpBy00,CB,Stephon Gilmore,GilmSt00,S,Josh Metellus,MeteJo00,S,Camryn Bynum,BynuCa00,S,Harrison Smith,SmitHa00,Referee,Clay Martin,Umpire,James Carter,Down Judge,Jerod Phillips,Line Judge,Brian Perry,Back Judge,Greg Wilson,Side Judge,Alonzo Ramsey,Field Judge,Dave Hawkshaw
202411240clt,2024-11-24,Sunday,1:00pm,Indianapolis Colts,Detroit Lions,clt,det,6,24,Shane Steichen,Dan Campbell,Lucas Oil Stadium,66696,2:53,retractable roof (closed),fieldturf,,QB,Anthony Richardson,RichAn03,RB,Jonathan Taylor,TaylJo02,WR,Michael Pittman Jr.,PittMi01,WR,Josh Downs,DownJo00,TE,Mo Alie-Cox,AlieMo00,TE,Kylen Granson,GranKy00,T,Matt Goncalves,GoncMa00,T,Braden Smith,SmitBr06,G,Dalton Tucker,TuckDa00,G,Quenton Nelson,NelsQu00,G,Tanor Bortolini,BortTa00,DE,Dayo Odeyingbo,OdeyDa00,DE,Kwity Paye,PayeKw00,DT,DeForest Buckner,BuckDe00,DT,Grover Stewart,StewGr00,LB,Zaire Franklin,FranZa00,LB,E.J. Speed,SpeeEJ00,CB,Samuel Womack,WomaSa00,CB,Kenny Moore,MoorKe03,CB,Jaylon Jones,JoneJa13,S,Nick Cross,CrosNi00,S,Julian Blackmon,BlacJu01,QB,Jared Goff,GoffJa00,RB,David Montgomery,MontDa01,WR,Jameson Williams,WillJa11,WR,Amon-Ra St. Brown,StxxAm00,WR,Tim Patrick,PatrTi00,TE,Sam LaPorta,LaPoSa01,OL,Graham Glasgow,GlasGr00,T,Taylor Decker,DeckTa00,T,Penei Sewell,SewePe00,G,Kevin Zeitler,ZeitKe00,C,Frank Ragnow,RagnFr00,DL,Josh Paschal,PascJo00,DL,Za'Darius Smith,SmitZa00,DL,D.J. Reader,,DL,Alim McNeill,McNeAl00,LB,Malcolm Rodriguez,RodrMa00,LB,Ben Niemann,NiemBe00,LB,Jack Campbell,CampJa04,CB,Kindle Vildor,VildKi00,CB,Carlton Davis,DaviCa02,DB,Brian Branch,BranBr00,S,Kerby Joseph,JoseKe03,Referee,Shawn Hochuli,Umpire,Terry Killens,Down Judge,Patrick Holt,Line Judge,Tim Podraza,Back Judge,Jimmy Russell,Side Judge,Jim Quirk,Field Judge,Jason Ledet
202411240gnb,2024-11-24,Sunday,4:25pm,Green Bay Packers,San Francisco 49ers,gnb,sfo,38,10,Matt LaFleur,Kyle Shanahan,Lambeau Field,78222,3:01,outdoors,grass,"43 degrees, relative humidity 76%, wind 11 mph",QB,Jordan Love,LoveJo03,RB,Josh Jacobs,JacoJo01,WR,Romeo Doubs,DoubRo00,WR,Christian Watson,WatsCh00,WR,Jayden Reed,ReedJa03,TE,Tucker Kraft,KrafTu00,OL,Elgton Jenkins,JenkEl00,OL,Zach Tom,TomxZa00,OL,Josh Myers,MyerJo00,T,Rasheed Walker,WalkRa00,G,Sean Rhyan,RhyaSe00,DL,Kenny Clark,ClarKe01,DL,Colby Wooden,WoodCo01,DL,Tedarrell Slaton,SlatTe00,DL,Rashan Gary,GaryRa00,LB,Quay Walker,WalkQu00,LB,Isaiah McDuffie,McDuIs00,LB,Eric Wilson,WilsEr00,CB,Keisean Nixon,NixoKe00,CB,Carrington Valentine,ValeCa00,S,Xavier McKinney,McKiXa00,S,Javon Bullard,BullJa00,QB,Brandon Allen,AlleBr00,RB,Christian McCaffrey,McCaCh01,FB,Kyle Juszczyk,JuszKy00,WR,Deebo Samuel,SamuDe00,WR,Jauan Jennings,JennJa00,TE,George Kittle,KittGe00,OL,Aaron Banks,BankAa00,OL,Dominick Puni,PuniDo00,OL,Jaylon Moore,MoorJa04,OL,Colton McKivitz,McKiCo00,OL,Jake Brendel,BrenJa01,DL,Leonard Floyd,FloyLe00,DL,Jordan Elliott,ElliJo02,DL,Maliek Collins,CollMa00,DL,Sam Okuayinonu,OkuaSa00,LB,De'Vondre Campbell,CampDe00,LB,Fred Warner,WarnFr00,CB,Renardo Green,GreeRe00,CB,Isaac Yiadom,YiadIs00,DB,Deommodore Lenoir,LenoDe00,S,Malik Mustapha,MustMa00,S,Ji'Ayir Brown,BrowJi01,Referee,Craig Wrolstad,Umpire,Steve Woods,Down Judge,Danny Short,Line Judge,Brett Bergman,Back Judge,Rich Martinez,Side Judge,Frank Steratore,Field Judge,Jeff Shears
202411240htx,2024-11-24,Sunday,1:00pm,Houston Texans,Tennessee Titans,htx,oti,27,32,DeMeco Ryans,Brian Callahan,NRG Stadium,71055,3:11,retractable roof (closed),astroturf,,QB,C.J. Stroud,StroCJ00,RB,Joe Mixon,MixoJo00,WR,Nico Collins,CollNi00,WR,Tank Dell,DellNa00,TE,Cade Stover,StovCa00,TE,Dalton Schultz,SchuDa00,OL,Juice Scruggs,ScruJu00,OL,Jarrett Patterson,PattJa03,T,Laremy Tunsil,TunsLa00,T,Tytus Howard,HowaTy00,G,Shaq Mason,MasoSh01,DE,Will Anderson,AndeWi01,DE,Danielle Hunter,HuntDa01,DT,Tim Settle,SettTi00,DT,Mario Edwards,EdwaMa01,LB,Henry To'oTo'o,TooTHe00,LB,Azeez Al-Shaair,AlShAz00,CB,Kamari Lassiter,LassKa00,CB,Derek Stingley Jr.,StinDe00,S,Jalen Pitre,PitrJa00,S,Calen Bullock,BullCa00,S,Jimmie Ward,WardJi01,QB,Will Levis,LeviWi00,RB,Tony Pollard,PollTo00,WR,Nick Westbrook-Ikhine,WestNi00,WR,Calvin Ridley,RidlCa00,WR,Tyler Boyd,BoydTy00,TE,Chigoziem Okonkwo,OkonCh00,OL,Peter Skoronski,SkorPe00,OL,Daniel Brunskill,BrunDa00,OL,Nicholas Petit-Frere,PetiNi00,OL,Dillon Radunz,RaduDi00,OT,JC Latham,LathJC00,DL,Sebastian Joseph-Day,JoseSe00,DT,Jeffery Simmons,SimmJe01,NT,T'Vondre Sweat,SweaTV01,OLB,Arden Key,KeyxAr00,OLB,Harold Landry,LandHa00,LB,Jerome Baker,BakeJe00,LB,Kenneth Murray,MurrKe00,CB,Jarvis Brownlee,BrowJa09,CB,Darrell Baker,BakeDa02,CB,Daryl Worley,WorlDa00,S,Mike Brown,BrowMi02,Referee,Brad Rogers,Umpire,Bryan Neale,Down Judge,Kent Payne,Line Judge,Kevin Codey,Back Judge,Greg Yette,Side Judge,Anthony Jefferies,Field Judge,Joe Blubaugh
202411240mia,2024-11-24,Sunday,1:00pm,Miami Dolphins,New England Patriots,mia,nwe,34,15,Mike McDaniel,Jerod Mayo,Hard Rock Stadium,65479,3:09,outdoors,grass,"77 degrees, relative humidity 51%, wind 6 mph",QB,Tua Tagovailoa,TagoTu00,RB,De'Von Achane,AchaDe00,WR,Jaylen Waddle,WaddJa00,WR,Tyreek Hill,HillTy00,TE,Jonnu Smith,SmitJo01,TE,Julian Hill,HillJu02,OL,Aaron Brewer,BrewAa01,OL,Liam Eichenberg,EichLi00,OL,Robert Jones,JoneRo02,T,Terron Armstead,ArmsTe00,T,Kendall Lamm,LammKe00,DT,Benito Jones,JoneBe03,DT,Zach Sieler,SielZa00,DT,Calais Campbell,CampCa99,LB,Emmanuel Ogbah,OgbaEm00,LB,Jordyn Brooks,BrooJo01,LB,Anthony Walker,WalkAn01,CB,Kader Kohou,KohoKa00,CB,Jalen Ramsey,RamsJa00,CB,Storm Duck,DuckSt00,S,Jevon Holland,HollJe02,S,Jordan Poyer,PoyeJo00,QB,Drake Maye,MayeDr00,RB,Rhamondre Stevenson,StevRh00,WR,Kendrick Bourne,BourKe00,WR,Kayshon Boutte,BoutKa00,WR,Javon Baker,BakeJa00,TE,Hunter Henry,HenrHu00,OL,Michael Onwenu,OnweMi00,OT,Demontrey Jacobs,JacoDe00,T,Vederian Lowe,LoweVe00,G,Michael Jordan,JordMi01,C,Ben Brown,BrowBe01,DE,Keion White,WhitKe03,DT,Davon Godchaux,GodcDa00,DT,Daniel Ekuale,EkuaDa00,LB,Anfernee Jennings,JennAn00,LB,Sione Takitaki,TakiSi00,LB,Jahlani Tavai,TavaJa00,CB,Marcus Jones,JoneMa06,CB,Jonathan Jones,JoneJo03,CB,Christian Gonzalez,GonzCh00,S,Marte Mapu,MapuMa00,S,Kyle Dugger,DuggKy00,Referee,Alan Eck,Umpire,Tab Slaughter,Down Judge,Derick Bowers,Line Judge,Derek Anderson,Back Judge,Greg Meyer,Side Judge,Dale Shaw,Field Judge,John Jenkins
202411240nyg,2024-11-24,Sunday,1:00pm,New York Giants,Tampa Bay Buccaneers,nyg,tam,7,30,Brian Daboll,Todd Bowles,MetLife Stadium,77554,2:49,outdoors,fieldturf,"50 degrees, relative humidity 48%, wind 13 mph",QB,Tommy DeVito,DeViTo00,RB,Tyrone Tracy Jr.,TracTy00,WR,Malik Nabers,NabeMa00,TE,Daniel Bellinger,BellDa00,TE,Theo Johnson,JohnTh00,TE,Chris Manhertz,ManhCh00,OL,Jermaine Eluemunor,ElueJe00,T,Evan Neal,NealEv00,OG,Greg Van Roten,VanRGr00,G,Jon Runyan Jr.,RunyJo00,C,John Michael Schmitz,MichJo00,DL,Dexter Lawrence,LawrDe03,DL,Rakeem Nunez-Roches,NuneRa00,OLB,Kayvon Thibodeaux,ThibKa00,OLB,Brian Burns,BurnBr00,LB,Micah McFadden,McFaMi01,LB,Darius Muasau,MuasDa00,LB,Bobby Okereke,OkerBo00,CB,Cordale Flott,FlotCo00,CB,Deonte Banks,BankDe00,S,Tyler Nubin,NubiTy00,S,Jason Pinnock,PinnJa01,QB,Baker Mayfield,MayfBa00,RB,Rachaad White,WhitRa01,WR,Jalen McMillan,McMiJa01,WR,Mike Evans,EvanMi00,TE,Cade Otton,OttoCa00,TE,Payne Durham,DurhPa00,T,Justin Skule,SkulJu00,T,Luke Goedeke,GoedLu00,G,Ben Bredeson,BredBe00,G,Cody Mauch,MaucCo00,C,Graham Barton,BartGr00,DL,Calijah Kancey,KancCa00,DL,Logan Hall,HallLo00,NT,Vita Vea,VeaxVi00,OLB,YaYa Diaby,DiabYa00,OLB,Joe Tryon-Shoyinka,TryoJo00,LB,Lavonte David,DaviLa00,LB,K.J. Britt,BritKJ00,CB,Zyon McCollum,McCoZy02,CB,Jamel Dean,DeanJa00,S,Jordan Whitehead,WhitJo03,S,Antoine Winfield Jr.,WinfAn00,Referee,Adrian Hill,Umpire,Roy Ellison,Down Judge,David Oliver,Line Judge,Greg Bradley,Back Judge,Greg Steed,Side Judge,Clay Reynard,Field Judge,Tra Boger
202411240rai,2024-11-24,Sunday,4:05pm,Las Vegas Raiders,Denver Broncos,rai,den,19,29,Antonio Pierce,Sean Payton,Allegiant Stadium,62460,3:20,dome,grass,,QB,Gardner Minshew II,MinsGa00,RB,Ameer Abdullah,AbduAm00,WR,DJ Turner,TurnDJ00,WR,Jakobi Meyers,MeyeJa01,TE,Brock Bowers,BoweBr01,TE,Michael Mayer,MayeMi00,OT,Delmar Glaze,GlazDe00,T,Kolton Miller,MillKo00,OG,Jackson Powers-Johnson,PoweJa00,G,Jordan Meredith,MereJo00,G,Dylan Parham,ParhDy00,DE,Maxx Crosby,CrosMa00,DT,John Jenkins,JenkJo00,DT,Jonah Laulu,LaulJo00,DT,Adam Butler,ButlAd00,LB,Divine Deablo,DeabDi00,LB,Robert Spillane,SpilRo00,CB,Jack Jones,JoneJa10,CB,Decamerion Richardson,RichDe01,S,Thomas Harper,HarpTh00,S,Tre'von Moehrig,MoehTr00,S,Isaiah Pola-Mao,PolaIs00,QB,Bo Nix,NixxBo00,RB,Javonte Williams,WillJa10,WR,Troy Franklin,FranTr00,WR,Courtland Sutton,SuttCo00,WR,Devaughn Vele,VeleDe00,TE,Nate Adkins,AdkiNa00,OL,Quinn Meinerz,MeinQu02,T,Garett Bolles,BollGa00,T,Mike McGlinchey,McGlMi00,G,Ben Powers,PoweBe00,C,Luke Wattenberg,WattLu00,DE,John Franklin-Myers,FranJo02,DT,Malcolm Roach,RoacMa01,DT,D.J. Jones,,OLB,Jonathon Cooper,CoopJo02,OLB,Nik Bonitto,BoniNi00,LB,Cody Barton,BartCo00,CB,Patrick Surtain II,SurtPa01,CB,Riley Moss,MossRi00,CB,Ja'Quan McMillian,McMiJa00,S,P.J. Locke,LockPJ00,S,Brandon Jones,JoneBr06,Referee,Ron Torbert,Umpire,Barry Anderson,Down Judge,Frank LeBlanc,Line Judge,Brian Bolinger,Back Judge,Tony Josselyn,Side Judge,Keith Washington,Field Judge,Ryan Dickson
202411240ram,2024-11-24,Sunday,8:20pm,Los Angeles Rams,Philadelphia Eagles,ram,phi,20,37,Sean McVay,Nick Sirianni,SoFi Stadium,74400,3:13,dome,matrixturf,,QB,Matthew Stafford,StafMa00,RB,Kyren Williams,WillKy02,WR,Demarcus Robinson,RobiDe01,WR,Puka Nacua,NacuPu00,WR,Cooper Kupp,KuppCo00,TE,Davis Allen,AlleDa02,OL,Steve Avila,AvilSt00,OL,Warren McClendon,McClWa00,OL,Beaux Limmer,LimmBe00,OL,Alaric Jackson,JackAl01,OL,Kevin Dotson,DotsKe00,DE,Kobie Turner,TurnKo00,NT,Bobby Brown,BrowBo04,OLB,Michael Hoecht,HoecMi00,OLB,Jared Verse,VersJa00,OLB,Byron Young,YounBy01,LB,Omar Speights,SpeiOm00,DB,Kamren Kinchens,KincKa00,DB,Quentin Lake,LakeQu00,DB,Cobie Durant,DuraDe01,DB,Kamren Curl,CurlKa00,DB,Darious Williams,WillDa09,QB,Jalen Hurts,HurtJa00,RB,Saquon Barkley,BarkSa00,WR,Johnny Wilson,WilsJo03,WR,Ainias Smith,SmitAi00,WR,A.J. Brown,BrowAJ00,TE,Dallas Goedert,GoedDa00,OL,Cam Jurgens,JurgCa01,T,Lane Johnson,JohnLa01,T,Jordan Mailata,MailJo00,T,Mekhi Becton,BectMe00,G,Landon Dickerson,DickLa00,DT,Jordan Davis,DaviJo03,DT,Jalen Carter,CartJa05,OLB,Nolan Smith,SmitNo02,OLB,Josh Sweat,SweaJo00,LB,Nakobe Dean,DeanNa00,LB,Zack Baun,BaunZa00,CB,Quinyon Mitchell,MitcQu00,CB,Darius Slay,SlayDa00,DB,Cooper DeJean,DeJeCo00,S,C.J. Gardner-Johnson,GardCh00,S,Reed Blankenship,BlanRe00,Referee,Land Clark,Umpire,Paul King,Down Judge,Tom Stephan,Line Judge,Jeff Hutcheon,Back Judge,Brad Freeman,Side Judge,Dominique Pender,Field Judge,Jabir Walker
202411240sea,2024-11-24,Sunday,4:25pm,Seattle Seahawks,Arizona Cardinals,sea,crd,16,6,Mike Macdonald,Jonathan Gannon,Lumen Field,68649,2:56,outdoors,fieldturf,"45 degrees, relative humidity 85%, wind 5 mph",QB,Geno Smith,SmitGe00,RB,Kenneth Walker III,WalkKe00,WR,Jaxon Smith-Njigba,SmitJa06,WR,Tyler Lockett,LockTy00,TE,AJ Barner,BarnAJ00,TE,Pharaoh Brown,BrowPh01,T,Charles Cross,CrosCh00,T,Abraham Lucas,LucaAb00,G,Anthony Bradford,BradAn00,G,Laken Tomlinson,TomlLa01,C,Olusegun Oluwatimi,OluwOl00,DE,Leonard Williams,WillLe02,DT,Byron Murphy,MurpBy01,OLB,Derick Hall,HallDe04,LB,Tyrice Knight,KnigTy00,LB,Boye Mafe,MafeBo00,LB,Ernest Jones,JoneEr01,CB,Josh Jobe,JobeJo00,CB,Coby Bryant,BryaCo01,CB,Devon Witherspoon,WithDe00,CB,Riq Woolen,WoolTa00,FS,Julian Love,LoveJu00,QB,Kyler Murray,MurrKy00,RB,James Conner,ConnJa00,WR,Michael Wilson,WilsMi02,WR,Zay Jones,JoneZa00,WR,Marvin Harrison Jr.,HarrMa09,TE,Trey McBride,McBrTr01,OL,Evan Brown,BrowEv00,OL,Jonah Williams,WillJo10,OL,Paris Johnson,JohnPa03,OL,Hjalte Froholdt,FrohHj00,OL,Trystan Colon,ColoTr01,DL,Roy Lopez,LopeRo00,DL,L.J. Collier,CollLJ00,DL,Dante Stills,StilDa01,OLB,Jesse Luketa,LukeJe00,OLB,Zaven Collins,CollZa00,LB,Kyzir White,WhitKy00,LB,Mack Wilson,WilsMa03,CB,Starling Thomas,ThomSt01,CB,Sean Murphy-Bunting,BuntSe00,S,Dadrion Taylor-Demerson,TaylDa02,S,Budda Baker,BakeBu00,Referee,Scott Novak,Umpire,Mark Pellis,Down Judge,Brian Sakowski,Line Judge,Mark Stewart,Back Judge,Terrence Miles,Side Judge,David Meslow,Field Judge,Terry Brown
202411240was,2024-11-24,Sunday,1:00pm,Washington Commanders,Dallas Cowboys,was,dal,26,34,Dan Quinn,Mike McCarthy,Northwest Stadium,64955,3:25,outdoors,grass,"55 degrees, relative humidity 49%, wind 5 mph",QB,Jayden Daniels,DaniJa02,RB,Brian Robinson Jr.,RobiBr01,WR,Noah Brown,BrowNo00,WR,Terry McLaurin,McLaTe00,TE,John Bates,BateJo00,TE,Zach Ertz,ErtzZa00,OL,Andrew Wylie,WyliAn00,OT,Brandon Coleman,ColeBr02,G,Nick Allegretti,AlleNi00,G,Samuel Cosmi,CosmSa00,C,Tyler Biadasz,BiadTy00,DE,Dorance Armstrong Jr.,ArmsDo00,DE,Clelin Ferrell,FerrCl00,DT,Jer'Zhan Newton,NewtJe00,DT,Daron Payne,PaynDa00,MLB,Bobby Wagner,WagnBo00,LB,Frankie Luvu,LuvuFr00,CB,Noah Igbinoghene,IgbiNo00,CB,Mike Sainristil,SainMi00,CB,Benjamin St-Juste,StJuBe00,DB,Quan Martin,MartJa04,S,Jeremy Chinn,ChinJe00,QB,Cooper Rush,RushCo00,RB,Rico Dowdle,DowdRi01,RB,Hunter Luepke,LuepHu00,WR,Jalen Tolbert,TolbJa00,WR,CeeDee Lamb,LambCe00,TE,Luke Schoonmaker,SchoLu00,OT,Tyler Guyton,GuytTy00,T,Terence Steele,SteeTe01,OG,Cooper Beebe,BeebCo00,G,T.J. Bass,BassTJ00,C,Brock Hoffman,HoffBr00,DE,Chauncey Golston,GolsCh00,DT,Mazi Smith,SmitMa06,DT,Osa Odighizuwa,OdigOs00,MLB,Eric Kendricks,KendEr00,LB,DeMarvion Overshown,OverDe00,LB,Micah Parsons,ParsMi00,CB,Jourdan Lewis,LewiJo01,CB,Josh Butler,ButlJo00,CB,DaRon Bland,BlanDa00,S,Malik Hooker,HookMa00,S,Donovan Wilson,WilsDo01,Referee,Tra Blake,Umpire,Carl Paganelli,Down Judge,Patrick Turner,Line Judge,Tom Eaton,Back Judge,Grantis Bell,Side Judge,Don Willard,Field Judge,Mearl Robinson
202411250sdg,2024-11-25,Monday,8:15pm,Los Angeles Chargers,Baltimore Ravens,sdg,rav,23,30,Jim Harbaugh,John Harbaugh,SoFi Stadium,70240,3:02,dome,matrixturf,,QB,Justin Herbert,HerbJu00,RB,J.K. Dobbins,DobbJK00,WR,Josh Palmer,PalmJo00,WR,Quentin Johnston,JohnQu02,TE,Tucker Fisk,FiskTu00,OT,Joe Alt,AltxJo01,T,Rashawn Slater,SlatRa00,T,Trey Pipkins,PipkTr00,G,Zion Johnson,JohnZi00,C,Bradley Bozeman,BozeBr00,DL,Scott Matlock,MatlSc00,DT,Otito Ogbonnia,OgboOt00,DT,Poona Ford,FordPo00,OLB,Joey Bosa,BosaJo00,OLB,Khalil Mack,MackKh00,LB,Daiyan Henley,HenlDa00,LB,Troy Dye,DyexTr00,CB,Tarheeb Still,StilTa00,CB,Elijah Molden,MoldEl00,CB,Kristian Fulton,FultKr00,S,Derwin James,JameDe00,S,Alohi Gilman,GilmAl00,QB,Lamar Jackson,JackLa00,RB,Derrick Henry,HenrDe00,WR,Rashod Bateman,BateRa00,WR,Zay Flowers,FlowZa00,TE,Mark Andrews,AndrMa00,TE,Isaiah Likely,LikeIs00,OL,Patrick Mekari,MekaPa00,OT,Roger Rosengarten,RoseRo01,T,Daniel Faalele,FaalDa00,T,Ronnie Stanley,StanRo00,C,Tyler Linderbaum,LindTy00,DT,Travis Jones,JoneTr00,DT,Nnamdi Madubuike,MaduJu00,DT,Broderick Washington Jr.,WashBr01,OLB,Tavius Robinson,RobiTa00,LB,Malik Harrison,HarrMa06,LB,Trenton Simpson,SimpTr00,LB,Kristian Welch,WelcKr00,CB,Marlon Humphrey,HumpMa00,DB,Brandon Stephens,StepBr01,S,Kyle Hamilton,HamiKy00,S,Ar'Darius Washington,WashAr00,Referee,Craig Wrolstad,Umpire,Steve Woods,Down Judge,Danny Short,Line Judge,Brett Bergman,Back Judge,Rich Martinez,Side Judge,Frank Steratore,Field Judge,Jeff Shears
202411280dal,2024-11-28,Thursday,4:30pm,Dallas Cowboys,New York Giants,dal,nyg,27,20,Mike McCarthy,Brian Daboll,AT&T Stadium,92196,3:33,retractable roof (closed),matrixturf,,QB,Cooper Rush,RushCo00,RB,Rico Dowdle,DowdRi01,WR,Jalen Tolbert,TolbJa00,WR,Brandin Cooks,CookBr00,WR,CeeDee Lamb,LambCe00,TE,Luke Schoonmaker,SchoLu00,OL,Tyler Smith,SmitTy02,OT,Tyler Guyton,GuytTy00,T,Terence Steele,SteeTe01,OG,Cooper Beebe,BeebCo00,C,Brock Hoffman,HoffBr00,DE,Chauncey Golston,GolsCh00,DT,Mazi Smith,SmitMa06,DT,Osa Odighizuwa,OdigOs00,MLB,Eric Kendricks,KendEr00,LB,DeMarvion Overshown,OverDe00,LB,Micah Parsons,ParsMi00,CB,DaRon Bland,BlanDa00,CB,Jourdan Lewis,LewiJo01,CB,Josh Butler,ButlJo00,S,Malik Hooker,HookMa00,S,Donovan Wilson,WilsDo01,QB,Drew Lock,LockDr00,RB,Devin Singletary,SingDe00,WR,Darius Slayton,SlayDa01,WR,Malik Nabers,NabeMa00,TE,Theo Johnson,JohnTh00,TE,Chris Manhertz,ManhCh00,OT,Chris Hubbard,HubbCh00,T,Evan Neal,NealEv00,OG,Greg Van Roten,VanRGr00,G,Jon Runyan Jr.,RunyJo00,C,John Michael Schmitz,MichJo00,DL,Dexter Lawrence,LawrDe03,DL,Rakeem Nunez-Roches,NuneRa00,OLB,Kayvon Thibodeaux,ThibKa00,OLB,Brian Burns,BurnBr00,LB,Micah McFadden,McFaMi01,LB,Bobby Okereke,OkerBo00,CB,Andru Phillips,PhilAn02,CB,Adoree' Jackson,JackAd00,CB,Cordale Flott,FlotCo00,S,Tyler Nubin,NubiTy00,S,Jason Pinnock,PinnJa01,Referee,Brad Rogers,Umpire,Bryan Neale,Down Judge,Kent Payne,Line Judge,Kevin Codey,Back Judge,Greg Yette,Side Judge,Anthony Jeffries,Field Judge,Joe Blubaugh
202411280det,2024-11-28,Thursday,12:30pm,Detroit Lions,Chicago Bears,det,chi,23,20,Dan Campbell,Matt Eberflus,Ford Field,64275,3:22,dome,fieldturf,,QB,Jared Goff,GoffJa00,RB,David Montgomery,MontDa01,WR,Jameson Williams,WillJa11,WR,Amon-Ra St. Brown,StxxAm00,WR,Tim Patrick,PatrTi00,TE,Sam LaPorta,LaPoSa01,OL,Graham Glasgow,GlasGr00,T,Dan Skipper,SkipDa00,T,Penei Sewell,SewePe00,G,Kevin Zeitler,ZeitKe00,C,Frank Ragnow,RagnFr00,DL,Josh Paschal,PascJo00,DL,Alim McNeill,McNeAl00,DL,D.J. Reader,,DL,Za'Darius Smith,SmitZa00,LB,Malcolm Rodriguez,RodrMa00,LB,David Long,LongDa04,LB,Jack Campbell,CampJa04,CB,Khalil Dorsey,DorsKh00,CB,Kindle Vildor,VildKi00,DB,Brian Branch,BranBr00,S,Kerby Joseph,JoseKe03,QB,Caleb Williams,WillCa03,RB,D'Andre Swift,SwifDA00,WR,Keenan Allen,AlleKe00,WR,D.J. Moore,,TE,Marcedes Lewis,LewiMa00,TE,Cole Kmet,KmetCo00,OL,Darnell Wright,WrigDa00,OL,Coleman Shelton,ShelCo00,OL,Matt Pryor,PryoMa00,OL,Braxton Jones,JoneBr08,OL,Teven Jenkins,JenkTe00,DL,Montez Sweat,SweaMo00,DL,Gervon Dexter,DextGe00,DL,DeMarcus Walker,WalkDe03,DT,Byron Cowart,CowaBy00,LB,T.J. Edwards,EdwaTJ02,LB,Tremaine Edmunds,EdmuTr01,DB,Jaylon Johnson,JohnJa13,DB,Kyler Gordon,GordKy00,DB,Tyrique Stevenson,StevTy01,DB,Kevin Byard,ByarKe01,S,Jonathan Owens,OwenJo01,Referee,Alan Eck,Umpire,Tab Slaughter,Down Judge,Derick Bowers,Line Judge,Derek Anderson,Back Judge,Greg Meyer,Side Judge,Dale Shaw,Field Judge,John Jenkins
202411280gnb,2024-11-28,Thursday,8:20pm,Green Bay Packers,Miami Dolphins,gnb,mia,30,17,Matt LaFleur,Mike McDaniel,Lambeau Field,77599,3:12,outdoors,grass,"27 degrees, relative humidity 63%, wind 10 mph",QB,Jordan Love,LoveJo03,RB,Josh Jacobs,JacoJo01,WR,Dontayvion Wicks,WickDo00,WR,Christian Watson,WatsCh00,TE,Ben Sims,SimsBe00,TE,Tucker Kraft,KrafTu00,OL,Zach Tom,TomxZa00,OL,Elgton Jenkins,JenkEl00,OL,Josh Myers,MyerJo00,T,Rasheed Walker,WalkRa00,G,Sean Rhyan,RhyaSe00,DL,Kenny Clark,ClarKe01,DL,Tedarrell Slaton,SlatTe00,DL,Rashan Gary,GaryRa00,DL,Kingsley Enagbare,EnagKi00,LB,Eric Wilson,WilsEr00,LB,Quay Walker,WalkQu00,LB,Isaiah McDuffie,McDuIs00,CB,Carrington Valentine,ValeCa00,CB,Keisean Nixon,NixoKe00,S,Xavier McKinney,McKiXa00,S,Javon Bullard,BullJa00,QB,Tua Tagovailoa,TagoTu00,RB,De'Von Achane,AchaDe00,WR,Jaylen Waddle,WaddJa00,WR,Tyreek Hill,HillTy00,TE,Jonnu Smith,SmitJo01,TE,Julian Hill,HillJu02,OL,Aaron Brewer,BrewAa01,OL,Liam Eichenberg,EichLi00,OL,Robert Jones,JoneRo02,T,Terron Armstead,ArmsTe00,T,Kendall Lamm,LammKe00,DT,Benito Jones,JoneBe03,DT,Zach Sieler,SielZa00,DT,Calais Campbell,CampCa99,LB,Tyrel Dodson,DodsTy01,LB,Emmanuel Ogbah,OgbaEm00,LB,Jordyn Brooks,BrooJo01,LB,Quinton Bell,BellQu00,CB,Kader Kohou,KohoKa00,CB,Jalen Ramsey,RamsJa00,S,Jevon Holland,HollJe02,S,Jordan Poyer,PoyeJo00,Referee,Shawn Smith,Umpire,Alex Moore,Down Judge,Jay Bilbo,Line Judge,Jeff Seeman,Back Judge,Dino Paganelli,Side Judge,Boris Cheek,Field Judge,Dyrol Prioleau
202411290kan,2024-11-29,Friday,3:00pm,Kansas City Chiefs,Las Vegas Raiders,kan,rai,19,17,Andy Reid,Antonio Pierce,GEHA Field at Arrowhead Stadium,73627,3:14,outdoors,grass,"37 degrees, relative humidity 40%, wind 5 mph",QB,Patrick Mahomes,MahoPa00,RB,Kareem Hunt,HuntKa00,WR,Xavier Worthy,WortXa00,WR,DeAndre Hopkins,HopkDe00,TE,Travis Kelce,KelcTr00,TE,Noah Gray,GrayNo00,OL,Wanya Morris,MorrWa01,T,Jawaan Taylor,TaylJa02,G,Joe Thuney,ThunJo00,G,Trey Smith,SmitTr05,C,Creed Humphrey,HumpCr00,DE,Michael Danna,DannMi00,DT,Tershawn Wharton,WharTe00,DT,Chris Jones,JoneCh09,LB,Leo Chenal,ChenLe00,LB,Drue Tranquill,TranDr00,LB,Nick Bolton,BoltNi00,CB,Trent McDuffie,McDuTr00,DB,Chamarri Conner,ConnCh01,S,Justin Reid,ReidJu00,S,Nazeeh Johnson,JohnNa01,S,Bryan Cook,CookBr02,QB,Aidan O'Connell,OConAi00,RB,Ameer Abdullah,AbduAm00,WR,Jakobi Meyers,MeyeJa01,WR,DJ Turner,TurnDJ00,WR,Tre Tucker,TuckTr00,TE,Brock Bowers,BoweBr01,OT,Delmar Glaze,GlazDe00,T,Kolton Miller,MillKo00,OG,Jackson Powers-Johnson,PoweJa00,G,Jordan Meredith,MereJo00,G,Dylan Parham,ParhDy00,DE,Maxx Crosby,CrosMa00,DT,John Jenkins,JenkJo00,DT,Jonah Laulu,LaulJo00,DT,Adam Butler,ButlAd00,LB,Divine Deablo,DeabDi00,LB,Robert Spillane,SpilRo00,CB,Jack Jones,JoneJa10,CB,Decamerion Richardson,RichDe01,S,Tre'von Moehrig,MoehTr00,S,Isaiah Pola-Mao,PolaIs00,S,Thomas Harper,HarpTh00,Referee,Clay Martin,Umpire,James Carter,Down Judge,Jerod Phillips,Line Judge,Brian Perry,Back Judge,Greg Wilson,Side Judge,Alonzo Ramsey,Field Judge,Dave Hawkshaw
202412010atl,2024-12-01,Sunday,1:00pm,Atlanta Falcons,Los Angeles Chargers,atl,sdg,13,17,Raheem Morris,Jim Harbaugh,Mercedes-Benz Stadium,72139,2:44,retractable roof (closed),fieldturf,,QB,Kirk Cousins,CousKi00,RB,Bijan Robinson,RobiBi01,WR,Darnell Mooney,MoonDa00,WR,Ray-Ray McCloud,McClRa00,WR,Drake London,LondDr00,TE,Kyle Pitts,PittKy00,OL,Matthew Bergeron,BergMa00,OL,Drew Dalman,DalmDr00,T,Jake Matthews,MattJa00,T,Kaleb McGary,McGaKa00,G,Chris Lindstrom,LindCh00,DL,Grady Jarrett,JarrGr00,DL,Eddie Goldman,GoldEd00,DL,David Onyemata,OnyeDa00,OLB,Matt Judon,JudoMa00,OLB,Lorenzo Carter,CartLo01,LB,Nathan Landman,LandNa01,LB,Kaden Elliss,ElliKa00,CB,Clark Phillips,PhilCl00,CB,AJ Terrell,TerrAJ00,S,Jessie Bates III,BateJe00,S,Justin Simmons,SimmJu00,QB,Justin Herbert,HerbJu00,RB,Gus Edwards,EdwaGu00,FB,Scott Matlock,MatlSc00,WR,Derius Davis,DaviDe02,WR,Ladd McConkey,McCoLa00,TE,Tucker Fisk,FiskTu00,OT,Joe Alt,AltxJo01,T,Rashawn Slater,SlatRa00,T,Trey Pipkins,PipkTr00,G,Zion Johnson,JohnZi00,C,Bradley Bozeman,BozeBr00,DT,Otito Ogbonnia,OgboOt00,DT,Poona Ford,FordPo00,OLB,Joey Bosa,BosaJo00,OLB,Khalil Mack,MackKh00,LB,Daiyan Henley,HenlDa00,LB,Troy Dye,DyexTr00,CB,Tarheeb Still,StilTa00,CB,Elijah Molden,MoldEl00,CB,Kristian Fulton,FultKr00,S,Tony Jefferson,JeffTo00,S,Derwin James,JameDe00,Referee,Clete Blakeman,Umpire,Scott Campbell,Down Judge,Dana McKenzie,Line Judge,Julian Mapp,Back Judge,Jonah Monroe,Side Judge,James Coleman,Field Judge,Karina Tovar
202412010buf,2024-12-01,Sunday,8:20pm,Buffalo Bills,San Francisco 49ers,buf,sfo,35,10,Sean McDermott,Kyle Shanahan,Highmark Stadium,70437,2:46,outdoors,a_turf,"28 degrees, relative humidity 79%, wind 11 mph",QB,Josh Allen,AlleJo02,RB,James Cook,CookJa01,WR,Khalil Shakir,ShakKh00,WR,Mack Hollins,HollMa00,TE,Quintin Morris,MorrQu00,TE,Dawson Knox,KnoxDa00,T,Spencer Brown,BrowSp00,T,Dion Dawkins,DawkDi00,G,O'Cyrus Torrence,TorrOC00,G,David Edwards,EdwaDa01,G,Connor McGovern,McGoCo01,DE,Gregory Rousseau,RousGr00,DE,A.J. Epenesa,EpenAJ00,DT,DaQuan Jones,JoneDa04,DT,Ed Oliver,OlivEd00,LB,Matt Milano,MilaMa00,LB,Terrel Bernard,BernTe00,CB,Taron Johnson,JohnTa01,CB,Rasul Douglas,DougRa00,CB,Christian Benford,BenfCh00,S,Taylor Rapp,RappTa00,S,Damar Hamlin,HamlDa00,QB,Brock Purdy,PurdBr00,RB,Christian McCaffrey,McCaCh01,FB,Kyle Juszczyk,JuszKy00,WR,Deebo Samuel,SamuDe00,WR,Jauan Jennings,JennJa00,TE,George Kittle,KittGe00,OL,Ben Bartch,BartBe00,OL,Dominick Puni,PuniDo00,OL,Jaylon Moore,MoorJa04,OL,Colton McKivitz,McKiCo00,OL,Jake Brendel,BrenJa01,DL,Leonard Floyd,FloyLe00,DL,Maliek Collins,CollMa00,DL,Sam Okuayinonu,OkuaSa00,DL,Evan Anderson,AndeEv00,LB,De'Vondre Campbell,CampDe00,LB,Fred Warner,WarnFr00,LB,Dee Winters,WintDe00,CB,Renardo Green,GreeRe00,CB,Charvarius Ward,WardCh01,S,Malik Mustapha,MustMa00,S,Ji'Ayir Brown,BrowJi01,Referee,Alex Kemp,Umpire,Mike Morton,Down Judge,Robert Richeson,Line Judge,Rusty Baynes,Back Judge,Scott Helverson,Side Judge,Lo van Pham,Field Judge,Sean Petty
202412010car,2024-12-01,Sunday,4:05pm,Carolina Panthers,Tampa Bay Buccaneers,car,tam,23,26,Dave Canales,Todd Bowles,Bank of America Stadium,69214,3:38,outdoors,grass,"51 degrees, relative humidity 41%, wind 7 mph",QB,Bryce Young,YounBr01,RB,Chuba Hubbard,HubbCh01,WR,David Moore,MoorDa03,WR,Adam Thielen,ThieAd00,WR,Xavier Legette,LegeXa00,TE,Tommy Tremble,TremTo00,T,Ikem Ekwonu,EkwoIk00,T,Taylor Moton,MotoTa00,G,Damien Lewis,LewiDa05,G,Cade Mays,MaysCa00,G,Robert Hunt,HuntRo01,DE,LaBryan Ray,RayxLa02,DE,A'Shawn Robinson,RobiAS00,DT,Shy Tuttle,TuttSh00,OLB,Jadeveon Clowney,ClowJa00,OLB,D.J. Wonnum,WonnDJ00,LB,Josey Jewell,JeweJo00,LB,Trevin Wallace,WallTr00,CB,Jaycee Horn,HornJa00,CB,Michael Jackson,JackMi01,S,Jordan Fuller,FullJo01,S,Xavier Woods,WoodXa00,QB,Baker Mayfield,MayfBa00,RB,Rachaad White,WhitRa01,WR,Jalen McMillan,McMiJa01,WR,Mike Evans,EvanMi00,TE,Cade Otton,OttoCa00,TE,Payne Durham,DurhPa00,T,Tristan Wirfs,WirfTr00,T,Luke Goedeke,GoedLu00,G,Ben Bredeson,BredBe00,G,Cody Mauch,MaucCo00,C,Graham Barton,BartGr00,DL,Calijah Kancey,KancCa00,DL,Logan Hall,HallLo00,NT,Vita Vea,VeaxVi00,OLB,YaYa Diaby,DiabYa00,OLB,Anthony Nelson,NelsAn01,LB,Lavonte David,DaviLa00,CB,Zyon McCollum,McCoZy02,CB,Jamel Dean,DeanJa00,S,Christian Izien,IzieCh00,S,Mike Edwards,EdwaMi01,S,Antoine Winfield Jr.,WinfAn00,Referee,Tra Blake,Umpire,Carl Paganelli,Down Judge,Patrick Turner,Line Judge,Tom Eaton,Back Judge,Grantis Bell,Side Judge,Don Willard,Field Judge,Mearl Robinson
202412010cin,2024-12-01,Sunday,1:00pm,Cincinnati Bengals,Pittsburgh Steelers,cin,pit,38,44,Zac Taylor,Mike Tomlin,Paycor Stadium,66112,3:20,outdoors,fieldturf,"32 degrees, relative humidity 43%, wind 9 mph",QB,Joe Burrow,BurrJo01,RB,Chase Brown,BrowCh10,WR,Ja'Marr Chase,ChasJa00,WR,Tee Higgins,HiggTe00,TE,Drew Sample,SampDr00,TE,Cam Grandy,GranCa00,OT,Orlando Brown Jr.,BrowOr00,OT,Amarius Mims,MimsAm00,G,Alex Cappa,CappAl00,G,Cody Ford,FordCo00,C,Ted Karras,KarrTe00,DE,Trey Hendrickson,HendTr00,DE,Sam Hubbard,HubbSa00,DT,B.J. Hill,,DT,Kris Jenkins,JenkKr01,LB,Germaine Pratt,PratGe00,LB,Akeem Davis-Gaither,DaviAk01,CB,Mike Hilton,HiltMi01,CB,Josh Newton,NewtJo00,CB,Cam Taylor-Britt,TaylCa01,S,Jordan Battle,BattJo00,S,Geno Stone,StonGe00,QB,Russell Wilson,WilsRu00,RB,Najee Harris,HarrNa00,WR,Mike Williams,WillMi07,WR,George Pickens,PickGe00,WR,Calvin Austin III,AustCa00,TE,Pat Freiermuth,FreiPa00,OT,Dan Moore,MoorDa05,OT,Broderick Jones,JoneBr09,G,Mason McCormick,McCoMa00,G,Isaac Seumalo,SeumIs00,C,Zach Frazier,FrazZa00,DL,Keeanu Benton,BentKe00,DT,Cameron Heyward,HeywCa01,DT,Larry Ogunjobi,OgunLa00,LB,Nick Herbig,HerbNi00,LB,Patrick Queen,QueePa00,LB,Elandon Roberts,RobeEl00,LB,T.J. Watt,,CB,Donte Jackson,JackDo02,CB,Joey Porter Jr.,PortJo02,S,Minkah Fitzpatrick,FitzMi00,S,DeShon Elliott,ElliDe02,Referee,Shawn Hochuli,Umpire,Terry Killens,Down Judge,Patrick Holt,Line Judge,Tim Podraza,Back Judge,Jimmy Russell,Side Judge,Jim Quirk,Field Judge,Jason Ledet
202412010jax,2024-12-01,Sunday,1:00pm,Jacksonville Jaguars,Houston Texans,jax,htx,20,23,Doug Pederson,DeMeco Ryans,EverBank Stadium,62588,3:18,outdoors,grass,,QB,Trevor Lawrence,LawrTr00,RB,Travis Etienne,EtieTr00,WR,Parker Washington,WashPa01,WR,Brian Thomas,ThomBr06,TE,Evan Engram,EngrEv00,TE,Luke Farrell,FarrLu00,OL,Ezra Cleveland,ClevEz00,OL,Brandon Scherff,ScheBr00,OL,Anton Harrison,HarrAn00,OL,Mitch Morse,MorsMi00,OL,Walker Little,LittWa00,DE,Travon Walker,WalkTr03,DE,Josh Hines-Allen,AlleJo03,DT,Tyler Lacy,LacyTy00,DT,DaVon Hamilton,HamiDa02,LB,Devin Lloyd,LloyDe00,LB,Foyesade Oluokun,OluoFo00,CB,Jarrian Jones,JoneJa14,CB,Ronald Darby,DarbRo00,CB,Tyson Campbell,CampTy01,S,Darnell Savage Jr.,SavaDa00,S,Andre Cisco,CiscAn00,QB,C.J. Stroud,StroCJ00,RB,Joe Mixon,MixoJo00,WR,Nico Collins,CollNi00,WR,Tank Dell,DellNa00,WR,John Metchie,MetcJo00,TE,Dalton Schultz,SchuDa00,OL,Juice Scruggs,ScruJu00,OL,Jarrett Patterson,PattJa03,T,Laremy Tunsil,TunsLa00,T,Tytus Howard,HowaTy00,G,Shaq Mason,MasoSh01,DE,Will Anderson,AndeWi01,DE,Danielle Hunter,HuntDa01,DT,Mario Edwards,EdwaMa01,DT,Tim Settle,SettTi00,LB,Henry To'oTo'o,TooTHe00,LB,Azeez Al-Shaair,AlShAz00,CB,Kamari Lassiter,LassKa00,CB,Derek Stingley Jr.,StinDe00,S,Eric Murray,MurrEr00,S,Calen Bullock,BullCa00,S,Jimmie Ward,WardJi01,Referee,Land Clark,Umpire,Tab Slaughter,Down Judge,Derick Bowers,Line Judge,Derek Anderson,Back Judge,Greg Meyer,Side Judge,Dale Shaw,Field Judge,John Jenkins
202412010min,2024-12-01,Sunday,1:00pm,Minnesota Vikings,Arizona Cardinals,min,crd,23,22,Kevin O'Connell,Jonathan Gannon,U.S. Bank Stadium,66873,3:02,dome,sportturf,,QB,Sam Darnold,DarnSa00,RB,Aaron Jones,JoneAa00,WR,Jordan Addison,AddiJo00,WR,Jalen Nailor,NailJa00,WR,Justin Jefferson,JeffJu00,TE,T.J. Hockenson,HockTJ00,OT,Cam Robinson,RobiCa00,T,Brian O'Neill,ONeiBr00,G,Blake Brandel,BranBl00,G,Dalton Risner,RisnDa00,C,Garrett Bradbury,BradGa00,DL,Harrison Phillips,PhilHa00,DL,Jonathan Bullard,BullJo00,DL,Jerry Tillery,TillJe00,OLB,Jonathan Greenard,GreeJo04,OLB,Andrew Van Ginkel,VanGAn00,LB,Blake Cashman,CashBl00,CB,Byron Murphy,MurpBy00,CB,Stephon Gilmore,GilmSt00,S,Josh Metellus,MeteJo00,S,Camryn Bynum,BynuCa00,S,Harrison Smith,SmitHa00,QB,Kyler Murray,MurrKy00,RB,James Conner,ConnJa00,WR,Michael Wilson,WilsMi02,WR,Marvin Harrison Jr.,HarrMa09,TE,Trey McBride,McBrTr01,TE,Tip Reiman,ReimTi00,OL,Trystan Colon,ColoTr01,OL,Hjalte Froholdt,FrohHj00,OL,Paris Johnson,JohnPa03,OL,Jonah Williams,WillJo10,OL,Evan Brown,BrowEv00,DL,Roy Lopez,LopeRo00,DL,L.J. Collier,CollLJ00,DL,Dante Stills,StilDa01,OLB,Zaven Collins,CollZa00,LB,Kyzir White,WhitKy00,LB,Mack Wilson,WilsMa03,CB,Sean Murphy-Bunting,BuntSe00,CB,Starling Thomas,ThomSt01,CB,Garrett Williams,WillGa00,S,Budda Baker,BakeBu00,S,Jalen Thompson,ThomJa04,Referee,Bill Vinovich,Umpire,Scott Walker,Down Judge,Dale Keller,Line Judge,Tripp Sutter,Back Judge,Todd Prukop,Side Judge,Jimmy Buchanan,Field Judge,Aaron Santi
202412010nor,2024-12-01,Sunday,4:05pm,New Orleans Saints,Los Angeles Rams,nor,ram,14,21,Darren Rizzi,Sean McVay,Caesars Superdome,70006,2:53,dome,sportturf,,QB,Derek Carr,CarrDe02,RB,Alvin Kamara,KamaAl00,FB,Adam Prentice,PrenAd00,WR,Marquez Valdes-Scantling,ValdMa00,TE,Taysom Hill,HillTa00,TE,Foster Moreau,MoreFo00,OL,Nick Saldiveri,SaldNi00,OL,Cesar Ruiz,RuizCe00,OT,Taliese Fuaga,FuagTa00,OT,Trevor Penning,PennTr00,G,Shane Lemieux,LemiSh00,DE,Carl Granderson,GranCa01,DE,Cameron Jordan,JordCa00,DT,Nathan Shepherd,ShepNa00,DT,Khalen Saunders,SaunKh00,LB,Pete Werner,WernPe00,LB,Demario Davis,DaviDe00,CB,Kool-Aid McKinstry,McKiKo00,CB,Will Harris,HarrWi02,CB,Alontae Taylor,TaylAl01,S,Tyrann Mathieu,MathTy00,S,Ugo Amadi,AmadUg00,QB,Matthew Stafford,StafMa00,RB,Kyren Williams,WillKy02,WR,Demarcus Robinson,RobiDe01,WR,Puka Nacua,NacuPu00,WR,Cooper Kupp,KuppCo00,TE,Davis Allen,AlleDa02,OL,Steve Avila,AvilSt00,OL,Beaux Limmer,LimmBe00,OL,Alaric Jackson,JackAl01,OL,Rob Havenstein,HaveRo00,OL,Kevin Dotson,DotsKe00,DE,Braden Fiske,FiskBr00,DE,Kobie Turner,TurnKo00,NT,Bobby Brown,BrowBo04,OLB,Jared Verse,VersJa00,OLB,Byron Young,YounBy01,LB,Christian Rozeboom,RozeCh00,LB,Omar Speights,SpeiOm00,DB,Quentin Lake,LakeQu00,DB,Cobie Durant,DuraDe01,DB,Kamren Curl,CurlKa00,DB,Darious Williams,WillDa09,Referee,Brad Allen,Umpire,Duane Heydt,Down Judge,Sarah Thomas,Line Judge,Walter Flowers,Back Judge,Tyree Walton,Side Judge,Chad Hill,Field Judge,Rick Patterson
202412010nwe,2024-12-01,Sunday,1:00pm,New England Patriots,Indianapolis Colts,nwe,clt,24,25,Jerod Mayo,Shane Steichen,Gillette Stadium,64626,2:59,outdoors,fieldturf,"36 degrees, relative humidity 49%, wind 9 mph",QB,Drake Maye,MayeDr00,RB,Rhamondre Stevenson,StevRh00,WR,Kayshon Boutte,BoutKa00,WR,Demario Douglas,DougDe00,WR,Kendrick Bourne,BourKe00,TE,Hunter Henry,HenrHu00,OL,Michael Onwenu,OnweMi00,OT,Demontrey Jacobs,JacoDe00,T,Vederian Lowe,LoweVe00,G,Layden Robinson,RobiLa02,C,Ben Brown,BrowBe01,DE,Keion White,WhitKe03,DT,Davon Godchaux,GodcDa00,DT,Daniel Ekuale,EkuaDa00,LB,Christian Elliss,ElliCh00,LB,Anfernee Jennings,JennAn00,LB,Jahlani Tavai,TavaJa00,CB,Christian Gonzalez,GonzCh00,CB,Jonathan Jones,JoneJo03,S,Jaylinn Hawkins,HawkJa00,S,Kyle Dugger,DuggKy00,S,Jabrill Peppers,PeppJa00,QB,Anthony Richardson,RichAn03,WR,Michael Pittman Jr.,PittMi01,WR,Adonai Mitchell,MitcAd00,TE,Mo Alie-Cox,AlieMo00,TE,Andrew Ogletree,OgleAn00,TE,Kylen Granson,GranKy00,T,Matt Goncalves,GoncMa00,T,Bernhard Raimann,RaimBe00,G,Mark Glowinski,GlowMa00,G,Quenton Nelson,NelsQu00,C,Danny Pinter,PintDa00,DE,Dayo Odeyingbo,OdeyDa00,DE,Kwity Paye,PayeKw00,DT,Grover Stewart,StewGr00,DT,DeForest Buckner,BuckDe00,LB,E.J. Speed,SpeeEJ00,LB,Zaire Franklin,FranZa00,CB,Samuel Womack,WomaSa00,CB,Kenny Moore,MoorKe03,CB,Jaylon Jones,JoneJa13,S,Nick Cross,CrosNi00,S,Julian Blackmon,BlacJu01,Referee,Adrian Hill,Umpire,Roy Ellison,Down Judge,David Oliver,Line Judge,Greg Bradley,Back Judge,Greg Steed,Side Judge,Clay Reynard,Field Judge,Tra Boger
202412010nyj,2024-12-01,Sunday,1:00pm,New York Jets,Seattle Seahawks,nyj,sea,21,26,Jeff Ulbrich,Mike Macdonald,MetLife Stadium,81084,3:06,outdoors,fieldturf,"37 degrees, relative humidity 44%, wind 12 mph",QB,Aaron Rodgers,RodgAa00,RB,Braelon Allen,AlleBr05,RB,Breece Hall,HallBr03,WR,Garrett Wilson,WilsGa00,WR,Davante Adams,AdamDa01,TE,Tyler Conklin,ConkTy00,OL,Olumuyiwa Fashanu,FashOl00,OL,Morgan Moses,MoseMo00,OL,John Simpson,SimpJo00,G,Alijah Vera-Tucker,VeraAl00,C,Joe Tippmann,TippJo00,DL,Quinnen Williams,WillQu00,DL,Micheal Clemons,ClemMi03,DE,Will McDonald,McDoWi00,DT,Javon Kinlaw,KinlJa00,LB,Quincy Williams,WillQu01,LB,Jamien Sherwood,SherJa00,CB,Sauce Gardner,GardSa00,CB,D.J. Reed,,CB,Isaiah Oliver,OlivIs00,S,Jalen Mills,MillJa02,S,Chuck Clark,ClarCh00,QB,Geno Smith,SmitGe00,RB,Kenneth Walker III,WalkKe00,WR,Tyler Lockett,LockTy00,WR,Jaxon Smith-Njigba,SmitJa06,WR,D.K. Metcalf,MetcDK00,TE,Noah Fant,FantNo00,T,Charles Cross,CrosCh00,T,Abraham Lucas,LucaAb00,OG,Sataoa Laumea,LaumSa00,G,Laken Tomlinson,TomlLa01,C,Olusegun Oluwatimi,OluwOl00,DE,Leonard Williams,WillLe02,DT,Byron Murphy,MurpBy01,OLB,Derick Hall,HallDe04,LB,Boye Mafe,MafeBo00,LB,Tyrice Knight,KnigTy00,LB,Ernest Jones,JoneEr01,CB,Coby Bryant,BryaCo01,CB,Devon Witherspoon,WithDe00,CB,Riq Woolen,WoolTa00,SS,Rayshawn Jenkins,JenkRa00,FS,Julian Love,LoveJu00,Referee,Carl Cheffers,Umpire,Brandon Cruse,Down Judge,Mike Carr,Line Judge,Robin DeLorenzo,Back Judge,Martin Hankins,Side Judge,Nathan Jones,Field Judge,Eugene Hall
202412010rav,2024-12-01,Sunday,4:25pm,Baltimore Ravens,Philadelphia Eagles,rav,phi,19,24,John Harbaugh,Nick Sirianni,M&T Bank Stadium,71344,3:05,outdoors,grass,"41 degrees, relative humidity 41%, wind 7 mph",QB,Lamar Jackson,JackLa00,RB,Derrick Henry,HenrDe00,WR,Rashod Bateman,BateRa00,WR,Zay Flowers,FlowZa00,WR,Nelson Agholor,AghoNe00,TE,Mark Andrews,AndrMa00,OL,Patrick Mekari,MekaPa00,OT,Roger Rosengarten,RoseRo01,T,Daniel Faalele,FaalDa00,T,Ronnie Stanley,StanRo00,C,Tyler Linderbaum,LindTy00,DT,Travis Jones,JoneTr00,DT,Nnamdi Madubuike,MaduJu00,DT,Broderick Washington Jr.,WashBr01,OLB,Tavius Robinson,RobiTa00,LB,Malik Harrison,HarrMa06,LB,Trenton Simpson,SimpTr00,LB,Roquan Smith,SmitRo07,CB,Marlon Humphrey,HumpMa00,DB,Brandon Stephens,StepBr01,S,Kyle Hamilton,HamiKy00,S,Ar'Darius Washington,WashAr00,QB,Jalen Hurts,HurtJa00,RB,Saquon Barkley,BarkSa00,WR,A.J. Brown,BrowAJ00,WR,Britain Covey,CoveBr00,TE,Grant Calcaterra,CalcGr00,TE,Dallas Goedert,GoedDa00,OL,Cam Jurgens,JurgCa01,T,Mekhi Becton,BectMe00,T,Jordan Mailata,MailJo00,T,Lane Johnson,JohnLa01,G,Landon Dickerson,DickLa00,DT,Jalen Carter,CartJa05,DT,Jordan Davis,DaviJo03,OLB,Josh Sweat,SweaJo00,OLB,Nolan Smith,SmitNo02,LB,Nakobe Dean,DeanNa00,LB,Zack Baun,BaunZa00,CB,Quinyon Mitchell,MitcQu00,CB,Isaiah Rodgers,RodgIs00,DB,Cooper DeJean,DeJeCo00,S,C.J. Gardner-Johnson,GardCh00,S,Reed Blankenship,BlanRe00,Referee,Craig Wrolstad,Umpire,Steve Woods,Down Judge,Danny Short,Line Judge,Brett Bergman,Back Judge,Rich Martinez,Side Judge,Frank Steratore,Field Judge,Jeff Shears
202412010was,2024-12-01,Sunday,1:00pm,Washington Commanders,Tennessee Titans,was,oti,42,19,Dan Quinn,Brian Callahan,Northwest Stadium,63144,3:14,outdoors,grass,"42 degrees, relative humidity 40%, wind 6 mph",QB,Jayden Daniels,DaniJa02,RB,Brian Robinson Jr.,RobiBr01,WR,Noah Brown,BrowNo00,WR,Terry McLaurin,McLaTe00,TE,John Bates,BateJo00,TE,Zach Ertz,ErtzZa00,OT,Brandon Coleman,ColeBr02,T,Cornelius Lucas,LucaCo01,G,Nick Allegretti,AlleNi00,G,Samuel Cosmi,CosmSa00,C,Tyler Biadasz,BiadTy00,DE,Dorance Armstrong Jr.,ArmsDo00,DE,Clelin Ferrell,FerrCl00,DT,Daron Payne,PaynDa00,DT,Jer'Zhan Newton,NewtJe00,MLB,Bobby Wagner,WagnBo00,LB,Frankie Luvu,LuvuFr00,CB,Noah Igbinoghene,IgbiNo00,CB,Mike Sainristil,SainMi00,CB,Benjamin St-Juste,StJuBe00,DB,Quan Martin,MartJa04,S,Jeremy Chinn,ChinJe00,QB,Will Levis,LeviWi00,RB,Tony Pollard,PollTo00,WR,Nick Westbrook-Ikhine,WestNi00,WR,Tyler Boyd,BoydTy00,WR,Calvin Ridley,RidlCa00,TE,Nick Vannett,VannNi00,OL,Daniel Brunskill,BrunDa00,OL,Peter Skoronski,SkorPe00,OL,Nicholas Petit-Frere,PetiNi00,OL,Dillon Radunz,RaduDi00,OT,JC Latham,LathJC00,DT,Jeffery Simmons,SimmJe01,NT,T'Vondre Sweat,SweaTV01,OLB,Arden Key,KeyxAr00,OLB,Harold Landry,LandHa00,LB,Jerome Baker,BakeJe00,LB,Kenneth Murray,MurrKe00,CB,Roger McCreary,McCrRo01,CB,Jarvis Brownlee,BrowJa09,CB,Darrell Baker,BakeDa02,CB,Daryl Worley,WorlDa00,S,Amani Hooker,HookAm00,Referee,Ron Torbert,Umpire,Barry Anderson,Down Judge,Frank LeBlanc,Line Judge,Brian Bolinger,Back Judge,Tony Josselyn,Side Judge,Keith Washington,Field Judge,Ryan Dickson
202412020den,2024-12-02,Monday,8:15pm,Denver Broncos,Cleveland Browns,den,cle,41,32,Sean Payton,Kevin Stefanski,Empower Field at Mile High,68306,3:29,outdoors,grass,"48 degrees, relative humidity 39%, wind 4 mph",QB,Bo Nix,NixxBo00,RB,Javonte Williams,WillJa10,FB,Michael Burton,BurtMi00,WR,Courtland Sutton,SuttCo00,WR,Lil'Jordan Humphrey,HumpLi01,TE,Adam Trautman,TrauAd00,OL,Quinn Meinerz,MeinQu02,T,Mike McGlinchey,McGlMi00,T,Garett Bolles,BollGa00,G,Ben Powers,PoweBe00,C,Luke Wattenberg,WattLu00,DL,Zach Allen,AlleZa01,DL,John Franklin-Myers,FranJo02,DT,D.J. Jones,,OLB,Jonathon Cooper,CoopJo02,OLB,Nik Bonitto,BoniNi00,LB,Justin Strnad,StrnJu00,LB,Cody Barton,BartCo00,CB,Patrick Surtain II,SurtPa01,CB,Levi Wallace,WallLe00,S,Brandon Jones,JoneBr06,S,P.J. Locke,LockPJ00,QB,Jameis Winston,WinsJa00,RB,Nick Chubb,ChubNi00,WR,Elijah Moore,MoorEl00,WR,Jerry Jeudy,JeudJe00,TE,Jordan Akins,AkinJo00,TE,David Njoku,NjokDa00,T,Jack Conklin,ConkJa00,OG,Germain Ifedi,IfedGe00,G,Joel Bitonio,BitoJo00,G,Wyatt Teller,TellWy00,C,Ethan Pocic,PociEt00,DE,Myles Garrett,GarrMy00,DE,Ogbonnia Okoronkwo,OkorOg00,DT,Shelby Harris,HarrSh00,DT,Dalvin Tomlinson,TomlDa00,LB,Jordan Hicks,HickJo00,LB,Mohamoud Diabate,DiabMo00,LB,Devin Bush Jr.,BushDe01,CB,Martin Emerson,EmerMa00,CB,Denzel Ward,WardDe02,S,Ronnie Hickman,HickRo00,S,Grant Delpit,DelpGr00,Referee,John Hussey,Umpire,Tony Michalek,Down Judge,Max Causey,Line Judge,Carl Johnson,Back Judge,Matt Edwards,Side Judge,Allen Baynes,Field Judge,Anthony Flemming
202412050det,2024-12-05,Thursday,8:15pm,Detroit Lions,Green Bay Packers,det,gnb,34,31,Dan Campbell,Matt LaFleur,Ford Field,63987,3:12,dome,fieldturf,,QB,Jared Goff,GoffJa00,RB,David Montgomery,MontDa01,WR,Amon-Ra St. Brown,StxxAm00,WR,Tim Patrick,PatrTi00,TE,Brock Wright,WrigBr01,TE,Sam LaPorta,LaPoSa01,OL,Graham Glasgow,GlasGr00,T,Dan Skipper,SkipDa00,T,Penei Sewell,SewePe00,G,Kevin Zeitler,ZeitKe00,C,Frank Ragnow,RagnFr00,DL,Alim McNeill,McNeAl00,DL,Jonah Williams,WillJo16,DL,Za'Darius Smith,SmitZa00,DL,Brodric Martin,MartBr00,LB,Jack Campbell,CampJa04,LB,Kwon Alexander,AlexKw00,CB,Carlton Davis,DaviCa02,CB,Terrion Arnold,ArnoTe00,SS,Jamal Adams,AdamJa00,DB,Brian Branch,BranBr00,S,Kerby Joseph,JoseKe03,QB,Jordan Love,LoveJo03,RB,Josh Jacobs,JacoJo01,WR,Dontayvion Wicks,WickDo00,WR,Christian Watson,WatsCh00,WR,Jayden Reed,ReedJa03,TE,Tucker Kraft,KrafTu00,OL,Elgton Jenkins,JenkEl00,OL,Zach Tom,TomxZa00,OL,Josh Myers,MyerJo00,T,Rasheed Walker,WalkRa00,G,Sean Rhyan,RhyaSe00,DL,Kingsley Enagbare,EnagKi00,DL,Tedarrell Slaton,SlatTe00,DL,Rashan Gary,GaryRa00,DL,Kenny Clark,ClarKe01,LB,Quay Walker,WalkQu00,LB,Isaiah McDuffie,McDuIs00,LB,Eric Wilson,WilsEr00,CB,Keisean Nixon,NixoKe00,CB,Carrington Valentine,ValeCa00,S,Xavier McKinney,McKiXa00,S,Evan Williams,WillEv00,Referee,John Hussey,Umpire,Tony Michalek,Down Judge,Max Causey,Line Judge,Carl Johnson,Back Judge,Matt Edwards,Side Judge,Allen Baynes,Field Judge,Anthony Flemming
202412080crd,2024-12-08,Sunday,4:05pm,Arizona Cardinals,Seattle Seahawks,crd,sea,18,30,Jonathan Gannon,Mike Macdonald,State Farm Stadium,64533,3:01,retractable roof (open),grass,,QB,Kyler Murray,MurrKy00,RB,James Conner,ConnJa00,WR,Michael Wilson,WilsMi02,WR,Marvin Harrison Jr.,HarrMa09,TE,Trey McBride,McBrTr01,TE,Tip Reiman,ReimTi00,OL,Hjalte Froholdt,FrohHj00,OL,Paris Johnson,JohnPa03,OL,Isaiah Adams,AdamIs01,OL,Evan Brown,BrowEv00,OL,Jonah Williams,WillJo10,DL,L.J. Collier,CollLJ00,DL,Roy Lopez,LopeRo00,DL,Dante Stills,StilDa01,OLB,Zaven Collins,CollZa00,LB,Kyzir White,WhitKy00,LB,Mack Wilson,WilsMa03,CB,Sean Murphy-Bunting,BuntSe00,CB,Starling Thomas,ThomSt01,CB,Garrett Williams,WillGa00,S,Jalen Thompson,ThomJa04,S,Budda Baker,BakeBu00,QB,Geno Smith,SmitGe00,RB,Zach Charbonnet,CharZa00,WR,Jaxon Smith-Njigba,SmitJa06,WR,D.K. Metcalf,MetcDK00,WR,Tyler Lockett,LockTy00,TE,Noah Fant,FantNo00,T,Abraham Lucas,LucaAb00,T,Charles Cross,CrosCh00,OG,Sataoa Laumea,LaumSa00,G,Laken Tomlinson,TomlLa01,C,Olusegun Oluwatimi,OluwOl00,DE,Leonard Williams,WillLe02,DT,Byron Murphy,MurpBy01,OLB,Derick Hall,HallDe04,LB,Tyrice Knight,KnigTy00,LB,Ernest Jones,JoneEr01,LB,Boye Mafe,MafeBo00,CB,Coby Bryant,BryaCo01,CB,Josh Jobe,JobeJo00,CB,Devon Witherspoon,WithDe00,CB,Riq Woolen,WoolTa00,FS,Julian Love,LoveJu00,Referee,Clay Martin,Umpire,James Carter,Down Judge,Jerod Phillips,Line Judge,Brian Perry,Back Judge,Greg Wilson,Side Judge,Alonzo Ramsey,Field Judge,Dave Hawkshaw
202412080kan,2024-12-08,Sunday,8:20pm,Kansas City Chiefs,Los Angeles Chargers,kan,sdg,19,17,Andy Reid,Jim Harbaugh,GEHA Field at Arrowhead Stadium,73571,2:59,outdoors,grass,"50 degrees, relative humidity 80%, wind 10 mph",QB,Patrick Mahomes,MahoPa00,RB,Isiah Pacheco,PachIs00,WR,Xavier Worthy,WortXa00,WR,DeAndre Hopkins,HopkDe00,TE,Travis Kelce,KelcTr00,TE,Noah Gray,GrayNo00,OT,D.J. Humphries,,T,Jawaan Taylor,TaylJa02,G,Joe Thuney,ThunJo00,G,Trey Smith,SmitTr05,C,Creed Humphrey,HumpCr00,DE,Michael Danna,DannMi00,DE,George Karlaftis III,KarlGe00,DT,Chris Jones,JoneCh09,DT,Mike Pennel,PennMi00,LB,Nick Bolton,BoltNi00,LB,Drue Tranquill,TranDr00,LB,Leo Chenal,ChenLe00,CB,Trent McDuffie,McDuTr00,CB,Joshua Williams,WillJo03,S,Justin Reid,ReidJu00,S,Bryan Cook,CookBr02,QB,Justin Herbert,HerbJu00,RB,Gus Edwards,EdwaGu00,WR,Jalen Reagor,ReagJa00,WR,Josh Palmer,PalmJo00,TE,Tucker Fisk,FiskTu00,OT,Joe Alt,AltxJo01,T,Rashawn Slater,SlatRa00,T,Trey Pipkins,PipkTr00,G,Zion Johnson,JohnZi00,C,Bradley Bozeman,BozeBr00,DL,Scott Matlock,MatlSc00,DT,Poona Ford,FordPo00,DT,Otito Ogbonnia,OgboOt00,OLB,Joey Bosa,BosaJo00,OLB,Khalil Mack,MackKh00,LB,Daiyan Henley,HenlDa00,LB,Troy Dye,DyexTr00,CB,Elijah Molden,MoldEl00,CB,Kristian Fulton,FultKr00,CB,Tarheeb Still,StilTa00,S,Marcus Maye,MayeMa00,S,Derwin James,JameDe00,Referee,Bill Vinovich,Umpire,Scott Walker,Down Judge,Dale Keller,Line Judge,Tripp Sutter,Back Judge,Todd Prukop,Side Judge,Jimmy Buchanan,Field Judge,Aaron Santi
202412080mia,2024-12-08,Sunday,1:00pm,Miami Dolphins,New York Jets,mia,nyj,32,26,Mike McDaniel,Jeff Ulbrich,Hard Rock Stadium,65787,3:26,outdoors,grass,"77 degrees, relative humidity 55%, wind 12 mph",QB,Tua Tagovailoa,TagoTu00,RB,De'Von Achane,AchaDe00,FB,Alec Ingold,IngoAl01,WR,Jaylen Waddle,WaddJa00,WR,Tyreek Hill,HillTy00,TE,Julian Hill,HillJu02,OL,Aaron Brewer,BrewAa01,OL,Liam Eichenberg,EichLi00,OL,Robert Jones,JoneRo02,T,Terron Armstead,ArmsTe00,T,Kendall Lamm,LammKe00,DT,Benito Jones,JoneBe03,DT,Zach Sieler,SielZa00,DT,Calais Campbell,CampCa99,LB,Emmanuel Ogbah,OgbaEm00,LB,Jordyn Brooks,BrooJo01,LB,Anthony Walker,WalkAn01,CB,Kader Kohou,KohoKa00,CB,Jalen Ramsey,RamsJa00,CB,Kendall Fuller,FullKe00,S,Jevon Holland,HollJe02,S,Jordan Poyer,PoyeJo00,QB,Aaron Rodgers,RodgAa00,RB,Braelon Allen,AlleBr05,WR,Garrett Wilson,WilsGa00,WR,Davante Adams,AdamDa01,WR,Allen Lazard,LazaAl00,TE,Tyler Conklin,ConkTy00,OL,Olumuyiwa Fashanu,FashOl00,OL,Morgan Moses,MoseMo00,OL,John Simpson,SimpJo00,G,Alijah Vera-Tucker,VeraAl00,C,Joe Tippmann,TippJo00,DL,Quinnen Williams,WillQu00,DL,Micheal Clemons,ClemMi03,DE,Will McDonald,McDoWi00,DT,Javon Kinlaw,KinlJa00,LB,Quincy Williams,WillQu01,LB,Haason Reddick,ReddHa00,LB,Jamien Sherwood,SherJa00,CB,D.J. Reed,,CB,Brandin Echols,EchoBr00,S,Jalen Mills,MillJa02,S,Chuck Clark,ClarCh00,Referee,Shawn Hochuli,Umpire,Terry Killens,Down Judge,Patrick Holt,Line Judge,Tim Podraza,Back Judge,Jimmy Russell,Side Judge,Jim Quirk,Field Judge,Jason Ledet
202412080min,2024-12-08,Sunday,1:00pm,Minnesota Vikings,Atlanta Falcons,min,atl,42,21,Kevin O'Connell,Raheem Morris,U.S. Bank Stadium,67008,3:07,dome,sportturf,,QB,Sam Darnold,DarnSa00,RB,Aaron Jones,JoneAa00,WR,Jordan Addison,AddiJo00,WR,Jalen Nailor,NailJa00,WR,Justin Jefferson,JeffJu00,TE,T.J. Hockenson,HockTJ00,OT,Cam Robinson,RobiCa00,T,Brian O'Neill,ONeiBr00,G,Blake Brandel,BranBl00,G,Dalton Risner,RisnDa00,C,Garrett Bradbury,BradGa00,DL,Harrison Phillips,PhilHa00,DL,Jalen Redmond,RedmJa01,DL,Jonathan Bullard,BullJo00,OLB,Jonathan Greenard,GreeJo04,OLB,Andrew Van Ginkel,VanGAn00,LB,Blake Cashman,CashBl00,CB,Shaquill Griffin,GrifSh00,CB,Byron Murphy,MurpBy00,S,Josh Metellus,MeteJo00,S,Camryn Bynum,BynuCa00,S,Harrison Smith,SmitHa00,QB,Kirk Cousins,CousKi00,RB,Bijan Robinson,RobiBi01,WR,Darnell Mooney,MoonDa00,WR,Drake London,LondDr00,TE,Charlie Woerner,WoerCh00,TE,Kyle Pitts,PittKy00,OL,Matthew Bergeron,BergMa00,OL,Drew Dalman,DalmDr00,T,Kaleb McGary,McGaKa00,T,Jake Matthews,MattJa00,G,Chris Lindstrom,LindCh00,DL,Grady Jarrett,JarrGr00,DL,Zach Harrison,HarrZa00,DL,Eddie Goldman,GoldEd00,OLB,Lorenzo Carter,CartLo01,LB,Kaden Elliss,ElliKa00,LB,Troy Andersen,AndeTr00,CB,DeAundre Alford,AlfoDe00,CB,Mike Hughes,HughMi00,CB,AJ Terrell,TerrAJ00,S,Jessie Bates III,BateJe00,S,Justin Simmons,SimmJu00,Referee,Alex Kemp,Umpire,Mike Morton,Down Judge,Robert Richeson,Line Judge,Rusty Baynes,Back Judge,Scott Helverson,Side Judge,Lo van Pham,Field Judge,Sean Petty
202412080nyg,2024-12-08,Sunday,1:00pm,New York Giants,New Orleans Saints,nyg,nor,11,14,Brian Daboll,Darren Rizzi,MetLife Stadium,76143,3:19,outdoors,fieldturf,"54 degrees, relative humidity 35%, wind 13 mph",QB,Drew Lock,LockDr00,RB,Tyrone Tracy Jr.,TracTy00,WR,Darius Slayton,SlayDa01,WR,Wan'Dale Robinson,RobiWa01,WR,Malik Nabers,NabeMa00,TE,Daniel Bellinger,BellDa00,OL,Joshua Ezeudu,EzeuJo00,T,Evan Neal,NealEv00,OG,Greg Van Roten,VanRGr00,G,Jon Runyan Jr.,RunyJo00,C,John Michael Schmitz,MichJo00,DL,Jordon Riley,RileJo00,DE,Elijah Garcia,GarcEl00,DT,Elijah Chatman,ChatEl00,OLB,Kayvon Thibodeaux,ThibKa00,OLB,Brian Burns,BurnBr00,LB,Darius Muasau,MuasDa00,LB,Micah McFadden,McFaMi01,CB,Adoree' Jackson,JackAd00,CB,Tre Hawkins,HawkTr00,S,Tyler Nubin,NubiTy00,S,Jason Pinnock,PinnJa01,QB,Derek Carr,CarrDe02,RB,Alvin Kamara,KamaAl00,FB,Adam Prentice,PrenAd00,WR,Kevin Austin,AustKe00,WR,Marquez Valdes-Scantling,ValdMa00,TE,Foster Moreau,MoreFo00,OL,Cesar Ruiz,RuizCe00,OL,Lucas Patrick,PatrLu00,OT,Taliese Fuaga,FuagTa00,OT,Trevor Penning,PennTr00,C,Erik McCoy,McCoEr01,DE,Carl Granderson,GranCa01,DE,Cameron Jordan,JordCa00,DT,Nathan Shepherd,ShepNa00,DT,Khalen Saunders,SaunKh00,LB,Pete Werner,WernPe00,LB,Demario Davis,DaviDe00,CB,Kool-Aid McKinstry,McKiKo00,CB,Will Harris,HarrWi02,CB,Alontae Taylor,TaylAl01,S,Tyrann Mathieu,MathTy00,S,Ugo Amadi,AmadUg00,Referee,Clete Blakeman,Umpire,Scott Campbell,Down Judge,Dana McKenzie,Line Judge,Julian Mapp,Back Judge,Jonah Monroe,Side Judge,James Coleman,Field Judge,Karina Tovar
202412080oti,2024-12-08,Sunday,1:00pm,Tennessee Titans,Jacksonville Jaguars,oti,jax,6,10,Brian Callahan,Doug Pederson,Nissan Stadium,61644,2:42,outdoors,grass,"53 degrees, relative humidity 44%, wind 9 mph",QB,Will Levis,LeviWi00,RB,Tony Pollard,PollTo00,WR,Nick Westbrook-Ikhine,WestNi00,TE,Nick Vannett,VannNi00,TE,Chigoziem Okonkwo,OkonCh00,OL,Peter Skoronski,SkorPe00,OL,Daniel Brunskill,BrunDa00,OL,Dillon Radunz,RaduDi00,OL,John Ojukwu,OjukJo00,OL,Nicholas Petit-Frere,PetiNi00,OT,JC Latham,LathJC00,DT,Jeffery Simmons,SimmJe01,NT,T'Vondre Sweat,SweaTV01,OLB,Harold Landry,LandHa00,OLB,Arden Key,KeyxAr00,LB,Otis Reese,ReesOt00,LB,Luke Gifford,GiffLu00,CB,Chidobe Awuzie,AwuzCh00,CB,Daryl Worley,WorlDa00,CB,Jarvis Brownlee,BrowJa09,CB,Darrell Baker,BakeDa02,S,Amani Hooker,HookAm00,QB,Mac Jones,JoneMa05,RB,Travis Etienne,EtieTr00,WR,Parker Washington,WashPa01,WR,Devin Duvernay,DuveDe00,WR,Brian Thomas,ThomBr06,TE,Evan Engram,EngrEv00,OL,Ezra Cleveland,ClevEz00,OL,Cole Van Lanen,VanxCo00,OL,Walker Little,LittWa00,OL,Mitch Morse,MorsMi00,OL,Brandon Scherff,ScheBr00,DE,Travon Walker,WalkTr03,DE,Josh Hines-Allen,AlleJo03,DT,DaVon Hamilton,HamiDa02,DT,Maason Smith,SmitMa07,LB,Devin Lloyd,LloyDe00,LB,Foyesade Oluokun,OluoFo00,LB,Ventrell Miller,MillVe00,CB,Tyson Campbell,CampTy01,CB,Montaric Brown,BrowMo00,S,Darnell Savage Jr.,SavaDa00,S,Antonio Johnson,JohnAn07,Referee,Tra Blake,Umpire,Carl Paganelli,Down Judge,Patrick Turner,Line Judge,Tom Eaton,Back Judge,Grantis Bell,Side Judge,Don Willard,Field Judge,Mearl Robinson
202412080phi,2024-12-08,Sunday,1:00pm,Philadelphia Eagles,Carolina Panthers,phi,car,22,16,Nick Sirianni,Dave Canales,Lincoln Financial Field,69879,2:53,outdoors,grass,"55 degrees, relative humidity 37%, wind 16 mph",QB,Jalen Hurts,HurtJa00,RB,Saquon Barkley,BarkSa00,WR,A.J. Brown,BrowAJ00,WR,Jahan Dotson,DotsJa00,WR,DeVonta Smith,SmitDe07,TE,Grant Calcaterra,CalcGr00,OL,Cam Jurgens,JurgCa01,T,Mekhi Becton,BectMe00,T,Lane Johnson,JohnLa01,T,Jordan Mailata,MailJo00,G,Landon Dickerson,DickLa00,DT,Jalen Carter,CartJa05,DT,Jordan Davis,DaviJo03,OLB,Josh Sweat,SweaJo00,OLB,Nolan Smith,SmitNo02,LB,Zack Baun,BaunZa00,LB,Nakobe Dean,DeanNa00,CB,Quinyon Mitchell,MitcQu00,CB,Darius Slay,SlayDa00,DB,Cooper DeJean,DeJeCo00,S,Tristin McCollum,McCoTr00,S,C.J. Gardner-Johnson,GardCh00,QB,Bryce Young,YounBr01,RB,Jonathon Brooks,BrooJo02,RB,Chuba Hubbard,HubbCh01,WR,Adam Thielen,ThieAd00,WR,Xavier Legette,LegeXa00,TE,Tommy Tremble,TremTo00,T,Ikem Ekwonu,EkwoIk00,T,Taylor Moton,MotoTa00,G,Damien Lewis,LewiDa05,G,Robert Hunt,HuntRo01,C,Cade Mays,MaysCa00,DE,A'Shawn Robinson,RobiAS00,DT,Shy Tuttle,TuttSh00,OLB,DJ Johnson,JohnDJ00,OLB,D.J. Wonnum,WonnDJ00,LB,Josey Jewell,JeweJo00,LB,Trevin Wallace,WallTr00,CB,Michael Jackson,JackMi01,CB,Chau Smith-Wade,SmitCh05,CB,Jaycee Horn,HornJa00,S,Xavier Woods,WoodXa00,S,Jordan Fuller,FullJo01,Referee,Carl Cheffers,Umpire,Brandon Cruse,Down Judge,Mike Carr,Line Judge,Robin DeLorenzo,Back Judge,Martin Hankins,Side Judge,Nathan Jones,Field Judge,Eugene Hall
202412080pit,2024-12-08,Sunday,1:00pm,Pittsburgh Steelers,Cleveland Browns,pit,cle,27,14,Mike Tomlin,Kevin Stefanski,Acrisure Stadium,66845,3:11,outdoors,grass,"49 degrees, relative humidity 62%, wind 12 mph",QB,Russell Wilson,WilsRu00,RB,Najee Harris,HarrNa00,WR,Calvin Austin III,AustCa00,TE,Darnell Washington,WashDa03,TE,MyCole Pruitt,PruiMy00,TE,Pat Freiermuth,FreiPa00,OT,Dan Moore,MoorDa05,OT,Broderick Jones,JoneBr09,G,Mason McCormick,McCoMa00,G,Isaac Seumalo,SeumIs00,C,Zach Frazier,FrazZa00,DL,Keeanu Benton,BentKe00,DT,Cameron Heyward,HeywCa01,DT,Larry Ogunjobi,OgunLa00,LB,Alex Highsmith,HighAl02,LB,Patrick Queen,QueePa00,LB,Elandon Roberts,RobeEl00,LB,T.J. Watt,,CB,Donte Jackson,JackDo02,CB,Joey Porter Jr.,PortJo02,S,Minkah Fitzpatrick,FitzMi00,S,DeShon Elliott,ElliDe02,QB,Jameis Winston,WinsJa00,RB,Nick Chubb,ChubNi00,WR,Jerry Jeudy,JeudJe00,WR,Elijah Moore,MoorEl00,TE,Blake Whiteheart,WhitBl01,TE,David Njoku,NjokDa00,T,Jack Conklin,ConkJa00,OG,Germain Ifedi,IfedGe00,G,Wyatt Teller,TellWy00,G,Joel Bitonio,BitoJo00,C,Ethan Pocic,PociEt00,DE,Myles Garrett,GarrMy00,DE,Ogbonnia Okoronkwo,OkorOg00,DT,Dalvin Tomlinson,TomlDa00,DT,Shelby Harris,HarrSh00,LB,Devin Bush Jr.,BushDe01,LB,Jordan Hicks,HickJo00,LB,Mohamoud Diabate,DiabMo00,CB,Martin Emerson,EmerMa00,CB,Denzel Ward,WardDe02,S,Juan Thornhill,ThorJu00,S,Grant Delpit,DelpGr00,Referee,Land Clark,Umpire,Paul King,Down Judge,Tom Stephan,Line Judge,Jeff Hutcheon,Back Judge,Brad Freeman,Side Judge,Dominique Pender,Field Judge,Jabir Walker
202412080ram,2024-12-08,Sunday,4:25pm,Los Angeles Rams,Buffalo Bills,ram,buf,44,42,Sean McVay,Sean McDermott,SoFi Stadium,73493,3:11,dome,matrixturf,,QB,Matthew Stafford,StafMa00,RB,Kyren Williams,WillKy02,WR,Demarcus Robinson,RobiDe01,WR,Puka Nacua,NacuPu00,WR,Cooper Kupp,KuppCo00,TE,Davis Allen,AlleDa02,OL,Steve Avila,AvilSt00,OL,Beaux Limmer,LimmBe00,OL,Alaric Jackson,JackAl01,OL,Rob Havenstein,HaveRo00,OL,Kevin Dotson,DotsKe00,DE,Braden Fiske,FiskBr00,DE,Kobie Turner,TurnKo00,NT,Bobby Brown,BrowBo04,OLB,Jared Verse,VersJa00,OLB,Byron Young,YounBy01,LB,Christian Rozeboom,RozeCh00,LB,Omar Speights,SpeiOm00,DB,Quentin Lake,LakeQu00,DB,Cobie Durant,DuraDe01,DB,Kamren Curl,CurlKa00,DB,Darious Williams,WillDa09,QB,Josh Allen,AlleJo02,RB,James Cook,CookJa01,WR,Amari Cooper,CoopAm00,WR,Mack Hollins,HollMa00,TE,Dawson Knox,KnoxDa00,T,Alec Anderson,AndeAl01,T,Spencer Brown,BrowSp00,T,Dion Dawkins,DawkDi00,G,O'Cyrus Torrence,TorrOC00,G,Connor McGovern,McGoCo01,G,David Edwards,EdwaDa01,DE,A.J. Epenesa,EpenAJ00,DE,Gregory Rousseau,RousGr00,DT,DaQuan Jones,JoneDa04,DT,Ed Oliver,OlivEd00,LB,Terrel Bernard,BernTe00,LB,Matt Milano,MilaMa00,CB,Taron Johnson,JohnTa01,CB,Rasul Douglas,DougRa00,CB,Christian Benford,BenfCh00,S,Damar Hamlin,HamlDa00,S,Taylor Rapp,RappTa00,Referee,Craig Wrolstad,Umpire,Steve Woods,Down Judge,Danny Short,Line Judge,Brett Bergman,Back Judge,Rich Martinez,Side Judge,Frank Steratore,Field Judge,Jeff Shears
202412080sfo,2024-12-08,Sunday,4:25pm,San Francisco 49ers,Chicago Bears,sfo,chi,38,13,Kyle Shanahan,Thomas Brown,Levi's Stadium,71662,2:52,outdoors,grass,"65 degrees, relative humidity 51%, wind 4 mph",QB,Brock Purdy,PurdBr00,RB,Isaac Guerendo,GuerIs00,FB,Kyle Juszczyk,JuszKy00,WR,Deebo Samuel,SamuDe00,WR,Jauan Jennings,JennJa00,TE,George Kittle,KittGe00,OL,Dominick Puni,PuniDo00,OL,Jaylon Moore,MoorJa04,OL,Colton McKivitz,McKiCo00,OL,Ben Bartch,BartBe00,OL,Jake Brendel,BrenJa01,DL,Leonard Floyd,FloyLe00,DL,Jordan Elliott,ElliJo02,DL,Maliek Collins,CollMa00,DL,Sam Okuayinonu,OkuaSa00,LB,Fred Warner,WarnFr00,LB,Dee Winters,WintDe00,LB,De'Vondre Campbell,CampDe00,CB,Charvarius Ward,WardCh01,DB,Deommodore Lenoir,LenoDe00,S,Malik Mustapha,MustMa00,S,Talanoa Hufanga,HufaTa00,QB,Caleb Williams,WillCa03,RB,D'Andre Swift,SwifDA00,WR,Keenan Allen,AlleKe00,WR,D.J. Moore,,TE,Gerald Everett,EverGe00,TE,Cole Kmet,KmetCo00,OL,Darnell Wright,WrigDa00,OL,Coleman Shelton,ShelCo00,OL,Matt Pryor,PryoMa00,OL,Braxton Jones,JoneBr08,OL,Teven Jenkins,JenkTe00,DL,Montez Sweat,SweaMo00,DL,Gervon Dexter,DextGe00,DL,DeMarcus Walker,WalkDe03,DT,Byron Cowart,CowaBy00,LB,T.J. Edwards,EdwaTJ02,LB,Tremaine Edmunds,EdmuTr01,DB,Jaylon Johnson,JohnJa13,DB,Kyler Gordon,GordKy00,DB,Tyrique Stevenson,StevTy01,DB,Kevin Byard,ByarKe01,S,Jonathan Owens,OwenJo01,Referee,Ron Torbert,Umpire,Barry Anderson,Down Judge,Frank LeBlanc,Line Judge,Brian Bolinger,Back Judge,Tony Josselyn,Side Judge,Keith Washington,Field Judge,Ryan Dickson
202412080tam,2024-12-08,Sunday,1:00pm,Tampa Bay Buccaneers,Las Vegas Raiders,tam,rai,28,13,Todd Bowles,Antonio Pierce,Raymond James Stadium,63250,3:00,outdoors,grass,"71 degrees, relative humidity 56%, wind 4 mph",QB,Baker Mayfield,MayfBa00,RB,Rachaad White,WhitRa01,WR,Sterling Shepard,ShepSt00,WR,Jalen McMillan,McMiJa01,WR,Mike Evans,EvanMi00,TE,Cade Otton,OttoCa00,T,Tristan Wirfs,WirfTr00,T,Luke Goedeke,GoedLu00,G,Cody Mauch,MaucCo00,G,Ben Bredeson,BredBe00,C,Graham Barton,BartGr00,DL,Logan Hall,HallLo00,DL,Calijah Kancey,KancCa00,NT,Vita Vea,VeaxVi00,OLB,YaYa Diaby,DiabYa00,OLB,Anthony Nelson,NelsAn01,LB,Lavonte David,DaviLa00,CB,Zyon McCollum,McCoZy02,CB,Jamel Dean,DeanJa00,S,Christian Izien,IzieCh00,S,Kaevon Merriweather,MerrKa00,S,Antoine Winfield Jr.,WinfAn00,QB,Aidan O'Connell,OConAi00,RB,Sincere McCormick,McCoSi00,WR,Tre Tucker,TuckTr00,WR,Jakobi Meyers,MeyeJa01,TE,Brock Bowers,BoweBr01,TE,Michael Mayer,MayeMi00,OT,Delmar Glaze,GlazDe00,T,Kolton Miller,MillKo00,OG,Jackson Powers-Johnson,PoweJa00,G,Dylan Parham,ParhDy00,G,Jordan Meredith,MereJo00,DE,Tyree Wilson,WilsTy01,DE,Maxx Crosby,CrosMa00,DT,John Jenkins,JenkJo00,DT,Adam Butler,ButlAd00,LB,Divine Deablo,DeabDi00,LB,Robert Spillane,SpilRo00,CB,Jack Jones,JoneJa10,CB,Darnay Holmes,HolmDa01,CB,Decamerion Richardson,RichDe01,S,Tre'von Moehrig,MoehTr00,S,Isaiah Pola-Mao,PolaIs00,Referee,Alan Eck,Umpire,Tab Slaughter,Down Judge,Derick Bowers,Line Judge,Derek Anderson,Back Judge,Greg Meyer,Side Judge,Dale Shaw,Field Judge,John Jenkins
202412090dal,2024-12-09,Monday,8:15pm,Dallas Cowboys,Cincinnati Bengals,dal,cin,20,27,Mike McCarthy,Zac Taylor,AT&T Stadium,92587,3:03,retractable roof (open),matrixturf,,QB,Cooper Rush,RushCo00,RB,Rico Dowdle,DowdRi01,WR,Jonathan Mingo,MingJo00,WR,CeeDee Lamb,LambCe00,TE,Luke Schoonmaker,SchoLu00,TE,Jake Ferguson,FergJa00,OL,Tyler Smith,SmitTy02,T,Terence Steele,SteeTe01,OG,Cooper Beebe,BeebCo00,G,Chuma Edoga,EdogCh00,C,Brock Hoffman,HoffBr00,DE,Chauncey Golston,GolsCh00,DT,Mazi Smith,SmitMa06,DT,Osa Odighizuwa,OdigOs00,MLB,Eric Kendricks,KendEr00,LB,DeMarvion Overshown,OverDe00,LB,Micah Parsons,ParsMi00,CB,DaRon Bland,BlanDa00,CB,Jourdan Lewis,LewiJo01,CB,Trevon Diggs,DiggTr00,S,Malik Hooker,HookMa00,S,Donovan Wilson,WilsDo01,QB,Joe Burrow,BurrJo01,RB,Chase Brown,BrowCh10,WR,Ja'Marr Chase,ChasJa00,WR,Tee Higgins,HiggTe00,TE,Drew Sample,SampDr00,TE,Cam Grandy,GranCa00,OT,Amarius Mims,MimsAm00,G,Cordell Volson,VolsCo02,G,Cody Ford,FordCo00,G,Alex Cappa,CappAl00,C,Ted Karras,KarrTe00,DE,Trey Hendrickson,HendTr00,DE,Sam Hubbard,HubbSa00,DT,B.J. Hill,,DT,McKinnley Jackson,JackMc00,DT,Kris Jenkins,JenkKr01,LB,Akeem Davis-Gaither,DaviAk01,LB,Germaine Pratt,PratGe00,CB,Josh Newton,NewtJo00,CB,Cam Taylor-Britt,TaylCa01,S,Geno Stone,StonGe00,S,Jordan Battle,BattJo00,Referee,Scott Novak,Umpire,Mark Pellis,Down Judge,Brian Sakowski,Line Judge,Mark Stewart,Back Judge,Terrence Miles,Side Judge,David Meslow,Field Judge,Terry Brown
202412120sfo,2024-12-12,Thursday,8:15pm,San Francisco 49ers,Los Angeles Rams,sfo,ram,6,12,Kyle Shanahan,Sean McVay,Levi's Stadium,71201,2:49,outdoors,grass,"53 degrees, relative humidity 87%, wind 4 mph",QB,Brock Purdy,PurdBr00,RB,Isaac Guerendo,GuerIs00,FB,Kyle Juszczyk,JuszKy00,WR,Deebo Samuel,SamuDe00,WR,Jauan Jennings,JennJa00,TE,George Kittle,KittGe00,OL,Aaron Banks,BankAa00,OL,Jake Brendel,BrenJa01,OL,Dominick Puni,PuniDo00,OL,Jaylon Moore,MoorJa04,OL,Colton McKivitz,McKiCo00,DL,Nick Bosa,BosaNi00,DL,Leonard Floyd,FloyLe00,DL,Jordan Elliott,ElliJo02,DL,Maliek Collins,CollMa00,LB,Dre Greenlaw,GreeDr00,LB,Fred Warner,WarnFr00,CB,Renardo Green,GreeRe00,CB,Charvarius Ward,WardCh01,DB,Deommodore Lenoir,LenoDe00,S,Talanoa Hufanga,HufaTa00,S,Ji'Ayir Brown,BrowJi01,QB,Matthew Stafford,StafMa00,RB,Kyren Williams,WillKy02,WR,Cooper Kupp,KuppCo00,WR,Puka Nacua,NacuPu00,WR,Demarcus Robinson,RobiDe01,TE,Colby Parkinson,ParkCo02,OL,Steve Avila,AvilSt00,OL,Kevin Dotson,DotsKe00,OL,Rob Havenstein,HaveRo00,OL,Alaric Jackson,JackAl01,OL,Beaux Limmer,LimmBe00,DE,Braden Fiske,FiskBr00,DE,Kobie Turner,TurnKo00,NT,Bobby Brown,BrowBo04,OLB,Jared Verse,VersJa00,OLB,Byron Young,YounBy01,LB,Omar Speights,SpeiOm00,LB,Christian Rozeboom,RozeCh00,CB,Ahkello Witherspoon,WithAh00,DB,Quentin Lake,LakeQu00,DB,Darious Williams,WillDa09,DB,Kamren Curl,CurlKa00,Referee,Clay Martin,Umpire,James Carter,Down Judge,Jerod Phillips,Line Judge,Brian Perry,Back Judge,Greg Wilson,Side Judge,Alonzo Ramsey,Field Judge,Dave Hawkshaw
202412150car,2024-12-15,Sunday,1:00pm,Carolina Panthers,Dallas Cowboys,car,dal,14,30,Dave Canales,Mike McCarthy,Bank of America Stadium,70570,3:10,outdoors,grass,"45 degrees, relative humidity 77%, wind 7 mph",QB,Bryce Young,YounBr01,RB,Chuba Hubbard,HubbCh01,WR,Jalen Coker,CokeJa01,WR,Adam Thielen,ThieAd00,WR,Xavier Legette,LegeXa00,TE,Tommy Tremble,TremTo00,T,Ikem Ekwonu,EkwoIk00,T,Taylor Moton,MotoTa00,G,Damien Lewis,LewiDa05,G,Robert Hunt,HuntRo01,C,Cade Mays,MaysCa00,DE,A'Shawn Robinson,RobiAS00,DT,Shy Tuttle,TuttSh00,OLB,D.J. Wonnum,WonnDJ00,OLB,Jadeveon Clowney,ClowJa00,LB,Josey Jewell,JeweJo00,LB,Claudin Cherelus,CherCl00,CB,Michael Jackson,JackMi01,CB,Chau Smith-Wade,SmitCh05,CB,Jaycee Horn,HornJa00,S,Jordan Fuller,FullJo01,S,Xavier Woods,WoodXa00,QB,Cooper Rush,RushCo00,RB,Rico Dowdle,DowdRi01,WR,Brandin Cooks,CookBr00,WR,Jalen Tolbert,TolbJa00,WR,CeeDee Lamb,LambCe00,TE,Jake Ferguson,FergJa00,OL,Tyler Smith,SmitTy02,T,Terence Steele,SteeTe01,G,T.J. Bass,BassTJ00,G,Chuma Edoga,EdogCh00,C,Brock Hoffman,HoffBr00,DE,Chauncey Golston,GolsCh00,DT,Mazi Smith,SmitMa06,DT,Osa Odighizuwa,OdigOs00,MLB,Eric Kendricks,KendEr00,LB,Marist Liufau,LiufMa00,LB,Micah Parsons,ParsMi00,CB,DaRon Bland,BlanDa00,CB,Amani Oruwariye,OruwAm00,CB,Jourdan Lewis,LewiJo01,S,Malik Hooker,HookMa00,S,Donovan Wilson,WilsDo01,Referee,Bill Vinovich,Umpire,Scott Walker,Down Judge,Dale Keller,Line Judge,Tripp Sutter,Back Judge,Todd Prukop,Side Judge,Jimmy Buchanan,Field Judge,Aaron Santi
202412150cle,2024-12-15,Sunday,1:00pm,Cleveland Browns,Kansas City Chiefs,cle,kan,7,21,Kevin Stefanski,Andy Reid,Huntington Bank Field,67983,3:08,outdoors,grass,"40 degrees, relative humidity 87%, wind 18 mph",QB,Jameis Winston,WinsJa00,RB,Nick Chubb,ChubNi00,WR,Jerry Jeudy,JeudJe00,WR,Michael Woods II,WoodMi00,WR,Elijah Moore,MoorEl00,TE,Jordan Akins,AkinJo00,T,Jack Conklin,ConkJa00,OG,Germain Ifedi,IfedGe00,G,Joel Bitonio,BitoJo00,G,Wyatt Teller,TellWy00,C,Ethan Pocic,PociEt00,DE,Myles Garrett,GarrMy00,DE,Ogbonnia Okoronkwo,OkorOg00,DT,Shelby Harris,HarrSh00,DT,Dalvin Tomlinson,TomlDa00,LB,Mohamoud Diabate,DiabMo00,LB,Jordan Hicks,HickJo00,CB,Martin Emerson,EmerMa00,CB,Denzel Ward,WardDe02,S,Juan Thornhill,ThorJu00,S,Grant Delpit,DelpGr00,S,Rodney McLeod,McLeRo00,QB,Patrick Mahomes,MahoPa00,RB,Isiah Pacheco,PachIs00,WR,Xavier Worthy,WortXa00,WR,Justin Watson,WatsJu01,TE,Noah Gray,GrayNo00,TE,Travis Kelce,KelcTr00,OL,Mike Caliendo,CaliMi00,T,Jawaan Taylor,TaylJa02,G,Trey Smith,SmitTr05,G,Joe Thuney,ThunJo00,C,Creed Humphrey,HumpCr00,DE,George Karlaftis III,KarlGe00,DE,Michael Danna,DannMi00,DT,Chris Jones,JoneCh09,DT,Tershawn Wharton,WharTe00,LB,Drue Tranquill,TranDr00,LB,Nick Bolton,BoltNi00,CB,Trent McDuffie,McDuTr00,CB,Joshua Williams,WillJo03,DB,Chamarri Conner,ConnCh01,S,Bryan Cook,CookBr02,S,Justin Reid,ReidJu00,Referee,Tra Blake,Umpire,Carl Paganelli,Down Judge,Patrick Turner,Line Judge,Tom Eaton,Back Judge,Bill Leavy,Side Judge,Don Willard,Field Judge,Mearl Robinson
202412150crd,2024-12-15,Sunday,4:25pm,Arizona Cardinals,New England Patriots,crd,nwe,30,17,Jonathan Gannon,Jerod Mayo,State Farm Stadium,64135,2:46,retractable roof (open),grass,,QB,Kyler Murray,MurrKy00,RB,James Conner,ConnJa00,WR,Michael Wilson,WilsMi02,WR,Marvin Harrison Jr.,HarrMa09,TE,Trey McBride,McBrTr01,OL,Kelvin Beachum,BeacKe00,OL,Evan Brown,BrowEv00,OL,Jonah Williams,WillJo10,OL,Hjalte Froholdt,FrohHj00,OL,Paris Johnson,JohnPa03,OL,Isaiah Adams,AdamIs01,DL,Roy Lopez,LopeRo00,DL,Dante Stills,StilDa01,DL,L.J. Collier,CollLJ00,OLB,Jesse Luketa,LukeJe00,OLB,Zaven Collins,CollZa00,LB,Kyzir White,WhitKy00,LB,Mack Wilson,WilsMa03,CB,Starling Thomas,ThomSt01,CB,Sean Murphy-Bunting,BuntSe00,S,Jalen Thompson,ThomJa04,S,Budda Baker,BakeBu00,QB,Drake Maye,MayeDr00,RB,Rhamondre Stevenson,StevRh00,WR,Kayshon Boutte,BoutKa00,WR,Ja'Lynn Polk,PolkJa00,TE,Hunter Henry,HenrHu00,TE,Austin Hooper,HoopAu00,OL,Michael Onwenu,OnweMi00,OT,Demontrey Jacobs,JacoDe00,T,Vederian Lowe,LoweVe00,G,Layden Robinson,RobiLa02,C,Ben Brown,BrowBe01,DE,Keion White,WhitKe03,DT,Jeremiah Pharms,PharJe00,DT,Davon Godchaux,GodcDa00,DT,Daniel Ekuale,EkuaDa00,LB,Anfernee Jennings,JennAn00,LB,Sione Takitaki,TakiSi00,LB,Jahlani Tavai,TavaJa00,CB,Jonathan Jones,JoneJo03,CB,Christian Gonzalez,GonzCh00,S,Jabrill Peppers,PeppJa00,S,Kyle Dugger,DuggKy00,Referee,Ron Torbert,Umpire,Barry Anderson,Down Judge,Frank LeBlanc,Line Judge,Brian Bolinger,Back Judge,Tony Josselyn,Side Judge,Keith Washington,Field Judge,Ryan Dickson
202412150den,2024-12-15,Sunday,4:25pm,Denver Broncos,Indianapolis Colts,den,clt,31,13,Sean Payton,Shane Steichen,Empower Field at Mile High,76496,3:13,outdoors,grass,"55 degrees, relative humidity 13%, wind 15 mph",QB,Bo Nix,NixxBo00,RB,Jaleel McLaughlin,McLaJa00,WR,Devaughn Vele,VeleDe00,WR,Courtland Sutton,SuttCo00,WR,Troy Franklin,FranTr00,TE,Nate Adkins,AdkiNa00,OL,Quinn Meinerz,MeinQu02,T,Mike McGlinchey,McGlMi00,T,Garett Bolles,BollGa00,G,Ben Powers,PoweBe00,C,Luke Wattenberg,WattLu00,DL,John Franklin-Myers,FranJo02,DL,Zach Allen,AlleZa01,DT,D.J. Jones,,OLB,Jonathon Cooper,CoopJo02,OLB,Nik Bonitto,BoniNi00,LB,Justin Strnad,StrnJu00,LB,Cody Barton,BartCo00,CB,Kris Abrams-Draine,AbraKr00,CB,Ja'Quan McMillian,McMiJa00,CB,Patrick Surtain II,SurtPa01,S,P.J. Locke,LockPJ00,QB,Anthony Richardson,RichAn03,RB,Jonathan Taylor,TaylJo02,WR,Josh Downs,DownJo00,WR,Michael Pittman Jr.,PittMi01,WR,Alec Pierce,PierAl00,TE,Andrew Ogletree,OgleAn00,T,Matt Goncalves,GoncMa00,T,Bernhard Raimann,RaimBe00,G,Mark Glowinski,GlowMa00,G,Quenton Nelson,NelsQu00,C,Danny Pinter,PintDa00,DE,Dayo Odeyingbo,OdeyDa00,DE,Kwity Paye,PayeKw00,DT,DeForest Buckner,BuckDe00,DT,Grover Stewart,StewGr00,LB,Zaire Franklin,FranZa00,LB,E.J. Speed,SpeeEJ00,CB,Kenny Moore,MoorKe03,CB,Jaylon Jones,JoneJa13,CB,Samuel Womack,WomaSa00,S,Nick Cross,CrosNi00,S,Julian Blackmon,BlacJu01,Referee,Carl Cheffers,Umpire,Brandon Cruse,Down Judge,Mike Carr,Line Judge,Robin DeLorenzo,Back Judge,Martin Hankins,Side Judge,Nathan Jones,Field Judge,Eugene Hall
202412150det,2024-12-15,Sunday,4:25pm,Detroit Lions,Buffalo Bills,det,buf,42,48,Dan Campbell,Sean McDermott,Ford Field,65327,3:28,dome,fieldturf,,QB,Jared Goff,GoffJa00,RB,David Montgomery,MontDa01,WR,Jameson Williams,WillJa11,WR,Amon-Ra St. Brown,StxxAm00,WR,Tim Patrick,PatrTi00,TE,Sam LaPorta,LaPoSa01,OL,Graham Glasgow,GlasGr00,T,Penei Sewell,SewePe00,T,Taylor Decker,DeckTa00,G,Kevin Zeitler,ZeitKe00,C,Frank Ragnow,RagnFr00,DL,Alim McNeill,McNeAl00,DL,D.J. Reader,,DL,Josh Paschal,PascJo00,DL,Levi Onwuzurike,OnwuLe00,LB,Jack Campbell,CampJa04,LB,Kwon Alexander,AlexKw00,CB,Carlton Davis,DaviCa02,CB,Terrion Arnold,ArnoTe00,DB,Jamal Adams,AdamJa00,DB,Brian Branch,BranBr00,S,Kerby Joseph,JoseKe03,QB,Josh Allen,AlleJo02,RB,James Cook,CookJa01,WR,Khalil Shakir,ShakKh00,WR,Keon Coleman,ColeKe02,WR,Amari Cooper,CoopAm00,TE,Dalton Kincaid,KincDa00,T,Spencer Brown,BrowSp00,T,Dion Dawkins,DawkDi00,G,O'Cyrus Torrence,TorrOC00,G,David Edwards,EdwaDa01,G,Connor McGovern,McGoCo01,DE,A.J. Epenesa,EpenAJ00,DE,Gregory Rousseau,RousGr00,DT,DaQuan Jones,JoneDa04,DT,Ed Oliver,OlivEd00,LB,Matt Milano,MilaMa00,LB,Terrel Bernard,BernTe00,CB,Taron Johnson,JohnTa01,CB,Kaiir Elam,ElamKa00,CB,Christian Benford,BenfCh00,DB,Cameron Lewis,LewiCa00,S,Cole Bishop,BishCo00,Referee,Adrian Hill,Umpire,Roy Ellison,Down Judge,David Oliver,Line Judge,Greg Bradley,Back Judge,Greg Steed,Side Judge,Clay Reynard,Field Judge,Tra Boger
202412150htx,2024-12-15,Sunday,1:00pm,Houston Texans,Miami Dolphins,htx,mia,20,12,DeMeco Ryans,Mike McDaniel,NRG Stadium,71221,3:01,retractable roof (closed),astroturf,,QB,C.J. Stroud,StroCJ00,RB,Joe Mixon,MixoJo00,WR,Nico Collins,CollNi00,WR,Tank Dell,DellNa00,TE,Irv Smith Jr.,SmitIr01,TE,Dalton Schultz,SchuDa00,OL,Jarrett Patterson,PattJa03,T,Blake Fisher,FishBl00,T,Tytus Howard,HowaTy00,T,Laremy Tunsil,TunsLa00,G,Shaq Mason,MasoSh01,DE,Will Anderson,AndeWi01,DE,Danielle Hunter,HuntDa01,DT,Tim Settle,SettTi00,DT,Folorunso Fatukasi,FatuFo00,LB,Christian Harris,HarrCh06,LB,Henry To'oTo'o,TooTHe00,CB,Kamari Lassiter,LassKa00,CB,Derek Stingley Jr.,StinDe00,S,Jimmie Ward,WardJi01,S,Eric Murray,MurrEr00,S,Calen Bullock,BullCa00,QB,Tua Tagovailoa,TagoTu00,RB,De'Von Achane,AchaDe00,FB,Alec Ingold,IngoAl01,WR,Jaylen Waddle,WaddJa00,WR,Tyreek Hill,HillTy00,TE,Durham Smythe,SmytDu00,OL,Aaron Brewer,BrewAa01,OL,Liam Eichenberg,EichLi00,OL,Robert Jones,JoneRo02,OT,Patrick Paul,PaulPa01,T,Jackson Carman,CarmJa00,DT,Benito Jones,JoneBe03,DT,Zach Sieler,SielZa00,DT,Calais Campbell,CampCa99,LB,Emmanuel Ogbah,OgbaEm00,LB,Jordyn Brooks,BrooJo01,LB,Anthony Walker,WalkAn01,CB,Jalen Ramsey,RamsJa00,CB,Kendall Fuller,FullKe00,DB,Elijah Campbell,CampEl00,S,Jevon Holland,HollJe02,S,Jordan Poyer,PoyeJo00,Referee,Alex Kemp,Umpire,Mike Morton,Down Judge,Robert Richeson,Line Judge,Rusty Baynes,Back Judge,Scott Helverson,Side Judge,Lo van Pham,Field Judge,Sean Petty
202412150jax,2024-12-15,Sunday,1:00pm,Jacksonville Jaguars,New York Jets,jax,nyj,25,32,Doug Pederson,Jeff Ulbrich,EverBank Stadium,63251,3:14,outdoors,grass,,QB,Mac Jones,JoneMa05,RB,Travis Etienne,EtieTr00,WR,Parker Washington,WashPa01,WR,Brian Thomas,ThomBr06,TE,Brenton Strange,StraBr00,TE,Luke Farrell,FarrLu00,OL,Walker Little,LittWa00,OL,Brandon Scherff,ScheBr00,OL,Mitch Morse,MorsMi00,OL,Anton Harrison,HarrAn00,OL,Ezra Cleveland,ClevEz00,DE,Josh Hines-Allen,AlleJo03,DE,Travon Walker,WalkTr03,DT,DaVon Hamilton,HamiDa02,DT,Maason Smith,SmitMa07,LB,Devin Lloyd,LloyDe00,LB,Foyesade Oluokun,OluoFo00,CB,Jarrian Jones,JoneJa14,CB,Tyson Campbell,CampTy01,CB,Montaric Brown,BrowMo00,S,Antonio Johnson,JohnAn07,S,Darnell Savage Jr.,SavaDa00,QB,Aaron Rodgers,RodgAa00,RB,Breece Hall,HallBr03,WR,Garrett Wilson,WilsGa00,WR,Davante Adams,AdamDa01,WR,Allen Lazard,LazaAl00,TE,Jeremy Ruckert,RuckJe00,OL,Olumuyiwa Fashanu,FashOl00,OL,Morgan Moses,MoseMo00,OL,John Simpson,SimpJo00,G,Alijah Vera-Tucker,VeraAl00,C,Joe Tippmann,TippJo00,DL,Micheal Clemons,ClemMi03,DL,Quinnen Williams,WillQu00,DE,Will McDonald,McDoWi00,DT,Javon Kinlaw,KinlJa00,LB,Jamien Sherwood,SherJa00,LB,Quincy Williams,WillQu01,LB,Chazz Surratt,SurrCh00,CB,Qwan'tez Stiggers,StigQw00,CB,Sauce Gardner,GardSa00,S,Jalen Mills,MillJa02,S,Chuck Clark,ClarCh00,Referee,Brad Rogers,Umpire,Bryan Neale,Down Judge,Kent Payne,Line Judge,Kevin Codey,Back Judge,Greg Yette,Side Judge,Anthony Jeffries,Field Judge,Joe Blubaugh
202412150nor,2024-12-15,Sunday,1:00pm,New Orleans Saints,Washington Commanders,nor,was,19,20,Darren Rizzi,Dan Quinn,Caesars Superdome,70003,3:08,dome,sportturf,,QB,Jake Haener,HaenJa00,RB,Alvin Kamara,KamaAl00,FB,Adam Prentice,PrenAd00,WR,Cedrick Wilson Jr.,WilsCe01,WR,Marquez Valdes-Scantling,ValdMa00,TE,Foster Moreau,MoreFo00,OL,Cesar Ruiz,RuizCe00,OL,Lucas Patrick,PatrLu00,OT,Taliese Fuaga,FuagTa00,OT,Trevor Penning,PennTr00,C,Erik McCoy,McCoEr01,DE,Cameron Jordan,JordCa00,DE,Carl Granderson,GranCa01,DT,Khalen Saunders,SaunKh00,DT,Bryan Bresee,BresBr00,LB,Pete Werner,WernPe00,LB,Demario Davis,DaviDe00,LB,Willie Gay Jr.,GayJWi00,CB,Kool-Aid McKinstry,McKiKo00,CB,Alontae Taylor,TaylAl01,CB,Will Harris,HarrWi02,S,Tyrann Mathieu,MathTy00,QB,Jayden Daniels,DaniJa02,RB,Brian Robinson Jr.,RobiBr01,WR,Terry McLaurin,McLaTe00,TE,John Bates,BateJo00,TE,Ben Sinnott,SinnBe00,TE,Zach Ertz,ErtzZa00,OL,Andrew Wylie,WyliAn00,OT,Brandon Coleman,ColeBr02,G,Nick Allegretti,AlleNi00,G,Samuel Cosmi,CosmSa00,G,Michael Deiter,DeitMi00,DE,Dorance Armstrong Jr.,ArmsDo00,DT,Jer'Zhan Newton,NewtJe00,DT,Daron Payne,PaynDa00,MLB,Bobby Wagner,WagnBo00,LB,Frankie Luvu,LuvuFr00,LB,Dante Fowler,FowlDa00,CB,Marshon Lattimore,LattMa01,CB,Mike Sainristil,SainMi00,DB,Quan Martin,MartJa04,S,Jeremy Chinn,ChinJe00,S,Percy Butler,ButlPe00,Referee,Shawn Hochuli,Umpire,Terry Killens,Down Judge,Patrick Holt,Line Judge,Tim Podraza,Back Judge,Jimmy Russell,Side Judge,Jim Quirk,Field Judge,Jason Ledet
202412150nyg,2024-12-15,Sunday,1:00pm,New York Giants,Baltimore Ravens,nyg,rav,14,35,Brian Daboll,John Harbaugh,MetLife Stadium,77455,2:56,outdoors,fieldturf,"36 degrees, relative humidity 62%, wind 6 mph",QB,Tommy DeVito,DeViTo00,RB,Tyrone Tracy Jr.,TracTy00,WR,Darius Slayton,SlayDa01,WR,Wan'Dale Robinson,RobiWa01,WR,Malik Nabers,NabeMa00,TE,Chris Manhertz,ManhCh00,OL,Jermaine Eluemunor,ElueJe00,T,Evan Neal,NealEv00,OG,Greg Van Roten,VanRGr00,G,Aaron Stinnie,StinAa00,C,John Michael Schmitz,MichJo00,DL,Jordon Riley,RileJo00,DT,Elijah Chatman,ChatEl00,OLB,Kayvon Thibodeaux,ThibKa00,OLB,Brian Burns,BurnBr00,LB,Darius Muasau,MuasDa00,LB,Micah McFadden,McFaMi01,CB,Adoree' Jackson,JackAd00,CB,Greg Stroman,StroGr00,S,Jason Pinnock,PinnJa01,S,Isaiah Simmons,SimmIs00,S,Dane Belton,BeltDa00,QB,Lamar Jackson,JackLa00,RB,Derrick Henry,HenrDe00,WR,Rashod Bateman,BateRa00,WR,Zay Flowers,FlowZa00,WR,Nelson Agholor,AghoNe00,TE,Mark Andrews,AndrMa00,OL,Patrick Mekari,MekaPa00,OT,Roger Rosengarten,RoseRo01,T,Daniel Faalele,FaalDa00,T,Ronnie Stanley,StanRo00,C,Tyler Linderbaum,LindTy00,DT,Travis Jones,JoneTr00,DT,Nnamdi Madubuike,MaduJu00,OLB,Tavius Robinson,RobiTa00,OLB,Kyle Van Noy,VanNKy00,LB,Malik Harrison,HarrMa06,LB,Roquan Smith,SmitRo07,CB,Marlon Humphrey,HumpMa00,CB,Nate Wiggins,WiggNa00,DB,Brandon Stephens,StepBr01,S,Kyle Hamilton,HamiKy00,S,Ar'Darius Washington,WashAr00,Referee,Brad Allen,Umpire,Duane Heydt,Down Judge,Sarah Thomas,Line Judge,Walter Flowers,Back Judge,Tyree Walton,Side Judge,Chad Hill,Field Judge,Rick Patterson
202412150oti,2024-12-15,Sunday,1:00pm,Tennessee Titans,Cincinnati Bengals,oti,cin,27,37,Brian Callahan,Zac Taylor,Nissan Stadium,63745,3:17,outdoors,grass,"52 degrees, relative humidity 90%, wind 12 mph",QB,Will Levis,LeviWi00,RB,Tony Pollard,PollTo00,WR,Nick Westbrook-Ikhine,WestNi00,TE,Nick Vannett,VannNi00,TE,Chigoziem Okonkwo,OkonCh00,OL,Daniel Brunskill,BrunDa00,OL,Dillon Radunz,RaduDi00,OL,Nicholas Petit-Frere,PetiNi00,OL,John Ojukwu,OjukJo00,OL,Peter Skoronski,SkorPe00,OT,JC Latham,LathJC00,DL,Sebastian Joseph-Day,JoseSe00,DT,Jeffery Simmons,SimmJe01,NT,T'Vondre Sweat,SweaTV01,OLB,Harold Landry,LandHa00,OLB,Arden Key,KeyxAr00,LB,Kenneth Murray,MurrKe00,LB,Luke Gifford,GiffLu00,CB,Daryl Worley,WorlDa00,CB,Chidobe Awuzie,AwuzCh00,CB,Jarvis Brownlee,BrowJa09,S,Amani Hooker,HookAm00,QB,Joe Burrow,BurrJo01,RB,Chase Brown,BrowCh10,WR,Ja'Marr Chase,ChasJa00,WR,Tee Higgins,HiggTe00,TE,Drew Sample,SampDr00,TE,Cam Grandy,GranCa00,OT,Devin Cochran,CochDe00,OT,Amarius Mims,MimsAm00,G,Cordell Volson,VolsCo02,G,Alex Cappa,CappAl00,C,Ted Karras,KarrTe00,DE,Trey Hendrickson,HendTr00,DE,Sam Hubbard,HubbSa00,DT,B.J. Hill,,DT,Kris Jenkins,JenkKr01,LB,Akeem Davis-Gaither,DaviAk01,LB,Maema Njongmeta,NjonMa00,LB,Germaine Pratt,PratGe00,CB,Josh Newton,NewtJo00,CB,Cam Taylor-Britt,TaylCa01,S,Geno Stone,StonGe00,S,Jordan Battle,BattJo00,Referee,Craig Wrolstad,Umpire,Steve Woods,Down Judge,Danny Short,Line Judge,Brett Bergman,Back Judge,Rich Martinez,Side Judge,Frank Steratore,Field Judge,Jeff Shears
202412150phi,2024-12-15,Sunday,4:25pm,Philadelphia Eagles,Pittsburgh Steelers,phi,pit,27,13,Nick Sirianni,Mike Tomlin,Lincoln Financial Field,69879,3:05,outdoors,grass,"37 degrees, relative humidity 62%, wind 5 mph",QB,Jalen Hurts,HurtJa00,RB,Saquon Barkley,BarkSa00,WR,A.J. Brown,BrowAJ00,WR,DeVonta Smith,SmitDe07,TE,C.J. Uzomah,,TE,Grant Calcaterra,CalcGr00,OL,Cam Jurgens,JurgCa01,T,Mekhi Becton,BectMe00,T,Jordan Mailata,MailJo00,T,Lane Johnson,JohnLa01,G,Landon Dickerson,DickLa00,DT,Milton Williams,WillMi08,DT,Jordan Davis,DaviJo03,DT,Jalen Carter,CartJa05,OLB,Nolan Smith,SmitNo02,OLB,Josh Sweat,SweaJo00,LB,Nakobe Dean,DeanNa00,LB,Zack Baun,BaunZa00,CB,Quinyon Mitchell,MitcQu00,CB,Darius Slay,SlayDa00,S,C.J. Gardner-Johnson,GardCh00,S,Reed Blankenship,BlanRe00,QB,Russell Wilson,WilsRu00,RB,Najee Harris,HarrNa00,WR,Calvin Austin III,AustCa00,WR,Van Jefferson,JeffVa00,TE,Darnell Washington,WashDa03,TE,Connor Heyward,HeywCo00,OT,Dan Moore,MoorDa05,OT,Broderick Jones,JoneBr09,G,Isaac Seumalo,SeumIs00,G,Mason McCormick,McCoMa00,C,Zach Frazier,FrazZa00,DL,Keeanu Benton,BentKe00,DT,Dean Lowry,LowrDe00,DT,Cameron Heyward,HeywCa01,LB,Patrick Queen,QueePa00,LB,Elandon Roberts,RobeEl00,LB,Alex Highsmith,HighAl02,LB,T.J. Watt,,CB,Donte Jackson,JackDo02,CB,Joey Porter Jr.,PortJo02,S,Damontae Kazee,KazeDa00,S,Minkah Fitzpatrick,FitzMi00,Referee,Alan Eck,Umpire,Tab Slaughter,Down Judge,Derick Bowers,Line Judge,Derek Anderson,Back Judge,Greg Meyer,Side Judge,Dale Shaw,Field Judge,John Jenkins
202412150sdg,2024-12-15,Sunday,4:25pm,Los Angeles Chargers,Tampa Bay Buccaneers,sdg,tam,17,40,Jim Harbaugh,Todd Bowles,SoFi Stadium,69496,3:02,dome,matrixturf,,QB,Justin Herbert,HerbJu00,RB,Gus Edwards,EdwaGu00,WR,Laviska Shenault Jr.,ShenLa00,WR,Quentin Johnston,JohnQu02,WR,Ladd McConkey,McCoLa00,TE,Stone Smartt,SmarSt00,OT,Joe Alt,AltxJo01,T,Rashawn Slater,SlatRa00,T,Trey Pipkins,PipkTr00,G,Zion Johnson,JohnZi00,C,Bradley Bozeman,BozeBr00,DT,Poona Ford,FordPo00,DT,Otito Ogbonnia,OgboOt00,OLB,Joey Bosa,BosaJo00,OLB,Khalil Mack,MackKh00,LB,Daiyan Henley,HenlDa00,LB,Troy Dye,DyexTr00,CB,Elijah Molden,MoldEl00,CB,Kristian Fulton,FultKr00,CB,Tarheeb Still,StilTa00,S,Tony Jefferson,JeffTo00,S,Derwin James,JameDe00,QB,Baker Mayfield,MayfBa00,RB,Rachaad White,WhitRa01,WR,Sterling Shepard,ShepSt00,WR,Jalen McMillan,McMiJa01,WR,Mike Evans,EvanMi00,TE,Cade Otton,OttoCa00,T,Tristan Wirfs,WirfTr00,T,Luke Goedeke,GoedLu00,G,Cody Mauch,MaucCo00,G,Ben Bredeson,BredBe00,C,Graham Barton,BartGr00,DL,Logan Hall,HallLo00,DL,Calijah Kancey,KancCa00,NT,Vita Vea,VeaxVi00,OLB,YaYa Diaby,DiabYa00,OLB,Anthony Nelson,NelsAn01,LB,Lavonte David,DaviLa00,CB,Zyon McCollum,McCoZy02,CB,Jamel Dean,DeanJa00,S,Christian Izien,IzieCh00,S,Kaevon Merriweather,MerrKa00,S,Tykee Smith,SmitTy05,Referee,Scott Novak,Umpire,Mark Pellis,Down Judge,Brian Sakowski,Line Judge,Mark Stewart,Back Judge,Terrence Miles,Side Judge,David Meslow,Field Judge,Terry Brown
202412150sea,2024-12-15,Sunday,8:20pm,Seattle Seahawks,Green Bay Packers,sea,gnb,13,30,Mike Macdonald,Matt LaFleur,Lumen Field,68766,2:59,outdoors,fieldturf,"43 degrees, relative humidity 77%, wind 3 mph",QB,Geno Smith,SmitGe00,RB,Zach Charbonnet,CharZa00,WR,Jaxon Smith-Njigba,SmitJa06,WR,D.K. Metcalf,MetcDK00,WR,Tyler Lockett,LockTy00,TE,Noah Fant,FantNo00,T,Abraham Lucas,LucaAb00,T,Charles Cross,CrosCh00,OG,Sataoa Laumea,LaumSa00,G,Laken Tomlinson,TomlLa01,C,Olusegun Oluwatimi,OluwOl00,DE,Leonard Williams,WillLe02,DT,Byron Murphy,MurpBy01,OLB,Derick Hall,HallDe04,LB,Tyrice Knight,KnigTy00,LB,Ernest Jones,JoneEr01,LB,Uchenna Nwosu,NwosUc00,CB,Coby Bryant,BryaCo01,CB,Josh Jobe,JobeJo00,CB,Devon Witherspoon,WithDe00,CB,Riq Woolen,WoolTa00,FS,Julian Love,LoveJu00,QB,Jordan Love,LoveJo03,RB,Josh Jacobs,JacoJo01,WR,Romeo Doubs,DoubRo00,WR,Jayden Reed,ReedJa03,WR,Christian Watson,WatsCh00,TE,Tucker Kraft,KrafTu00,OL,Elgton Jenkins,JenkEl00,OL,Josh Myers,MyerJo00,OL,Zach Tom,TomxZa00,T,Rasheed Walker,WalkRa00,G,Sean Rhyan,RhyaSe00,DL,Rashan Gary,GaryRa00,DL,Kingsley Enagbare,EnagKi00,DL,Kenny Clark,ClarKe01,DL,Tedarrell Slaton,SlatTe00,LB,Isaiah McDuffie,McDuIs00,LB,Quay Walker,WalkQu00,CB,Keisean Nixon,NixoKe00,CB,Carrington Valentine,ValeCa00,CB,Eric Stokes,StokEr00,S,Xavier McKinney,McKiXa00,S,Evan Williams,WillEv00,Referee,Clete Blakeman,Umpire,Scott Campbell,Down Judge,Dana McKenzie,Line Judge,Julian Mapp,Back Judge,Jonah Monroe,Side Judge,James Coleman,Field Judge,Karina Tovar
202412160min,2024-12-16,Monday,8:00pm,Minnesota Vikings,Chicago Bears,min,chi,30,12,Kevin O'Connell,Thomas Brown,U.S. Bank Stadium,67017,3:16,dome,sportturf,,QB,Sam Darnold,DarnSa00,RB,Aaron Jones,JoneAa00,WR,Jordan Addison,AddiJo00,WR,Jalen Nailor,NailJa00,WR,Justin Jefferson,JeffJu00,TE,T.J. Hockenson,HockTJ00,OT,Cam Robinson,RobiCa00,T,Brian O'Neill,ONeiBr00,G,Blake Brandel,BranBl00,G,Dalton Risner,RisnDa00,C,Garrett Bradbury,BradGa00,DL,Harrison Phillips,PhilHa00,DL,Jalen Redmond,RedmJa01,DL,Jonathan Bullard,BullJo00,OLB,Jonathan Greenard,GreeJo04,OLB,Andrew Van Ginkel,VanGAn00,LB,Blake Cashman,CashBl00,CB,Shaquill Griffin,GrifSh00,CB,Byron Murphy,MurpBy00,S,Josh Metellus,MeteJo00,S,Camryn Bynum,BynuCa00,S,Harrison Smith,SmitHa00,QB,Caleb Williams,WillCa03,RB,D'Andre Swift,SwifDA00,WR,Keenan Allen,AlleKe00,WR,D.J. Moore,,TE,Marcedes Lewis,LewiMa00,TE,Cole Kmet,KmetCo00,OL,Darnell Wright,WrigDa00,OL,Coleman Shelton,ShelCo00,OL,Matt Pryor,PryoMa00,OL,Teven Jenkins,JenkTe00,OL,Kiran Amegadjie,AmegKi00,DL,Zacch Pickens,PickZa00,DL,Montez Sweat,SweaMo00,DL,DeMarcus Walker,WalkDe03,DT,Byron Cowart,CowaBy00,LB,T.J. Edwards,EdwaTJ02,LB,Tremaine Edmunds,EdmuTr01,DB,Jaylon Johnson,JohnJa13,DB,Elijah Hicks,HickEl00,DB,Kyler Gordon,GordKy00,DB,Tyrique Stevenson,StevTy01,DB,Kevin Byard,ByarKe01,Referee,John Hussey,Umpire,Tony Michalek,Down Judge,Max Causey,Line Judge,Carl Johnson,Back Judge,Matt Edwards,Side Judge,Allen Baynes,Field Judge,Anthony Flemming
202412160rai,2024-12-16,Monday,8:30pm,Las Vegas Raiders,Atlanta Falcons,rai,atl,9,15,Antonio Pierce,Raheem Morris,Allegiant Stadium,62364,2:56,dome,grass,,QB,Desmond Ridder,RiddDe00,RB,Sincere McCormick,McCoSi00,WR,Tre Tucker,TuckTr00,WR,Jakobi Meyers,MeyeJa01,TE,Brock Bowers,BoweBr01,TE,Michael Mayer,MayeMi00,OT,Delmar Glaze,GlazDe00,T,Kolton Miller,MillKo00,OG,Jackson Powers-Johnson,PoweJa00,G,Dylan Parham,ParhDy00,G,Jordan Meredith,MereJo00,DE,Tyree Wilson,WilsTy01,DT,Jonah Laulu,LaulJo00,DT,John Jenkins,JenkJo00,DT,Adam Butler,ButlAd00,LB,Robert Spillane,SpilRo00,LB,Divine Deablo,DeabDi00,CB,Jack Jones,JoneJa10,CB,Decamerion Richardson,RichDe01,S,Tre'von Moehrig,MoehTr00,S,Isaiah Pola-Mao,PolaIs00,S,Thomas Harper,HarpTh00,QB,Kirk Cousins,CousKi00,RB,Bijan Robinson,RobiBi01,WR,Darnell Mooney,MoonDa00,WR,Drake London,LondDr00,TE,Charlie Woerner,WoerCh00,TE,Kyle Pitts,PittKy00,OL,Matthew Bergeron,BergMa00,OL,Drew Dalman,DalmDr00,T,Jake Matthews,MattJa00,T,Kaleb McGary,McGaKa00,G,Chris Lindstrom,LindCh00,DL,Grady Jarrett,JarrGr00,DL,Eddie Goldman,GoldEd00,DL,David Onyemata,OnyeDa00,OLB,Matt Judon,JudoMa00,OLB,Lorenzo Carter,CartLo01,LB,Nathan Landman,LandNa01,LB,Kaden Elliss,ElliKa00,CB,Mike Hughes,HughMi00,CB,AJ Terrell,TerrAJ00,S,Justin Simmons,SimmJu00,S,Jessie Bates III,BateJe00,Referee,Shawn Smith,Umpire,Alex Moore,Down Judge,Jay Bilbo,Line Judge,Jeff Seeman,Back Judge,Dino Paganelli,Side Judge,Boris Cheek,Field Judge,Dyrol Prioleau
202412190sdg,2024-12-19,Thursday,8:15pm,Los Angeles Chargers,Denver Broncos,sdg,den,34,27,Jim Harbaugh,Sean Payton,SoFi Stadium,70240,3:03,dome,matrixturf,,QB,Justin Herbert,HerbJu00,RB,Gus Edwards,EdwaGu00,WR,Josh Palmer,PalmJo00,WR,Ladd McConkey,McCoLa00,TE,Stone Smartt,SmarSt00,OT,Joe Alt,AltxJo01,T,Rashawn Slater,SlatRa00,T,Trey Pipkins,PipkTr00,G,Zion Johnson,JohnZi00,C,Bradley Bozeman,BozeBr00,DL,Morgan Fox,FoxxMo00,DL,Scott Matlock,MatlSc00,DT,Poona Ford,FordPo00,DT,Otito Ogbonnia,OgboOt00,OLB,Tuli Tuipulotu,TuipTu00,OLB,Khalil Mack,MackKh00,LB,Denzel Perryman,PerrDe00,LB,Daiyan Henley,HenlDa00,CB,Tarheeb Still,StilTa00,CB,Kristian Fulton,FultKr00,S,Tony Jefferson,JeffTo00,S,Derwin James,JameDe00,QB,Bo Nix,NixxBo00,RB,Audric Estime,EstiAu00,WR,Devaughn Vele,VeleDe00,TE,Nate Adkins,AdkiNa00,TE,Adam Trautman,TrauAd00,OL,Quinn Meinerz,MeinQu02,T,Garett Bolles,BollGa00,T,Matt Peart,PearMa00,T,Mike McGlinchey,McGlMi00,G,Ben Powers,PoweBe00,C,Luke Wattenberg,WattLu00,DL,Zach Allen,AlleZa01,DL,John Franklin-Myers,FranJo02,DT,D.J. Jones,,OLB,Jonathon Cooper,CoopJo02,OLB,Nik Bonitto,BoniNi00,LB,Justin Strnad,StrnJu00,LB,Cody Barton,BartCo00,CB,Damarri Mathis,MathDa00,CB,Patrick Surtain II,SurtPa01,S,P.J. Locke,LockPJ00,S,Brandon Jones,JoneBr06,Referee,Clay Martin,Umpire,James Carter,Down Judge,Jerod Phillips,Line Judge,Brian Perry,Back Judge,Greg Wilson,Side Judge,Alonzo Ramsey,Field Judge,Dave Hawkshaw
202412210kan,2024-12-21,Saturday,1:00pm,Kansas City Chiefs,Houston Texans,kan,htx,27,19,Andy Reid,DeMeco Ryans,GEHA Field at Arrowhead Stadium,73600,3:04,outdoors,grass,"30 degrees, relative humidity 60%, wind 5 mph",QB,Patrick Mahomes,MahoPa00,RB,Isiah Pacheco,PachIs00,WR,Xavier Worthy,WortXa00,WR,Justin Watson,WatsJu01,WR,JuJu Smith-Schuster,SmitJu00,TE,Travis Kelce,KelcTr00,OL,Mike Caliendo,CaliMi00,T,Jawaan Taylor,TaylJa02,G,Trey Smith,SmitTr05,G,Joe Thuney,ThunJo00,C,Creed Humphrey,HumpCr00,DE,Michael Danna,DannMi00,DT,Chris Jones,JoneCh09,DT,Tershawn Wharton,WharTe00,LB,Drue Tranquill,TranDr00,LB,Leo Chenal,ChenLe00,LB,Nick Bolton,BoltNi00,CB,Trent McDuffie,McDuTr00,CB,Christian Roland-Wallace,RolaCh00,CB,Joshua Williams,WillJo03,S,Justin Reid,ReidJu00,S,Bryan Cook,CookBr02,QB,C.J. Stroud,StroCJ00,RB,Joe Mixon,MixoJo00,WR,Nico Collins,CollNi00,WR,Tank Dell,DellNa00,WR,Xavier Hutchinson,HutcXa00,TE,Dalton Schultz,SchuDa00,OL,Jarrett Patterson,PattJa03,T,Blake Fisher,FishBl00,T,Tytus Howard,HowaTy00,T,Laremy Tunsil,TunsLa00,G,Shaq Mason,MasoSh01,DE,Will Anderson,AndeWi01,DE,Danielle Hunter,HuntDa01,DT,Mario Edwards,EdwaMa01,DT,Tim Settle,SettTi00,LB,Henry To'oTo'o,TooTHe00,LB,Christian Harris,HarrCh06,CB,Kamari Lassiter,LassKa00,CB,Derek Stingley Jr.,StinDe00,S,Jimmie Ward,WardJi01,S,Eric Murray,MurrEr00,S,Calen Bullock,BullCa00,Referee,Carl Cheffers,Umpire,Brandon Cruse,Down Judge,Mike Carr,Line Judge,Robin DeLorenzo,Back Judge,Martin Hankins,Side Judge,Nathan Jones,Field Judge,Eugene Hall
202412210rav,2024-12-21,Saturday,4:30pm,Baltimore Ravens,Pittsburgh Steelers,rav,pit,34,17,John Harbaugh,Mike Tomlin,M&T Bank Stadium,71313,2:55,outdoors,grass,"35 degrees, relative humidity 32%, wind 15 mph",QB,Lamar Jackson,JackLa00,RB,Derrick Henry,HenrDe00,WR,Rashod Bateman,BateRa00,WR,Zay Flowers,FlowZa00,TE,Isaiah Likely,LikeIs00,TE,Mark Andrews,AndrMa00,OL,Patrick Mekari,MekaPa00,OT,Roger Rosengarten,RoseRo01,T,Daniel Faalele,FaalDa00,T,Ronnie Stanley,StanRo00,C,Tyler Linderbaum,LindTy00,DT,Travis Jones,JoneTr00,DT,Nnamdi Madubuike,MaduJu00,DT,Broderick Washington Jr.,WashBr01,OLB,Tavius Robinson,RobiTa00,LB,Malik Harrison,HarrMa06,LB,Chris Board,BoarCh00,LB,Roquan Smith,SmitRo07,CB,Marlon Humphrey,HumpMa00,DB,Brandon Stephens,StepBr01,S,Kyle Hamilton,HamiKy00,S,Ar'Darius Washington,WashAr00,QB,Russell Wilson,WilsRu00,RB,Najee Harris,HarrNa00,WR,Scott Miller,MillSc01,TE,Darnell Washington,WashDa03,TE,MyCole Pruitt,PruiMy00,TE,Pat Freiermuth,FreiPa00,OT,Dan Moore,MoorDa05,OT,Broderick Jones,JoneBr09,G,Mason McCormick,McCoMa00,G,Isaac Seumalo,SeumIs00,C,Zach Frazier,FrazZa00,DL,Keeanu Benton,BentKe00,DT,Cameron Heyward,HeywCa01,LB,Alex Highsmith,HighAl02,LB,Patrick Queen,QueePa00,LB,Elandon Roberts,RobeEl00,LB,T.J. Watt,,LB,Payton Wilson,WilsPa00,CB,James Pierre,PierJa01,CB,Joey Porter Jr.,PortJo02,CB,Beanie Bishop,BishBe00,S,Minkah Fitzpatrick,FitzMi00,Referee,Bill Vinovich,Umpire,Scott Walker,Down Judge,Dale Keller,Line Judge,Tripp Sutter,Back Judge,Todd Prukop,Side Judge,Jimmy Buchanan,Field Judge,Aaron Santi
202412220atl,2024-12-22,Sunday,1:00pm,Atlanta Falcons,New York Giants,atl,nyg,34,7,Raheem Morris,Brian Daboll,Mercedes-Benz Stadium,70404,2:55,retractable roof (closed),fieldturf,,QB,Michael Penix,PeniMi00,RB,Bijan Robinson,RobiBi01,WR,Darnell Mooney,MoonDa00,WR,Ray-Ray McCloud,McClRa00,WR,Drake London,LondDr00,TE,Charlie Woerner,WoerCh00,OL,Drew Dalman,DalmDr00,OL,Matthew Bergeron,BergMa00,T,Jake Matthews,MattJa00,T,Kaleb McGary,McGaKa00,G,Chris Lindstrom,LindCh00,DL,Eddie Goldman,GoldEd00,DL,Grady Jarrett,JarrGr00,DL,David Onyemata,OnyeDa00,OLB,Matt Judon,JudoMa00,OLB,Lorenzo Carter,CartLo01,LB,Kaden Elliss,ElliKa00,CB,Mike Hughes,HughMi00,CB,AJ Terrell,TerrAJ00,CB,DeAundre Alford,AlfoDe00,S,Jessie Bates III,BateJe00,S,Justin Simmons,SimmJu00,QB,Drew Lock,LockDr00,RB,Tyrone Tracy Jr.,TracTy00,WR,Darius Slayton,SlayDa01,WR,Wan'Dale Robinson,RobiWa01,WR,Malik Nabers,NabeMa00,TE,Daniel Bellinger,BellDa00,OL,Jermaine Eluemunor,ElueJe00,T,Evan Neal,NealEv00,OG,Jake Kubas,KubaJa00,OG,Greg Van Roten,VanRGr00,C,John Michael Schmitz,MichJo00,DL,Rakeem Nunez-Roches,NuneRa00,DL,Jordon Riley,RileJo00,OLB,Brian Burns,BurnBr00,OLB,Kayvon Thibodeaux,ThibKa00,LB,Micah McFadden,McFaMi01,LB,Darius Muasau,MuasDa00,CB,Adoree' Jackson,JackAd00,CB,Andru Phillips,PhilAn02,CB,Deonte Banks,BankDe00,S,Jason Pinnock,PinnJa01,S,Dane Belton,BeltDa00,Referee,Tra Blake,Umpire,Carl Paganelli,Down Judge,Patrick Turner,Line Judge,Tom Eaton,Back Judge,Grantis Bell,Side Judge,Don Willard,Field Judge,Mearl Robinson
202412220buf,2024-12-22,Sunday,4:25pm,Buffalo Bills,New England Patriots,buf,nwe,24,21,Sean McDermott,Jerod Mayo,Highmark Stadium,70725,3:10,outdoors,a_turf,"14 degrees, relative humidity 54%, wind 2 mph",QB,Josh Allen,AlleJo02,RB,James Cook,CookJa01,WR,Keon Coleman,ColeKe02,WR,Mack Hollins,HollMa00,TE,Dawson Knox,KnoxDa00,TE,Dalton Kincaid,KincDa00,T,Spencer Brown,BrowSp00,T,Dion Dawkins,DawkDi00,G,O'Cyrus Torrence,TorrOC00,G,Connor McGovern,McGoCo01,G,David Edwards,EdwaDa01,DE,A.J. Epenesa,EpenAJ00,DE,Gregory Rousseau,RousGr00,DT,DaQuan Jones,JoneDa04,DT,Ed Oliver,OlivEd00,LB,Terrel Bernard,BernTe00,LB,Baylon Spector,SpecBa00,CB,Kaiir Elam,ElamKa00,CB,Taron Johnson,JohnTa01,CB,Christian Benford,BenfCh00,DB,Cameron Lewis,LewiCa00,S,Cole Bishop,BishCo00,QB,Drake Maye,MayeDr00,RB,Rhamondre Stevenson,StevRh00,WR,Kendrick Bourne,BourKe00,WR,Kayshon Boutte,BoutKa00,WR,Demario Douglas,DougDe00,TE,Hunter Henry,HenrHu00,OL,Michael Onwenu,OnweMi00,OT,Demontrey Jacobs,JacoDe00,T,Vederian Lowe,LoweVe00,G,Layden Robinson,RobiLa02,C,Ben Brown,BrowBe01,DE,Keion White,WhitKe03,DT,Davon Godchaux,GodcDa00,DT,Daniel Ekuale,EkuaDa00,DT,Jeremiah Pharms,PharJe00,LB,Anfernee Jennings,JennAn00,LB,Jahlani Tavai,TavaJa00,CB,Christian Gonzalez,GonzCh00,CB,Alex Austin,AustAl00,S,Jaylinn Hawkins,HawkJa00,S,Marte Mapu,MapuMa00,S,Kyle Dugger,DuggKy00,Referee,Brad Allen,Umpire,Duane Heydt,Down Judge,Sarah Thomas,Line Judge,Walter Flowers,Back Judge,Tyree Walton,Side Judge,Chad Hill,Field Judge,Rick Patterson
202412220car,2024-12-22,Sunday,1:00pm,Carolina Panthers,Arizona Cardinals,car,crd,36,30,Dave Canales,Jonathan Gannon,Bank of America Stadium,68804,3:26,outdoors,grass,"37 degrees, relative humidity 52%, wind 10 mph",QB,Bryce Young,YounBr01,RB,Chuba Hubbard,HubbCh01,WR,Jalen Coker,CokeJa01,WR,Adam Thielen,ThieAd00,TE,Tommy Tremble,TremTo00,TE,Ja'Tavion Sanders,SandJa01,T,Ikem Ekwonu,EkwoIk00,T,Taylor Moton,MotoTa00,G,Brady Christensen,ChriBr00,G,Robert Hunt,HuntRo01,G,Damien Lewis,LewiDa05,DE,A'Shawn Robinson,RobiAS00,DT,Shy Tuttle,TuttSh00,OLB,Jadeveon Clowney,ClowJa00,OLB,D.J. Wonnum,WonnDJ00,LB,Josey Jewell,JeweJo00,LB,Jacoby Windmon,WindJa00,CB,Chau Smith-Wade,SmitCh05,CB,Michael Jackson,JackMi01,CB,Jaycee Horn,HornJa00,S,Demani Richardson,RichDe03,S,Xavier Woods,WoodXa00,QB,Kyler Murray,MurrKy00,RB,James Conner,ConnJa00,WR,Michael Wilson,WilsMi02,WR,Greg Dortch,DortGr01,WR,Marvin Harrison Jr.,HarrMa09,TE,Trey McBride,McBrTr01,OL,Kelvin Beachum,BeacKe00,OL,Evan Brown,BrowEv00,OL,Jonah Williams,WillJo10,OL,Hjalte Froholdt,FrohHj00,OL,Isaiah Adams,AdamIs01,DL,Roy Lopez,LopeRo00,DL,Dante Stills,StilDa01,DL,L.J. Collier,CollLJ00,OLB,Zaven Collins,CollZa00,OLB,Julian Okwara,OkwaJu00,LB,Owen Pappoe,PappOw00,LB,Kyzir White,WhitKy00,CB,Starling Thomas,ThomSt01,CB,Sean Murphy-Bunting,BuntSe00,S,Jalen Thompson,ThomJa04,S,Budda Baker,BakeBu00,Referee,Adrian Hill,Umpire,Roy Ellison,Down Judge,David Oliver,Line Judge,Greg Bradley,Back Judge,Greg Steed,Side Judge,Clay Reynard,Field Judge,Tra Boger
202412220chi,2024-12-22,Sunday,1:00pm,Chicago Bears,Detroit Lions,chi,det,17,34,Thomas Brown,Dan Campbell,Soldier Field,56539,2:58,outdoors,grass,"29 degrees, relative humidity 68%, wind 7 mph",QB,Caleb Williams,WillCa03,RB,D'Andre Swift,SwifDA00,WR,Keenan Allen,AlleKe00,WR,Rome Odunze,OdunRo00,WR,D.J. Moore,,TE,Cole Kmet,KmetCo00,OL,Darnell Wright,WrigDa00,OL,Coleman Shelton,ShelCo00,OL,Matt Pryor,PryoMa00,OL,Braxton Jones,JoneBr08,OL,Teven Jenkins,JenkTe00,DL,Zacch Pickens,PickZa00,DL,Montez Sweat,SweaMo00,DL,DeMarcus Walker,WalkDe03,DT,Byron Cowart,CowaBy00,LB,T.J. Edwards,EdwaTJ02,LB,Tremaine Edmunds,EdmuTr01,DB,Jaylon Johnson,JohnJa13,DB,Elijah Hicks,HickEl00,DB,Kyler Gordon,GordKy00,DB,Tyrique Stevenson,StevTy01,DB,Kevin Byard,ByarKe01,QB,Jared Goff,GoffJa00,RB,Jahmyr Gibbs,GibbJa01,WR,Jameson Williams,WillJa11,WR,Amon-Ra St. Brown,StxxAm00,WR,Tim Patrick,PatrTi00,TE,Sam LaPorta,LaPoSa01,OL,Christian Mahogany,MahoCh00,T,Taylor Decker,DeckTa00,T,Penei Sewell,SewePe00,G,Kevin Zeitler,ZeitKe00,C,Frank Ragnow,RagnFr00,DL,Levi Onwuzurike,OnwuLe00,DL,Za'Darius Smith,SmitZa00,DL,D.J. Reader,,DL,Josh Paschal,PascJo00,LB,Ben Niemann,NiemBe00,LB,Jack Campbell,CampJa04,CB,Terrion Arnold,ArnoTe00,CB,Amik Robertson,RobeAm00,DB,Brian Branch,BranBr00,S,Ifeatu Melifonwu,MeliIf00,S,Kerby Joseph,JoseKe03,Referee,Clete Blakeman,Umpire,Scott Campbell,Down Judge,Dana McKenzie,Line Judge,Julian Mapp,Back Judge,Jonah Monroe,Side Judge,James Coleman,Field Judge,Karina Tovar
202412220cin,2024-12-22,Sunday,1:00pm,Cincinnati Bengals,Cleveland Browns,cin,cle,24,6,Zac Taylor,Kevin Stefanski,Paycor Stadium,65734,2:50,outdoors,fieldturf,"33 degrees, relative humidity 56%, wind 6 mph",QB,Joe Burrow,BurrJo01,RB,Chase Brown,BrowCh10,WR,Andrei Iosivas,IosiAn00,TE,Drew Sample,SampDr00,TE,Cam Grandy,GranCa00,OT,Amarius Mims,MimsAm00,G,Cordell Volson,VolsCo02,G,Cody Ford,FordCo00,G,Alex Cappa,CappAl00,C,Ted Karras,KarrTe00,C,Matt Lee,LeexMa02,DE,Trey Hendrickson,HendTr00,DE,Joseph Ossai,OssaJo00,DT,B.J. Hill,,DT,Kris Jenkins,JenkKr01,LB,Akeem Davis-Gaither,DaviAk01,LB,Germaine Pratt,PratGe00,CB,Mike Hilton,HiltMi01,CB,Josh Newton,NewtJo00,CB,Cam Taylor-Britt,TaylCa01,S,Geno Stone,StonGe00,S,Jordan Battle,BattJo00,QB,Dorian Thompson-Robinson,ThomDo02,RB,Jerome Ford,FordJe00,WR,Michael Woods II,WoodMi00,WR,Elijah Moore,MoorEl00,WR,Jerry Jeudy,JeudJe00,TE,David Njoku,NjokDa00,T,Jack Conklin,ConkJa00,OG,Germain Ifedi,IfedGe00,G,Wyatt Teller,TellWy00,G,Joel Bitonio,BitoJo00,C,Ethan Pocic,PociEt00,DE,Isaiah McGuire,McGuIs00,DE,Myles Garrett,GarrMy00,DT,Michael Hall,HallMi00,DT,Dalvin Tomlinson,TomlDa00,LB,Jordan Hicks,HickJo00,LB,Winston Reid,ReidWi01,LB,Mohamoud Diabate,DiabMo00,LB,Devin Bush Jr.,BushDe01,CB,Denzel Ward,WardDe02,S,Grant Delpit,DelpGr00,S,Juan Thornhill,ThorJu00,Referee,Brad Rogers,Umpire,Bryan Neale,Down Judge,Kent Payne,Line Judge,Kevin Codey,Back Judge,Greg Yette,Side Judge,Anthony Jeffries,Field Judge,Joe Blubaugh
202412220clt,2024-12-22,Sunday,1:00pm,Indianapolis Colts,Tennessee Titans,clt,oti,38,30,Shane Steichen,Brian Callahan,Lucas Oil Stadium,65322,3:00,retractable roof (closed),fieldturf,,QB,Anthony Richardson,RichAn03,RB,Jonathan Taylor,TaylJo02,WR,Michael Pittman Jr.,PittMi01,TE,Kylen Granson,GranKy00,TE,Mo Alie-Cox,AlieMo00,TE,Andrew Ogletree,OgleAn00,T,Bernhard Raimann,RaimBe00,T,Matt Goncalves,GoncMa00,G,Mark Glowinski,GlowMa00,G,Quenton Nelson,NelsQu00,C,Ryan Kelly,KellRy00,DE,Dayo Odeyingbo,OdeyDa00,DE,Kwity Paye,PayeKw00,DT,DeForest Buckner,BuckDe00,DT,Grover Stewart,StewGr00,LB,Jaylon Carlies,CarlJa01,LB,Zaire Franklin,FranZa00,LB,Grant Stuard,StuaGr00,CB,Kenny Moore,MoorKe03,CB,Jaylon Jones,JoneJa13,S,Nick Cross,CrosNi00,S,Julian Blackmon,BlacJu01,QB,Mason Rudolph,RudoMa00,RB,Tony Pollard,PollTo00,WR,Calvin Ridley,RidlCa00,TE,Nick Vannett,VannNi00,TE,Chigoziem Okonkwo,OkonCh00,OL,Peter Skoronski,SkorPe00,OL,Daniel Brunskill,BrunDa00,OL,John Ojukwu,OjukJo00,OL,Nicholas Petit-Frere,PetiNi00,OL,Dillon Radunz,RaduDi00,OT,JC Latham,LathJC00,DL,Sebastian Joseph-Day,JoseSe00,DT,Jeffery Simmons,SimmJe01,NT,T'Vondre Sweat,SweaTV01,OLB,Harold Landry,LandHa00,OLB,Arden Key,KeyxAr00,LB,Otis Reese,ReesOt00,LB,Kenneth Murray,MurrKe00,CB,Chidobe Awuzie,AwuzCh00,CB,Daryl Worley,WorlDa00,CB,Jarvis Brownlee,BrowJa09,S,Amani Hooker,HookAm00,Referee,John Hussey,Umpire,Tony Michalek,Down Judge,Max Causey,Line Judge,Carl Johnson,Back Judge,Matt Edwards,Side Judge,Allen Baynes,Field Judge,Anthony Flemming
202412220dal,2024-12-22,Sunday,8:20pm,Dallas Cowboys,Tampa Bay Buccaneers,dal,tam,26,24,Mike McCarthy,Todd Bowles,AT&T Stadium,93103,3:16,retractable roof (closed),matrixturf,,QB,Cooper Rush,RushCo00,RB,Rico Dowdle,DowdRi01,WR,Brandin Cooks,CookBr00,WR,KaVontae Turpin,TurpKa00,WR,CeeDee Lamb,LambCe00,TE,Jake Ferguson,FergJa00,OL,Tyler Smith,SmitTy02,T,Terence Steele,SteeTe01,OG,Cooper Beebe,BeebCo00,G,Chuma Edoga,EdogCh00,C,Brock Hoffman,HoffBr00,DE,Chauncey Golston,GolsCh00,DT,Osa Odighizuwa,OdigOs00,DT,Mazi Smith,SmitMa06,LB,Nick Vigil,VigiNi00,LB,Marist Liufau,LiufMa00,LB,Micah Parsons,ParsMi00,CB,DaRon Bland,BlanDa00,CB,Amani Oruwariye,OruwAm00,CB,Jourdan Lewis,LewiJo01,S,Malik Hooker,HookMa00,S,Donovan Wilson,WilsDo01,QB,Baker Mayfield,MayfBa00,RB,Rachaad White,WhitRa01,WR,Jalen McMillan,McMiJa01,WR,Mike Evans,EvanMi00,TE,Payne Durham,DurhPa00,TE,Ko Kieft,KiefKo00,T,Tristan Wirfs,WirfTr00,T,Luke Goedeke,GoedLu00,G,Cody Mauch,MaucCo00,G,Ben Bredeson,BredBe00,C,Graham Barton,BartGr00,DL,Calijah Kancey,KancCa00,NT,Vita Vea,VeaxVi00,OLB,YaYa Diaby,DiabYa00,OLB,Anthony Nelson,NelsAn01,LB,J.J. Russell,RussJJ00,LB,Lavonte David,DaviLa00,CB,Zyon McCollum,McCoZy02,CB,Jamel Dean,DeanJa00,S,Christian Izien,IzieCh00,S,Kaevon Merriweather,MerrKa00,S,Tykee Smith,SmitTy05,Referee,Land Clark,Umpire,Paul King,Down Judge,Tom Stephan,Line Judge,Jeff Hutcheon,Back Judge,Brad Freeman,Side Judge,Dominique Pender,Field Judge,Jabir Walker
202412220mia,2024-12-22,Sunday,4:25pm,Miami Dolphins,San Francisco 49ers,mia,sfo,29,17,Mike McDaniel,Kyle Shanahan,Hard Rock Stadium,66341,3:07,outdoors,grass,"73 degrees, relative humidity 61%, wind 12 mph",QB,Tua Tagovailoa,TagoTu00,RB,De'Von Achane,AchaDe00,FB,Alec Ingold,IngoAl01,WR,Malik Washington,WashMa00,WR,Tyreek Hill,HillTy00,TE,Jonnu Smith,SmitJo01,OL,Robert Jones,JoneRo02,OL,Isaiah Wynn,WynnIs00,OL,Aaron Brewer,BrewAa01,T,Kendall Lamm,LammKe00,T,Terron Armstead,ArmsTe00,DT,Benito Jones,JoneBe03,DT,Calais Campbell,CampCa99,DT,Zach Sieler,SielZa00,LB,Emmanuel Ogbah,OgbaEm00,LB,Jordyn Brooks,BrooJo01,LB,Anthony Walker,WalkAn01,LB,Quinton Bell,BellQu00,CB,Kendall Fuller,FullKe00,CB,Jalen Ramsey,RamsJa00,S,Jevon Holland,HollJe02,S,Jordan Poyer,PoyeJo00,QB,Brock Purdy,PurdBr00,RB,Patrick Taylor,TaylPa01,FB,Kyle Juszczyk,JuszKy00,WR,Jauan Jennings,JennJa00,WR,Deebo Samuel,SamuDe00,TE,George Kittle,KittGe00,OL,Aaron Banks,BankAa00,OL,Colton McKivitz,McKiCo00,OL,Jaylon Moore,MoorJa04,OL,Jake Brendel,BrenJa01,OL,Dominick Puni,PuniDo00,DL,Leonard Floyd,FloyLe00,DL,Jordan Elliott,ElliJo02,DL,Maliek Collins,CollMa00,DL,Nick Bosa,BosaNi00,LB,Fred Warner,WarnFr00,LB,Dee Winters,WintDe00,LB,Dre Greenlaw,GreeDr00,CB,Charvarius Ward,WardCh01,DB,Deommodore Lenoir,LenoDe00,S,Malik Mustapha,MustMa00,S,Talanoa Hufanga,HufaTa00,Referee,Scott Novak,Umpire,Mark Pellis,Down Judge,Brian Sakowski,Line Judge,Mark Stewart,Back Judge,Terrence Miles,Side Judge,David Meslow,Field Judge,Terry Brown
202412220nyj,2024-12-22,Sunday,1:00pm,New York Jets,Los Angeles Rams,nyj,ram,9,19,Jeff Ulbrich,Sean McVay,MetLife Stadium,76871,2:48,outdoors,fieldturf,"23 degrees, relative humidity 47%, wind 8 mph",QB,Aaron Rodgers,RodgAa00,RB,Breece Hall,HallBr03,WR,Garrett Wilson,WilsGa00,WR,Davante Adams,AdamDa01,TE,Kenny Yeboah,YeboKe00,TE,Jeremy Ruckert,RuckJe00,OL,Morgan Moses,MoseMo00,OL,John Simpson,SimpJo00,OL,Olumuyiwa Fashanu,FashOl00,G,Alijah Vera-Tucker,VeraAl00,C,Joe Tippmann,TippJo00,DL,Micheal Clemons,ClemMi03,DL,Solomon Thomas,ThomSo00,DE,Will McDonald,McDoWi00,DT,Javon Kinlaw,KinlJa00,LB,Quincy Williams,WillQu01,LB,Jamien Sherwood,SherJa00,CB,D.J. Reed,,CB,Isaiah Oliver,OlivIs00,CB,Sauce Gardner,GardSa00,S,Chuck Clark,ClarCh00,S,Tony Adams,AdamTo03,QB,Matthew Stafford,StafMa00,RB,Kyren Williams,WillKy02,WR,Cooper Kupp,KuppCo00,WR,Puka Nacua,NacuPu00,WR,Demarcus Robinson,RobiDe01,TE,Tyler Higbee,HigbTy00,OL,Steve Avila,AvilSt00,OL,Kevin Dotson,DotsKe00,OL,Rob Havenstein,HaveRo00,OL,Alaric Jackson,JackAl01,OL,Beaux Limmer,LimmBe00,DE,Braden Fiske,FiskBr00,DE,Kobie Turner,TurnKo00,NT,Bobby Brown,BrowBo04,OLB,Jared Verse,VersJa00,OLB,Byron Young,YounBy01,LB,Omar Speights,SpeiOm00,LB,Christian Rozeboom,RozeCh00,CB,Ahkello Witherspoon,WithAh00,DB,Quentin Lake,LakeQu00,DB,Darious Williams,WillDa09,DB,Kamren Curl,CurlKa00,Referee,Ron Torbert,Umpire,Barry Anderson,Down Judge,Frank LeBlanc,Line Judge,Brian Bolinger,Back Judge,Tony Josselyn,Side Judge,Keith Washington,Field Judge,Ryan Dickson
202412220rai,2024-12-22,Sunday,4:25pm,Las Vegas Raiders,Jacksonville Jaguars,rai,jax,19,14,Antonio Pierce,Doug Pederson,Allegiant Stadium,61323,3:05,dome,grass,,QB,Aidan O'Connell,OConAi00,RB,Alexander Mattison,MattAl01,WR,Jakobi Meyers,MeyeJa01,WR,Tre Tucker,TuckTr00,TE,Michael Mayer,MayeMi00,TE,Brock Bowers,BoweBr01,OT,Delmar Glaze,GlazDe00,T,Kolton Miller,MillKo00,OG,Jackson Powers-Johnson,PoweJa00,G,Dylan Parham,ParhDy00,C,Andre James,JameAn01,DE,Charles Snowden,SnowCh00,DE,K'Lavon Chaisson,ChaiKL00,DT,Adam Butler,ButlAd00,DT,Jonah Laulu,LaulJo00,DT,John Jenkins,JenkJo00,LB,Divine Deablo,DeabDi00,LB,Robert Spillane,SpilRo00,CB,Decamerion Richardson,RichDe01,CB,Jack Jones,JoneJa10,S,Tre'von Moehrig,MoehTr00,S,Isaiah Pola-Mao,PolaIs00,QB,Mac Jones,JoneMa05,RB,Travis Etienne,EtieTr00,WR,Parker Washington,WashPa01,WR,Brian Thomas,ThomBr06,TE,Luke Farrell,FarrLu00,TE,Brenton Strange,StraBr00,OL,Ezra Cleveland,ClevEz00,OL,Anton Harrison,HarrAn00,OL,Walker Little,LittWa00,OL,Mitch Morse,MorsMi00,OL,Brandon Scherff,ScheBr00,DE,Travon Walker,WalkTr03,DE,Josh Hines-Allen,AlleJo03,DT,DaVon Hamilton,HamiDa02,DT,Maason Smith,SmitMa07,LB,Devin Lloyd,LloyDe00,LB,Foyesade Oluokun,OluoFo00,LB,Ventrell Miller,MillVe00,CB,Tyson Campbell,CampTy01,CB,Montaric Brown,BrowMo00,S,Darnell Savage Jr.,SavaDa00,S,Andre Cisco,CiscAn00,Referee,Shawn Hochuli,Umpire,Terry Killens,Down Judge,Patrick Holt,Line Judge,Tim Podraza,Back Judge,Jimmy Russell,Side Judge,Jim Quirk,Field Judge,Jason Ledet
202412220sea,2024-12-22,Sunday,4:05pm,Seattle Seahawks,Minnesota Vikings,sea,min,24,27,Mike Macdonald,Kevin O'Connell,Lumen Field,68748,3:06,outdoors,fieldturf,"48 degrees, relative humidity 84%, wind 5 mph",QB,Geno Smith,SmitGe00,RB,Kenneth Walker III,WalkKe00,WR,Jaxon Smith-Njigba,SmitJa06,WR,D.K. Metcalf,MetcDK00,TE,Pharaoh Brown,BrowPh01,TE,AJ Barner,BarnAJ00,T,Abraham Lucas,LucaAb00,T,Charles Cross,CrosCh00,OG,Sataoa Laumea,LaumSa00,G,Laken Tomlinson,TomlLa01,C,Olusegun Oluwatimi,OluwOl00,DE,Leonard Williams,WillLe02,DT,Byron Murphy,MurpBy01,OLB,Derick Hall,HallDe04,LB,Ernest Jones,JoneEr01,LB,Tyrice Knight,KnigTy00,LB,Boye Mafe,MafeBo00,CB,Josh Jobe,JobeJo00,CB,Coby Bryant,BryaCo01,CB,Devon Witherspoon,WithDe00,SS,Rayshawn Jenkins,JenkRa00,FS,Julian Love,LoveJu00,QB,Sam Darnold,DarnSa00,RB,Aaron Jones,JoneAa00,WR,Jordan Addison,AddiJo00,WR,Jalen Nailor,NailJa00,WR,Justin Jefferson,JeffJu00,TE,T.J. Hockenson,HockTJ00,OT,Cam Robinson,RobiCa00,T,Brian O'Neill,ONeiBr00,G,Blake Brandel,BranBl00,G,Dalton Risner,RisnDa00,C,Garrett Bradbury,BradGa00,DL,Harrison Phillips,PhilHa00,DL,Jonathan Bullard,BullJo00,DL,Jerry Tillery,TillJe00,OLB,Jonathan Greenard,GreeJo04,OLB,Andrew Van Ginkel,VanGAn00,OLB,Jihad Ward,WardJi02,LB,Blake Cashman,CashBl00,CB,Byron Murphy,MurpBy00,CB,Stephon Gilmore,GilmSt00,S,Josh Metellus,MeteJo00,S,Camryn Bynum,BynuCa00,Referee,Craig Wrolstad,Umpire,Steve Woods,Down Judge,Danny Short,Line Judge,Brett Bergman,Back Judge,Rich Martinez,Side Judge,Frank Steratore,Field Judge,Jeff Shears
202412220was,2024-12-22,Sunday,1:00pm,Washington Commanders,Philadelphia Eagles,was,phi,36,33,Dan Quinn,Nick Sirianni,Northwest Stadium,64128,3:20,outdoors,grass,"32 degrees, relative humidity 36%, wind 8 mph",QB,Jayden Daniels,DaniJa02,RB,Brian Robinson Jr.,RobiBr01,WR,Dyami Brown,BrowDy00,WR,Olamide Zaccheaus,ZaccOl01,WR,Terry McLaurin,McLaTe00,TE,Zach Ertz,ErtzZa00,OL,Andrew Wylie,WyliAn00,OT,Brandon Coleman,ColeBr02,G,Nick Allegretti,AlleNi00,G,Samuel Cosmi,CosmSa00,C,Tyler Biadasz,BiadTy00,DE,Dorance Armstrong Jr.,ArmsDo00,DT,Jer'Zhan Newton,NewtJe00,DT,Daron Payne,PaynDa00,MLB,Bobby Wagner,WagnBo00,LB,Jordan Magee,MageJo00,LB,Frankie Luvu,LuvuFr00,LB,Dante Fowler,FowlDa00,CB,Marshon Lattimore,LattMa01,CB,Mike Sainristil,SainMi00,DB,Quan Martin,MartJa04,S,Jeremy Chinn,ChinJe00,QB,Jalen Hurts,HurtJa00,RB,Saquon Barkley,BarkSa00,WR,A.J. Brown,BrowAJ00,WR,DeVonta Smith,SmitDe07,TE,C.J. Uzomah,,TE,Grant Calcaterra,CalcGr00,OL,Cam Jurgens,JurgCa01,T,Mekhi Becton,BectMe00,T,Lane Johnson,JohnLa01,T,Jordan Mailata,MailJo00,G,Landon Dickerson,DickLa00,DT,Jalen Carter,CartJa05,DT,Jordan Davis,DaviJo03,OLB,Josh Sweat,SweaJo00,OLB,Nolan Smith,SmitNo02,LB,Zack Baun,BaunZa00,LB,Nakobe Dean,DeanNa00,CB,Quinyon Mitchell,MitcQu00,CB,Darius Slay,SlayDa00,DB,Cooper DeJean,DeJeCo00,S,C.J. Gardner-Johnson,GardCh00,S,Reed Blankenship,BlanRe00,Referee,Shawn Smith,Umpire,Alex Moore,Down Judge,Jay Bilbo,Line Judge,Jeff Seeman,Back Judge,Dino Paganelli,Side Judge,Boris Cheek,Field Judge,Dyrol Prioleau
202412230gnb,2024-12-23,Monday,8:15pm,Green Bay Packers,New Orleans Saints,gnb,nor,34,0,Matt LaFleur,Darren Rizzi,Lambeau Field,77885,2:52,outdoors,grass,"34 degrees, relative humidity 85%, wind 12 mph",QB,Jordan Love,LoveJo03,RB,Josh Jacobs,JacoJo01,WR,Christian Watson,WatsCh00,WR,Romeo Doubs,DoubRo00,WR,Jayden Reed,ReedJa03,TE,Tucker Kraft,KrafTu00,OL,Elgton Jenkins,JenkEl00,OL,Zach Tom,TomxZa00,OL,Josh Myers,MyerJo00,T,Rasheed Walker,WalkRa00,G,Sean Rhyan,RhyaSe00,DL,Kenny Clark,ClarKe01,DL,Kingsley Enagbare,EnagKi00,DL,Rashan Gary,GaryRa00,DL,Tedarrell Slaton,SlatTe00,LB,Eric Wilson,WilsEr00,LB,Isaiah McDuffie,McDuIs00,LB,Edgerrin Cooper,CoopEd00,CB,Keisean Nixon,NixoKe00,CB,Carrington Valentine,ValeCa00,S,Xavier McKinney,McKiXa00,S,Zayne Anderson,AndeZa02,QB,Spencer Rattler,RattSp00,RB,Kendre Miller,MillKe01,WR,Cedrick Wilson Jr.,WilsCe01,TE,Dallin Holker,HolkDa00,TE,Juwan Johnson,JohnJu02,TE,Foster Moreau,MoreFo00,OL,Cesar Ruiz,RuizCe00,OL,Lucas Patrick,PatrLu00,OT,Taliese Fuaga,FuagTa00,OT,Trevor Penning,PennTr00,C,Erik McCoy,McCoEr01,DE,Carl Granderson,GranCa01,DE,Cameron Jordan,JordCa00,DT,Bryan Bresee,BresBr00,DT,Khalen Saunders,SaunKh00,LB,Demario Davis,DaviDe00,LB,Pete Werner,WernPe00,CB,Kool-Aid McKinstry,McKiKo00,CB,Will Harris,HarrWi02,CB,Alontae Taylor,TaylAl01,S,Tyrann Mathieu,MathTy00,S,Ugo Amadi,AmadUg00,Referee,Alex Kemp,Umpire,Mike Morton,Down Judge,Robert Richeson,Line Judge,Rusty Baynes,Back Judge,Scott Helverson,Side Judge,Lo van Pham,Field Judge,Sean Petty
202412250htx,2024-12-25,Wednesday,4:30pm,Houston Texans,Baltimore Ravens,htx,rav,2,31,DeMeco Ryans,John Harbaugh,NRG Stadium,71544,2:58,retractable roof (closed),astroturf,,QB,C.J. Stroud,StroCJ00,RB,Joe Mixon,MixoJo00,WR,Robert Woods,WoodRo02,WR,Nico Collins,CollNi00,TE,Cade Stover,StovCa00,TE,Dalton Schultz,SchuDa00,OL,Kendrick Green,GreeKe02,OL,Jarrett Patterson,PattJa03,T,Blake Fisher,FishBl00,T,Laremy Tunsil,TunsLa00,T,Tytus Howard,HowaTy00,DE,Will Anderson,AndeWi01,DE,Danielle Hunter,HuntDa01,DT,Tim Settle,SettTi00,DT,Mario Edwards,EdwaMa01,LB,Neville Hewitt,HewiNe00,LB,Henry To'oTo'o,TooTHe00,LB,Christian Harris,HarrCh06,CB,Kamari Lassiter,LassKa00,CB,Derek Stingley Jr.,StinDe00,S,Eric Murray,MurrEr00,S,Calen Bullock,BullCa00,QB,Lamar Jackson,JackLa00,RB,Derrick Henry,HenrDe00,FB,Patrick Ricard,RicaPa00,WR,Rashod Bateman,BateRa00,WR,Zay Flowers,FlowZa00,TE,Mark Andrews,AndrMa00,OL,Patrick Mekari,MekaPa00,OT,Roger Rosengarten,RoseRo01,T,Daniel Faalele,FaalDa00,T,Ronnie Stanley,StanRo00,C,Tyler Linderbaum,LindTy00,DT,Nnamdi Madubuike,MaduJu00,DT,Travis Jones,JoneTr00,OLB,Tavius Robinson,RobiTa00,OLB,Kyle Van Noy,VanNKy00,LB,Malik Harrison,HarrMa06,LB,Roquan Smith,SmitRo07,CB,Marlon Humphrey,HumpMa00,CB,Nate Wiggins,WiggNa00,DB,Brandon Stephens,StepBr01,S,Kyle Hamilton,HamiKy00,S,Ar'Darius Washington,WashAr00,Referee,Alan Eck,Umpire,Tab Slaughter,Down Judge,Derick Bowers,Line Judge,Derek Anderson,Back Judge,Greg Meyer,Side Judge,Dale Shaw,Field Judge,John Jenkins
202412250pit,2024-12-25,Wednesday,1:00pm,Pittsburgh Steelers,Kansas City Chiefs,pit,kan,10,29,Mike Tomlin,Andy Reid,Acrisure Stadium,67311,2:52,outdoors,grass,"39 degrees, relative humidity 82%, wind 2 mph",QB,Russell Wilson,WilsRu00,RB,Najee Harris,HarrNa00,WR,Mike Williams,WillMi07,WR,George Pickens,PickGe00,WR,Calvin Austin III,AustCa00,TE,Pat Freiermuth,FreiPa00,OT,Dan Moore,MoorDa05,OT,Broderick Jones,JoneBr09,G,Mason McCormick,McCoMa00,G,Isaac Seumalo,SeumIs00,C,Zach Frazier,FrazZa00,DL,Keeanu Benton,BentKe00,DT,Cameron Heyward,HeywCa01,LB,Alex Highsmith,HighAl02,LB,Patrick Queen,QueePa00,LB,Elandon Roberts,RobeEl00,LB,T.J. Watt,,CB,Donte Jackson,JackDo02,CB,James Pierre,PierJa01,CB,Cameron Sutton,SuttCa00,S,Minkah Fitzpatrick,FitzMi00,S,DeShon Elliott,ElliDe02,QB,Patrick Mahomes,MahoPa00,RB,Isiah Pacheco,PachIs00,WR,Marquise Brown,BrowMa04,WR,Xavier Worthy,WortXa00,WR,JuJu Smith-Schuster,SmitJu00,TE,Travis Kelce,KelcTr00,OL,Mike Caliendo,CaliMi00,T,Jawaan Taylor,TaylJa02,G,Joe Thuney,ThunJo00,G,Trey Smith,SmitTr05,C,Creed Humphrey,HumpCr00,DE,Michael Danna,DannMi00,DT,Tershawn Wharton,WharTe00,DT,Mike Pennel,PennMi00,LB,Nick Bolton,BoltNi00,LB,Drue Tranquill,TranDr00,LB,Leo Chenal,ChenLe00,CB,Christian Roland-Wallace,RolaCh00,CB,Trent McDuffie,McDuTr00,CB,Joshua Williams,WillJo03,S,Justin Reid,ReidJu00,S,Bryan Cook,CookBr02,Referee,Craig Wrolstad,Umpire,Steve Woods,Down Judge,Danny Short,Line Judge,Brett Bergman,Back Judge,Rich Martinez,Side Judge,Frank Steratore,Field Judge,Jeff Shears
202412260chi,2024-12-26,Thursday,8:15pm,Chicago Bears,Seattle Seahawks,chi,sea,3,6,Thomas Brown,Mike Macdonald,Soldier Field,56346,2:41,outdoors,grass,"47 degrees, relative humidity 88%, wind 5 mph",QB,Caleb Williams,WillCa03,RB,D'Andre Swift,SwifDA00,WR,Keenan Allen,AlleKe00,WR,Rome Odunze,OdunRo00,WR,D.J. Moore,,TE,Cole Kmet,KmetCo00,OL,Darnell Wright,WrigDa00,OL,Coleman Shelton,ShelCo00,OL,Matt Pryor,PryoMa00,OL,Jake Curhan,CurhJa00,OL,Larry Borom,BoroLa00,DL,Gervon Dexter,DextGe00,DL,Montez Sweat,SweaMo00,DL,DeMarcus Walker,WalkDe03,DT,Chris Williams,WillCh08,LB,T.J. Edwards,EdwaTJ02,LB,Tremaine Edmunds,EdmuTr01,DB,Jaylon Johnson,JohnJa13,DB,Kyler Gordon,GordKy00,DB,Tyrique Stevenson,StevTy01,DB,Kevin Byard,ByarKe01,S,Jonathan Owens,OwenJo01,QB,Geno Smith,SmitGe00,RB,Zach Charbonnet,CharZa00,WR,Jaxon Smith-Njigba,SmitJa06,WR,Tyler Lockett,LockTy00,WR,Jake Bobo,BoboJa00,TE,Pharaoh Brown,BrowPh01,T,Charles Cross,CrosCh00,T,Abraham Lucas,LucaAb00,OG,Sataoa Laumea,LaumSa00,G,Laken Tomlinson,TomlLa01,C,Olusegun Oluwatimi,OluwOl00,DE,Leonard Williams,WillLe02,DT,Byron Murphy,MurpBy01,NT,Jarran Reed,ReedJa02,LB,Boye Mafe,MafeBo00,LB,Uchenna Nwosu,NwosUc00,LB,Ernest Jones,JoneEr01,CB,Josh Jobe,JobeJo00,CB,Coby Bryant,BryaCo01,CB,Devon Witherspoon,WithDe00,CB,Riq Woolen,WoolTa00,FS,Julian Love,LoveJu00,Referee,Scott Novak,Umpire,Mark Pellis,Down Judge,Brian Sakowski,Line Judge,Mark Stewart,Back Judge,Terrence Miles,Side Judge,David Meslow,Field Judge,Terry Brown
202412280cin,2024-12-28,Saturday,4:30pm,Cincinnati Bengals,Denver Broncos,cin,den,30,24,Zac Taylor,Sean Payton,Paycor Stadium,66546,3:24,outdoors,fieldturf,"60 degrees, relative humidity 82%, wind 8 mph",QB,Joe Burrow,BurrJo01,RB,Chase Brown,BrowCh10,WR,Ja'Marr Chase,ChasJa00,WR,Tee Higgins,HiggTe00,TE,Drew Sample,SampDr00,TE,Cam Grandy,GranCa00,OT,Orlando Brown Jr.,BrowOr00,OT,Amarius Mims,MimsAm00,G,Alex Cappa,CappAl00,G,Cody Ford,FordCo00,C,Ted Karras,KarrTe00,DE,Trey Hendrickson,HendTr00,DE,Joseph Ossai,OssaJo00,DT,B.J. Hill,,DT,Kris Jenkins,JenkKr01,LB,Germaine Pratt,PratGe00,LB,Akeem Davis-Gaither,DaviAk01,CB,Mike Hilton,HiltMi01,CB,Josh Newton,NewtJo00,CB,Cam Taylor-Britt,TaylCa01,S,Jordan Battle,BattJo00,S,Geno Stone,StonGe00,QB,Bo Nix,NixxBo00,RB,Jaleel McLaughlin,McLaJa00,WR,Courtland Sutton,SuttCo00,WR,Lil'Jordan Humphrey,HumpLi01,WR,Marvin Mims,MimsMa00,TE,Adam Trautman,TrauAd00,OL,Quinn Meinerz,MeinQu02,T,Garett Bolles,BollGa00,T,Mike McGlinchey,McGlMi00,G,Ben Powers,PoweBe00,C,Luke Wattenberg,WattLu00,DL,John Franklin-Myers,FranJo02,DL,Zach Allen,AlleZa01,DT,D.J. Jones,,OLB,Jonathon Cooper,CoopJo02,OLB,Nik Bonitto,BoniNi00,LB,Justin Strnad,StrnJu00,LB,Cody Barton,BartCo00,CB,Riley Moss,MossRi00,CB,Patrick Surtain II,SurtPa01,S,P.J. Locke,LockPJ00,S,Brandon Jones,JoneBr06,Referee,Adrian Hill,Umpire,Roy Ellison,Down Judge,David Oliver,Line Judge,Greg Bradley,Back Judge,Greg Steed,Side Judge,Clay Reynard,Field Judge,Tra Boger
202412280nwe,2024-12-28,Saturday,1:00pm,New England Patriots,Los Angeles Chargers,nwe,sdg,7,40,Jerod Mayo,Jim Harbaugh,Gillette Stadium,64628,2:57,outdoors,fieldturf,"40 degrees, relative humidity 95%, wind 4 mph",QB,Drake Maye,MayeDr00,RB,Rhamondre Stevenson,StevRh00,WR,Kendrick Bourne,BourKe00,WR,Kayshon Boutte,BoutKa00,WR,Demario Douglas,DougDe00,TE,Hunter Henry,HenrHu00,OL,Michael Onwenu,OnweMi00,OT,Demontrey Jacobs,JacoDe00,T,Vederian Lowe,LoweVe00,G,Layden Robinson,RobiLa02,G,Cole Strange,StraCo01,DE,Deatrich Wise Jr.,WiseDe00,DT,Davon Godchaux,GodcDa00,DT,Daniel Ekuale,EkuaDa00,DT,Jeremiah Pharms,PharJe00,LB,Anfernee Jennings,JennAn00,LB,Sione Takitaki,TakiSi00,LB,Jahlani Tavai,TavaJa00,CB,Christian Gonzalez,GonzCh00,CB,Alex Austin,AustAl00,S,Marte Mapu,MapuMa00,S,Kyle Dugger,DuggKy00,QB,Justin Herbert,HerbJu00,RB,J.K. Dobbins,DobbJK00,WR,Ladd McConkey,McCoLa00,WR,Quentin Johnston,JohnQu02,TE,Tucker Fisk,FiskTu00,OL,Jamaree Salyer,SalyJa00,OT,Joe Alt,AltxJo01,T,Rashawn Slater,SlatRa00,G,Zion Johnson,JohnZi00,C,Bradley Bozeman,BozeBr00,DL,Scott Matlock,MatlSc00,DT,Otito Ogbonnia,OgboOt00,DT,Poona Ford,FordPo00,OLB,Khalil Mack,MackKh00,OLB,Joey Bosa,BosaJo00,LB,Daiyan Henley,HenlDa00,LB,Troy Dye,DyexTr00,CB,Tarheeb Still,StilTa00,CB,Elijah Molden,MoldEl00,CB,Kristian Fulton,FultKr00,S,Tony Jefferson,JeffTo00,S,Derwin James,JameDe00,Referee,John Hussey,Umpire,Tony Michalek,Down Judge,Max Causey,Line Judge,Carl Johnson,Back Judge,Matt Edwards,Side Judge,Allen Baynes,Field Judge,Anthony Flemming
202412280ram,2024-12-28,Saturday,8:10pm,Los Angeles Rams,Arizona Cardinals,ram,crd,13,9,Sean McVay,Jonathan Gannon,SoFi Stadium,73051,3:02,dome,matrixturf,,QB,Matthew Stafford,StafMa00,RB,Kyren Williams,WillKy02,WR,Cooper Kupp,KuppCo00,WR,Puka Nacua,NacuPu00,WR,Demarcus Robinson,RobiDe01,TE,Tyler Higbee,HigbTy00,OL,Steve Avila,AvilSt00,OL,Kevin Dotson,DotsKe00,OL,Alaric Jackson,JackAl01,OL,Beaux Limmer,LimmBe00,OL,Joseph Noteboom,NoteJo00,DE,Braden Fiske,FiskBr00,DE,Kobie Turner,TurnKo00,NT,Bobby Brown,BrowBo04,OLB,Jared Verse,VersJa00,OLB,Byron Young,YounBy01,LB,Omar Speights,SpeiOm00,LB,Christian Rozeboom,RozeCh00,CB,Ahkello Witherspoon,WithAh00,DB,Quentin Lake,LakeQu00,DB,Darious Williams,WillDa09,DB,Kamren Curl,CurlKa00,QB,Kyler Murray,MurrKy00,RB,James Conner,ConnJa00,WR,Greg Dortch,DortGr01,TE,Tip Reiman,ReimTi00,TE,Trey McBride,McBrTr01,TE,Elijah Higgins,HiggEl00,OL,Evan Brown,BrowEv00,OL,Hjalte Froholdt,FrohHj00,OL,Kelvin Beachum,BeacKe00,OL,Jackson Barton,BartJa00,OL,Isaiah Adams,AdamIs01,DL,L.J. Collier,CollLJ00,DL,Roy Lopez,LopeRo00,DL,Dante Stills,StilDa01,OLB,Zaven Collins,CollZa00,LB,Kyzir White,WhitKy00,LB,Mack Wilson,WilsMa03,CB,Max Melton,MeltMa00,CB,Sean Murphy-Bunting,BuntSe00,CB,Garrett Williams,WillGa00,S,Jalen Thompson,ThomJa04,S,Budda Baker,BakeBu00,Referee,Brad Rogers,Umpire,Bryan Neale,Down Judge,Kent Payne,Line Judge,Kevin Codey,Back Judge,Greg Yette,Side Judge,Anthony Jeffries,Field Judge,Joe Blubaugh
202412290buf,2024-12-29,Sunday,1:00pm,Buffalo Bills,New York Jets,buf,nyj,40,14,Sean McDermott,Jeff Ulbrich,Highmark Stadium,70728,3:11,outdoors,a_turf,"54 degrees, relative humidity 87%, wind 15 mph",QB,Josh Allen,AlleJo02,RB,James Cook,CookJa01,WR,Khalil Shakir,ShakKh00,WR,Keon Coleman,ColeKe02,WR,Mack Hollins,HollMa00,TE,Dawson Knox,KnoxDa00,T,Spencer Brown,BrowSp00,T,Dion Dawkins,DawkDi00,G,O'Cyrus Torrence,TorrOC00,G,Connor McGovern,McGoCo01,G,David Edwards,EdwaDa01,DE,A.J. Epenesa,EpenAJ00,DE,Gregory Rousseau,RousGr00,DT,DaQuan Jones,JoneDa04,DT,Ed Oliver,OlivEd00,LB,Matt Milano,MilaMa00,LB,Terrel Bernard,BernTe00,CB,Taron Johnson,JohnTa01,CB,Rasul Douglas,DougRa00,CB,Christian Benford,BenfCh00,S,Cole Bishop,BishCo00,S,Taylor Rapp,RappTa00,QB,Aaron Rodgers,RodgAa00,RB,Breece Hall,HallBr03,WR,Garrett Wilson,WilsGa00,WR,Davante Adams,AdamDa01,TE,Jeremy Ruckert,RuckJe00,TE,Tyler Conklin,ConkTy00,OL,Max Mitchell,MitcMa02,OL,John Simpson,SimpJo00,OL,Morgan Moses,MoseMo00,G,Alijah Vera-Tucker,VeraAl00,C,Joe Tippmann,TippJo00,DL,Quinnen Williams,WillQu00,DL,Micheal Clemons,ClemMi03,DE,Will McDonald,McDoWi00,DT,Javon Kinlaw,KinlJa00,LB,Jamien Sherwood,SherJa00,LB,Quincy Williams,WillQu01,CB,Isaiah Oliver,OlivIs00,CB,D.J. Reed,,CB,Sauce Gardner,GardSa00,S,Chuck Clark,ClarCh00,S,Tony Adams,AdamTo03,Referee,Clete Blakeman,Umpire,Scott Campbell,Down Judge,Dana McKenzie,Line Judge,Julian Mapp,Back Judge,Jonah Monroe,Side Judge,James Coleman,Field Judge,Karina Tovar
202412290cle,2024-12-29,Sunday,4:05pm,Cleveland Browns,Miami Dolphins,cle,mia,3,20,Kevin Stefanski,Mike McDaniel,Huntington Bank Field,67942,3:07,outdoors,grass,"54 degrees, relative humidity 93%, wind 15 mph",QB,Dorian Thompson-Robinson,ThomDo02,RB,Jerome Ford,FordJe00,WR,Elijah Moore,MoorEl00,WR,Jerry Jeudy,JeudJe00,TE,Jordan Akins,AkinJo00,T,Jack Conklin,ConkJa00,OG,Germain Ifedi,IfedGe00,G,Joel Bitonio,BitoJo00,G,Wyatt Teller,TellWy00,G,Michael Dunn,DunnMi01,C,Ethan Pocic,PociEt00,DE,Myles Garrett,GarrMy00,DE,Isaiah McGuire,McGuIs00,DT,Michael Hall,HallMi00,DT,Dalvin Tomlinson,TomlDa00,LB,Jordan Hicks,HickJo00,LB,Mohamoud Diabate,DiabMo00,CB,Martin Emerson,EmerMa00,CB,Denzel Ward,WardDe02,S,Rodney McLeod,McLeRo00,S,Grant Delpit,DelpGr00,S,Juan Thornhill,ThorJu00,QB,Tyler Huntley,HuntTy01,RB,De'Von Achane,AchaDe00,FB,Alec Ingold,IngoAl01,WR,Malik Washington,WashMa00,WR,Tyreek Hill,HillTy00,TE,Julian Hill,HillJu02,OL,Isaiah Wynn,WynnIs00,OL,Robert Jones,JoneRo02,OL,Aaron Brewer,BrewAa01,T,Kendall Lamm,LammKe00,T,Terron Armstead,ArmsTe00,DT,Calais Campbell,CampCa99,DT,Benito Jones,JoneBe03,DT,Zach Sieler,SielZa00,LB,Tyrel Dodson,DodsTy01,LB,Jordyn Brooks,BrooJo01,LB,Emmanuel Ogbah,OgbaEm00,LB,Quinton Bell,BellQu00,CB,Kader Kohou,KohoKa00,CB,Jalen Ramsey,RamsJa00,S,Jevon Holland,HollJe02,S,Jordan Poyer,PoyeJo00,Referee,Ron Torbert,Umpire,Barry Anderson,Down Judge,Frank LeBlanc,Line Judge,Brian Bolinger,Back Judge,Tony Josselyn,Side Judge,Keith Washington,Field Judge,Ryan Dickson
202412290jax,2024-12-29,Sunday,1:00pm,Jacksonville Jaguars,Tennessee Titans,jax,oti,20,13,Doug Pederson,Brian Callahan,EverBank Stadium,61995,2:46,outdoors,grass,"72 degrees, relative humidity 83%, wind 16 mph",QB,Mac Jones,JoneMa05,RB,Travis Etienne,EtieTr00,WR,Parker Washington,WashPa01,WR,Brian Thomas,ThomBr06,WR,Josh Reynolds,ReynJo00,TE,Brenton Strange,StraBr00,OL,Cole Van Lanen,VanxCo00,OL,Ezra Cleveland,ClevEz00,OL,Anton Harrison,HarrAn00,OL,Brandon Scherff,ScheBr00,OL,Mitch Morse,MorsMi00,DE,Josh Hines-Allen,AlleJo03,DE,Travon Walker,WalkTr03,DT,Maason Smith,SmitMa07,DT,DaVon Hamilton,HamiDa02,LB,Foyesade Oluokun,OluoFo00,LB,Chad Muma,MumaCh00,LB,Devin Lloyd,LloyDe00,CB,Montaric Brown,BrowMo00,CB,Tyson Campbell,CampTy01,S,Andre Cisco,CiscAn00,S,Andrew Wingard,WingAn01,QB,Mason Rudolph,RudoMa00,RB,Tyjae Spears,SpeaTy00,WR,Nick Westbrook-Ikhine,WestNi00,WR,Calvin Ridley,RidlCa00,TE,Chigoziem Okonkwo,OkonCh00,TE,David Martin-Robinson,MartDa01,OL,Daniel Brunskill,BrunDa00,OL,Corey Levin,LeviCo00,OL,Peter Skoronski,SkorPe00,OT,Jaelyn Duncan,DuncJa00,OT,JC Latham,LathJC00,DL,Sebastian Joseph-Day,JoseSe00,DT,Jeffery Simmons,SimmJe01,NT,T'Vondre Sweat,SweaTV01,OLB,Harold Landry,LandHa00,OLB,Arden Key,KeyxAr00,LB,Jerome Baker,BakeJe00,LB,Luke Gifford,GiffLu00,CB,Roger McCreary,McCrRo01,CB,Jarvis Brownlee,BrowJa09,CB,Darrell Baker,BakeDa02,CB,Daryl Worley,WorlDa00,Referee,Shawn Smith,Umpire,Alex Moore,Down Judge,Jay Bilbo,Line Judge,Jeff Seeman,Back Judge,Dino Paganelli,Side Judge,Boris Cheek,Field Judge,Dyrol Prioleau
202412290min,2024-12-29,Sunday,4:25pm,Minnesota Vikings,Green Bay Packers,min,gnb,27,25,Kevin O'Connell,Matt LaFleur,U.S. Bank Stadium,67031,2:59,dome,sportturf,,QB,Sam Darnold,DarnSa00,RB,Aaron Jones,JoneAa00,WR,Jordan Addison,AddiJo00,WR,Justin Jefferson,JeffJu00,TE,Josh Oliver,OlivJo00,TE,T.J. Hockenson,HockTJ00,OT,Cam Robinson,RobiCa00,T,Brian O'Neill,ONeiBr00,G,Blake Brandel,BranBl00,G,Dalton Risner,RisnDa00,C,Garrett Bradbury,BradGa00,DL,Harrison Phillips,PhilHa00,DL,Jonathan Bullard,BullJo00,OLB,Jonathan Greenard,GreeJo04,OLB,Andrew Van Ginkel,VanGAn00,LB,Blake Cashman,CashBl00,LB,Ivan Pace,PaceIv00,CB,Shaquill Griffin,GrifSh00,CB,Byron Murphy,MurpBy00,CB,Stephon Gilmore,GilmSt00,S,Camryn Bynum,BynuCa00,S,Harrison Smith,SmitHa00,QB,Jordan Love,LoveJo03,RB,Josh Jacobs,JacoJo01,WR,Dontayvion Wicks,WickDo00,WR,Romeo Doubs,DoubRo00,WR,Jayden Reed,ReedJa03,TE,Tucker Kraft,KrafTu00,OL,Elgton Jenkins,JenkEl00,OL,Zach Tom,TomxZa00,OL,Josh Myers,MyerJo00,T,Rasheed Walker,WalkRa00,G,Sean Rhyan,RhyaSe00,DL,Kenny Clark,ClarKe01,DL,Kingsley Enagbare,EnagKi00,DL,Rashan Gary,GaryRa00,DL,Tedarrell Slaton,SlatTe00,LB,Eric Wilson,WilsEr00,LB,Isaiah McDuffie,McDuIs00,LB,Edgerrin Cooper,CoopEd00,CB,Keisean Nixon,NixoKe00,CB,Carrington Valentine,ValeCa00,S,Xavier McKinney,McKiXa00,S,Zayne Anderson,AndeZa02,Referee,Carl Cheffers,Umpire,Brandon Cruse,Down Judge,Mike Carr,Line Judge,Robin DeLorenzo,Back Judge,Martin Hankins,Side Judge,Nathan Jones,Field Judge,Eugene Hall
202412290nor,2024-12-29,Sunday,1:00pm,New Orleans Saints,Las Vegas Raiders,nor,rai,10,25,Darren Rizzi,Antonio Pierce,Caesars Superdome,70031,3:12,dome,sportturf,,QB,Spencer Rattler,RattSp00,RB,Kendre Miller,MillKe01,WR,Cedrick Wilson Jr.,WilsCe01,WR,Marquez Valdes-Scantling,ValdMa00,WR,Kevin Austin,AustKe00,TE,Foster Moreau,MoreFo00,OL,Oli Udoh,UdohOl01,OL,Cesar Ruiz,RuizCe00,OT,Taliese Fuaga,FuagTa00,OT,Trevor Penning,PennTr00,G,Shane Lemieux,LemiSh00,DE,Carl Granderson,GranCa01,DE,Cameron Jordan,JordCa00,DT,Bryan Bresee,BresBr00,DT,Khalen Saunders,SaunKh00,LB,Demario Davis,DaviDe00,LB,Pete Werner,WernPe00,CB,Kool-Aid McKinstry,McKiKo00,CB,Alontae Taylor,TaylAl01,CB,Will Harris,HarrWi02,S,Tyrann Mathieu,MathTy00,S,Ugo Amadi,AmadUg00,QB,Aidan O'Connell,OConAi00,RB,Ameer Abdullah,AbduAm00,WR,Tre Tucker,TuckTr00,WR,Jakobi Meyers,MeyeJa01,WR,Terrace Marshall Jr.,MarsTe00,TE,Brock Bowers,BoweBr01,OT,Delmar Glaze,GlazDe00,T,Kolton Miller,MillKo00,OG,Jackson Powers-Johnson,PoweJa00,G,Dylan Parham,ParhDy00,C,Andre James,JameAn01,DE,K'Lavon Chaisson,ChaiKL00,DE,Tyree Wilson,WilsTy01,DT,John Jenkins,JenkJo00,DT,Adam Butler,ButlAd00,LB,Divine Deablo,DeabDi00,LB,Robert Spillane,SpilRo00,CB,Jack Jones,JoneJa10,CB,Decamerion Richardson,RichDe01,S,Thomas Harper,HarpTh00,S,Tre'von Moehrig,MoehTr00,S,Isaiah Pola-Mao,PolaIs00,Referee,Land Clark,Umpire,Paul King,Down Judge,Tom Stephan,Line Judge,Jeff Hutcheon,Back Judge,Brad Freeman,Side Judge,Dominique Pender,Field Judge,Jabir Walker
202412290nyg,2024-12-29,Sunday,1:00pm,New York Giants,Indianapolis Colts,nyg,clt,45,33,Brian Daboll,Shane Steichen,MetLife Stadium,73164,3:07,outdoors,fieldturf,"54 degrees, relative humidity 90%, no wind",QB,Drew Lock,LockDr00,RB,Tyrone Tracy Jr.,TracTy00,WR,Darius Slayton,SlayDa01,TE,Daniel Bellinger,BellDa00,TE,Chris Manhertz,ManhCh00,OL,Jermaine Eluemunor,ElueJe00,OL,Joshua Ezeudu,EzeuJo00,T,Evan Neal,NealEv00,OG,Greg Van Roten,VanRGr00,OG,Jake Kubas,KubaJa00,G,Aaron Stinnie,StinAa00,DL,Elijah Garcia,GarcEl00,DL,Rakeem Nunez-Roches,NuneRa00,DL,Jordon Riley,RileJo00,OLB,Brian Burns,BurnBr00,OLB,Kayvon Thibodeaux,ThibKa00,LB,Darius Muasau,MuasDa00,LB,Ty Summers,SummTy00,CB,Adoree' Jackson,JackAd00,CB,Deonte Banks,BankDe00,S,Jason Pinnock,PinnJa01,S,Dane Belton,BeltDa00,QB,Joe Flacco,FlacJo00,RB,Jonathan Taylor,TaylJo02,WR,Michael Pittman Jr.,PittMi01,WR,Alec Pierce,PierAl00,TE,Kylen Granson,GranKy00,TE,Mo Alie-Cox,AlieMo00,T,Bernhard Raimann,RaimBe00,T,Matt Goncalves,GoncMa00,G,Quenton Nelson,NelsQu00,G,Mark Glowinski,GlowMa00,C,Ryan Kelly,KellRy00,DE,Dayo Odeyingbo,OdeyDa00,DE,Kwity Paye,PayeKw00,DT,DeForest Buckner,BuckDe00,DT,Grover Stewart,StewGr00,LB,Zaire Franklin,FranZa00,LB,Jaylon Carlies,CarlJa01,LB,E.J. Speed,SpeeEJ00,CB,Jaylon Jones,JoneJa13,CB,Kenny Moore,MoorKe03,S,Nick Cross,CrosNi00,S,Julian Blackmon,BlacJu01,Referee,Bill Vinovich,Umpire,Scott Walker,Down Judge,Dale Keller,Line Judge,Tripp Sutter,Back Judge,Todd Prukop,Side Judge,Jimmy Buchanan,Field Judge,Aaron Santi
202412290phi,2024-12-29,Sunday,1:00pm,Philadelphia Eagles,Dallas Cowboys,phi,dal,41,7,Nick Sirianni,Mike McCarthy,Lincoln Financial Field,69879,3:01,outdoors,grass,"62 degrees, relative humidity 74%, wind 10 mph",QB,Kenny Pickett,PickKe00,RB,Saquon Barkley,BarkSa00,WR,A.J. Brown,BrowAJ00,WR,DeVonta Smith,SmitDe07,TE,C.J. Uzomah,,TE,Grant Calcaterra,CalcGr00,OL,Cam Jurgens,JurgCa01,T,Mekhi Becton,BectMe00,T,Jordan Mailata,MailJo00,T,Lane Johnson,JohnLa01,G,Landon Dickerson,DickLa00,DT,Milton Williams,WillMi08,DT,Jordan Davis,DaviJo03,DT,Jalen Carter,CartJa05,OLB,Nolan Smith,SmitNo02,OLB,Josh Sweat,SweaJo00,LB,Oren Burks,BurkOr00,LB,Zack Baun,BaunZa00,CB,Quinyon Mitchell,MitcQu00,CB,Darius Slay,SlayDa00,S,C.J. Gardner-Johnson,GardCh00,S,Reed Blankenship,BlanRe00,QB,Cooper Rush,RushCo00,RB,Rico Dowdle,DowdRi01,WR,Jalen Tolbert,TolbJa00,WR,Brandin Cooks,CookBr00,TE,Luke Schoonmaker,SchoLu00,TE,Jake Ferguson,FergJa00,OL,Tyler Smith,SmitTy02,T,Terence Steele,SteeTe01,OG,Cooper Beebe,BeebCo00,G,Chuma Edoga,EdogCh00,C,Brock Hoffman,HoffBr00,DE,Chauncey Golston,GolsCh00,DT,Osa Odighizuwa,OdigOs00,DT,Mazi Smith,SmitMa06,MLB,Eric Kendricks,KendEr00,LB,Marist Liufau,LiufMa00,LB,Micah Parsons,ParsMi00,CB,DaRon Bland,BlanDa00,CB,Jourdan Lewis,LewiJo01,CB,Andrew Booth,BootAn00,S,Malik Hooker,HookMa00,S,Donovan Wilson,WilsDo01,Referee,Brad Allen,Umpire,Duane Heydt,Down Judge,Sarah Thomas,Line Judge,Walter Flowers,Back Judge,Tyree Walton,Side Judge,Chad Hill,Field Judge,Rick Patterson
202412290tam,2024-12-29,Sunday,1:00pm,Tampa Bay Buccaneers,Carolina Panthers,tam,car,48,14,Todd Bowles,Dave Canales,Raymond James Stadium,64434,2:55,outdoors,grass,"76 degrees, relative humidity 76%, wind 8 mph",QB,Baker Mayfield,MayfBa00,RB,Rachaad White,WhitRa01,RB,Bucky Irving,IrviBu00,WR,Jalen McMillan,McMiJa01,WR,Mike Evans,EvanMi00,TE,Payne Durham,DurhPa00,T,Tristan Wirfs,WirfTr00,T,Luke Goedeke,GoedLu00,G,Cody Mauch,MaucCo00,G,Ben Bredeson,BredBe00,C,Graham Barton,BartGr00,DL,Logan Hall,HallLo00,DL,Calijah Kancey,KancCa00,NT,Vita Vea,VeaxVi00,OLB,YaYa Diaby,DiabYa00,OLB,Anthony Nelson,NelsAn01,LB,J.J. Russell,RussJJ00,LB,Lavonte David,DaviLa00,CB,Zyon McCollum,McCoZy02,CB,Jamel Dean,DeanJa00,S,Kaevon Merriweather,MerrKa00,S,Jordan Whitehead,WhitJo03,QB,Bryce Young,YounBr01,RB,Raheem Blackshear,BlacRa00,WR,Xavier Legette,LegeXa00,WR,Adam Thielen,ThieAd00,TE,Tommy Tremble,TremTo00,TE,Ja'Tavion Sanders,SandJa01,T,Ikem Ekwonu,EkwoIk00,T,Yosh Nijman,NijmYo01,G,Robert Hunt,HuntRo01,G,Damien Lewis,LewiDa05,C,Cade Mays,MaysCa00,DE,A'Shawn Robinson,RobiAS00,DT,Shy Tuttle,TuttSh00,OLB,Jadeveon Clowney,ClowJa00,OLB,D.J. Wonnum,WonnDJ00,LB,Jacoby Windmon,WindJa00,LB,Chandler Wooten,WootCh00,CB,Michael Jackson,JackMi01,CB,Dane Jackson,JackDa02,CB,Caleb Farley,FarlCa00,S,Demani Richardson,RichDe03,S,Xavier Woods,WoodXa00,Referee,Clay Martin,Umpire,James Carter,Down Judge,Jerod Phillips,Line Judge,Brian Perry,Back Judge,Greg Wilson,Side Judge,Alonzo Ramsey,Field Judge,Dave Hawkshaw
202412290was,2024-12-29,Sunday,8:20pm,Washington Commanders,Atlanta Falcons,was,atl,30,24,Dan Quinn,Raheem Morris,Northwest Stadium,63480,3:14,outdoors,grass,"58 degrees, relative humidity 89%, wind 10 mph",QB,Jayden Daniels,DaniJa02,RB,Brian Robinson Jr.,RobiBr01,WR,Olamide Zaccheaus,ZaccOl01,WR,Jamison Crowder,CrowJa00,WR,Terry McLaurin,McLaTe00,TE,Zach Ertz,ErtzZa00,OT,Brandon Coleman,ColeBr02,T,Cornelius Lucas,LucaCo01,G,Nick Allegretti,AlleNi00,G,Samuel Cosmi,CosmSa00,C,Tyler Biadasz,BiadTy00,DE,Dorance Armstrong Jr.,ArmsDo00,DT,Jer'Zhan Newton,NewtJe00,DT,Daron Payne,PaynDa00,MLB,Bobby Wagner,WagnBo00,LB,Frankie Luvu,LuvuFr00,LB,Dante Fowler,FowlDa00,CB,Noah Igbinoghene,IgbiNo00,CB,Michael Davis,DaviMi03,CB,Mike Sainristil,SainMi00,DB,Quan Martin,MartJa04,S,Jeremy Chinn,ChinJe00,QB,Michael Penix,PeniMi00,RB,Bijan Robinson,RobiBi01,WR,Darnell Mooney,MoonDa00,WR,KhaDarel Hodge,HodgKh00,WR,Drake London,LondDr00,TE,Kyle Pitts,PittKy00,OL,Matthew Bergeron,BergMa00,OL,Drew Dalman,DalmDr00,T,Kaleb McGary,McGaKa00,T,Jake Matthews,MattJa00,G,Chris Lindstrom,LindCh00,DL,Grady Jarrett,JarrGr00,DL,David Onyemata,OnyeDa00,DL,Eddie Goldman,GoldEd00,OLB,Matt Judon,JudoMa00,OLB,Lorenzo Carter,CartLo01,LB,Kaden Elliss,ElliKa00,CB,AJ Terrell,TerrAJ00,CB,DeAundre Alford,AlfoDe00,CB,Mike Hughes,HughMi00,S,Justin Simmons,SimmJu00,S,Jessie Bates III,BateJe00,Referee,Alex Kemp,Umpire,Mike Morton,Down Judge,Robert Richeson,Line Judge,Rusty Baynes,Back Judge,Scott Helverson,Side Judge,Lo van Pham,Field Judge,Sean Petty
202412300sfo,2024-12-30,Monday,8:15pm,San Francisco 49ers,Detroit Lions,sfo,det,34,40,Kyle Shanahan,Dan Campbell,Levi's Stadium,71688,3:00,outdoors,grass,,QB,Brock Purdy,PurdBr00,FB,Kyle Juszczyk,JuszKy00,WR,Deebo Samuel,SamuDe00,WR,Chris Conley,ConlCh00,WR,Ricky Pearsall,PearRi00,TE,George Kittle,KittGe00,OL,Jake Brendel,BrenJa01,OL,Nick Zakelj,ZakeNi00,OL,Dominick Puni,PuniDo00,OL,Colton McKivitz,McKiCo00,OT,Charlie Heck,HeckCh00,DL,Leonard Floyd,FloyLe00,DL,Jordan Elliott,ElliJo02,DL,Maliek Collins,CollMa00,DL,Nick Bosa,BosaNi00,LB,Fred Warner,WarnFr00,LB,Dee Winters,WintDe00,CB,Renardo Green,GreeRe00,CB,Isaac Yiadom,YiadIs00,DB,Deommodore Lenoir,LenoDe00,S,Talanoa Hufanga,HufaTa00,S,Malik Mustapha,MustMa00,QB,Jared Goff,GoffJa00,RB,Jahmyr Gibbs,GibbJa01,WR,Jameson Williams,WillJa11,WR,Amon-Ra St. Brown,StxxAm00,TE,Brock Wright,WrigBr01,TE,Sam LaPorta,LaPoSa01,OL,Graham Glasgow,GlasGr00,T,Taylor Decker,DeckTa00,T,Penei Sewell,SewePe00,G,Kevin Zeitler,ZeitKe00,C,Frank Ragnow,RagnFr00,DL,Levi Onwuzurike,OnwuLe00,DL,Za'Darius Smith,SmitZa00,DL,D.J. Reader,,DL,Josh Paschal,PascJo00,LB,Ben Niemann,NiemBe00,LB,Jack Campbell,CampJa04,CB,Amik Robertson,RobeAm00,CB,Terrion Arnold,ArnoTe00,DB,Brian Branch,BranBr00,S,Ifeatu Melifonwu,MeliIf00,S,Kerby Joseph,JoseKe03,Referee,Shawn Hochuli,Umpire,Terry Killens,Down Judge,Patrick Holt,Line Judge,Tim Podraza,Back Judge,Jimmy Russell,Side Judge,Jim Quirk,Field Judge,Jason Ledet
202501040pit,2025-01-04,Saturday,8:00pm,Pittsburgh Steelers,Cincinnati Bengals,pit,cin,17,19,Mike Tomlin,Zac Taylor,Acrisure Stadium,65631,3:01,outdoors,grass,"19 degrees, relative humidity 73%, wind 10 mph",QB,Russell Wilson,WilsRu00,RB,Najee Harris,HarrNa00,WR,George Pickens,PickGe00,WR,Calvin Austin III,AustCa00,WR,Van Jefferson,JeffVa00,TE,Pat Freiermuth,FreiPa00,OT,Dan Moore,MoorDa05,OT,Broderick Jones,JoneBr09,G,Mason McCormick,McCoMa00,G,Isaac Seumalo,SeumIs00,C,Zach Frazier,FrazZa00,DL,Keeanu Benton,BentKe00,DT,Cameron Heyward,HeywCa01,DT,Larry Ogunjobi,OgunLa00,LB,Alex Highsmith,HighAl02,LB,Patrick Queen,QueePa00,LB,Elandon Roberts,RobeEl00,LB,T.J. Watt,,CB,Joey Porter Jr.,PortJo02,CB,Cory Trice,TricCo00,S,Minkah Fitzpatrick,FitzMi00,S,DeShon Elliott,ElliDe02,QB,Joe Burrow,BurrJo01,RB,Khalil Herbert,HerbKh00,WR,Ja'Marr Chase,ChasJa00,WR,Tee Higgins,HiggTe00,TE,Drew Sample,SampDr00,TE,Cam Grandy,GranCa00,OT,Orlando Brown Jr.,BrowOr00,G,Cordell Volson,VolsCo02,G,Cody Ford,FordCo00,G,Alex Cappa,CappAl00,C,Ted Karras,KarrTe00,DE,Trey Hendrickson,HendTr00,DE,Joseph Ossai,OssaJo00,DT,B.J. Hill,,DT,Kris Jenkins,JenkKr01,LB,Akeem Davis-Gaither,DaviAk01,LB,Germaine Pratt,PratGe00,CB,Mike Hilton,HiltMi01,CB,Josh Newton,NewtJo00,CB,Cam Taylor-Britt,TaylCa01,S,Geno Stone,StonGe00,S,Jordan Battle,BattJo00,Referee,John Hussey,Umpire,Tony Michalek,Down Judge,Max Causey,Line Judge,Carl Johnson,Back Judge,Matt Edwards,Side Judge,Allen Baynes,Field Judge,Anthony Flemming
202501040rav,2025-01-04,Saturday,4:30pm,Baltimore Ravens,Cleveland Browns,rav,cle,35,10,John Harbaugh,Kevin Stefanski,M&T Bank Stadium,70562,3:09,outdoors,grass,"31 degrees, relative humidity 35%, wind 16 mph",QB,Lamar Jackson,JackLa00,RB,Derrick Henry,HenrDe00,WR,Rashod Bateman,BateRa00,WR,Zay Flowers,FlowZa00,TE,Mark Andrews,AndrMa00,TE,Isaiah Likely,LikeIs00,OL,Patrick Mekari,MekaPa00,OT,Roger Rosengarten,RoseRo01,T,Daniel Faalele,FaalDa00,T,Ronnie Stanley,StanRo00,C,Tyler Linderbaum,LindTy00,DT,Travis Jones,JoneTr00,DT,Nnamdi Madubuike,MaduJu00,OLB,Tavius Robinson,RobiTa00,OLB,Kyle Van Noy,VanNKy00,LB,Malik Harrison,HarrMa06,LB,Roquan Smith,SmitRo07,CB,Marlon Humphrey,HumpMa00,CB,Nate Wiggins,WiggNa00,DB,Brandon Stephens,StepBr01,S,Kyle Hamilton,HamiKy00,S,Ar'Darius Washington,WashAr00,QB,Bailey Zappe,ZappBa00,RB,D'Onta Foreman,ForeDO00,WR,Elijah Moore,MoorEl00,WR,Jerry Jeudy,JeudJe00,TE,Jordan Akins,AkinJo00,TE,Blake Whiteheart,WhitBl01,T,Jack Conklin,ConkJa00,OG,Germain Ifedi,IfedGe00,G,Joel Bitonio,BitoJo00,G,Wyatt Teller,TellWy00,C,Ethan Pocic,PociEt00,DE,Sam Kamara,KamaSa00,DE,Isaiah McGuire,McGuIs00,DE,Myles Garrett,GarrMy00,DT,Michael Hall,HallMi00,LB,Winston Reid,ReidWi01,LB,Mohamoud Diabate,DiabMo00,CB,Cameron Mitchell,MitcCa01,CB,Martin Emerson,EmerMa00,S,Rodney McLeod,McLeRo00,S,Juan Thornhill,ThorJu00,S,Grant Delpit,DelpGr00,Referee,Scott Novak,Umpire,Mark Pellis,Down Judge,Brian Sakowski,Line Judge,Mark Stewart,Back Judge,Terrence Miles,Side Judge,David Meslow,Field Judge,Terry Brown
202501050atl,2025-01-05,Sunday,1:00pm,Atlanta Falcons,Carolina Panthers,atl,car,38,44,Raheem Morris,Dave Canales,Mercedes-Benz Stadium,69581,3:21,retractable roof (closed),fieldturf,,QB,Michael Penix,PeniMi00,RB,Bijan Robinson,RobiBi01,WR,KhaDarel Hodge,HodgKh00,WR,Ray-Ray McCloud,McClRa00,WR,Drake London,LondDr00,TE,Charlie Woerner,WoerCh00,OL,Matthew Bergeron,BergMa00,OL,Drew Dalman,DalmDr00,T,Kaleb McGary,McGaKa00,T,Jake Matthews,MattJa00,G,Chris Lindstrom,LindCh00,DL,Grady Jarrett,JarrGr00,DL,Eddie Goldman,GoldEd00,DL,David Onyemata,OnyeDa00,OLB,Matt Judon,JudoMa00,OLB,Lorenzo Carter,CartLo01,LB,Kaden Elliss,ElliKa00,CB,DeAundre Alford,AlfoDe00,CB,Mike Hughes,HughMi00,CB,AJ Terrell,TerrAJ00,S,Justin Simmons,SimmJu00,S,Jessie Bates III,BateJe00,QB,Bryce Young,YounBr01,RB,Miles Sanders,SandMi01,WR,Jalen Coker,CokeJa01,WR,Adam Thielen,ThieAd00,WR,Xavier Legette,LegeXa00,TE,Tommy Tremble,TremTo00,T,Ikem Ekwonu,EkwoIk00,T,Taylor Moton,MotoTa00,G,Chandler Zavala,ZavaCh00,G,Damien Lewis,LewiDa05,C,Cade Mays,MaysCa00,DE,LaBryan Ray,RayxLa02,DE,A'Shawn Robinson,RobiAS00,DT,Shy Tuttle,TuttSh00,OLB,D.J. Wonnum,WonnDJ00,OLB,Jadeveon Clowney,ClowJa00,LB,Chandler Wooten,WootCh00,CB,Michael Jackson,JackMi01,CB,Akayleb Evans,EvanAk00,S,Demani Richardson,RichDe03,S,Jordan Fuller,FullJo01,S,Xavier Woods,WoodXa00,Referee,Land Clark,Umpire,Paul King,Down Judge,Tom Stephan,Line Judge,Jeff Hutcheon,Back Judge,Brad Freeman,Side Judge,Dominique Pender,Field Judge,Jabir Walker
202501050clt,2025-01-05,Sunday,1:00pm,Indianapolis Colts,Jacksonville Jaguars,clt,jax,26,23,Shane Steichen,Doug Pederson,Lucas Oil Stadium,63041,3:13,retractable roof (closed),fieldturf,,QB,Joe Flacco,FlacJo00,RB,Jonathan Taylor,TaylJo02,WR,Josh Downs,DownJo00,WR,Michael Pittman Jr.,PittMi01,WR,Alec Pierce,PierAl00,TE,Andrew Ogletree,OgleAn00,T,Bernhard Raimann,RaimBe00,T,Matt Goncalves,GoncMa00,G,Mark Glowinski,GlowMa00,G,Quenton Nelson,NelsQu00,C,Ryan Kelly,KellRy00,DE,Kwity Paye,PayeKw00,DE,Dayo Odeyingbo,OdeyDa00,DT,DeForest Buckner,BuckDe00,DT,Grover Stewart,StewGr00,LB,Zaire Franklin,FranZa00,LB,E.J. Speed,SpeeEJ00,LB,Jaylon Carlies,CarlJa01,CB,Kenny Moore,MoorKe03,CB,Jaylon Jones,JoneJa13,S,Nick Cross,CrosNi00,S,Julian Blackmon,BlacJu01,QB,Mac Jones,JoneMa05,RB,Travis Etienne,EtieTr00,WR,Brian Thomas,ThomBr06,WR,Parker Washington,WashPa01,TE,Luke Farrell,FarrLu00,TE,Brenton Strange,StraBr00,OL,Ezra Cleveland,ClevEz00,OL,Anton Harrison,HarrAn00,OL,Mitch Morse,MorsMi00,OL,Cole Van Lanen,VanxCo00,OL,Brandon Scherff,ScheBr00,DE,Travon Walker,WalkTr03,DE,Arik Armstead,ArmsAr01,DT,DaVon Hamilton,HamiDa02,DT,Maason Smith,SmitMa07,LB,Devin Lloyd,LloyDe00,LB,Foyesade Oluokun,OluoFo00,CB,Montaric Brown,BrowMo00,CB,Jarrian Jones,JoneJa14,CB,Tyson Campbell,CampTy01,S,Darnell Savage Jr.,SavaDa00,S,Andrew Wingard,WingAn01,Referee,Alex Kemp,Umpire,Mike Morton,Down Judge,Robert Richeson,Line Judge,Rusty Baynes,Back Judge,Scott Helverson,Side Judge,Lo van Pham,Field Judge,Sean Petty
202501050crd,2025-01-05,Sunday,4:25pm,Arizona Cardinals,San Francisco 49ers,crd,sfo,47,24,Jonathan Gannon,Kyle Shanahan,State Farm Stadium,63849,3:13,retractable roof (open),grass,,QB,Kyler Murray,MurrKy00,RB,Michael Carter,CartMi03,WR,Zay Jones,JoneZa00,WR,Marvin Harrison Jr.,HarrMa09,TE,Trey McBride,McBrTr01,TE,Elijah Higgins,HiggEl00,OL,Hjalte Froholdt,FrohHj00,OL,Christian Jones,JoneCh12,OL,Evan Brown,BrowEv00,OL,Kelvin Beachum,BeacKe00,OL,Isaiah Adams,AdamIs01,DL,L.J. Collier,CollLJ00,DL,Roy Lopez,LopeRo00,DL,Dante Stills,StilDa01,OLB,Zaven Collins,CollZa00,OLB,Baron Browning,BrowBa01,LB,Mack Wilson,WilsMa03,LB,Kyzir White,WhitKy00,CB,Max Melton,MeltMa00,CB,Sean Murphy-Bunting,BuntSe00,S,Jalen Thompson,ThomJa04,S,Budda Baker,BakeBu00,QB,Joshua Dobbs,DobbJo00,RB,Isaac Guerendo,GuerIs00,FB,Kyle Juszczyk,JuszKy00,WR,Ricky Pearsall,PearRi00,WR,Jauan Jennings,JennJa00,TE,George Kittle,KittGe00,OL,Nick Zakelj,ZakeNi00,OL,Dominick Puni,PuniDo00,OL,Colton McKivitz,McKiCo00,OL,Charlie Heck,HeckCh00,OL,Jake Brendel,BrenJa01,DL,Jordan Elliott,ElliJo02,DL,Maliek Collins,CollMa00,DL,Nick Bosa,BosaNi00,DE,Leonard Floyd,FloyLe00,LB,Fred Warner,WarnFr00,LB,Dee Winters,WintDe00,LB,Tatum Bethune,BethTa00,CB,Renardo Green,GreeRe00,CB,Charvarius Ward,WardCh01,S,Talanoa Hufanga,HufaTa00,S,Malik Mustapha,MustMa00,Referee,Shawn Smith,Umpire,Alex Moore,Down Judge,Jay Bilbo,Line Judge,Jeff Seeman,Back Judge,Dino Paganelli,Side Judge,Boris Cheek,Field Judge,Dyrol Prioleau
202501050dal,2025-01-05,Sunday,1:00pm,Dallas Cowboys,Washington Commanders,dal,was,19,23,Mike McCarthy,Dan Quinn,AT&T Stadium,91349,3:06,retractable roof (closed),matrixturf,,QB,Trey Lance,LancTr00,RB,Rico Dowdle,DowdRi01,RB,Hunter Luepke,LuepHu00,WR,Brandin Cooks,CookBr00,WR,Jalen Tolbert,TolbJa00,TE,Jake Ferguson,FergJa00,OL,Tyler Smith,SmitTy02,OT,Tyler Guyton,GuytTy00,T,Terence Steele,SteeTe01,OG,Cooper Beebe,BeebCo00,C,Brock Hoffman,HoffBr00,DE,Chauncey Golston,GolsCh00,DT,Mazi Smith,SmitMa06,DT,Osa Odighizuwa,OdigOs00,MLB,Eric Kendricks,KendEr00,LB,Marist Liufau,LiufMa00,LB,Micah Parsons,ParsMi00,CB,DaRon Bland,BlanDa00,CB,Troy Pride Jr.,PridTr00,CB,Jourdan Lewis,LewiJo01,S,Malik Hooker,HookMa00,S,Donovan Wilson,WilsDo01,QB,Jayden Daniels,DaniJa02,RB,Brian Robinson Jr.,RobiBr01,WR,Olamide Zaccheaus,ZaccOl01,WR,Dyami Brown,BrowDy00,WR,Terry McLaurin,McLaTe00,TE,Zach Ertz,ErtzZa00,OL,Andrew Wylie,WyliAn00,OT,Brandon Coleman,ColeBr02,G,Nick Allegretti,AlleNi00,G,Michael Deiter,DeitMi00,G,Samuel Cosmi,CosmSa00,DE,Javontae Jean-Baptiste,JeanJa00,DT,Jer'Zhan Newton,NewtJe00,DT,Daron Payne,PaynDa00,DT,Jonathan Allen,AlleJo01,MLB,Bobby Wagner,WagnBo00,LB,Frankie Luvu,LuvuFr00,CB,Mike Sainristil,SainMi00,CB,Benjamin St-Juste,StJuBe00,S,Darrick Forrest,ForrDa00,S,Jeremy Chinn,ChinJe00,S,Percy Butler,ButlPe00,Referee,Clete Blakeman,Umpire,Scott Campbell,Down Judge,Dana McKenzie,Line Judge,Julian Mapp,Back Judge,Jonah Monroe,Side Judge,James Coleman,Field Judge,Karina Tovar
202501050den,2025-01-05,Sunday,4:25pm,Denver Broncos,Kansas City Chiefs,den,kan,38,0,Sean Payton,Andy Reid,Empower Field at Mile High,,2:39,outdoors,grass,"28 degrees, relative humidity 69%, wind 5 mph",QB,Bo Nix,NixxBo00,RB,Jaleel McLaughlin,McLaJa00,WR,Courtland Sutton,SuttCo00,WR,Lil'Jordan Humphrey,HumpLi01,TE,Nate Adkins,AdkiNa00,TE,Adam Trautman,TrauAd00,OL,Quinn Meinerz,MeinQu02,T,Garett Bolles,BollGa00,T,Mike McGlinchey,McGlMi00,G,Ben Powers,PoweBe00,C,Luke Wattenberg,WattLu00,DL,John Franklin-Myers,FranJo02,DL,Zach Allen,AlleZa01,DT,D.J. Jones,,OLB,Jonathon Cooper,CoopJo02,OLB,Nik Bonitto,BoniNi00,LB,Cody Barton,BartCo00,CB,Ja'Quan McMillian,McMiJa00,CB,Riley Moss,MossRi00,CB,Patrick Surtain II,SurtPa01,S,P.J. Locke,LockPJ00,S,Brandon Jones,JoneBr06,QB,Carson Wentz,WentCa00,RB,Carson Steele,SteeCa00,WR,Justin Watson,WatsJu01,WR,Nikko Remigio,RemiNi00,WR,JuJu Smith-Schuster,SmitJu00,TE,Peyton Hendershot,HendPe01,OL,Wanya Morris,MorrWa01,OT,D.J. Humphries,,G,Joe Thuney,ThunJo00,G,Trey Smith,SmitTr05,C,Creed Humphrey,HumpCr00,DE,Felix Anudike-Uzomah,AnudFe00,DE,Charles Omenihu,OmenCh00,DT,Marlon Tuipulotu,TuipMa00,DT,Derrick Nnadi,NnadDe00,LB,Leo Chenal,ChenLe00,LB,Cam Jones,JoneCa04,CB,Joshua Williams,WillJo03,DB,Jaden Hicks,HickJa01,DB,Chamarri Conner,ConnCh01,S,Nazeeh Johnson,JohnNa01,S,Bryan Cook,CookBr02,Referee,Shawn Hochuli,Umpire,Terry Killens,Down Judge,Patrick Holt,Line Judge,Tim Podraza,Back Judge,Jimmy Russell,Side Judge,Jim Quirk,Field Judge,Jason Ledet
202501050det,2025-01-05,Sunday,8:20pm,Detroit Lions,Minnesota Vikings,det,min,31,9,Dan Campbell,Kevin O'Connell,Ford Field,64774,3:06,dome,fieldturf,,QB,Jared Goff,GoffJa00,RB,Jahmyr Gibbs,GibbJa01,WR,Jameson Williams,WillJa11,WR,Amon-Ra St. Brown,StxxAm00,WR,Tim Patrick,PatrTi00,TE,Sam LaPorta,LaPoSa01,OL,Graham Glasgow,GlasGr00,T,Taylor Decker,DeckTa00,T,Penei Sewell,SewePe00,G,Kevin Zeitler,ZeitKe00,C,Frank Ragnow,RagnFr00,DL,Levi Onwuzurike,OnwuLe00,DL,Za'Darius Smith,SmitZa00,DL,D.J. Reader,,DL,Josh Paschal,PascJo00,LB,Alex Anzalone,AnzaAl00,LB,Jack Campbell,CampJa04,CB,Amik Robertson,RobeAm00,CB,Terrion Arnold,ArnoTe00,DB,Brian Branch,BranBr00,S,Ifeatu Melifonwu,MeliIf00,S,Kerby Joseph,JoseKe03,QB,Sam Darnold,DarnSa00,RB,Aaron Jones,JoneAa00,WR,Jordan Addison,AddiJo00,WR,Justin Jefferson,JeffJu00,TE,Josh Oliver,OlivJo00,TE,T.J. Hockenson,HockTJ00,OT,Cam Robinson,RobiCa00,T,Brian O'Neill,ONeiBr00,G,Blake Brandel,BranBl00,G,Dalton Risner,RisnDa00,C,Garrett Bradbury,BradGa00,DL,Harrison Phillips,PhilHa00,DL,Jonathan Bullard,BullJo00,OLB,Jonathan Greenard,GreeJo04,OLB,Andrew Van Ginkel,VanGAn00,OLB,Jihad Ward,WardJi02,LB,Blake Cashman,CashBl00,CB,Byron Murphy,MurpBy00,CB,Stephon Gilmore,GilmSt00,S,Josh Metellus,MeteJo00,S,Camryn Bynum,BynuCa00,S,Harrison Smith,SmitHa00,Referee,Brad Rogers,Umpire,Bryan Neale,Down Judge,Kent Payne,Line Judge,Kevin Codey,Back Judge,Greg Yette,Side Judge,Anthony Jeffries,Field Judge,Joe Blubaugh
202501050gnb,2025-01-05,Sunday,1:00pm,Green Bay Packers,Chicago Bears,gnb,chi,22,24,Matt LaFleur,Thomas Brown,Lambeau Field,77862,3:03,outdoors,grass,"16 degrees, relative humidity 68%, wind 13 mph",QB,Jordan Love,LoveJo03,RB,Josh Jacobs,JacoJo01,WR,Dontayvion Wicks,WickDo00,WR,Christian Watson,WatsCh00,TE,Tucker Kraft,KrafTu00,TE,Luke Musgrave,MusgLu00,OL,Zach Tom,TomxZa00,OL,Elgton Jenkins,JenkEl00,OL,Josh Myers,MyerJo00,T,Rasheed Walker,WalkRa00,G,Sean Rhyan,RhyaSe00,DL,Kenny Clark,ClarKe01,DL,Tedarrell Slaton,SlatTe00,DL,Rashan Gary,GaryRa00,DL,Kingsley Enagbare,EnagKi00,LB,Isaiah McDuffie,McDuIs00,LB,Edgerrin Cooper,CoopEd00,LB,Eric Wilson,WilsEr00,CB,Keisean Nixon,NixoKe00,CB,Carrington Valentine,ValeCa00,S,Xavier McKinney,McKiXa00,S,Javon Bullard,BullJa00,QB,Caleb Williams,WillCa03,RB,D'Andre Swift,SwifDA00,WR,Keenan Allen,AlleKe00,WR,Rome Odunze,OdunRo00,WR,D.J. Moore,,TE,Cole Kmet,KmetCo00,OL,Darnell Wright,WrigDa00,OL,Coleman Shelton,ShelCo00,OL,Matt Pryor,PryoMa00,OL,Jake Curhan,CurhJa00,OL,Larry Borom,BoroLa00,DL,Gervon Dexter,DextGe00,DL,Montez Sweat,SweaMo00,DL,DeMarcus Walker,WalkDe03,DT,Byron Cowart,CowaBy00,LB,T.J. Edwards,EdwaTJ02,LB,Tremaine Edmunds,EdmuTr01,LB,Jack Sanborn,SanbJa00,DB,Jaylon Johnson,JohnJa13,DB,Tyrique Stevenson,StevTy01,DB,Kevin Byard,ByarKe01,S,Jonathan Owens,OwenJo01,Referee,Clay Martin,Umpire,James Carter,Down Judge,Jerod Phillips,Line Judge,Brian Perry,Back Judge,Greg Wilson,Side Judge,Alonzo Ramsey,Field Judge,Dave Hawkshaw
202501050nwe,2025-01-05,Sunday,1:00pm,New England Patriots,Buffalo Bills,nwe,buf,23,16,Jerod Mayo,Sean McDermott,Gillette Stadium,64626,2:59,outdoors,fieldturf,"33 degrees, relative humidity 50%, wind 14 mph",QB,Drake Maye,MayeDr00,RB,Antonio Gibson,GibsAn00,WR,Kendrick Bourne,BourKe00,WR,Kayshon Boutte,BoutKa00,TE,Austin Hooper,HoopAu00,OL,Michael Onwenu,OnweMi00,OT,Demontrey Jacobs,JacoDe00,T,Caedan Wallace,WallCa00,T,Vederian Lowe,LoweVe00,G,Cole Strange,StraCo01,G,Layden Robinson,RobiLa02,DE,Deatrich Wise Jr.,WiseDe00,DT,Davon Godchaux,GodcDa00,DT,Daniel Ekuale,EkuaDa00,OLB,Monty Rice,RiceMo00,LB,Anfernee Jennings,JennAn00,LB,Christian Elliss,ElliCh00,CB,Jonathan Jones,JoneJo03,CB,Alex Austin,AustAl00,DB,Marcellas Dial,DialMa00,S,Marte Mapu,MapuMa00,S,Kyle Dugger,DuggKy00,QB,Josh Allen,AlleJo02,RB,James Cook,CookJa01,WR,Keon Coleman,ColeKe02,WR,Curtis Samuel,SamuCu00,WR,Mack Hollins,HollMa00,TE,Quintin Morris,MorrQu00,OL,Sedrick Van Pran-Granger,VanPSe00,OL,Will Clapp,ClapWi00,OT,Tylan Grable,GrabTy00,T,Alec Anderson,AndeAl01,T,Ryan Van Demark,VanDRy00,DE,A.J. Epenesa,EpenAJ00,DE,Casey Toohill,ToohCa00,DT,Austin Johnson,JohnAu01,DT,DeWayne Carter,CartDe03,LB,Edefuan Ulofoshio,UlofEd00,LB,Joe Andreessen,AndrJo02,CB,Ja'Marcus Ingram,IngrJa00,CB,Kaiir Elam,ElamKa00,CB,Rasul Douglas,DougRa00,S,Damar Hamlin,HamlDa00,S,Taylor Rapp,RappTa00,Referee,Alan Eck,Umpire,Tab Slaughter,Down Judge,Derick Bowers,Line Judge,Derek Anderson,Back Judge,Greg Meyer,Side Judge,Dale Shaw,Field Judge,John Jenkins
202501050nyj,2025-01-05,Sunday,4:25pm,New York Jets,Miami Dolphins,nyj,mia,32,20,Jeff Ulbrich,Mike McDaniel,MetLife Stadium,68818,3:12,outdoors,fieldturf,"34 degrees, relative humidity 47%, wind 10 mph",QB,Aaron Rodgers,RodgAa00,RB,Breece Hall,HallBr03,WR,Garrett Wilson,WilsGa00,WR,Davante Adams,AdamDa01,WR,Allen Lazard,LazaAl00,TE,Tyler Conklin,ConkTy00,OL,Max Mitchell,MitcMa02,OL,John Simpson,SimpJo00,T,Carter Warren,WarrCa00,G,Alijah Vera-Tucker,VeraAl00,C,Joe Tippmann,TippJo00,DL,Quinnen Williams,WillQu00,DL,Micheal Clemons,ClemMi03,DE,Will McDonald,McDoWi00,DT,Javon Kinlaw,KinlJa00,LB,Quincy Williams,WillQu01,LB,Haason Reddick,ReddHa00,LB,Jamien Sherwood,SherJa00,CB,D.J. Reed,,CB,Brandin Echols,EchoBr00,S,Ashtyn Davis,DaviAs00,S,Tony Adams,AdamTo03,QB,Tyler Huntley,HuntTy01,RB,De'Von Achane,AchaDe00,FB,Alec Ingold,IngoAl01,WR,Jaylen Waddle,WaddJa00,WR,Tyreek Hill,HillTy00,TE,Jonnu Smith,SmitJo01,OL,Aaron Brewer,BrewAa01,OL,Isaiah Wynn,WynnIs00,OL,Robert Jones,JoneRo02,OT,Patrick Paul,PaulPa01,T,Terron Armstead,ArmsTe00,DT,Benito Jones,JoneBe03,DT,Zach Sieler,SielZa00,DT,Calais Campbell,CampCa99,LB,Emmanuel Ogbah,OgbaEm00,LB,Tyrel Dodson,DodsTy01,LB,Jordyn Brooks,BrooJo01,CB,Kader Kohou,KohoKa00,CB,Storm Duck,DuckSt00,CB,Jalen Ramsey,RamsJa00,S,Jevon Holland,HollJe02,S,Jordan Poyer,PoyeJo00,Referee,Tra Blake,Umpire,Carl Paganelli,Down Judge,Patrick Turner,Line Judge,Tom Eaton,Back Judge,Grantis Bell,Side Judge,Don Willard,Field Judge,Mearl Robinson
202501050oti,2025-01-05,Sunday,1:00pm,Tennessee Titans,Houston Texans,oti,htx,14,23,Brian Callahan,DeMeco Ryans,Nissan Stadium,61815,2:55,outdoors,grass,"35 degrees, relative humidity 97%, wind 10 mph",QB,Will Levis,LeviWi00,RB,Tony Pollard,PollTo00,WR,Calvin Ridley,RidlCa00,WR,Nick Westbrook-Ikhine,WestNi00,TE,David Martin-Robinson,MartDa01,TE,Chigoziem Okonkwo,OkonCh00,OL,Peter Skoronski,SkorPe00,OL,Daniel Brunskill,BrunDa00,OL,Dillon Radunz,RaduDi00,OL,John Ojukwu,OjukJo00,OT,JC Latham,LathJC00,DL,Sebastian Joseph-Day,JoseSe00,DT,Jeffery Simmons,SimmJe01,NT,T'Vondre Sweat,SweaTV01,OLB,Harold Landry,LandHa00,LB,Luke Gifford,GiffLu00,LB,James Williams,WillJa15,CB,Chidobe Awuzie,AwuzCh00,CB,Daryl Worley,WorlDa00,CB,Roger McCreary,McCrRo01,CB,Jarvis Brownlee,BrowJa09,S,Mike Brown,BrowMi02,QB,C.J. Stroud,StroCJ00,RB,Joe Mixon,MixoJo00,WR,Robert Woods,WoodRo02,WR,Nico Collins,CollNi00,WR,John Metchie,MetcJo00,TE,Dalton Schultz,SchuDa00,OL,Juice Scruggs,ScruJu00,OL,Jarrett Patterson,PattJa03,T,Laremy Tunsil,TunsLa00,T,Blake Fisher,FishBl00,T,Tytus Howard,HowaTy00,DE,Derek Barnett,BarnDe01,DE,Danielle Hunter,HuntDa01,DT,Tim Settle,SettTi00,DT,Mario Edwards,EdwaMa01,LB,Henry To'oTo'o,TooTHe00,LB,Devin White,WhitDe02,LB,Azeez Al-Shaair,AlShAz00,CB,Kamari Lassiter,LassKa00,CB,Derek Stingley Jr.,StinDe00,S,Eric Murray,MurrEr00,S,Calen Bullock,BullCa00,Referee,Brad Allen,Umpire,Duane Heydt,Down Judge,Sarah Thomas,Line Judge,Walter Flowers,Back Judge,Tyree Walton,Side Judge,Chad Hill,Field Judge,Rick Patterson
202501050phi,2025-01-05,Sunday,1:00pm,Philadelphia Eagles,New York Giants,phi,nyg,20,13,Nick Sirianni,Brian Daboll,Lincoln Financial Field,69879,2:53,outdoors,grass,"31 degrees, relative humidity 37%, wind 19 mph",QB,Tanner McKee,McKeTa01,RB,Kenneth Gainwell,GainKe00,WR,Johnny Wilson,WilsJo03,WR,Jahan Dotson,DotsJa00,TE,Grant Calcaterra,CalcGr00,TE,Dallas Goedert,GoedDa00,OL,Tyler Steen,SteeTy00,OL,Jack Driscoll,DrisJa00,OL,Nick Gates,GateNi00,T,Fred Johnson,JohnFr01,G,Darian Kinnard,KinnDa00,DE,Bryce Huff,HuffBr00,DT,Thomas Booker,BookTh00,DT,Moro Ojomo,OjomMo00,DT,Jordan Davis,DaviJo03,OLB,Jalyx Hunt,HuntJa02,LB,Jeremiah Trotter Jr.,TrotJe01,LB,Oren Burks,BurkOr00,CB,Avonte Maddox,MaddAv00,CB,Kelee Ringo,RingKe00,CB,Isaiah Rodgers,RodgIs00,S,Tristin McCollum,McCoTr00,QB,Drew Lock,LockDr00,RB,Tyrone Tracy Jr.,TracTy00,WR,Darius Slayton,SlayDa01,WR,Malik Nabers,NabeMa00,TE,Daniel Bellinger,BellDa00,TE,Chris Manhertz,ManhCh00,OL,Jermaine Eluemunor,ElueJe00,T,Tyre Phillips,PhilTy00,OG,Jake Kubas,KubaJa00,OG,Greg Van Roten,VanRGr00,G,Aaron Stinnie,StinAa00,DL,Elijah Garcia,GarcEl00,DL,Rakeem Nunez-Roches,NuneRa00,DL,Jordon Riley,RileJo00,OLB,Brian Burns,BurnBr00,OLB,Kayvon Thibodeaux,ThibKa00,LB,Darius Muasau,MuasDa00,LB,Ty Summers,SummTy00,CB,Cordale Flott,FlotCo00,CB,Deonte Banks,BankDe00,S,Jason Pinnock,PinnJa01,S,Dane Belton,BeltDa00,Referee,Ron Torbert,Umpire,Barry Anderson,Down Judge,Frank LeBlanc,Line Judge,Brian Bolinger,Back Judge,Tony Josselyn,Side Judge,Keith Washington,Field Judge,Ryan Dickson
202501050rai,2025-01-05,Sunday,4:25pm,Las Vegas Raiders,Los Angeles Chargers,rai,sdg,20,34,Antonio Pierce,Jim Harbaugh,Allegiant Stadium,61352,2:54,dome,grass,,QB,Aidan O'Connell,OConAi00,RB,Alexander Mattison,MattAl01,WR,Jakobi Meyers,MeyeJa01,TE,Harrison Bryant,BryaHa00,TE,Michael Mayer,MayeMi00,TE,Brock Bowers,BoweBr01,OT,Delmar Glaze,GlazDe00,T,Kolton Miller,MillKo00,OG,Jackson Powers-Johnson,PoweJa00,G,Dylan Parham,ParhDy00,C,Andre James,JameAn01,DE,Charles Snowden,SnowCh00,DT,Adam Butler,ButlAd00,DT,Jonah Laulu,LaulJo00,DT,John Jenkins,JenkJo00,LB,Divine Deablo,DeabDi00,LB,Robert Spillane,SpilRo00,CB,Jack Jones,JoneJa10,CB,Decamerion Richardson,RichDe01,S,Tre'von Moehrig,MoehTr00,S,Isaiah Pola-Mao,PolaIs00,S,Thomas Harper,HarpTh00,QB,Justin Herbert,HerbJu00,RB,J.K. Dobbins,DobbJK00,WR,Ladd McConkey,McCoLa00,WR,Quentin Johnston,JohnQu02,TE,Will Dissly,DissWi00,OL,Jamaree Salyer,SalyJa00,OT,Joe Alt,AltxJo01,T,Trey Pipkins,PipkTr00,G,Zion Johnson,JohnZi00,C,Bradley Bozeman,BozeBr00,DL,Morgan Fox,FoxxMo00,DL,Scott Matlock,MatlSc00,DT,Poona Ford,FordPo00,DT,Otito Ogbonnia,OgboOt00,OLB,Tuli Tuipulotu,TuipTu00,OLB,Khalil Mack,MackKh00,LB,Daiyan Henley,HenlDa00,LB,Junior Colson,ColsJu00,CB,Kristian Fulton,FultKr00,CB,Tarheeb Still,StilTa00,S,Derwin James,JameDe00,S,Alohi Gilman,GilmAl00,Referee,Carl Cheffers,Umpire,Brandon Cruse,Down Judge,Mike Carr,Line Judge,Robin DeLorenzo,Back Judge,Martin Hankins,Side Judge,Nathan Jones,Field Judge,Eugene Hall
202501050ram,2025-01-05,Sunday,4:25pm,Los Angeles Rams,Seattle Seahawks,ram,sea,25,30,Sean McVay,Mike Macdonald,SoFi Stadium,72610,2:53,dome,matrixturf,,QB,Jimmy Garoppolo,GaroJi00,RB,Blake Corum,CoruBl00,WR,Tutu Atwell,AtweTu00,WR,Jordan Whittington,WhitJo04,WR,Demarcus Robinson,RobiDe01,TE,Tyler Higbee,HigbTy00,OL,Steve Avila,AvilSt00,OL,Joseph Noteboom,NoteJo00,OL,Dylan McMahon,McMaDy00,OL,Warren McClendon,McClWa00,G,Jonah Jackson,JackJo03,NT,Neville Gallimore,GallNe00,NT,Bobby Brown,BrowBo04,OLB,Brennan Jackson,JackBr02,OLB,Keir Thomas,ThomKe04,LB,Jake Hummel,HummJa00,LB,Omar Speights,SpeiOm00,CB,Emmanuel Forbes,ForbEm00,DB,Kamren Kinchens,KincKa00,DB,Jaylen McCollough,McCoJa02,DB,Cobie Durant,DuraDe01,DB,Josh Wallace,WallJo00,QB,Geno Smith,SmitGe00,RB,Zach Charbonnet,CharZa00,WR,Tyler Lockett,LockTy00,WR,Jaxon Smith-Njigba,SmitJa06,WR,D.K. Metcalf,MetcDK00,TE,Noah Fant,FantNo00,OT,Michael Jerrell,JerrMi00,T,Charles Cross,CrosCh00,OG,Sataoa Laumea,LaumSa00,G,Laken Tomlinson,TomlLa01,C,Olusegun Oluwatimi,OluwOl00,DE,Leonard Williams,WillLe02,DT,Johnathan Hankins,HankJo00,OLB,Derick Hall,HallDe04,LB,Ernest Jones,JoneEr01,LB,Tyrice Knight,KnigTy00,LB,Boye Mafe,MafeBo00,CB,Riq Woolen,WoolTa00,CB,Devon Witherspoon,WithDe00,CB,Coby Bryant,BryaCo01,SS,Rayshawn Jenkins,JenkRa00,FS,Julian Love,LoveJu00,Referee,Bill Vinovich,Umpire,Scott Walker,Down Judge,Dale Keller,Line Judge,Tripp Sutter,Back Judge,Todd Prukop,Side Judge,Jimmy Buchanan,Field Judge,Aaron Santi
202501050tam,2025-01-05,Sunday,1:00pm,Tampa Bay Buccaneers,New Orleans Saints,tam,nor,27,19,Todd Bowles,Darren Rizzi,Raymond James Stadium,63001,3:12,outdoors,grass,"68 degrees, relative humidity 34%, wind 6 mph",QB,Baker Mayfield,MayfBa00,RB,Bucky Irving,IrviBu00,WR,Sterling Shepard,ShepSt00,WR,Jalen McMillan,McMiJa01,WR,Mike Evans,EvanMi00,TE,Payne Durham,DurhPa00,T,Tristan Wirfs,WirfTr00,T,Luke Goedeke,GoedLu00,G,Ben Bredeson,BredBe00,G,Cody Mauch,MaucCo00,C,Graham Barton,BartGr00,DL,Calijah Kancey,KancCa00,DL,Logan Hall,HallLo00,NT,Vita Vea,VeaxVi00,OLB,YaYa Diaby,DiabYa00,OLB,Anthony Nelson,NelsAn01,LB,J.J. Russell,RussJJ00,LB,Lavonte David,DaviLa00,CB,Zyon McCollum,McCoZy02,DB,Josh Hayes,HayeJo01,S,Mike Edwards,EdwaMi01,S,Kaevon Merriweather,MerrKa00,QB,Spencer Rattler,RattSp00,RB,Jamaal Williams,WillJa06,WR,Cedrick Wilson Jr.,WilsCe01,WR,Marquez Valdes-Scantling,ValdMa00,TE,Juwan Johnson,JohnJu02,TE,Foster Moreau,MoreFo00,OL,Cesar Ruiz,RuizCe00,OT,Taliese Fuaga,FuagTa00,OT,Trevor Penning,PennTr00,T,Landon Young,YounLa00,G,Shane Lemieux,LemiSh00,DE,Carl Granderson,GranCa01,DE,Cameron Jordan,JordCa00,DT,Bryan Bresee,BresBr00,DT,Khalen Saunders,SaunKh00,LB,Anfernee Orji,OrjiAn00,LB,Nephi Sewell,SeweNe00,LB,Demario Davis,DaviDe00,CB,Alontae Taylor,TaylAl01,CB,Kool-Aid McKinstry,McKiKo00,CB,Will Harris,HarrWi02,S,Tyrann Mathieu,MathTy00,Referee,Adrian Hill,Umpire,Roy Ellison,Down Judge,David Oliver,Line Judge,Greg Bradley,Back Judge,Greg Steed,Side Judge,Clay Reynard,Field Judge,Tra Boger
