GameId,GameDate,DayOfWeek,StartTime,HomeTeam,AwayTeam,HomeTeamCode,AwayTeamCode,HomeScore,AwayScore,HomeCoach,AwayCoach,Stadium,Attendance,Duration,Roof,Surface,Weather,HomeOff01_Position,HomeOff01_Name,HomeOff01_ID,HomeOff02_Position,HomeOff02_Name,HomeOff02_ID,HomeOff03_Position,HomeOff03_Name,HomeOff03_ID,HomeOff04_Position,HomeOff04_Name,HomeOff04_ID,HomeOff05_Position,HomeOff05_Name,HomeOff05_ID,HomeOff06_Position,HomeOff06_Name,HomeOff06_ID,HomeOff07_Position,HomeOff07_Name,HomeOff07_ID,HomeOff08_Position,HomeOff08_Name,HomeOff08_ID,HomeOff09_Position,HomeOff09_Name,HomeOff09_ID,HomeOff10_Position,HomeOff10_Name,HomeOff10_ID,HomeOff11_Position,HomeOff11_Name,HomeOff11_ID,HomeDef01_Position,HomeDef01_Name,HomeDef01_ID,HomeDef02_Position,HomeDef02_Name,HomeDef02_ID,HomeDef03_Position,HomeDef03_Name,HomeDef03_ID,HomeDef04_Position,HomeDef04_Name,HomeDef04_ID,HomeDef05_Position,HomeDef05_Name,HomeDef05_ID,HomeDef06_Position,HomeDef06_Name,HomeDef06_ID,HomeDef07_Position,HomeDef07_Name,HomeDef07_ID,HomeDef08_Position,HomeDef08_Name,HomeDef08_ID,HomeDef09_Position,HomeDef09_Name,HomeDef09_ID,HomeDef10_Position,HomeDef10_Name,HomeDef10_ID,HomeDef11_Position,HomeDef11_Name,HomeDef11_ID,AwayOff01_Position,AwayOff01_Name,AwayOff01_ID,AwayOff02_Position,AwayOff02_Name,AwayOff02_ID,AwayOff03_Position,AwayOff03_Name,AwayOff03_ID,AwayOff04_Position,AwayOff04_Name,AwayOff04_ID,AwayOff05_Position,AwayOff05_Name,AwayOff05_ID,AwayOff06_Position,AwayOff06_Name,AwayOff06_ID,AwayOff07_Position,AwayOff07_Name,AwayOff07_ID,AwayOff08_Position,AwayOff08_Name,AwayOff08_ID,AwayOff09_Position,AwayOff09_Name,AwayOff09_ID,AwayOff10_Position,AwayOff10_Name,AwayOff10_ID,AwayOff11_Position,AwayOff11_Name,AwayOff11_ID,AwayDef01_Position,AwayDef01_Name,AwayDef01_ID,AwayDef02_Position,AwayDef02_Name,AwayDef02_ID,AwayDef03_Position,AwayDef03_Name,AwayDef03_ID,AwayDef04_Position,AwayDef04_Name,AwayDef04_ID,AwayDef05_Position,AwayDef05_Name,AwayDef05_ID,AwayDef06_Position,AwayDef06_Name,AwayDef06_ID,AwayDef07_Position,AwayDef07_Name,AwayDef07_ID,AwayDef08_Position,AwayDef08_Name,AwayDef08_ID,AwayDef09_Position,AwayDef09_Name,AwayDef09_ID,AwayDef10_Position,AwayDef10_Name,AwayDef10_ID,AwayDef11_Position,AwayDef11_Name,AwayDef11_ID,Official01_Role,Official01_Name,Official02_Role,Official02_Name,Official03_Role,Official03_Name,Official04_Role,Official04_Name,Official05_Role,Official05_Name,Official06_Role,Official06_Name,Official07_Role,Official07_Name
202309070kan,2023-09-07,Thursday,8:20pm,Kansas City Chiefs,Detroit Lions,kan,det,20,21,Andy Reid,Dan Campbell,GEHA Field at Arrowhead Stadium,73522,3:02,outdoors,grass,,QB,Patrick Mahomes,MahoPa00,RB,Clyde Edwards-Helaire,EdwaCl00,WR,Marquez Valdes-Scantling,ValdMa00,WR,Kadarius Toney,ToneKa00,WR,Skyy Moore,MoorSk01,TE,Noah Gray,GrayNo00,T,Jawaan Taylor,TaylJa02,T,Donovan Smith,SmitDo02,G,Joe Thuney,ThunJo00,G,Trey Smith,SmitTr05,C,Creed Humphrey,HumpCr00,DE,Michael Danna,DannMi00,DE,George Karlaftis III,KarlGe00,DT,Tershawn Wharton,WharTe00,DT,Derrick Nnadi,NnadDe00,LB,Willie Gay Jr.,GayJWi00,LB,Nick Bolton,BoltNi00,CB,L'Jarius Sneed,SneeLJ00,CB,Trent McDuffie,McDuTr00,DB,Chamarri Conner,ConnCh01,S,Justin Reid,ReidJu00,S,Bryan Cook,CookBr02,QB,Jared Goff,GoffJa00,RB,David Montgomery,MontDa01,WR,Amon-Ra St. Brown,StxxAm00,WR,Josh Reynolds,ReynJo00,WR,Marvin Jones,JoneMa02,TE,Sam LaPorta,LaPoSa01,T,Penei Sewell,SewePe00,T,Taylor Decker,DeckTa00,G,Halapoulivaati Vaitai,VaitHa00,G,Jonah Jackson,JackJo03,C,Frank Ragnow,RagnFr00,DL,Benito Jones,JoneBe03,DL,Aidan Hutchinson,HutcAi00,DL,Alim McNeill,McNeAl00,DL,Charles Harris,HarrCh03,DL,John Cominsky,ComiJo00,LB,Derrick Barnes,BarnDe02,LB,Alex Anzalone,AnzaAl00,CB,Jerry Jacobs,JacoJe00,CB,Cameron Sutton,SuttCa00,DB,C.J. Gardner-Johnson,GardCh00,S,Kerby Joseph,JoseKe03,Referee,John Hussey,Umpire,Carl Paganelli,Down Judge,Frank LeBlanc,Line Judge,Carl Johnson,Back Judge,Matt Edwards,Side Judge,Allen Baynes,Field Judge,Anthony Flemming
202309100atl,2023-09-10,Sunday,1:00pm,Atlanta Falcons,Carolina Panthers,atl,car,24,10,Arthur Smith,Frank Reich,Mercedes-Benz Stadium,69597,3:06,retractable roof (closed),fieldturf,,QB,Desmond Ridder,RiddDe00,RB,Bijan Robinson,RobiBi01,FB,Keith Smith,SmitKe03,WR,Drake London,LondDr00,TE,MyCole Pruitt,PruiMy00,TE,Kyle Pitts,PittKy00,OL,Matthew Bergeron,BergMa00,OL,Drew Dalman,DalmDr00,T,Jake Matthews,MattJa00,T,Kaleb McGary,McGaKa00,G,Chris Lindstrom,LindCh00,DL,Calais Campbell,CampCa99,DL,Grady Jarrett,JarrGr00,DL,David Onyemata,OnyeDa00,OLB,Bud Dupree,DuprAl00,LB,Troy Andersen,AndeTr00,LB,Kaden Elliss,ElliKa00,CB,Tre Flowers,FlowTr01,CB,DeAundre Alford,AlfoDe00,CB,AJ Terrell,TerrAJ00,S,Richie Grant,GranRi00,S,Jessie Bates III,BateJe00,QB,Bryce Young,YounBr01,RB,Miles Sanders,SandMi01,WR,Adam Thielen,ThieAd00,WR,Jonathan Mingo,MingJo00,WR,Terrace Marshall Jr.,MarsTe00,TE,Hayden Hurst,HursHa00,OL,Bradley Bozeman,BozeBr00,T,Taylor Moton,MotoTa00,T,Ikem Ekwonu,EkwoIk00,G,Chandler Zavala,ZavaCh00,G,Brady Christensen,ChriBr00,DT,Shy Tuttle,TuttSh00,DT,Derrick Brown,BrowDe05,OLB,Justin Houston,HousJu00,OLB,Brian Burns,BurnBr00,LB,Frankie Luvu,LuvuFr00,LB,Shaq Thompson,ThomSh01,CB,Donte Jackson,JackDo02,CB,Jaycee Horn,HornJa00,S,Jeremy Chinn,ChinJe00,S,Xavier Woods,WoodXa00,S,Vonn Bell,BellVo00,Referee,Brad Rogers,Umpire,Ramon George,Down Judge,Kent Payne,Line Judge,Kevin Codey,Back Judge,Tyree Walton,Side Judge,Anthony Jeffries,Field Judge,Aaron Santi
202309100chi,2023-09-10,Sunday,4:25pm,Chicago Bears,Green Bay Packers,chi,gnb,20,38,Matt Eberflus,Matt LaFleur,Soldier Field,62456,3:10,outdoors,grass,"75 degrees, relative humidity 53%, wind 7 mph",QB,Justin Fields,FielJu00,RB,Khalil Herbert,HerbKh00,WR,Chase Claypool,ClayCh01,WR,D.J. Moore,,WR,Darnell Mooney,MoonDa00,TE,Cole Kmet,KmetCo00,OL,Braxton Jones,JoneBr08,OL,Darnell Wright,WrigDa00,OL,Cody Whitehair,WhitCo03,OL,Lucas Patrick,PatrLu00,OL,Nate Davis,DaviNa01,DL,Andrew Billings,BillAn00,DL,Justin Jones,JoneJu03,DL,Yannick Ngakoue,NgakYa00,DL,Gervon Dexter,DextGe00,DL,DeMarcus Walker,WalkDe03,LB,T.J. Edwards,EdwaTJ02,LB,Tremaine Edmunds,EdmuTr01,DB,Jaylon Johnson,JohnJa13,DB,Eddie Jackson,JackEd01,DB,Tyrique Stevenson,StevTy01,DB,Jaquan Brisker,BrisJa01,QB,Jordan Love,LoveJo03,RB,Aaron Jones,JoneAa00,WR,Jayden Reed,ReedJa03,WR,Malik Heath,HeatMa00,TE,Josiah Deguara,DeguJo00,TE,Luke Musgrave,MusgLu00,OL,Zach Tom,TomxZa00,OL,Josh Myers,MyerJo00,OL,Elgton Jenkins,JenkEl00,T,David Bakhtiari,BakhDa00,G,Jon Runyan Jr.,RunyJo00,DL,Kenny Clark,ClarKe01,DL,Tedarrell Slaton,SlatTe00,LB,Kingsley Enagbare,EnagKi00,LB,De'Vondre Campbell,CampDe00,LB,Preston Smith,SmitPr00,LB,Quay Walker,WalkQu00,CB,Rasul Douglas,DougRa00,CB,Keisean Nixon,NixoKe00,CB,Jaire Alexander,AlexJa00,S,Rudy Ford,FordRu00,S,Darnell Savage Jr.,SavaDa00,Referee,Craig Wrolstad,Umpire,Steve Woods,Down Judge,Jim Mello,Line Judge,Tripp Sutter,Back Judge,Grantis Bell,Side Judge,Frank Steratore,Field Judge,Jeff Shears
202309100cle,2023-09-10,Sunday,1:00pm,Cleveland Browns,Cincinnati Bengals,cle,cin,24,3,Kevin Stefanski,Zac Taylor,Cleveland Browns Stadium,67919,3:03,outdoors,grass,"68 degrees, relative humidity 83%, wind 8 mph",QB,Deshaun Watson,WatsDe00,RB,Nick Chubb,ChubNi00,WR,Amari Cooper,CoopAm00,WR,Donovan Peoples-Jones,PeopDo00,WR,Elijah Moore,MoorEl00,TE,David Njoku,NjokDa00,T,Jack Conklin,ConkJa00,T,Jedrick Wills Jr.,WillJe04,G,Joel Bitonio,BitoJo00,G,Wyatt Teller,TellWy00,C,Ethan Pocic,PociEt00,DE,Myles Garrett,GarrMy00,DE,Za'Darius Smith,SmitZa00,DT,Jordan Elliott,ElliJo02,DT,Dalvin Tomlinson,TomlDa00,LB,Jeremiah Owusu-Koramoah,OwusJe00,LB,Anthony Walker,WalkAn01,CB,Martin Emerson,EmerMa00,CB,Greg Newsome II,NewsGr00,CB,Denzel Ward,WardDe02,S,Rodney McLeod,McLeRo00,S,Grant Delpit,DelpGr00,QB,Joe Burrow,BurrJo01,RB,Joe Mixon,MixoJo00,WR,Tyler Boyd,BoydTy00,WR,Ja'Marr Chase,ChasJa00,WR,Tee Higgins,HiggTe00,TE,Irv Smith Jr.,SmitIr01,T,Orlando Brown Jr.,BrowOr00,T,Jonah Williams,WillJo10,G,Alex Cappa,CappAl00,G,Cordell Volson,VolsCo02,C,Ted Karras,KarrTe00,DE,Sam Hubbard,HubbSa00,DE,Trey Hendrickson,HendTr00,DT,D.J. Reader,,DT,B.J. Hill,,LB,Germaine Pratt,PratGe00,LB,Logan Wilson,WilsLo00,CB,Chidobe Awuzie,AwuzCh00,CB,Mike Hilton,HiltMi01,CB,Cam Taylor-Britt,TaylCa01,S,Nick Scott,ScotNi01,S,Daxton Hill,HillDa04,Referee,Clete Blakeman,Umpire,Scott Campbell,Down Judge,Dana McKenzie,Line Judge,Julian Mapp,Back Judge,Jonah Monroe,Side Judge,Lo Van,Field Judge,Terry Brown
202309100clt,2023-09-10,Sunday,1:00pm,Indianapolis Colts,Jacksonville Jaguars,clt,jax,21,31,Shane Steichen,Doug Pederson,Lucas Oil Stadium,65749,3:12,retractable roof (closed),fieldturf,,QB,Anthony Richardson,RichAn03,RB,Deon Jackson,JackDe02,WR,Josh Downs,DownJo00,WR,Michael Pittman Jr.,PittMi01,WR,Alec Pierce,PierAl00,TE,Andrew Ogletree,OgleAn00,OL,Will Fries,FrieWi00,T,Braden Smith,SmitBr06,T,Bernhard Raimann,RaimBe00,G,Quenton Nelson,NelsQu00,C,Ryan Kelly,KellRy00,DE,Samson Ebukam,EbukSa00,DE,Kwity Paye,PayeKw00,DT,Grover Stewart,StewGr00,DT,DeForest Buckner,BuckDe00,LB,Shaquille Leonard,LeonDa00,LB,Zaire Franklin,FranZa00,CB,Kenny Moore,MoorKe03,CB,Dallis Flowers,FlowDa00,CB,Darrell Baker,BakeDa02,S,Rodney Thomas II,ThomRo07,S,Julian Blackmon,BlacJu01,QB,Trevor Lawrence,LawrTr00,RB,Travis Etienne,EtieTr00,WR,Calvin Ridley,RidlCa00,WR,Christian Kirk,KirkCh01,WR,Zay Jones,JoneZa00,TE,Evan Engram,EngrEv00,OL,Ben Bartch,BartBe00,OL,Brandon Scherff,ScheBr00,OL,Walker Little,LittWa00,OL,Luke Fortner,FortLu01,T,Anton Harrison,HarrAn00,DL,Folorunso Fatukasi,FatuFo00,DL,Roy Robertson-Harris,RobeRo00,OLB,Josh Hines-Allen,AlleJo03,OLB,Travon Walker,WalkTr03,LB,Devin Lloyd,LloyDe00,LB,Foyesade Oluokun,OluoFo00,CB,Tre Herndon,HernTr00,CB,Tyson Campbell,CampTy01,CB,Darious Williams,WillDa09,S,Rayshawn Jenkins,JenkRa00,S,Andre Cisco,CiscAn00,Referee,Clay Martin,Umpire,James Carter,Down Judge,Jerod Phillips,Line Judge,Greg Bradley,Back Judge,Greg Wilson,Side Judge,Dave Hawkshaw,Field Judge,Alonzo Ramsey
202309100den,2023-09-10,Sunday,4:25pm,Denver Broncos,Las Vegas Raiders,den,rai,16,17,Sean Payton,Josh McDaniels,Empower Field at Mile High,76299,2:55,outdoors,grass,"64 degrees, relative humidity 65%, wind 12 mph",QB,Russell Wilson,WilsRu00,RB,Javonte Williams,WillJa10,WR,Courtland Sutton,SuttCo00,WR,Lil'Jordan Humphrey,HumpLi01,TE,Adam Trautman,TrauAd00,TE,Greg Dulcich,DulcGr00,OL,Quinn Meinerz,MeinQu02,T,Garett Bolles,BollGa00,T,Mike McGlinchey,McGlMi00,G,Ben Powers,PoweBe00,C,Lloyd Cushenberry III,CushLl00,DL,Jonathan Harris,HarrJo05,DE,Zach Allen,AlleZa01,DT,D.J. Jones,,OLB,Randy Gregory,GregRa00,OLB,Jonathon Cooper,CoopJo02,LB,Josey Jewell,JeweJo00,LB,Alex Singleton,SingAl00,CB,Damarri Mathis,MathDa00,CB,Patrick Surtain II,SurtPa01,S,Kareem Jackson,JackKa99,S,Justin Simmons,SimmJu00,QB,Jimmy Garoppolo,GaroJi00,RB,Josh Jacobs,JacoJo01,FB,Jakob Johnson,JohnJa12,WR,Davante Adams,AdamDa01,WR,Jakobi Meyers,MeyeJa01,OL,Jermaine Eluemunor,ElueJe00,T,Thayer Munford,MunfTh00,T,Kolton Miller,MillKo00,G,Greg Van Roten,VanRGr00,G,Dylan Parham,ParhDy00,C,Andre James,JameAn01,DE,Maxx Crosby,CrosMa00,DT,John Jenkins,JenkJo00,DT,Bilal Nichols,NichBi00,DT,Jerry Tillery,TillJe00,LB,Divine Deablo,DeabDi00,LB,Robert Spillane,SpilRo00,CB,Nate Hobbs,HobbNa00,CB,Marcus Peters,PeteMa00,CB,Jakorian Bennett,BennJa00,S,Marcus Epps,EppsMa00,S,Tre'von Moehrig,MoehTr00,Referee,Bill Vinovich,Umpire,Alex Moore,Down Judge,Dale Keller,Line Judge,Mark Perlman,Back Judge,Jimmy Russell,Side Judge,Jimmy Buchanan,Field Judge,Joe Blubaugh
202309100min,2023-09-10,Sunday,1:00pm,Minnesota Vikings,Tampa Bay Buccaneers,min,tam,17,20,Kevin O'Connell,Todd Bowles,U.S. Bank Stadium,66741,3:03,dome,sportturf,,QB,Kirk Cousins,CousKi00,RB,Alexander Mattison,MattAl01,WR,K.J. Osborn,OsboKJ00,WR,Justin Jefferson,JeffJu00,TE,T.J. Hockenson,HockTJ00,TE,Josh Oliver,OlivJo00,T,Christian Darrisaw,DarrCh00,T,Brian O'Neill,ONeiBr00,G,Ezra Cleveland,ClevEz00,G,Ed Ingram,IngrEd00,C,Garrett Bradbury,BradGa00,DL,Jonathan Bullard,BullJo00,DL,Harrison Phillips,PhilHa00,DL,Dean Lowry,LowrDe00,OLB,Danielle Hunter,HuntDa01,OLB,D.J. Wonnum,WonnDJ00,LB,Jordan Hicks,HickJo00,CB,Byron Murphy,MurpBy00,CB,Akayleb Evans,EvanAk00,S,Josh Metellus,MeteJo00,S,Camryn Bynum,BynuCa00,S,Harrison Smith,SmitHa00,QB,Baker Mayfield,MayfBa00,RB,Rachaad White,WhitRa01,WR,Mike Evans,EvanMi00,WR,Chris Godwin,GodwCh00,TE,Cade Otton,OttoCa00,TE,Ko Kieft,KiefKo00,OL,Matt Feiler,FeilMa00,OL,Robert Hainsey,HainRo00,T,Tristan Wirfs,WirfTr00,G,Luke Goedeke,GoedLu00,G,Cody Mauch,MaucCo00,DL,Logan Hall,HallLo00,DL,Calijah Kancey,KancCa00,DL,Vita Vea,VeaxVi00,OLB,Joe Tryon-Shoyinka,TryoJo00,OLB,Shaquil Barrett,BarrSh00,LB,Lavonte David,DaviLa00,LB,Devin White,WhitDe02,CB,Jamel Dean,DeanJa00,CB,Carlton Davis,DaviCa02,S,Ryan Neal,NealRy00,S,Antoine Winfield Jr.,WinfAn00,Referee,Scott Novak,Umpire,Mark Pellis,Down Judge,Brian Sakowski,Line Judge,Mark Stewart,Back Judge,Terrence Miles,Side Judge,David Meslow,Field Judge,Tra Boger
202309100nor,2023-09-10,Sunday,1:00pm,New Orleans Saints,Tennessee Titans,nor,oti,16,15,Dennis Allen,Mike Vrabel,Caesars Superdome,70024,3:17,dome,sportturf,,QB,Derek Carr,CarrDe02,RB,Jamaal Williams,WillJa06,WR,Michael Thomas,ThomMi05,WR,Chris Olave,OlavCh00,TE,Juwan Johnson,JohnJu02,TE,Foster Moreau,MoreFo00,OL,Erik McCoy,McCoEr01,OL,Cesar Ruiz,RuizCe00,OL,James Hurst,HursJa00,T,Trevor Penning,PennTr00,T,Ryan Ramczyk,RamcRy00,DE,Cameron Jordan,JordCa00,DE,Carl Granderson,GranCa01,DT,Khalen Saunders,SaunKh00,DT,Nathan Shepherd,ShepNa00,LB,Demario Davis,DaviDe00,LB,Pete Werner,WernPe00,LB,Zack Baun,BaunZa00,CB,Marshon Lattimore,LattMa01,CB,Paulson Adebo,AdebPa00,S,Tyrann Mathieu,MathTy00,S,Marcus Maye,MayeMa00,QB,Ryan Tannehill,TannRy00,RB,Derrick Henry,HenrDe00,WR,Treylon Burks,BurkTr00,WR,DeAndre Hopkins,HopkDe00,TE,Trevon Wesco,WescTr00,TE,Chig Okonkwo,OkonCh00,OL,Aaron Brewer,BrewAa01,OL,Daniel Brunskill,BrunDa00,OL,Peter Skoronski,SkorPe00,OL,Chris Hubbard,HubbCh00,T,Andre Dillard,DillAn00,DL,Denico Autry,AutrDe00,DT,Kyle Peko,PekoKy00,DT,Jeffery Simmons,SimmJe01,DT,Teair Tart,TartTe00,OLB,Harold Landry,LandHa00,LB,Jack Gibbens,GibbJa00,LB,Azeez Al-Shaair,AlShAz00,CB,Kristian Fulton,FultKr00,CB,Sean Murphy-Bunting,BuntSe00,DB,Amani Hooker,HookAm00,S,Kevin Byard,ByarKe01,Referee,Ron Torbert,Umpire,Barry Anderson,Down Judge,Max Causey,Line Judge,Maia Chaka,Back Judge,Tony Josselyn,Side Judge,Keith Washington,Field Judge,Ryan Dickson
202309100nwe,2023-09-10,Sunday,4:25pm,New England Patriots,Philadelphia Eagles,nwe,phi,20,25,Bill Belichick,Nick Sirianni,Gillette Stadium,64628,3:14,outdoors,fieldturf,"71 degrees, relative humidity 96%, wind 5 mph",QB,Mac Jones,JoneMa05,RB,Rhamondre Stevenson,StevRh00,WR,Kendrick Bourne,BourKe00,WR,JuJu Smith-Schuster,SmitJu00,TE,Mike Gesicki,GesiMi00,TE,Hunter Henry,HenrHu00,OL,Calvin Anderson,AndeCa00,OL,Sidy Sow,SowxSi00,OL,Trent Brown,BrowTr02,OL,Atonio Mafi,MafiAt00,C,David Andrews,AndrDa00,DL,Davon Godchaux,GodcDa00,DL,Christian Barmore,BarmCh00,DL,Deatrich Wise Jr.,WiseDe00,LB,Matt Judon,JudoMa00,LB,Ja'Whaun Bentley,BentJa00,LB,Jahlani Tavai,TavaJa00,CB,Christian Gonzalez,GonzCh00,DB,Jonathan Jones,JoneJo03,DB,Kyle Dugger,DuggKy00,DB,Jabrill Peppers,PeppJa00,DB,Myles Bryant,BryaMy01,QB,Jalen Hurts,HurtJa00,RB,Kenneth Gainwell,GainKe00,WR,Quez Watkins,WatkQu00,WR,A.J. Brown,BrowAJ00,WR,DeVonta Smith,SmitDe07,TE,Dallas Goedert,GoedDa00,OL,Cam Jurgens,JurgCa01,T,Jordan Mailata,MailJo00,T,Lane Johnson,JohnLa01,G,Landon Dickerson,DickLa00,C,Jason Kelce,KelcJa00,DE,Josh Sweat,SweaJo00,DT,Milton Williams,WillMi08,DT,Jordan Davis,DaviJo03,DT,Fletcher Cox,CoxxFl00,OLB,Haason Reddick,ReddHa00,LB,Nakobe Dean,DeanNa00,LB,Zach Cunningham,CunnZa00,CB,Darius Slay,SlayDa00,CB,James Bradberry,BradJa00,S,Justin Evans,EvanJu00,S,Reed Blankenship,BlanRe00,Referee,Shawn Hochuli,Umpire,Terry Killens,Down Judge,Patrick Holt,Line Judge,Tim Podraza,Back Judge,Rich Martinez,Side Judge,Chad Hill,Field Judge,Jason Ledet
202309100nyg,2023-09-10,Sunday,8:20pm,New York Giants,Dallas Cowboys,nyg,dal,0,40,Brian Daboll,Mike McCarthy,MetLife Stadium,80809,2:55,outdoors,fieldturf,"74 degrees, relative humidity 82%, wind 3 mph",QB,Daniel Jones,JoneDa05,RB,Saquon Barkley,BarkSa00,WR,Parris Campbell,CampPa00,WR,Isaiah Hodgins,HodgIs00,TE,Daniel Bellinger,BellDa00,TE,Darren Waller,WallDa01,T,Andrew Thomas,ThomAn02,T,Evan Neal,NealEv00,G,Ben Bredeson,BredBe00,G,Mark Glowinski,GlowMa00,C,John Michael Schmitz,MichJo00,DL,Leonard Williams,WillLe02,DL,Dexter Lawrence,LawrDe03,OLB,Azeez Ojulari,OjulAz00,OLB,Kayvon Thibodeaux,ThibKa00,LB,Micah McFadden,McFaMi01,LB,Bobby Okereke,OkerBo00,CB,Adoree' Jackson,JackAd00,CB,Tre Hawkins,HawkTr00,CB,Deonte Banks,BankDe00,S,Xavier McKinney,McKiXa00,S,Jason Pinnock,PinnJa01,QB,Dak Prescott,PresDa01,RB,Tony Pollard,PollTo00,WR,Brandin Cooks,CookBr00,WR,Michael Gallup,GallMi00,WR,CeeDee Lamb,LambCe00,TE,Jake Ferguson,FergJa00,T,Terence Steele,SteeTe01,T,Tyron Smith,SmitTy00,G,Chuma Edoga,EdogCh00,G,Zack Martin,MartZa00,C,Tyler Biadasz,BiadTy00,DE,DeMarcus Lawrence,LawrDe00,DT,Johnathan Hankins,HankJo00,DT,Osa Odighizuwa,OdigOs00,LB,Leighton Vander Esch,VandLe00,LB,Micah Parsons,ParsMi00,LB,Damone Clark,ClarDa02,CB,Stephon Gilmore,GilmSt00,CB,Trevon Diggs,DiggTr00,S,Jayron Kearse,KearJa00,S,Malik Hooker,HookMa00,S,Juanyeh Thomas,ThomJu03,Referee,Adrian Hill,Umpire,Roy Ellison,Down Judge,David Oliver,Line Judge,Brett Bergman,Back Judge,Greg Steed,Side Judge,Jim Quirk,Field Judge,Mearl Robinson
202309100pit,2023-09-10,Sunday,1:00pm,Pittsburgh Steelers,San Francisco 49ers,pit,sfo,7,30,Mike Tomlin,Kyle Shanahan,Acrisure Stadium,67679,3:04,outdoors,grass,"72 degrees, relative humidity 83%, wind 3 mph",QB,Kenny Pickett,PickKe00,RB,Najee Harris,HarrNa00,WR,Allen Robinson,RobiAl02,WR,Diontae Johnson,JohnDi01,WR,George Pickens,PickGe00,TE,Pat Freiermuth,FreiPa00,OL,James Daniels,DaniJa01,OL,Chukwuma Okorafor,OkorCh00,T,Dan Moore,MoorDa05,G,Isaac Seumalo,SeumIs00,C,Mason Cole,ColeMa02,DT,Montravius Adams,AdamMo00,DT,Cameron Heyward,HeywCa01,DT,Larry Ogunjobi,OgunLa00,LB,T.J. Watt,,LB,Elandon Roberts,RobeEl00,LB,Cole Holcomb,HolcCo00,LB,Alex Highsmith,HighAl02,CB,Patrick Peterson,PetePa00,CB,Levi Wallace,WallLe00,S,Keanu Neal,NealKe01,S,Minkah Fitzpatrick,FitzMi00,QB,Brock Purdy,PurdBr00,RB,Christian McCaffrey,McCaCh01,FB,Kyle Juszczyk,JuszKy00,WR,Brandon Aiyuk,AiyuBr00,WR,Deebo Samuel,SamuDe00,TE,George Kittle,KittGe00,OL,Aaron Banks,BankAa00,OL,Jake Brendel,BrenJa01,OL,Spencer Burford,BurfSp00,OL,Colton McKivitz,McKiCo00,T,Trent Williams,WillTr21,DL,Javon Hargrave,HargJa00,DL,Clelin Ferrell,FerrCl00,DL,Nick Bosa,BosaNi00,DL,Arik Armstead,ArmsAr01,LB,Dre Greenlaw,GreeDr00,LB,Fred Warner,WarnFr00,CB,Ambry Thomas,ThomAm00,CB,Charvarius Ward,WardCh01,DB,Deommodore Lenoir,LenoDe00,S,Talanoa Hufanga,HufaTa00,S,Tashaun Gipson,GipsTa00,Referee,Alex Kemp,Umpire,Mike Morton,Down Judge,Danny Short,Line Judge,Rusty Baynes,Back Judge,Scott Helverson,Side Judge,James Coleman,Field Judge,Sean Petty
202309100rav,2023-09-10,Sunday,1:00pm,Baltimore Ravens,Houston Texans,rav,htx,25,9,John Harbaugh,DeMeco Ryans,M&amp;T Bank Stadium,70136,3:16,outdoors,grass,"78 degrees, relative humidity 76%, wind 2 mph",QB,Lamar Jackson,JackLa00,RB,J.K. Dobbins,DobbJK00,WR,Odell Beckham Jr.,BeckOd00,WR,Zay Flowers,FlowZa00,WR,Nelson Agholor,AghoNe00,TE,Isaiah Likely,LikeIs00,T,Morgan Moses,MoseMo00,T,Ronnie Stanley,StanRo00,G,John Simpson,SimpJo00,G,Kevin Zeitler,ZeitKe00,C,Tyler Linderbaum,LindTy00,DT,Nnamdi Madubuike,MaduJu00,DT,Broderick Washington Jr.,WashBr01,NT,Michael Pierce,PierMi00,OLB,Odafe Oweh,OwehJa00,LB,Malik Harrison,HarrMa06,LB,Patrick Queen,QueePa00,LB,Roquan Smith,SmitRo07,CB,Ronald Darby,DarbRo00,DB,Brandon Stephens,StepBr01,S,Kyle Hamilton,HamiKy00,S,Marcus Williams,WillMa06,QB,C.J. Stroud,StroCJ00,RB,Dameon Pierce,PierDa01,FB,Andrew Beck,BeckAn01,WR,Robert Woods,WoodRo02,WR,Nico Collins,CollNi00,TE,Teagan Quitoriano,QuitTe00,OL,Jarrett Patterson,PattJa03,T,George Fant,FantGe00,T,Laremy Tunsil,TunsLa00,T,Josh Jones,JoneJo07,G,Shaq Mason,MasoSh01,DE,Will Anderson,AndeWi01,DE,Jonathan Greenard,GreeJo04,DT,Sheldon Rankins,RankSh00,DT,Maliek Collins,CollMa00,MLB,Denzel Perryman,PerrDe00,LB,Christian Harris,HarrCh06,CB,Steven Nelson,NelsSt01,CB,Derek Stingley Jr.,StinDe00,CB,Tavierre Thomas,ThomTa01,S,Jalen Pitre,PitrJa00,S,Eric Murray,MurrEr00,Referee,Tra Blake,Umpire,Tony Michalek,Down Judge,Patrick Turner,Line Judge,Daniel Gallagher,Back Judge,Todd Prukop,Side Judge,Don Willard,Field Judge,Tom Hill
202309100sdg,2023-09-10,Sunday,4:25pm,Los Angeles Chargers,Miami Dolphins,sdg,mia,34,36,Brandon Staley,Mike McDaniel,SoFi Stadium,70240,3:13,dome,matrixturf,,QB,Justin Herbert,HerbJu00,RB,Austin Ekeler,EkelAu00,WR,Mike Williams,WillMi07,WR,Keenan Allen,AlleKe00,TE,Gerald Everett,EverGe00,TE,Donald Parham,ParhDo00,OL,Jamaree Salyer,SalyJa00,T,Rashawn Slater,SlatRa00,T,Trey Pipkins,PipkTr00,G,Zion Johnson,JohnZi00,C,Corey Linsley,LinsCo00,DL,Sebastian Joseph-Day,JoseSe00,DL,Nick Williams,WillNi01,DL,Austin Johnson,JohnAu01,OLB,Khalil Mack,MackKh00,OLB,Joey Bosa,BosaJo00,LB,Eric Kendricks,KendEr00,LB,Kenneth Murray,MurrKe00,CB,J.C. Jackson,,CB,Michael Davis,DaviMi03,S,Derwin James,JameDe00,S,Alohi Gilman,GilmAl00,QB,Tua Tagovailoa,TagoTu00,RB,Raheem Mostert,MostRa00,FB,Alec Ingold,IngoAl01,WR,Jaylen Waddle,WaddJa00,WR,Tyreek Hill,HillTy00,TE,Durham Smythe,SmytDu00,OL,Connor Williams,WillCo00,OL,Robert Hunt,HuntRo01,OL,Austin Jackson,JackAu00,T,Kendall Lamm,LammKe00,T,Isaiah Wynn,WynnIs00,DT,Zach Sieler,SielZa00,DT,Christian Wilkins,WilkCh00,DT,Raekwon Davis,DaviRa03,LB,Jerome Baker,BakeJe00,LB,David Long,LongDa04,LB,Jaelan Phillips,PhilJa02,LB,Bradley Chubb,ChubBr00,CB,Kader Kohou,KohoKa00,CB,Xavien Howard,HowaXa00,S,Jevon Holland,HollJe02,S,DeShon Elliott,ElliDe02,Referee,Brad Allen,Umpire,Duane Heydt,Down Judge,Sarah Thomas,Line Judge,Walter Flowers,Back Judge,Greg Yette,Side Judge,Boris Cheek,Field Judge,Rick Patterson
202309100sea,2023-09-10,Sunday,4:25pm,Seattle Seahawks,Los Angeles Rams,sea,ram,13,30,Pete Carroll,Sean McVay,Lumen Field,68683,3:02,outdoors,fieldturf,"74 degrees, relative humidity 50%, wind 9 mph",QB,Geno Smith,SmitGe00,RB,Kenneth Walker III,WalkKe00,WR,D.K. Metcalf,MetcDK00,WR,Tyler Lockett,LockTy00,TE,Will Dissly,DissWi00,TE,Noah Fant,FantNo00,T,Charles Cross,CrosCh00,T,Abraham Lucas,LucaAb00,G,Phil Haynes,HaynPh00,G,Damien Lewis,LewiDa05,C,Evan Brown,BrowEv00,DE,Dre'Mont Jones,JoneDr00,DE,Jarran Reed,ReedJa02,LB,Boye Mafe,MafeBo00,LB,Uchenna Nwosu,NwosUc00,LB,Bobby Wagner,WagnBo00,LB,Jordyn Brooks,BrooJo01,CB,Coby Bryant,BryaCo01,CB,Tre Brown,BrowTr03,CB,Riq Woolen,WoolTa00,FS,Quandre Diggs,DiggQu00,S,Julian Love,LoveJu00,QB,Matthew Stafford,StafMa00,RB,Cam Akers,AkerCa00,WR,Tutu Atwell,AtweTu00,WR,Van Jefferson,JeffVa00,WR,Puka Nacua,NacuPu00,TE,Tyler Higbee,HigbTy00,T,Rob Havenstein,HaveRo00,T,Alaric Jackson,JackAl01,T,Joseph Noteboom,NoteJo00,G,Steve Avila,AvilSt00,G,Coleman Shelton,ShelCo00,DE,Jonah Williams,WillJo16,DT,Aaron Donald,DonaAa00,NT,Bobby Brown,BrowBo04,OLB,Byron Young,YounBy01,OLB,Michael Hoecht,HoecMi00,LB,Christian Rozeboom,RozeCh00,LB,Ernest Jones,JoneEr01,DB,Derion Kendrick,KendDe00,DB,Ahkello Witherspoon,WithAh00,DB,Russ Yeast,YeasRu00,DB,Jordan Fuller,FullJo01,Referee,Shawn Smith,Umpire,Bryan Neale,Down Judge,Jay Bilbo,Line Judge,Jeff Seeman,Back Judge,Dino Paganelli,Side Judge,Clay Reynard,Field Judge,Dyrol Prioleau
202309100was,2023-09-10,Sunday,1:00pm,Washington Commanders,Arizona Cardinals,was,crd,20,16,Ron Rivera,Jonathan Gannon,FedExField,64693,3:08,outdoors,grass,"76 degrees, relative humidity 84%, wind 2 mph",QB,Sam Howell,HoweSa00,RB,Brian Robinson Jr.,RobiBr01,WR,Jahan Dotson,DotsJa00,WR,Terry McLaurin,McLaTe00,TE,John Bates,BateJo00,TE,Logan Thomas,ThomLo00,OL,Andrew Wylie,WyliAn00,OL,Saahdiq Charles,CharSa00,T,Samuel Cosmi,CosmSa00,T,Charles Leno Jr.,LenoCh00,C,Nick Gates,GateNi00,DE,James Smith-Williams,SmitJa08,DE,Montez Sweat,SweaMo00,DT,Jonathan Allen,AlleJo01,DT,Daron Payne,PaynDa00,LB,Jamin Davis,DaviJa11,LB,Cody Barton,BartCo00,CB,Kendall Fuller,FullKe00,CB,Emmanuel Forbes,ForbEm00,CB,Benjamin St-Juste,StJuBe00,S,Darrick Forrest,ForrDa00,S,Kamren Curl,CurlKa00,QB,Joshua Dobbs,DobbJo00,RB,James Conner,ConnJa00,WR,Marquise Brown,BrowMa04,WR,Michael Wilson,WilsMi02,WR,Rondale Moore,MoorRo02,TE,Zach Ertz,ErtzZa00,OL,Will Hernandez,HernWi00,OL,Elijah Wilkinson,WilkEl00,OL,Paris Johnson,JohnPa03,OL,D.J. Humphries,,OL,Hjalte Froholdt,FrohHj00,DL,Jonathan Ledbetter,LedbJo01,DL,L.J. Collier,CollLJ00,DT,Leki Fotu,FotuLe00,OLB,Victor Dimukeje,DimuVi00,LB,Zaven Collins,CollZa00,LB,Kyzir White,WhitKy00,LB,Josh Woods,WoodJo02,CB,Marco Wilson,WilsMa04,CB,Kei'Trel Clark,ClarKe02,S,Budda Baker,BakeBu00,S,Jalen Thompson,ThomJa04,Referee,Alan Eck,Umpire,Tab Slaughter,Down Judge,Derick Bowers,Line Judge,Robin DeLorenzo,Back Judge,Greg Meyer,Side Judge,Dale Shaw,Field Judge,John Jenkins
202309110nyj,2023-09-11,Monday,8:15pm,New York Jets,Buffalo Bills,nyj,buf,22,16,Robert Saleh,Sean McDermott,MetLife Stadium,83345,2:58,outdoors,fieldturf,"72 degrees, relative humidity 88%, wind 3 mph",QB,Aaron Rodgers,RodgAa00,RB,Breece Hall,HallBr03,WR,Garrett Wilson,WilsGa00,WR,Allen Lazard,LazaAl00,TE,Tyler Conklin,ConkTy00,TE,C.J. Uzomah,,T,Mekhi Becton,BectMe00,T,Duane Brown,BrowDu20,G,Alijah Vera-Tucker,VeraAl00,G,Laken Tomlinson,TomlLa01,C,Connor McGovern,McGoCo00,DL,Quinton Jefferson,JeffQu00,DL,John Franklin-Myers,FranJo02,DL,Quinnen Williams,WillQu00,LB,C.J. Mosley,,LB,Jermaine Johnson II,JohnJe07,LB,Quincy Williams,WillQu01,CB,D.J. Reed,,CB,Sauce Gardner,GardSa00,S,Tony Adams,AdamTo03,S,Jordan Whitehead,WhitJo03,S,Adrian Amos,AmosAd00,QB,Josh Allen,AlleJo02,RB,James Cook,CookJa01,WR,Gabe Davis,DaviGa01,WR,Stefon Diggs,DiggSt00,TE,Dawson Knox,KnoxDa00,TE,Dalton Kincaid,KincDa00,T,Spencer Brown,BrowSp00,T,Dion Dawkins,DawkDi00,G,O'Cyrus Torrence,TorrOC00,G,Connor McGovern,McGoCo01,C,Mitch Morse,MorsMi00,DE,Gregory Rousseau,RousGr00,DE,Leonard Floyd,FloyLe00,DT,DaQuan Jones,JoneDa04,DT,Ed Oliver,OlivEd00,LB,Terrel Bernard,BernTe00,LB,Matt Milano,MilaMa00,CB,Tre'Davious White,WhitTr01,CB,Taron Johnson,JohnTa01,CB,Christian Benford,BenfCh00,S,Jordan Poyer,PoyeJo00,S,Micah Hyde,HydeMi00,Referee,Carl Cheffers,Umpire,Brandon Cruse,Down Judge,Mike Carr,Line Judge,Tom Eaton,Back Judge,Martin Hankins,Side Judge,Eugene Hall,Field Judge,Nathan Jones
202309140phi,2023-09-14,Thursday,8:15pm,Philadelphia Eagles,Minnesota Vikings,phi,min,34,28,Nick Sirianni,Kevin O'Connell,Lincoln Financial Field,69879,3:04,outdoors,grass,"72 degrees, relative humidity 43%, wind 8 mph",QB,Jalen Hurts,HurtJa00,RB,D'Andre Swift,SwifDA00,WR,A.J. Brown,BrowAJ00,WR,DeVonta Smith,SmitDe07,TE,Jack Stoll,StolJa00,TE,Dallas Goedert,GoedDa00,OL,Cam Jurgens,JurgCa01,T,Lane Johnson,JohnLa01,T,Jordan Mailata,MailJo00,G,Landon Dickerson,DickLa00,C,Jason Kelce,KelcJa00,DE,Josh Sweat,SweaJo00,DT,Milton Williams,WillMi08,DT,Jordan Davis,DaviJo03,DT,Fletcher Cox,CoxxFl00,OLB,Haason Reddick,ReddHa00,LB,Nicholas Morrow,MorrNi00,LB,Zach Cunningham,CunnZa00,CB,Avonte Maddox,MaddAv00,CB,Darius Slay,SlayDa00,CB,Josh Jobe,JobeJo00,S,Justin Evans,EvanJu00,QB,Kirk Cousins,CousKi00,RB,Alexander Mattison,MattAl01,FB,C.J. Ham,,WR,Jordan Addison,AddiJo00,WR,Justin Jefferson,JeffJu00,TE,Josh Oliver,OlivJo00,OL,Austin Schlottmann,SchlAu00,T,Brian O'Neill,ONeiBr00,G,Ezra Cleveland,ClevEz00,G,Oli Udoh,UdohOl01,G,Ed Ingram,IngrEd00,DL,Harrison Phillips,PhilHa00,OLB,D.J. Wonnum,WonnDJ00,OLB,Danielle Hunter,HuntDa01,OLB,Marcus Davenport,DaveMa00,LB,Ivan Pace,PaceIv00,LB,Jordan Hicks,HickJo00,CB,Byron Murphy,MurpBy00,CB,Akayleb Evans,EvanAk00,S,Josh Metellus,MeteJo00,S,Harrison Smith,SmitHa00,S,Camryn Bynum,BynuCa00,Referee,Clay Martin,Umpire,James Carter,Down Judge,Jerod Phillips,Line Judge,Greg Bradley,Back Judge,Greg Wilson,Side Judge,Dave Hawkshaw,Field Judge,Alonzo Ramsey
202309170atl,2023-09-17,Sunday,1:00pm,Atlanta Falcons,Green Bay Packers,atl,gnb,25,24,Arthur Smith,Matt LaFleur,Mercedes-Benz Stadium,69251,3:13,retractable roof (closed),fieldturf,,QB,Desmond Ridder,RiddDe00,RB,Tyler Allgeier,AllgTy00,RB,Bijan Robinson,RobiBi01,WR,Mack Hollins,HollMa00,WR,Drake London,LondDr00,TE,Kyle Pitts,PittKy00,OL,Drew Dalman,DalmDr00,OL,Matthew Bergeron,BergMa00,T,Jake Matthews,MattJa00,T,Kaleb McGary,McGaKa00,G,Chris Lindstrom,LindCh00,DL,Calais Campbell,CampCa99,DL,Grady Jarrett,JarrGr00,DL,David Onyemata,OnyeDa00,OLB,Bud Dupree,DuprAl00,OLB,Arnold Ebiketie,EbikAr00,LB,Kaden Elliss,ElliKa00,LB,Nathan Landman,LandNa01,CB,AJ Terrell,TerrAJ00,CB,Tre Flowers,FlowTr01,S,Richie Grant,GranRi00,S,Jessie Bates III,BateJe00,QB,Jordan Love,LoveJo03,RB,AJ Dillon,DillAJ00,WR,Dontayvion Wicks,WickDo00,WR,Romeo Doubs,DoubRo00,TE,Luke Musgrave,MusgLu00,TE,Josiah Deguara,DeguJo00,OL,Elgton Jenkins,JenkEl00,OL,Josh Myers,MyerJo00,OL,Zach Tom,TomxZa00,T,Rasheed Walker,WalkRa00,G,Jon Runyan Jr.,RunyJo00,DL,Kenny Clark,ClarKe01,DL,Tedarrell Slaton,SlatTe00,LB,De'Vondre Campbell,CampDe00,LB,Kingsley Enagbare,EnagKi00,LB,Quay Walker,WalkQu00,LB,Preston Smith,SmitPr00,CB,Keisean Nixon,NixoKe00,CB,Jaire Alexander,AlexJa00,CB,Rasul Douglas,DougRa00,S,Darnell Savage Jr.,SavaDa00,S,Rudy Ford,FordRu00,Referee,Tra Blake,Umpire,Tony Michalek,Down Judge,Patrick Turner,Line Judge,Daniel Gallagher,Back Judge,Todd Prukop,Side Judge,Don Willard,Field Judge,Tom Hill
202309170buf,2023-09-17,Sunday,1:00pm,Buffalo Bills,Las Vegas Raiders,buf,rai,38,10,Sean McDermott,Josh McDaniels,Highmark Stadium,70772,2:49,outdoors,a_turf,"70 degrees, relative humidity 57%, wind 4 mph",QB,Josh Allen,AlleJo02,RB,James Cook,CookJa01,WR,Gabe Davis,DaviGa01,WR,Stefon Diggs,DiggSt00,TE,Dawson Knox,KnoxDa00,TE,Dalton Kincaid,KincDa00,T,Spencer Brown,BrowSp00,T,Dion Dawkins,DawkDi00,G,O'Cyrus Torrence,TorrOC00,G,Connor McGovern,McGoCo01,C,Mitch Morse,MorsMi00,DE,Gregory Rousseau,RousGr00,DE,Leonard Floyd,FloyLe00,DT,DaQuan Jones,JoneDa04,DT,Ed Oliver,OlivEd00,LB,Terrel Bernard,BernTe00,LB,Matt Milano,MilaMa00,CB,Tre'Davious White,WhitTr01,CB,Taron Johnson,JohnTa01,CB,Christian Benford,BenfCh00,S,Jordan Poyer,PoyeJo00,S,Micah Hyde,HydeMi00,QB,Jimmy Garoppolo,GaroJi00,RB,Josh Jacobs,JacoJo01,WR,Kristian Wilkerson,WilkKr00,WR,DeAndre Carter,CartDe02,WR,Davante Adams,AdamDa01,TE,Austin Hooper,HoopAu00,OL,Jermaine Eluemunor,ElueJe00,T,Kolton Miller,MillKo00,G,Greg Van Roten,VanRGr00,G,Dylan Parham,ParhDy00,C,Andre James,JameAn01,DE,Malcolm Koonce,KoonMa00,DE,Maxx Crosby,CrosMa00,DT,John Jenkins,JenkJo00,DT,Bilal Nichols,NichBi00,LB,Divine Deablo,DeabDi00,LB,Robert Spillane,SpilRo00,CB,Nate Hobbs,HobbNa00,CB,Marcus Peters,PeteMa00,CB,Jakorian Bennett,BennJa00,S,Marcus Epps,EppsMa00,S,Tre'von Moehrig,MoehTr00,Referee,Craig Wrolstad,Umpire,Steve Woods,Down Judge,Jim Mello,Line Judge,Tripp Sutter,Back Judge,Grantis Bell,Side Judge,Frank Steratore,Field Judge,Jeff Shears
202309170cin,2023-09-17,Sunday,1:00pm,Cincinnati Bengals,Baltimore Ravens,cin,rav,24,27,Zac Taylor,John Harbaugh,Paycor Stadium,66015,3:01,outdoors,fieldturf,"72 degrees, relative humidity 54%, wind 4 mph",QB,Joe Burrow,BurrJo01,RB,Joe Mixon,MixoJo00,WR,Tyler Boyd,BoydTy00,WR,Ja'Marr Chase,ChasJa00,WR,Tee Higgins,HiggTe00,TE,Irv Smith Jr.,SmitIr01,T,Orlando Brown Jr.,BrowOr00,T,Jonah Williams,WillJo10,G,Alex Cappa,CappAl00,G,Cordell Volson,VolsCo02,C,Ted Karras,KarrTe00,DE,Sam Hubbard,HubbSa00,DE,Trey Hendrickson,HendTr00,DT,D.J. Reader,,DT,B.J. Hill,,LB,Germaine Pratt,PratGe00,LB,Logan Wilson,WilsLo00,CB,Chidobe Awuzie,AwuzCh00,CB,Mike Hilton,HiltMi01,CB,Cam Taylor-Britt,TaylCa01,S,Nick Scott,ScotNi01,S,Daxton Hill,HillDa04,QB,Lamar Jackson,JackLa00,RB,Justice Hill,HillJu00,WR,Odell Beckham Jr.,BeckOd00,WR,Zay Flowers,FlowZa00,TE,Mark Andrews,AndrMa00,TE,Isaiah Likely,LikeIs00,OL,Patrick Mekari,MekaPa00,T,Morgan Moses,MoseMo00,G,John Simpson,SimpJo00,G,Kevin Zeitler,ZeitKe00,C,Sam Mustipher,MustSa01,DT,Nnamdi Madubuike,MaduJu00,NT,Michael Pierce,PierMi00,OLB,Jadeveon Clowney,ClowJa00,OLB,Odafe Oweh,OwehJa00,LB,Patrick Queen,QueePa00,LB,Roquan Smith,SmitRo07,CB,Ronald Darby,DarbRo00,DB,Brandon Stephens,StepBr01,S,Kyle Hamilton,HamiKy00,S,Geno Stone,StonGe00,S,Ar'Darius Washington,WashAr00,Referee,Shawn Hochuli,Umpire,Terry Killens,Down Judge,Patrick Holt,Line Judge,Tim Podraza,Back Judge,Rich Martinez,Side Judge,Chad Hill,Field Judge,Jason Ledet
202309170crd,2023-09-17,Sunday,4:05pm,Arizona Cardinals,New York Giants,crd,nyg,28,31,Jonathan Gannon,Brian Daboll,State Farm Stadium,62080,3:11,retractable roof (closed),grass,,QB,Joshua Dobbs,DobbJo00,RB,James Conner,ConnJa00,WR,Marquise Brown,BrowMa04,WR,Michael Wilson,WilsMi02,TE,Zach Ertz,ErtzZa00,TE,Trey McBride,McBrTr01,OL,Elijah Wilkinson,WilkEl00,OL,Hjalte Froholdt,FrohHj00,OL,Will Hernandez,HernWi00,OL,D.J. Humphries,,OL,Paris Johnson,JohnPa03,DL,Jonathan Ledbetter,LedbJo01,DT,Carlos Watkins,WatkCa00,OLB,Cameron Thomas,ThomCa03,LB,Krys Barnes,BarnKr00,LB,Zaven Collins,CollZa00,LB,Kyzir White,WhitKy00,CB,Andre Chachere,ChacAn00,CB,Marco Wilson,WilsMa04,CB,Kei'Trel Clark,ClarKe02,S,K'Von Wallace,WallKV00,S,Jalen Thompson,ThomJa04,QB,Daniel Jones,JoneDa05,RB,Saquon Barkley,BarkSa00,WR,Parris Campbell,CampPa00,WR,Isaiah Hodgins,HodgIs00,WR,Darius Slayton,SlayDa01,TE,Darren Waller,WallDa01,OL,Joshua Ezeudu,EzeuJo00,OL,Marcus McKethan,McKeMa01,T,Evan Neal,NealEv00,G,Ben Bredeson,BredBe00,C,John Michael Schmitz,MichJo00,DL,Dexter Lawrence,LawrDe03,DL,Rakeem Nunez-Roches,NuneRa00,DL,A'Shawn Robinson,RobiAS00,OLB,Jihad Ward,WardJi02,OLB,Kayvon Thibodeaux,ThibKa00,LB,Bobby Okereke,OkerBo00,LB,Micah McFadden,McFaMi01,CB,Adoree' Jackson,JackAd00,CB,Deonte Banks,BankDe00,S,Jason Pinnock,PinnJa01,S,Xavier McKinney,McKiXa00,Referee,Land Clark,Umpire,Paul King,Down Judge,Tom Stephan,Line Judge,Brian Bolinger,Back Judge,Brad Freeman,Side Judge,Dominique Pender,Field Judge,Jabir Walker
202309170dal,2023-09-17,Sunday,4:25pm,Dallas Cowboys,New York Jets,dal,nyj,30,10,Mike McCarthy,Robert Saleh,AT&amp;T Stadium,93689,2:54,retractable roof (closed),matrixturf,,QB,Dak Prescott,PresDa01,RB,Tony Pollard,PollTo00,WR,Jalen Tolbert,TolbJa00,WR,Michael Gallup,GallMi00,WR,CeeDee Lamb,LambCe00,TE,Jake Ferguson,FergJa00,T,Terence Steele,SteeTe01,T,Tyron Smith,SmitTy00,G,Chuma Edoga,EdogCh00,G,Zack Martin,MartZa00,C,Tyler Biadasz,BiadTy00,DE,Chauncey Golston,GolsCh00,DE,DeMarcus Lawrence,LawrDe00,DT,Johnathan Hankins,HankJo00,DT,Osa Odighizuwa,OdigOs00,LB,Leighton Vander Esch,VandLe00,LB,Micah Parsons,ParsMi00,LB,Damone Clark,ClarDa02,CB,Stephon Gilmore,GilmSt00,CB,Trevon Diggs,DiggTr00,S,Jayron Kearse,KearJa00,S,Malik Hooker,HookMa00,QB,Zach Wilson,WilsZa00,RB,Breece Hall,HallBr03,WR,Garrett Wilson,WilsGa00,WR,Allen Lazard,LazaAl00,TE,C.J. Uzomah,,TE,Tyler Conklin,ConkTy00,T,Mekhi Becton,BectMe00,T,Duane Brown,BrowDu20,G,Laken Tomlinson,TomlLa01,G,Alijah Vera-Tucker,VeraAl00,C,Connor McGovern,McGoCo00,DL,Quinton Jefferson,JeffQu00,DL,John Franklin-Myers,FranJo02,DL,Quinnen Williams,WillQu00,LB,Jermaine Johnson II,JohnJe07,LB,C.J. Mosley,,LB,Quincy Williams,WillQu01,CB,Sauce Gardner,GardSa00,CB,D.J. Reed,,CB,Michael Carter II,CartMi02,S,Jordan Whitehead,WhitJo03,S,Tony Adams,AdamTo03,Referee,Clete Blakeman,Umpire,Scott Campbell,Down Judge,Dana McKenzie,Line Judge,Julian Mapp,Back Judge,Jonah Monroe,Side Judge,Lo Van,Field Judge,Terry Brown
202309170den,2023-09-17,Sunday,4:25pm,Denver Broncos,Washington Commanders,den,was,33,35,Sean Payton,Ron Rivera,Empower Field at Mile High,76108,3:19,outdoors,grass,"81 degrees, relative humidity 24%, wind 5 mph",QB,Russell Wilson,WilsRu00,RB,Javonte Williams,WillJa10,WR,Brandon Johnson,JohnBr23,WR,Courtland Sutton,SuttCo00,WR,Jerry Jeudy,JeudJe00,WR,Lil'Jordan Humphrey,HumpLi01,OL,Quinn Meinerz,MeinQu02,T,Mike McGlinchey,McGlMi00,T,Garett Bolles,BollGa00,G,Ben Powers,PoweBe00,C,Lloyd Cushenberry III,CushLl00,DL,Jonathan Harris,HarrJo05,DE,Zach Allen,AlleZa01,DT,D.J. Jones,,OLB,Randy Gregory,GregRa00,OLB,Jonathon Cooper,CoopJo02,LB,Josey Jewell,JeweJo00,CB,Damarri Mathis,MathDa00,CB,Patrick Surtain II,SurtPa01,CB,Essang Bassey,BassEs01,S,Kareem Jackson,JackKa99,S,Justin Simmons,SimmJu00,QB,Sam Howell,HoweSa00,RB,Brian Robinson Jr.,RobiBr01,WR,Curtis Samuel,SamuCu00,WR,Terry McLaurin,McLaTe00,WR,Jahan Dotson,DotsJa00,TE,Logan Thomas,ThomLo00,OL,Andrew Wylie,WyliAn00,OL,Saahdiq Charles,CharSa00,T,Charles Leno Jr.,LenoCh00,T,Samuel Cosmi,CosmSa00,C,Nick Gates,GateNi00,DE,James Smith-Williams,SmitJa08,DE,Montez Sweat,SweaMo00,DT,Daron Payne,PaynDa00,DT,Jonathan Allen,AlleJo01,LB,Jamin Davis,DaviJa11,LB,Cody Barton,BartCo00,CB,Emmanuel Forbes,ForbEm00,CB,Kendall Fuller,FullKe00,CB,Benjamin St-Juste,StJuBe00,S,Darrick Forrest,ForrDa00,S,Kamren Curl,CurlKa00,Referee,Brad Rogers,Umpire,Ramon George,Down Judge,Kent Payne,Line Judge,Kevin Codey,Back Judge,Tyree Walton,Side Judge,Anthony Jefferies,Field Judge,Aaron Santi
202309170det,2023-09-17,Sunday,1:00pm,Detroit Lions,Seattle Seahawks,det,sea,31,37,Dan Campbell,Pete Carroll,Ford Field,66434,3:05,dome,fieldturf,,QB,Jared Goff,GoffJa00,RB,David Montgomery,MontDa01,WR,Amon-Ra St. Brown,StxxAm00,WR,Kalif Raymond,RaymKa00,WR,Marvin Jones,JoneMa02,TE,Sam LaPorta,LaPoSa01,T,Penei Sewell,SewePe00,T,Matt Nelson,NelsMa00,G,Halapoulivaati Vaitai,VaitHa00,G,Jonah Jackson,JackJo03,C,Frank Ragnow,RagnFr00,DL,John Cominsky,ComiJo00,DL,Aidan Hutchinson,HutcAi00,DL,Benito Jones,JoneBe03,DL,Alim McNeill,McNeAl00,LB,Derrick Barnes,BarnDe02,LB,James Houston,HousJa01,LB,Alex Anzalone,AnzaAl00,CB,Jerry Jacobs,JacoJe00,CB,Cameron Sutton,SuttCa00,DB,C.J. Gardner-Johnson,GardCh00,S,Kerby Joseph,JoseKe03,QB,Geno Smith,SmitGe00,RB,Kenneth Walker III,WalkKe00,WR,D.K. Metcalf,MetcDK00,WR,Tyler Lockett,LockTy00,TE,Will Dissly,DissWi00,TE,Noah Fant,FantNo00,T,Jake Curhan,CurhJa00,T,Stone Forsythe,ForsSt00,G,Phil Haynes,HaynPh00,G,Damien Lewis,LewiDa05,C,Evan Brown,BrowEv00,DE,Dre'Mont Jones,JoneDr00,DE,Jarran Reed,ReedJa02,LB,Uchenna Nwosu,NwosUc00,LB,Darrell Taylor,TaylDa00,LB,Bobby Wagner,WagnBo00,LB,Jordyn Brooks,BrooJo01,CB,Coby Bryant,BryaCo01,CB,Devon Witherspoon,WithDe00,CB,Riq Woolen,WoolTa00,FS,Quandre Diggs,DiggQu00,S,Julian Love,LoveJu00,Referee,Alex Kemp,Umpire,Mike Morton,Down Judge,Danny Short,Line Judge,Rusty Baynes,Back Judge,Scott Helverson,Side Judge,James Coleman,Field Judge,Sean Petty
202309170htx,2023-09-17,Sunday,1:00pm,Houston Texans,Indianapolis Colts,htx,clt,20,31,DeMeco Ryans,Shane Steichen,NRG Stadium,71159,3:02,retractable roof (closed),astroturf,,QB,C.J. Stroud,StroCJ00,RB,Dameon Pierce,PierDa01,FB,Andrew Beck,BeckAn01,WR,Robert Woods,WoodRo02,WR,Tank Dell,DellNa00,TE,Teagan Quitoriano,QuitTe00,OL,Kendrick Green,GreeKe02,OL,Jarrett Patterson,PattJa03,T,George Fant,FantGe00,T,Josh Jones,JoneJo07,G,Shaq Mason,MasoSh01,DE,Jonathan Greenard,GreeJo04,DE,Will Anderson,AndeWi01,DT,Sheldon Rankins,RankSh00,DT,Maliek Collins,CollMa00,MLB,Denzel Perryman,PerrDe00,LB,Henry To'oTo'o,TooTHe00,LB,Christian Harris,HarrCh06,CB,Steven Nelson,NelsSt01,CB,Derek Stingley Jr.,StinDe00,S,Eric Murray,MurrEr00,S,M.J. Stewart,,QB,Anthony Richardson,RichAn03,RB,Zack Moss,MossZa00,WR,Michael Pittman Jr.,PittMi01,WR,Alec Pierce,PierAl00,TE,Mo Alie-Cox,AlieMo00,TE,Kylen Granson,GranKy00,OL,Will Fries,FrieWi00,T,Braden Smith,SmitBr06,T,Bernhard Raimann,RaimBe00,G,Quenton Nelson,NelsQu00,C,Ryan Kelly,KellRy00,DE,Samson Ebukam,EbukSa00,DE,Kwity Paye,PayeKw00,DT,Grover Stewart,StewGr00,DT,DeForest Buckner,BuckDe00,LB,Shaquille Leonard,LeonDa00,LB,Zaire Franklin,FranZa00,LB,E.J. Speed,SpeeEJ00,CB,Kenny Moore,MoorKe03,CB,Dallis Flowers,FlowDa00,S,Rodney Thomas II,ThomRo07,S,Julian Blackmon,BlacJu01,Referee,Carl Cheffers,Umpire,Brandon Cruse,Down Judge,Mike Carr,Line Judge,Tom Eaton,Back Judge,Martin Hankins,Side Judge,Eugene Hall,Field Judge,Nathan Jones
202309170jax,2023-09-17,Sunday,1:00pm,Jacksonville Jaguars,Kansas City Chiefs,jax,kan,9,17,Doug Pederson,Andy Reid,EverBank Stadium,69915,3:08,outdoors,grass,"87 degrees, relative humidity 68%, wind 5 mph",QB,Trevor Lawrence,LawrTr00,RB,Travis Etienne,EtieTr00,WR,Calvin Ridley,RidlCa00,WR,Christian Kirk,KirkCh01,WR,Zay Jones,JoneZa00,TE,Evan Engram,EngrEv00,OL,Ben Bartch,BartBe00,OL,Brandon Scherff,ScheBr00,OL,Walker Little,LittWa00,OL,Luke Fortner,FortLu01,T,Anton Harrison,HarrAn00,DL,Adam Gotsis,GotsAd00,DL,Folorunso Fatukasi,FatuFo00,DL,Roy Robertson-Harris,RobeRo00,OLB,Josh Hines-Allen,AlleJo03,OLB,Travon Walker,WalkTr03,LB,Devin Lloyd,LloyDe00,LB,Foyesade Oluokun,OluoFo00,CB,Tyson Campbell,CampTy01,CB,Darious Williams,WillDa09,S,Rayshawn Jenkins,JenkRa00,S,Andre Cisco,CiscAn00,QB,Patrick Mahomes,MahoPa00,RB,Isiah Pacheco,PachIs00,WR,Marquez Valdes-Scantling,ValdMa00,WR,Justin Watson,WatsJu01,TE,Noah Gray,GrayNo00,TE,Travis Kelce,KelcTr00,T,Jawaan Taylor,TaylJa02,T,Donovan Smith,SmitDo02,G,Joe Thuney,ThunJo00,G,Trey Smith,SmitTr05,C,Creed Humphrey,HumpCr00,DE,Michael Danna,DannMi00,DE,George Karlaftis III,KarlGe00,DT,Chris Jones,JoneCh09,DT,Derrick Nnadi,NnadDe00,LB,Nick Bolton,BoltNi00,LB,Willie Gay Jr.,GayJWi00,CB,L'Jarius Sneed,SneeLJ00,CB,Trent McDuffie,McDuTr00,DB,Joshua Williams,WillJo03,S,Justin Reid,ReidJu00,S,Bryan Cook,CookBr02,Referee,Adrian Hill,Umpire,Roy Ellison,Down Judge,David Oliver,Line Judge,Brett Bergman,Back Judge,Greg Steed,Side Judge,Jim Quirk,Field Judge,Mearl Robinson
202309170nwe,2023-09-17,Sunday,8:20pm,New England Patriots,Miami Dolphins,nwe,mia,17,24,Bill Belichick,Mike McDaniel,Gillette Stadium,64628,3:00,outdoors,fieldturf,"63 degrees, relative humidity 77%, wind 3 mph",QB,Mac Jones,JoneMa05,RB,Rhamondre Stevenson,StevRh00,WR,DeVante Parker,ParkDe01,TE,Pharaoh Brown,BrowPh01,TE,Mike Gesicki,GesiMi00,TE,Hunter Henry,HenrHu00,OL,Calvin Anderson,AndeCa00,OL,Cole Strange,StraCo01,OL,Michael Onwenu,OnweMi00,T,Vederian Lowe,LoweVe00,C,David Andrews,AndrDa00,DL,Deatrich Wise Jr.,WiseDe00,DL,Davon Godchaux,GodcDa00,DL,Christian Barmore,BarmCh00,LB,Marte Mapu,MapuMa00,LB,Ja'Whaun Bentley,BentJa00,LB,Jahlani Tavai,TavaJa00,LB,Joshua Uche,UcheJo00,CB,Christian Gonzalez,GonzCh00,DB,Marcus Jones,JoneMa06,DB,Jabrill Peppers,PeppJa00,DB,Kyle Dugger,DuggKy00,QB,Tua Tagovailoa,TagoTu00,RB,Raheem Mostert,MostRa00,FB,Alec Ingold,IngoAl01,WR,Jaylen Waddle,WaddJa00,WR,Tyreek Hill,HillTy00,TE,Durham Smythe,SmytDu00,OL,Connor Williams,WillCo00,OL,Robert Hunt,HuntRo01,OL,Austin Jackson,JackAu00,T,Kendall Lamm,LammKe00,T,Isaiah Wynn,WynnIs00,DT,Zach Sieler,SielZa00,DT,Christian Wilkins,WilkCh00,DT,Raekwon Davis,DaviRa03,LB,Jerome Baker,BakeJe00,LB,David Long,LongDa04,LB,Andrew Van Ginkel,VanGAn00,LB,Bradley Chubb,ChubBr00,CB,Kader Kohou,KohoKa00,CB,Xavien Howard,HowaXa00,S,Jevon Holland,HollJe02,S,DeShon Elliott,ElliDe02,Referee,Shawn Smith,Umpire,Bryan Neale,Down Judge,Jay Bilbo,Line Judge,Jeff Seeman,Back Judge,Dino Paganelli,Side Judge,Clay Reynard,Field Judge,Dyrol Prioleau
202309170oti,2023-09-17,Sunday,1:00pm,Tennessee Titans,Los Angeles Chargers,oti,sdg,27,24,Mike Vrabel,Brandon Staley,Nissan Stadium,67438,3:02,outdoors,grass,"64 degrees, relative humidity 85%, wind 11 mph",QB,Ryan Tannehill,TannRy00,RB,Derrick Henry,HenrDe00,WR,Nick Westbrook-Ikhine,WestNi00,WR,Treylon Burks,BurkTr00,WR,DeAndre Hopkins,HopkDe00,TE,Chig Okonkwo,OkonCh00,OL,Chris Hubbard,HubbCh00,OL,Xavier Newman-Johnson,NewmXa00,OL,Daniel Brunskill,BrunDa00,OL,Aaron Brewer,BrewAa01,T,Andre Dillard,DillAn00,DE,Denico Autry,AutrDe00,DT,Kyle Peko,PekoKy00,DT,Jeffery Simmons,SimmJe01,DT,Teair Tart,TartTe00,OLB,Harold Landry,LandHa00,LB,Jack Gibbens,GibbJa00,LB,Azeez Al-Shaair,AlShAz00,CB,Roger McCreary,McCrRo01,CB,Elijah Molden,MoldEl00,CB,Sean Murphy-Bunting,BuntSe00,S,Kevin Byard,ByarKe01,QB,Justin Herbert,HerbJu00,RB,Joshua Kelley,KellJo01,WR,Keenan Allen,AlleKe00,WR,Mike Williams,WillMi07,TE,Gerald Everett,EverGe00,TE,Donald Parham,ParhDo00,OL,Jamaree Salyer,SalyJa00,T,Trey Pipkins,PipkTr00,T,Rashawn Slater,SlatRa00,G,Zion Johnson,JohnZi00,C,Corey Linsley,LinsCo00,DL,Austin Johnson,JohnAu01,DL,Sebastian Joseph-Day,JoseSe00,OLB,Khalil Mack,MackKh00,OLB,Tuli Tuipulotu,TuipTu00,LB,Kenneth Murray,MurrKe00,LB,Nick Niemann,NiemNi00,CB,J.C. Jackson,,CB,Asante Samuel Jr.,SamuAs00,DB,Ja'Sir Taylor,TaylJa04,S,Derwin James,JameDe00,S,Alohi Gilman,GilmAl00,Referee,Alan Eck,Umpire,Tab Slaughter,Down Judge,Fred Bryan,Line Judge,Robin DeLorenzo,Back Judge,Greg Meyer,Side Judge,Dale Shaw,Field Judge,John Jenkins
202309170ram,2023-09-17,Sunday,4:05pm,Los Angeles Rams,San Francisco 49ers,ram,sfo,23,30,Sean McVay,Kyle Shanahan,SoFi Stadium,74742,3:13,dome,matrixturf,,QB,Matthew Stafford,StafMa00,RB,Kyren Williams,WillKy02,WR,Puka Nacua,NacuPu00,WR,Tutu Atwell,AtweTu00,WR,Van Jefferson,JeffVa00,TE,Tyler Higbee,HigbTy00,T,Joseph Noteboom,NoteJo00,T,Rob Havenstein,HaveRo00,T,Alaric Jackson,JackAl01,G,Coleman Shelton,ShelCo00,G,Steve Avila,AvilSt00,DE,Jonah Williams,WillJo16,DT,Aaron Donald,DonaAa00,DT,Larrell Murchison,MurcLa00,NT,Bobby Brown,BrowBo04,OLB,Michael Hoecht,HoecMi00,LB,Ernest Jones,JoneEr01,DB,Derion Kendrick,KendDe00,DB,John Johnson,JohnJo10,DB,Jordan Fuller,FullJo01,DB,Ahkello Witherspoon,WithAh00,DB,Russ Yeast,YeasRu00,QB,Brock Purdy,PurdBr00,RB,Christian McCaffrey,McCaCh01,FB,Kyle Juszczyk,JuszKy00,WR,Brandon Aiyuk,AiyuBr00,WR,Deebo Samuel,SamuDe00,TE,George Kittle,KittGe00,OL,Aaron Banks,BankAa00,OL,Jake Brendel,BrenJa01,OL,Spencer Burford,BurfSp00,OL,Colton McKivitz,McKiCo00,T,Trent Williams,WillTr21,DL,Javon Hargrave,HargJa00,DL,Clelin Ferrell,FerrCl00,DL,Nick Bosa,BosaNi00,DL,Arik Armstead,ArmsAr01,LB,Dre Greenlaw,GreeDr00,LB,Fred Warner,WarnFr00,CB,Ambry Thomas,ThomAm00,CB,Charvarius Ward,WardCh01,DB,Deommodore Lenoir,LenoDe00,S,Talanoa Hufanga,HufaTa00,S,Tashaun Gipson,GipsTa00,Referee,Brad Allen,Umpire,Duane Heydt,Down Judge,Sarah Thomas,Line Judge,Walter Flowers,Back Judge,Greg Yette,Side Judge,Boris Cheek,Field Judge,Rick Patterson
202309170tam,2023-09-17,Sunday,1:00pm,Tampa Bay Buccaneers,Chicago Bears,tam,chi,27,17,Todd Bowles,Matt Eberflus,Raymond James Stadium,62976,2:58,outdoors,grass,"89 degrees, relative humidity 68%, wind 6 mph",QB,Baker Mayfield,MayfBa00,RB,Rachaad White,WhitRa01,WR,Deven Thompkins,ThomDe07,WR,Mike Evans,EvanMi00,WR,Chris Godwin,GodwCh00,TE,Cade Otton,OttoCa00,OL,Matt Feiler,FeilMa00,OL,Robert Hainsey,HainRo00,T,Tristan Wirfs,WirfTr00,G,Cody Mauch,MaucCo00,G,Luke Goedeke,GoedLu00,DL,Logan Hall,HallLo00,DL,Mike Greene,GreeMi01,DL,Vita Vea,VeaxVi00,OLB,Joe Tryon-Shoyinka,TryoJo00,OLB,Shaquil Barrett,BarrSh00,LB,Devin White,WhitDe02,LB,Lavonte David,DaviLa00,CB,Zyon McCollum,McCoZy02,CB,Jamel Dean,DeanJa00,S,Ryan Neal,NealRy00,S,Antoine Winfield Jr.,WinfAn00,QB,Justin Fields,FielJu00,RB,Khalil Herbert,HerbKh00,WR,D.J. Moore,,WR,Darnell Mooney,MoonDa00,TE,Marcedes Lewis,LewiMa00,TE,Cole Kmet,KmetCo00,OL,Darnell Wright,WrigDa00,OL,Cody Whitehair,WhitCo03,OL,Lucas Patrick,PatrLu00,OL,Braxton Jones,JoneBr08,OL,Ja'Tyre Carter,CartJa04,DL,Justin Jones,JoneJu03,DL,Yannick Ngakoue,NgakYa00,DL,DeMarcus Walker,WalkDe03,DL,Andrew Billings,BillAn00,LB,T.J. Edwards,EdwaTJ02,LB,Tremaine Edmunds,EdmuTr01,LB,Jack Sanborn,SanbJa00,DB,Jaylon Johnson,JohnJa13,DB,Eddie Jackson,JackEd01,DB,Tyrique Stevenson,StevTy01,DB,Jaquan Brisker,BrisJa01,Referee,Bill Vinovich,Umpire,Alex Moore,Down Judge,Dale Keller,Line Judge,Mark Perlman,Back Judge,Jimmy Russell,Side Judge,Jimmy Buchanan,Field Judge,Joe Blubaugh
202309180car,2023-09-18,Monday,7:15pm,Carolina Panthers,New Orleans Saints,car,nor,17,20,Frank Reich,Dennis Allen,Bank of America Stadium,72709,3:07,outdoors,grass,"78 degrees, relative humidity 42%, wind 2 mph",QB,Bryce Young,YounBr01,RB,Miles Sanders,SandMi01,WR,Adam Thielen,ThieAd00,WR,Jonathan Mingo,MingJo00,TE,Ian Thomas,ThomIa00,TE,Hayden Hurst,HursHa00,OL,Bradley Bozeman,BozeBr00,T,Ikem Ekwonu,EkwoIk00,T,Taylor Moton,MotoTa00,G,Chandler Zavala,ZavaCh00,G,Cade Mays,MaysCa00,DT,Shy Tuttle,TuttSh00,DT,Derrick Brown,BrowDe05,OLB,Justin Houston,HousJu00,OLB,Brian Burns,BurnBr00,LB,Frankie Luvu,LuvuFr00,LB,Shaq Thompson,ThomSh01,CB,Donte Jackson,JackDo02,CB,C.J. Henderson,HendCJ00,S,Jeremy Chinn,ChinJe00,S,Xavier Woods,WoodXa00,S,Vonn Bell,BellVo00,QB,Derek Carr,CarrDe02,RB,Jamaal Williams,WillJa06,WR,Michael Thomas,ThomMi05,TE,Foster Moreau,MoreFo00,TE,Taysom Hill,HillTa00,TE,Juwan Johnson,JohnJu02,OL,Cesar Ruiz,RuizCe00,OL,Erik McCoy,McCoEr01,OL,James Hurst,HursJa00,T,Trevor Penning,PennTr00,T,Ryan Ramczyk,RamcRy00,DE,Cameron Jordan,JordCa00,DE,Carl Granderson,GranCa01,DT,Nathan Shepherd,ShepNa00,DT,Khalen Saunders,SaunKh00,LB,Pete Werner,WernPe00,LB,Zack Baun,BaunZa00,LB,Demario Davis,DaviDe00,CB,Marshon Lattimore,LattMa01,CB,Paulson Adebo,AdebPa00,S,Marcus Maye,MayeMa00,S,Tyrann Mathieu,MathTy00,Referee,Scott Novak,Umpire,Mark Pellis,Down Judge,Brian Sakowski,Line Judge,Mark Stewart,Back Judge,Terrence Miles,Side Judge,David Meslow,Field Judge,Tra Boger
202309180pit,2023-09-18,Monday,8:15pm,Pittsburgh Steelers,Cleveland Browns,pit,cle,26,22,Mike Tomlin,Kevin Stefanski,Acrisure Stadium,67576,3:28,outdoors,grass,"62 degrees, relative humidity 66%, wind 6 mph",QB,Kenny Pickett,PickKe00,RB,Najee Harris,HarrNa00,WR,Allen Robinson,RobiAl02,WR,George Pickens,PickGe00,TE,Pat Freiermuth,FreiPa00,TE,Darnell Washington,WashDa03,OL,James Daniels,DaniJa01,OL,Chukwuma Okorafor,OkorCh00,T,Dan Moore,MoorDa05,G,Isaac Seumalo,SeumIs00,C,Mason Cole,ColeMa02,DE,DeMarvin Leal,LealDe00,DT,Montravius Adams,AdamMo00,DT,Larry Ogunjobi,OgunLa00,LB,T.J. Watt,,LB,Elandon Roberts,RobeEl00,LB,Cole Holcomb,HolcCo00,LB,Alex Highsmith,HighAl02,CB,Patrick Peterson,PetePa00,S,Keanu Neal,NealKe01,S,Damontae Kazee,KazeDa00,S,Minkah Fitzpatrick,FitzMi00,QB,Deshaun Watson,WatsDe00,RB,Nick Chubb,ChubNi00,WR,Amari Cooper,CoopAm00,TE,Jordan Akins,AkinJo00,TE,Harrison Bryant,BryaHa00,TE,David Njoku,NjokDa00,T,Jedrick Wills Jr.,WillJe04,T,Dawand Jones,JoneDa07,G,Wyatt Teller,TellWy00,G,Joel Bitonio,BitoJo00,C,Ethan Pocic,PociEt00,DE,Myles Garrett,GarrMy00,DE,Za'Darius Smith,SmitZa00,DT,Shelby Harris,HarrSh00,DT,Jordan Elliott,ElliJo02,DT,Dalvin Tomlinson,TomlDa00,LB,Sione Takitaki,TakiSi00,LB,Anthony Walker,WalkAn01,CB,Greg Newsome II,NewsGr00,CB,Denzel Ward,WardDe02,S,Juan Thornhill,ThorJu00,S,Grant Delpit,DelpGr00,Referee,Ron Torbert,Umpire,Barry Anderson,Down Judge,Max Causey,Line Judge,Maia Chaka,Back Judge,Tony Josselyn,Side Judge,Keith Washington,Field Judge,Ryan Dickson
202309210sfo,2023-09-21,Thursday,8:15pm,San Francisco 49ers,New York Giants,sfo,nyg,30,12,Kyle Shanahan,Brian Daboll,Levi's Stadium,71593,3:09,outdoors,grass,"77 degrees, relative humidity 41%, wind 13 mph",QB,Brock Purdy,PurdBr00,RB,Christian McCaffrey,McCaCh01,FB,Kyle Juszczyk,JuszKy00,WR,Deebo Samuel,SamuDe00,WR,Ray-Ray McCloud,McClRa00,TE,George Kittle,KittGe00,OL,Aaron Banks,BankAa00,OL,Colton McKivitz,McKiCo00,OL,Spencer Burford,BurfSp00,OL,Jake Brendel,BrenJa01,T,Trent Williams,WillTr21,DL,Javon Hargrave,HargJa00,DL,Clelin Ferrell,FerrCl00,DL,Nick Bosa,BosaNi00,DL,Arik Armstead,ArmsAr01,LB,Dre Greenlaw,GreeDr00,LB,Fred Warner,WarnFr00,CB,Isaiah Oliver,OlivIs00,CB,Charvarius Ward,WardCh01,DB,Deommodore Lenoir,LenoDe00,S,Talanoa Hufanga,HufaTa00,S,Tashaun Gipson,GipsTa00,QB,Daniel Jones,JoneDa05,RB,Matt Breida,BreiMa00,WR,Parris Campbell,CampPa00,WR,Isaiah Hodgins,HodgIs00,WR,Darius Slayton,SlayDa01,TE,Darren Waller,WallDa01,OL,Joshua Ezeudu,EzeuJo00,OL,Marcus McKethan,McKeMa01,T,Evan Neal,NealEv00,G,Shane Lemieux,LemiSh00,C,John Michael Schmitz,MichJo00,DL,Leonard Williams,WillLe02,DL,A'Shawn Robinson,RobiAS00,DL,Dexter Lawrence,LawrDe03,OLB,Kayvon Thibodeaux,ThibKa00,OLB,Jihad Ward,WardJi02,LB,Bobby Okereke,OkerBo00,LB,Micah McFadden,McFaMi01,CB,Adoree' Jackson,JackAd00,CB,Deonte Banks,BankDe00,S,Xavier McKinney,McKiXa00,S,Jason Pinnock,PinnJa01,Referee,Shawn Hochuli,Umpire,Terry Killens,Down Judge,Patrick Holt,Line Judge,Tim Podraza,Back Judge,Rich Martinez,Side Judge,Chad Hill,Field Judge,Jason Ledet
202309240cle,2023-09-24,Sunday,1:00pm,Cleveland Browns,Tennessee Titans,cle,oti,27,3,Kevin Stefanski,Mike Vrabel,Cleveland Browns Stadium,67919,2:48,outdoors,grass,"68 degrees, relative humidity 69%, wind 5 mph",QB,Deshaun Watson,WatsDe00,RB,Jerome Ford,FordJe00,WR,Amari Cooper,CoopAm00,WR,Donovan Peoples-Jones,PeopDo00,TE,Harrison Bryant,BryaHa00,TE,David Njoku,NjokDa00,T,Dawand Jones,JoneDa07,T,Jedrick Wills Jr.,WillJe04,G,Wyatt Teller,TellWy00,G,Joel Bitonio,BitoJo00,C,Ethan Pocic,PociEt00,DE,Myles Garrett,GarrMy00,DE,Za'Darius Smith,SmitZa00,DT,Jordan Elliott,ElliJo02,DT,Dalvin Tomlinson,TomlDa00,LB,Jeremiah Owusu-Koramoah,OwusJe00,LB,Sione Takitaki,TakiSi00,LB,Anthony Walker,WalkAn01,CB,Martin Emerson,EmerMa00,CB,Denzel Ward,WardDe02,S,Grant Delpit,DelpGr00,S,Juan Thornhill,ThorJu00,QB,Ryan Tannehill,TannRy00,RB,Derrick Henry,HenrDe00,WR,Treylon Burks,BurkTr00,WR,DeAndre Hopkins,HopkDe00,TE,Trevon Wesco,WescTr00,TE,Chig Okonkwo,OkonCh00,OL,Aaron Brewer,BrewAa01,OL,Dillon Radunz,RaduDi00,OL,Chris Hubbard,HubbCh00,OL,Daniel Brunskill,BrunDa00,T,Andre Dillard,DillAn00,DT,Kyle Peko,PekoKy00,DT,Jeffery Simmons,SimmJe01,DT,Teair Tart,TartTe00,OLB,Arden Key,KeyxAr00,LB,Luke Gifford,GiffLu00,LB,Jack Gibbens,GibbJa00,LB,Azeez Al-Shaair,AlShAz00,CB,Kristian Fulton,FultKr00,CB,Sean Murphy-Bunting,BuntSe00,DB,Amani Hooker,HookAm00,S,Kevin Byard,ByarKe01,Referee,Craig Wrolstad,Umpire,Steve Woods,Down Judge,Jim Mello,Line Judge,Tripp Sutter,Back Judge,Grantis Bell,Side Judge,Frank Steratore,Field Judge,Jeff Shears
202309240crd,2023-09-24,Sunday,4:25pm,Arizona Cardinals,Dallas Cowboys,crd,dal,28,16,Jonathan Gannon,Mike McCarthy,State Farm Stadium,62915,2:56,retractable roof (closed),grass,,QB,Joshua Dobbs,DobbJo00,RB,James Conner,ConnJa00,WR,Marquise Brown,BrowMa04,WR,Michael Wilson,WilsMi02,TE,Zach Ertz,ErtzZa00,TE,Trey McBride,McBrTr01,OL,Elijah Wilkinson,WilkEl00,OL,Hjalte Froholdt,FrohHj00,OL,Will Hernandez,HernWi00,OL,D.J. Humphries,,OL,Paris Johnson,JohnPa03,DL,Kevin Strong,StroKe00,DL,Jonathan Ledbetter,LedbJo01,DT,Leki Fotu,FotuLe00,OLB,Victor Dimukeje,DimuVi00,LB,Kyzir White,WhitKy00,LB,Zaven Collins,CollZa00,LB,Krys Barnes,BarnKr00,CB,Kei'Trel Clark,ClarKe02,CB,Marco Wilson,WilsMa04,S,Jalen Thompson,ThomJa04,S,K'Von Wallace,WallKV00,QB,Dak Prescott,PresDa01,RB,Tony Pollard,PollTo00,WR,Brandin Cooks,CookBr00,WR,Michael Gallup,GallMi00,WR,CeeDee Lamb,LambCe00,TE,Jake Ferguson,FergJa00,OL,Tyler Smith,SmitTy02,T,Terence Steele,SteeTe01,G,T.J. Bass,BassTJ00,G,Chuma Edoga,EdogCh00,C,Brock Hoffman,HoffBr00,DE,DeMarcus Lawrence,LawrDe00,DT,Johnathan Hankins,HankJo00,DT,Osa Odighizuwa,OdigOs00,LB,Leighton Vander Esch,VandLe00,LB,Micah Parsons,ParsMi00,LB,Damone Clark,ClarDa02,CB,Stephon Gilmore,GilmSt00,CB,DaRon Bland,BlanDa00,S,Donovan Wilson,WilsDo01,S,Jayron Kearse,KearJa00,S,Malik Hooker,HookMa00,Referee,Alex Kemp,Umpire,Mike Morton,Down Judge,Danny Short,Line Judge,Rusty Baynes,Back Judge,Scott Helverson,Side Judge,James Coleman,Field Judge,Sean Petty
202309240det,2023-09-24,Sunday,1:00pm,Detroit Lions,Atlanta Falcons,det,atl,20,6,Dan Campbell,Arthur Smith,Ford Field,63803,2:54,dome,fieldturf,,QB,Jared Goff,GoffJa00,RB,Jahmyr Gibbs,GibbJa01,WR,Amon-Ra St. Brown,StxxAm00,WR,Josh Reynolds,ReynJo00,WR,Kalif Raymond,RaymKa00,WR,Marvin Jones,JoneMa02,OL,Graham Glasgow,GlasGr00,T,Penei Sewell,SewePe00,T,Matt Nelson,NelsMa00,G,Jonah Jackson,JackJo03,C,Frank Ragnow,RagnFr00,DL,John Cominsky,ComiJo00,DL,Aidan Hutchinson,HutcAi00,DL,Benito Jones,JoneBe03,DL,Alim McNeill,McNeAl00,LB,Derrick Barnes,BarnDe02,LB,Jack Campbell,CampJa04,LB,Alex Anzalone,AnzaAl00,CB,Jerry Jacobs,JacoJe00,CB,Cameron Sutton,SuttCa00,DB,Brian Branch,BranBr00,S,Tracy Walker,WalkTr01,QB,Desmond Ridder,RiddDe00,RB,Bijan Robinson,RobiBi01,FB,Keith Smith,SmitKe03,WR,Drake London,LondDr00,TE,MyCole Pruitt,PruiMy00,TE,Kyle Pitts,PittKy00,OL,Matthew Bergeron,BergMa00,OL,Drew Dalman,DalmDr00,T,Jake Matthews,MattJa00,T,Kaleb McGary,McGaKa00,G,Chris Lindstrom,LindCh00,DL,Calais Campbell,CampCa99,DL,Grady Jarrett,JarrGr00,DL,David Onyemata,OnyeDa00,OLB,Bud Dupree,DuprAl00,LB,Troy Andersen,AndeTr00,LB,Kaden Elliss,ElliKa00,CB,Tre Flowers,FlowTr01,CB,DeAundre Alford,AlfoDe00,CB,AJ Terrell,TerrAJ00,S,Richie Grant,GranRi00,S,Jessie Bates III,BateJe00,Referee,Carl Cheffers,Umpire,Brandon Cruse,Down Judge,Mike Carr,Line Judge,Tom Eaton,Back Judge,Martin Hankins,Side Judge,Eugene Hall,Field Judge,Nathan Jones
202309240gnb,2023-09-24,Sunday,1:00pm,Green Bay Packers,New Orleans Saints,gnb,nor,18,17,Matt LaFleur,Dennis Allen,Lambeau Field,78043,3:07,outdoors,grass,"68 degrees, relative humidity 68%, wind 10 mph",QB,Jordan Love,LoveJo03,RB,AJ Dillon,DillAJ00,WR,Dontayvion Wicks,WickDo00,WR,Romeo Doubs,DoubRo00,WR,Jayden Reed,ReedJa03,TE,Josiah Deguara,DeguJo00,OL,Zach Tom,TomxZa00,OL,Josh Myers,MyerJo00,OL,Royce Newman,NewmRo00,T,Rasheed Walker,WalkRa00,G,Jon Runyan Jr.,RunyJo00,DL,Devonte Wyatt,WyatDe00,DL,Tedarrell Slaton,SlatTe00,DL,Kenny Clark,ClarKe01,LB,Preston Smith,SmitPr00,LB,Kingsley Enagbare,EnagKi00,LB,Quay Walker,WalkQu00,LB,De'Vondre Campbell,CampDe00,CB,Carrington Valentine,ValeCa00,CB,Rasul Douglas,DougRa00,S,Darnell Savage Jr.,SavaDa00,S,Rudy Ford,FordRu00,QB,Derek Carr,CarrDe02,RB,Tony Jones,JoneTo04,FB,Adam Prentice,PrenAd00,WR,Keith Kirkwood,KirkKe00,WR,Rashid Shaheed,ShahRa00,TE,Juwan Johnson,JohnJu02,OL,James Hurst,HursJa00,OL,Erik McCoy,McCoEr01,OL,Cesar Ruiz,RuizCe00,T,Trevor Penning,PennTr00,T,Ryan Ramczyk,RamcRy00,DE,Cameron Jordan,JordCa00,DE,Carl Granderson,GranCa01,DT,Nathan Shepherd,ShepNa00,DT,Khalen Saunders,SaunKh00,LB,Demario Davis,DaviDe00,LB,Pete Werner,WernPe00,CB,Marshon Lattimore,LattMa01,CB,Alontae Taylor,TaylAl01,CB,Isaac Yiadom,YiadIs00,DB,Jordan Howden,HowdJo00,S,Tyrann Mathieu,MathTy00,Referee,Brad Rogers,Umpire,Ramon George,Down Judge,Kent Payne,Line Judge,Kevin Codey,Back Judge,Tyree Walton,Side Judge,Anthony Jeffries,Field Judge,Aaron Santi
202309240jax,2023-09-24,Sunday,1:00pm,Jacksonville Jaguars,Houston Texans,jax,htx,17,37,Doug Pederson,DeMeco Ryans,EverBank Stadium,61466,3:03,outdoors,grass,"84 degrees, relative humidity 51%, wind 6 mph",QB,Trevor Lawrence,LawrTr00,RB,Travis Etienne,EtieTr00,WR,Calvin Ridley,RidlCa00,WR,Christian Kirk,KirkCh01,TE,Evan Engram,EngrEv00,TE,Luke Farrell,FarrLu00,OL,Ben Bartch,BartBe00,OL,Walker Little,LittWa00,OL,Luke Fortner,FortLu01,OL,Brandon Scherff,ScheBr00,T,Anton Harrison,HarrAn00,DL,Roy Robertson-Harris,RobeRo00,DL,Adam Gotsis,GotsAd00,DL,Folorunso Fatukasi,FatuFo00,OLB,Travon Walker,WalkTr03,OLB,Josh Hines-Allen,AlleJo03,LB,Devin Lloyd,LloyDe00,LB,Foyesade Oluokun,OluoFo00,CB,Darious Williams,WillDa09,CB,Tyson Campbell,CampTy01,S,Rayshawn Jenkins,JenkRa00,S,Andre Cisco,CiscAn00,QB,C.J. Stroud,StroCJ00,RB,Dameon Pierce,PierDa01,FB,Andrew Beck,BeckAn01,WR,Robert Woods,WoodRo02,WR,Tank Dell,DellNa00,TE,Teagan Quitoriano,QuitTe00,OL,Kendrick Green,GreeKe02,OL,Jarrett Patterson,PattJa03,T,George Fant,FantGe00,T,Josh Jones,JoneJo07,G,Shaq Mason,MasoSh01,DE,Will Anderson,AndeWi01,DE,Jonathan Greenard,GreeJo04,DT,Maliek Collins,CollMa00,DT,Sheldon Rankins,RankSh00,LB,Christian Harris,HarrCh06,LB,Blake Cashman,CashBl00,LB,Henry To'oTo'o,TooTHe00,CB,Steven Nelson,NelsSt01,CB,Shaquill Griffin,GrifSh00,S,Eric Murray,MurrEr00,S,Jimmie Ward,WardJi01,Referee,Scott Novak,Umpire,Mark Pellis,Down Judge,Brian Sakowski,Line Judge,Mark Stewart,Back Judge,Terrence Miles,Side Judge,David Meslow,Field Judge,Tra Boger
202309240kan,2023-09-24,Sunday,4:25pm,Kansas City Chiefs,Chicago Bears,kan,chi,41,10,Andy Reid,Matt Eberflus,GEHA Field at Arrowhead Stadium,73562,2:55,outdoors,grass,,QB,Patrick Mahomes,MahoPa00,RB,Isiah Pacheco,PachIs00,WR,Skyy Moore,MoorSk01,WR,Marquez Valdes-Scantling,ValdMa00,TE,Travis Kelce,KelcTr00,TE,Noah Gray,GrayNo00,T,Jawaan Taylor,TaylJa02,T,Donovan Smith,SmitDo02,G,Joe Thuney,ThunJo00,G,Trey Smith,SmitTr05,C,Creed Humphrey,HumpCr00,DE,Michael Danna,DannMi00,DE,George Karlaftis III,KarlGe00,DT,Derrick Nnadi,NnadDe00,DT,Chris Jones,JoneCh09,LB,Willie Gay Jr.,GayJWi00,LB,Drue Tranquill,TranDr00,CB,Trent McDuffie,McDuTr00,CB,L'Jarius Sneed,SneeLJ00,DB,Chamarri Conner,ConnCh01,S,Justin Reid,ReidJu00,S,Bryan Cook,CookBr02,QB,Justin Fields,FielJu00,RB,Khalil Herbert,HerbKh00,WR,Chase Claypool,ClayCh01,WR,D.J. Moore,,WR,Darnell Mooney,MoonDa00,TE,Cole Kmet,KmetCo00,OL,Larry Borom,BoroLa00,OL,Darnell Wright,WrigDa00,OL,Cody Whitehair,WhitCo03,OL,Lucas Patrick,PatrLu00,OL,Ja'Tyre Carter,CartJa04,DL,Justin Jones,JoneJu03,DL,Yannick Ngakoue,NgakYa00,DL,DeMarcus Walker,WalkDe03,DL,Andrew Billings,BillAn00,LB,T.J. Edwards,EdwaTJ02,LB,Tremaine Edmunds,EdmuTr01,LB,Jack Sanborn,SanbJa00,DB,Jaylon Johnson,JohnJa13,DB,Elijah Hicks,HickEl00,DB,Tyrique Stevenson,StevTy01,DB,Jaquan Brisker,BrisJa01,Referee,Alan Eck,Umpire,Tab Slaughter,Down Judge,Fred Bryan,Line Judge,Robin DeLorenzo,Back Judge,Greg Meyer,Side Judge,Dale Shaw,Field Judge,John Jenkins
202309240mia,2023-09-24,Sunday,1:00pm,Miami Dolphins,Denver Broncos,mia,den,70,20,Mike McDaniel,Sean Payton,Hard Rock Stadium,65522,3:18,outdoors,grass,"86 degrees, relative humidity 65%, wind 5 mph",QB,Tua Tagovailoa,TagoTu00,RB,Raheem Mostert,MostRa00,FB,Alec Ingold,IngoAl01,WR,River Cracraft,CracRi00,WR,Tyreek Hill,HillTy00,TE,Durham Smythe,SmytDu00,OL,Connor Williams,WillCo00,OL,Austin Jackson,JackAu00,OL,Robert Hunt,HuntRo01,T,Isaiah Wynn,WynnIs00,T,Terron Armstead,ArmsTe00,DT,Zach Sieler,SielZa00,DT,Raekwon Davis,DaviRa03,DT,Christian Wilkins,WilkCh00,LB,David Long,LongDa04,LB,Jaelan Phillips,PhilJa02,LB,Bradley Chubb,ChubBr00,LB,Jerome Baker,BakeJe00,CB,Xavien Howard,HowaXa00,CB,Kader Kohou,KohoKa00,S,Jevon Holland,HollJe02,S,DeShon Elliott,ElliDe02,QB,Russell Wilson,WilsRu00,RB,Javonte Williams,WillJa10,WR,Courtland Sutton,SuttCo00,WR,Jerry Jeudy,JeudJe00,TE,Adam Trautman,TrauAd00,TE,Chris Manhertz,ManhCh00,OL,Quinn Meinerz,MeinQu02,T,Mike McGlinchey,McGlMi00,T,Garett Bolles,BollGa00,G,Ben Powers,PoweBe00,C,Lloyd Cushenberry III,CushLl00,DE,Zach Allen,AlleZa01,DT,D.J. Jones,,OLB,Randy Gregory,GregRa00,OLB,Jonathon Cooper,CoopJo02,LB,Josey Jewell,JeweJo00,LB,Drew Sanders,SandDr00,LB,Alex Singleton,SingAl00,CB,Damarri Mathis,MathDa00,CB,Patrick Surtain II,SurtPa01,S,Kareem Jackson,JackKa99,S,Delarrin Turner-Yell,TurnDe02,Referee,Clay Martin,Umpire,James Carter,Down Judge,Jerod Phillips,Line Judge,Greg Bradley,Back Judge,Greg Wilson,Side Judge,Dave Hawkshaw,Field Judge,Alonzo Ramsey
202309240min,2023-09-24,Sunday,1:00pm,Minnesota Vikings,Los Angeles Chargers,min,sdg,24,28,Kevin O'Connell,Brandon Staley,U.S. Bank Stadium,66878,3:16,dome,sportturf,,QB,Kirk Cousins,CousKi00,RB,Alexander Mattison,MattAl01,WR,K.J. Osborn,OsboKJ00,WR,Justin Jefferson,JeffJu00,TE,T.J. Hockenson,HockTJ00,TE,Josh Oliver,OlivJo00,OL,Austin Schlottmann,SchlAu00,T,Christian Darrisaw,DarrCh00,T,Brian O'Neill,ONeiBr00,G,Ezra Cleveland,ClevEz00,G,Ed Ingram,IngrEd00,DL,Dean Lowry,LowrDe00,DL,Harrison Phillips,PhilHa00,OLB,Danielle Hunter,HuntDa01,OLB,D.J. Wonnum,WonnDJ00,LB,Jordan Hicks,HickJo00,LB,Ivan Pace,PaceIv00,CB,Byron Murphy,MurpBy00,CB,Akayleb Evans,EvanAk00,S,Josh Metellus,MeteJo00,S,Camryn Bynum,BynuCa00,S,Harrison Smith,SmitHa00,QB,Justin Herbert,HerbJu00,RB,Joshua Kelley,KellJo01,WR,Mike Williams,WillMi07,WR,Keenan Allen,AlleKe00,TE,Stone Smartt,SmarSt00,TE,Donald Parham,ParhDo00,OL,Jamaree Salyer,SalyJa00,T,Rashawn Slater,SlatRa00,T,Trey Pipkins,PipkTr00,G,Zion Johnson,JohnZi00,C,Corey Linsley,LinsCo00,DL,Sebastian Joseph-Day,JoseSe00,DL,Austin Johnson,JohnAu01,DL,Nick Williams,WillNi01,OLB,Khalil Mack,MackKh00,OLB,Tuli Tuipulotu,TuipTu00,LB,Kenneth Murray,MurrKe00,CB,Asante Samuel Jr.,SamuAs00,CB,Michael Davis,DaviMi03,DB,Ja'Sir Taylor,TaylJa04,S,Derwin James,JameDe00,S,Alohi Gilman,GilmAl00,Referee,Shawn Smith,Umpire,Bryan Neale,Down Judge,Jay Bilbo,Line Judge,Jeff Seeman,Back Judge,Dino Paganelli,Side Judge,Clay Reynard,Field Judge,Dyrol Prioleau
202309240nyj,2023-09-24,Sunday,1:00pm,New York Jets,New England Patriots,nyj,nwe,10,15,Robert Saleh,Bill Belichick,MetLife Stadium,80876,3:08,outdoors,fieldturf,"64 degrees, relative humidity 90%, wind 14 mph",QB,Zach Wilson,WilsZa00,RB,Breece Hall,HallBr03,WR,Randall Cobb,CobbRa00,WR,Garrett Wilson,WilsGa00,WR,Allen Lazard,LazaAl00,TE,Tyler Conklin,ConkTy00,T,Mekhi Becton,BectMe00,G,Laken Tomlinson,TomlLa01,G,Alijah Vera-Tucker,VeraAl00,C,Connor McGovern,McGoCo00,C,Joe Tippmann,TippJo00,DL,Quinton Jefferson,JeffQu00,DL,John Franklin-Myers,FranJo02,DL,Quinnen Williams,WillQu00,LB,Jermaine Johnson II,JohnJe07,LB,C.J. Mosley,,LB,Quincy Williams,WillQu01,CB,Sauce Gardner,GardSa00,CB,D.J. Reed,,S,Jordan Whitehead,WhitJo03,S,Ashtyn Davis,DaviAs00,S,Adrian Amos,AmosAd00,QB,Mac Jones,JoneMa05,RB,Rhamondre Stevenson,StevRh00,WR,JuJu Smith-Schuster,SmitJu00,WR,DeVante Parker,ParkDe01,TE,Mike Gesicki,GesiMi00,TE,Hunter Henry,HenrHu00,OL,Trent Brown,BrowTr02,OL,Cole Strange,StraCo01,OL,Michael Onwenu,OnweMi00,T,Vederian Lowe,LoweVe00,C,David Andrews,AndrDa00,DL,Davon Godchaux,GodcDa00,DL,Lawrence Guy,GuyxLa00,DL,Sam Roberts,RobeSa00,DE,Keion White,WhitKe03,LB,Anfernee Jennings,JennAn00,LB,Jahlani Tavai,TavaJa00,LB,Ja'Whaun Bentley,BentJa00,CB,Christian Gonzalez,GonzCh00,DB,Jabrill Peppers,PeppJa00,DB,Kyle Dugger,DuggKy00,DB,Myles Bryant,BryaMy01,Referee,Bill Vinovich,Umpire,Alex Moore,Down Judge,Dale Keller,Line Judge,Mark Perlman,Back Judge,Jimmy Russell,Side Judge,Jimmy Buchanan,Field Judge,Joe Blubaugh
202309240rai,2023-09-24,Sunday,8:20pm,Las Vegas Raiders,Pittsburgh Steelers,rai,pit,18,23,Josh McDaniels,Mike Tomlin,Allegiant Stadium,62541,3:06,dome,grass,,QB,Jimmy Garoppolo,GaroJi00,RB,Josh Jacobs,JacoJo01,WR,Davante Adams,AdamDa01,WR,Jakobi Meyers,MeyeJa01,TE,Austin Hooper,HoopAu00,TE,Michael Mayer,MayeMi00,OL,Jermaine Eluemunor,ElueJe00,T,Kolton Miller,MillKo00,G,Greg Van Roten,VanRGr00,G,Dylan Parham,ParhDy00,C,Andre James,JameAn01,DE,Maxx Crosby,CrosMa00,DE,Isaac Rochell,RochIs00,DT,John Jenkins,JenkJo00,DT,Bilal Nichols,NichBi00,DT,Jerry Tillery,TillJe00,LB,Divine Deablo,DeabDi00,LB,Robert Spillane,SpilRo00,CB,Marcus Peters,PeteMa00,CB,Jakorian Bennett,BennJa00,S,Marcus Epps,EppsMa00,S,Tre'von Moehrig,MoehTr00,QB,Kenny Pickett,PickKe00,RB,Najee Harris,HarrNa00,WR,Allen Robinson,RobiAl02,WR,George Pickens,PickGe00,TE,Darnell Washington,WashDa03,TE,Pat Freiermuth,FreiPa00,OL,James Daniels,DaniJa01,OL,Chukwuma Okorafor,OkorCh00,T,Dan Moore,MoorDa05,G,Isaac Seumalo,SeumIs00,C,Mason Cole,ColeMa02,DE,DeMarvin Leal,LealDe00,DT,Larry Ogunjobi,OgunLa00,DT,Montravius Adams,AdamMo00,LB,Elandon Roberts,RobeEl00,LB,Cole Holcomb,HolcCo00,LB,Alex Highsmith,HighAl02,LB,T.J. Watt,,CB,Patrick Peterson,PetePa00,CB,Levi Wallace,WallLe00,S,Keanu Neal,NealKe01,S,Minkah Fitzpatrick,FitzMi00,Referee,Tra Blake,Umpire,Tony Michalek,Down Judge,Patrick Turner,Line Judge,Daniel Gallagher,Back Judge,Todd Prukop,Side Judge,Don Willard,Field Judge,Tom Hill
202309240rav,2023-09-24,Sunday,1:00pm,Baltimore Ravens,Indianapolis Colts,rav,clt,19,22,John Harbaugh,Shane Steichen,M&amp;T Bank Stadium,70038,3:27,outdoors,grass,"68 degrees, relative humidity 88%, wind 3 mph",QB,Lamar Jackson,JackLa00,RB,Gus Edwards,EdwaGu00,WR,Rashod Bateman,BateRa00,WR,Zay Flowers,FlowZa00,TE,Mark Andrews,AndrMa00,TE,Isaiah Likely,LikeIs00,OL,Patrick Mekari,MekaPa00,T,Morgan Moses,MoseMo00,G,John Simpson,SimpJo00,G,Kevin Zeitler,ZeitKe00,C,Sam Mustipher,MustSa01,DT,Nnamdi Madubuike,MaduJu00,NT,Michael Pierce,PierMi00,OLB,Jadeveon Clowney,ClowJa00,OLB,David Ojabo,OjabDa00,LB,Patrick Queen,QueePa00,LB,Roquan Smith,SmitRo07,CB,Ronald Darby,DarbRo00,CB,Daryl Worley,WorlDa00,DB,Brandon Stephens,StepBr01,S,Kyle Hamilton,HamiKy00,S,Geno Stone,StonGe00,QB,Gardner Minshew II,MinsGa00,RB,Zack Moss,MossZa00,WR,Michael Pittman Jr.,PittMi01,WR,Alec Pierce,PierAl00,WR,Josh Downs,DownJo00,TE,Mo Alie-Cox,AlieMo00,OL,Will Fries,FrieWi00,T,Bernhard Raimann,RaimBe00,T,Braden Smith,SmitBr06,G,Quenton Nelson,NelsQu00,C,Wesley French,FrenWe00,DE,Samson Ebukam,EbukSa00,DE,Kwity Paye,PayeKw00,DT,DeForest Buckner,BuckDe00,DT,Grover Stewart,StewGr00,LB,Zaire Franklin,FranZa00,LB,Shaquille Leonard,LeonDa00,LB,E.J. Speed,SpeeEJ00,CB,Dallis Flowers,FlowDa00,CB,Kenny Moore,MoorKe03,S,Rodney Thomas II,ThomRo07,S,Julian Blackmon,BlacJu01,Referee,Clete Blakeman,Umpire,Scott Campbell,Down Judge,Dana McKenzie,Line Judge,Julian Mapp,Back Judge,Jonah Monroe,Side Judge,Lo Van,Field Judge,Terry Brown
202309240sea,2023-09-24,Sunday,4:05pm,Seattle Seahawks,Carolina Panthers,sea,car,37,27,Pete Carroll,Frank Reich,Lumen Field,68699,3:35,outdoors,fieldturf,"61 degrees, relative humidity 76%, wind 2 mph",QB,Geno Smith,SmitGe00,RB,Kenneth Walker III,WalkKe00,WR,Tyler Lockett,LockTy00,WR,D.K. Metcalf,MetcDK00,TE,Noah Fant,FantNo00,TE,Colby Parkinson,ParkCo02,T,Jake Curhan,CurhJa00,T,Stone Forsythe,ForsSt00,G,Anthony Bradford,BradAn00,G,Damien Lewis,LewiDa05,C,Evan Brown,BrowEv00,DE,Dre'Mont Jones,JoneDr00,DE,Jarran Reed,ReedJa02,LB,Jordyn Brooks,BrooJo01,LB,Bobby Wagner,WagnBo00,LB,Uchenna Nwosu,NwosUc00,LB,Boye Mafe,MafeBo00,LB,Devin Bush Jr.,BushDe01,CB,Tre Brown,BrowTr03,CB,Devon Witherspoon,WithDe00,FS,Quandre Diggs,DiggQu00,S,Julian Love,LoveJu00,QB,Andy Dalton,DaltAn00,RB,Miles Sanders,SandMi01,WR,Adam Thielen,ThieAd00,WR,Jonathan Mingo,MingJo00,TE,Tommy Tremble,TremTo00,TE,Ian Thomas,ThomIa00,OL,Bradley Bozeman,BozeBr00,T,Ikem Ekwonu,EkwoIk00,T,Taylor Moton,MotoTa00,G,Chandler Zavala,ZavaCh00,G,Calvin Throckmorton,ThroCa01,DT,Derrick Brown,BrowDe05,DT,Shy Tuttle,TuttSh00,OLB,Justin Houston,HousJu00,OLB,Brian Burns,BurnBr00,LB,Frankie Luvu,LuvuFr00,LB,Deion Jones,JoneDe01,CB,Donte Jackson,JackDo02,CB,C.J. Henderson,HendCJ00,S,Jeremy Chinn,ChinJe00,S,Xavier Woods,WoodXa00,S,Vonn Bell,BellVo00,Referee,Ron Torbert,Umpire,Barry Anderson,Down Judge,Max Causey,Line Judge,Maia Chaka,Back Judge,Tony Josselyn,Side Judge,Keith Washington,Field Judge,Ryan Dickson
202309240was,2023-09-24,Sunday,1:00pm,Washington Commanders,Buffalo Bills,was,buf,3,37,Ron Rivera,Sean McDermott,FedExField,64291,2:54,outdoors,grass,"65 degrees, relative humidity 96%, wind 1 mph",QB,Sam Howell,HoweSa00,RB,Brian Robinson Jr.,RobiBr01,WR,Jahan Dotson,DotsJa00,WR,Terry McLaurin,McLaTe00,TE,John Bates,BateJo00,TE,Cole Turner,TurnCo00,OL,Andrew Wylie,WyliAn00,OL,Saahdiq Charles,CharSa00,T,Samuel Cosmi,CosmSa00,T,Charles Leno Jr.,LenoCh00,C,Nick Gates,GateNi00,DE,Chase Young,YounCh04,DE,Montez Sweat,SweaMo00,DT,Daron Payne,PaynDa00,DT,Jonathan Allen,AlleJo01,LB,Jamin Davis,DaviJa11,LB,Cody Barton,BartCo00,CB,Kendall Fuller,FullKe00,CB,Benjamin St-Juste,StJuBe00,S,Darrick Forrest,ForrDa00,S,Kamren Curl,CurlKa00,S,Percy Butler,ButlPe00,QB,Josh Allen,AlleJo02,RB,James Cook,CookJa01,WR,Gabe Davis,DaviGa01,WR,Stefon Diggs,DiggSt00,TE,Dawson Knox,KnoxDa00,TE,Dalton Kincaid,KincDa00,T,Spencer Brown,BrowSp00,T,Dion Dawkins,DawkDi00,G,O'Cyrus Torrence,TorrOC00,G,Connor McGovern,McGoCo01,C,Mitch Morse,MorsMi00,DE,Gregory Rousseau,RousGr00,DE,Leonard Floyd,FloyLe00,DT,DaQuan Jones,JoneDa04,DT,Ed Oliver,OlivEd00,LB,Terrel Bernard,BernTe00,LB,Matt Milano,MilaMa00,CB,Tre'Davious White,WhitTr01,CB,Taron Johnson,JohnTa01,CB,Christian Benford,BenfCh00,S,Jordan Poyer,PoyeJo00,S,Micah Hyde,HydeMi00,Referee,Land Clark,Umpire,Paul King,Down Judge,Tom Stephan,Line Judge,Brian Bolinger,Back Judge,Brad Freeman,Side Judge,Dominique Pender,Field Judge,Jabir Walker
202309250cin,2023-09-25,Monday,8:15pm,Cincinnati Bengals,Los Angeles Rams,cin,ram,19,16,Zac Taylor,Sean McVay,Paycor Stadium,65158,3:11,outdoors,fieldturf,"74 degrees, relative humidity 62%, wind 7 mph",QB,Joe Burrow,BurrJo01,RB,Joe Mixon,MixoJo00,WR,Tyler Boyd,BoydTy00,WR,Ja'Marr Chase,ChasJa00,WR,Tee Higgins,HiggTe00,TE,Drew Sample,SampDr00,T,Orlando Brown Jr.,BrowOr00,T,Jonah Williams,WillJo10,G,Alex Cappa,CappAl00,G,Cordell Volson,VolsCo02,C,Ted Karras,KarrTe00,DE,Sam Hubbard,HubbSa00,DE,Trey Hendrickson,HendTr00,DT,D.J. Reader,,DT,B.J. Hill,,LB,Germaine Pratt,PratGe00,LB,Logan Wilson,WilsLo00,CB,Chidobe Awuzie,AwuzCh00,CB,Mike Hilton,HiltMi01,CB,Cam Taylor-Britt,TaylCa01,S,Daxton Hill,HillDa04,S,Nick Scott,ScotNi01,QB,Matthew Stafford,StafMa00,RB,Kyren Williams,WillKy02,WR,Tutu Atwell,AtweTu00,WR,Van Jefferson,JeffVa00,WR,Puka Nacua,NacuPu00,TE,Tyler Higbee,HigbTy00,T,Rob Havenstein,HaveRo00,T,Alaric Jackson,JackAl01,T,Joseph Noteboom,NoteJo00,G,Steve Avila,AvilSt00,G,Coleman Shelton,ShelCo00,DE,Jonah Williams,WillJo16,DT,Aaron Donald,DonaAa00,NT,Bobby Brown,BrowBo04,OLB,Byron Young,YounBy01,OLB,Michael Hoecht,HoecMi00,LB,Ernest Jones,JoneEr01,DB,Derion Kendrick,KendDe00,DB,Jordan Fuller,FullJo01,DB,Ahkello Witherspoon,WithAh00,DB,Russ Yeast,YeasRu00,DB,Cobie Durant,DuraDe01,Referee,John Hussey,Umpire,Carl Paganelli,Down Judge,Frank LeBlanc,Line Judge,Carl Johnson,Back Judge,Matt Edwards,Side Judge,Allen Baynes,Field Judge,Anthony Flemming
202309250tam,2023-09-25,Monday,7:15pm,Tampa Bay Buccaneers,Philadelphia Eagles,tam,phi,11,25,Todd Bowles,Nick Sirianni,Raymond James Stadium,65426,2:52,outdoors,grass,"90 degrees, relative humidity 60%, wind 4 mph",QB,Baker Mayfield,MayfBa00,RB,Rachaad White,WhitRa01,WR,Mike Evans,EvanMi00,WR,Chris Godwin,GodwCh00,TE,Cade Otton,OttoCa00,TE,Ko Kieft,KiefKo00,OL,Matt Feiler,FeilMa00,OL,Robert Hainsey,HainRo00,T,Tristan Wirfs,WirfTr00,G,Cody Mauch,MaucCo00,G,Luke Goedeke,GoedLu00,DL,Logan Hall,HallLo00,DL,Mike Greene,GreeMi01,DL,Vita Vea,VeaxVi00,OLB,Shaquil Barrett,BarrSh00,OLB,Joe Tryon-Shoyinka,TryoJo00,LB,Devin White,WhitDe02,LB,Lavonte David,DaviLa00,CB,Zyon McCollum,McCoZy02,CB,Jamel Dean,DeanJa00,S,Ryan Neal,NealRy00,S,Antoine Winfield Jr.,WinfAn00,QB,Jalen Hurts,HurtJa00,RB,D'Andre Swift,SwifDA00,WR,A.J. Brown,BrowAJ00,WR,DeVonta Smith,SmitDe07,TE,Jack Stoll,StolJa00,TE,Dallas Goedert,GoedDa00,OL,Cam Jurgens,JurgCa01,T,Jordan Mailata,MailJo00,T,Lane Johnson,JohnLa01,G,Landon Dickerson,DickLa00,C,Jason Kelce,KelcJa00,DE,Josh Sweat,SweaJo00,DT,Milton Williams,WillMi08,DT,Jordan Davis,DaviJo03,DT,Fletcher Cox,CoxxFl00,OLB,Haason Reddick,ReddHa00,LB,Nicholas Morrow,MorrNi00,LB,Zach Cunningham,CunnZa00,CB,Darius Slay,SlayDa00,CB,James Bradberry,BradJa00,S,Justin Evans,EvanJu00,S,Reed Blankenship,BlanRe00,Referee,Adrian Hill,Umpire,Roy Ellison,Down Judge,David Oliver,Line Judge,Brett Bergman,Back Judge,Greg Steed,Side Judge,Jim Quirk,Field Judge,Mearl Robinson
202309280gnb,2023-09-28,Thursday,8:15pm,Green Bay Packers,Detroit Lions,gnb,det,20,34,Matt LaFleur,Dan Campbell,Lambeau Field,78052,3:04,outdoors,grass,"64 degrees, relative humidity 75%, wind 8 mph",QB,Jordan Love,LoveJo03,RB,Aaron Jones,JoneAa00,WR,Romeo Doubs,DoubRo00,WR,Christian Watson,WatsCh00,WR,Jayden Reed,ReedJa03,TE,Luke Musgrave,MusgLu00,OL,Josh Myers,MyerJo00,OL,Royce Newman,NewmRo00,OL,Zach Tom,TomxZa00,T,Rasheed Walker,WalkRa00,G,Jon Runyan Jr.,RunyJo00,DL,Devonte Wyatt,WyatDe00,DL,Kenny Clark,ClarKe01,DL,Tedarrell Slaton,SlatTe00,LB,Kingsley Enagbare,EnagKi00,LB,Quay Walker,WalkQu00,LB,Preston Smith,SmitPr00,LB,Isaiah McDuffie,McDuIs00,CB,Carrington Valentine,ValeCa00,CB,Rasul Douglas,DougRa00,S,Darnell Savage Jr.,SavaDa00,S,Rudy Ford,FordRu00,QB,Jared Goff,GoffJa00,RB,David Montgomery,MontDa01,WR,Amon-Ra St. Brown,StxxAm00,WR,Josh Reynolds,ReynJo00,TE,Sam LaPorta,LaPoSa01,TE,Brock Wright,WrigBr01,OL,Graham Glasgow,GlasGr00,T,Taylor Decker,DeckTa00,T,Penei Sewell,SewePe00,G,Jonah Jackson,JackJo03,C,Frank Ragnow,RagnFr00,DL,Charles Harris,HarrCh03,DL,Aidan Hutchinson,HutcAi00,DL,Benito Jones,JoneBe03,DL,Alim McNeill,McNeAl00,LB,Alex Anzalone,AnzaAl00,LB,Derrick Barnes,BarnDe02,CB,Jerry Jacobs,JacoJe00,CB,Cameron Sutton,SuttCa00,DB,Brian Branch,BranBr00,S,Ifeatu Melifonwu,MeliIf00,S,Tracy Walker,WalkTr01,Referee,Alan Eck,Umpire,Tab Slaughter,Down Judge,Fred Bryan,Line Judge,Robin DeLorenzo,Back Judge,Greg Meyer,Side Judge,Dale Shaw,Field Judge,John Jenkins
202310010buf,2023-10-01,Sunday,1:00pm,Buffalo Bills,Miami Dolphins,buf,mia,48,20,Sean McDermott,Mike McDaniel,Highmark Stadium,70881,3:09,outdoors,a_turf,"70 degrees, relative humidity 71%, wind 2 mph",QB,Josh Allen,AlleJo02,RB,James Cook,CookJa01,WR,Gabe Davis,DaviGa01,WR,Stefon Diggs,DiggSt00,WR,Khalil Shakir,ShakKh00,TE,Dawson Knox,KnoxDa00,T,Spencer Brown,BrowSp00,T,Dion Dawkins,DawkDi00,G,O'Cyrus Torrence,TorrOC00,G,Connor McGovern,McGoCo01,C,Mitch Morse,MorsMi00,DE,Leonard Floyd,FloyLe00,DE,Gregory Rousseau,RousGr00,DT,DaQuan Jones,JoneDa04,DT,Ed Oliver,OlivEd00,LB,Terrel Bernard,BernTe00,LB,Matt Milano,MilaMa00,CB,Tre'Davious White,WhitTr01,CB,Taron Johnson,JohnTa01,CB,Christian Benford,BenfCh00,S,Taylor Rapp,RappTa00,S,Micah Hyde,HydeMi00,QB,Tua Tagovailoa,TagoTu00,RB,Raheem Mostert,MostRa00,FB,Alec Ingold,IngoAl01,WR,Tyreek Hill,HillTy00,WR,Jaylen Waddle,WaddJa00,TE,Durham Smythe,SmytDu00,OL,Liam Eichenberg,EichLi00,OL,Robert Hunt,HuntRo01,OL,Austin Jackson,JackAu00,T,Terron Armstead,ArmsTe00,T,Isaiah Wynn,WynnIs00,DT,Christian Wilkins,WilkCh00,DT,Zach Sieler,SielZa00,LB,Jerome Baker,BakeJe00,LB,Andrew Van Ginkel,VanGAn00,LB,David Long,LongDa04,LB,Bradley Chubb,ChubBr00,CB,Kader Kohou,KohoKa00,CB,Xavien Howard,HowaXa00,CB,Justin Bethel,BethJu00,S,Brandon Jones,JoneBr06,S,Jevon Holland,HollJe02,Referee,Adrian Hill,Umpire,Roy Ellison,Down Judge,David Oliver,Line Judge,Brett Bergman,Back Judge,Greg Steed,Side Judge,Jim Quirk,Field Judge,Mearl Robinson
202310010car,2023-10-01,Sunday,1:00pm,Carolina Panthers,Minnesota Vikings,car,min,13,21,Frank Reich,Kevin O'Connell,Bank of America Stadium,72842,2:43,outdoors,grass,"78 degrees, relative humidity 50%, wind 7 mph",QB,Bryce Young,YounBr01,RB,Miles Sanders,SandMi01,WR,DJ Chark,CharDJ00,WR,Adam Thielen,ThieAd00,WR,Terrace Marshall Jr.,MarsTe00,TE,Hayden Hurst,HursHa00,OL,Bradley Bozeman,BozeBr00,T,Ikem Ekwonu,EkwoIk00,T,Taylor Moton,MotoTa00,G,Chandler Zavala,ZavaCh00,G,Calvin Throckmorton,ThroCa01,DT,Shy Tuttle,TuttSh00,DT,DeShawn Williams,WillDe04,DT,Derrick Brown,BrowDe05,OLB,Justin Houston,HousJu00,OLB,Brian Burns,BurnBr00,LB,Frankie Luvu,LuvuFr00,CB,Donte Jackson,JackDo02,CB,C.J. Henderson,HendCJ00,S,Sam Franklin,FranSa00,S,Jeremy Chinn,ChinJe00,S,Vonn Bell,BellVo00,QB,Kirk Cousins,CousKi00,RB,Alexander Mattison,MattAl01,WR,Justin Jefferson,JeffJu00,WR,Jordan Addison,AddiJo00,WR,K.J. Osborn,OsboKJ00,TE,T.J. Hockenson,HockTJ00,OL,Austin Schlottmann,SchlAu00,T,Christian Darrisaw,DarrCh00,T,Brian O'Neill,ONeiBr00,G,Ezra Cleveland,ClevEz00,G,Ed Ingram,IngrEd00,DL,Jaquelin Roy,RoyxJa00,DL,Harrison Phillips,PhilHa00,OLB,Patrick Jones II,JonePa00,OLB,D.J. Wonnum,WonnDJ00,OLB,Danielle Hunter,HuntDa01,LB,Jordan Hicks,HickJo00,CB,Byron Murphy,MurpBy00,CB,Akayleb Evans,EvanAk00,S,Josh Metellus,MeteJo00,S,Harrison Smith,SmitHa00,S,Camryn Bynum,BynuCa00,Referee,Tra Blake,Umpire,Tony Michalek,Down Judge,Patrick Turner,Line Judge,Daniel Gallagher,Back Judge,Todd Prukop,Side Judge,Don Willard,Field Judge,Tom Hill
202310010chi,2023-10-01,Sunday,1:00pm,Chicago Bears,Denver Broncos,chi,den,28,31,Matt Eberflus,Sean Payton,Soldier Field,62220,2:55,outdoors,grass,"80 degrees, relative humidity 64%, wind 2 mph",QB,Justin Fields,FielJu00,RB,Khalil Herbert,HerbKh00,WR,D.J. Moore,,WR,Darnell Mooney,MoonDa00,TE,Robert Tonyan,TonyRo00,TE,Cole Kmet,KmetCo00,OL,Darnell Wright,WrigDa00,OL,Cody Whitehair,WhitCo03,OL,Lucas Patrick,PatrLu00,OL,Nate Davis,DaviNa01,OL,Larry Borom,BoroLa00,DL,Justin Jones,JoneJu03,DL,Yannick Ngakoue,NgakYa00,DL,DeMarcus Walker,WalkDe03,DL,Andrew Billings,BillAn00,LB,T.J. Edwards,EdwaTJ02,LB,Tremaine Edmunds,EdmuTr01,LB,Jack Sanborn,SanbJa00,DB,Elijah Hicks,HickEl00,DB,Terell Smith,SmitTe05,DB,Tyrique Stevenson,StevTy01,DB,Jaquan Brisker,BrisJa01,QB,Russell Wilson,WilsRu00,RB,Javonte Williams,WillJa10,WR,Courtland Sutton,SuttCo00,WR,Marvin Mims,MimsMa00,WR,Lil'Jordan Humphrey,HumpLi01,TE,Adam Trautman,TrauAd00,OL,Quinn Meinerz,MeinQu02,T,Mike McGlinchey,McGlMi00,T,Garett Bolles,BollGa00,G,Ben Powers,PoweBe00,C,Lloyd Cushenberry III,CushLl00,DL,Jonathan Harris,HarrJo05,DE,Zach Allen,AlleZa01,DT,D.J. Jones,,OLB,Jonathon Cooper,CoopJo02,OLB,Nik Bonitto,BoniNi00,LB,Drew Sanders,SandDr00,LB,Alex Singleton,SingAl00,CB,Damarri Mathis,MathDa00,CB,Patrick Surtain II,SurtPa01,S,Kareem Jackson,JackKa99,S,Delarrin Turner-Yell,TurnDe02,Referee,Carl Cheffers,Umpire,Brandon Cruse,Down Judge,Mike Carr,Line Judge,Tom Eaton,Back Judge,Martin Hankins,Side Judge,Eugene Hall,Field Judge,Nathan Jones
202310010cle,2023-10-01,Sunday,1:00pm,Cleveland Browns,Baltimore Ravens,cle,rav,3,28,Kevin Stefanski,John Harbaugh,Cleveland Browns Stadium,67919,3:02,outdoors,grass,"71 degrees, relative humidity 79%, wind 7 mph",QB,Dorian Thompson-Robinson,ThomDo02,RB,Jerome Ford,FordJe00,WR,Amari Cooper,CoopAm00,WR,Donovan Peoples-Jones,PeopDo00,WR,Elijah Moore,MoorEl00,TE,David Njoku,NjokDa00,T,Jedrick Wills Jr.,WillJe04,T,Dawand Jones,JoneDa07,G,Wyatt Teller,TellWy00,G,Joel Bitonio,BitoJo00,C,Ethan Pocic,PociEt00,DE,Myles Garrett,GarrMy00,DE,Za'Darius Smith,SmitZa00,DT,Jordan Elliott,ElliJo02,DT,Dalvin Tomlinson,TomlDa00,LB,Jeremiah Owusu-Koramoah,OwusJe00,LB,Anthony Walker,WalkAn01,CB,Greg Newsome II,NewsGr00,CB,Denzel Ward,WardDe02,S,Rodney McLeod,McLeRo00,S,Grant Delpit,DelpGr00,S,Juan Thornhill,ThorJu00,QB,Lamar Jackson,JackLa00,RB,Gus Edwards,EdwaGu00,FB,Patrick Ricard,RicaPa00,WR,Nelson Agholor,AghoNe00,WR,Devin Duvernay,DuveDe00,WR,Zay Flowers,FlowZa00,OL,Patrick Mekari,MekaPa00,T,Morgan Moses,MoseMo00,G,Kevin Zeitler,ZeitKe00,G,John Simpson,SimpJo00,C,Tyler Linderbaum,LindTy00,DT,Nnamdi Madubuike,MaduJu00,NT,Michael Pierce,PierMi00,OLB,Jeremiah Moon,MoonJe00,OLB,Tavius Robinson,RobiTa00,LB,Patrick Queen,QueePa00,LB,Roquan Smith,SmitRo07,CB,Daryl Worley,WorlDa00,CB,Ronald Darby,DarbRo00,DB,Brandon Stephens,StepBr01,S,Kyle Hamilton,HamiKy00,S,Geno Stone,StonGe00,Referee,Brad Allen,Umpire,Duane Heydt,Down Judge,Sarah Thomas,Line Judge,Walter Flowers,Back Judge,Greg Yette,Side Judge,Boris Cheek,Field Judge,Rick Patterson
202310010clt,2023-10-01,Sunday,1:00pm,Indianapolis Colts,Los Angeles Rams,clt,ram,23,29,Shane Steichen,Sean McVay,Lucas Oil Stadium,65337,3:19,retractable roof (closed),fieldturf,,QB,Anthony Richardson,RichAn03,RB,Zack Moss,MossZa00,WR,Michael Pittman Jr.,PittMi01,WR,Alec Pierce,PierAl00,TE,Mo Alie-Cox,AlieMo00,TE,Andrew Ogletree,OgleAn00,OL,Will Fries,FrieWi00,T,Braden Smith,SmitBr06,T,Blake Freeland,FreeBl00,G,Quenton Nelson,NelsQu00,C,Wesley French,FrenWe00,DE,Samson Ebukam,EbukSa00,DE,Kwity Paye,PayeKw00,DT,Grover Stewart,StewGr00,DT,Taven Bryan,BryaTa00,LB,Shaquille Leonard,LeonDa00,LB,Zaire Franklin,FranZa00,CB,Kenny Moore,MoorKe03,CB,Dallis Flowers,FlowDa00,CB,Julius Brents,BrenJu00,S,Rodney Thomas II,ThomRo07,S,Julian Blackmon,BlacJu01,QB,Matthew Stafford,StafMa00,RB,Kyren Williams,WillKy02,WR,Tutu Atwell,AtweTu00,WR,Van Jefferson,JeffVa00,WR,Puka Nacua,NacuPu00,TE,Tyler Higbee,HigbTy00,OL,Kevin Dotson,DotsKe00,T,Rob Havenstein,HaveRo00,T,Joseph Noteboom,NoteJo00,G,Steve Avila,AvilSt00,G,Coleman Shelton,ShelCo00,DE,Jonah Williams,WillJo16,DT,Aaron Donald,DonaAa00,NT,Bobby Brown,BrowBo04,OLB,Byron Young,YounBy01,OLB,Michael Hoecht,HoecMi00,LB,Ernest Jones,JoneEr01,DB,Derion Kendrick,KendDe00,DB,Jordan Fuller,FullJo01,DB,Ahkello Witherspoon,WithAh00,DB,Russ Yeast,YeasRu00,DB,Cobie Durant,DuraDe01,Referee,Land Clark,Umpire,Paul King,Down Judge,Tom Stephan,Line Judge,Brian Bolinger,Back Judge,Brad Freeman,Side Judge,Dominique Pender,Field Judge,Jabir Walker
202310010dal,2023-10-01,Sunday,4:25pm,Dallas Cowboys,New England Patriots,dal,nwe,38,3,Mike McCarthy,Bill Belichick,AT&amp;T Stadium,93719,2:56,retractable roof (closed),matrixturf,,QB,Dak Prescott,PresDa01,RB,Tony Pollard,PollTo00,WR,Brandin Cooks,CookBr00,WR,Michael Gallup,GallMi00,WR,CeeDee Lamb,LambCe00,TE,Jake Ferguson,FergJa00,OL,Tyler Smith,SmitTy02,T,Terence Steele,SteeTe01,G,Chuma Edoga,EdogCh00,G,Zack Martin,MartZa00,C,Tyler Biadasz,BiadTy00,DE,Chauncey Golston,GolsCh00,DE,DeMarcus Lawrence,LawrDe00,DT,Johnathan Hankins,HankJo00,DT,Osa Odighizuwa,OdigOs00,LB,Leighton Vander Esch,VandLe00,LB,Micah Parsons,ParsMi00,LB,Damone Clark,ClarDa02,CB,DaRon Bland,BlanDa00,CB,Stephon Gilmore,GilmSt00,S,Jayron Kearse,KearJa00,S,Malik Hooker,HookMa00,QB,Mac Jones,JoneMa05,RB,Rhamondre Stevenson,StevRh00,WR,DeVante Parker,ParkDe01,TE,Pharaoh Brown,BrowPh01,TE,Mike Gesicki,GesiMi00,TE,Hunter Henry,HenrHu00,OL,Trent Brown,BrowTr02,OL,Michael Onwenu,OnweMi00,OL,Atonio Mafi,MafiAt00,T,Vederian Lowe,LoweVe00,C,David Andrews,AndrDa00,DL,Deatrich Wise Jr.,WiseDe00,DL,Lawrence Guy,GuyxLa00,DL,Davon Godchaux,GodcDa00,LB,Matt Judon,JudoMa00,LB,Jahlani Tavai,TavaJa00,LB,Ja'Whaun Bentley,BentJa00,CB,Christian Gonzalez,GonzCh00,CB,Shaun Wade,WadeSh00,DB,Kyle Dugger,DuggKy00,DB,Jabrill Peppers,PeppJa00,DB,Myles Bryant,BryaMy01,Referee,Scott Novak,Umpire,Mark Pellis,Down Judge,Brian Sakowski,Line Judge,Mark Stewart,Back Judge,Terrence Miles,Side Judge,David Meslow,Field Judge,Tra Boger
202310010htx,2023-10-01,Sunday,1:00pm,Houston Texans,Pittsburgh Steelers,htx,pit,30,6,DeMeco Ryans,Mike Tomlin,NRG Stadium,71399,2:57,retractable roof (closed),astroturf,,QB,C.J. Stroud,StroCJ00,RB,Dameon Pierce,PierDa01,FB,Andrew Beck,BeckAn01,WR,Robert Woods,WoodRo02,WR,Tank Dell,DellNa00,TE,Teagan Quitoriano,QuitTe00,OL,Jarrett Patterson,PattJa03,OL,Kendrick Green,GreeKe02,T,George Fant,FantGe00,T,Austin Deculus,DecuAu00,G,Shaq Mason,MasoSh01,DE,Jonathan Greenard,GreeJo04,DE,Will Anderson,AndeWi01,DT,Maliek Collins,CollMa00,DT,Sheldon Rankins,RankSh00,LB,Christian Harris,HarrCh06,LB,Blake Cashman,CashBl00,LB,Henry To'oTo'o,TooTHe00,CB,Shaquill Griffin,GrifSh00,CB,Steven Nelson,NelsSt01,S,Jalen Pitre,PitrJa00,S,Jimmie Ward,WardJi01,QB,Kenny Pickett,PickKe00,RB,Najee Harris,HarrNa00,WR,Allen Robinson,RobiAl02,WR,George Pickens,PickGe00,TE,Darnell Washington,WashDa03,TE,Pat Freiermuth,FreiPa00,OL,Chukwuma Okorafor,OkorCh00,T,Dan Moore,MoorDa05,G,Nate Herbig,HerbNa01,G,Isaac Seumalo,SeumIs00,C,Mason Cole,ColeMa02,DE,DeMarvin Leal,LealDe00,DT,Larry Ogunjobi,OgunLa00,DT,Montravius Adams,AdamMo00,LB,Elandon Roberts,RobeEl00,LB,Cole Holcomb,HolcCo00,LB,Alex Highsmith,HighAl02,LB,T.J. Watt,,CB,Patrick Peterson,PetePa00,CB,Levi Wallace,WallLe00,S,Keanu Neal,NealKe01,S,Minkah Fitzpatrick,FitzMi00,Referee,Bill Vinovich,Umpire,Alex Moore,Down Judge,Dale Keller,Line Judge,Mark Perlman,Back Judge,Jimmy Russell,Side Judge,Jimmy Buchanan,Field Judge,Joe Blubaugh
202310010jax,2023-10-01,Sunday,9:30am,Jacksonville Jaguars,Atlanta Falcons,jax,atl,23,7,Doug Pederson,Arthur Smith,Wembley Stadium,85716,2:43,outdoors,grass,"72 degrees, relative humidity 75%, wind 8 mph",QB,Trevor Lawrence,LawrTr00,RB,Travis Etienne,EtieTr00,WR,Calvin Ridley,RidlCa00,WR,Christian Kirk,KirkCh01,WR,Tim Jones,JoneTi00,TE,Evan Engram,EngrEv00,OL,Tyler Shatley,ShatTy00,OL,Brandon Scherff,ScheBr00,OL,Walker Little,LittWa00,OL,Luke Fortner,FortLu01,T,Anton Harrison,HarrAn00,DL,Adam Gotsis,GotsAd00,DL,Folorunso Fatukasi,FatuFo00,DL,Roy Robertson-Harris,RobeRo00,OLB,Travon Walker,WalkTr03,OLB,Josh Hines-Allen,AlleJo03,LB,Chad Muma,MumaCh00,LB,Foyesade Oluokun,OluoFo00,CB,Darious Williams,WillDa09,CB,Tyson Campbell,CampTy01,S,Rayshawn Jenkins,JenkRa00,S,Andre Cisco,CiscAn00,QB,Desmond Ridder,RiddDe00,RB,Bijan Robinson,RobiBi01,WR,Mack Hollins,HollMa00,WR,Drake London,LondDr00,TE,MyCole Pruitt,PruiMy00,TE,Jonnu Smith,SmitJo01,OL,Matthew Bergeron,BergMa00,OL,Drew Dalman,DalmDr00,T,Kaleb McGary,McGaKa00,T,Jake Matthews,MattJa00,G,Chris Lindstrom,LindCh00,DL,Grady Jarrett,JarrGr00,DL,David Onyemata,OnyeDa00,DL,Calais Campbell,CampCa99,OLB,Bud Dupree,DuprAl00,LB,Nathan Landman,LandNa01,LB,Kaden Elliss,ElliKa00,CB,AJ Terrell,TerrAJ00,CB,DeAundre Alford,AlfoDe00,CB,Jeff Okudah,OkudJe00,S,Richie Grant,GranRi00,S,Jessie Bates III,BateJe00,Referee,Craig Wrolstad,Umpire,Steve Woods,Down Judge,Jim Mello,Line Judge,Tripp Sutter,Back Judge,Grantis Bell,Side Judge,Frank Steratore,Field Judge,Jeff Shears
202310010nor,2023-10-01,Sunday,1:00pm,New Orleans Saints,Tampa Bay Buccaneers,nor,tam,9,26,Dennis Allen,Todd Bowles,Caesars Superdome,70003,3:04,dome,sportturf,,QB,Derek Carr,CarrDe02,RB,Alvin Kamara,KamaAl00,WR,Chris Olave,OlavCh00,WR,Taysom Hill,HillTa00,WR,Keith Kirkwood,KirkKe00,TE,Jimmy Graham,GrahJi00,OL,Andrus Peat,PeatAn00,OL,James Hurst,HursJa00,OL,Erik McCoy,McCoEr01,T,Trevor Penning,PennTr00,T,Ryan Ramczyk,RamcRy00,DE,Cameron Jordan,JordCa00,DE,Carl Granderson,GranCa01,DT,Khalen Saunders,SaunKh00,DT,Nathan Shepherd,ShepNa00,LB,Zack Baun,BaunZa00,LB,Pete Werner,WernPe00,LB,Demario Davis,DaviDe00,CB,Marshon Lattimore,LattMa01,CB,Alontae Taylor,TaylAl01,S,Tyrann Mathieu,MathTy00,S,Johnathan Abram,AbraJo01,QB,Baker Mayfield,MayfBa00,RB,Rachaad White,WhitRa01,WR,Mike Evans,EvanMi00,WR,Chris Godwin,GodwCh00,TE,Cade Otton,OttoCa00,TE,Ko Kieft,KiefKo00,OL,Matt Feiler,FeilMa00,OL,Robert Hainsey,HainRo00,T,Tristan Wirfs,WirfTr00,G,Cody Mauch,MaucCo00,G,Luke Goedeke,GoedLu00,DL,Logan Hall,HallLo00,DL,Vita Vea,VeaxVi00,OLB,Shaquil Barrett,BarrSh00,OLB,Joe Tryon-Shoyinka,TryoJo00,LB,Devin White,WhitDe02,LB,Lavonte David,DaviLa00,CB,Zyon McCollum,McCoZy02,CB,Carlton Davis,DaviCa02,S,Christian Izien,IzieCh00,S,Ryan Neal,NealRy00,S,Antoine Winfield Jr.,WinfAn00,Referee,Shawn Hochuli,Umpire,Terry Killens,Down Judge,Patrick Holt,Line Judge,Tim Podraza,Back Judge,Rich Martinez,Side Judge,Chad Hill,Field Judge,Jason Ledet
202310010nyj,2023-10-01,Sunday,8:20pm,New York Jets,Kansas City Chiefs,nyj,kan,20,23,Robert Saleh,Andy Reid,MetLife Stadium,80461,2:55,outdoors,fieldturf,"69 degrees, relative humidity 71%, wind 5 mph",QB,Zach Wilson,WilsZa00,RB,Breece Hall,HallBr03,WR,Garrett Wilson,WilsGa00,WR,Allen Lazard,LazaAl00,TE,Tyler Conklin,ConkTy00,TE,C.J. Uzomah,,T,Mekhi Becton,BectMe00,G,Laken Tomlinson,TomlLa01,G,Alijah Vera-Tucker,VeraAl00,C,Connor McGovern,McGoCo00,C,Joe Tippmann,TippJo00,DL,Quinton Jefferson,JeffQu00,DL,John Franklin-Myers,FranJo02,DL,Quinnen Williams,WillQu00,LB,Jermaine Johnson II,JohnJe07,LB,C.J. Mosley,,LB,Quincy Williams,WillQu01,CB,Sauce Gardner,GardSa00,CB,D.J. Reed,,CB,Michael Carter II,CartMi02,S,Jordan Whitehead,WhitJo03,S,Adrian Amos,AmosAd00,QB,Patrick Mahomes,MahoPa00,RB,Isiah Pacheco,PachIs00,WR,Justin Watson,WatsJu01,WR,Marquez Valdes-Scantling,ValdMa00,WR,Skyy Moore,MoorSk01,TE,Travis Kelce,KelcTr00,T,Jawaan Taylor,TaylJa02,T,Donovan Smith,SmitDo02,G,Joe Thuney,ThunJo00,G,Trey Smith,SmitTr05,C,Creed Humphrey,HumpCr00,DE,Michael Danna,DannMi00,DE,George Karlaftis III,KarlGe00,DT,Derrick Nnadi,NnadDe00,DT,Chris Jones,JoneCh09,LB,Leo Chenal,ChenLe00,LB,Drue Tranquill,TranDr00,LB,Willie Gay Jr.,GayJWi00,CB,L'Jarius Sneed,SneeLJ00,CB,Trent McDuffie,McDuTr00,S,Justin Reid,ReidJu00,S,Bryan Cook,CookBr02,Referee,Alex Kemp,Umpire,Mike Morton,Down Judge,Danny Short,Line Judge,Rusty Baynes,Back Judge,Scott Helverson,Side Judge,James Coleman,Field Judge,Sean Petty
202310010oti,2023-10-01,Sunday,1:00pm,Tennessee Titans,Cincinnati Bengals,oti,cin,27,3,Mike Vrabel,Zac Taylor,Nissan Stadium,68951,2:47,outdoors,grass,"82 degrees, relative humidity 50%, wind 4 mph",QB,Ryan Tannehill,TannRy00,RB,Derrick Henry,HenrDe00,WR,DeAndre Hopkins,HopkDe00,WR,Nick Westbrook-Ikhine,WestNi00,WR,Chris Moore,MoorCh00,TE,Trevon Wesco,WescTr00,OL,Aaron Brewer,BrewAa01,OL,Dillon Radunz,RaduDi00,OL,Daniel Brunskill,BrunDa00,OL,Chris Hubbard,HubbCh00,T,Andre Dillard,DillAn00,DL,Denico Autry,AutrDe00,DT,Jeffery Simmons,SimmJe01,DT,Teair Tart,TartTe00,OLB,Harold Landry,LandHa00,LB,Azeez Al-Shaair,AlShAz00,LB,Jack Gibbens,GibbJa00,CB,Roger McCreary,McCrRo01,CB,Sean Murphy-Bunting,BuntSe00,CB,Kristian Fulton,FultKr00,DB,Amani Hooker,HookAm00,S,Kevin Byard,ByarKe01,QB,Joe Burrow,BurrJo01,RB,Joe Mixon,MixoJo00,WR,Tyler Boyd,BoydTy00,WR,Ja'Marr Chase,ChasJa00,WR,Tee Higgins,HiggTe00,TE,Drew Sample,SampDr00,T,Orlando Brown Jr.,BrowOr00,T,Jonah Williams,WillJo10,G,Alex Cappa,CappAl00,G,Cordell Volson,VolsCo02,C,Ted Karras,KarrTe00,DE,Sam Hubbard,HubbSa00,DE,Trey Hendrickson,HendTr00,DT,D.J. Reader,,DT,B.J. Hill,,LB,Germaine Pratt,PratGe00,LB,Logan Wilson,WilsLo00,CB,Chidobe Awuzie,AwuzCh00,CB,Mike Hilton,HiltMi01,CB,Cam Taylor-Britt,TaylCa01,S,Daxton Hill,HillDa04,S,Nick Scott,ScotNi01,Referee,Shawn Smith,Umpire,Bryan Neale,Down Judge,Jay Bilbo,Line Judge,Jeff Seeman,Back Judge,Dino Paganelli,Side Judge,Clay Reynard,Field Judge,Dyrol Prioleau
202310010phi,2023-10-01,Sunday,1:00pm,Philadelphia Eagles,Washington Commanders,phi,was,34,31,Nick Sirianni,Ron Rivera,Lincoln Financial Field,69879,3:33,outdoors,grass,,QB,Jalen Hurts,HurtJa00,RB,D'Andre Swift,SwifDA00,WR,A.J. Brown,BrowAJ00,WR,DeVonta Smith,SmitDe07,TE,Jack Stoll,StolJa00,TE,Dallas Goedert,GoedDa00,OL,Cam Jurgens,JurgCa01,T,Lane Johnson,JohnLa01,T,Jordan Mailata,MailJo00,G,Landon Dickerson,DickLa00,C,Jason Kelce,KelcJa00,DE,Josh Sweat,SweaJo00,DT,Jordan Davis,DaviJo03,DT,Fletcher Cox,CoxxFl00,OLB,Haason Reddick,ReddHa00,LB,Nicholas Morrow,MorrNi00,LB,Zach Cunningham,CunnZa00,CB,Josh Jobe,JobeJo00,CB,Darius Slay,SlayDa00,CB,James Bradberry,BradJa00,S,Terrell Edmunds,EdmuTe00,S,Reed Blankenship,BlanRe00,QB,Sam Howell,HoweSa00,RB,Brian Robinson Jr.,RobiBr01,WR,Curtis Samuel,SamuCu00,WR,Jahan Dotson,DotsJa00,WR,Terry McLaurin,McLaTe00,TE,Logan Thomas,ThomLo00,OL,Andrew Wylie,WyliAn00,OL,Saahdiq Charles,CharSa00,T,Samuel Cosmi,CosmSa00,T,Charles Leno Jr.,LenoCh00,C,Nick Gates,GateNi00,DE,Chase Young,YounCh04,DE,Montez Sweat,SweaMo00,DT,Daron Payne,PaynDa00,DT,Jonathan Allen,AlleJo01,LB,Jamin Davis,DaviJa11,LB,Cody Barton,BartCo00,CB,Kendall Fuller,FullKe00,CB,Benjamin St-Juste,StJuBe00,S,Darrick Forrest,ForrDa00,S,Kamren Curl,CurlKa00,S,Percy Butler,ButlPe00,Referee,Ron Torbert,Umpire,Barry Anderson,Down Judge,Max Causey,Line Judge,Maia Chaka,Back Judge,Tony Josselyn,Side Judge,Keith Washington,Field Judge,Ryan Dickson
202310010sdg,2023-10-01,Sunday,4:05pm,Los Angeles Chargers,Las Vegas Raiders,sdg,rai,24,17,Brandon Staley,Josh McDaniels,SoFi Stadium,70240,3:04,dome,matrixturf,,QB,Justin Herbert,HerbJu00,RB,Joshua Kelley,KellJo01,WR,Keenan Allen,AlleKe00,WR,Quentin Johnston,JohnQu02,WR,Josh Palmer,PalmJo00,TE,Gerald Everett,EverGe00,OL,Will Clapp,ClapWi00,OL,Jamaree Salyer,SalyJa00,T,Rashawn Slater,SlatRa00,T,Trey Pipkins,PipkTr00,G,Zion Johnson,JohnZi00,DL,Nick Williams,WillNi01,DL,Sebastian Joseph-Day,JoseSe00,DL,Austin Johnson,JohnAu01,OLB,Khalil Mack,MackKh00,OLB,Tuli Tuipulotu,TuipTu00,LB,Kenneth Murray,MurrKe00,LB,Eric Kendricks,KendEr00,CB,Asante Samuel Jr.,SamuAs00,CB,Michael Davis,DaviMi03,FS,Dean Marlowe,MarlDe00,S,Raheem Layne,LaynRa00,QB,Aidan O'Connell,OConAi00,RB,Josh Jacobs,JacoJo01,FB,Jakob Johnson,JohnJa12,WR,Davante Adams,AdamDa01,WR,Jakobi Meyers,MeyeJa01,TE,Michael Mayer,MayeMi00,OL,Jermaine Eluemunor,ElueJe00,T,Kolton Miller,MillKo00,G,Greg Van Roten,VanRGr00,G,Dylan Parham,ParhDy00,C,Andre James,JameAn01,DE,Malcolm Koonce,KoonMa00,DE,Maxx Crosby,CrosMa00,DT,John Jenkins,JenkJo00,DT,Bilal Nichols,NichBi00,LB,Divine Deablo,DeabDi00,LB,Robert Spillane,SpilRo00,CB,Marcus Peters,PeteMa00,CB,Amik Robertson,RobeAm00,CB,Jakorian Bennett,BennJa00,S,Marcus Epps,EppsMa00,S,Tre'von Moehrig,MoehTr00,Referee,John Hussey,Umpire,Carl Paganelli,Down Judge,Frank LeBlanc,Line Judge,Carl Johnson,Back Judge,Matt Edwards,Side Judge,Allen Baynes,Field Judge,Anthony Flemming
202310010sfo,2023-10-01,Sunday,4:25pm,San Francisco 49ers,Arizona Cardinals,sfo,crd,35,16,Kyle Shanahan,Jonathan Gannon,Levi's Stadium,71521,2:51,outdoors,grass,"75 degrees, relative humidity 36%, wind 9 mph",QB,Brock Purdy,PurdBr00,RB,Christian McCaffrey,McCaCh01,FB,Kyle Juszczyk,JuszKy00,WR,Brandon Aiyuk,AiyuBr00,WR,Deebo Samuel,SamuDe00,TE,George Kittle,KittGe00,OL,Aaron Banks,BankAa00,OL,Jake Brendel,BrenJa01,OL,Spencer Burford,BurfSp00,OL,Colton McKivitz,McKiCo00,T,Trent Williams,WillTr21,DL,Javon Hargrave,HargJa00,DL,Clelin Ferrell,FerrCl00,DL,Nick Bosa,BosaNi00,DL,Arik Armstead,ArmsAr01,LB,Dre Greenlaw,GreeDr00,LB,Fred Warner,WarnFr00,CB,Isaiah Oliver,OlivIs00,CB,Charvarius Ward,WardCh01,DB,Deommodore Lenoir,LenoDe00,S,Talanoa Hufanga,HufaTa00,S,Tashaun Gipson,GipsTa00,QB,Joshua Dobbs,DobbJo00,RB,James Conner,ConnJa00,WR,Michael Wilson,WilsMi02,WR,Rondale Moore,MoorRo02,WR,Marquise Brown,BrowMa04,TE,Zach Ertz,ErtzZa00,OL,Paris Johnson,JohnPa03,OL,Elijah Wilkinson,WilkEl00,OL,D.J. Humphries,,OL,Will Hernandez,HernWi00,OL,Hjalte Froholdt,FrohHj00,DL,Kevin Strong,StroKe00,DT,Leki Fotu,FotuLe00,DT,Dante Stills,StilDa01,OLB,Victor Dimukeje,DimuVi00,LB,Zeke Turner,TurnZe00,LB,Kyzir White,WhitKy00,LB,Zaven Collins,CollZa00,CB,Marco Wilson,WilsMa04,CB,Kei'Trel Clark,ClarKe02,S,Jalen Thompson,ThomJa04,S,K'Von Wallace,WallKV00,Referee,Clete Blakeman,Umpire,Scott Campbell,Down Judge,Dana McKenzie,Line Judge,Julian Mapp,Back Judge,Jonah Monroe,Side Judge,Lo Van,Field Judge,Terry Brown
202310020nyg,2023-10-02,Monday,8:15pm,New York Giants,Seattle Seahawks,nyg,sea,3,24,Brian Daboll,Pete Carroll,MetLife Stadium,78507,3:02,outdoors,fieldturf,"67 degrees, relative humidity 79%, wind 8 mph",QB,Daniel Jones,JoneDa05,RB,Matt Breida,BreiMa00,WR,Isaiah Hodgins,HodgIs00,WR,Darius Slayton,SlayDa01,TE,Daniel Bellinger,BellDa00,TE,Darren Waller,WallDa01,OL,Joshua Ezeudu,EzeuJo00,OL,Marcus McKethan,McKeMa01,T,Evan Neal,NealEv00,G,Ben Bredeson,BredBe00,C,John Michael Schmitz,MichJo00,DL,Leonard Williams,WillLe02,DL,A'Shawn Robinson,RobiAS00,DL,Dexter Lawrence,LawrDe03,OLB,Azeez Ojulari,OjulAz00,OLB,Kayvon Thibodeaux,ThibKa00,LB,Bobby Okereke,OkerBo00,LB,Micah McFadden,McFaMi01,CB,Adoree' Jackson,JackAd00,CB,Deonte Banks,BankDe00,S,Xavier McKinney,McKiXa00,S,Jason Pinnock,PinnJa01,QB,Geno Smith,SmitGe00,RB,Kenneth Walker III,WalkKe00,WR,Tyler Lockett,LockTy00,WR,D.K. Metcalf,MetcDK00,TE,Will Dissly,DissWi00,TE,Noah Fant,FantNo00,T,Jake Curhan,CurhJa00,T,Stone Forsythe,ForsSt00,G,Phil Haynes,HaynPh00,G,Damien Lewis,LewiDa05,C,Evan Brown,BrowEv00,DE,Dre'Mont Jones,JoneDr00,DE,Jarran Reed,ReedJa02,LB,Jordyn Brooks,BrooJo01,LB,Bobby Wagner,WagnBo00,LB,Uchenna Nwosu,NwosUc00,LB,Boye Mafe,MafeBo00,CB,Devon Witherspoon,WithDe00,CB,Riq Woolen,WoolTa00,SS,Jamal Adams,AdamJa00,FS,Quandre Diggs,DiggQu00,S,Julian Love,LoveJu00,Referee,Brad Rogers,Umpire,Ramon George,Line Judge,Kevin Codey,Back Judge,Tyree Walton,Side Judge,Anthony Jeffries,Field Judge,Aaron Santi,,
202310050was,2023-10-05,Thursday,8:15pm,Washington Commanders,Chicago Bears,was,chi,20,40,Ron Rivera,Matt Eberflus,FedExField,63727,3:04,outdoors,grass,"70 degrees, relative humidity 83%, wind 1 mph",QB,Sam Howell,HoweSa00,RB,Brian Robinson Jr.,RobiBr01,WR,Curtis Samuel,SamuCu00,WR,Jahan Dotson,DotsJa00,WR,Terry McLaurin,McLaTe00,TE,Logan Thomas,ThomLo00,OL,Andrew Wylie,WyliAn00,OL,Saahdiq Charles,CharSa00,T,Samuel Cosmi,CosmSa00,T,Charles Leno Jr.,LenoCh00,C,Nick Gates,GateNi00,DE,Chase Young,YounCh04,DE,Montez Sweat,SweaMo00,DT,Daron Payne,PaynDa00,DT,Jonathan Allen,AlleJo01,LB,Jamin Davis,DaviJa11,LB,Cody Barton,BartCo00,CB,Kendall Fuller,FullKe00,CB,Benjamin St-Juste,StJuBe00,S,Darrick Forrest,ForrDa00,S,Kamren Curl,CurlKa00,S,Percy Butler,ButlPe00,QB,Justin Fields,FielJu00,RB,Khalil Herbert,HerbKh00,WR,D.J. Moore,,WR,Darnell Mooney,MoonDa00,TE,Robert Tonyan,TonyRo00,TE,Cole Kmet,KmetCo00,OL,Darnell Wright,WrigDa00,OL,Cody Whitehair,WhitCo03,OL,Lucas Patrick,PatrLu00,OL,Nate Davis,DaviNa01,OL,Larry Borom,BoroLa00,DL,Justin Jones,JoneJu03,DL,Yannick Ngakoue,NgakYa00,DL,DeMarcus Walker,WalkDe03,DL,Andrew Billings,BillAn00,LB,T.J. Edwards,EdwaTJ02,LB,Tremaine Edmunds,EdmuTr01,DB,Elijah Hicks,HickEl00,DB,Terell Smith,SmitTe05,DB,Tyrique Stevenson,StevTy01,DB,Greg Stroman,StroGr00,DB,Jaquan Brisker,BrisJa01,Referee,Scott Novak,Umpire,Mark Pellis,Down Judge,Brian Sakowski,Line Judge,Mark Stewart,Back Judge,Terrence Miles,Side Judge,David Meslow,Field Judge,Tra Boger
202310080atl,2023-10-08,Sunday,1:00pm,Atlanta Falcons,Houston Texans,atl,htx,21,19,Arthur Smith,DeMeco Ryans,Mercedes-Benz Stadium,69461,3:00,retractable roof (open),fieldturf,,QB,Desmond Ridder,RiddDe00,RB,Bijan Robinson,RobiBi01,FB,Keith Smith,SmitKe03,WR,Drake London,LondDr00,TE,MyCole Pruitt,PruiMy00,TE,Kyle Pitts,PittKy00,OL,Matthew Bergeron,BergMa00,OL,Drew Dalman,DalmDr00,T,Jake Matthews,MattJa00,T,Kaleb McGary,McGaKa00,G,Chris Lindstrom,LindCh00,DL,Grady Jarrett,JarrGr00,DL,David Onyemata,OnyeDa00,DL,Calais Campbell,CampCa99,OLB,Arnold Ebiketie,EbikAr00,OLB,Bud Dupree,DuprAl00,LB,Nathan Landman,LandNa01,LB,Kaden Elliss,ElliKa00,CB,Jeff Okudah,OkudJe00,CB,AJ Terrell,TerrAJ00,S,Richie Grant,GranRi00,S,Jessie Bates III,BateJe00,QB,C.J. Stroud,StroCJ00,RB,Dameon Pierce,PierDa01,FB,Andrew Beck,BeckAn01,WR,Robert Woods,WoodRo02,WR,Nico Collins,CollNi00,TE,Dalton Schultz,SchuDa00,OL,Jarrett Patterson,PattJa03,T,George Fant,FantGe00,T,Laremy Tunsil,TunsLa00,T,Tytus Howard,HowaTy00,G,Shaq Mason,MasoSh01,DE,Will Anderson,AndeWi01,DE,Jonathan Greenard,GreeJo04,DT,Maliek Collins,CollMa00,DT,Sheldon Rankins,RankSh00,MLB,Denzel Perryman,PerrDe00,LB,Blake Cashman,CashBl00,LB,Henry To'oTo'o,TooTHe00,CB,Steven Nelson,NelsSt01,CB,Ka'dar Hollman,HollKa00,S,Jalen Pitre,PitrJa00,S,Jimmie Ward,WardJi01,Referee,Shawn Hochuli,Umpire,Terry Killens,Down Judge,Patrick Holt,Line Judge,Tim Podraza,Back Judge,Rich Martinez,Side Judge,Chad Hill,Field Judge,Jason Ledet
202310080buf,2023-10-08,Sunday,9:30am,Buffalo Bills,Jacksonville Jaguars,buf,jax,20,25,Sean McDermott,Doug Pederson,Tottenham Stadium,61273,3:22,outdoors,grass,"75 degrees, relative humidity 52%, wind 7 mph",QB,Josh Allen,AlleJo02,RB,James Cook,CookJa01,WR,Gabe Davis,DaviGa01,WR,Stefon Diggs,DiggSt00,WR,Khalil Shakir,ShakKh00,TE,Dawson Knox,KnoxDa00,T,Spencer Brown,BrowSp00,T,Dion Dawkins,DawkDi00,G,O'Cyrus Torrence,TorrOC00,G,Connor McGovern,McGoCo01,C,Mitch Morse,MorsMi00,DE,A.J. Epenesa,EpenAJ00,DE,Leonard Floyd,FloyLe00,DT,Ed Oliver,OlivEd00,DT,DaQuan Jones,JoneDa04,LB,Terrel Bernard,BernTe00,LB,Matt Milano,MilaMa00,CB,Taron Johnson,JohnTa01,CB,Dane Jackson,JackDa02,CB,Kaiir Elam,ElamKa00,S,Jordan Poyer,PoyeJo00,S,Micah Hyde,HydeMi00,QB,Trevor Lawrence,LawrTr00,RB,Travis Etienne,EtieTr00,WR,Calvin Ridley,RidlCa00,WR,Christian Kirk,KirkCh01,TE,Evan Engram,EngrEv00,TE,Luke Farrell,FarrLu00,OL,Walker Little,LittWa00,OL,Luke Fortner,FortLu01,OL,Brandon Scherff,ScheBr00,OL,Cam Robinson,RobiCa00,T,Anton Harrison,HarrAn00,DL,Roy Robertson-Harris,RobeRo00,DL,Folorunso Fatukasi,FatuFo00,OLB,Travon Walker,WalkTr03,OLB,Josh Hines-Allen,AlleJo03,LB,Chad Muma,MumaCh00,LB,Foyesade Oluokun,OluoFo00,CB,Darious Williams,WillDa09,CB,Tre Herndon,HernTr00,CB,Tyson Campbell,CampTy01,S,Rayshawn Jenkins,JenkRa00,S,Andre Cisco,CiscAn00,Referee,Shawn Smith,Umpire,Bryan Neale,Down Judge,Jay Bilbo,Line Judge,Jeff Seeman,Back Judge,Dino Paganelli,Side Judge,Clay Reynard,Field Judge,Dyrol Prioleau
202310080clt,2023-10-08,Sunday,1:00pm,Indianapolis Colts,Tennessee Titans,clt,oti,23,16,Shane Steichen,Mike Vrabel,Lucas Oil Stadium,65287,2:51,retractable roof (open),fieldturf,,QB,Anthony Richardson,RichAn03,RB,Zack Moss,MossZa00,WR,Michael Pittman Jr.,PittMi01,WR,Josh Downs,DownJo00,WR,Alec Pierce,PierAl00,TE,Andrew Ogletree,OgleAn00,OL,Will Fries,FrieWi00,T,Blake Freeland,FreeBl00,T,Braden Smith,SmitBr06,G,Quenton Nelson,NelsQu00,C,Ryan Kelly,KellRy00,DE,Dayo Odeyingbo,OdeyDa00,DE,Samson Ebukam,EbukSa00,DT,DeForest Buckner,BuckDe00,DT,Grover Stewart,StewGr00,LB,E.J. Speed,SpeeEJ00,LB,Zaire Franklin,FranZa00,CB,Julius Brents,BrenJu00,CB,Kenny Moore,MoorKe03,CB,Jaylon Jones,JoneJa13,S,Julian Blackmon,BlacJu01,S,Rodney Thomas II,ThomRo07,QB,Ryan Tannehill,TannRy00,RB,Derrick Henry,HenrDe00,WR,Nick Westbrook-Ikhine,WestNi00,WR,DeAndre Hopkins,HopkDe00,TE,Josh Whyle,WhylJo01,TE,Chig Okonkwo,OkonCh00,OL,Chris Hubbard,HubbCh00,OL,Daniel Brunskill,BrunDa00,OL,Peter Skoronski,SkorPe00,OL,Aaron Brewer,BrewAa01,T,Andre Dillard,DillAn00,DL,Denico Autry,AutrDe00,DT,Kyle Peko,PekoKy00,DT,Jeffery Simmons,SimmJe01,OLB,Harold Landry,LandHa00,LB,Jack Gibbens,GibbJa00,LB,Azeez Al-Shaair,AlShAz00,CB,Kristian Fulton,FultKr00,CB,Sean Murphy-Bunting,BuntSe00,CB,Roger McCreary,McCrRo01,DB,Amani Hooker,HookAm00,S,Kevin Byard,ByarKe01,Referee,Brad Rogers,Umpire,Ramon George,Down Judge,Kent Payne,Line Judge,Kevin Codey,Back Judge,Tyree Walton,Side Judge,Anthony Jeffries,Field Judge,Aaron Santi
202310080crd,2023-10-08,Sunday,4:05pm,Arizona Cardinals,Cincinnati Bengals,crd,cin,20,34,Jonathan Gannon,Zac Taylor,State Farm Stadium,62651,3:01,retractable roof (closed),grass,,QB,Joshua Dobbs,DobbJo00,RB,James Conner,ConnJa00,WR,Marquise Brown,BrowMa04,TE,Geoff Swaim,SwaiGe00,TE,Zach Ertz,ErtzZa00,OL,Elijah Wilkinson,WilkEl00,OL,Paris Johnson,JohnPa03,OL,D.J. Humphries,,OL,Will Hernandez,HernWi00,OL,Hjalte Froholdt,FrohHj00,DL,Kevin Strong,StroKe00,DT,Leki Fotu,FotuLe00,DT,Dante Stills,StilDa01,OLB,Dennis Gardeck,GardDe01,OLB,Jesse Luketa,LukeJe00,LB,Zaven Collins,CollZa00,LB,Kyzir White,WhitKy00,CB,Marco Wilson,WilsMa04,CB,Antonio Hamilton,HamiAn01,CB,Andre Chachere,ChacAn00,S,K'Von Wallace,WallKV00,S,Jalen Thompson,ThomJa04,QB,Joe Burrow,BurrJo01,RB,Joe Mixon,MixoJo00,WR,Ja'Marr Chase,ChasJa00,WR,Tyler Boyd,BoydTy00,WR,Trenton Irwin,IrwiTr00,TE,Irv Smith Jr.,SmitIr01,T,Orlando Brown Jr.,BrowOr00,T,Jonah Williams,WillJo10,G,Alex Cappa,CappAl00,G,Cordell Volson,VolsCo02,C,Ted Karras,KarrTe00,DE,Sam Hubbard,HubbSa00,DE,Trey Hendrickson,HendTr00,DT,D.J. Reader,,DT,B.J. Hill,,LB,Germaine Pratt,PratGe00,LB,Logan Wilson,WilsLo00,CB,Mike Hilton,HiltMi01,CB,Cam Taylor-Britt,TaylCa01,CB,DJ Turner,TurnDJ01,S,Nick Scott,ScotNi01,S,Daxton Hill,HillDa04,Referee,Clay Martin,Umpire,James Carter,Down Judge,Jerod Phillips,Line Judge,Greg Bradley,Back Judge,Greg Wilson,Side Judge,Dave Hawkshaw,Field Judge,Alonzo Ramsey
202310080den,2023-10-08,Sunday,4:25pm,Denver Broncos,New York Jets,den,nyj,21,31,Sean Payton,Robert Saleh,Empower Field at Mile High,76387,3:03,outdoors,grass,"73 degrees, relative humidity 17%, wind 9 mph",QB,Russell Wilson,WilsRu00,RB,Samaje Perine,PeriSa00,WR,Courtland Sutton,SuttCo00,WR,Marvin Mims,MimsMa00,WR,Lil'Jordan Humphrey,HumpLi01,WR,Jerry Jeudy,JeudJe00,OL,Quinn Meinerz,MeinQu02,T,Garett Bolles,BollGa00,T,Mike McGlinchey,McGlMi00,G,Ben Powers,PoweBe00,C,Lloyd Cushenberry III,CushLl00,DL,Jonathan Harris,HarrJo05,DE,Zach Allen,AlleZa01,DT,D.J. Jones,,OLB,Jonathon Cooper,CoopJo02,OLB,Nik Bonitto,BoniNi00,LB,Josey Jewell,JeweJo00,LB,Alex Singleton,SingAl00,CB,Damarri Mathis,MathDa00,CB,Patrick Surtain II,SurtPa01,S,Kareem Jackson,JackKa99,S,Justin Simmons,SimmJu00,QB,Zach Wilson,WilsZa00,RB,Breece Hall,HallBr03,FB,Nick Bawden,BawdNi00,WR,Garrett Wilson,WilsGa00,WR,Allen Lazard,LazaAl00,TE,Tyler Conklin,ConkTy00,T,Mekhi Becton,BectMe00,G,Alijah Vera-Tucker,VeraAl00,G,Laken Tomlinson,TomlLa01,C,Connor McGovern,McGoCo00,C,Joe Tippmann,TippJo00,DL,Quinton Jefferson,JeffQu00,DL,Quinnen Williams,WillQu00,DL,John Franklin-Myers,FranJo02,LB,Jermaine Johnson II,JohnJe07,LB,C.J. Mosley,,LB,Quincy Williams,WillQu01,CB,Michael Carter II,CartMi02,CB,Bryce Hall,HallBr02,CB,Sauce Gardner,GardSa00,S,Jordan Whitehead,WhitJo03,S,Tony Adams,AdamTo03,Referee,John Hussey,Umpire,Carl Paganelli,Down Judge,Frank LeBlanc,Line Judge,Carl Johnson,Back Judge,Matt Edwards,Side Judge,Allen Baynes,Field Judge,Anthony Flemming
202310080det,2023-10-08,Sunday,1:00pm,Detroit Lions,Carolina Panthers,det,car,42,24,Dan Campbell,Frank Reich,Ford Field,63648,3:08,dome,fieldturf,,QB,Jared Goff,GoffJa00,RB,David Montgomery,MontDa01,WR,Josh Reynolds,ReynJo00,WR,Kalif Raymond,RaymKa00,WR,Marvin Jones,JoneMa02,TE,Sam LaPorta,LaPoSa01,OL,Graham Glasgow,GlasGr00,T,Penei Sewell,SewePe00,T,Taylor Decker,DeckTa00,G,Jonah Jackson,JackJo03,C,Frank Ragnow,RagnFr00,DL,Charles Harris,HarrCh03,DL,Aidan Hutchinson,HutcAi00,DL,Benito Jones,JoneBe03,DL,Alim McNeill,McNeAl00,LB,Derrick Barnes,BarnDe02,LB,Alex Anzalone,AnzaAl00,CB,Jerry Jacobs,JacoJe00,CB,Will Harris,HarrWi02,CB,Cameron Sutton,SuttCa00,S,Kerby Joseph,JoseKe03,S,Tracy Walker,WalkTr01,QB,Bryce Young,YounBr01,RB,Miles Sanders,SandMi01,WR,Adam Thielen,ThieAd00,WR,DJ Chark,CharDJ00,WR,Jonathan Mingo,MingJo00,TE,Hayden Hurst,HursHa00,OL,Bradley Bozeman,BozeBr00,T,Ikem Ekwonu,EkwoIk00,T,Taylor Moton,MotoTa00,G,Calvin Throckmorton,ThroCa01,G,Chandler Zavala,ZavaCh00,DT,Derrick Brown,BrowDe05,DT,Shy Tuttle,TuttSh00,OLB,Justin Houston,HousJu00,OLB,Brian Burns,BurnBr00,LB,Kamu Grugier-Hill,GrugKa00,LB,Frankie Luvu,LuvuFr00,CB,C.J. Henderson,HendCJ00,CB,D'Shawn Jamison,JamiDS00,S,Sam Franklin,FranSa00,S,Jeremy Chinn,ChinJe00,S,Vonn Bell,BellVo00,Referee,Adrian Hill,Umpire,Roy Ellison,Down Judge,David Oliver,Line Judge,Brett Bergman,Back Judge,Greg Steed,Side Judge,Jim Quirk,Field Judge,Mearl Robinson
202310080mia,2023-10-08,Sunday,1:00pm,Miami Dolphins,New York Giants,mia,nyg,31,16,Mike McDaniel,Brian Daboll,Hard Rock Stadium,65654,3:00,outdoors,grass,"88 degrees, relative humidity 60%, wind 8 mph",QB,Tua Tagovailoa,TagoTu00,RB,De'Von Achane,AchaDe00,RB,Raheem Mostert,MostRa00,FB,Alec Ingold,IngoAl01,WR,Tyreek Hill,HillTy00,WR,Jaylen Waddle,WaddJa00,OL,Connor Williams,WillCo00,OL,Robert Hunt,HuntRo01,OL,Austin Jackson,JackAu00,T,Isaiah Wynn,WynnIs00,T,Kendall Lamm,LammKe00,DT,Raekwon Davis,DaviRa03,DT,Christian Wilkins,WilkCh00,DT,Zach Sieler,SielZa00,LB,Jerome Baker,BakeJe00,LB,Andrew Van Ginkel,VanGAn00,LB,David Long,LongDa04,LB,Bradley Chubb,ChubBr00,CB,Kader Kohou,KohoKa00,CB,Xavien Howard,HowaXa00,S,Jevon Holland,HollJe02,S,DeShon Elliott,ElliDe02,QB,Daniel Jones,JoneDa05,RB,Matt Breida,BreiMa00,WR,Wan'Dale Robinson,RobiWa01,WR,Isaiah Hodgins,HodgIs00,TE,Daniel Bellinger,BellDa00,TE,Darren Waller,WallDa01,OL,Marcus McKethan,McKeMa01,OL,Joshua Ezeudu,EzeuJo00,T,Evan Neal,NealEv00,G,Mark Glowinski,GlowMa00,G,Ben Bredeson,BredBe00,DL,Dexter Lawrence,LawrDe03,DL,Leonard Williams,WillLe02,OLB,Azeez Ojulari,OjulAz00,OLB,Kayvon Thibodeaux,ThibKa00,LB,Bobby Okereke,OkerBo00,CB,Adoree' Jackson,JackAd00,CB,Deonte Banks,BankDe00,S,Xavier McKinney,McKiXa00,S,Jason Pinnock,PinnJa01,S,Isaiah Simmons,SimmIs00,S,Dane Belton,BeltDa00,Referee,Ron Torbert,Umpire,Barry Anderson,Down Judge,Max Causey,Line Judge,Maia Chaka,Back Judge,Tony Josselyn,Side Judge,Keith Washington,Field Judge,Ryan Dickson
202310080min,2023-10-08,Sunday,4:25pm,Minnesota Vikings,Kansas City Chiefs,min,kan,20,27,Kevin O'Connell,Andy Reid,U.S. Bank Stadium,67003,3:00,dome,sportturf,,QB,Kirk Cousins,CousKi00,RB,Alexander Mattison,MattAl01,FB,C.J. Ham,,WR,K.J. Osborn,OsboKJ00,WR,Justin Jefferson,JeffJu00,TE,Josh Oliver,OlivJo00,T,Christian Darrisaw,DarrCh00,T,Brian O'Neill,ONeiBr00,G,Ezra Cleveland,ClevEz00,G,Ed Ingram,IngrEd00,C,Garrett Bradbury,BradGa00,DL,Jonathan Bullard,BullJo00,DL,Harrison Phillips,PhilHa00,OLB,Danielle Hunter,HuntDa01,OLB,Marcus Davenport,DaveMa00,LB,Jordan Hicks,HickJo00,LB,Ivan Pace,PaceIv00,CB,Byron Murphy,MurpBy00,CB,Akayleb Evans,EvanAk00,S,Josh Metellus,MeteJo00,S,Camryn Bynum,BynuCa00,S,Harrison Smith,SmitHa00,QB,Patrick Mahomes,MahoPa00,RB,Isiah Pacheco,PachIs00,WR,Marquez Valdes-Scantling,ValdMa00,WR,Kadarius Toney,ToneKa00,WR,Skyy Moore,MoorSk01,TE,Travis Kelce,KelcTr00,T,Jawaan Taylor,TaylJa02,T,Donovan Smith,SmitDo02,G,Joe Thuney,ThunJo00,G,Trey Smith,SmitTr05,C,Creed Humphrey,HumpCr00,DE,Michael Danna,DannMi00,DE,George Karlaftis III,KarlGe00,DT,Derrick Nnadi,NnadDe00,DT,Chris Jones,JoneCh09,LB,Leo Chenal,ChenLe00,LB,Willie Gay Jr.,GayJWi00,LB,Drue Tranquill,TranDr00,CB,L'Jarius Sneed,SneeLJ00,CB,Trent McDuffie,McDuTr00,S,Justin Reid,ReidJu00,S,Bryan Cook,CookBr02,Referee,Land Clark,Umpire,Paul King,Down Judge,Tom Stephan,Line Judge,Brian Bolinger,Back Judge,Brad Freeman,Side Judge,Dominique Pender,Field Judge,Jabir Walker
202310080nwe,2023-10-08,Sunday,1:00pm,New England Patriots,New Orleans Saints,nwe,nor,0,34,Bill Belichick,Dennis Allen,Gillette Stadium,64628,2:56,outdoors,fieldturf,"61 degrees, relative humidity 52%, wind 10 mph",QB,Mac Jones,JoneMa05,RB,Rhamondre Stevenson,StevRh00,WR,Kendrick Bourne,BourKe00,WR,JuJu Smith-Schuster,SmitJu00,WR,DeVante Parker,ParkDe01,TE,Pharaoh Brown,BrowPh01,OL,Trent Brown,BrowTr02,OL,Michael Onwenu,OnweMi00,OL,Atonio Mafi,MafiAt00,T,Vederian Lowe,LoweVe00,C,David Andrews,AndrDa00,DL,Deatrich Wise Jr.,WiseDe00,DL,Lawrence Guy,GuyxLa00,DL,Davon Godchaux,GodcDa00,LB,Anfernee Jennings,JennAn00,LB,Joshua Uche,UcheJo00,LB,Ja'Whaun Bentley,BentJa00,DB,Jonathan Jones,JoneJo03,DB,Jabrill Peppers,PeppJa00,DB,Adrian Phillips,PhilAd00,DB,Kyle Dugger,DuggKy00,DB,Myles Bryant,BryaMy01,QB,Derek Carr,CarrDe02,RB,Alvin Kamara,KamaAl00,WR,Michael Thomas,ThomMi05,WR,Rashid Shaheed,ShahRa00,WR,Chris Olave,OlavCh00,TE,Foster Moreau,MoreFo00,OL,James Hurst,HursJa00,OL,Erik McCoy,McCoEr01,OL,Cesar Ruiz,RuizCe00,T,Trevor Penning,PennTr00,T,Ryan Ramczyk,RamcRy00,DE,Cameron Jordan,JordCa00,DE,Carl Granderson,GranCa01,DT,Khalen Saunders,SaunKh00,DT,Nathan Shepherd,ShepNa00,LB,Demario Davis,DaviDe00,LB,Pete Werner,WernPe00,CB,Marshon Lattimore,LattMa01,CB,Paulson Adebo,AdebPa00,CB,Alontae Taylor,TaylAl01,DB,Jordan Howden,HowdJo00,S,Tyrann Mathieu,MathTy00,Referee,Alex Kemp,Umpire,Mike Morton,Down Judge,Danny Short,Line Judge,Rusty Baynes,Back Judge,Scott Helverson,Side Judge,James Coleman,Field Judge,Sean Petty
202310080pit,2023-10-08,Sunday,1:00pm,Pittsburgh Steelers,Baltimore Ravens,pit,rav,17,10,Mike Tomlin,John Harbaugh,Acrisure Stadium,67272,2:58,outdoors,grass,"53 degrees, relative humidity 62%, wind 13 mph",QB,Kenny Pickett,PickKe00,RB,Najee Harris,HarrNa00,WR,Calvin Austin III,AustCa00,WR,Allen Robinson,RobiAl02,WR,George Pickens,PickGe00,TE,Darnell Washington,WashDa03,OL,Chukwuma Okorafor,OkorCh00,T,Broderick Jones,JoneBr09,G,Nate Herbig,HerbNa01,G,Isaac Seumalo,SeumIs00,C,Mason Cole,ColeMa02,DL,Keeanu Benton,BentKe00,DT,Larry Ogunjobi,OgunLa00,DT,Montravius Adams,AdamMo00,LB,Elandon Roberts,RobeEl00,LB,Cole Holcomb,HolcCo00,LB,Alex Highsmith,HighAl02,LB,T.J. Watt,,CB,Patrick Peterson,PetePa00,CB,Levi Wallace,WallLe00,S,Keanu Neal,NealKe01,S,Minkah Fitzpatrick,FitzMi00,QB,Lamar Jackson,JackLa00,RB,Gus Edwards,EdwaGu00,FB,Patrick Ricard,RicaPa00,WR,Rashod Bateman,BateRa00,WR,Zay Flowers,FlowZa00,TE,Mark Andrews,AndrMa00,OL,Patrick Mekari,MekaPa00,T,Ronnie Stanley,StanRo00,G,John Simpson,SimpJo00,G,Kevin Zeitler,ZeitKe00,C,Tyler Linderbaum,LindTy00,DT,Nnamdi Madubuike,MaduJu00,DT,Broderick Washington Jr.,WashBr01,NT,Michael Pierce,PierMi00,OLB,Jadeveon Clowney,ClowJa00,LB,Malik Harrison,HarrMa06,LB,Patrick Queen,QueePa00,LB,Roquan Smith,SmitRo07,CB,Marlon Humphrey,HumpMa00,DB,Brandon Stephens,StepBr01,S,Kyle Hamilton,HamiKy00,S,Marcus Williams,WillMa06,Referee,Carl Cheffers,Umpire,Brandon Cruse,Down Judge,Mike Carr,Line Judge,Tom Eaton,Back Judge,Martin Hankins,Side Judge,Eugene Hall,Field Judge,Nathan Jones
202310080ram,2023-10-08,Sunday,4:05pm,Los Angeles Rams,Philadelphia Eagles,ram,phi,14,23,Sean McVay,Nick Sirianni,SoFi Stadium,74935,3:02,dome,matrixturf,,QB,Matthew Stafford,StafMa00,RB,Kyren Williams,WillKy02,WR,Tutu Atwell,AtweTu00,WR,Cooper Kupp,KuppCo00,WR,Puka Nacua,NacuPu00,TE,Tyler Higbee,HigbTy00,OL,Kevin Dotson,DotsKe00,T,Rob Havenstein,HaveRo00,T,Alaric Jackson,JackAl01,G,Steve Avila,AvilSt00,G,Coleman Shelton,ShelCo00,DE,Jonah Williams,WillJo16,DT,Aaron Donald,DonaAa00,NT,Bobby Brown,BrowBo04,OLB,Byron Young,YounBy01,OLB,Michael Hoecht,HoecMi00,LB,Ernest Jones,JoneEr01,DB,Derion Kendrick,KendDe00,DB,Jordan Fuller,FullJo01,DB,Ahkello Witherspoon,WithAh00,DB,Russ Yeast,YeasRu00,DB,Cobie Durant,DuraDe01,QB,Jalen Hurts,HurtJa00,RB,D'Andre Swift,SwifDA00,WR,Quez Watkins,WatkQu00,WR,A.J. Brown,BrowAJ00,WR,DeVonta Smith,SmitDe07,TE,Dallas Goedert,GoedDa00,T,Lane Johnson,JohnLa01,T,Jordan Mailata,MailJo00,G,Landon Dickerson,DickLa00,G,Sua Opeta,OpetIo00,C,Jason Kelce,KelcJa00,DE,Josh Sweat,SweaJo00,DT,Milton Williams,WillMi08,DT,Jordan Davis,DaviJo03,OLB,Haason Reddick,ReddHa00,LB,Nicholas Morrow,MorrNi00,LB,Zach Cunningham,CunnZa00,CB,Mario Goodrich,GoodMa02,CB,Darius Slay,SlayDa00,CB,James Bradberry,BradJa00,S,Justin Evans,EvanJu00,S,Reed Blankenship,BlanRe00,Referee,Bill Vinovich,Umpire,Alex Moore,Down Judge,Dale Keller,Line Judge,Mark Perlman,Back Judge,Jimmy Russell,Side Judge,Jimmy Buchanan,Field Judge,Joe Blubaugh
202310080sfo,2023-10-08,Sunday,8:20pm,San Francisco 49ers,Dallas Cowboys,sfo,dal,42,10,Kyle Shanahan,Mike McCarthy,Levi's Stadium,71617,3:05,outdoors,grass,"78 degrees, relative humidity 53%, wind 10 mph",QB,Brock Purdy,PurdBr00,RB,Christian McCaffrey,McCaCh01,FB,Kyle Juszczyk,JuszKy00,WR,Brandon Aiyuk,AiyuBr00,WR,Deebo Samuel,SamuDe00,TE,George Kittle,KittGe00,OL,Aaron Banks,BankAa00,OL,Jake Brendel,BrenJa01,OL,Spencer Burford,BurfSp00,OL,Colton McKivitz,McKiCo00,T,Trent Williams,WillTr21,DL,Javon Hargrave,HargJa00,DL,Clelin Ferrell,FerrCl00,DL,Nick Bosa,BosaNi00,DL,Arik Armstead,ArmsAr01,LB,Dre Greenlaw,GreeDr00,LB,Fred Warner,WarnFr00,CB,Isaiah Oliver,OlivIs00,CB,Charvarius Ward,WardCh01,DB,Deommodore Lenoir,LenoDe00,S,Talanoa Hufanga,HufaTa00,S,Tashaun Gipson,GipsTa00,QB,Dak Prescott,PresDa01,RB,Tony Pollard,PollTo00,WR,Brandin Cooks,CookBr00,WR,Michael Gallup,GallMi00,WR,CeeDee Lamb,LambCe00,WR,Jalen Tolbert,TolbJa00,OL,Tyler Smith,SmitTy02,T,Terence Steele,SteeTe01,T,Tyron Smith,SmitTy00,G,Zack Martin,MartZa00,C,Tyler Biadasz,BiadTy00,DE,DeMarcus Lawrence,LawrDe00,DT,Johnathan Hankins,HankJo00,DT,Osa Odighizuwa,OdigOs00,LB,Leighton Vander Esch,VandLe00,LB,Micah Parsons,ParsMi00,LB,Damone Clark,ClarDa02,CB,DaRon Bland,BlanDa00,CB,Stephon Gilmore,GilmSt00,S,Jayron Kearse,KearJa00,S,Malik Hooker,HookMa00,S,Donovan Wilson,WilsDo01,Referee,Alan Eck,Umpire,Tab Slaughter,Down Judge,Fred Bryan,Line Judge,Robin DeLorenzo,Back Judge,Greg Meyer,Side Judge,Dale Shaw,Field Judge,John Jenkins
202310090rai,2023-10-09,Monday,8:15pm,Las Vegas Raiders,Green Bay Packers,rai,gnb,17,13,Josh McDaniels,Matt LaFleur,Allegiant Stadium,62572,2:55,dome,grass,,QB,Jimmy Garoppolo,GaroJi00,RB,Josh Jacobs,JacoJo01,WR,Davante Adams,AdamDa01,WR,Hunter Renfrow,RenfHu00,WR,Jakobi Meyers,MeyeJa01,TE,Michael Mayer,MayeMi00,OL,Jermaine Eluemunor,ElueJe00,T,Kolton Miller,MillKo00,G,Greg Van Roten,VanRGr00,G,Dylan Parham,ParhDy00,C,Andre James,JameAn01,DE,Malcolm Koonce,KoonMa00,DE,Maxx Crosby,CrosMa00,DT,John Jenkins,JenkJo00,DT,Bilal Nichols,NichBi00,LB,Divine Deablo,DeabDi00,LB,Robert Spillane,SpilRo00,CB,Tyler Hall,HallTy01,CB,Marcus Peters,PeteMa00,CB,Amik Robertson,RobeAm00,S,Tre'von Moehrig,MoehTr00,S,Marcus Epps,EppsMa00,QB,Jordan Love,LoveJo03,RB,AJ Dillon,DillAJ00,WR,Christian Watson,WatsCh00,WR,Romeo Doubs,DoubRo00,WR,Jayden Reed,ReedJa03,TE,Luke Musgrave,MusgLu00,OL,Josh Myers,MyerJo00,OL,Zach Tom,TomxZa00,OL,Elgton Jenkins,JenkEl00,T,Rasheed Walker,WalkRa00,G,Jon Runyan Jr.,RunyJo00,DL,Tedarrell Slaton,SlatTe00,DL,Kenny Clark,ClarKe01,LB,Isaiah McDuffie,McDuIs00,LB,Rashan Gary,GaryRa00,LB,Preston Smith,SmitPr00,LB,Quay Walker,WalkQu00,CB,Jaire Alexander,AlexJa00,CB,Keisean Nixon,NixoKe00,CB,Rasul Douglas,DougRa00,S,Rudy Ford,FordRu00,S,Darnell Savage Jr.,SavaDa00,Referee,Brad Allen,Umpire,Duane Heydt,Down Judge,Sarah Thomas,Line Judge,Walter Flowers,Back Judge,Greg Yette,Side Judge,Boris Cheek,Field Judge,Rick Patterson
202310120kan,2023-10-12,Thursday,8:15pm,Kansas City Chiefs,Denver Broncos,kan,den,19,8,Andy Reid,Sean Payton,GEHA Field at Arrowhead Stadium,73528,2:50,outdoors,grass,,QB,Patrick Mahomes,MahoPa00,RB,Isiah Pacheco,PachIs00,WR,Marquez Valdes-Scantling,ValdMa00,WR,Skyy Moore,MoorSk01,TE,Travis Kelce,KelcTr00,TE,Noah Gray,GrayNo00,T,Jawaan Taylor,TaylJa02,T,Donovan Smith,SmitDo02,G,Joe Thuney,ThunJo00,G,Trey Smith,SmitTr05,C,Creed Humphrey,HumpCr00,DE,George Karlaftis III,KarlGe00,DE,Michael Danna,DannMi00,DT,Chris Jones,JoneCh09,DT,Derrick Nnadi,NnadDe00,LB,Willie Gay Jr.,GayJWi00,LB,Nick Bolton,BoltNi00,CB,Trent McDuffie,McDuTr00,CB,L'Jarius Sneed,SneeLJ00,DB,Chamarri Conner,ConnCh01,S,Justin Reid,ReidJu00,S,Bryan Cook,CookBr02,QB,Russell Wilson,WilsRu00,RB,Jaleel McLaughlin,McLaJa00,WR,Courtland Sutton,SuttCo00,WR,Jerry Jeudy,JeudJe00,WR,Brandon Johnson,JohnBr23,TE,Adam Trautman,TrauAd00,OL,Quinn Meinerz,MeinQu02,T,Garett Bolles,BollGa00,T,Mike McGlinchey,McGlMi00,G,Ben Powers,PoweBe00,C,Lloyd Cushenberry III,CushLl00,DL,Mike Purcell,PurcMi00,DL,Jonathan Harris,HarrJo05,DE,Zach Allen,AlleZa01,OLB,Jonathon Cooper,CoopJo02,LB,Josey Jewell,JeweJo00,LB,Drew Sanders,SandDr00,LB,Alex Singleton,SingAl00,CB,Damarri Mathis,MathDa00,CB,Patrick Surtain II,SurtPa01,S,Kareem Jackson,JackKa99,S,Justin Simmons,SimmJu00,Referee,Shawn Hochuli,Umpire,Terry Killens,Down Judge,Patrick Holt,Line Judge,Tim Podraza,Back Judge,Rich Martinez,Side Judge,Chad Hill,Field Judge,Jason Ledet
202310150atl,2023-10-15,Sunday,1:00pm,Atlanta Falcons,Washington Commanders,atl,was,16,24,Arthur Smith,Ron Rivera,Mercedes-Benz Stadium,69921,2:52,retractable roof (closed),fieldturf,,QB,Desmond Ridder,RiddDe00,RB,Bijan Robinson,RobiBi01,WR,KhaDarel Hodge,HodgKh00,WR,Drake London,LondDr00,TE,MyCole Pruitt,PruiMy00,OL,Matthew Bergeron,BergMa00,OL,Drew Dalman,DalmDr00,OL,Ryan Neuzil,NeuzRy00,T,Kaleb McGary,McGaKa00,T,Jake Matthews,MattJa00,G,Chris Lindstrom,LindCh00,DL,Grady Jarrett,JarrGr00,DL,David Onyemata,OnyeDa00,DL,Calais Campbell,CampCa99,OLB,Bud Dupree,DuprAl00,LB,Nathan Landman,LandNa01,LB,Kaden Elliss,ElliKa00,CB,AJ Terrell,TerrAJ00,CB,DeAundre Alford,AlfoDe00,CB,Jeff Okudah,OkudJe00,S,Richie Grant,GranRi00,S,Jessie Bates III,BateJe00,QB,Sam Howell,HoweSa00,RB,Brian Robinson Jr.,RobiBr01,WR,Dyami Brown,BrowDy00,WR,Jahan Dotson,DotsJa00,WR,Terry McLaurin,McLaTe00,TE,Logan Thomas,ThomLo00,OL,Andrew Wylie,WyliAn00,OL,Saahdiq Charles,CharSa00,T,Samuel Cosmi,CosmSa00,T,Cornelius Lucas,LucaCo01,C,Nick Gates,GateNi00,DE,Chase Young,YounCh04,DE,Montez Sweat,SweaMo00,DT,Daron Payne,PaynDa00,DT,John Ridgeway,RidgJo00,DT,Jonathan Allen,AlleJo01,LB,Jamin Davis,DaviJa11,LB,Cody Barton,BartCo00,CB,Kendall Fuller,FullKe00,CB,Benjamin St-Juste,StJuBe00,S,Kamren Curl,CurlKa00,S,Percy Butler,ButlPe00,Referee,Clete Blakeman,Umpire,Scott Campbell,Down Judge,Dana McKenzie,Line Judge,Julian Mapp,Back Judge,Jonah Monroe,Side Judge,Lo Van,Field Judge,Terry Brown
202310150buf,2023-10-15,Sunday,8:20pm,Buffalo Bills,New York Giants,buf,nyg,14,9,Sean McDermott,Brian Daboll,Highmark Stadium,70515,3:14,outdoors,a_turf,"46 degrees, relative humidity 90%, wind 7 mph",QB,Josh Allen,AlleJo02,RB,Latavius Murray,MurrLa00,WR,Gabe Davis,DaviGa01,WR,Stefon Diggs,DiggSt00,WR,Deonte Harty,HarrDe07,TE,Dawson Knox,KnoxDa00,T,Spencer Brown,BrowSp00,T,Dion Dawkins,DawkDi00,G,O'Cyrus Torrence,TorrOC00,G,Connor McGovern,McGoCo01,C,Mitch Morse,MorsMi00,DE,Leonard Floyd,FloyLe00,DE,Gregory Rousseau,RousGr00,DT,Jordan Phillips,PhilJo01,DT,Ed Oliver,OlivEd00,LB,Terrel Bernard,BernTe00,LB,Dorian Williams,WillDo04,CB,Taron Johnson,JohnTa01,CB,Kaiir Elam,ElamKa00,CB,Christian Benford,BenfCh00,S,Jordan Poyer,PoyeJo00,S,Micah Hyde,HydeMi00,QB,Tyrod Taylor,TaylTy00,RB,Saquon Barkley,BarkSa00,WR,Isaiah Hodgins,HodgIs00,WR,Darius Slayton,SlayDa01,TE,Daniel Bellinger,BellDa00,TE,Darren Waller,WallDa01,OL,Joshua Ezeudu,EzeuJo00,OL,Justin Pugh,PughJu00,T,Evan Neal,NealEv00,G,Ben Bredeson,BredBe00,G,Mark Glowinski,GlowMa00,DL,Leonard Williams,WillLe02,DL,Dexter Lawrence,LawrDe03,OLB,Kayvon Thibodeaux,ThibKa00,OLB,Jihad Ward,WardJi02,LB,Bobby Okereke,OkerBo00,LB,Micah McFadden,McFaMi01,CB,Adoree' Jackson,JackAd00,CB,Cordale Flott,FlotCo00,CB,Deonte Banks,BankDe00,S,Xavier McKinney,McKiXa00,S,Jason Pinnock,PinnJa01,Referee,Tra Blake,Umpire,Tony Michalek,Down Judge,Patrick Turner,Line Judge,Daniel Gallagher,Back Judge,Todd Prukop,Side Judge,Don Willard,Field Judge,Tom Hill
202310150chi,2023-10-15,Sunday,1:00pm,Chicago Bears,Minnesota Vikings,chi,min,13,19,Matt Eberflus,Kevin O'Connell,Soldier Field,62167,2:55,outdoors,grass,"53 degrees, relative humidity 74%, wind 16 mph",QB,Justin Fields,FielJu00,RB,D'Onta Foreman,ForeDO00,FB,Khari Blasingame,BlasKh00,WR,D.J. Moore,,WR,Darnell Mooney,MoonDa00,TE,Cole Kmet,KmetCo00,OL,Darnell Wright,WrigDa00,OL,Cody Whitehair,WhitCo03,OL,Teven Jenkins,JenkTe00,OL,Nate Davis,DaviNa01,OL,Larry Borom,BoroLa00,DL,Justin Jones,JoneJu03,DL,Yannick Ngakoue,NgakYa00,DL,DeMarcus Walker,WalkDe03,DL,Andrew Billings,BillAn00,LB,T.J. Edwards,EdwaTJ02,LB,Tremaine Edmunds,EdmuTr01,LB,Jack Sanborn,SanbJa00,DB,Eddie Jackson,JackEd01,DB,Jaylon Johnson,JohnJa13,DB,Jaquan Brisker,BrisJa01,DB,Tyrique Stevenson,StevTy01,QB,Kirk Cousins,CousKi00,RB,Alexander Mattison,MattAl01,FB,C.J. Ham,,WR,Jordan Addison,AddiJo00,WR,K.J. Osborn,OsboKJ00,TE,Josh Oliver,OlivJo00,T,Christian Darrisaw,DarrCh00,T,Brian O'Neill,ONeiBr00,G,Ezra Cleveland,ClevEz00,G,Ed Ingram,IngrEd00,C,Garrett Bradbury,BradGa00,DL,Jonathan Bullard,BullJo00,DL,Harrison Phillips,PhilHa00,OLB,D.J. Wonnum,WonnDJ00,OLB,Danielle Hunter,HuntDa01,OLB,Marcus Davenport,DaveMa00,LB,Jordan Hicks,HickJo00,CB,Byron Murphy,MurpBy00,CB,Akayleb Evans,EvanAk00,S,Josh Metellus,MeteJo00,S,Harrison Smith,SmitHa00,S,Camryn Bynum,BynuCa00,Referee,Brad Allen,Umpire,Duane Heydt,Down Judge,Sarah Thomas,Line Judge,Walter Flowers,Back Judge,Greg Yette,Side Judge,Boris Cheek,Field Judge,Rick Patterson
202310150cin,2023-10-15,Sunday,1:00pm,Cincinnati Bengals,Seattle Seahawks,cin,sea,17,13,Zac Taylor,Pete Carroll,Paycor Stadium,66385,2:51,outdoors,fieldturf,"57 degrees, relative humidity 59%, wind 15 mph",QB,Joe Burrow,BurrJo01,RB,Joe Mixon,MixoJo00,WR,Ja'Marr Chase,ChasJa00,WR,Tyler Boyd,BoydTy00,WR,Trenton Irwin,IrwiTr00,TE,Irv Smith Jr.,SmitIr01,T,Orlando Brown Jr.,BrowOr00,T,Jonah Williams,WillJo10,G,Alex Cappa,CappAl00,G,Cordell Volson,VolsCo02,C,Ted Karras,KarrTe00,DE,Sam Hubbard,HubbSa00,DE,Trey Hendrickson,HendTr00,DT,D.J. Reader,,DT,B.J. Hill,,LB,Germaine Pratt,PratGe00,LB,Logan Wilson,WilsLo00,CB,Mike Hilton,HiltMi01,CB,Cam Taylor-Britt,TaylCa01,CB,DJ Turner,TurnDJ01,S,Nick Scott,ScotNi01,S,Daxton Hill,HillDa04,QB,Geno Smith,SmitGe00,RB,Kenneth Walker III,WalkKe00,WR,D.K. Metcalf,MetcDK00,WR,Tyler Lockett,LockTy00,TE,Will Dissly,DissWi00,TE,Noah Fant,FantNo00,T,Charles Cross,CrosCh00,T,Jake Curhan,CurhJa00,G,Anthony Bradford,BradAn00,G,Phil Haynes,HaynPh00,C,Evan Brown,BrowEv00,DE,Dre'Mont Jones,JoneDr00,DE,Jarran Reed,ReedJa02,LB,Boye Mafe,MafeBo00,LB,Uchenna Nwosu,NwosUc00,LB,Bobby Wagner,WagnBo00,LB,Jordyn Brooks,BrooJo01,CB,Tre Brown,BrowTr03,CB,Devon Witherspoon,WithDe00,CB,Riq Woolen,WoolTa00,SS,Jamal Adams,AdamJa00,FS,Quandre Diggs,DiggQu00,Referee,Adrian Hill,Umpire,Roy Ellison,Down Judge,David Oliver,Line Judge,Brett Bergman,Back Judge,Greg Steed,Side Judge,Jim Quirk,Field Judge,Mearl Robinson
202310150cle,2023-10-15,Sunday,1:00pm,Cleveland Browns,San Francisco 49ers,cle,sfo,19,17,Kevin Stefanski,Kyle Shanahan,Cleveland Browns Stadium,67431,3:29,outdoors,grass,"53 degrees, relative humidity 70%, wind 15 mph",QB,P.J. Walker,WalkPh00,RB,Kareem Hunt,HuntKa00,WR,Donovan Peoples-Jones,PeopDo00,WR,Amari Cooper,CoopAm00,WR,Elijah Moore,MoorEl00,TE,David Njoku,NjokDa00,T,Jedrick Wills Jr.,WillJe04,T,Dawand Jones,JoneDa07,G,Michael Dunn,DunnMi01,G,Wyatt Teller,TellWy00,C,Ethan Pocic,PociEt00,DE,Myles Garrett,GarrMy00,DE,Za'Darius Smith,SmitZa00,DT,Jordan Elliott,ElliJo02,DT,Dalvin Tomlinson,TomlDa00,LB,Anthony Walker,WalkAn01,LB,Jeremiah Owusu-Koramoah,OwusJe00,CB,Greg Newsome II,NewsGr00,CB,Denzel Ward,WardDe02,S,Juan Thornhill,ThorJu00,S,Rodney McLeod,McLeRo00,S,Grant Delpit,DelpGr00,QB,Brock Purdy,PurdBr00,RB,Christian McCaffrey,McCaCh01,FB,Kyle Juszczyk,JuszKy00,WR,Brandon Aiyuk,AiyuBr00,WR,Deebo Samuel,SamuDe00,TE,George Kittle,KittGe00,OL,Aaron Banks,BankAa00,OL,Jake Brendel,BrenJa01,OL,Spencer Burford,BurfSp00,OL,Colton McKivitz,McKiCo00,T,Trent Williams,WillTr21,DL,Javon Hargrave,HargJa00,DL,Clelin Ferrell,FerrCl00,DL,Nick Bosa,BosaNi00,DL,Arik Armstead,ArmsAr01,LB,Oren Burks,BurkOr00,LB,Fred Warner,WarnFr00,CB,Isaiah Oliver,OlivIs00,CB,Charvarius Ward,WardCh01,DB,Deommodore Lenoir,LenoDe00,S,Talanoa Hufanga,HufaTa00,S,Tashaun Gipson,GipsTa00,Referee,John Hussey,Umpire,Carl Paganelli,Down Judge,Frank LeBlanc,Line Judge,Carl Johnson,Back Judge,Matt Edwards,Side Judge,Allen Baynes,Field Judge,Anthony Flemming
202310150htx,2023-10-15,Sunday,1:00pm,Houston Texans,New Orleans Saints,htx,nor,20,13,DeMeco Ryans,Dennis Allen,NRG Stadium,71810,3:05,retractable roof (closed),astroturf,,QB,C.J. Stroud,StroCJ00,RB,Dameon Pierce,PierDa01,FB,Andrew Beck,BeckAn01,WR,Robert Woods,WoodRo02,WR,Nico Collins,CollNi00,TE,Teagan Quitoriano,QuitTe00,OL,Jarrett Patterson,PattJa03,T,George Fant,FantGe00,T,Laremy Tunsil,TunsLa00,T,Tytus Howard,HowaTy00,G,Shaq Mason,MasoSh01,DE,Will Anderson,AndeWi01,DE,Jonathan Greenard,GreeJo04,DT,Maliek Collins,CollMa00,DT,Sheldon Rankins,RankSh00,LB,Blake Cashman,CashBl00,LB,Henry To'oTo'o,TooTHe00,CB,Steven Nelson,NelsSt01,CB,Shaquill Griffin,GrifSh00,S,Jalen Pitre,PitrJa00,S,Eric Murray,MurrEr00,S,Jimmie Ward,WardJi01,QB,Derek Carr,CarrDe02,RB,Alvin Kamara,KamaAl00,WR,Michael Thomas,ThomMi05,WR,Chris Olave,OlavCh00,WR,Rashid Shaheed,ShahRa00,TE,Taysom Hill,HillTa00,OL,Cesar Ruiz,RuizCe00,OL,James Hurst,HursJa00,OL,Erik McCoy,McCoEr01,T,Ryan Ramczyk,RamcRy00,G,Max Garcia,GarcMa00,DE,Cameron Jordan,JordCa00,DE,Carl Granderson,GranCa01,DT,Khalen Saunders,SaunKh00,DT,Nathan Shepherd,ShepNa00,LB,Zack Baun,BaunZa00,LB,Pete Werner,WernPe00,LB,Demario Davis,DaviDe00,CB,Marshon Lattimore,LattMa01,CB,Paulson Adebo,AdebPa00,S,Marcus Maye,MayeMa00,S,Tyrann Mathieu,MathTy00,Referee,Alan Eck,Umpire,Tab Slaughter,Down Judge,Fred Bryan,Line Judge,Robin DeLorenzo,Back Judge,Greg Meyer,Side Judge,Dale Shaw,Field Judge,John Jenkins
202310150jax,2023-10-15,Sunday,1:00pm,Jacksonville Jaguars,Indianapolis Colts,jax,clt,37,20,Doug Pederson,Shane Steichen,EverBank Stadium,64851,2:58,outdoors,grass,,QB,Trevor Lawrence,LawrTr00,RB,Travis Etienne,EtieTr00,WR,Calvin Ridley,RidlCa00,WR,Christian Kirk,KirkCh01,TE,Luke Farrell,FarrLu00,TE,Brenton Strange,StraBr00,OL,Tyler Shatley,ShatTy00,OL,Brandon Scherff,ScheBr00,OL,Cam Robinson,RobiCa00,OL,Luke Fortner,FortLu01,T,Anton Harrison,HarrAn00,DL,Jeremiah Ledbetter,LedbJe00,DL,Folorunso Fatukasi,FatuFo00,DL,Roy Robertson-Harris,RobeRo00,OLB,Travon Walker,WalkTr03,OLB,Josh Hines-Allen,AlleJo03,LB,Devin Lloyd,LloyDe00,LB,Foyesade Oluokun,OluoFo00,CB,Darious Williams,WillDa09,CB,Tyson Campbell,CampTy01,S,Rayshawn Jenkins,JenkRa00,S,Andre Cisco,CiscAn00,QB,Gardner Minshew II,MinsGa00,RB,Zack Moss,MossZa00,WR,Michael Pittman Jr.,PittMi01,WR,Josh Downs,DownJo00,WR,Alec Pierce,PierAl00,TE,Kylen Granson,GranKy00,OL,Will Fries,FrieWi00,T,Bernhard Raimann,RaimBe00,T,Blake Freeland,FreeBl00,G,Quenton Nelson,NelsQu00,C,Ryan Kelly,KellRy00,DE,Kwity Paye,PayeKw00,DE,Samson Ebukam,EbukSa00,DT,DeForest Buckner,BuckDe00,DT,Grover Stewart,StewGr00,LB,Shaquille Leonard,LeonDa00,LB,E.J. Speed,SpeeEJ00,LB,Zaire Franklin,FranZa00,CB,Julius Brents,BrenJu00,CB,Kenny Moore,MoorKe03,S,Julian Blackmon,BlacJu01,S,Rodney Thomas II,ThomRo07,Referee,Alex Kemp,Umpire,Mike Morton,Down Judge,Danny Short,Line Judge,Rusty Baynes,Back Judge,Scott Helverson,Side Judge,James Coleman,Field Judge,Sean Petty
202310150mia,2023-10-15,Sunday,1:00pm,Miami Dolphins,Carolina Panthers,mia,car,42,21,Mike McDaniel,Frank Reich,Hard Rock Stadium,65529,3:01,outdoors,grass,"87 degrees, relative humidity 56%, wind 12 mph",QB,Tua Tagovailoa,TagoTu00,RB,Raheem Mostert,MostRa00,FB,Alec Ingold,IngoAl01,WR,Jaylen Waddle,WaddJa00,WR,Tyreek Hill,HillTy00,TE,Durham Smythe,SmytDu00,OL,Liam Eichenberg,EichLi00,OL,Robert Hunt,HuntRo01,OL,Austin Jackson,JackAu00,T,Isaiah Wynn,WynnIs00,T,Kendall Lamm,LammKe00,DT,Christian Wilkins,WilkCh00,DT,Zach Sieler,SielZa00,LB,Jerome Baker,BakeJe00,LB,Andrew Van Ginkel,VanGAn00,LB,David Long,LongDa04,LB,Bradley Chubb,ChubBr00,CB,Kader Kohou,KohoKa00,CB,Xavien Howard,HowaXa00,CB,Eli Apple,ApplEl00,S,Jevon Holland,HollJe02,S,DeShon Elliott,ElliDe02,QB,Bryce Young,YounBr01,RB,Chuba Hubbard,HubbCh01,WR,Adam Thielen,ThieAd00,WR,DJ Chark,CharDJ00,WR,Jonathan Mingo,MingJo00,TE,Hayden Hurst,HursHa00,OL,Bradley Bozeman,BozeBr00,T,Ikem Ekwonu,EkwoIk00,T,Taylor Moton,MotoTa00,G,Cade Mays,MaysCa00,G,Calvin Throckmorton,ThroCa01,DT,Shy Tuttle,TuttSh00,DT,DeShawn Williams,WillDe04,DT,Derrick Brown,BrowDe05,OLB,Justin Houston,HousJu00,OLB,Brian Burns,BurnBr00,LB,Frankie Luvu,LuvuFr00,CB,C.J. Henderson,HendCJ00,CB,Donte Jackson,JackDo02,S,Matthias Farley,FarlMa00,S,Sam Franklin,FranSa00,S,Jeremy Chinn,ChinJe00,Referee,Craig Wrolstad,Umpire,Steve Woods,Down Judge,Jim Mello,Line Judge,Tripp Sutter,Back Judge,Grantis Bell,Side Judge,Frank Steratore,Field Judge,Jeff Shears
202310150nyj,2023-10-15,Sunday,4:25pm,New York Jets,Philadelphia Eagles,nyj,phi,20,14,Robert Saleh,Nick Sirianni,MetLife Stadium,83068,3:11,outdoors,fieldturf,"59 degrees, relative humidity 54%, wind 11 mph",QB,Zach Wilson,WilsZa00,RB,Breece Hall,HallBr03,WR,Garrett Wilson,WilsGa00,WR,Allen Lazard,LazaAl00,TE,C.J. Uzomah,,TE,Jeremy Ruckert,RuckJe00,OL,Max Mitchell,MitcMa02,T,Mekhi Becton,BectMe00,G,Laken Tomlinson,TomlLa01,C,Connor McGovern,McGoCo00,C,Joe Tippmann,TippJo00,DL,Quinton Jefferson,JeffQu00,DL,John Franklin-Myers,FranJo02,DL,Quinnen Williams,WillQu00,LB,Jermaine Johnson II,JohnJe07,LB,C.J. Mosley,,LB,Quincy Williams,WillQu01,CB,Bryce Hall,HallBr02,CB,Michael Carter II,CartMi02,S,Tony Adams,AdamTo03,S,Ashtyn Davis,DaviAs00,S,Jordan Whitehead,WhitJo03,QB,Jalen Hurts,HurtJa00,RB,D'Andre Swift,SwifDA00,WR,A.J. Brown,BrowAJ00,WR,DeVonta Smith,SmitDe07,TE,Jack Stoll,StolJa00,TE,Dallas Goedert,GoedDa00,T,Lane Johnson,JohnLa01,T,Jordan Mailata,MailJo00,G,Landon Dickerson,DickLa00,G,Sua Opeta,OpetIo00,C,Jason Kelce,KelcJa00,DL,Kentavius Street,StreKe00,DE,Josh Sweat,SweaJo00,DT,Milton Williams,WillMi08,DT,Jordan Davis,DaviJo03,DT,Fletcher Cox,CoxxFl00,OLB,Haason Reddick,ReddHa00,LB,Nicholas Morrow,MorrNi00,CB,Josh Jobe,JobeJo00,CB,James Bradberry,BradJa00,S,Terrell Edmunds,EdmuTe00,S,Reed Blankenship,BlanRe00,Referee,Scott Novak,Umpire,Mark Pellis,Down Judge,Brian Sakowski,Line Judge,Mark Stewart,Back Judge,Terrence Miles,Side Judge,David Meslow,Field Judge,Tra Boger
202310150oti,2023-10-15,Sunday,9:30am,Tennessee Titans,Baltimore Ravens,oti,rav,16,24,Mike Vrabel,John Harbaugh,Tottenham Stadium,61011,3:09,outdoors,grass,"52 degrees, relative humidity 44%, wind 8 mph",QB,Ryan Tannehill,TannRy00,RB,Derrick Henry,HenrDe00,WR,DeAndre Hopkins,HopkDe00,WR,Nick Westbrook-Ikhine,WestNi00,WR,Chris Moore,MoorCh00,TE,Trevon Wesco,WescTr00,OL,Aaron Brewer,BrewAa01,OL,Peter Skoronski,SkorPe00,OL,Daniel Brunskill,BrunDa00,OL,Chris Hubbard,HubbCh00,T,Andre Dillard,DillAn00,DL,Denico Autry,AutrDe00,DT,Naquan Jones,JoneNa01,DT,Kyle Peko,PekoKy00,DT,Jeffery Simmons,SimmJe01,OLB,Harold Landry,LandHa00,LB,Azeez Al-Shaair,AlShAz00,LB,Jack Gibbens,GibbJa00,CB,Sean Murphy-Bunting,BuntSe00,CB,Kristian Fulton,FultKr00,DB,Amani Hooker,HookAm00,S,Kevin Byard,ByarKe01,QB,Lamar Jackson,JackLa00,RB,Justice Hill,HillJu00,FB,Patrick Ricard,RicaPa00,WR,Rashod Bateman,BateRa00,WR,Zay Flowers,FlowZa00,TE,Mark Andrews,AndrMa00,T,Morgan Moses,MoseMo00,T,Ronnie Stanley,StanRo00,G,John Simpson,SimpJo00,G,Kevin Zeitler,ZeitKe00,C,Tyler Linderbaum,LindTy00,DT,Nnamdi Madubuike,MaduJu00,NT,Michael Pierce,PierMi00,OLB,Jadeveon Clowney,ClowJa00,OLB,Kyle Van Noy,VanNKy00,LB,Patrick Queen,QueePa00,LB,Roquan Smith,SmitRo07,CB,Arthur Maulet,MaulAr00,CB,Marlon Humphrey,HumpMa00,DB,Brandon Stephens,StepBr01,S,Kyle Hamilton,HamiKy00,S,Marcus Williams,WillMa06,Referee,Bill Vinovich,Umpire,Alex Moore,Down Judge,Dale Keller,Line Judge,Mark Perlman,Back Judge,Jimmy Russell,Side Judge,Jimmy Buchanan,Field Judge,Joe Blubaugh
202310150rai,2023-10-15,Sunday,4:05pm,Las Vegas Raiders,New England Patriots,rai,nwe,21,17,Josh McDaniels,Bill Belichick,Allegiant Stadium,61985,3:02,dome,grass,,QB,Jimmy Garoppolo,GaroJi00,RB,Josh Jacobs,JacoJo01,FB,Jakob Johnson,JohnJa12,WR,Davante Adams,AdamDa01,WR,Jakobi Meyers,MeyeJa01,TE,Michael Mayer,MayeMi00,T,Thayer Munford,MunfTh00,T,Kolton Miller,MillKo00,G,Greg Van Roten,VanRGr00,G,Dylan Parham,ParhDy00,C,Andre James,JameAn01,DE,Malcolm Koonce,KoonMa00,DE,Maxx Crosby,CrosMa00,DT,John Jenkins,JenkJo00,DT,Bilal Nichols,NichBi00,LB,Divine Deablo,DeabDi00,LB,Robert Spillane,SpilRo00,CB,Tyler Hall,HallTy01,CB,Marcus Peters,PeteMa00,CB,Amik Robertson,RobeAm00,S,Tre'von Moehrig,MoehTr00,S,Marcus Epps,EppsMa00,QB,Mac Jones,JoneMa05,RB,Rhamondre Stevenson,StevRh00,WR,Kendrick Bourne,BourKe00,WR,Tyquan Thornton,ThorTy00,WR,DeVante Parker,ParkDe01,TE,Hunter Henry,HenrHu00,OL,Trent Brown,BrowTr02,OL,Sidy Sow,SowxSi00,OL,Atonio Mafi,MafiAt00,T,Vederian Lowe,LoweVe00,C,David Andrews,AndrDa00,DL,Christian Barmore,BarmCh00,DL,Davon Godchaux,GodcDa00,DL,Lawrence Guy,GuyxLa00,DE,Keion White,WhitKe03,LB,Anfernee Jennings,JennAn00,LB,Jahlani Tavai,TavaJa00,LB,Ja'Whaun Bentley,BentJa00,CB,J.C. Jackson,,DB,Jonathan Jones,JoneJo03,DB,Jabrill Peppers,PeppJa00,DB,Kyle Dugger,DuggKy00,Referee,Brad Rogers,Umpire,Ramon George,Down Judge,Kent Payne,Line Judge,Kevin Codey,Back Judge,Tyree Walton,Side Judge,Anthony Jefferies,Field Judge,Aaron Santi
202310150ram,2023-10-15,Sunday,4:25pm,Los Angeles Rams,Arizona Cardinals,ram,crd,26,9,Sean McVay,Jonathan Gannon,SoFi Stadium,71202,3:01,dome,matrixturf,,QB,Matthew Stafford,StafMa00,RB,Kyren Williams,WillKy02,WR,Tutu Atwell,AtweTu00,WR,Puka Nacua,NacuPu00,WR,Cooper Kupp,KuppCo00,TE,Tyler Higbee,HigbTy00,OL,Kevin Dotson,DotsKe00,T,Rob Havenstein,HaveRo00,T,Alaric Jackson,JackAl01,G,Steve Avila,AvilSt00,G,Coleman Shelton,ShelCo00,DE,Jonah Williams,WillJo16,DT,Aaron Donald,DonaAa00,NT,Kobie Turner,TurnKo00,OLB,Michael Hoecht,HoecMi00,OLB,Byron Young,YounBy01,LB,Ernest Jones,JoneEr01,LB,Christian Rozeboom,RozeCh00,DB,Derion Kendrick,KendDe00,DB,Jordan Fuller,FullJo01,DB,Ahkello Witherspoon,WithAh00,DB,Russ Yeast,YeasRu00,QB,Joshua Dobbs,DobbJo00,RB,Keaontay Ingram,IngrKe01,WR,Marquise Brown,BrowMa04,WR,Michael Wilson,WilsMi02,TE,Zach Ertz,ErtzZa00,TE,Geoff Swaim,SwaiGe00,OL,Elijah Wilkinson,WilkEl00,OL,Hjalte Froholdt,FrohHj00,OL,Will Hernandez,HernWi00,OL,D.J. Humphries,,OL,Paris Johnson,JohnPa03,DL,Jonathan Ledbetter,LedbJo01,DL,Kevin Strong,StroKe00,OLB,Cameron Thomas,ThomCa03,LB,Josh Woods,WoodJo02,LB,Kyzir White,WhitKy00,LB,Zaven Collins,CollZa00,CB,Antonio Hamilton,HamiAn01,CB,Marco Wilson,WilsMa04,CB,Kei'Trel Clark,ClarKe02,CB,Andre Chachere,ChacAn00,S,K'Von Wallace,WallKV00,Referee,Ron Torbert,Umpire,Barry Anderson,Down Judge,Max Causey,Line Judge,Maia Chaka,Back Judge,Tony Josselyn,Side Judge,Keith Washington,Field Judge,Ryan Dickson
202310150tam,2023-10-15,Sunday,4:25pm,Tampa Bay Buccaneers,Detroit Lions,tam,det,6,20,Todd Bowles,Dan Campbell,Raymond James Stadium,65854,2:51,outdoors,grass,"77 degrees, relative humidity 55%, wind 13 mph",QB,Baker Mayfield,MayfBa00,RB,Rachaad White,WhitRa01,WR,Mike Evans,EvanMi00,WR,Chris Godwin,GodwCh00,TE,Cade Otton,OttoCa00,TE,Ko Kieft,KiefKo00,OL,Matt Feiler,FeilMa00,OL,Robert Hainsey,HainRo00,T,Tristan Wirfs,WirfTr00,G,Luke Goedeke,GoedLu00,G,Cody Mauch,MaucCo00,DL,Logan Hall,HallLo00,DL,Calijah Kancey,KancCa00,DL,Vita Vea,VeaxVi00,OLB,Joe Tryon-Shoyinka,TryoJo00,OLB,Shaquil Barrett,BarrSh00,LB,Lavonte David,DaviLa00,LB,Devin White,WhitDe02,CB,Jamel Dean,DeanJa00,CB,Carlton Davis,DaviCa02,S,Ryan Neal,NealRy00,S,Antoine Winfield Jr.,WinfAn00,QB,Jared Goff,GoffJa00,RB,David Montgomery,MontDa01,WR,Amon-Ra St. Brown,StxxAm00,WR,Josh Reynolds,ReynJo00,TE,Brock Wright,WrigBr01,TE,Sam LaPorta,LaPoSa01,OL,Graham Glasgow,GlasGr00,T,Penei Sewell,SewePe00,T,Taylor Decker,DeckTa00,G,Kayode Awosika,AwosKa00,C,Frank Ragnow,RagnFr00,DL,Benito Jones,JoneBe03,DL,Alim McNeill,McNeAl00,DL,Aidan Hutchinson,HutcAi00,DL,John Cominsky,ComiJo00,LB,Jack Campbell,CampJa04,LB,Derrick Barnes,BarnDe02,LB,Alex Anzalone,AnzaAl00,CB,Jerry Jacobs,JacoJe00,CB,Cameron Sutton,SuttCa00,S,Kerby Joseph,JoseKe03,S,Tracy Walker,WalkTr01,Referee,Clay Martin,Umpire,James Carter,Down Judge,Jerod Phillips,Line Judge,Greg Bradley,Back Judge,Greg Wilson,Side Judge,Dave Hawkshaw,Field Judge,Alonzo Ramsey
202310160sdg,2023-10-16,Monday,8:15pm,Los Angeles Chargers,Dallas Cowboys,sdg,dal,17,20,Brandon Staley,Mike McCarthy,SoFi Stadium,70240,3:08,dome,matrixturf,,QB,Justin Herbert,HerbJu00,RB,Austin Ekeler,EkelAu00,WR,Keenan Allen,AlleKe00,WR,Josh Palmer,PalmJo00,TE,Gerald Everett,EverGe00,TE,Donald Parham,ParhDo00,OL,Will Clapp,ClapWi00,OL,Jamaree Salyer,SalyJa00,T,Rashawn Slater,SlatRa00,T,Trey Pipkins,PipkTr00,G,Zion Johnson,JohnZi00,DL,Austin Johnson,JohnAu01,DL,Sebastian Joseph-Day,JoseSe00,OLB,Tuli Tuipulotu,TuipTu00,OLB,Khalil Mack,MackKh00,LB,Kenneth Murray,MurrKe00,LB,Eric Kendricks,KendEr00,CB,Asante Samuel Jr.,SamuAs00,CB,Michael Davis,DaviMi03,FS,Dean Marlowe,MarlDe00,DB,Ja'Sir Taylor,TaylJa04,S,Derwin James,JameDe00,QB,Dak Prescott,PresDa01,RB,Tony Pollard,PollTo00,WR,Brandin Cooks,CookBr00,WR,Michael Gallup,GallMi00,WR,CeeDee Lamb,LambCe00,TE,Jake Ferguson,FergJa00,OL,Tyler Smith,SmitTy02,T,Terence Steele,SteeTe01,T,Tyron Smith,SmitTy00,G,Zack Martin,MartZa00,C,Tyler Biadasz,BiadTy00,DE,DeMarcus Lawrence,LawrDe00,DT,Osa Odighizuwa,OdigOs00,DT,Johnathan Hankins,HankJo00,LB,Micah Parsons,ParsMi00,LB,Damone Clark,ClarDa02,CB,Stephon Gilmore,GilmSt00,CB,DaRon Bland,BlanDa00,S,Jayron Kearse,KearJa00,S,Malik Hooker,HookMa00,S,Markquese Bell,BellMa01,S,Donovan Wilson,WilsDo01,Referee,Land Clark,Umpire,Paul King,Down Judge,Tom Stephan,Line Judge,Brian Bolinger,Back Judge,Brad Freeman,Side Judge,Dominique Pender,Field Judge,Jabir Walker
202310190nor,2023-10-19,Thursday,8:15pm,New Orleans Saints,Jacksonville Jaguars,nor,jax,24,31,Dennis Allen,Doug Pederson,Caesars Superdome,70009,3:10,dome,sportturf,,QB,Derek Carr,CarrDe02,RB,Alvin Kamara,KamaAl00,WR,Michael Thomas,ThomMi05,WR,Chris Olave,OlavCh00,TE,Taysom Hill,HillTa00,TE,Foster Moreau,MoreFo00,OL,Cesar Ruiz,RuizCe00,OL,Erik McCoy,McCoEr01,OL,Andrus Peat,PeatAn00,T,Cameron Erving,ErviCa00,G,Max Garcia,GarcMa00,DE,Carl Granderson,GranCa01,DE,Cameron Jordan,JordCa00,DT,Nathan Shepherd,ShepNa00,DT,Khalen Saunders,SaunKh00,LB,Pete Werner,WernPe00,LB,Demario Davis,DaviDe00,CB,Marshon Lattimore,LattMa01,CB,Alontae Taylor,TaylAl01,CB,Paulson Adebo,AdebPa00,S,Marcus Maye,MayeMa00,S,Tyrann Mathieu,MathTy00,QB,Trevor Lawrence,LawrTr00,RB,Travis Etienne,EtieTr00,WR,Jamal Agnew,AgneJa00,WR,Christian Kirk,KirkCh01,WR,Calvin Ridley,RidlCa00,TE,Evan Engram,EngrEv00,OL,Tyler Shatley,ShatTy00,OL,Luke Fortner,FortLu01,OL,Brandon Scherff,ScheBr00,OL,Cam Robinson,RobiCa00,T,Anton Harrison,HarrAn00,DL,Folorunso Fatukasi,FatuFo00,DL,Jeremiah Ledbetter,LedbJe00,DL,Roy Robertson-Harris,RobeRo00,OLB,Josh Hines-Allen,AlleJo03,OLB,Travon Walker,WalkTr03,LB,Foyesade Oluokun,OluoFo00,LB,Devin Lloyd,LloyDe00,CB,Montaric Brown,BrowMo00,CB,Darious Williams,WillDa09,S,Rayshawn Jenkins,JenkRa00,S,Andre Cisco,CiscAn00,Referee,Land Clark,Umpire,Paul King,Down Judge,Tom Stephan,Line Judge,Brian Bolinger,Back Judge,Brad Freeman,Side Judge,Dominique Pender,Field Judge,Jabir Walker
202310220chi,2023-10-22,Sunday,1:00pm,Chicago Bears,Las Vegas Raiders,chi,rai,30,12,Matt Eberflus,Josh McDaniels,Soldier Field,62199,2:58,outdoors,grass,"52 degrees, relative humidity 68%, wind 8 mph",QB,Tyson Bagent,BageTy00,RB,D'Onta Foreman,ForeDO00,WR,D.J. Moore,,WR,Darnell Mooney,MoonDa00,TE,Robert Tonyan,TonyRo00,TE,Cole Kmet,KmetCo00,OL,Darnell Wright,WrigDa00,OL,Larry Borom,BoroLa00,OL,Cody Whitehair,WhitCo03,OL,Lucas Patrick,PatrLu00,OL,Teven Jenkins,JenkTe00,DL,Justin Jones,JoneJu03,DL,DeMarcus Walker,WalkDe03,DL,Yannick Ngakoue,NgakYa00,DL,Andrew Billings,BillAn00,LB,T.J. Edwards,EdwaTJ02,LB,Tremaine Edmunds,EdmuTr01,DB,Jaylon Johnson,JohnJa13,DB,Elijah Hicks,HickEl00,DB,Kyler Gordon,GordKy00,DB,Tyrique Stevenson,StevTy01,DB,Jaquan Brisker,BrisJa01,QB,Brian Hoyer,HoyeBr00,RB,Josh Jacobs,JacoJo01,WR,Davante Adams,AdamDa01,WR,Hunter Renfrow,RenfHu00,WR,Jakobi Meyers,MeyeJa01,TE,Michael Mayer,MayeMi00,T,Thayer Munford,MunfTh00,T,Kolton Miller,MillKo00,G,Greg Van Roten,VanRGr00,G,Dylan Parham,ParhDy00,C,Andre James,JameAn01,DE,Malcolm Koonce,KoonMa00,DE,Maxx Crosby,CrosMa00,DT,John Jenkins,JenkJo00,DT,Bilal Nichols,NichBi00,LB,Divine Deablo,DeabDi00,LB,Robert Spillane,SpilRo00,CB,David Long,LongDa02,CB,Marcus Peters,PeteMa00,CB,Amik Robertson,RobeAm00,S,Tre'von Moehrig,MoehTr00,S,Marcus Epps,EppsMa00,Referee,Clay Martin,Umpire,James Carter,Down Judge,Jerod Phillips,Line Judge,Greg Bradley,Back Judge,Greg Wilson,Side Judge,Dave Hawkshaw,Field Judge,Alonzo Ramsey
202310220clt,2023-10-22,Sunday,1:00pm,Indianapolis Colts,Cleveland Browns,clt,cle,38,39,Shane Steichen,Kevin Stefanski,Lucas Oil Stadium,65552,3:36,retractable roof (open),fieldturf,,QB,Gardner Minshew II,MinsGa00,RB,Jonathan Taylor,TaylJo02,WR,Michael Pittman Jr.,PittMi01,WR,Alec Pierce,PierAl00,WR,Josh Downs,DownJo00,TE,Andrew Ogletree,OgleAn00,OL,Will Fries,FrieWi00,T,Bernhard Raimann,RaimBe00,T,Blake Freeland,FreeBl00,G,Quenton Nelson,NelsQu00,C,Ryan Kelly,KellRy00,DE,Samson Ebukam,EbukSa00,DE,Kwity Paye,PayeKw00,DT,DeForest Buckner,BuckDe00,DT,Taven Bryan,BryaTa00,LB,Shaquille Leonard,LeonDa00,LB,Zaire Franklin,FranZa00,LB,E.J. Speed,SpeeEJ00,CB,Julius Brents,BrenJu00,CB,Kenny Moore,MoorKe03,S,Julian Blackmon,BlacJu01,S,Rodney Thomas II,ThomRo07,QB,Deshaun Watson,WatsDe00,RB,Jerome Ford,FordJe00,WR,Amari Cooper,CoopAm00,TE,Jordan Akins,AkinJo00,TE,Harrison Bryant,BryaHa00,TE,David Njoku,NjokDa00,T,Jedrick Wills Jr.,WillJe04,T,Dawand Jones,JoneDa07,G,Joel Bitonio,BitoJo00,G,Wyatt Teller,TellWy00,C,Ethan Pocic,PociEt00,DE,Myles Garrett,GarrMy00,DE,Za'Darius Smith,SmitZa00,DT,Shelby Harris,HarrSh00,DT,Dalvin Tomlinson,TomlDa00,DT,Jordan Elliott,ElliJo02,LB,Anthony Walker,WalkAn01,CB,Greg Newsome II,NewsGr00,CB,Martin Emerson,EmerMa00,CB,Denzel Ward,WardDe02,S,Juan Thornhill,ThorJu00,S,Grant Delpit,DelpGr00,Referee,Shawn Smith,Umpire,Bryan Neale,Down Judge,Jay Bilbo,Line Judge,Jeff Seeman,Back Judge,Dino Paganelli,Side Judge,Clay Reynard,Field Judge,Dyrol Prioleau
202310220den,2023-10-22,Sunday,4:25pm,Denver Broncos,Green Bay Packers,den,gnb,19,17,Sean Payton,Matt LaFleur,Empower Field at Mile High,76880,2:59,outdoors,grass,"72 degrees, relative humidity 22%, wind 9 mph",QB,Russell Wilson,WilsRu00,RB,Javonte Williams,WillJa10,FB,Michael Burton,BurtMi00,WR,Courtland Sutton,SuttCo00,WR,Jerry Jeudy,JeudJe00,TE,Adam Trautman,TrauAd00,OL,Quinn Meinerz,MeinQu02,T,Mike McGlinchey,McGlMi00,T,Garett Bolles,BollGa00,G,Ben Powers,PoweBe00,C,Lloyd Cushenberry III,CushLl00,DL,Mike Purcell,PurcMi00,DE,Zach Allen,AlleZa01,DT,D.J. Jones,,OLB,Jonathon Cooper,CoopJo02,OLB,Nik Bonitto,BoniNi00,LB,Josey Jewell,JeweJo00,LB,Alex Singleton,SingAl00,CB,Fabian Moreau,MoreFa00,CB,Patrick Surtain II,SurtPa01,S,Kareem Jackson,JackKa99,S,Justin Simmons,SimmJu00,QB,Jordan Love,LoveJo03,RB,Aaron Jones,JoneAa00,WR,Romeo Doubs,DoubRo00,WR,Christian Watson,WatsCh00,WR,Jayden Reed,ReedJa03,TE,Luke Musgrave,MusgLu00,OL,Elgton Jenkins,JenkEl00,OL,Zach Tom,TomxZa00,OL,Josh Myers,MyerJo00,T,Rasheed Walker,WalkRa00,G,Jon Runyan Jr.,RunyJo00,DL,Kenny Clark,ClarKe01,DL,Tedarrell Slaton,SlatTe00,LB,Preston Smith,SmitPr00,LB,Isaiah McDuffie,McDuIs00,LB,Quay Walker,WalkQu00,LB,Rashan Gary,GaryRa00,CB,Rasul Douglas,DougRa00,CB,Keisean Nixon,NixoKe00,CB,Carrington Valentine,ValeCa00,S,Darnell Savage Jr.,SavaDa00,S,Rudy Ford,FordRu00,Referee,Alex Kemp,Umpire,Mike Morton,Down Judge,Danny Short,Line Judge,Rusty Baynes,Back Judge,Scott Helverson,Side Judge,James Coleman,Field Judge,Sean Petty
202310220kan,2023-10-22,Sunday,4:25pm,Kansas City Chiefs,Los Angeles Chargers,kan,sdg,31,17,Andy Reid,Brandon Staley,GEHA Field at Arrowhead Stadium,73642,2:55,outdoors,grass,"72 degrees, relative humidity 35%, wind 10 mph",QB,Patrick Mahomes,MahoPa00,RB,Isiah Pacheco,PachIs00,WR,Rashee Rice,RiceRa01,WR,Skyy Moore,MoorSk01,WR,Marquez Valdes-Scantling,ValdMa00,TE,Travis Kelce,KelcTr00,T,Jawaan Taylor,TaylJa02,T,Donovan Smith,SmitDo02,G,Joe Thuney,ThunJo00,G,Trey Smith,SmitTr05,C,Creed Humphrey,HumpCr00,DE,George Karlaftis III,KarlGe00,DE,Michael Danna,DannMi00,DT,Chris Jones,JoneCh09,DT,Derrick Nnadi,NnadDe00,LB,Willie Gay Jr.,GayJWi00,LB,Nick Bolton,BoltNi00,CB,Jaylen Watson,WatsJa02,CB,L'Jarius Sneed,SneeLJ00,CB,Trent McDuffie,McDuTr00,S,Justin Reid,ReidJu00,S,Bryan Cook,CookBr02,QB,Justin Herbert,HerbJu00,RB,Austin Ekeler,EkelAu00,WR,Keenan Allen,AlleKe00,WR,Quentin Johnston,JohnQu02,WR,Josh Palmer,PalmJo00,TE,Gerald Everett,EverGe00,OL,Will Clapp,ClapWi00,OL,Jamaree Salyer,SalyJa00,T,Rashawn Slater,SlatRa00,T,Trey Pipkins,PipkTr00,G,Zion Johnson,JohnZi00,DL,Austin Johnson,JohnAu01,DL,Sebastian Joseph-Day,JoseSe00,OLB,Tuli Tuipulotu,TuipTu00,OLB,Khalil Mack,MackKh00,LB,Kenneth Murray,MurrKe00,LB,Eric Kendricks,KendEr00,CB,Asante Samuel Jr.,SamuAs00,CB,Michael Davis,DaviMi03,FS,Dean Marlowe,MarlDe00,DB,Ja'Sir Taylor,TaylJa04,S,Derwin James,JameDe00,Referee,Tra Blake,Umpire,Tony Michalek,Down Judge,Patrick Turner,Line Judge,Daniel Gallagher,Back Judge,Todd Prukop,Side Judge,Don Willard,Field Judge,Tom Hill
202310220nwe,2023-10-22,Sunday,1:00pm,New England Patriots,Buffalo Bills,nwe,buf,29,25,Bill Belichick,Sean McDermott,Gillette Stadium,64628,3:02,outdoors,fieldturf,"55 degrees, relative humidity 65%, wind 13 mph",QB,Mac Jones,JoneMa05,RB,Rhamondre Stevenson,StevRh00,WR,Kendrick Bourne,BourKe00,WR,DeMario Douglas,DougDe00,WR,DeVante Parker,ParkDe01,TE,Hunter Henry,HenrHu00,OL,Trent Brown,BrowTr02,OL,Cole Strange,StraCo01,OL,Sidy Sow,SowxSi00,OL,Michael Onwenu,OnweMi00,C,David Andrews,AndrDa00,DL,Deatrich Wise Jr.,WiseDe00,DL,Davon Godchaux,GodcDa00,DL,Lawrence Guy,GuyxLa00,LB,Ja'Whaun Bentley,BentJa00,LB,Jahlani Tavai,TavaJa00,LB,Anfernee Jennings,JennAn00,CB,J.C. Jackson,,DB,Jabrill Peppers,PeppJa00,DB,Jalen Mills,MillJa02,DB,Jonathan Jones,JoneJo03,DB,Kyle Dugger,DuggKy00,QB,Josh Allen,AlleJo02,RB,Latavius Murray,MurrLa00,WR,Gabe Davis,DaviGa01,WR,Stefon Diggs,DiggSt00,TE,Dalton Kincaid,KincDa00,TE,Dawson Knox,KnoxDa00,T,Spencer Brown,BrowSp00,T,Dion Dawkins,DawkDi00,G,O'Cyrus Torrence,TorrOC00,G,Connor McGovern,McGoCo01,C,Mitch Morse,MorsMi00,DE,Leonard Floyd,FloyLe00,DE,Gregory Rousseau,RousGr00,DT,Tim Settle,SettTi00,DT,Jordan Phillips,PhilJo01,LB,Dorian Williams,WillDo04,LB,Terrel Bernard,BernTe00,CB,Taron Johnson,JohnTa01,CB,Dane Jackson,JackDa02,CB,Christian Benford,BenfCh00,S,Jordan Poyer,PoyeJo00,S,Micah Hyde,HydeMi00,Referee,Clete Blakeman,Umpire,Scott Campbell,Down Judge,Dana McKenzie,Line Judge,Julian Mapp,Back Judge,Jonah Monroe,Side Judge,Lo Van,Field Judge,Terry Brown
202310220nyg,2023-10-22,Sunday,1:00pm,New York Giants,Washington Commanders,nyg,was,14,7,Brian Daboll,Ron Rivera,MetLife Stadium,81671,3:10,outdoors,fieldturf,"54 degrees, relative humidity 51%, wind 14 mph",QB,Tyrod Taylor,TaylTy00,RB,Saquon Barkley,BarkSa00,WR,Jalin Hyatt,HyatJa00,WR,Sterling Shepard,ShepSt00,TE,Daniel Bellinger,BellDa00,TE,Darren Waller,WallDa01,OL,Justin Pugh,PughJu00,OL,Marcus McKethan,McKeMa01,T,Tyre Phillips,PhilTy00,G,Ben Bredeson,BredBe00,G,Mark Glowinski,GlowMa00,DL,Leonard Williams,WillLe02,DL,Dexter Lawrence,LawrDe03,OLB,Kayvon Thibodeaux,ThibKa00,OLB,Jihad Ward,WardJi02,LB,Bobby Okereke,OkerBo00,LB,Micah McFadden,McFaMi01,CB,Tre Hawkins,HawkTr00,CB,Cordale Flott,FlotCo00,CB,Deonte Banks,BankDe00,S,Xavier McKinney,McKiXa00,S,Jason Pinnock,PinnJa01,QB,Sam Howell,HoweSa00,RB,Brian Robinson Jr.,RobiBr01,WR,Jahan Dotson,DotsJa00,WR,Curtis Samuel,SamuCu00,WR,Terry McLaurin,McLaTe00,TE,Logan Thomas,ThomLo00,OL,Andrew Wylie,WyliAn00,OL,Saahdiq Charles,CharSa00,T,Samuel Cosmi,CosmSa00,T,Charles Leno Jr.,LenoCh00,C,Nick Gates,GateNi00,DE,Chase Young,YounCh04,DE,Montez Sweat,SweaMo00,DT,Jonathan Allen,AlleJo01,DT,Daron Payne,PaynDa00,LB,Khaleke Hudson,HudsKh00,LB,Jamin Davis,DaviJa11,LB,Cody Barton,BartCo00,CB,Kendall Fuller,FullKe00,CB,Benjamin St-Juste,StJuBe00,S,Kamren Curl,CurlKa00,S,Percy Butler,ButlPe00,Referee,John Hussey,Umpire,Carl Paganelli,Down Judge,Frank LeBlanc,Line Judge,Carl Johnson,Back Judge,Matt Edwards,Side Judge,Allen Baynes,Field Judge,Anthony Flemming
202310220phi,2023-10-22,Sunday,8:20pm,Philadelphia Eagles,Miami Dolphins,phi,mia,31,17,Nick Sirianni,Mike McDaniel,Lincoln Financial Field,69879,2:53,outdoors,grass,"55 degrees, relative humidity 44%, wind 17 mph",QB,Jalen Hurts,HurtJa00,RB,D'Andre Swift,SwifDA00,WR,A.J. Brown,BrowAJ00,WR,Olamide Zaccheaus,ZaccOl01,WR,DeVonta Smith,SmitDe07,TE,Dallas Goedert,GoedDa00,T,Lane Johnson,JohnLa01,T,Jordan Mailata,MailJo00,G,Landon Dickerson,DickLa00,G,Sua Opeta,OpetIo00,C,Jason Kelce,KelcJa00,DE,Josh Sweat,SweaJo00,DT,Jordan Davis,DaviJo03,DT,Milton Williams,WillMi08,DT,Fletcher Cox,CoxxFl00,OLB,Haason Reddick,ReddHa00,LB,Nakobe Dean,DeanNa00,LB,Zach Cunningham,CunnZa00,CB,Darius Slay,SlayDa00,CB,James Bradberry,BradJa00,S,Sydney Brown,BrowSy00,S,Terrell Edmunds,EdmuTe00,QB,Tua Tagovailoa,TagoTu00,RB,Raheem Mostert,MostRa00,WR,Braxton Berrios,BerrBr00,WR,Jaylen Waddle,WaddJa00,WR,Tyreek Hill,HillTy00,TE,Durham Smythe,SmytDu00,OL,Liam Eichenberg,EichLi00,OL,Robert Hunt,HuntRo01,OL,Austin Jackson,JackAu00,T,Isaiah Wynn,WynnIs00,T,Kendall Lamm,LammKe00,DT,Christian Wilkins,WilkCh00,DT,Raekwon Davis,DaviRa03,DT,Zach Sieler,SielZa00,LB,Jerome Baker,BakeJe00,LB,Andrew Van Ginkel,VanGAn00,LB,David Long,LongDa04,LB,Bradley Chubb,ChubBr00,CB,Kader Kohou,KohoKa00,CB,Eli Apple,ApplEl00,S,Jevon Holland,HollJe02,S,DeShon Elliott,ElliDe02,Referee,Brad Allen,Umpire,Duane Heydt,Down Judge,Sarah Thomas,Line Judge,Walter Flowers,Back Judge,Greg Yette,Side Judge,Boris Cheek,Field Judge,Rick Patterson
202310220ram,2023-10-22,Sunday,4:05pm,Los Angeles Rams,Pittsburgh Steelers,ram,pit,17,24,Sean McVay,Mike Tomlin,SoFi Stadium,73471,2:57,dome,matrixturf,,QB,Matthew Stafford,StafMa00,RB,Darrell Henderson,HendDa00,WR,Tutu Atwell,AtweTu00,WR,Cooper Kupp,KuppCo00,WR,Puka Nacua,NacuPu00,TE,Tyler Higbee,HigbTy00,OL,Kevin Dotson,DotsKe00,T,Rob Havenstein,HaveRo00,T,Alaric Jackson,JackAl01,G,Steve Avila,AvilSt00,G,Coleman Shelton,ShelCo00,DE,Jonah Williams,WillJo16,DT,Aaron Donald,DonaAa00,NT,Kobie Turner,TurnKo00,OLB,Byron Young,YounBy01,OLB,Michael Hoecht,HoecMi00,LB,Christian Rozeboom,RozeCh00,LB,Ernest Jones,JoneEr01,DB,Jordan Fuller,FullJo01,DB,Ahkello Witherspoon,WithAh00,DB,Russ Yeast,YeasRu00,DB,Cobie Durant,DuraDe01,QB,Kenny Pickett,PickKe00,RB,Najee Harris,HarrNa00,WR,Allen Robinson,RobiAl02,WR,Diontae Johnson,JohnDi01,WR,George Pickens,PickGe00,TE,Connor Heyward,HeywCo00,OL,James Daniels,DaniJa01,OL,Chukwuma Okorafor,OkorCh00,T,Dan Moore,MoorDa05,G,Isaac Seumalo,SeumIs00,C,Mason Cole,ColeMa02,DT,Montravius Adams,AdamMo00,DT,Larry Ogunjobi,OgunLa00,LB,T.J. Watt,,LB,Cole Holcomb,HolcCo00,LB,Alex Highsmith,HighAl02,LB,Kwon Alexander,AlexKw00,CB,Patrick Peterson,PetePa00,CB,Chandon Sullivan,SullCh00,CB,Levi Wallace,WallLe00,S,Damontae Kazee,KazeDa00,S,Minkah Fitzpatrick,FitzMi00,Referee,Craig Wrolstad,Umpire,Steve Woods,Down Judge,Jim Mello,Line Judge,Tripp Sutter,Back Judge,Grantis Bell,Side Judge,Frank Steratore,Field Judge,Jeff Shears
202310220rav,2023-10-22,Sunday,1:00pm,Baltimore Ravens,Detroit Lions,rav,det,38,6,John Harbaugh,Dan Campbell,M&amp;T Bank Stadium,70989,3:00,outdoors,grass,"62 degrees, relative humidity 42%, wind 16 mph",QB,Lamar Jackson,JackLa00,RB,Justice Hill,HillJu00,WR,Odell Beckham Jr.,BeckOd00,WR,Zay Flowers,FlowZa00,TE,Mark Andrews,AndrMa00,TE,Isaiah Likely,LikeIs00,T,Ronnie Stanley,StanRo00,T,Morgan Moses,MoseMo00,G,Kevin Zeitler,ZeitKe00,G,John Simpson,SimpJo00,C,Tyler Linderbaum,LindTy00,DT,Nnamdi Madubuike,MaduJu00,DT,Broderick Washington Jr.,WashBr01,NT,Michael Pierce,PierMi00,OLB,Jadeveon Clowney,ClowJa00,LB,Patrick Queen,QueePa00,LB,Malik Harrison,HarrMa06,LB,Roquan Smith,SmitRo07,CB,Marlon Humphrey,HumpMa00,DB,Brandon Stephens,StepBr01,S,Kyle Hamilton,HamiKy00,S,Geno Stone,StonGe00,QB,Jared Goff,GoffJa00,RB,Jahmyr Gibbs,GibbJa01,WR,Jameson Williams,WillJa11,WR,Amon-Ra St. Brown,StxxAm00,TE,Brock Wright,WrigBr01,OL,Graham Glasgow,GlasGr00,T,Taylor Decker,DeckTa00,T,Penei Sewell,SewePe00,G,Halapoulivaati Vaitai,VaitHa00,C,Frank Ragnow,RagnFr00,DL,John Cominsky,ComiJo00,DL,Aidan Hutchinson,HutcAi00,DL,Benito Jones,JoneBe03,DL,Alim McNeill,McNeAl00,LB,Derrick Barnes,BarnDe02,LB,Malcolm Rodriguez,RodrMa00,LB,Jack Campbell,CampJa04,LB,Alex Anzalone,AnzaAl00,CB,Cameron Sutton,SuttCa00,CB,Will Harris,HarrWi02,S,Kerby Joseph,JoseKe03,S,Tracy Walker,WalkTr01,Referee,Brad Rogers,Umpire,Ramon George,Down Judge,Kent Payne,Line Judge,Kevin Codey,Back Judge,Tyree Walton,Side Judge,Anthony Jeffries,Field Judge,Aaron Santi
202310220sea,2023-10-22,Sunday,4:05pm,Seattle Seahawks,Arizona Cardinals,sea,crd,20,10,Pete Carroll,Jonathan Gannon,Lumen Field,68781,3:00,outdoors,fieldturf,"56 degrees, relative humidity 83%, wind 5 mph",QB,Geno Smith,SmitGe00,RB,Kenneth Walker III,WalkKe00,WR,Jaxon Smith-Njigba,SmitJa06,WR,Tyler Lockett,LockTy00,TE,Will Dissly,DissWi00,TE,Noah Fant,FantNo00,T,Charles Cross,CrosCh00,T,Stone Forsythe,ForsSt00,G,Anthony Bradford,BradAn00,G,Damien Lewis,LewiDa05,C,Olusegun Oluwatimi,OluwOl00,DE,Dre'Mont Jones,JoneDr00,DE,Jarran Reed,ReedJa02,LB,Boye Mafe,MafeBo00,LB,Uchenna Nwosu,NwosUc00,LB,Jordyn Brooks,BrooJo01,LB,Bobby Wagner,WagnBo00,CB,Devon Witherspoon,WithDe00,CB,Riq Woolen,WoolTa00,SS,Jamal Adams,AdamJa00,FS,Quandre Diggs,DiggQu00,S,Julian Love,LoveJu00,QB,Joshua Dobbs,DobbJo00,RB,Emari Demercado,DemeEm00,WR,Marquise Brown,BrowMa04,WR,Michael Wilson,WilsMi02,TE,Geoff Swaim,SwaiGe00,TE,Zach Ertz,ErtzZa00,OL,Will Hernandez,HernWi00,OL,Paris Johnson,JohnPa03,OL,D.J. Humphries,,OL,Hjalte Froholdt,FrohHj00,OL,Trystan Colon,ColoTr01,DL,Jonathan Ledbetter,LedbJo01,DL,Kevin Strong,StroKe00,DT,Leki Fotu,FotuLe00,OLB,Victor Dimukeje,DimuVi00,LB,Zaven Collins,CollZa00,LB,Kyzir White,WhitKy00,LB,Josh Woods,WoodJo02,CB,Starling Thomas,ThomSt01,CB,Marco Wilson,WilsMa04,CB,Andre Chachere,ChacAn00,S,Budda Baker,BakeBu00,Referee,Scott Novak,Umpire,Mark Pellis,Down Judge,Brian Sakowski,Line Judge,Mark Stewart,Back Judge,Terrence Miles,Side Judge,David Meslow,Field Judge,Tra Boger
202310220tam,2023-10-22,Sunday,1:00pm,Tampa Bay Buccaneers,Atlanta Falcons,tam,atl,13,16,Todd Bowles,Arthur Smith,Raymond James Stadium,62620,3:03,outdoors,grass,"79 degrees, relative humidity 47%, wind 3 mph",QB,Baker Mayfield,MayfBa00,RB,Rachaad White,WhitRa01,WR,Mike Evans,EvanMi00,WR,Chris Godwin,GodwCh00,TE,Cade Otton,OttoCa00,TE,Ko Kieft,KiefKo00,OL,Matt Feiler,FeilMa00,OL,Robert Hainsey,HainRo00,T,Tristan Wirfs,WirfTr00,G,Luke Goedeke,GoedLu00,G,Cody Mauch,MaucCo00,DL,Logan Hall,HallLo00,DL,Calijah Kancey,KancCa00,DL,Vita Vea,VeaxVi00,OLB,Joe Tryon-Shoyinka,TryoJo00,OLB,Shaquil Barrett,BarrSh00,LB,Lavonte David,DaviLa00,LB,Devin White,WhitDe02,CB,Jamel Dean,DeanJa00,CB,Carlton Davis,DaviCa02,S,Ryan Neal,NealRy00,S,Antoine Winfield Jr.,WinfAn00,QB,Desmond Ridder,RiddDe00,RB,Tyler Allgeier,AllgTy00,FB,Keith Smith,SmitKe03,WR,KhaDarel Hodge,HodgKh00,WR,Drake London,LondDr00,TE,Kyle Pitts,PittKy00,OL,Drew Dalman,DalmDr00,OL,Matthew Bergeron,BergMa00,T,Jake Matthews,MattJa00,T,Kaleb McGary,McGaKa00,G,Chris Lindstrom,LindCh00,DL,Grady Jarrett,JarrGr00,DL,Calais Campbell,CampCa99,DL,David Onyemata,OnyeDa00,OLB,Bud Dupree,DuprAl00,OLB,Arnold Ebiketie,EbikAr00,LB,Kaden Elliss,ElliKa00,LB,Nathan Landman,LandNa01,CB,AJ Terrell,TerrAJ00,CB,Jeff Okudah,OkudJe00,S,Richie Grant,GranRi00,S,Jessie Bates III,BateJe00,Referee,Ron Torbert,Umpire,Barry Anderson,Down Judge,Max Causey,Line Judge,Maia Chaka,Back Judge,Tony Josselyn,Side Judge,Keith Washington,Field Judge,Ryan Dickson
202310230min,2023-10-23,Monday,8:15pm,Minnesota Vikings,San Francisco 49ers,min,sfo,22,17,Kevin O'Connell,Kyle Shanahan,U.S. Bank Stadium,66975,2:56,dome,sportturf,,QB,Kirk Cousins,CousKi00,RB,Alexander Mattison,MattAl01,WR,K.J. Osborn,OsboKJ00,WR,Jordan Addison,AddiJo00,TE,T.J. Hockenson,HockTJ00,TE,Josh Oliver,OlivJo00,T,Christian Darrisaw,DarrCh00,T,Brian O'Neill,ONeiBr00,G,Dalton Risner,RisnDa00,G,Ed Ingram,IngrEd00,C,Garrett Bradbury,BradGa00,DL,Dean Lowry,LowrDe00,DL,Harrison Phillips,PhilHa00,DL,Jonathan Bullard,BullJo00,OLB,Danielle Hunter,HuntDa01,OLB,D.J. Wonnum,WonnDJ00,LB,Jordan Hicks,HickJo00,CB,Byron Murphy,MurpBy00,CB,Akayleb Evans,EvanAk00,S,Josh Metellus,MeteJo00,S,Camryn Bynum,BynuCa00,S,Harrison Smith,SmitHa00,QB,Brock Purdy,PurdBr00,RB,Christian McCaffrey,McCaCh01,WR,Brandon Aiyuk,AiyuBr00,WR,Jauan Jennings,JennJa00,TE,Charlie Woerner,WoerCh00,TE,George Kittle,KittGe00,OL,Aaron Banks,BankAa00,OL,Jake Brendel,BrenJa01,OL,Spencer Burford,BurfSp00,OL,Jaylon Moore,MoorJa04,OL,Colton McKivitz,McKiCo00,DL,Arik Armstead,ArmsAr01,DL,Javon Hargrave,HargJa00,DL,Clelin Ferrell,FerrCl00,DL,Nick Bosa,BosaNi00,LB,Dre Greenlaw,GreeDr00,LB,Oren Burks,BurkOr00,LB,Fred Warner,WarnFr00,CB,Charvarius Ward,WardCh01,DB,Deommodore Lenoir,LenoDe00,S,Talanoa Hufanga,HufaTa00,S,Tashaun Gipson,GipsTa00,Referee,Carl Cheffers,Umpire,Brandon Cruse,Down Judge,Mike Carr,Line Judge,Tom Eaton,Back Judge,Martin Hankins,Side Judge,Eugene Hall,Field Judge,Nathan Jones
202310260buf,2023-10-26,Thursday,8:15pm,Buffalo Bills,Tampa Bay Buccaneers,buf,tam,24,18,Sean McDermott,Todd Bowles,Highmark Stadium,70416,3:07,outdoors,a_turf,"66 degrees, relative humidity 60%, wind 10 mph",QB,Josh Allen,AlleJo02,RB,Latavius Murray,MurrLa00,WR,Gabe Davis,DaviGa01,WR,Stefon Diggs,DiggSt00,WR,Khalil Shakir,ShakKh00,TE,Dalton Kincaid,KincDa00,T,Spencer Brown,BrowSp00,T,Dion Dawkins,DawkDi00,G,O'Cyrus Torrence,TorrOC00,G,Connor McGovern,McGoCo01,C,Mitch Morse,MorsMi00,DE,Gregory Rousseau,RousGr00,DE,Leonard Floyd,FloyLe00,DT,Ed Oliver,OlivEd00,DT,Jordan Phillips,PhilJo01,LB,Tyrel Dodson,DodsTy01,LB,Terrel Bernard,BernTe00,CB,Taron Johnson,JohnTa01,CB,Dane Jackson,JackDa02,CB,Christian Benford,BenfCh00,S,Jordan Poyer,PoyeJo00,S,Micah Hyde,HydeMi00,QB,Baker Mayfield,MayfBa00,RB,Rachaad White,WhitRa01,WR,Mike Evans,EvanMi00,WR,Trey Palmer,PalmTr00,WR,Chris Godwin,GodwCh00,TE,Cade Otton,OttoCa00,OL,Robert Hainsey,HainRo00,T,Tristan Wirfs,WirfTr00,G,Cody Mauch,MaucCo00,G,Aaron Stinnie,StinAa00,G,Luke Goedeke,GoedLu00,DL,Calijah Kancey,KancCa00,DL,Greg Gaines,GainGr00,OLB,Shaquil Barrett,BarrSh00,OLB,Joe Tryon-Shoyinka,TryoJo00,LB,Devin White,WhitDe02,LB,Lavonte David,DaviLa00,CB,Jamel Dean,DeanJa00,CB,Carlton Davis,DaviCa02,S,Christian Izien,IzieCh00,S,Ryan Neal,NealRy00,S,Antoine Winfield Jr.,WinfAn00,Referee,Scott Novak,Umpire,Mark Pellis,Down Judge,Brian Sakowski,Line Judge,Mark Stewart,Back Judge,Terrence Miles,Side Judge,David Meslow,Field Judge,Tra Boger
202310290car,2023-10-29,Sunday,1:00pm,Carolina Panthers,Houston Texans,car,htx,15,13,Frank Reich,DeMeco Ryans,Bank of America Stadium,71505,2:57,outdoors,grass,"77 degrees, relative humidity 50%, wind 14 mph",QB,Bryce Young,YounBr01,RB,Chuba Hubbard,HubbCh01,WR,Adam Thielen,ThieAd00,WR,DJ Chark,CharDJ00,WR,Jonathan Mingo,MingJo00,TE,Hayden Hurst,HursHa00,OL,Bradley Bozeman,BozeBr00,T,Ikem Ekwonu,EkwoIk00,T,Taylor Moton,MotoTa00,G,Austin Corbett,CorbAu00,G,Calvin Throckmorton,ThroCa01,DT,Shy Tuttle,TuttSh00,DT,Derrick Brown,BrowDe05,OLB,Justin Houston,HousJu00,OLB,Brian Burns,BurnBr00,LB,Deion Jones,JoneDe01,LB,Frankie Luvu,LuvuFr00,CB,C.J. Henderson,HendCJ00,CB,Troy Hill,HillTr01,CB,Donte Jackson,JackDo02,S,Sam Franklin,FranSa00,S,Xavier Woods,WoodXa00,QB,C.J. Stroud,StroCJ00,RB,Dameon Pierce,PierDa01,WR,Noah Brown,BrowNo00,WR,Nico Collins,CollNi00,WR,Tank Dell,DellNa00,TE,Dalton Schultz,SchuDa00,OL,Jarrett Patterson,PattJa03,T,Tytus Howard,HowaTy00,T,Laremy Tunsil,TunsLa00,T,George Fant,FantGe00,G,Shaq Mason,MasoSh01,DE,Will Anderson,AndeWi01,DE,Jonathan Greenard,GreeJo04,DT,Kurt Hinish,HiniKu00,DT,Maliek Collins,CollMa00,LB,Christian Harris,HarrCh06,LB,Henry To'oTo'o,TooTHe00,LB,Blake Cashman,CashBl00,CB,Steven Nelson,NelsSt01,CB,Shaquill Griffin,GrifSh00,S,Jalen Pitre,PitrJa00,S,Jimmie Ward,WardJi01,Referee,John Hussey,Umpire,Carl Paganelli,Down Judge,Frank LeBlanc,Line Judge,Carl Johnson,Back Judge,Matt Edwards,Side Judge,Allen Baynes,Field Judge,Anthony Flemming
202310290clt,2023-10-29,Sunday,1:00pm,Indianapolis Colts,New Orleans Saints,clt,nor,27,38,Shane Steichen,Dennis Allen,Lucas Oil Stadium,65427,3:14,retractable roof (closed),fieldturf,,QB,Gardner Minshew II,MinsGa00,RB,Jonathan Taylor,TaylJo02,WR,Alec Pierce,PierAl00,WR,Michael Pittman Jr.,PittMi01,WR,Josh Downs,DownJo00,TE,Andrew Ogletree,OgleAn00,OL,Will Fries,FrieWi00,T,Blake Freeland,FreeBl00,T,Bernhard Raimann,RaimBe00,G,Quenton Nelson,NelsQu00,C,Ryan Kelly,KellRy00,DE,Samson Ebukam,EbukSa00,DE,Kwity Paye,PayeKw00,DT,DeForest Buckner,BuckDe00,DT,Taven Bryan,BryaTa00,LB,Zaire Franklin,FranZa00,LB,Shaquille Leonard,LeonDa00,CB,Tony Brown,BrowTo01,CB,Kenny Moore,MoorKe03,CB,Jaylon Jones,JoneJa13,S,Julian Blackmon,BlacJu01,S,Rodney Thomas II,ThomRo07,QB,Derek Carr,CarrDe02,RB,Alvin Kamara,KamaAl00,WR,Chris Olave,OlavCh00,TE,Taysom Hill,HillTa00,TE,Juwan Johnson,JohnJu02,TE,Foster Moreau,MoreFo00,OL,Cesar Ruiz,RuizCe00,OL,Erik McCoy,McCoEr01,OL,Andrus Peat,PeatAn00,T,Ryan Ramczyk,RamcRy00,G,Max Garcia,GarcMa00,DE,Carl Granderson,GranCa01,DE,Cameron Jordan,JordCa00,DT,Nathan Shepherd,ShepNa00,DT,Khalen Saunders,SaunKh00,LB,Pete Werner,WernPe00,LB,Demario Davis,DaviDe00,CB,Marshon Lattimore,LattMa01,CB,Alontae Taylor,TaylAl01,CB,Paulson Adebo,AdebPa00,DB,Jordan Howden,HowdJo00,S,Tyrann Mathieu,MathTy00,Referee,Craig Wrolstad,Umpire,Steve Woods,Down Judge,Jim Mello,Line Judge,Tripp Sutter,Back Judge,Grantis Bell,Side Judge,Frank Steratore,Field Judge,Jeff Shears
202310290crd,2023-10-29,Sunday,4:25pm,Arizona Cardinals,Baltimore Ravens,crd,rav,24,31,Jonathan Gannon,John Harbaugh,State Farm Stadium,63064,3:10,retractable roof (closed),grass,,QB,Joshua Dobbs,DobbJo00,RB,Emari Demercado,DemeEm00,WR,Marquise Brown,BrowMa04,WR,Michael Wilson,WilsMi02,WR,Rondale Moore,MoorRo02,TE,Trey McBride,McBrTr01,OL,Trystan Colon,ColoTr01,OL,Hjalte Froholdt,FrohHj00,OL,Will Hernandez,HernWi00,OL,D.J. Humphries,,OL,Paris Johnson,JohnPa03,DL,Jonathan Ledbetter,LedbJo01,DT,Leki Fotu,FotuLe00,DT,Dante Stills,StilDa01,OLB,Dennis Gardeck,GardDe01,LB,Zaven Collins,CollZa00,LB,Kyzir White,WhitKy00,CB,Antonio Hamilton,HamiAn01,CB,Garrett Williams,WillGa00,CB,Marco Wilson,WilsMa04,S,Jalen Thompson,ThomJa04,S,Budda Baker,BakeBu00,QB,Lamar Jackson,JackLa00,RB,Justice Hill,HillJu00,WR,Odell Beckham Jr.,BeckOd00,WR,Zay Flowers,FlowZa00,TE,Mark Andrews,AndrMa00,TE,Isaiah Likely,LikeIs00,T,Ronnie Stanley,StanRo00,T,Morgan Moses,MoseMo00,G,Kevin Zeitler,ZeitKe00,G,John Simpson,SimpJo00,C,Tyler Linderbaum,LindTy00,DT,Nnamdi Madubuike,MaduJu00,NT,Michael Pierce,PierMi00,OLB,Odafe Oweh,OwehJa00,OLB,Jadeveon Clowney,ClowJa00,LB,Patrick Queen,QueePa00,LB,Roquan Smith,SmitRo07,CB,Arthur Maulet,MaulAr00,CB,Marlon Humphrey,HumpMa00,DB,Brandon Stephens,StepBr01,S,Kyle Hamilton,HamiKy00,S,Geno Stone,StonGe00,Referee,Tra Blake,Umpire,Tony Michalek,Down Judge,Patrick Turner,Line Judge,Daniel Gallagher,Back Judge,Todd Prukop,Side Judge,Don Willard,Field Judge,Tom Hill
202310290dal,2023-10-29,Sunday,1:00pm,Dallas Cowboys,Los Angeles Rams,dal,ram,43,20,Mike McCarthy,Sean McVay,AT&amp;T Stadium,93448,2:57,retractable roof (closed),matrixturf,,QB,Dak Prescott,PresDa01,RB,Tony Pollard,PollTo00,WR,Brandin Cooks,CookBr00,WR,Michael Gallup,GallMi00,WR,CeeDee Lamb,LambCe00,TE,Jake Ferguson,FergJa00,OL,Tyler Smith,SmitTy02,T,Terence Steele,SteeTe01,G,Chuma Edoga,EdogCh00,G,Zack Martin,MartZa00,C,Tyler Biadasz,BiadTy00,DE,DeMarcus Lawrence,LawrDe00,DT,Johnathan Hankins,HankJo00,DT,Osa Odighizuwa,OdigOs00,LB,Micah Parsons,ParsMi00,LB,Damone Clark,ClarDa02,CB,Jourdan Lewis,LewiJo01,CB,Stephon Gilmore,GilmSt00,CB,DaRon Bland,BlanDa00,S,Jayron Kearse,KearJa00,S,Malik Hooker,HookMa00,S,Markquese Bell,BellMa01,QB,Matthew Stafford,StafMa00,RB,Darrell Henderson,HendDa00,WR,Tutu Atwell,AtweTu00,WR,Cooper Kupp,KuppCo00,WR,Puka Nacua,NacuPu00,TE,Tyler Higbee,HigbTy00,OL,Kevin Dotson,DotsKe00,T,Alaric Jackson,JackAl01,T,Joseph Noteboom,NoteJo00,G,Steve Avila,AvilSt00,G,Coleman Shelton,ShelCo00,DT,Aaron Donald,DonaAa00,NT,Kobie Turner,TurnKo00,OLB,Byron Young,YounBy01,OLB,Michael Hoecht,HoecMi00,LB,Christian Rozeboom,RozeCh00,LB,Ernest Jones,JoneEr01,DB,Derion Kendrick,KendDe00,DB,Jordan Fuller,FullJo01,DB,Ahkello Witherspoon,WithAh00,DB,Russ Yeast,YeasRu00,DB,Cobie Durant,DuraDe01,Referee,Adrian Hill,Umpire,Roy Ellison,Down Judge,David Oliver,Line Judge,Brett Bergman,Back Judge,Greg Steed,Side Judge,Jim Quirk,Field Judge,Mearl Robinson
202310290den,2023-10-29,Sunday,4:25pm,Denver Broncos,Kansas City Chiefs,den,kan,24,9,Sean Payton,Andy Reid,Empower Field at Mile High,76286,3:00,outdoors,grass,"26 degrees, relative humidity 55%, wind 7 mph",QB,Russell Wilson,WilsRu00,RB,Javonte Williams,WillJa10,WR,Courtland Sutton,SuttCo00,TE,Adam Trautman,TrauAd00,TE,Chris Manhertz,ManhCh00,OL,Quinn Meinerz,MeinQu02,T,Mike McGlinchey,McGlMi00,T,Garett Bolles,BollGa00,T,Quinn Bailey,BailQu00,G,Ben Powers,PoweBe00,C,Lloyd Cushenberry III,CushLl00,DE,Zach Allen,AlleZa01,DT,D.J. Jones,,OLB,Jonathon Cooper,CoopJo02,OLB,Baron Browning,BrowBa01,LB,Josey Jewell,JeweJo00,LB,Drew Sanders,SandDr00,LB,Alex Singleton,SingAl00,CB,Fabian Moreau,MoreFa00,CB,Patrick Surtain II,SurtPa01,S,P.J. Locke,LockPJ00,S,Justin Simmons,SimmJu00,QB,Patrick Mahomes,MahoPa00,RB,Isiah Pacheco,PachIs00,WR,Marquez Valdes-Scantling,ValdMa00,WR,Rashee Rice,RiceRa01,TE,Noah Gray,GrayNo00,TE,Travis Kelce,KelcTr00,T,Jawaan Taylor,TaylJa02,T,Donovan Smith,SmitDo02,G,Joe Thuney,ThunJo00,G,Trey Smith,SmitTr05,C,Creed Humphrey,HumpCr00,DE,Michael Danna,DannMi00,DE,George Karlaftis III,KarlGe00,DT,Derrick Nnadi,NnadDe00,DT,Chris Jones,JoneCh09,LB,Leo Chenal,ChenLe00,LB,Willie Gay Jr.,GayJWi00,LB,Drue Tranquill,TranDr00,CB,Trent McDuffie,McDuTr00,CB,L'Jarius Sneed,SneeLJ00,S,Justin Reid,ReidJu00,S,Bryan Cook,CookBr02,Referee,Brad Allen,Umpire,Duane Heydt,Down Judge,Sarah Thomas,Line Judge,Walter Flowers,Back Judge,Greg Yette,Side Judge,Boris Cheek,Field Judge,Rick Patterson
202310290gnb,2023-10-29,Sunday,1:00pm,Green Bay Packers,Minnesota Vikings,gnb,min,10,24,Matt LaFleur,Kevin O'Connell,Lambeau Field,78113,3:08,outdoors,grass,"39 degrees, relative humidity 62%, wind 8 mph",QB,Jordan Love,LoveJo03,RB,Aaron Jones,JoneAa00,WR,Christian Watson,WatsCh00,WR,Romeo Doubs,DoubRo00,WR,Jayden Reed,ReedJa03,TE,Luke Musgrave,MusgLu00,OL,Josh Myers,MyerJo00,OL,Zach Tom,TomxZa00,OL,Elgton Jenkins,JenkEl00,T,Rasheed Walker,WalkRa00,G,Jon Runyan Jr.,RunyJo00,DL,Tedarrell Slaton,SlatTe00,DL,Kenny Clark,ClarKe01,LB,Rashan Gary,GaryRa00,LB,Preston Smith,SmitPr00,LB,Quay Walker,WalkQu00,LB,De'Vondre Campbell,CampDe00,CB,Jaire Alexander,AlexJa00,CB,Keisean Nixon,NixoKe00,CB,Rasul Douglas,DougRa00,S,Rudy Ford,FordRu00,S,Jonathan Owens,OwenJo01,QB,Kirk Cousins,CousKi00,RB,Alexander Mattison,MattAl01,WR,Jordan Addison,AddiJo00,WR,Brandon Powell,PoweBr00,WR,K.J. Osborn,OsboKJ00,TE,T.J. Hockenson,HockTJ00,T,Christian Darrisaw,DarrCh00,T,Brian O'Neill,ONeiBr00,G,Dalton Risner,RisnDa00,G,Ed Ingram,IngrEd00,C,Garrett Bradbury,BradGa00,DL,Harrison Phillips,PhilHa00,DL,Jonathan Bullard,BullJo00,OLB,Danielle Hunter,HuntDa01,OLB,D.J. Wonnum,WonnDJ00,LB,Jordan Hicks,HickJo00,LB,Ivan Pace,PaceIv00,CB,Byron Murphy,MurpBy00,CB,Akayleb Evans,EvanAk00,S,Josh Metellus,MeteJo00,S,Camryn Bynum,BynuCa00,S,Harrison Smith,SmitHa00,Referee,Shawn Hochuli,Umpire,Terry Killens,Down Judge,Patrick Holt,Line Judge,Tim Podraza,Back Judge,Rich Martinez,Side Judge,Chad Hill,Field Judge,Jason Ledet
202310290mia,2023-10-29,Sunday,1:00pm,Miami Dolphins,New England Patriots,mia,nwe,31,17,Mike McDaniel,Bill Belichick,Hard Rock Stadium,65836,3:02,outdoors,grass,"83 degrees, relative humidity 68%, wind 17 mph",QB,Tua Tagovailoa,TagoTu00,RB,Raheem Mostert,MostRa00,FB,Alec Ingold,IngoAl01,WR,Jaylen Waddle,WaddJa00,WR,Tyreek Hill,HillTy00,TE,Durham Smythe,SmytDu00,OL,Liam Eichenberg,EichLi00,OL,Robert Hunt,HuntRo01,OL,Austin Jackson,JackAu00,T,Kendall Lamm,LammKe00,G,Lester Cotton,CottLe00,DT,Christian Wilkins,WilkCh00,DT,Zach Sieler,SielZa00,LB,Jerome Baker,BakeJe00,LB,Jaelan Phillips,PhilJa02,LB,David Long,LongDa04,LB,Bradley Chubb,ChubBr00,CB,Jalen Ramsey,RamsJa00,CB,Kader Kohou,KohoKa00,CB,Eli Apple,ApplEl00,S,Brandon Jones,JoneBr06,S,DeShon Elliott,ElliDe02,QB,Mac Jones,JoneMa05,RB,Rhamondre Stevenson,StevRh00,WR,Kendrick Bourne,BourKe00,WR,DeMario Douglas,DougDe00,WR,DeVante Parker,ParkDe01,TE,Hunter Henry,HenrHu00,OL,Trent Brown,BrowTr02,OL,Cole Strange,StraCo01,OL,Sidy Sow,SowxSi00,OL,Michael Onwenu,OnweMi00,C,David Andrews,AndrDa00,DL,Davon Godchaux,GodcDa00,DL,Lawrence Guy,GuyxLa00,DE,Keion White,WhitKe03,LB,Ja'Whaun Bentley,BentJa00,LB,Jahlani Tavai,TavaJa00,LB,Anfernee Jennings,JennAn00,CB,J.C. Jackson,,DB,Jabrill Peppers,PeppJa00,DB,Jalen Mills,MillJa02,DB,Jonathan Jones,JoneJo03,DB,Kyle Dugger,DuggKy00,Referee,Land Clark,Umpire,Paul King,Down Judge,Tom Stephan,Line Judge,Brian Bolinger,Back Judge,Brad Freeman,Side Judge,Dominique Pender,Field Judge,Jabir Walker
202310290nyg,2023-10-29,Sunday,1:00pm,New York Giants,New York Jets,nyg,nyj,10,13,Brian Daboll,Robert Saleh,MetLife Stadium,83367,3:28,outdoors,fieldturf,"52 degrees, relative humidity 89%, wind 6 mph",QB,Tyrod Taylor,TaylTy00,RB,Saquon Barkley,BarkSa00,WR,Darius Slayton,SlayDa01,WR,Wan'Dale Robinson,RobiWa01,TE,Daniel Bellinger,BellDa00,TE,Darren Waller,WallDa01,OL,Justin Pugh,PughJu00,T,Tyre Phillips,PhilTy00,G,Mark Glowinski,GlowMa00,G,Ben Bredeson,BredBe00,C,John Michael Schmitz,MichJo00,DL,A'Shawn Robinson,RobiAS00,DL,Dexter Lawrence,LawrDe03,DL,Leonard Williams,WillLe02,OLB,Kayvon Thibodeaux,ThibKa00,OLB,Jihad Ward,WardJi02,LB,Bobby Okereke,OkerBo00,LB,Micah McFadden,McFaMi01,CB,Deonte Banks,BankDe00,CB,Adoree' Jackson,JackAd00,S,Xavier McKinney,McKiXa00,S,Jason Pinnock,PinnJa01,QB,Zach Wilson,WilsZa00,RB,Breece Hall,HallBr03,WR,Garrett Wilson,WilsGa00,WR,Allen Lazard,LazaAl00,TE,C.J. Uzomah,,TE,Jeremy Ruckert,RuckJe00,OL,Wes Schweitzer,SchwWe00,OL,Max Mitchell,MitcMa02,T,Mekhi Becton,BectMe00,G,Laken Tomlinson,TomlLa01,C,Connor McGovern,McGoCo00,DL,Quinton Jefferson,JeffQu00,DL,John Franklin-Myers,FranJo02,DL,Quinnen Williams,WillQu00,LB,Jermaine Johnson II,JohnJe07,LB,C.J. Mosley,,LB,Quincy Williams,WillQu01,CB,D.J. Reed,,CB,Sauce Gardner,GardSa00,S,Jordan Whitehead,WhitJo03,S,Ashtyn Davis,DaviAs00,S,Tony Adams,AdamTo03,Referee,Shawn Smith,Umpire,Bryan Neale,Down Judge,Jay Bilbo,Line Judge,Jeff Seeman,Back Judge,Dino Paganelli,Side Judge,Clay Reynard,Field Judge,Dyrol Prioleau
202310290oti,2023-10-29,Sunday,1:00pm,Tennessee Titans,Atlanta Falcons,oti,atl,28,23,Mike Vrabel,Arthur Smith,Nissan Stadium,68008,3:12,outdoors,grass,"77 degrees, relative humidity 52%, wind 7 mph",QB,Will Levis,LeviWi00,RB,Derrick Henry,HenrDe00,WR,DeAndre Hopkins,HopkDe00,WR,Treylon Burks,BurkTr00,TE,Trevon Wesco,WescTr00,TE,Chig Okonkwo,OkonCh00,OL,Daniel Brunskill,BrunDa00,OL,Chris Hubbard,HubbCh00,OL,Aaron Brewer,BrewAa01,OL,Nicholas Petit-Frere,PetiNi00,OL,Peter Skoronski,SkorPe00,DL,Denico Autry,AutrDe00,DT,Kyle Peko,PekoKy00,DT,Jeffery Simmons,SimmJe01,OLB,Arden Key,KeyxAr00,LB,Jack Gibbens,GibbJa00,LB,Azeez Al-Shaair,AlShAz00,CB,Kristian Fulton,FultKr00,CB,Sean Murphy-Bunting,BuntSe00,CB,Elijah Molden,MoldEl00,DB,Eric Garror,GarrEr00,DB,Amani Hooker,HookAm00,QB,Desmond Ridder,RiddDe00,RB,Bijan Robinson,RobiBi01,WR,Van Jefferson,JeffVa00,WR,Drake London,LondDr00,TE,Jonnu Smith,SmitJo01,TE,Kyle Pitts,PittKy00,OL,Matthew Bergeron,BergMa00,OL,Drew Dalman,DalmDr00,T,Kaleb McGary,McGaKa00,T,Jake Matthews,MattJa00,G,Chris Lindstrom,LindCh00,DL,Grady Jarrett,JarrGr00,DL,David Onyemata,OnyeDa00,DL,Calais Campbell,CampCa99,OLB,Arnold Ebiketie,EbikAr00,OLB,Bud Dupree,DuprAl00,LB,Nathan Landman,LandNa01,LB,Kaden Elliss,ElliKa00,CB,Jeff Okudah,OkudJe00,CB,AJ Terrell,TerrAJ00,S,Jessie Bates III,BateJe00,S,Richie Grant,GranRi00,Referee,Clay Martin,Umpire,James Carter,Down Judge,Jerod Phillips,Line Judge,Greg Bradley,Back Judge,Greg Wilson,Side Judge,Dave Hawkshaw,Field Judge,Alonzo Ramsey
202310290pit,2023-10-29,Sunday,1:00pm,Pittsburgh Steelers,Jacksonville Jaguars,pit,jax,10,20,Mike Tomlin,Doug Pederson,Acrisure Stadium,67225,3:14,outdoors,grass,"58 degrees, relative humidity 95%, wind 2 mph",QB,Kenny Pickett,PickKe00,RB,Najee Harris,HarrNa00,WR,Allen Robinson,RobiAl02,WR,Diontae Johnson,JohnDi01,WR,George Pickens,PickGe00,TE,Connor Heyward,HeywCo00,OL,James Daniels,DaniJa01,OL,Chukwuma Okorafor,OkorCh00,T,Dan Moore,MoorDa05,G,Isaac Seumalo,SeumIs00,C,Mason Cole,ColeMa02,DE,DeMarvin Leal,LealDe00,DT,Montravius Adams,AdamMo00,DT,Larry Ogunjobi,OgunLa00,LB,T.J. Watt,,LB,Elandon Roberts,RobeEl00,LB,Cole Holcomb,HolcCo00,LB,Alex Highsmith,HighAl02,CB,Patrick Peterson,PetePa00,CB,Joey Porter Jr.,PortJo02,S,Keanu Neal,NealKe01,S,Minkah Fitzpatrick,FitzMi00,QB,Trevor Lawrence,LawrTr00,RB,Travis Etienne,EtieTr00,WR,Christian Kirk,KirkCh01,WR,Calvin Ridley,RidlCa00,TE,Evan Engram,EngrEv00,TE,Luke Farrell,FarrLu00,OL,Tyler Shatley,ShatTy00,OL,Luke Fortner,FortLu01,OL,Brandon Scherff,ScheBr00,OL,Cam Robinson,RobiCa00,T,Anton Harrison,HarrAn00,DL,Folorunso Fatukasi,FatuFo00,DL,Roy Robertson-Harris,RobeRo00,OLB,Travon Walker,WalkTr03,OLB,Josh Hines-Allen,AlleJo03,LB,Foyesade Oluokun,OluoFo00,LB,Devin Lloyd,LloyDe00,CB,Montaric Brown,BrowMo00,CB,Darious Williams,WillDa09,CB,Tre Herndon,HernTr00,S,Rayshawn Jenkins,JenkRa00,S,Andrew Wingard,WingAn01,Referee,Alan Eck,Umpire,Tab Slaughter,Down Judge,Fred Bryan,Line Judge,Robin DeLorenzo,Back Judge,Greg Meyer,Side Judge,Dale Shaw,Field Judge,John Jenkins
202310290sdg,2023-10-29,Sunday,8:20pm,Los Angeles Chargers,Chicago Bears,sdg,chi,30,13,Brandon Staley,Matt Eberflus,SoFi Stadium,70240,2:55,dome,matrixturf,,QB,Justin Herbert,HerbJu00,RB,Austin Ekeler,EkelAu00,WR,Keenan Allen,AlleKe00,WR,Josh Palmer,PalmJo00,TE,Stone Smartt,SmarSt00,TE,Donald Parham,ParhDo00,OL,Will Clapp,ClapWi00,OL,Jamaree Salyer,SalyJa00,T,Rashawn Slater,SlatRa00,T,Trey Pipkins,PipkTr00,G,Zion Johnson,JohnZi00,DL,Nick Williams,WillNi01,DL,Austin Johnson,JohnAu01,DL,Sebastian Joseph-Day,JoseSe00,OLB,Joey Bosa,BosaJo00,OLB,Khalil Mack,MackKh00,LB,Kenneth Murray,MurrKe00,LB,Eric Kendricks,KendEr00,CB,Asante Samuel Jr.,SamuAs00,CB,Michael Davis,DaviMi03,S,Derwin James,JameDe00,S,Alohi Gilman,GilmAl00,QB,Tyson Bagent,BageTy00,RB,D'Onta Foreman,ForeDO00,WR,D.J. Moore,,WR,Darnell Mooney,MoonDa00,TE,Marcedes Lewis,LewiMa00,TE,Cole Kmet,KmetCo00,OL,Darnell Wright,WrigDa00,OL,Cody Whitehair,WhitCo03,OL,Lucas Patrick,PatrLu00,OL,Teven Jenkins,JenkTe00,OL,Larry Borom,BoroLa00,DL,Justin Jones,JoneJu03,DL,Yannick Ngakoue,NgakYa00,DL,DeMarcus Walker,WalkDe03,DL,Andrew Billings,BillAn00,LB,T.J. Edwards,EdwaTJ02,LB,Tremaine Edmunds,EdmuTr01,LB,Jack Sanborn,SanbJa00,DB,Jaylon Johnson,JohnJa13,DB,Elijah Hicks,HickEl00,DB,Tyrique Stevenson,StevTy01,S,Duron Harmon,HarmDu00,Referee,Brad Rogers,Umpire,Ramon George,Down Judge,Kent Payne,Line Judge,Kevin Codey,Back Judge,Tyree Walton,Side Judge,Anthony Jeffries,Field Judge,Aaron Santi
202310290sea,2023-10-29,Sunday,4:05pm,Seattle Seahawks,Cleveland Browns,sea,cle,24,20,Pete Carroll,Kevin Stefanski,Lumen Field,68807,3:02,outdoors,fieldturf,"47 degrees, relative humidity 60%, wind 3 mph",QB,Geno Smith,SmitGe00,RB,Kenneth Walker III,WalkKe00,WR,D.K. Metcalf,MetcDK00,WR,Tyler Lockett,LockTy00,TE,Will Dissly,DissWi00,TE,Noah Fant,FantNo00,T,Charles Cross,CrosCh00,T,Stone Forsythe,ForsSt00,G,Anthony Bradford,BradAn00,G,Damien Lewis,LewiDa05,C,Evan Brown,BrowEv00,DE,Dre'Mont Jones,JoneDr00,DE,Jarran Reed,ReedJa02,LB,Boye Mafe,MafeBo00,LB,Jordyn Brooks,BrooJo01,LB,Darrell Taylor,TaylDa00,LB,Bobby Wagner,WagnBo00,CB,Devon Witherspoon,WithDe00,CB,Riq Woolen,WoolTa00,SS,Jamal Adams,AdamJa00,FS,Quandre Diggs,DiggQu00,S,Julian Love,LoveJu00,QB,P.J. Walker,WalkPh00,RB,Kareem Hunt,HuntKa00,WR,Amari Cooper,CoopAm00,WR,Donovan Peoples-Jones,PeopDo00,WR,Elijah Moore,MoorEl00,TE,David Njoku,NjokDa00,T,Jedrick Wills Jr.,WillJe04,T,Dawand Jones,JoneDa07,G,Wyatt Teller,TellWy00,G,Joel Bitonio,BitoJo00,C,Ethan Pocic,PociEt00,DE,Myles Garrett,GarrMy00,DE,Za'Darius Smith,SmitZa00,DT,Jordan Elliott,ElliJo02,DT,Dalvin Tomlinson,TomlDa00,LB,Jeremiah Owusu-Koramoah,OwusJe00,LB,Anthony Walker,WalkAn01,CB,Greg Newsome II,NewsGr00,CB,Denzel Ward,WardDe02,S,Rodney McLeod,McLeRo00,S,Juan Thornhill,ThorJu00,S,Grant Delpit,DelpGr00,Referee,Bill Vinovich,Umpire,Alex Moore,Down Judge,Dale Keller,Line Judge,Mark Perlman,Back Judge,Jimmy Russell,Side Judge,Jimmy Buchanan,Field Judge,Joe Blubaugh
202310290sfo,2023-10-29,Sunday,4:25pm,San Francisco 49ers,Cincinnati Bengals,sfo,cin,17,31,Kyle Shanahan,Zac Taylor,Levi's Stadium,71655,2:54,outdoors,grass,"74 degrees, relative humidity 15%, wind 10 mph",QB,Brock Purdy,PurdBr00,RB,Christian McCaffrey,McCaCh01,FB,Kyle Juszczyk,JuszKy00,WR,Brandon Aiyuk,AiyuBr00,WR,Jauan Jennings,JennJa00,TE,George Kittle,KittGe00,OL,Aaron Banks,BankAa00,OL,Jake Brendel,BrenJa01,OL,Spencer Burford,BurfSp00,OL,Jaylon Moore,MoorJa04,OL,Colton McKivitz,McKiCo00,DL,Arik Armstead,ArmsAr01,DL,Javon Hargrave,HargJa00,DL,Clelin Ferrell,FerrCl00,DL,Nick Bosa,BosaNi00,LB,Dre Greenlaw,GreeDr00,LB,Fred Warner,WarnFr00,CB,Isaiah Oliver,OlivIs00,CB,Charvarius Ward,WardCh01,DB,Deommodore Lenoir,LenoDe00,S,Talanoa Hufanga,HufaTa00,S,Tashaun Gipson,GipsTa00,QB,Joe Burrow,BurrJo01,RB,Joe Mixon,MixoJo00,WR,Ja'Marr Chase,ChasJa00,WR,Tee Higgins,HiggTe00,WR,Tyler Boyd,BoydTy00,TE,Irv Smith Jr.,SmitIr01,T,Orlando Brown Jr.,BrowOr00,T,Jonah Williams,WillJo10,G,Alex Cappa,CappAl00,G,Cordell Volson,VolsCo02,C,Ted Karras,KarrTe00,DE,Sam Hubbard,HubbSa00,DE,Trey Hendrickson,HendTr00,DT,D.J. Reader,,DT,B.J. Hill,,DT,Zachary Carter,CartZa00,LB,Germaine Pratt,PratGe00,LB,Logan Wilson,WilsLo00,CB,Cam Taylor-Britt,TaylCa01,CB,DJ Turner,TurnDJ01,S,Daxton Hill,HillDa04,S,Nick Scott,ScotNi01,Referee,Ron Torbert,Umpire,Barry Anderson,Down Judge,Max Causey,Line Judge,Maia Chaka,Back Judge,Tony Josselyn,Side Judge,Keith Washington,Field Judge,Ryan Dickson
202310290was,2023-10-29,Sunday,1:00pm,Washington Commanders,Philadelphia Eagles,was,phi,31,38,Ron Rivera,Nick Sirianni,FedExField,64653,3:14,outdoors,grass,"69 degrees, relative humidity 77%, wind 4 mph",QB,Sam Howell,HoweSa00,RB,Brian Robinson Jr.,RobiBr01,WR,Jahan Dotson,DotsJa00,WR,Curtis Samuel,SamuCu00,WR,Terry McLaurin,McLaTe00,TE,Logan Thomas,ThomLo00,OL,Andrew Wylie,WyliAn00,T,Samuel Cosmi,CosmSa00,T,Charles Leno Jr.,LenoCh00,G,Chris Paul,PaulCh00,C,Tyler Larsen,LarsTy00,DE,Chase Young,YounCh04,DE,Montez Sweat,SweaMo00,DT,Jonathan Allen,AlleJo01,DT,Daron Payne,PaynDa00,LB,David Mayo,MayoDa00,LB,Khaleke Hudson,HudsKh00,LB,Jamin Davis,DaviJa11,CB,Benjamin St-Juste,StJuBe00,CB,Kendall Fuller,FullKe00,S,Kamren Curl,CurlKa00,S,Percy Butler,ButlPe00,QB,Jalen Hurts,HurtJa00,RB,D'Andre Swift,SwifDA00,WR,A.J. Brown,BrowAJ00,WR,DeVonta Smith,SmitDe07,TE,Jack Stoll,StolJa00,TE,Dallas Goedert,GoedDa00,T,Jordan Mailata,MailJo00,T,Lane Johnson,JohnLa01,G,Sua Opeta,OpetIo00,G,Landon Dickerson,DickLa00,C,Jason Kelce,KelcJa00,DE,Josh Sweat,SweaJo00,DT,Milton Williams,WillMi08,DT,Jordan Davis,DaviJo03,DT,Fletcher Cox,CoxxFl00,OLB,Haason Reddick,ReddHa00,LB,Nakobe Dean,DeanNa00,CB,Darius Slay,SlayDa00,CB,James Bradberry,BradJa00,S,Kevin Byard,ByarKe01,S,Sydney Brown,BrowSy00,S,Reed Blankenship,BlanRe00,Referee,Carl Cheffers,Umpire,Brandon Cruse,Down Judge,Mike Carr,Line Judge,Tom Eaton,Back Judge,Martin Hankins,Side Judge,Eugene Hall,Field Judge,Nathan Jones
202310300det,2023-10-30,Monday,8:15pm,Detroit Lions,Las Vegas Raiders,det,rai,26,14,Dan Campbell,Josh McDaniels,Ford Field,66774,3:00,dome,fieldturf,,QB,Jared Goff,GoffJa00,RB,Jahmyr Gibbs,GibbJa01,WR,Jameson Williams,WillJa11,WR,Amon-Ra St. Brown,StxxAm00,WR,Josh Reynolds,ReynJo00,TE,Sam LaPorta,LaPoSa01,OL,Colby Sorsdal,SorsCo00,OL,Graham Glasgow,GlasGr00,T,Penei Sewell,SewePe00,T,Taylor Decker,DeckTa00,G,Kayode Awosika,AwosKa00,DL,Benito Jones,JoneBe03,DL,Alim McNeill,McNeAl00,DL,Aidan Hutchinson,HutcAi00,DL,John Cominsky,ComiJo00,LB,Julian Okwara,OkwaJu00,LB,Jack Campbell,CampJa04,LB,Alex Anzalone,AnzaAl00,CB,Jerry Jacobs,JacoJe00,CB,Cameron Sutton,SuttCa00,DB,Brian Branch,BranBr00,S,Kerby Joseph,JoseKe03,QB,Jimmy Garoppolo,GaroJi00,RB,Josh Jacobs,JacoJo01,WR,Davante Adams,AdamDa01,WR,Jakobi Meyers,MeyeJa01,TE,Austin Hooper,HoopAu00,TE,Michael Mayer,MayeMi00,T,Thayer Munford,MunfTh00,T,Kolton Miller,MillKo00,G,Greg Van Roten,VanRGr00,G,Dylan Parham,ParhDy00,C,Andre James,JameAn01,DE,Malcolm Koonce,KoonMa00,DE,Maxx Crosby,CrosMa00,DT,John Jenkins,JenkJo00,DT,Bilal Nichols,NichBi00,LB,Luke Masterson,MastLu00,LB,Robert Spillane,SpilRo00,CB,Nate Hobbs,HobbNa00,CB,Marcus Peters,PeteMa00,CB,Amik Robertson,RobeAm00,S,Tre'von Moehrig,MoehTr00,S,Marcus Epps,EppsMa00,Referee,Clete Blakeman,Umpire,Scott Campbell,Down Judge,Dana McKenzie,Line Judge,Julian Mapp,Back Judge,Jonah Monroe,Side Judge,Lo Van,Field Judge,Terry Brown
202311020pit,2023-11-02,Thursday,8:15pm,Pittsburgh Steelers,Tennessee Titans,pit,oti,20,16,Mike Tomlin,Mike Vrabel,Acrisure Stadium,65969,3:12,outdoors,grass,"40 degrees, relative humidity 58%, wind 5 mph",QB,Kenny Pickett,PickKe00,RB,Najee Harris,HarrNa00,WR,Allen Robinson,RobiAl02,WR,George Pickens,PickGe00,WR,Diontae Johnson,JohnDi01,TE,Connor Heyward,HeywCo00,OL,James Daniels,DaniJa01,T,Broderick Jones,JoneBr09,T,Dan Moore,MoorDa05,G,Isaac Seumalo,SeumIs00,C,Mason Cole,ColeMa02,DT,Larry Ogunjobi,OgunLa00,DT,Cameron Heyward,HeywCa01,DT,Montravius Adams,AdamMo00,LB,Cole Holcomb,HolcCo00,LB,Alex Highsmith,HighAl02,LB,Elandon Roberts,RobeEl00,LB,T.J. Watt,,CB,Patrick Peterson,PetePa00,CB,Joey Porter Jr.,PortJo02,S,Damontae Kazee,KazeDa00,S,Keanu Neal,NealKe01,QB,Will Levis,LeviWi00,RB,Derrick Henry,HenrDe00,WR,Treylon Burks,BurkTr00,WR,DeAndre Hopkins,HopkDe00,TE,Trevon Wesco,WescTr00,TE,Chig Okonkwo,OkonCh00,OL,Aaron Brewer,BrewAa01,OL,Daniel Brunskill,BrunDa00,OL,Peter Skoronski,SkorPe00,OL,Nicholas Petit-Frere,PetiNi00,T,Andre Dillard,DillAn00,DL,Denico Autry,AutrDe00,DT,Kyle Peko,PekoKy00,DT,Jeffery Simmons,SimmJe01,OLB,Arden Key,KeyxAr00,LB,Jack Gibbens,GibbJa00,LB,Azeez Al-Shaair,AlShAz00,CB,Elijah Molden,MoldEl00,CB,Kristian Fulton,FultKr00,CB,Sean Murphy-Bunting,BuntSe00,DB,Amani Hooker,HookAm00,S,Terrell Edmunds,EdmuTe00,Referee,John Hussey,Umpire,Carl Paganelli,Down Judge,Frank LeBlanc,Line Judge,Carl Johnson,Back Judge,Matt Edwards,Side Judge,Allen Baynes,Field Judge,Anthony Flemming
202311050atl,2023-11-05,Sunday,1:00pm,Atlanta Falcons,Minnesota Vikings,atl,min,28,31,Arthur Smith,Kevin O'Connell,Mercedes-Benz Stadium,69715,3:15,retractable roof (open),fieldturf,,QB,Taylor Heinicke,HeinTa00,RB,Bijan Robinson,RobiBi01,WR,Van Jefferson,JeffVa00,WR,Mack Hollins,HollMa00,TE,Kyle Pitts,PittKy00,TE,MyCole Pruitt,PruiMy00,OL,Matthew Bergeron,BergMa00,OL,Drew Dalman,DalmDr00,T,Jake Matthews,MattJa00,T,Kaleb McGary,McGaKa00,G,Chris Lindstrom,LindCh00,DL,Kentavius Street,StreKe00,DL,Calais Campbell,CampCa99,DL,David Onyemata,OnyeDa00,OLB,Arnold Ebiketie,EbikAr00,OLB,Bud Dupree,DuprAl00,LB,Nathan Landman,LandNa01,LB,Kaden Elliss,ElliKa00,CB,Jeff Okudah,OkudJe00,CB,AJ Terrell,TerrAJ00,S,Jessie Bates III,BateJe00,S,Richie Grant,GranRi00,QB,Jaren Hall,HallJa00,RB,Alexander Mattison,MattAl01,WR,Jordan Addison,AddiJo00,WR,K.J. Osborn,OsboKJ00,TE,T.J. Hockenson,HockTJ00,TE,Josh Oliver,OlivJo00,T,David Quessenberry,QuesDa00,T,Brian O'Neill,ONeiBr00,G,Dalton Risner,RisnDa00,G,Ed Ingram,IngrEd00,C,Garrett Bradbury,BradGa00,DL,Jonathan Bullard,BullJo00,DL,Harrison Phillips,PhilHa00,OLB,D.J. Wonnum,WonnDJ00,OLB,Danielle Hunter,HuntDa01,LB,Ivan Pace,PaceIv00,LB,Jordan Hicks,HickJo00,CB,Byron Murphy,MurpBy00,CB,Akayleb Evans,EvanAk00,S,Josh Metellus,MeteJo00,S,Harrison Smith,SmitHa00,S,Camryn Bynum,BynuCa00,Referee,Shawn Smith,Umpire,Bryan Neale,Down Judge,Jay Bilbo,Line Judge,Jeff Seeman,Back Judge,Dino Paganelli,Side Judge,Clay Reynard,Field Judge,Dyrol Prioleau
202311050car,2023-11-05,Sunday,4:05pm,Carolina Panthers,Indianapolis Colts,car,clt,13,27,Frank Reich,Shane Steichen,Bank of America Stadium,72301,3:01,outdoors,grass,"75 degrees, relative humidity 31%, wind 2 mph",QB,Bryce Young,YounBr01,RB,Chuba Hubbard,HubbCh01,WR,DJ Chark,CharDJ00,WR,Adam Thielen,ThieAd00,WR,Jonathan Mingo,MingJo00,TE,Hayden Hurst,HursHa00,OL,Bradley Bozeman,BozeBr00,T,Ikem Ekwonu,EkwoIk00,T,Taylor Moton,MotoTa00,G,Austin Corbett,CorbAu00,G,Calvin Throckmorton,ThroCa01,DT,Derrick Brown,BrowDe05,DT,DeShawn Williams,WillDe04,DT,Shy Tuttle,TuttSh00,OLB,DJ Johnson,JohnDJ00,OLB,Brian Burns,BurnBr00,LB,Frankie Luvu,LuvuFr00,CB,Donte Jackson,JackDo02,CB,C.J. Henderson,HendCJ00,S,Jammie Robinson,RobiJa03,S,Alex Cook,CookAl00,S,Xavier Woods,WoodXa00,QB,Gardner Minshew II,MinsGa00,RB,Jonathan Taylor,TaylJo02,WR,Juwann Winfree,WinfJu00,WR,Michael Pittman Jr.,PittMi01,WR,Alec Pierce,PierAl00,TE,Andrew Ogletree,OgleAn00,OL,Will Fries,FrieWi00,T,Blake Freeland,FreeBl00,T,Bernhard Raimann,RaimBe00,G,Quenton Nelson,NelsQu00,C,Ryan Kelly,KellRy00,DE,Samson Ebukam,EbukSa00,DE,Kwity Paye,PayeKw00,DT,DeForest Buckner,BuckDe00,DT,Taven Bryan,BryaTa00,LB,Shaquille Leonard,LeonDa00,LB,Segun Olubi,OlubSe00,CB,Kenny Moore,MoorKe03,CB,Darrell Baker,BakeDa02,CB,Jaylon Jones,JoneJa13,S,Rodney Thomas II,ThomRo07,S,Julian Blackmon,BlacJu01,Referee,Bill Vinovich,Umpire,Alex Moore,Down Judge,Dale Keller,Line Judge,Mark Perlman,Back Judge,Jimmy Russell,Side Judge,Jimmy Buchanan,Field Judge,Joe Blubaugh
202311050cin,2023-11-05,Sunday,8:20pm,Cincinnati Bengals,Buffalo Bills,cin,buf,24,18,Zac Taylor,Sean McDermott,Paycor Stadium,66965,3:01,outdoors,fieldturf,"51 degrees, relative humidity 61%, wind 5 mph",QB,Joe Burrow,BurrJo01,RB,Joe Mixon,MixoJo00,WR,Tyler Boyd,BoydTy00,WR,Ja'Marr Chase,ChasJa00,WR,Tee Higgins,HiggTe00,TE,Tanner Hudson,HudsTa00,T,Orlando Brown Jr.,BrowOr00,T,Jonah Williams,WillJo10,G,Cordell Volson,VolsCo02,G,Alex Cappa,CappAl00,C,Ted Karras,KarrTe00,DE,Sam Hubbard,HubbSa00,DE,Trey Hendrickson,HendTr00,DT,B.J. Hill,,DT,D.J. Reader,,LB,Germaine Pratt,PratGe00,LB,Logan Wilson,WilsLo00,CB,Mike Hilton,HiltMi01,CB,Cam Taylor-Britt,TaylCa01,CB,DJ Turner,TurnDJ01,S,Daxton Hill,HillDa04,S,Nick Scott,ScotNi01,QB,Josh Allen,AlleJo02,RB,James Cook,CookJa01,WR,Gabe Davis,DaviGa01,WR,Stefon Diggs,DiggSt00,WR,Khalil Shakir,ShakKh00,TE,Dalton Kincaid,KincDa00,T,Spencer Brown,BrowSp00,T,Dion Dawkins,DawkDi00,G,O'Cyrus Torrence,TorrOC00,G,Connor McGovern,McGoCo01,C,Mitch Morse,MorsMi00,DE,Leonard Floyd,FloyLe00,DE,Gregory Rousseau,RousGr00,DT,Ed Oliver,OlivEd00,DT,Jordan Phillips,PhilJo01,LB,Tyrel Dodson,DodsTy01,LB,Terrel Bernard,BernTe00,CB,Dane Jackson,JackDa02,CB,Taron Johnson,JohnTa01,CB,Christian Benford,BenfCh00,S,Jordan Poyer,PoyeJo00,S,Micah Hyde,HydeMi00,Referee,Alex Kemp,Umpire,Mike Morton,Down Judge,Danny Short,Line Judge,Rusty Baynes,Back Judge,Scott Helverson,Side Judge,James Coleman,Field Judge,Sean Petty
202311050cle,2023-11-05,Sunday,1:00pm,Cleveland Browns,Arizona Cardinals,cle,crd,27,0,Kevin Stefanski,Jonathan Gannon,Cleveland Browns Stadium,67919,2:58,outdoors,grass,"56 degrees, relative humidity 58%, wind 7 mph",QB,Deshaun Watson,WatsDe00,RB,Jerome Ford,FordJe00,WR,Amari Cooper,CoopAm00,WR,Elijah Moore,MoorEl00,TE,Harrison Bryant,BryaHa00,TE,David Njoku,NjokDa00,T,Dawand Jones,JoneDa07,T,Jedrick Wills Jr.,WillJe04,G,Wyatt Teller,TellWy00,G,Joel Bitonio,BitoJo00,C,Ethan Pocic,PociEt00,DE,Myles Garrett,GarrMy00,DE,Za'Darius Smith,SmitZa00,DT,Jordan Elliott,ElliJo02,DT,Dalvin Tomlinson,TomlDa00,LB,Jeremiah Owusu-Koramoah,OwusJe00,LB,Anthony Walker,WalkAn01,CB,Martin Emerson,EmerMa00,CB,Cameron Mitchell,MitcCa01,CB,Denzel Ward,WardDe02,S,Grant Delpit,DelpGr00,S,Juan Thornhill,ThorJu00,QB,Clayton Tune,TuneCl00,WR,Marquise Brown,BrowMa04,WR,Zach Pascal,PascZa00,WR,Greg Dortch,DortGr01,WR,Rondale Moore,MoorRo02,TE,Trey McBride,McBrTr01,OL,Paris Johnson,JohnPa03,OL,D.J. Humphries,,OL,Will Hernandez,HernWi00,OL,Hjalte Froholdt,FrohHj00,OL,Dennis Daley,DaleDe00,DL,Jonathan Ledbetter,LedbJo01,DL,Kevin Strong,StroKe00,DT,Leki Fotu,FotuLe00,OLB,Dennis Gardeck,GardDe01,LB,Zaven Collins,CollZa00,LB,Kyzir White,WhitKy00,CB,Antonio Hamilton,HamiAn01,CB,Garrett Williams,WillGa00,CB,Marco Wilson,WilsMa04,S,Budda Baker,BakeBu00,S,Jalen Thompson,ThomJa04,Referee,Carl Cheffers,Umpire,Brandon Cruse,Down Judge,Mike Carr,Line Judge,Tom Eaton,Back Judge,Martin Hankins,Side Judge,Eugene Hall,Field Judge,Nathan Jones
202311050gnb,2023-11-05,Sunday,1:00pm,Green Bay Packers,Los Angeles Rams,gnb,ram,20,3,Matt LaFleur,Sean McVay,Lambeau Field,77409,3:05,outdoors,grass,"51 degrees, relative humidity 54%, wind 8 mph",QB,Jordan Love,LoveJo03,RB,Aaron Jones,JoneAa00,WR,Christian Watson,WatsCh00,WR,Romeo Doubs,DoubRo00,WR,Jayden Reed,ReedJa03,TE,Luke Musgrave,MusgLu00,OL,Josh Myers,MyerJo00,OL,Zach Tom,TomxZa00,OL,Elgton Jenkins,JenkEl00,T,Yosh Nijman,NijmYo01,G,Jon Runyan Jr.,RunyJo00,DL,Tedarrell Slaton,SlatTe00,DL,Kenny Clark,ClarKe01,LB,Isaiah McDuffie,McDuIs00,LB,Rashan Gary,GaryRa00,LB,Preston Smith,SmitPr00,LB,De'Vondre Campbell,CampDe00,CB,Jaire Alexander,AlexJa00,CB,Keisean Nixon,NixoKe00,CB,Carrington Valentine,ValeCa00,S,Anthony Johnson,JohnAn08,S,Jonathan Owens,OwenJo01,QB,Brett Rypien,RypiBr00,RB,Darrell Henderson,HendDa00,WR,Tutu Atwell,AtweTu00,WR,Cooper Kupp,KuppCo00,WR,Puka Nacua,NacuPu00,TE,Tyler Higbee,HigbTy00,OL,Kevin Dotson,DotsKe00,T,Alaric Jackson,JackAl01,T,Joseph Noteboom,NoteJo00,G,Steve Avila,AvilSt00,G,Coleman Shelton,ShelCo00,DE,Jonah Williams,WillJo16,DT,Aaron Donald,DonaAa00,NT,Kobie Turner,TurnKo00,OLB,Byron Young,YounBy01,OLB,Michael Hoecht,HoecMi00,LB,Troy Reeder,ReedTr01,DB,Quentin Lake,LakeQu00,DB,Jordan Fuller,FullJo01,DB,Ahkello Witherspoon,WithAh00,DB,Russ Yeast,YeasRu00,DB,Cobie Durant,DuraDe01,Referee,Clete Blakeman,Umpire,Scott Campbell,Down Judge,Dana McKenzie,Line Judge,Julian Mapp,Back Judge,Jonah Monroe,Side Judge,Lo Van,Field Judge,Terry Brown
202311050htx,2023-11-05,Sunday,1:00pm,Houston Texans,Tampa Bay Buccaneers,htx,tam,39,37,DeMeco Ryans,Todd Bowles,NRG Stadium,70785,3:24,retractable roof (closed),astroturf,,QB,C.J. Stroud,StroCJ00,RB,Devin Singletary,SingDe00,FB,Andrew Beck,BeckAn01,WR,Nico Collins,CollNi00,WR,Tank Dell,DellNa00,TE,Dalton Schultz,SchuDa00,OL,Michael Deiter,DeitMi00,T,Laremy Tunsil,TunsLa00,T,George Fant,FantGe00,T,Tytus Howard,HowaTy00,G,Shaq Mason,MasoSh01,DE,Will Anderson,AndeWi01,DE,Jonathan Greenard,GreeJo04,DT,Hassan Ridgeway,RidgHa00,DT,Maliek Collins,CollMa00,MLB,Denzel Perryman,PerrDe00,LB,Blake Cashman,CashBl00,CB,Steven Nelson,NelsSt01,CB,Shaquill Griffin,GrifSh00,CB,Tavierre Thomas,ThomTa01,S,Jalen Pitre,PitrJa00,S,Jimmie Ward,WardJi01,QB,Baker Mayfield,MayfBa00,RB,Rachaad White,WhitRa01,WR,Trey Palmer,PalmTr00,WR,Mike Evans,EvanMi00,WR,Chris Godwin,GodwCh00,TE,Cade Otton,OttoCa00,OL,Robert Hainsey,HainRo00,T,Tristan Wirfs,WirfTr00,G,Luke Goedeke,GoedLu00,G,Cody Mauch,MaucCo00,G,Aaron Stinnie,StinAa00,DL,Calijah Kancey,KancCa00,DL,William Gholston,GholWi00,DL,Vita Vea,VeaxVi00,OLB,Joe Tryon-Shoyinka,TryoJo00,OLB,Shaquil Barrett,BarrSh00,LB,Lavonte David,DaviLa00,LB,Devin White,WhitDe02,CB,Jamel Dean,DeanJa00,CB,Carlton Davis,DaviCa02,S,Ryan Neal,NealRy00,S,Antoine Winfield Jr.,WinfAn00,Referee,Land Clark,Umpire,Paul King,Down Judge,Tom Stephan,Line Judge,Brian Bolinger,Back Judge,Brad Freeman,Side Judge,Dominique Pender,Field Judge,Jabir Walker
202311050kan,2023-11-05,Sunday,9:30am,Kansas City Chiefs,Miami Dolphins,kan,mia,21,14,Andy Reid,Mike McDaniel,Deutsche Bank Park,50023,3:04,retractable roof (closed),grass,,QB,Patrick Mahomes,MahoPa00,RB,Isiah Pacheco,PachIs00,WR,Justin Watson,WatsJu01,WR,Marquez Valdes-Scantling,ValdMa00,WR,Rashee Rice,RiceRa01,TE,Travis Kelce,KelcTr00,T,Donovan Smith,SmitDo02,T,Jawaan Taylor,TaylJa02,G,Joe Thuney,ThunJo00,G,Trey Smith,SmitTr05,C,Creed Humphrey,HumpCr00,DE,George Karlaftis III,KarlGe00,DE,Michael Danna,DannMi00,DT,Chris Jones,JoneCh09,DT,Derrick Nnadi,NnadDe00,LB,Leo Chenal,ChenLe00,LB,Drue Tranquill,TranDr00,CB,L'Jarius Sneed,SneeLJ00,CB,Trent McDuffie,McDuTr00,DB,Chamarri Conner,ConnCh01,S,Bryan Cook,CookBr02,S,Justin Reid,ReidJu00,QB,Tua Tagovailoa,TagoTu00,RB,Raheem Mostert,MostRa00,FB,Alec Ingold,IngoAl01,WR,Tyreek Hill,HillTy00,WR,Jaylen Waddle,WaddJa00,TE,Durham Smythe,SmytDu00,OL,Connor Williams,WillCo00,OL,Austin Jackson,JackAu00,OL,Robert Jones,JoneRo02,T,Terron Armstead,ArmsTe00,G,Lester Cotton,CottLe00,DT,Christian Wilkins,WilkCh00,DT,Zach Sieler,SielZa00,LB,Jerome Baker,BakeJe00,LB,Jaelan Phillips,PhilJa02,LB,David Long,LongDa04,LB,Bradley Chubb,ChubBr00,CB,Jalen Ramsey,RamsJa00,CB,Kader Kohou,KohoKa00,CB,Xavien Howard,HowaXa00,S,Jevon Holland,HollJe02,S,DeShon Elliott,ElliDe02,Referee,Clay Martin,Umpire,James Carter,Down Judge,Jerod Phillips,Line Judge,Greg Bradley,Back Judge,Greg Wilson,Side Judge,Dave Hawkshaw,Field Judge,Alonzo Ramsey
202311050nor,2023-11-05,Sunday,1:00pm,New Orleans Saints,Chicago Bears,nor,chi,24,17,Dennis Allen,Matt Eberflus,Caesars Superdome,70006,3:01,dome,sportturf,,QB,Derek Carr,CarrDe02,RB,Alvin Kamara,KamaAl00,WR,Michael Thomas,ThomMi05,WR,Chris Olave,OlavCh00,WR,Rashid Shaheed,ShahRa00,TE,Juwan Johnson,JohnJu02,OL,Cesar Ruiz,RuizCe00,OL,Andrus Peat,PeatAn00,OL,Erik McCoy,McCoEr01,OL,James Hurst,HursJa00,T,Ryan Ramczyk,RamcRy00,DE,Cameron Jordan,JordCa00,DE,Carl Granderson,GranCa01,DT,Nathan Shepherd,ShepNa00,DT,Khalen Saunders,SaunKh00,LB,Pete Werner,WernPe00,LB,Zack Baun,BaunZa00,LB,Demario Davis,DaviDe00,CB,Marshon Lattimore,LattMa01,CB,Paulson Adebo,AdebPa00,S,Marcus Maye,MayeMa00,S,Tyrann Mathieu,MathTy00,QB,Tyson Bagent,BageTy00,RB,D'Onta Foreman,ForeDO00,WR,D.J. Moore,,WR,Darnell Mooney,MoonDa00,TE,Robert Tonyan,TonyRo00,TE,Cole Kmet,KmetCo00,OL,Darnell Wright,WrigDa00,OL,Cody Whitehair,WhitCo03,OL,Lucas Patrick,PatrLu00,OL,Braxton Jones,JoneBr08,OL,Teven Jenkins,JenkTe00,DL,Justin Jones,JoneJu03,DL,Yannick Ngakoue,NgakYa00,DL,Montez Sweat,SweaMo00,DL,Andrew Billings,BillAn00,LB,Jack Sanborn,SanbJa00,LB,T.J. Edwards,EdwaTJ02,DB,Jaylon Johnson,JohnJa13,DB,Eddie Jackson,JackEd01,DB,Elijah Hicks,HickEl00,DB,Tyrique Stevenson,StevTy01,DB,Kyler Gordon,GordKy00,Referee,Ron Torbert,Umpire,Barry Anderson,Down Judge,Max Causey,Line Judge,Maia Chaka,Back Judge,Tony Josselyn,Side Judge,Keith Washington,Field Judge,Ryan Dickson
202311050nwe,2023-11-05,Sunday,1:00pm,New England Patriots,Washington Commanders,nwe,was,17,20,Bill Belichick,Ron Rivera,Gillette Stadium,64628,3:04,outdoors,fieldturf,"62 degrees, relative humidity 51%, wind 6 mph",QB,Mac Jones,JoneMa05,RB,Rhamondre Stevenson,StevRh00,WR,DeMario Douglas,DougDe00,WR,Jalen Reagor,ReagJa00,TE,Pharaoh Brown,BrowPh01,TE,Mike Gesicki,GesiMi00,OL,Cole Strange,StraCo01,OL,Sidy Sow,SowxSi00,OL,Michael Onwenu,OnweMi00,T,Conor McDermott,McDeCo00,C,David Andrews,AndrDa00,DL,Deatrich Wise Jr.,WiseDe00,DL,Lawrence Guy,GuyxLa00,DL,Davon Godchaux,GodcDa00,LB,Anfernee Jennings,JennAn00,LB,Jahlani Tavai,TavaJa00,LB,Ja'Whaun Bentley,BentJa00,CB,Shaun Wade,WadeSh00,DB,Jalen Mills,MillJa02,DB,Jonathan Jones,JoneJo03,DB,Jabrill Peppers,PeppJa00,DB,Kyle Dugger,DuggKy00,QB,Sam Howell,HoweSa00,RB,Brian Robinson Jr.,RobiBr01,WR,Terry McLaurin,McLaTe00,WR,Jahan Dotson,DotsJa00,TE,John Bates,BateJo00,TE,Logan Thomas,ThomLo00,OL,Andrew Wylie,WyliAn00,T,Charles Leno Jr.,LenoCh00,T,Samuel Cosmi,CosmSa00,G,Chris Paul,PaulCh00,C,Tyler Larsen,LarsTy00,DE,James Smith-Williams,SmitJa08,DE,Casey Toohill,ToohCa00,DT,Daron Payne,PaynDa00,DT,Jonathan Allen,AlleJo01,LB,Jamin Davis,DaviJa11,LB,Khaleke Hudson,HudsKh00,LB,David Mayo,MayoDa00,CB,Kendall Fuller,FullKe00,CB,Benjamin St-Juste,StJuBe00,S,Kamren Curl,CurlKa00,S,Percy Butler,ButlPe00,Referee,Adrian Hill,Umpire,Roy Ellison,Down Judge,David Oliver,Line Judge,Brett Bergman,Back Judge,Greg Steed,Side Judge,Jim Quirk,Field Judge,Mearl Robinson
202311050phi,2023-11-05,Sunday,4:25pm,Philadelphia Eagles,Dallas Cowboys,phi,dal,28,23,Nick Sirianni,Mike McCarthy,Lincoln Financial Field,69879,3:16,outdoors,grass,"64 degrees, relative humidity 41%, wind 6 mph",QB,Jalen Hurts,HurtJa00,RB,D'Andre Swift,SwifDA00,WR,A.J. Brown,BrowAJ00,WR,DeVonta Smith,SmitDe07,WR,Julio Jones,JoneJu02,TE,Dallas Goedert,GoedDa00,T,Tyler Steen,SteeTy00,T,Jordan Mailata,MailJo00,T,Lane Johnson,JohnLa01,G,Landon Dickerson,DickLa00,C,Jason Kelce,KelcJa00,DE,Josh Sweat,SweaJo00,DT,Jordan Davis,DaviJo03,DT,Fletcher Cox,CoxxFl00,OLB,Haason Reddick,ReddHa00,LB,Nakobe Dean,DeanNa00,LB,Zach Cunningham,CunnZa00,CB,James Bradberry,BradJa00,CB,Darius Slay,SlayDa00,S,Reed Blankenship,BlanRe00,S,Kevin Byard,ByarKe01,S,Sydney Brown,BrowSy00,QB,Dak Prescott,PresDa01,RB,Tony Pollard,PollTo00,WR,Jalen Tolbert,TolbJa00,WR,Michael Gallup,GallMi00,WR,CeeDee Lamb,LambCe00,TE,Jake Ferguson,FergJa00,OL,Tyler Smith,SmitTy02,T,Terence Steele,SteeTe01,T,Tyron Smith,SmitTy00,G,Zack Martin,MartZa00,C,Tyler Biadasz,BiadTy00,DE,DeMarcus Lawrence,LawrDe00,DT,Johnathan Hankins,HankJo00,DT,Osa Odighizuwa,OdigOs00,LB,Micah Parsons,ParsMi00,LB,Damone Clark,ClarDa02,CB,Jourdan Lewis,LewiJo01,CB,Stephon Gilmore,GilmSt00,CB,DaRon Bland,BlanDa00,S,Markquese Bell,BellMa01,S,Malik Hooker,HookMa00,S,Donovan Wilson,WilsDo01,Referee,Tra Blake,Umpire,Tony Michalek,Down Judge,Patrick Turner,Line Judge,Daniel Gallagher,Back Judge,Todd Prukop,Side Judge,Don Willard,Field Judge,Tom Hill
202311050rai,2023-11-05,Sunday,4:25pm,Las Vegas Raiders,New York Giants,rai,nyg,30,6,Antonio Pierce,Brian Daboll,Allegiant Stadium,62082,2:59,dome,grass,,QB,Aidan O'Connell,OConAi00,RB,Josh Jacobs,JacoJo01,WR,Davante Adams,AdamDa01,WR,Jakobi Meyers,MeyeJa01,TE,Austin Hooper,HoopAu00,TE,Michael Mayer,MayeMi00,OL,Jermaine Eluemunor,ElueJe00,T,Kolton Miller,MillKo00,G,Greg Van Roten,VanRGr00,G,Dylan Parham,ParhDy00,C,Andre James,JameAn01,DE,Malcolm Koonce,KoonMa00,DE,Maxx Crosby,CrosMa00,DT,John Jenkins,JenkJo00,DT,Bilal Nichols,NichBi00,LB,Robert Spillane,SpilRo00,LB,Amari Burney,BurnAm00,CB,Nate Hobbs,HobbNa00,CB,Marcus Peters,PeteMa00,CB,Amik Robertson,RobeAm00,S,Tre'von Moehrig,MoehTr00,S,Marcus Epps,EppsMa00,QB,Daniel Jones,JoneDa05,RB,Saquon Barkley,BarkSa00,RB,Matt Breida,BreiMa00,WR,Isaiah Hodgins,HodgIs00,WR,Darius Slayton,SlayDa01,TE,Daniel Bellinger,BellDa00,OL,Justin Pugh,PughJu00,T,Andrew Thomas,ThomAn02,T,Evan Neal,NealEv00,G,Ben Bredeson,BredBe00,C,John Michael Schmitz,MichJo00,DL,Rakeem Nunez-Roches,NuneRa00,DL,A'Shawn Robinson,RobiAS00,DL,Dexter Lawrence,LawrDe03,OLB,Kayvon Thibodeaux,ThibKa00,OLB,Jihad Ward,WardJi02,LB,Bobby Okereke,OkerBo00,LB,Micah McFadden,McFaMi01,CB,Deonte Banks,BankDe00,CB,Adoree' Jackson,JackAd00,S,Xavier McKinney,McKiXa00,S,Jason Pinnock,PinnJa01,Referee,Alan Eck,Umpire,Tab Slaughter,Down Judge,Fred Bryan,Line Judge,Robin DeLorenzo,Back Judge,Greg Meyer,Side Judge,Dale Shaw,Field Judge,John Jenkins
202311050rav,2023-11-05,Sunday,1:00pm,Baltimore Ravens,Seattle Seahawks,rav,sea,37,3,John Harbaugh,Pete Carroll,M&amp;T Bank Stadium,70753,2:58,outdoors,grass,"70 degrees, relative humidity 32%, wind 6 mph",QB,Lamar Jackson,JackLa00,RB,Gus Edwards,EdwaGu00,FB,Patrick Ricard,RicaPa00,WR,Rashod Bateman,BateRa00,WR,Zay Flowers,FlowZa00,TE,Mark Andrews,AndrMa00,OL,Patrick Mekari,MekaPa00,T,Ronnie Stanley,StanRo00,G,John Simpson,SimpJo00,G,Kevin Zeitler,ZeitKe00,C,Tyler Linderbaum,LindTy00,DT,Nnamdi Madubuike,MaduJu00,DT,Broderick Washington Jr.,WashBr01,NT,Michael Pierce,PierMi00,OLB,Jadeveon Clowney,ClowJa00,LB,Malik Harrison,HarrMa06,LB,Patrick Queen,QueePa00,LB,Roquan Smith,SmitRo07,CB,Marlon Humphrey,HumpMa00,DB,Brandon Stephens,StepBr01,S,Kyle Hamilton,HamiKy00,S,Geno Stone,StonGe00,QB,Geno Smith,SmitGe00,RB,Kenneth Walker III,WalkKe00,WR,Tyler Lockett,LockTy00,WR,D.K. Metcalf,MetcDK00,TE,Will Dissly,DissWi00,TE,Noah Fant,FantNo00,T,Charles Cross,CrosCh00,T,Stone Forsythe,ForsSt00,G,Phil Haynes,HaynPh00,G,Damien Lewis,LewiDa05,C,Evan Brown,BrowEv00,DL,Leonard Williams,WillLe02,DE,Dre'Mont Jones,JoneDr00,DE,Jarran Reed,ReedJa02,LB,Jordyn Brooks,BrooJo01,LB,Bobby Wagner,WagnBo00,LB,Darrell Taylor,TaylDa00,LB,Boye Mafe,MafeBo00,CB,Devon Witherspoon,WithDe00,CB,Riq Woolen,WoolTa00,SS,Jamal Adams,AdamJa00,FS,Quandre Diggs,DiggQu00,Referee,Shawn Hochuli,Umpire,Terry Killens,Down Judge,Patrick Holt,Line Judge,Tim Podraza,Back Judge,Rich Martinez,Side Judge,Chad Hill,Field Judge,Jason Ledet
202311060nyj,2023-11-06,Monday,8:15pm,New York Jets,Los Angeles Chargers,nyj,sdg,6,27,Robert Saleh,Brandon Staley,MetLife Stadium,75407,3:00,outdoors,fieldturf,"48 degrees, relative humidity 83%, wind 4 mph",QB,Zach Wilson,WilsZa00,RB,Breece Hall,HallBr03,WR,Garrett Wilson,WilsGa00,WR,Allen Lazard,LazaAl00,TE,C.J. Uzomah,,TE,Jeremy Ruckert,RuckJe00,OL,Max Mitchell,MitcMa02,T,Mekhi Becton,BectMe00,T,Billy Turner,TurnBi00,G,Laken Tomlinson,TomlLa01,C,Joe Tippmann,TippJo00,DL,Quinton Jefferson,JeffQu00,DL,John Franklin-Myers,FranJo02,DL,Quinnen Williams,WillQu00,LB,Jermaine Johnson II,JohnJe07,LB,C.J. Mosley,,LB,Quincy Williams,WillQu01,CB,D.J. Reed,,CB,Sauce Gardner,GardSa00,S,Jordan Whitehead,WhitJo03,S,Ashtyn Davis,DaviAs00,S,Tony Adams,AdamTo03,QB,Justin Herbert,HerbJu00,RB,Austin Ekeler,EkelAu00,WR,Jalen Guyton,GuytJa01,WR,Keenan Allen,AlleKe00,TE,Nick Vannett,VannNi00,TE,Donald Parham,ParhDo00,OL,Will Clapp,ClapWi00,OL,Jamaree Salyer,SalyJa00,T,Rashawn Slater,SlatRa00,T,Trey Pipkins,PipkTr00,G,Zion Johnson,JohnZi00,DL,Sebastian Joseph-Day,JoseSe00,DL,Austin Johnson,JohnAu01,OLB,Khalil Mack,MackKh00,OLB,Joey Bosa,BosaJo00,LB,Eric Kendricks,KendEr00,LB,Kenneth Murray,MurrKe00,CB,Asante Samuel Jr.,SamuAs00,CB,Michael Davis,DaviMi03,DB,Ja'Sir Taylor,TaylJa04,S,Derwin James,JameDe00,S,Alohi Gilman,GilmAl00,Referee,Craig Wrolstad,Umpire,Steve Woods,Down Judge,Jim Mello,Line Judge,Tripp Sutter,Back Judge,Grantis Bell,Side Judge,Frank Steratore,Field Judge,Jeff Shears
202311090chi,2023-11-09,Thursday,8:15pm,Chicago Bears,Carolina Panthers,chi,car,16,13,Matt Eberflus,Frank Reich,Soldier Field,61200,2:53,outdoors,grass,"51 degrees, relative humidity 40%, wind 8 mph",QB,Tyson Bagent,BageTy00,RB,D'Onta Foreman,ForeDO00,WR,Tyler Scott,ScotTy00,WR,D.J. Moore,,WR,Darnell Mooney,MoonDa00,TE,Cole Kmet,KmetCo00,OL,Darnell Wright,WrigDa00,OL,Cody Whitehair,WhitCo03,OL,Lucas Patrick,PatrLu00,OL,Braxton Jones,JoneBr08,OL,Teven Jenkins,JenkTe00,DL,Justin Jones,JoneJu03,DL,Yannick Ngakoue,NgakYa00,DL,Montez Sweat,SweaMo00,DL,Andrew Billings,BillAn00,LB,Jack Sanborn,SanbJa00,LB,T.J. Edwards,EdwaTJ02,DB,Jaylon Johnson,JohnJa13,DB,Eddie Jackson,JackEd01,DB,Kyler Gordon,GordKy00,DB,Tyrique Stevenson,StevTy01,DB,Jaquan Brisker,BrisJa01,QB,Bryce Young,YounBr01,RB,Chuba Hubbard,HubbCh01,WR,Adam Thielen,ThieAd00,WR,Jonathan Mingo,MingJo00,WR,Terrace Marshall Jr.,MarsTe00,TE,Hayden Hurst,HursHa00,OL,Bradley Bozeman,BozeBr00,T,Ikem Ekwonu,EkwoIk00,T,Taylor Moton,MotoTa00,G,Austin Corbett,CorbAu00,G,Calvin Throckmorton,ThroCa01,DT,Derrick Brown,BrowDe05,DT,Shy Tuttle,TuttSh00,DT,DeShawn Williams,WillDe04,OLB,DJ Johnson,JohnDJ00,OLB,Amare Barno,BarnAm00,LB,Frankie Luvu,LuvuFr00,CB,Donte Jackson,JackDo02,CB,Dicaprio Bootle,BootDi00,S,Jammie Robinson,RobiJa03,S,Xavier Woods,WoodXa00,S,Vonn Bell,BellVo00,Referee,Clete Blakeman,Umpire,Scott Campbell,Down Judge,Dana McKenzie,Line Judge,Julian Mapp,Back Judge,Jonah Monroe,Side Judge,Lo Van,Field Judge,Terry Brown
202311120cin,2023-11-12,Sunday,1:00pm,Cincinnati Bengals,Houston Texans,cin,htx,27,30,Zac Taylor,DeMeco Ryans,Paycor Stadium,66526,3:10,outdoors,fieldturf,"56 degrees, relative humidity 42%, wind 6 mph",QB,Joe Burrow,BurrJo01,RB,Joe Mixon,MixoJo00,WR,Tyler Boyd,BoydTy00,WR,Ja'Marr Chase,ChasJa00,WR,Trenton Irwin,IrwiTr00,TE,Drew Sample,SampDr00,T,Orlando Brown Jr.,BrowOr00,T,Jonah Williams,WillJo10,G,Cordell Volson,VolsCo02,G,Alex Cappa,CappAl00,C,Ted Karras,KarrTe00,DE,Cameron Sample,SampCa00,DE,Trey Hendrickson,HendTr00,DT,B.J. Hill,,DT,D.J. Reader,,LB,Germaine Pratt,PratGe00,LB,Logan Wilson,WilsLo00,CB,Mike Hilton,HiltMi01,CB,Cam Taylor-Britt,TaylCa01,CB,DJ Turner,TurnDJ01,S,Daxton Hill,HillDa04,S,Nick Scott,ScotNi01,QB,C.J. Stroud,StroCJ00,RB,Devin Singletary,SingDe00,WR,Noah Brown,BrowNo00,WR,Robert Woods,WoodRo02,WR,Tank Dell,DellNa00,TE,Dalton Schultz,SchuDa00,OL,Michael Deiter,DeitMi00,T,George Fant,FantGe00,T,Laremy Tunsil,TunsLa00,T,Tytus Howard,HowaTy00,G,Shaq Mason,MasoSh01,DE,Will Anderson,AndeWi01,DE,Jonathan Greenard,GreeJo04,DT,Sheldon Rankins,RankSh00,DT,Maliek Collins,CollMa00,MLB,Denzel Perryman,PerrDe00,LB,Blake Cashman,CashBl00,CB,Derek Stingley Jr.,StinDe00,CB,Tavierre Thomas,ThomTa01,CB,Shaquill Griffin,GrifSh00,DB,DeAndre Houston-Carson,HousDe00,S,Jalen Pitre,PitrJa00,Referee,Carl Cheffers,Umpire,Brandon Cruse,Down Judge,Mike Carr,Line Judge,Tom Eaton,Back Judge,Martin Hankins,Side Judge,Eugene Hall,Field Judge,Nathan Jones
202311120crd,2023-11-12,Sunday,4:05pm,Arizona Cardinals,Atlanta Falcons,crd,atl,25,23,Jonathan Gannon,Arthur Smith,State Farm Stadium,62861,3:02,retractable roof (closed),grass,,QB,Kyler Murray,MurrKy00,RB,James Conner,ConnJa00,WR,Michael Wilson,WilsMi02,WR,Marquise Brown,BrowMa04,TE,Trey McBride,McBrTr01,TE,Geoff Swaim,SwaiGe00,OL,Hjalte Froholdt,FrohHj00,OL,Will Hernandez,HernWi00,OL,Paris Johnson,JohnPa03,OL,Carter O'Donnell,ODonCa00,OL,Kelvin Beachum,BeacKe00,DL,Jonathan Ledbetter,LedbJo01,DL,Kevin Strong,StroKe00,DT,Leki Fotu,FotuLe00,OLB,Dennis Gardeck,GardDe01,LB,Zaven Collins,CollZa00,LB,Kyzir White,WhitKy00,CB,Starling Thomas,ThomSt01,CB,Garrett Williams,WillGa00,CB,Marco Wilson,WilsMa04,S,Budda Baker,BakeBu00,S,Jalen Thompson,ThomJa04,QB,Taylor Heinicke,HeinTa00,RB,Bijan Robinson,RobiBi01,FB,Keith Smith,SmitKe03,WR,Drake London,LondDr00,TE,MyCole Pruitt,PruiMy00,TE,Kyle Pitts,PittKy00,OL,Matthew Bergeron,BergMa00,OL,Drew Dalman,DalmDr00,T,Kaleb McGary,McGaKa00,T,Jake Matthews,MattJa00,G,Chris Lindstrom,LindCh00,DL,Ta'Quon Graham,GrahTa00,DL,Calais Campbell,CampCa99,DL,Kentavius Street,StreKe00,OLB,Arnold Ebiketie,EbikAr00,OLB,Bud Dupree,DuprAl00,LB,Nathan Landman,LandNa01,LB,Kaden Elliss,ElliKa00,CB,Jeff Okudah,OkudJe00,CB,AJ Terrell,TerrAJ00,S,Jessie Bates III,BateJe00,S,Richie Grant,GranRi00,Referee,Craig Wrolstad,Umpire,Steve Woods,Down Judge,Jim Mello,Line Judge,Tripp Sutter,Back Judge,Grantis Bell,Side Judge,Frank Steratore,Field Judge,Jeff Shears
202311120dal,2023-11-12,Sunday,4:25pm,Dallas Cowboys,New York Giants,dal,nyg,49,17,Mike McCarthy,Brian Daboll,AT&amp;T Stadium,93338,3:14,retractable roof (closed),matrixturf,,QB,Dak Prescott,PresDa01,RB,Tony Pollard,PollTo00,WR,Brandin Cooks,CookBr00,WR,Jalen Tolbert,TolbJa00,WR,CeeDee Lamb,LambCe00,TE,Jake Ferguson,FergJa00,OL,Tyler Smith,SmitTy02,T,Terence Steele,SteeTe01,T,Tyron Smith,SmitTy00,G,Zack Martin,MartZa00,C,Tyler Biadasz,BiadTy00,DE,DeMarcus Lawrence,LawrDe00,DE,Chauncey Golston,GolsCh00,DT,Johnathan Hankins,HankJo00,DT,Osa Odighizuwa,OdigOs00,LB,Micah Parsons,ParsMi00,LB,Rashaan Evans,EvanRa01,LB,Damone Clark,ClarDa02,CB,DaRon Bland,BlanDa00,CB,Stephon Gilmore,GilmSt00,S,Malik Hooker,HookMa00,S,Donovan Wilson,WilsDo01,QB,Tommy DeVito,DeViTo00,RB,Saquon Barkley,BarkSa00,WR,Isaiah Hodgins,HodgIs00,WR,Darius Slayton,SlayDa01,TE,Daniel Bellinger,BellDa00,TE,Tyree Jackson,JackTy01,OL,Justin Pugh,PughJu00,T,Andrew Thomas,ThomAn02,T,Tyre Phillips,PhilTy00,G,Ben Bredeson,BredBe00,C,John Michael Schmitz,MichJo00,DL,Dexter Lawrence,LawrDe03,DL,A'Shawn Robinson,RobiAS00,OLB,Jihad Ward,WardJi02,OLB,Kayvon Thibodeaux,ThibKa00,LB,Bobby Okereke,OkerBo00,LB,Micah McFadden,McFaMi01,CB,Nick McCloud,McClNi00,CB,Cordale Flott,FlotCo00,CB,Deonte Banks,BankDe00,S,Jason Pinnock,PinnJa01,S,Xavier McKinney,McKiXa00,Referee,Brad Rogers,Umpire,Ramon George,Down Judge,Kent Payne,Line Judge,Kevin Codey,Back Judge,Tyree Walton,Side Judge,Anthony Jeffries,Field Judge,Aaron Santi
202311120jax,2023-11-12,Sunday,1:00pm,Jacksonville Jaguars,San Francisco 49ers,jax,sfo,3,34,Doug Pederson,Kyle Shanahan,EverBank Stadium,69271,2:59,outdoors,grass,"59 degrees, relative humidity 94%, wind 11 mph",QB,Trevor Lawrence,LawrTr00,RB,Travis Etienne,EtieTr00,WR,Calvin Ridley,RidlCa00,WR,Christian Kirk,KirkCh01,TE,Evan Engram,EngrEv00,TE,Luke Farrell,FarrLu00,OL,Cam Robinson,RobiCa00,OL,Walker Little,LittWa00,OL,Luke Fortner,FortLu01,OL,Brandon Scherff,ScheBr00,T,Anton Harrison,HarrAn00,DL,Adam Gotsis,GotsAd00,DL,Folorunso Fatukasi,FatuFo00,DL,Roy Robertson-Harris,RobeRo00,OLB,Travon Walker,WalkTr03,OLB,Josh Hines-Allen,AlleJo03,LB,Devin Lloyd,LloyDe00,LB,Foyesade Oluokun,OluoFo00,CB,Darious Williams,WillDa09,CB,Tyson Campbell,CampTy01,S,Rayshawn Jenkins,JenkRa00,S,Andre Cisco,CiscAn00,QB,Brock Purdy,PurdBr00,RB,Christian McCaffrey,McCaCh01,FB,Kyle Juszczyk,JuszKy00,WR,Brandon Aiyuk,AiyuBr00,WR,Deebo Samuel,SamuDe00,TE,George Kittle,KittGe00,OL,Jake Brendel,BrenJa01,OL,Spencer Burford,BurfSp00,OL,Jon Feliciano,FeliJo00,OL,Colton McKivitz,McKiCo00,T,Trent Williams,WillTr21,DL,Javon Hargrave,HargJa00,DL,Clelin Ferrell,FerrCl00,DL,Nick Bosa,BosaNi00,DL,Arik Armstead,ArmsAr01,DT,Javon Kinlaw,KinlJa00,LB,Dre Greenlaw,GreeDr00,LB,Fred Warner,WarnFr00,CB,Charvarius Ward,WardCh01,DB,Deommodore Lenoir,LenoDe00,S,Talanoa Hufanga,HufaTa00,S,Tashaun Gipson,GipsTa00,Referee,Brad Allen,Umpire,Duane Heydt,Down Judge,Sarah Thomas,Line Judge,Walter Flowers,Back Judge,Greg Yette,Side Judge,Boris Cheek,Field Judge,Rick Patterson
202311120min,2023-11-12,Sunday,1:00pm,Minnesota Vikings,New Orleans Saints,min,nor,27,19,Kevin O'Connell,Dennis Allen,U.S. Bank Stadium,66933,3:22,dome,sportturf,,QB,Joshua Dobbs,DobbJo00,RB,Alexander Mattison,MattAl01,WR,Jordan Addison,AddiJo00,WR,Jalen Nailor,NailJa00,TE,Josh Oliver,OlivJo00,TE,T.J. Hockenson,HockTJ00,T,Brian O'Neill,ONeiBr00,T,Christian Darrisaw,DarrCh00,G,Dalton Risner,RisnDa00,G,Ed Ingram,IngrEd00,C,Garrett Bradbury,BradGa00,DL,Harrison Phillips,PhilHa00,DL,Jonathan Bullard,BullJo00,OLB,Danielle Hunter,HuntDa01,OLB,D.J. Wonnum,WonnDJ00,LB,Jordan Hicks,HickJo00,LB,Ivan Pace,PaceIv00,CB,Byron Murphy,MurpBy00,CB,Akayleb Evans,EvanAk00,S,Josh Metellus,MeteJo00,S,Camryn Bynum,BynuCa00,S,Harrison Smith,SmitHa00,QB,Derek Carr,CarrDe02,RB,Alvin Kamara,KamaAl00,WR,Michael Thomas,ThomMi05,WR,Chris Olave,OlavCh00,TE,Taysom Hill,HillTa00,TE,Juwan Johnson,JohnJu02,OL,James Hurst,HursJa00,OL,Cesar Ruiz,RuizCe00,OL,Erik McCoy,McCoEr01,OL,Andrus Peat,PeatAn00,T,Ryan Ramczyk,RamcRy00,DE,Carl Granderson,GranCa01,DE,Cameron Jordan,JordCa00,DT,Nathan Shepherd,ShepNa00,DT,Khalen Saunders,SaunKh00,LB,Pete Werner,WernPe00,LB,Demario Davis,DaviDe00,CB,Marshon Lattimore,LattMa01,CB,Alontae Taylor,TaylAl01,CB,Paulson Adebo,AdebPa00,S,Marcus Maye,MayeMa00,S,Tyrann Mathieu,MathTy00,Referee,Adrian Hill,Umpire,Roy Ellison,Down Judge,David Oliver,Line Judge,Brett Bergman,Back Judge,Greg Steed,Side Judge,Jim Quirk,Field Judge,Mearl Robinson
202311120nwe,2023-11-12,Sunday,9:30am,New England Patriots,Indianapolis Colts,nwe,clt,6,10,Bill Belichick,Shane Steichen,Deutsche Bank Park,50144,2:44,retractable roof (closed),grass,,QB,Mac Jones,JoneMa05,RB,Rhamondre Stevenson,StevRh00,WR,DeMario Douglas,DougDe00,WR,JuJu Smith-Schuster,SmitJu00,TE,Pharaoh Brown,BrowPh01,TE,Mike Gesicki,GesiMi00,OL,Cole Strange,StraCo01,OL,Sidy Sow,SowxSi00,OL,Michael Onwenu,OnweMi00,T,Conor McDermott,McDeCo00,C,David Andrews,AndrDa00,DL,Deatrich Wise Jr.,WiseDe00,DL,Lawrence Guy,GuyxLa00,DL,Davon Godchaux,GodcDa00,LB,Anfernee Jennings,JennAn00,LB,Jahlani Tavai,TavaJa00,LB,Mack Wilson,WilsMa03,CB,Shaun Wade,WadeSh00,DB,Jalen Mills,MillJa02,DB,Jabrill Peppers,PeppJa00,DB,Jonathan Jones,JoneJo03,DB,Kyle Dugger,DuggKy00,QB,Gardner Minshew II,MinsGa00,RB,Jonathan Taylor,TaylJo02,WR,Michael Pittman Jr.,PittMi01,WR,Alec Pierce,PierAl00,TE,Mo Alie-Cox,AlieMo00,TE,Kylen Granson,GranKy00,OL,Will Fries,FrieWi00,T,Braden Smith,SmitBr06,T,Bernhard Raimann,RaimBe00,G,Quenton Nelson,NelsQu00,C,Ryan Kelly,KellRy00,DE,Samson Ebukam,EbukSa00,DE,Kwity Paye,PayeKw00,DT,DeForest Buckner,BuckDe00,DT,Taven Bryan,BryaTa00,LB,Zaire Franklin,FranZa00,LB,Shaquille Leonard,LeonDa00,CB,Darrell Baker,BakeDa02,CB,Kenny Moore,MoorKe03,CB,Jaylon Jones,JoneJa13,S,Julian Blackmon,BlacJu01,S,Rodney Thomas II,ThomRo07,Referee,Tra Blake,Umpire,Tony Michalek,Down Judge,Patrick Turner,Line Judge,Daniel Gallagher,Back Judge,Todd Prukop,Side Judge,Don Willard,Field Judge,Tom Hill
202311120pit,2023-11-12,Sunday,1:00pm,Pittsburgh Steelers,Green Bay Packers,pit,gnb,23,19,Mike Tomlin,Matt LaFleur,Acrisure Stadium,67617,3:08,outdoors,grass,"50 degrees, relative humidity 58%, wind 5 mph",QB,Kenny Pickett,PickKe00,RB,Najee Harris,HarrNa00,WR,George Pickens,PickGe00,WR,Allen Robinson,RobiAl02,WR,Diontae Johnson,JohnDi01,TE,Darnell Washington,WashDa03,OL,James Daniels,DaniJa01,T,Broderick Jones,JoneBr09,T,Dan Moore,MoorDa05,G,Isaac Seumalo,SeumIs00,C,Mason Cole,ColeMa02,DL,Keeanu Benton,BentKe00,DT,Larry Ogunjobi,OgunLa00,DT,Cameron Heyward,HeywCa01,LB,Kwon Alexander,AlexKw00,LB,T.J. Watt,,LB,Elandon Roberts,RobeEl00,LB,Alex Highsmith,HighAl02,CB,Joey Porter Jr.,PortJo02,CB,Patrick Peterson,PetePa00,S,Keanu Neal,NealKe01,S,Damontae Kazee,KazeDa00,QB,Jordan Love,LoveJo03,RB,Aaron Jones,JoneAa00,WR,Christian Watson,WatsCh00,WR,Romeo Doubs,DoubRo00,TE,Luke Musgrave,MusgLu00,TE,Tucker Kraft,KrafTu00,OL,Elgton Jenkins,JenkEl00,OL,Josh Myers,MyerJo00,OL,Zach Tom,TomxZa00,T,Rasheed Walker,WalkRa00,G,Jon Runyan Jr.,RunyJo00,DL,Kenny Clark,ClarKe01,DL,Tedarrell Slaton,SlatTe00,LB,Rashan Gary,GaryRa00,LB,Isaiah McDuffie,McDuIs00,LB,Preston Smith,SmitPr00,LB,De'Vondre Campbell,CampDe00,CB,Corey Ballentine,BallCo00,CB,Keisean Nixon,NixoKe00,CB,Carrington Valentine,ValeCa00,S,Rudy Ford,FordRu00,S,Jonathan Owens,OwenJo01,Referee,Scott Novak,Umpire,Mark Pellis,Down Judge,Brian Sakowski,Line Judge,Mark Stewart,Back Judge,Terrence Miles,Side Judge,David Meslow,Field Judge,Tra Boger
202311120rai,2023-11-12,Sunday,8:20pm,Las Vegas Raiders,New York Jets,rai,nyj,16,12,Antonio Pierce,Robert Saleh,Allegiant Stadium,62383,3:03,dome,grass,,QB,Aidan O'Connell,OConAi00,RB,Josh Jacobs,JacoJo01,WR,Davante Adams,AdamDa01,WR,Jakobi Meyers,MeyeJa01,TE,Michael Mayer,MayeMi00,OL,Jermaine Eluemunor,ElueJe00,T,Justin Herron,HerrJu00,T,Thayer Munford,MunfTh00,G,Greg Van Roten,VanRGr00,G,Dylan Parham,ParhDy00,C,Andre James,JameAn01,DE,Maxx Crosby,CrosMa00,DT,Bilal Nichols,NichBi00,DT,John Jenkins,JenkJo00,DT,Jerry Tillery,TillJe00,LB,Malik Reed,ReedMa01,LB,Robert Spillane,SpilRo00,LB,Divine Deablo,DeabDi00,CB,Marcus Peters,PeteMa00,CB,Amik Robertson,RobeAm00,S,Tre'von Moehrig,MoehTr00,S,Marcus Epps,EppsMa00,QB,Zach Wilson,WilsZa00,RB,Breece Hall,HallBr03,FB,Nick Bawden,BawdNi00,WR,Allen Lazard,LazaAl00,WR,Garrett Wilson,WilsGa00,TE,C.J. Uzomah,,OL,Max Mitchell,MitcMa02,OL,Xavier Newman-Johnson,NewmXa00,T,Mekhi Becton,BectMe00,G,Laken Tomlinson,TomlLa01,C,Joe Tippmann,TippJo00,DL,John Franklin-Myers,FranJo02,DL,Quinton Jefferson,JeffQu00,DL,Quinnen Williams,WillQu00,LB,Jermaine Johnson II,JohnJe07,LB,C.J. Mosley,,LB,Jamien Sherwood,SherJa00,LB,Quincy Williams,WillQu01,CB,Sauce Gardner,GardSa00,CB,D.J. Reed,,S,Jordan Whitehead,WhitJo03,S,Tony Adams,AdamTo03,Referee,Shawn Hochuli,Umpire,Terry Killens,Down Judge,Patrick Holt,Line Judge,Tim Podraza,Back Judge,Rich Martinez,Side Judge,Chad Hill,Field Judge,Jason Ledet
202311120rav,2023-11-12,Sunday,1:00pm,Baltimore Ravens,Cleveland Browns,rav,cle,31,33,John Harbaugh,Kevin Stefanski,M&amp;T Bank Stadium,70424,3:22,outdoors,grass,"49 degrees, relative humidity 46%, wind 4 mph",QB,Lamar Jackson,JackLa00,RB,Gus Edwards,EdwaGu00,FB,Patrick Ricard,RicaPa00,WR,Rashod Bateman,BateRa00,WR,Zay Flowers,FlowZa00,TE,Mark Andrews,AndrMa00,OL,Patrick Mekari,MekaPa00,T,Ronnie Stanley,StanRo00,G,John Simpson,SimpJo00,G,Kevin Zeitler,ZeitKe00,C,Tyler Linderbaum,LindTy00,DT,Nnamdi Madubuike,MaduJu00,DT,Broderick Washington Jr.,WashBr01,NT,Michael Pierce,PierMi00,OLB,Jadeveon Clowney,ClowJa00,LB,Malik Harrison,HarrMa06,LB,Patrick Queen,QueePa00,LB,Roquan Smith,SmitRo07,CB,Marlon Humphrey,HumpMa00,DB,Brandon Stephens,StepBr01,S,Kyle Hamilton,HamiKy00,S,Marcus Williams,WillMa06,QB,Deshaun Watson,WatsDe00,RB,Jerome Ford,FordJe00,WR,Amari Cooper,CoopAm00,TE,David Njoku,NjokDa00,TE,Jordan Akins,AkinJo00,TE,Harrison Bryant,BryaHa00,T,Geron Christian,ChriGe01,T,James Hudson,HudsJa00,G,Joel Bitonio,BitoJo00,G,Wyatt Teller,TellWy00,C,Ethan Pocic,PociEt00,DE,Myles Garrett,GarrMy00,DE,Za'Darius Smith,SmitZa00,DT,Dalvin Tomlinson,TomlDa00,DT,Jordan Elliott,ElliJo02,LB,Jeremiah Owusu-Koramoah,OwusJe00,LB,Sione Takitaki,TakiSi00,LB,Anthony Walker,WalkAn01,CB,Martin Emerson,EmerMa00,CB,Denzel Ward,WardDe02,S,Grant Delpit,DelpGr00,S,Juan Thornhill,ThorJu00,Referee,Land Clark,Umpire,Paul King,Down Judge,Tom Stephan,Line Judge,Brian Bolinger,Back Judge,Brad Freeman,Side Judge,Dominique Pender,Field Judge,Jabir Walker
202311120sdg,2023-11-12,Sunday,4:05pm,Los Angeles Chargers,Detroit Lions,sdg,det,38,41,Brandon Staley,Dan Campbell,SoFi Stadium,70240,2:58,dome,matrixturf,,QB,Justin Herbert,HerbJu00,RB,Austin Ekeler,EkelAu00,WR,Keenan Allen,AlleKe00,WR,Quentin Johnston,JohnQu02,TE,Nick Vannett,VannNi00,TE,Donald Parham,ParhDo00,OL,Will Clapp,ClapWi00,OL,Jamaree Salyer,SalyJa00,T,Rashawn Slater,SlatRa00,T,Trey Pipkins,PipkTr00,G,Zion Johnson,JohnZi00,DL,Austin Johnson,JohnAu01,DL,Sebastian Joseph-Day,JoseSe00,OLB,Joey Bosa,BosaJo00,OLB,Khalil Mack,MackKh00,LB,Kenneth Murray,MurrKe00,LB,Eric Kendricks,KendEr00,CB,Asante Samuel Jr.,SamuAs00,DB,Deane Leonard,LeonDe00,DB,Ja'Sir Taylor,TaylJa04,S,Derwin James,JameDe00,S,Alohi Gilman,GilmAl00,QB,Jared Goff,GoffJa00,RB,David Montgomery,MontDa01,WR,Jameson Williams,WillJa11,WR,Amon-Ra St. Brown,StxxAm00,WR,Josh Reynolds,ReynJo00,TE,Sam LaPorta,LaPoSa01,OL,Graham Glasgow,GlasGr00,T,Penei Sewell,SewePe00,T,Taylor Decker,DeckTa00,G,Jonah Jackson,JackJo03,C,Frank Ragnow,RagnFr00,DL,Benito Jones,JoneBe03,DL,Alim McNeill,McNeAl00,DL,Aidan Hutchinson,HutcAi00,DL,John Cominsky,ComiJo00,LB,Alex Anzalone,AnzaAl00,LB,Jack Campbell,CampJa04,LB,Derrick Barnes,BarnDe02,CB,Jerry Jacobs,JacoJe00,CB,Cameron Sutton,SuttCa00,DB,Brian Branch,BranBr00,S,Kerby Joseph,JoseKe03,Referee,Shawn Smith,Umpire,Bryan Neale,Down Judge,Jay Bilbo,Line Judge,Jeff Seeman,Back Judge,Dino Paganelli,Side Judge,Clay Reynard,Field Judge,Dyrol Prioleau
202311120sea,2023-11-12,Sunday,4:25pm,Seattle Seahawks,Washington Commanders,sea,was,29,26,Pete Carroll,Ron Rivera,Lumen Field,68721,3:11,outdoors,fieldturf,"52 degrees, relative humidity 76%, wind 4 mph",QB,Geno Smith,SmitGe00,RB,Kenneth Walker III,WalkKe00,WR,Tyler Lockett,LockTy00,WR,Jaxon Smith-Njigba,SmitJa06,WR,D.K. Metcalf,MetcDK00,TE,Noah Fant,FantNo00,T,Charles Cross,CrosCh00,T,Stone Forsythe,ForsSt00,G,Phil Haynes,HaynPh00,G,Damien Lewis,LewiDa05,C,Evan Brown,BrowEv00,DL,Leonard Williams,WillLe02,DE,Dre'Mont Jones,JoneDr00,DE,Jarran Reed,ReedJa02,LB,Jordyn Brooks,BrooJo01,LB,Bobby Wagner,WagnBo00,LB,Boye Mafe,MafeBo00,CB,Tre Brown,BrowTr03,CB,Devon Witherspoon,WithDe00,CB,Riq Woolen,WoolTa00,SS,Jamal Adams,AdamJa00,FS,Quandre Diggs,DiggQu00,QB,Sam Howell,HoweSa00,RB,Brian Robinson Jr.,RobiBr01,WR,Jahan Dotson,DotsJa00,WR,Curtis Samuel,SamuCu00,WR,Terry McLaurin,McLaTe00,TE,Logan Thomas,ThomLo00,OL,Andrew Wylie,WyliAn00,T,Samuel Cosmi,CosmSa00,T,Charles Leno Jr.,LenoCh00,G,Chris Paul,PaulCh00,C,Tyler Larsen,LarsTy00,DE,Casey Toohill,ToohCa00,DE,James Smith-Williams,SmitJa08,DT,Jonathan Allen,AlleJo01,DT,Daron Payne,PaynDa00,LB,David Mayo,MayoDa00,LB,Jamin Davis,DaviJa11,CB,Kendall Fuller,FullKe00,CB,Emmanuel Forbes,ForbEm00,CB,Benjamin St-Juste,StJuBe00,S,Kamren Curl,CurlKa00,S,Percy Butler,ButlPe00,Referee,Alex Kemp,Umpire,Mike Morton,Down Judge,Danny Short,Line Judge,Rusty Baynes,Back Judge,Scott Helverson,Side Judge,James Coleman,Field Judge,Sean Petty
202311120tam,2023-11-12,Sunday,1:00pm,Tampa Bay Buccaneers,Tennessee Titans,tam,oti,20,6,Todd Bowles,Mike Vrabel,Raymond James Stadium,62725,2:55,outdoors,grass,"85 degrees, relative humidity 66%, wind 6 mph",QB,Baker Mayfield,MayfBa00,RB,Rachaad White,WhitRa01,WR,Mike Evans,EvanMi00,WR,Chris Godwin,GodwCh00,TE,Cade Otton,OttoCa00,TE,Payne Durham,DurhPa00,OL,Robert Hainsey,HainRo00,T,Tristan Wirfs,WirfTr00,G,Cody Mauch,MaucCo00,G,Luke Goedeke,GoedLu00,G,Aaron Stinnie,StinAa00,DL,Logan Hall,HallLo00,DL,Calijah Kancey,KancCa00,DL,Vita Vea,VeaxVi00,OLB,Joe Tryon-Shoyinka,TryoJo00,OLB,Shaquil Barrett,BarrSh00,LB,Devin White,WhitDe02,LB,Lavonte David,DaviLa00,CB,Zyon McCollum,McCoZy02,CB,Jamel Dean,DeanJa00,S,Ryan Neal,NealRy00,S,Antoine Winfield Jr.,WinfAn00,QB,Will Levis,LeviWi00,RB,Derrick Henry,HenrDe00,WR,DeAndre Hopkins,HopkDe00,TE,Josh Whyle,WhylJo01,TE,Trevon Wesco,WescTr00,TE,Chig Okonkwo,OkonCh00,OL,Chris Hubbard,HubbCh00,OL,Aaron Brewer,BrewAa01,OL,Dillon Radunz,RaduDi00,OL,Peter Skoronski,SkorPe00,T,Andre Dillard,DillAn00,DL,Denico Autry,AutrDe00,DT,Kyle Peko,PekoKy00,DT,Jeffery Simmons,SimmJe01,DT,Teair Tart,TartTe00,OLB,Harold Landry,LandHa00,LB,Jack Gibbens,GibbJa00,LB,Azeez Al-Shaair,AlShAz00,CB,Kristian Fulton,FultKr00,CB,Roger McCreary,McCrRo01,CB,Elijah Molden,MoldEl00,DB,Amani Hooker,HookAm00,Referee,Alan Eck,Umpire,Tab Slaughter,Down Judge,Fred Bryan,Line Judge,Robin DeLorenzo,Back Judge,Greg Meyer,Side Judge,Dale Shaw,Field Judge,John Jenkins
202311130buf,2023-11-13,Monday,8:15pm,Buffalo Bills,Denver Broncos,buf,den,22,24,Sean McDermott,Sean Payton,Highmark Stadium,70318,3:10,outdoors,a_turf,"49 degrees, relative humidity 61%, wind 10 mph",QB,Josh Allen,AlleJo02,RB,James Cook,CookJa01,WR,Gabe Davis,DaviGa01,WR,Stefon Diggs,DiggSt00,WR,Trent Sherfield,SherTr00,TE,Dalton Kincaid,KincDa00,T,Spencer Brown,BrowSp00,T,Dion Dawkins,DawkDi00,G,O'Cyrus Torrence,TorrOC00,G,Connor McGovern,McGoCo01,C,Mitch Morse,MorsMi00,DE,Leonard Floyd,FloyLe00,DE,Gregory Rousseau,RousGr00,DT,Jordan Phillips,PhilJo01,DT,Ed Oliver,OlivEd00,LB,Terrel Bernard,BernTe00,LB,Tyrel Dodson,DodsTy01,CB,Taron Johnson,JohnTa01,CB,Dane Jackson,JackDa02,CB,Rasul Douglas,DougRa00,S,Jordan Poyer,PoyeJo00,S,Taylor Rapp,RappTa00,QB,Russell Wilson,WilsRu00,RB,Javonte Williams,WillJa10,WR,Marvin Mims,MimsMa00,WR,Jerry Jeudy,JeudJe00,TE,Adam Trautman,TrauAd00,TE,Chris Manhertz,ManhCh00,OL,Quinn Meinerz,MeinQu02,T,Mike McGlinchey,McGlMi00,T,Garett Bolles,BollGa00,G,Ben Powers,PoweBe00,C,Lloyd Cushenberry III,CushLl00,DL,Mike Purcell,PurcMi00,DE,Zach Allen,AlleZa01,DT,D.J. Jones,,OLB,Jonathon Cooper,CoopJo02,OLB,Baron Browning,BrowBa01,LB,Alex Singleton,SingAl00,CB,Ja'Quan McMillian,McMiJa00,CB,Fabian Moreau,MoreFa00,CB,Patrick Surtain II,SurtPa01,S,P.J. Locke,LockPJ00,S,Justin Simmons,SimmJu00,Referee,Bill Vinovich,Umpire,Alex Moore,Down Judge,Dale Keller,Line Judge,Mark Perlman,Back Judge,Jimmy Russell,Side Judge,Jimmy Buchanan,Field Judge,Joe Blubaugh
202311160rav,2023-11-16,Thursday,8:15pm,Baltimore Ravens,Cincinnati Bengals,rav,cin,34,20,John Harbaugh,Zac Taylor,M&amp;T Bank Stadium,70997,3:08,outdoors,grass,"56 degrees, relative humidity 54%, wind 1 mph",QB,Lamar Jackson,JackLa00,RB,Gus Edwards,EdwaGu00,FB,Patrick Ricard,RicaPa00,WR,Rashod Bateman,BateRa00,WR,Zay Flowers,FlowZa00,TE,Mark Andrews,AndrMa00,OL,Patrick Mekari,MekaPa00,T,Morgan Moses,MoseMo00,G,John Simpson,SimpJo00,G,Kevin Zeitler,ZeitKe00,C,Tyler Linderbaum,LindTy00,DT,Nnamdi Madubuike,MaduJu00,NT,Michael Pierce,PierMi00,OLB,Odafe Oweh,OwehJa00,OLB,Jadeveon Clowney,ClowJa00,LB,Patrick Queen,QueePa00,LB,Roquan Smith,SmitRo07,CB,Ronald Darby,DarbRo00,DB,Brandon Stephens,StepBr01,S,Kyle Hamilton,HamiKy00,S,Geno Stone,StonGe00,S,Marcus Williams,WillMa06,QB,Joe Burrow,BurrJo01,RB,Joe Mixon,MixoJo00,WR,Tyler Boyd,BoydTy00,WR,Ja'Marr Chase,ChasJa00,WR,Trenton Irwin,IrwiTr00,TE,Drew Sample,SampDr00,T,Orlando Brown Jr.,BrowOr00,T,Jonah Williams,WillJo10,G,Cordell Volson,VolsCo02,G,Alex Cappa,CappAl00,C,Ted Karras,KarrTe00,DE,Trey Hendrickson,HendTr00,DE,Cameron Sample,SampCa00,DT,B.J. Hill,,DT,D.J. Reader,,LB,Germaine Pratt,PratGe00,LB,Akeem Davis-Gaither,DaviAk01,LB,Logan Wilson,WilsLo00,CB,Cam Taylor-Britt,TaylCa01,CB,DJ Turner,TurnDJ01,S,Daxton Hill,HillDa04,S,Nick Scott,ScotNi01,Referee,Adrian Hill,Umpire,Roy Ellison,Down Judge,David Oliver,Line Judge,Brett Bergman,Back Judge,Greg Steed,Side Judge,Jim Quirk,Field Judge,Mearl Robinson
202311190buf,2023-11-19,Sunday,4:25pm,Buffalo Bills,New York Jets,buf,nyj,32,6,Sean McDermott,Robert Saleh,Highmark Stadium,70603,3:23,outdoors,a_turf,"40 degrees, relative humidity 60%, wind 9 mph",QB,Josh Allen,AlleJo02,RB,Latavius Murray,MurrLa00,WR,Gabe Davis,DaviGa01,WR,Stefon Diggs,DiggSt00,WR,Khalil Shakir,ShakKh00,TE,Dalton Kincaid,KincDa00,T,Spencer Brown,BrowSp00,T,Dion Dawkins,DawkDi00,G,O'Cyrus Torrence,TorrOC00,G,Connor McGovern,McGoCo01,C,Mitch Morse,MorsMi00,DE,Leonard Floyd,FloyLe00,DE,Gregory Rousseau,RousGr00,DT,Jordan Phillips,PhilJo01,DT,Ed Oliver,OlivEd00,LB,Terrel Bernard,BernTe00,LB,Tyrel Dodson,DodsTy01,CB,Taron Johnson,JohnTa01,CB,Dane Jackson,JackDa02,CB,Rasul Douglas,DougRa00,S,Jordan Poyer,PoyeJo00,S,Micah Hyde,HydeMi00,QB,Zach Wilson,WilsZa00,RB,Breece Hall,HallBr03,WR,Allen Lazard,LazaAl00,WR,Garrett Wilson,WilsGa00,WR,Xavier Gipson,GipsXa00,TE,Tyler Conklin,ConkTy00,OL,Max Mitchell,MitcMa02,T,Mekhi Becton,BectMe00,G,Chris Glaser,GlasCh01,G,Laken Tomlinson,TomlLa01,C,Joe Tippmann,TippJo00,DL,John Franklin-Myers,FranJo02,DL,Quinnen Williams,WillQu00,DL,Quinton Jefferson,JeffQu00,LB,C.J. Mosley,,LB,Jermaine Johnson II,JohnJe07,LB,Quincy Williams,WillQu01,CB,D.J. Reed,,CB,Brandin Echols,EchoBr00,CB,Sauce Gardner,GardSa00,S,Tony Adams,AdamTo03,S,Jordan Whitehead,WhitJo03,Referee,Alan Eck,Umpire,Tab Slaughter,Down Judge,Fred Bryan,Line Judge,Robin DeLorenzo,Back Judge,Greg Meyer,Side Judge,Dale Shaw,Field Judge,John Jenkins
202311190car,2023-11-19,Sunday,1:00pm,Carolina Panthers,Dallas Cowboys,car,dal,10,33,Frank Reich,Mike McCarthy,Bank of America Stadium,73543,3:02,outdoors,grass,"65 degrees, relative humidity 28%, wind 2 mph",QB,Bryce Young,YounBr01,RB,Chuba Hubbard,HubbCh01,WR,Adam Thielen,ThieAd00,WR,Mike Strachan,StraMi03,TE,Tommy Tremble,TremTo00,TE,Ian Thomas,ThomIa00,OL,Bradley Bozeman,BozeBr00,T,Ikem Ekwonu,EkwoIk00,T,Taylor Moton,MotoTa00,G,Austin Corbett,CorbAu00,G,Chandler Zavala,ZavaCh00,DT,DeShawn Williams,WillDe04,DT,Shy Tuttle,TuttSh00,DT,Derrick Brown,BrowDe05,OLB,Brian Burns,BurnBr00,OLB,DJ Johnson,JohnDJ00,LB,Frankie Luvu,LuvuFr00,CB,Donte Jackson,JackDo02,CB,Troy Hill,HillTr01,CB,Dicaprio Bootle,BootDi00,S,Vonn Bell,BellVo00,S,Xavier Woods,WoodXa00,QB,Dak Prescott,PresDa01,RB,Tony Pollard,PollTo00,WR,Brandin Cooks,CookBr00,WR,Michael Gallup,GallMi00,WR,CeeDee Lamb,LambCe00,TE,Jake Ferguson,FergJa00,OL,Tyler Smith,SmitTy02,T,Terence Steele,SteeTe01,T,Tyron Smith,SmitTy00,G,Zack Martin,MartZa00,C,Tyler Biadasz,BiadTy00,DE,DeMarcus Lawrence,LawrDe00,DT,Osa Odighizuwa,OdigOs00,DT,Johnathan Hankins,HankJo00,LB,Micah Parsons,ParsMi00,LB,Damone Clark,ClarDa02,CB,Stephon Gilmore,GilmSt00,CB,DaRon Bland,BlanDa00,S,Jayron Kearse,KearJa00,S,Malik Hooker,HookMa00,S,Markquese Bell,BellMa01,S,Donovan Wilson,WilsDo01,Referee,Clay Martin,Umpire,James Carter,Down Judge,Jerod Phillips,Line Judge,Greg Bradley,Back Judge,Greg Wilson,Side Judge,Dave Hawkshaw,Field Judge,Alonzo Ramsey
202311190cle,2023-11-19,Sunday,1:00pm,Cleveland Browns,Pittsburgh Steelers,cle,pit,13,10,Kevin Stefanski,Mike Tomlin,Cleveland Browns Stadium,67919,3:06,outdoors,grass,"48 degrees, relative humidity 67%, wind 11 mph",QB,Dorian Thompson-Robinson,ThomDo02,RB,Jerome Ford,FordJe00,WR,Cedric Tillman,TillCe01,WR,Amari Cooper,CoopAm00,WR,Elijah Moore,MoorEl00,TE,David Njoku,NjokDa00,T,Geron Christian,ChriGe01,T,James Hudson,HudsJa00,G,Wyatt Teller,TellWy00,G,Joel Bitonio,BitoJo00,C,Ethan Pocic,PociEt00,DE,Myles Garrett,GarrMy00,DE,Za'Darius Smith,SmitZa00,DT,Shelby Harris,HarrSh00,DT,Jordan Elliott,ElliJo02,DT,Dalvin Tomlinson,TomlDa00,LB,Anthony Walker,WalkAn01,CB,Martin Emerson,EmerMa00,CB,Greg Newsome II,NewsGr00,CB,Denzel Ward,WardDe02,S,Rodney McLeod,McLeRo00,S,Grant Delpit,DelpGr00,QB,Kenny Pickett,PickKe00,RB,Najee Harris,HarrNa00,WR,Allen Robinson,RobiAl02,WR,Diontae Johnson,JohnDi01,WR,George Pickens,PickGe00,TE,Pat Freiermuth,FreiPa00,OL,James Daniels,DaniJa01,T,Broderick Jones,JoneBr09,T,Dan Moore,MoorDa05,G,Isaac Seumalo,SeumIs00,C,Mason Cole,ColeMa02,DL,Keeanu Benton,BentKe00,DT,Larry Ogunjobi,OgunLa00,DT,Cameron Heyward,HeywCa01,LB,Elandon Roberts,RobeEl00,LB,Alex Highsmith,HighAl02,LB,Mykal Walker,WalkMy00,LB,T.J. Watt,,CB,Patrick Peterson,PetePa00,CB,Joey Porter Jr.,PortJo02,CB,Levi Wallace,WallLe00,S,Damontae Kazee,KazeDa00,Referee,Shawn Hochuli,Umpire,Terry Killens,Down Judge,Patrick Holt,Line Judge,Tim Podraza,Back Judge,Rich Martinez,Side Judge,Chad Hill,Field Judge,Jason Ledet
202311190den,2023-11-19,Sunday,8:20pm,Denver Broncos,Minnesota Vikings,den,min,21,20,Sean Payton,Kevin O'Connell,Empower Field at Mile High,76848,3:02,outdoors,grass,"53 degrees, relative humidity 30%, wind 3 mph",QB,Russell Wilson,WilsRu00,RB,Javonte Williams,WillJa10,WR,Courtland Sutton,SuttCo00,WR,Jerry Jeudy,JeudJe00,TE,Adam Trautman,TrauAd00,TE,Nate Adkins,AdkiNa00,OL,Quinn Meinerz,MeinQu02,T,Mike McGlinchey,McGlMi00,T,Garett Bolles,BollGa00,G,Ben Powers,PoweBe00,C,Lloyd Cushenberry III,CushLl00,DL,Mike Purcell,PurcMi00,DE,Zach Allen,AlleZa01,DT,D.J. Jones,,OLB,Jonathon Cooper,CoopJo02,OLB,Baron Browning,BrowBa01,LB,Josey Jewell,JeweJo00,LB,Alex Singleton,SingAl00,CB,Fabian Moreau,MoreFa00,CB,Patrick Surtain II,SurtPa01,S,Kareem Jackson,JackKa99,S,Justin Simmons,SimmJu00,QB,Joshua Dobbs,DobbJo00,RB,Alexander Mattison,MattAl01,WR,Jordan Addison,AddiJo00,WR,K.J. Osborn,OsboKJ00,TE,T.J. Hockenson,HockTJ00,TE,Josh Oliver,OlivJo00,T,Christian Darrisaw,DarrCh00,T,Brian O'Neill,ONeiBr00,G,Dalton Risner,RisnDa00,G,Ed Ingram,IngrEd00,C,Garrett Bradbury,BradGa00,DL,Jonathan Bullard,BullJo00,DL,Harrison Phillips,PhilHa00,DL,Dean Lowry,LowrDe00,OLB,D.J. Wonnum,WonnDJ00,OLB,Danielle Hunter,HuntDa01,LB,Ivan Pace,PaceIv00,CB,Byron Murphy,MurpBy00,CB,Mekhi Blackmon,BlacMe00,S,Josh Metellus,MeteJo00,S,Camryn Bynum,BynuCa00,S,Harrison Smith,SmitHa00,Referee,Ron Torbert,Umpire,Barry Anderson,Down Judge,Max Causey,Line Judge,Maia Chaka,Back Judge,Tony Josselyn,Side Judge,Keith Washington,Field Judge,Ryan Dickson
202311190det,2023-11-19,Sunday,1:00pm,Detroit Lions,Chicago Bears,det,chi,31,26,Dan Campbell,Matt Eberflus,Ford Field,63873,3:03,dome,fieldturf,,QB,Jared Goff,GoffJa00,RB,David Montgomery,MontDa01,WR,Jameson Williams,WillJa11,WR,Amon-Ra St. Brown,StxxAm00,WR,Josh Reynolds,ReynJo00,TE,Sam LaPorta,LaPoSa01,OL,Colby Sorsdal,SorsCo00,OL,Graham Glasgow,GlasGr00,T,Taylor Decker,DeckTa00,T,Penei Sewell,SewePe00,C,Frank Ragnow,RagnFr00,DL,John Cominsky,ComiJo00,DL,Aidan Hutchinson,HutcAi00,DL,Benito Jones,JoneBe03,DL,Alim McNeill,McNeAl00,LB,Derrick Barnes,BarnDe02,LB,Jack Campbell,CampJa04,LB,Alex Anzalone,AnzaAl00,CB,Jerry Jacobs,JacoJe00,CB,Cameron Sutton,SuttCa00,DB,Brian Branch,BranBr00,S,Kerby Joseph,JoseKe03,QB,Justin Fields,FielJu00,RB,D'Onta Foreman,ForeDO00,WR,D.J. Moore,,WR,Darnell Mooney,MoonDa00,TE,Robert Tonyan,TonyRo00,TE,Cole Kmet,KmetCo00,OL,Braxton Jones,JoneBr08,OL,Darnell Wright,WrigDa00,OL,Lucas Patrick,PatrLu00,OL,Teven Jenkins,JenkTe00,OL,Nate Davis,DaviNa01,DL,Andrew Billings,BillAn00,DL,Justin Jones,JoneJu03,DL,Yannick Ngakoue,NgakYa00,DL,Montez Sweat,SweaMo00,LB,T.J. Edwards,EdwaTJ02,LB,Tremaine Edmunds,EdmuTr01,DB,Jaylon Johnson,JohnJa13,DB,Eddie Jackson,JackEd01,DB,Kyler Gordon,GordKy00,DB,Tyrique Stevenson,StevTy01,DB,Jaquan Brisker,BrisJa01,Referee,Scott Novak,Umpire,Mark Pellis,Down Judge,Brian Sakowski,Line Judge,Mark Stewart,Back Judge,Terrence Miles,Side Judge,David Meslow,Field Judge,Tra Boger
202311190gnb,2023-11-19,Sunday,1:00pm,Green Bay Packers,Los Angeles Chargers,gnb,sdg,23,20,Matt LaFleur,Brandon Staley,Lambeau Field,77432,3:08,outdoors,grass,"45 degrees, relative humidity 55%, wind 5 mph",QB,Jordan Love,LoveJo03,RB,Aaron Jones,JoneAa00,WR,Christian Watson,WatsCh00,WR,Romeo Doubs,DoubRo00,WR,Jayden Reed,ReedJa03,TE,Luke Musgrave,MusgLu00,OL,Elgton Jenkins,JenkEl00,OL,Josh Myers,MyerJo00,OL,Zach Tom,TomxZa00,T,Rasheed Walker,WalkRa00,G,Jon Runyan Jr.,RunyJo00,DL,Kenny Clark,ClarKe01,DL,Tedarrell Slaton,SlatTe00,LB,De'Vondre Campbell,CampDe00,LB,Quay Walker,WalkQu00,LB,Preston Smith,SmitPr00,LB,Rashan Gary,GaryRa00,CB,Keisean Nixon,NixoKe00,CB,Carrington Valentine,ValeCa00,CB,Corey Ballentine,BallCo00,S,Jonathan Owens,OwenJo01,S,Anthony Johnson,JohnAn08,QB,Justin Herbert,HerbJu00,RB,Austin Ekeler,EkelAu00,WR,Alex Erickson,EricAl01,WR,Keenan Allen,AlleKe00,WR,Quentin Johnston,JohnQu02,TE,Stone Smartt,SmarSt00,OL,Will Clapp,ClapWi00,OL,Jamaree Salyer,SalyJa00,T,Rashawn Slater,SlatRa00,T,Trey Pipkins,PipkTr00,G,Zion Johnson,JohnZi00,DL,Austin Johnson,JohnAu01,DL,Sebastian Joseph-Day,JoseSe00,OLB,Khalil Mack,MackKh00,OLB,Joey Bosa,BosaJo00,LB,Eric Kendricks,KendEr00,LB,Kenneth Murray,MurrKe00,CB,Asante Samuel Jr.,SamuAs00,CB,Michael Davis,DaviMi03,FS,Dean Marlowe,MarlDe00,S,Derwin James,JameDe00,S,Alohi Gilman,GilmAl00,Referee,John Hussey,Umpire,Carl Paganelli,Down Judge,Frank LeBlanc,Line Judge,Carl Johnson,Back Judge,Matt Edwards,Side Judge,Allen Baynes,Field Judge,Anthony Flemming
202311190htx,2023-11-19,Sunday,1:00pm,Houston Texans,Arizona Cardinals,htx,crd,21,16,DeMeco Ryans,Jonathan Gannon,NRG Stadium,70247,2:51,retractable roof (closed),astroturf,,QB,C.J. Stroud,StroCJ00,RB,Devin Singletary,SingDe00,FB,Andrew Beck,BeckAn01,WR,Robert Woods,WoodRo02,WR,Tank Dell,DellNa00,TE,Dalton Schultz,SchuDa00,OL,Michael Deiter,DeitMi00,T,George Fant,FantGe00,T,Laremy Tunsil,TunsLa00,T,Tytus Howard,HowaTy00,G,Shaq Mason,MasoSh01,DE,Will Anderson,AndeWi01,DE,Jonathan Greenard,GreeJo04,DT,Sheldon Rankins,RankSh00,DT,Maliek Collins,CollMa00,LB,Blake Cashman,CashBl00,LB,Christian Harris,HarrCh06,CB,Steven Nelson,NelsSt01,CB,Derek Stingley Jr.,StinDe00,CB,Tavierre Thomas,ThomTa01,DB,DeAndre Houston-Carson,HousDe00,S,Jalen Pitre,PitrJa00,QB,Kyler Murray,MurrKy00,RB,James Conner,ConnJa00,WR,Marquise Brown,BrowMa04,WR,Rondale Moore,MoorRo02,TE,Trey McBride,McBrTr01,TE,Geoff Swaim,SwaiGe00,OL,Hjalte Froholdt,FrohHj00,OL,Will Hernandez,HernWi00,OL,D.J. Humphries,,OL,Paris Johnson,JohnPa03,OL,Carter O'Donnell,ODonCa00,DL,Kevin Strong,StroKe00,DT,Leki Fotu,FotuLe00,DT,Dante Stills,StilDa01,OLB,Victor Dimukeje,DimuVi00,LB,Zaven Collins,CollZa00,LB,Kyzir White,WhitKy00,LB,Josh Woods,WoodJo02,CB,Antonio Hamilton,HamiAn01,CB,Marco Wilson,WilsMa04,S,Budda Baker,BakeBu00,S,Jalen Thompson,ThomJa04,Referee,Alex Kemp,Umpire,Mike Morton,Down Judge,Danny Short,Line Judge,Rusty Baynes,Back Judge,Scott Helverson,Side Judge,James Coleman,Field Judge,Sean Petty
202311190jax,2023-11-19,Sunday,1:00pm,Jacksonville Jaguars,Tennessee Titans,jax,oti,34,14,Doug Pederson,Mike Vrabel,EverBank Stadium,67175,2:47,outdoors,grass,"75 degrees, relative humidity 62%, wind 3 mph",QB,Trevor Lawrence,LawrTr00,RB,Travis Etienne,EtieTr00,WR,Calvin Ridley,RidlCa00,WR,Christian Kirk,KirkCh01,TE,Evan Engram,EngrEv00,TE,Brenton Strange,StraBr00,OL,Brandon Scherff,ScheBr00,OL,Cam Robinson,RobiCa00,OL,Walker Little,LittWa00,OL,Luke Fortner,FortLu01,T,Anton Harrison,HarrAn00,DL,Adam Gotsis,GotsAd00,DL,Folorunso Fatukasi,FatuFo00,DL,Roy Robertson-Harris,RobeRo00,OLB,Travon Walker,WalkTr03,OLB,Josh Hines-Allen,AlleJo03,LB,Devin Lloyd,LloyDe00,LB,Foyesade Oluokun,OluoFo00,CB,Darious Williams,WillDa09,CB,Montaric Brown,BrowMo00,S,Rayshawn Jenkins,JenkRa00,S,Andre Cisco,CiscAn00,QB,Will Levis,LeviWi00,RB,Derrick Henry,HenrDe00,WR,Nick Westbrook-Ikhine,WestNi00,WR,DeAndre Hopkins,HopkDe00,TE,Josh Whyle,WhylJo01,TE,Trevon Wesco,WescTr00,OL,Aaron Brewer,BrewAa01,OL,Peter Skoronski,SkorPe00,OL,Dillon Radunz,RaduDi00,OL,Chris Hubbard,HubbCh00,OL,Daniel Brunskill,BrunDa00,DT,Kyle Peko,PekoKy00,DT,Jeffery Simmons,SimmJe01,DT,Teair Tart,TartTe00,OLB,Harold Landry,LandHa00,OLB,Arden Key,KeyxAr00,LB,Azeez Al-Shaair,AlShAz00,CB,Roger McCreary,McCrRo01,CB,Elijah Molden,MoldEl00,CB,Kristian Fulton,FultKr00,DB,Amani Hooker,HookAm00,S,K'Von Wallace,WallKV00,Referee,Brad Rogers,Umpire,Ramon George,Down Judge,Kent Payne,Line Judge,Kevin Codey,Back Judge,Tyree Walton,Side Judge,Anthony Jeffries,Field Judge,Aaron Santi
202311190mia,2023-11-19,Sunday,1:00pm,Miami Dolphins,Las Vegas Raiders,mia,rai,20,13,Mike McDaniel,Antonio Pierce,Hard Rock Stadium,66026,3:08,outdoors,grass,"82 degrees, relative humidity 71%, wind 7 mph",QB,Tua Tagovailoa,TagoTu00,RB,Raheem Mostert,MostRa00,RB,De'Von Achane,AchaDe00,WR,Jaylen Waddle,WaddJa00,WR,Tyreek Hill,HillTy00,TE,Julian Hill,HillJu02,OL,Austin Jackson,JackAu00,OL,Connor Williams,WillCo00,OL,Liam Eichenberg,EichLi00,T,Terron Armstead,ArmsTe00,G,Lester Cotton,CottLe00,DT,Zach Sieler,SielZa00,DT,Christian Wilkins,WilkCh00,LB,David Long,LongDa04,LB,Jaelan Phillips,PhilJa02,LB,Bradley Chubb,ChubBr00,LB,Jerome Baker,BakeJe00,CB,Xavien Howard,HowaXa00,CB,Kader Kohou,KohoKa00,CB,Jalen Ramsey,RamsJa00,S,DeShon Elliott,ElliDe02,S,Jevon Holland,HollJe02,QB,Aidan O'Connell,OConAi00,RB,Josh Jacobs,JacoJo01,WR,Davante Adams,AdamDa01,WR,Hunter Renfrow,RenfHu00,WR,Jakobi Meyers,MeyeJa01,TE,Michael Mayer,MayeMi00,OL,Jermaine Eluemunor,ElueJe00,T,Thayer Munford,MunfTh00,G,Greg Van Roten,VanRGr00,G,Dylan Parham,ParhDy00,C,Andre James,JameAn01,DE,Malcolm Koonce,KoonMa00,DE,Maxx Crosby,CrosMa00,DT,John Jenkins,JenkJo00,DT,Bilal Nichols,NichBi00,LB,Divine Deablo,DeabDi00,LB,Robert Spillane,SpilRo00,CB,Nate Hobbs,HobbNa00,CB,Tyler Hall,HallTy01,CB,Marcus Peters,PeteMa00,S,Tre'von Moehrig,MoehTr00,S,Marcus Epps,EppsMa00,Referee,Bill Vinovich,Umpire,Alex Moore,Down Judge,Dale Keller,Line Judge,Mark Perlman,Back Judge,Jimmy Russell,Side Judge,Jimmy Buchanan,Field Judge,Joe Blubaugh
202311190ram,2023-11-19,Sunday,4:25pm,Los Angeles Rams,Seattle Seahawks,ram,sea,17,16,Sean McVay,Pete Carroll,SoFi Stadium,72704,3:07,dome,matrixturf,,QB,Matthew Stafford,StafMa00,RB,Darrell Henderson,HendDa00,WR,Tutu Atwell,AtweTu00,WR,Cooper Kupp,KuppCo00,WR,Puka Nacua,NacuPu00,TE,Tyler Higbee,HigbTy00,OL,Kevin Dotson,DotsKe00,T,Rob Havenstein,HaveRo00,T,Alaric Jackson,JackAl01,G,Steve Avila,AvilSt00,G,Coleman Shelton,ShelCo00,DE,Jonah Williams,WillJo16,DT,Aaron Donald,DonaAa00,NT,Bobby Brown,BrowBo04,OLB,Byron Young,YounBy01,OLB,Michael Hoecht,HoecMi00,LB,Troy Reeder,ReedTr01,LB,Ernest Jones,JoneEr01,DB,Quentin Lake,LakeQu00,DB,Derion Kendrick,KendDe00,DB,Ahkello Witherspoon,WithAh00,DB,Jordan Fuller,FullJo01,QB,Geno Smith,SmitGe00,RB,Kenneth Walker III,WalkKe00,WR,D.K. Metcalf,MetcDK00,WR,Tyler Lockett,LockTy00,TE,Will Dissly,DissWi00,TE,Noah Fant,FantNo00,T,Charles Cross,CrosCh00,T,Jason Peters,PeteJa21,G,Damien Lewis,LewiDa05,G,Phil Haynes,HaynPh00,C,Evan Brown,BrowEv00,DL,Leonard Williams,WillLe02,DE,Dre'Mont Jones,JoneDr00,DE,Jarran Reed,ReedJa02,LB,Boye Mafe,MafeBo00,LB,Jordyn Brooks,BrooJo01,LB,Bobby Wagner,WagnBo00,CB,Riq Woolen,WoolTa00,CB,Devon Witherspoon,WithDe00,CB,Tre Brown,BrowTr03,FS,Quandre Diggs,DiggQu00,S,Julian Love,LoveJu00,Referee,Carl Cheffers,Umpire,Brandon Cruse,Down Judge,Mike Carr,Line Judge,Tom Eaton,Back Judge,Martin Hankins,Side Judge,Eugene Hall,Field Judge,Nathan Jones
202311190sfo,2023-11-19,Sunday,4:05pm,San Francisco 49ers,Tampa Bay Buccaneers,sfo,tam,27,14,Kyle Shanahan,Todd Bowles,Levi's Stadium,71607,2:56,outdoors,grass,"65 degrees, relative humidity 52%, wind 10 mph",QB,Brock Purdy,PurdBr00,RB,Christian McCaffrey,McCaCh01,FB,Kyle Juszczyk,JuszKy00,WR,Brandon Aiyuk,AiyuBr00,WR,Deebo Samuel,SamuDe00,TE,George Kittle,KittGe00,OL,Jake Brendel,BrenJa01,OL,Spencer Burford,BurfSp00,OL,Jon Feliciano,FeliJo00,OL,Colton McKivitz,McKiCo00,T,Trent Williams,WillTr21,DL,Arik Armstead,ArmsAr01,DL,Javon Hargrave,HargJa00,DL,Clelin Ferrell,FerrCl00,DL,Nick Bosa,BosaNi00,LB,Dre Greenlaw,GreeDr00,LB,Oren Burks,BurkOr00,LB,Fred Warner,WarnFr00,CB,Charvarius Ward,WardCh01,DB,Deommodore Lenoir,LenoDe00,S,Talanoa Hufanga,HufaTa00,S,Tashaun Gipson,GipsTa00,QB,Baker Mayfield,MayfBa00,RB,Rachaad White,WhitRa01,WR,Mike Evans,EvanMi00,WR,Chris Godwin,GodwCh00,TE,Cade Otton,OttoCa00,TE,Ko Kieft,KiefKo00,OL,Robert Hainsey,HainRo00,T,Tristan Wirfs,WirfTr00,G,Cody Mauch,MaucCo00,G,Aaron Stinnie,StinAa00,G,Luke Goedeke,GoedLu00,DL,Calijah Kancey,KancCa00,DL,Logan Hall,HallLo00,DL,Vita Vea,VeaxVi00,OLB,Shaquil Barrett,BarrSh00,OLB,Joe Tryon-Shoyinka,TryoJo00,LB,Devin White,WhitDe02,LB,Lavonte David,DaviLa00,CB,Jamel Dean,DeanJa00,CB,Carlton Davis,DaviCa02,S,Kaevon Merriweather,MerrKa00,S,Antoine Winfield Jr.,WinfAn00,Referee,Craig Wrolstad,Umpire,Steve Woods,Down Judge,Jim Mello,Line Judge,Tripp Sutter,Back Judge,Grantis Bell,Side Judge,Frank Steratore,Field Judge,Jeff Shears
202311190was,2023-11-19,Sunday,1:00pm,Washington Commanders,New York Giants,was,nyg,19,31,Ron Rivera,Brian Daboll,FedExField,62714,3:08,outdoors,grass,"56 degrees, relative humidity 32%, wind 7 mph",QB,Sam Howell,HoweSa00,RB,Brian Robinson Jr.,RobiBr01,WR,Curtis Samuel,SamuCu00,WR,Terry McLaurin,McLaTe00,WR,Byron Pringle,PrinBy00,TE,Logan Thomas,ThomLo00,OL,Andrew Wylie,WyliAn00,T,Samuel Cosmi,CosmSa00,T,Charles Leno Jr.,LenoCh00,G,Chris Paul,PaulCh00,C,Tyler Larsen,LarsTy00,DE,Casey Toohill,ToohCa00,DE,Andre Jones,JoneAn02,DT,Jonathan Allen,AlleJo01,DT,Daron Payne,PaynDa00,LB,David Mayo,MayoDa00,LB,Jamin Davis,DaviJa11,CB,Kendall Fuller,FullKe00,CB,Emmanuel Forbes,ForbEm00,CB,Benjamin St-Juste,StJuBe00,S,Kamren Curl,CurlKa00,S,Percy Butler,ButlPe00,QB,Tommy DeVito,DeViTo00,RB,Saquon Barkley,BarkSa00,WR,Darius Slayton,SlayDa01,WR,Jalin Hyatt,HyatJa00,WR,Wan'Dale Robinson,RobiWa01,TE,Daniel Bellinger,BellDa00,OL,Justin Pugh,PughJu00,T,Andrew Thomas,ThomAn02,T,Tyre Phillips,PhilTy00,G,Ben Bredeson,BredBe00,C,John Michael Schmitz,MichJo00,DL,A'Shawn Robinson,RobiAS00,DL,Dexter Lawrence,LawrDe03,OLB,Kayvon Thibodeaux,ThibKa00,OLB,Jihad Ward,WardJi02,LB,Bobby Okereke,OkerBo00,LB,Micah McFadden,McFaMi01,CB,Deonte Banks,BankDe00,CB,Tre Hawkins,HawkTr00,CB,Cordale Flott,FlotCo00,S,Xavier McKinney,McKiXa00,S,Jason Pinnock,PinnJa01,Referee,Brad Allen,Umpire,Duane Heydt,Down Judge,Sarah Thomas,Line Judge,Walter Flowers,Back Judge,Greg Yette,Side Judge,Boris Cheek,Field Judge,Rick Patterson
202311200kan,2023-11-20,Monday,8:15pm,Kansas City Chiefs,Philadelphia Eagles,kan,phi,17,21,Andy Reid,Nick Sirianni,GEHA Field at Arrowhead Stadium,73754,3:04,outdoors,grass,"45 degrees, relative humidity 90%, wind 12 mph",QB,Patrick Mahomes,MahoPa00,RB,Isiah Pacheco,PachIs00,WR,Mecole Hardman,HardMe00,TE,Blake Bell,BellBl00,TE,Noah Gray,GrayNo00,TE,Travis Kelce,KelcTr00,T,Jawaan Taylor,TaylJa02,T,Donovan Smith,SmitDo02,G,Joe Thuney,ThunJo00,G,Trey Smith,SmitTr05,C,Creed Humphrey,HumpCr00,DE,Michael Danna,DannMi00,DE,George Karlaftis III,KarlGe00,DT,Chris Jones,JoneCh09,DT,Derrick Nnadi,NnadDe00,LB,Drue Tranquill,TranDr00,LB,Willie Gay Jr.,GayJWi00,LB,Leo Chenal,ChenLe00,CB,Trent McDuffie,McDuTr00,CB,L'Jarius Sneed,SneeLJ00,S,Justin Reid,ReidJu00,S,Bryan Cook,CookBr02,QB,Jalen Hurts,HurtJa00,RB,D'Andre Swift,SwifDA00,WR,A.J. Brown,BrowAJ00,WR,DeVonta Smith,SmitDe07,TE,Grant Calcaterra,CalcGr00,TE,Jack Stoll,StolJa00,OL,Cam Jurgens,JurgCa01,T,Jordan Mailata,MailJo00,T,Lane Johnson,JohnLa01,G,Landon Dickerson,DickLa00,C,Jason Kelce,KelcJa00,DE,Josh Sweat,SweaJo00,DT,Milton Williams,WillMi08,DT,Jordan Davis,DaviJo03,DT,Fletcher Cox,CoxxFl00,OLB,Haason Reddick,ReddHa00,LB,Nicholas Morrow,MorrNi00,LB,Zach Cunningham,CunnZa00,CB,Darius Slay,SlayDa00,CB,James Bradberry,BradJa00,S,Kevin Byard,ByarKe01,S,Reed Blankenship,BlanRe00,Referee,Shawn Smith,Umpire,Bryan Neale,Down Judge,Jay Bilbo,Line Judge,Jeff Seeman,Back Judge,Dino Paganelli,Side Judge,Clay Reynard,Field Judge,Dyrol Prioleau
202311230dal,2023-11-23,Thursday,4:30pm,Dallas Cowboys,Washington Commanders,dal,was,45,10,Mike McCarthy,Ron Rivera,AT&amp;T Stadium,93711,3:07,retractable roof (closed),matrixturf,,QB,Dak Prescott,PresDa01,RB,Tony Pollard,PollTo00,WR,Brandin Cooks,CookBr00,WR,Michael Gallup,GallMi00,WR,CeeDee Lamb,LambCe00,TE,Jake Ferguson,FergJa00,OL,Tyler Smith,SmitTy02,T,Terence Steele,SteeTe01,T,Tyron Smith,SmitTy00,G,Zack Martin,MartZa00,C,Tyler Biadasz,BiadTy00,DE,DeMarcus Lawrence,LawrDe00,DT,Osa Odighizuwa,OdigOs00,DT,Johnathan Hankins,HankJo00,LB,Micah Parsons,ParsMi00,LB,Damone Clark,ClarDa02,CB,Jourdan Lewis,LewiJo01,CB,Stephon Gilmore,GilmSt00,CB,DaRon Bland,BlanDa00,S,Markquese Bell,BellMa01,S,Malik Hooker,HookMa00,S,Donovan Wilson,WilsDo01,QB,Sam Howell,HoweSa00,RB,Brian Robinson Jr.,RobiBr01,WR,Curtis Samuel,SamuCu00,WR,Terry McLaurin,McLaTe00,WR,Jahan Dotson,DotsJa00,TE,Logan Thomas,ThomLo00,OL,Andrew Wylie,WyliAn00,T,Charles Leno Jr.,LenoCh00,T,Samuel Cosmi,CosmSa00,G,Chris Paul,PaulCh00,C,Tyler Larsen,LarsTy00,DE,Andre Jones,JoneAn02,DE,Casey Toohill,ToohCa00,DT,Jonathan Allen,AlleJo01,DT,Daron Payne,PaynDa00,LB,Jamin Davis,DaviJa11,LB,Cody Barton,BartCo00,CB,Kendall Fuller,FullKe00,CB,Benjamin St-Juste,StJuBe00,DB,Quan Martin,MartJa04,S,Kamren Curl,CurlKa00,S,Percy Butler,ButlPe00,Referee,Bill Vinovich,Umpire,Alex Moore,Down Judge,Dale Keller,Line Judge,Mark Perlman,Back Judge,Jimmy Russell,Side Judge,Jimmy Buchanan,Field Judge,Joe Blubaugh
202311230det,2023-11-23,Thursday,12:30pm,Detroit Lions,Green Bay Packers,det,gnb,22,29,Dan Campbell,Matt LaFleur,Ford Field,66476,3:07,dome,fieldturf,,QB,Jared Goff,GoffJa00,RB,David Montgomery,MontDa01,WR,Jameson Williams,WillJa11,WR,Amon-Ra St. Brown,StxxAm00,TE,Sam LaPorta,LaPoSa01,OL,Colby Sorsdal,SorsCo00,OL,Graham Glasgow,GlasGr00,T,Taylor Decker,DeckTa00,T,Dan Skipper,SkipDa00,T,Penei Sewell,SewePe00,C,Frank Ragnow,RagnFr00,DL,Alim McNeill,McNeAl00,DL,Josh Paschal,PascJo00,DL,Aidan Hutchinson,HutcAi00,DT,Quinton Bohanna,BohaQu00,LB,Alex Anzalone,AnzaAl00,LB,Jack Campbell,CampJa04,CB,Jerry Jacobs,JacoJe00,CB,Cameron Sutton,SuttCa00,DB,Brian Branch,BranBr00,S,Kerby Joseph,JoseKe03,S,Tracy Walker,WalkTr01,QB,Jordan Love,LoveJo03,RB,AJ Dillon,DillAJ00,WR,Romeo Doubs,DoubRo00,WR,Christian Watson,WatsCh00,WR,Jayden Reed,ReedJa03,TE,Tucker Kraft,KrafTu00,OL,Elgton Jenkins,JenkEl00,OL,Zach Tom,TomxZa00,OL,Josh Myers,MyerJo00,T,Rasheed Walker,WalkRa00,G,Jon Runyan Jr.,RunyJo00,DL,Kenny Clark,ClarKe01,DL,Devonte Wyatt,WyatDe00,DL,Tedarrell Slaton,SlatTe00,LB,Preston Smith,SmitPr00,LB,Isaiah McDuffie,McDuIs00,LB,Quay Walker,WalkQu00,LB,Rashan Gary,GaryRa00,CB,Carrington Valentine,ValeCa00,CB,Corey Ballentine,BallCo00,S,Jonathan Owens,OwenJo01,S,Anthony Johnson,JohnAn08,Referee,Carl Cheffers,Umpire,Brandon Cruse,Down Judge,Mike Carr,Line Judge,Tom Eaton,Back Judge,Martin Hankins,Side Judge,Eugene Hall,Field Judge,Nathan Jones
202311230sea,2023-11-23,Thursday,8:20pm,Seattle Seahawks,San Francisco 49ers,sea,sfo,13,31,Pete Carroll,Kyle Shanahan,Lumen Field,68702,2:58,outdoors,fieldturf,"39 degrees, relative humidity 91%, wind 4 mph",QB,Geno Smith,SmitGe00,RB,Zach Charbonnet,CharZa00,WR,Tyler Lockett,LockTy00,WR,D.K. Metcalf,MetcDK00,TE,Will Dissly,DissWi00,TE,Noah Fant,FantNo00,T,Charles Cross,CrosCh00,T,Jason Peters,PeteJa21,G,Phil Haynes,HaynPh00,G,Damien Lewis,LewiDa05,C,Evan Brown,BrowEv00,DL,Leonard Williams,WillLe02,DE,Dre'Mont Jones,JoneDr00,DE,Jarran Reed,ReedJa02,LB,Jordyn Brooks,BrooJo01,LB,Bobby Wagner,WagnBo00,LB,Boye Mafe,MafeBo00,CB,Devon Witherspoon,WithDe00,CB,Riq Woolen,WoolTa00,SS,Jamal Adams,AdamJa00,FS,Quandre Diggs,DiggQu00,S,Julian Love,LoveJu00,QB,Brock Purdy,PurdBr00,RB,Christian McCaffrey,McCaCh01,FB,Kyle Juszczyk,JuszKy00,WR,Deebo Samuel,SamuDe00,WR,Brandon Aiyuk,AiyuBr00,TE,George Kittle,KittGe00,OL,Aaron Banks,BankAa00,OL,Jake Brendel,BrenJa01,OL,Colton McKivitz,McKiCo00,OL,Jon Feliciano,FeliJo00,T,Trent Williams,WillTr21,DL,Javon Hargrave,HargJa00,DL,Clelin Ferrell,FerrCl00,DL,Nick Bosa,BosaNi00,DL,Arik Armstead,ArmsAr01,LB,Dre Greenlaw,GreeDr00,LB,Oren Burks,BurkOr00,LB,Fred Warner,WarnFr00,CB,Charvarius Ward,WardCh01,DB,Deommodore Lenoir,LenoDe00,S,Tashaun Gipson,GipsTa00,S,Ji'Ayir Brown,BrowJi01,Referee,Tra Blake,Umpire,Tony Michalek,Down Judge,Patrick Turner,Line Judge,Daniel Gallagher,Back Judge,Todd Prukop,Side Judge,Don Willard,Field Judge,Tom Hill
202311240nyj,2023-11-24,Friday,3:00pm,New York Jets,Miami Dolphins,nyj,mia,13,34,Robert Saleh,Mike McDaniel,MetLife Stadium,82973,3:00,outdoors,fieldturf,"48 degrees, relative humidity 45%, wind 11 mph",QB,Tim Boyle,BoylTi00,RB,Breece Hall,HallBr03,WR,Garrett Wilson,WilsGa00,WR,Jason Brownlee,BrowJa07,TE,Tyler Conklin,ConkTy00,TE,Jeremy Ruckert,RuckJe00,OL,Max Mitchell,MitcMa02,OL,Xavier Newman-Johnson,NewmXa00,T,Carter Warren,WarrCa00,G,Laken Tomlinson,TomlLa01,C,Joe Tippmann,TippJo00,DL,Quinnen Williams,WillQu00,DL,Quinton Jefferson,JeffQu00,DL,John Franklin-Myers,FranJo02,LB,C.J. Mosley,,LB,Jermaine Johnson II,JohnJe07,LB,Quincy Williams,WillQu01,CB,D.J. Reed,,CB,Sauce Gardner,GardSa00,S,Tony Adams,AdamTo03,S,Jordan Whitehead,WhitJo03,S,Ashtyn Davis,DaviAs00,QB,Tua Tagovailoa,TagoTu00,RB,Raheem Mostert,MostRa00,WR,Jaylen Waddle,WaddJa00,WR,Tyreek Hill,HillTy00,TE,Durham Smythe,SmytDu00,TE,Julian Hill,HillJu02,OL,Austin Jackson,JackAu00,OL,Connor Williams,WillCo00,OL,Liam Eichenberg,EichLi00,T,Terron Armstead,ArmsTe00,G,Lester Cotton,CottLe00,DT,Zach Sieler,SielZa00,DT,Raekwon Davis,DaviRa03,DT,Christian Wilkins,WilkCh00,LB,David Long,LongDa04,LB,Jaelan Phillips,PhilJa02,LB,Bradley Chubb,ChubBr00,LB,Jerome Baker,BakeJe00,CB,Xavien Howard,HowaXa00,CB,Jalen Ramsey,RamsJa00,S,DeShon Elliott,ElliDe02,S,Jevon Holland,HollJe02,Referee,John Hussey,Umpire,Carl Paganelli,Down Judge,Frank LeBlanc,Line Judge,Carl Johnson,Back Judge,Matt Edwards,Side Judge,Allen Baynes,Field Judge,Anthony Flemming
202311260atl,2023-11-26,Sunday,1:00pm,Atlanta Falcons,New Orleans Saints,atl,nor,24,15,Arthur Smith,Dennis Allen,Mercedes-Benz Stadium,70166,2:53,retractable roof (closed),fieldturf,,QB,Desmond Ridder,RiddDe00,RB,Bijan Robinson,RobiBi01,WR,Drake London,LondDr00,WR,Van Jefferson,JeffVa00,TE,Jonnu Smith,SmitJo01,TE,Kyle Pitts,PittKy00,OL,Matthew Bergeron,BergMa00,OL,Drew Dalman,DalmDr00,T,Jake Matthews,MattJa00,T,Kaleb McGary,McGaKa00,G,Chris Lindstrom,LindCh00,DL,David Onyemata,OnyeDa00,DL,Calais Campbell,CampCa99,DL,Kentavius Street,StreKe00,OLB,Bud Dupree,DuprAl00,LB,Nathan Landman,LandNa01,LB,Kaden Elliss,ElliKa00,CB,Mike Hughes,HughMi00,CB,Jeff Okudah,OkudJe00,CB,AJ Terrell,TerrAJ00,S,Richie Grant,GranRi00,S,Jessie Bates III,BateJe00,QB,Derek Carr,CarrDe02,RB,Alvin Kamara,KamaAl00,WR,Chris Olave,OlavCh00,WR,Rashid Shaheed,ShahRa00,TE,Juwan Johnson,JohnJu02,OL,James Hurst,HursJa00,OL,Cesar Ruiz,RuizCe00,OL,Andrus Peat,PeatAn00,OL,Erik McCoy,McCoEr01,T,Landon Young,YounLa00,T,Ryan Ramczyk,RamcRy00,DE,Carl Granderson,GranCa01,DE,Cameron Jordan,JordCa00,DT,Khalen Saunders,SaunKh00,DT,Nathan Shepherd,ShepNa00,LB,Demario Davis,DaviDe00,LB,Pete Werner,WernPe00,CB,Paulson Adebo,AdebPa00,CB,Alontae Taylor,TaylAl01,CB,Isaac Yiadom,YiadIs00,S,Marcus Maye,MayeMa00,S,Tyrann Mathieu,MathTy00,Referee,Brad Allen,Umpire,Duane Heydt,Down Judge,Sarah Thomas,Line Judge,Walter Flowers,Back Judge,Greg Yette,Side Judge,Boris Cheek,Field Judge,Rick Patterson
202311260cin,2023-11-26,Sunday,1:00pm,Cincinnati Bengals,Pittsburgh Steelers,cin,pit,10,16,Zac Taylor,Mike Tomlin,Paycor Stadium,65090,2:48,outdoors,fieldturf,"48 degrees, relative humidity 78%, wind 9 mph",QB,Jake Browning,BrowJa08,RB,Joe Mixon,MixoJo00,WR,Ja'Marr Chase,ChasJa00,TE,Mitchell Wilcox,WilcMi01,TE,Drew Sample,SampDr00,T,Jonah Williams,WillJo10,T,Orlando Brown Jr.,BrowOr00,T,Cody Ford,FordCo00,G,Alex Cappa,CappAl00,G,Cordell Volson,VolsCo02,C,Ted Karras,KarrTe00,DE,Trey Hendrickson,HendTr00,DE,Sam Hubbard,HubbSa00,DT,B.J. Hill,,DT,D.J. Reader,,LB,Logan Wilson,WilsLo00,LB,Germaine Pratt,PratGe00,CB,DJ Turner,TurnDJ01,CB,Mike Hilton,HiltMi01,CB,Chidobe Awuzie,AwuzCh00,S,Daxton Hill,HillDa04,S,Jordan Battle,BattJo00,QB,Kenny Pickett,PickKe00,RB,Najee Harris,HarrNa00,WR,Allen Robinson,RobiAl02,WR,Diontae Johnson,JohnDi01,WR,George Pickens,PickGe00,TE,Pat Freiermuth,FreiPa00,OL,James Daniels,DaniJa01,T,Broderick Jones,JoneBr09,T,Dan Moore,MoorDa05,G,Isaac Seumalo,SeumIs00,C,Mason Cole,ColeMa02,DL,Keeanu Benton,BentKe00,DT,Larry Ogunjobi,OgunLa00,DT,Cameron Heyward,HeywCa01,LB,Alex Highsmith,HighAl02,LB,Elandon Roberts,RobeEl00,LB,Mykal Walker,WalkMy00,LB,T.J. Watt,,CB,Joey Porter Jr.,PortJo02,DB,Miles Killebrew,KillMi00,DB,Trenton Thompson,ThomTr01,S,Damontae Kazee,KazeDa00,Referee,Brad Rogers,Umpire,Ramon George,Down Judge,Kent Payne,Line Judge,Kevin Codey,Back Judge,Tyree Walton,Side Judge,Anthony Jeffries,Field Judge,Aaron Santi
202311260clt,2023-11-26,Sunday,1:00pm,Indianapolis Colts,Tampa Bay Buccaneers,clt,tam,27,20,Shane Steichen,Todd Bowles,Lucas Oil Stadium,64407,2:57,retractable roof (closed),fieldturf,,QB,Gardner Minshew II,MinsGa00,RB,Jonathan Taylor,TaylJo02,WR,Michael Pittman Jr.,PittMi01,WR,Alec Pierce,PierAl00,WR,Josh Downs,DownJo00,TE,Will Mallory,MallWi00,OL,Will Fries,FrieWi00,T,Bernhard Raimann,RaimBe00,T,Braden Smith,SmitBr06,G,Quenton Nelson,NelsQu00,C,Wesley French,FrenWe00,DE,Samson Ebukam,EbukSa00,DE,Kwity Paye,PayeKw00,DT,DeForest Buckner,BuckDe00,DT,Taven Bryan,BryaTa00,LB,Zaire Franklin,FranZa00,LB,E.J. Speed,SpeeEJ00,CB,Jaylon Jones,JoneJa13,CB,Kenny Moore,MoorKe03,CB,Darrell Baker,BakeDa02,S,Rodney Thomas II,ThomRo07,S,Julian Blackmon,BlacJu01,QB,Baker Mayfield,MayfBa00,RB,Rachaad White,WhitRa01,WR,Trey Palmer,PalmTr00,WR,Mike Evans,EvanMi00,WR,Chris Godwin,GodwCh00,TE,Cade Otton,OttoCa00,T,Tristan Wirfs,WirfTr00,T,Luke Goedeke,GoedLu00,G,Cody Mauch,MaucCo00,G,Aaron Stinnie,StinAa00,C,Robert Hainsey,HainRo00,DL,Calijah Kancey,KancCa00,NT,Vita Vea,VeaxVi00,OLB,YaYa Diaby,DiabYa00,OLB,Joe Tryon-Shoyinka,TryoJo00,OLB,Shaquil Barrett,BarrSh00,LB,Devin White,WhitDe02,CB,Zyon McCollum,McCoZy02,CB,Carlton Davis,DaviCa02,DB,Dee Delaney,DelaDe00,S,Christian Izien,IzieCh00,S,Antoine Winfield Jr.,WinfAn00,Referee,Clete Blakeman,Umpire,Scott Campbell,Down Judge,Dana McKenzie,Line Judge,Julian Mapp,Back Judge,Jonah Monroe,Side Judge,Lo Van,Field Judge,Terry Brown
202311260crd,2023-11-26,Sunday,4:05pm,Arizona Cardinals,Los Angeles Rams,crd,ram,14,37,Jonathan Gannon,Sean McVay,State Farm Stadium,62177,3:00,retractable roof (closed),grass,,QB,Kyler Murray,MurrKy00,RB,James Conner,ConnJa00,WR,Marquise Brown,BrowMa04,TE,Geoff Swaim,SwaiGe00,TE,Elijah Higgins,HiggEl00,TE,Trey McBride,McBrTr01,OL,Carter O'Donnell,ODonCa00,OL,Hjalte Froholdt,FrohHj00,OL,Will Hernandez,HernWi00,OL,D.J. Humphries,,OL,Paris Johnson,JohnPa03,DL,Jonathan Ledbetter,LedbJo01,DT,Roy Lopez,LopeRo00,DT,Dante Stills,StilDa01,OLB,Dennis Gardeck,GardDe01,LB,Zaven Collins,CollZa00,LB,Josh Woods,WoodJo02,CB,Kei'Trel Clark,ClarKe02,CB,Starling Thomas,ThomSt01,CB,Garrett Williams,WillGa00,S,Budda Baker,BakeBu00,S,Jalen Thompson,ThomJa04,QB,Matthew Stafford,StafMa00,RB,Kyren Williams,WillKy02,WR,Tutu Atwell,AtweTu00,WR,Cooper Kupp,KuppCo00,WR,Puka Nacua,NacuPu00,TE,Tyler Higbee,HigbTy00,OL,Kevin Dotson,DotsKe00,T,Rob Havenstein,HaveRo00,T,Alaric Jackson,JackAl01,G,Steve Avila,AvilSt00,G,Coleman Shelton,ShelCo00,DE,Jonah Williams,WillJo16,DT,Aaron Donald,DonaAa00,NT,Bobby Brown,BrowBo04,OLB,Byron Young,YounBy01,OLB,Michael Hoecht,HoecMi00,LB,Troy Reeder,ReedTr01,LB,Ernest Jones,JoneEr01,DB,Derion Kendrick,KendDe00,DB,John Johnson,JohnJo10,DB,Ahkello Witherspoon,WithAh00,DB,Jordan Fuller,FullJo01,Referee,Shawn Smith,Umpire,Bryan Neale,Down Judge,Jay Bilbo,Line Judge,Jeff Seeman,Back Judge,Dino Paganelli,Side Judge,Clay Reynard,Field Judge,Dyrol Prioleau
202311260den,2023-11-26,Sunday,4:05pm,Denver Broncos,Cleveland Browns,den,cle,29,12,Sean Payton,Kevin Stefanski,Empower Field at Mile High,76261,3:12,outdoors,grass,"40 degrees, relative humidity 37%, wind 5 mph",QB,Russell Wilson,WilsRu00,RB,Javonte Williams,WillJa10,FB,Michael Burton,BurtMi00,WR,David Sills V,SillDa01,WR,Lil'Jordan Humphrey,HumpLi01,TE,Chris Manhertz,ManhCh00,OL,Quinn Meinerz,MeinQu02,T,Garett Bolles,BollGa00,T,Mike McGlinchey,McGlMi00,G,Ben Powers,PoweBe00,C,Lloyd Cushenberry III,CushLl00,DL,Mike Purcell,PurcMi00,DE,Zach Allen,AlleZa01,DT,D.J. Jones,,OLB,Jonathon Cooper,CoopJo02,OLB,Baron Browning,BrowBa01,LB,Josey Jewell,JeweJo00,LB,Alex Singleton,SingAl00,CB,Ja'Quan McMillian,McMiJa00,CB,Fabian Moreau,MoreFa00,CB,Patrick Surtain II,SurtPa01,S,Justin Simmons,SimmJu00,QB,Dorian Thompson-Robinson,ThomDo02,RB,Jerome Ford,FordJe00,WR,Amari Cooper,CoopAm00,WR,Cedric Tillman,TillCe01,WR,Elijah Moore,MoorEl00,TE,David Njoku,NjokDa00,T,Geron Christian,ChriGe01,T,Dawand Jones,JoneDa07,G,Joel Bitonio,BitoJo00,G,Wyatt Teller,TellWy00,C,Ethan Pocic,PociEt00,DE,Myles Garrett,GarrMy00,DE,Za'Darius Smith,SmitZa00,DT,Dalvin Tomlinson,TomlDa00,DT,Jordan Elliott,ElliJo02,LB,Jeremiah Owusu-Koramoah,OwusJe00,LB,Sione Takitaki,TakiSi00,LB,Tony Fields,FielTo00,CB,Greg Newsome II,NewsGr00,CB,Martin Emerson,EmerMa00,S,Juan Thornhill,ThorJu00,S,Grant Delpit,DelpGr00,Referee,Adrian Hill,Umpire,Roy Ellison,Down Judge,David Oliver,Line Judge,Brett Bergman,Back Judge,Greg Steed,Side Judge,Jim Quirk,Field Judge,Mearl Robinson
202311260htx,2023-11-26,Sunday,1:00pm,Houston Texans,Jacksonville Jaguars,htx,jax,21,24,DeMeco Ryans,Doug Pederson,NRG Stadium,71324,3:08,retractable roof (closed),astroturf,,QB,C.J. Stroud,StroCJ00,RB,Devin Singletary,SingDe00,FB,Andrew Beck,BeckAn01,WR,Robert Woods,WoodRo02,WR,Tank Dell,DellNa00,TE,Dalton Schultz,SchuDa00,OL,Michael Deiter,DeitMi00,T,George Fant,FantGe00,T,Laremy Tunsil,TunsLa00,T,Tytus Howard,HowaTy00,G,Shaq Mason,MasoSh01,DE,Will Anderson,AndeWi01,DE,Jonathan Greenard,GreeJo04,DT,Sheldon Rankins,RankSh00,DT,Maliek Collins,CollMa00,LB,Blake Cashman,CashBl00,LB,Christian Harris,HarrCh06,CB,Steven Nelson,NelsSt01,CB,Derek Stingley Jr.,StinDe00,CB,Tavierre Thomas,ThomTa01,DB,DeAndre Houston-Carson,HousDe00,S,Jalen Pitre,PitrJa00,QB,Trevor Lawrence,LawrTr00,RB,Travis Etienne,EtieTr00,WR,Calvin Ridley,RidlCa00,WR,Christian Kirk,KirkCh01,WR,Zay Jones,JoneZa00,TE,Evan Engram,EngrEv00,OL,Brandon Scherff,ScheBr00,OL,Cam Robinson,RobiCa00,OL,Walker Little,LittWa00,OL,Luke Fortner,FortLu01,T,Anton Harrison,HarrAn00,DL,Adam Gotsis,GotsAd00,DL,Folorunso Fatukasi,FatuFo00,DL,Roy Robertson-Harris,RobeRo00,OLB,Travon Walker,WalkTr03,OLB,Josh Hines-Allen,AlleJo03,LB,Devin Lloyd,LloyDe00,LB,Foyesade Oluokun,OluoFo00,CB,Darious Williams,WillDa09,CB,Montaric Brown,BrowMo00,S,Rayshawn Jenkins,JenkRa00,S,Andre Cisco,CiscAn00,Referee,Clay Martin,Umpire,James Carter,Down Judge,Jerod Phillips,Line Judge,Greg Bradley,Back Judge,Greg Wilson,Side Judge,Dave Hawkshaw,Field Judge,Alonzo Ramsey
202311260nyg,2023-11-26,Sunday,1:00pm,New York Giants,New England Patriots,nyg,nwe,10,7,Brian Daboll,Bill Belichick,MetLife Stadium,82211,2:53,outdoors,fieldturf,"43 degrees, relative humidity 65%, wind 6 mph",QB,Tommy DeVito,DeViTo00,RB,Saquon Barkley,BarkSa00,WR,Jalin Hyatt,HyatJa00,WR,Sterling Shepard,ShepSt00,WR,Wan'Dale Robinson,RobiWa01,TE,Daniel Bellinger,BellDa00,OL,Justin Pugh,PughJu00,T,Andrew Thomas,ThomAn02,T,Tyre Phillips,PhilTy00,G,Ben Bredeson,BredBe00,C,John Michael Schmitz,MichJo00,DL,Rakeem Nunez-Roches,NuneRa00,DL,A'Shawn Robinson,RobiAS00,DL,DJ Davidson,DaviDJ00,OLB,Kayvon Thibodeaux,ThibKa00,OLB,Jihad Ward,WardJi02,LB,Bobby Okereke,OkerBo00,LB,Micah McFadden,McFaMi01,CB,Deonte Banks,BankDe00,CB,Adoree' Jackson,JackAd00,S,Jason Pinnock,PinnJa01,S,Xavier McKinney,McKiXa00,QB,Mac Jones,JoneMa05,RB,Rhamondre Stevenson,StevRh00,WR,JuJu Smith-Schuster,SmitJu00,WR,DeVante Parker,ParkDe01,TE,Pharaoh Brown,BrowPh01,TE,Hunter Henry,HenrHu00,OL,Cole Strange,StraCo01,OL,Sidy Sow,SowxSi00,OL,Michael Onwenu,OnweMi00,T,Conor McDermott,McDeCo00,C,David Andrews,AndrDa00,DL,Deatrich Wise Jr.,WiseDe00,DL,Lawrence Guy,GuyxLa00,DL,Davon Godchaux,GodcDa00,LB,Anfernee Jennings,JennAn00,LB,Jahlani Tavai,TavaJa00,LB,Ja'Whaun Bentley,BentJa00,CB,J.C. Jackson,,DB,Jonathan Jones,JoneJo03,DB,Jabrill Peppers,PeppJa00,DB,Kyle Dugger,DuggKy00,DB,Myles Bryant,BryaMy01,Referee,Scott Novak,Umpire,Mark Pellis,Down Judge,Brian Sakowski,Line Judge,Mark Stewart,Back Judge,Terrence Miles,Side Judge,David Meslow,Field Judge,Tra Boger
202311260oti,2023-11-26,Sunday,1:00pm,Tennessee Titans,Carolina Panthers,oti,car,17,10,Mike Vrabel,Frank Reich,Nissan Stadium,62493,3:01,outdoors,grass,"51 degrees, relative humidity 82%, wind 13 mph",QB,Will Levis,LeviWi00,RB,Derrick Henry,HenrDe00,WR,Nick Westbrook-Ikhine,WestNi00,WR,Chris Moore,MoorCh00,WR,DeAndre Hopkins,HopkDe00,TE,Trevon Wesco,WescTr00,OL,Aaron Brewer,BrewAa01,OL,Daniel Brunskill,BrunDa00,OL,Jaelyn Duncan,DuncJa00,OL,Peter Skoronski,SkorPe00,OL,Dillon Radunz,RaduDi00,DL,Denico Autry,AutrDe00,DE,TK McLendon,McLeTK00,DT,Jeffery Simmons,SimmJe01,DT,Teair Tart,TartTe00,OLB,Harold Landry,LandHa00,LB,Jack Gibbens,GibbJa00,LB,Azeez Al-Shaair,AlShAz00,CB,Kristian Fulton,FultKr00,CB,Sean Murphy-Bunting,BuntSe00,DB,Amani Hooker,HookAm00,S,K'Von Wallace,WallKV00,QB,Bryce Young,YounBr01,RB,Chuba Hubbard,HubbCh01,WR,Adam Thielen,ThieAd00,WR,Jonathan Mingo,MingJo00,TE,Tommy Tremble,TremTo00,TE,Ian Thomas,ThomIa00,OL,Bradley Bozeman,BozeBr00,OL,Brett Toth,TothBr00,T,Taylor Moton,MotoTa00,T,Ikem Ekwonu,EkwoIk00,G,Chandler Zavala,ZavaCh00,DT,Derrick Brown,BrowDe05,DT,Shy Tuttle,TuttSh00,DT,DeShawn Williams,WillDe04,OLB,Marquis Haynes,HaynMa01,OLB,Brian Burns,BurnBr00,LB,Frankie Luvu,LuvuFr00,LB,Kamu Grugier-Hill,GrugKa00,CB,Donte Jackson,JackDo02,DB,David Long,LongDa02,S,Xavier Woods,WoodXa00,S,Vonn Bell,BellVo00,Referee,Ron Torbert,Umpire,Barry Anderson,Down Judge,Max Causey,Line Judge,Maia Chaka,Back Judge,Tony Josselyn,Side Judge,Keith Washington,Field Judge,Ryan Dickson
202311260phi,2023-11-26,Sunday,4:25pm,Philadelphia Eagles,Buffalo Bills,phi,buf,37,34,Nick Sirianni,Sean McDermott,Lincoln Financial Field,69879,3:40,outdoors,grass,"47 degrees, relative humidity 88%, wind 6 mph",QB,Jalen Hurts,HurtJa00,RB,D'Andre Swift,SwifDA00,WR,A.J. Brown,BrowAJ00,WR,DeVonta Smith,SmitDe07,WR,Julio Jones,JoneJu02,TE,Jack Stoll,StolJa00,OL,Cam Jurgens,JurgCa01,T,Jack Driscoll,DrisJa00,T,Jordan Mailata,MailJo00,G,Landon Dickerson,DickLa00,C,Jason Kelce,KelcJa00,DE,Josh Sweat,SweaJo00,DT,Jordan Davis,DaviJo03,DT,Fletcher Cox,CoxxFl00,OLB,Haason Reddick,ReddHa00,LB,Zach Cunningham,CunnZa00,LB,Nicholas Morrow,MorrNi00,CB,Bradley Roby,RobyBr00,CB,Darius Slay,SlayDa00,CB,James Bradberry,BradJa00,S,Reed Blankenship,BlanRe00,S,Kevin Byard,ByarKe01,QB,Josh Allen,AlleJo02,RB,James Cook,CookJa01,WR,Gabe Davis,DaviGa01,WR,Stefon Diggs,DiggSt00,WR,Khalil Shakir,ShakKh00,TE,Dalton Kincaid,KincDa00,T,Spencer Brown,BrowSp00,T,Dion Dawkins,DawkDi00,G,O'Cyrus Torrence,TorrOC00,G,Connor McGovern,McGoCo01,C,Mitch Morse,MorsMi00,DE,Leonard Floyd,FloyLe00,DE,Gregory Rousseau,RousGr00,DT,Ed Oliver,OlivEd00,DT,Jordan Phillips,PhilJo01,LB,Tyrel Dodson,DodsTy01,LB,Terrel Bernard,BernTe00,CB,Christian Benford,BenfCh00,CB,Taron Johnson,JohnTa01,CB,Rasul Douglas,DougRa00,S,Jordan Poyer,PoyeJo00,S,Micah Hyde,HydeMi00,Referee,Shawn Hochuli,Umpire,Terry Killens,Down Judge,Patrick Holt,Line Judge,Tim Podraza,Back Judge,Rich Martinez,Side Judge,Chad Hill,Field Judge,Jason Ledet
202311260rai,2023-11-26,Sunday,4:25pm,Las Vegas Raiders,Kansas City Chiefs,rai,kan,17,31,Antonio Pierce,Andy Reid,Allegiant Stadium,62441,2:48,dome,grass,,QB,Aidan O'Connell,OConAi00,RB,Josh Jacobs,JacoJo01,WR,Davante Adams,AdamDa01,WR,Jakobi Meyers,MeyeJa01,TE,Austin Hooper,HoopAu00,TE,Michael Mayer,MayeMi00,OL,Jermaine Eluemunor,ElueJe00,T,Kolton Miller,MillKo00,G,Greg Van Roten,VanRGr00,G,Dylan Parham,ParhDy00,C,Andre James,JameAn01,DE,Maxx Crosby,CrosMa00,DT,John Jenkins,JenkJo00,DT,Bilal Nichols,NichBi00,DT,Jerry Tillery,TillJe00,LB,Divine Deablo,DeabDi00,LB,Malik Reed,ReedMa01,LB,Robert Spillane,SpilRo00,CB,Nate Hobbs,HobbNa00,CB,Marcus Peters,PeteMa00,S,Tre'von Moehrig,MoehTr00,S,Marcus Epps,EppsMa00,QB,Patrick Mahomes,MahoPa00,RB,Isiah Pacheco,PachIs00,WR,Justin Watson,WatsJu01,WR,Rashee Rice,RiceRa01,TE,Noah Gray,GrayNo00,TE,Travis Kelce,KelcTr00,T,Jawaan Taylor,TaylJa02,T,Donovan Smith,SmitDo02,G,Joe Thuney,ThunJo00,G,Trey Smith,SmitTr05,C,Creed Humphrey,HumpCr00,DE,Michael Danna,DannMi00,DE,George Karlaftis III,KarlGe00,DT,Derrick Nnadi,NnadDe00,DT,Chris Jones,JoneCh09,LB,Leo Chenal,ChenLe00,LB,Willie Gay Jr.,GayJWi00,LB,Drue Tranquill,TranDr00,CB,Trent McDuffie,McDuTr00,CB,L'Jarius Sneed,SneeLJ00,S,Justin Reid,ReidJu00,S,Bryan Cook,CookBr02,Referee,Land Clark,Umpire,Paul King,Down Judge,Tom Stephan,Line Judge,Brian Bolinger,Back Judge,Brad Freeman,Side Judge,Dominique Pender,Field Judge,Jabir Walker
202311260sdg,2023-11-26,Sunday,8:20pm,Los Angeles Chargers,Baltimore Ravens,sdg,rav,10,20,Brandon Staley,John Harbaugh,SoFi Stadium,70240,3:04,dome,matrixturf,,QB,Justin Herbert,HerbJu00,RB,Austin Ekeler,EkelAu00,WR,Jalen Guyton,GuytJa01,WR,Keenan Allen,AlleKe00,WR,Quentin Johnston,JohnQu02,TE,Gerald Everett,EverGe00,OL,Will Clapp,ClapWi00,OL,Jamaree Salyer,SalyJa00,T,Rashawn Slater,SlatRa00,T,Trey Pipkins,PipkTr00,G,Zion Johnson,JohnZi00,DL,Austin Johnson,JohnAu01,DL,Sebastian Joseph-Day,JoseSe00,DL,Nick Williams,WillNi01,OLB,Khalil Mack,MackKh00,LB,Eric Kendricks,KendEr00,LB,Kenneth Murray,MurrKe00,CB,Asante Samuel Jr.,SamuAs00,DB,Deane Leonard,LeonDe00,S,Derwin James,JameDe00,S,Jaylinn Hawkins,HawkJa00,S,Alohi Gilman,GilmAl00,QB,Lamar Jackson,JackLa00,RB,Keaton Mitchell,MitcKe01,WR,Odell Beckham Jr.,BeckOd00,WR,Rashod Bateman,BateRa00,WR,Zay Flowers,FlowZa00,TE,Isaiah Likely,LikeIs00,T,Morgan Moses,MoseMo00,T,Ronnie Stanley,StanRo00,G,John Simpson,SimpJo00,G,Kevin Zeitler,ZeitKe00,C,Tyler Linderbaum,LindTy00,DT,Nnamdi Madubuike,MaduJu00,NT,Michael Pierce,PierMi00,OLB,Jadeveon Clowney,ClowJa00,OLB,Kyle Van Noy,VanNKy00,LB,Patrick Queen,QueePa00,LB,Roquan Smith,SmitRo07,CB,Ronald Darby,DarbRo00,DB,Brandon Stephens,StepBr01,S,Kyle Hamilton,HamiKy00,S,Geno Stone,StonGe00,S,Marcus Williams,WillMa06,Referee,Alan Eck,Umpire,Tab Slaughter,Down Judge,Fred Bryan,Line Judge,Robin DeLorenzo,Back Judge,Greg Meyer,Side Judge,Dale Shaw,Field Judge,John Jenkins
202311270min,2023-11-27,Monday,8:15pm,Minnesota Vikings,Chicago Bears,min,chi,10,12,Kevin O'Connell,Matt Eberflus,U.S. Bank Stadium,66843,2:51,dome,sportturf,,QB,Joshua Dobbs,DobbJo00,RB,Alexander Mattison,MattAl01,WR,Jordan Addison,AddiJo00,WR,Brandon Powell,PoweBr00,WR,K.J. Osborn,OsboKJ00,TE,T.J. Hockenson,HockTJ00,T,Christian Darrisaw,DarrCh00,T,Brian O'Neill,ONeiBr00,G,Dalton Risner,RisnDa00,G,Ed Ingram,IngrEd00,C,Garrett Bradbury,BradGa00,DL,Jonathan Bullard,BullJo00,DL,Harrison Phillips,PhilHa00,OLB,D.J. Wonnum,WonnDJ00,OLB,Danielle Hunter,HuntDa01,LB,Ivan Pace,PaceIv00,LB,Troy Dye,DyexTr00,CB,Byron Murphy,MurpBy00,CB,Mekhi Blackmon,BlacMe00,S,Josh Metellus,MeteJo00,S,Camryn Bynum,BynuCa00,S,Harrison Smith,SmitHa00,QB,Justin Fields,FielJu00,RB,Khalil Herbert,HerbKh00,WR,Tyler Scott,ScotTy00,WR,D.J. Moore,,WR,Darnell Mooney,MoonDa00,TE,Cole Kmet,KmetCo00,OL,Braxton Jones,JoneBr08,OL,Darnell Wright,WrigDa00,OL,Lucas Patrick,PatrLu00,OL,Teven Jenkins,JenkTe00,OL,Nate Davis,DaviNa01,DL,Andrew Billings,BillAn00,DL,Justin Jones,JoneJu03,DL,Yannick Ngakoue,NgakYa00,DL,Montez Sweat,SweaMo00,LB,T.J. Edwards,EdwaTJ02,LB,Tremaine Edmunds,EdmuTr01,DB,Jaylon Johnson,JohnJa13,DB,Eddie Jackson,JackEd01,DB,Kyler Gordon,GordKy00,DB,Terell Smith,SmitTe05,DB,Jaquan Brisker,BrisJa01,Referee,Alex Kemp,Umpire,Mike Morton,Down Judge,Danny Short,Line Judge,Rusty Baynes,Back Judge,Scott Helverson,Side Judge,James Coleman,Field Judge,Sean Petty
202311300dal,2023-11-30,Thursday,8:15pm,Dallas Cowboys,Seattle Seahawks,dal,sea,41,35,Mike McCarthy,Pete Carroll,AT&amp;T Stadium,93367,3:25,retractable roof (closed),matrixturf,,QB,Dak Prescott,PresDa01,RB,Tony Pollard,PollTo00,WR,Jalen Tolbert,TolbJa00,WR,Brandin Cooks,CookBr00,WR,CeeDee Lamb,LambCe00,TE,Jake Ferguson,FergJa00,OL,Tyler Smith,SmitTy02,T,Terence Steele,SteeTe01,T,Tyron Smith,SmitTy00,G,Zack Martin,MartZa00,C,Tyler Biadasz,BiadTy00,DE,DeMarcus Lawrence,LawrDe00,DT,Osa Odighizuwa,OdigOs00,DT,Johnathan Hankins,HankJo00,LB,Micah Parsons,ParsMi00,LB,Damone Clark,ClarDa02,CB,Stephon Gilmore,GilmSt00,CB,DaRon Bland,BlanDa00,S,Markquese Bell,BellMa01,S,Jayron Kearse,KearJa00,S,Malik Hooker,HookMa00,S,Donovan Wilson,WilsDo01,QB,Geno Smith,SmitGe00,RB,Zach Charbonnet,CharZa00,WR,D.K. Metcalf,MetcDK00,WR,Tyler Lockett,LockTy00,TE,Will Dissly,DissWi00,TE,Noah Fant,FantNo00,T,Abraham Lucas,LucaAb00,T,Charles Cross,CrosCh00,G,Anthony Bradford,BradAn00,G,Damien Lewis,LewiDa05,C,Evan Brown,BrowEv00,DL,Leonard Williams,WillLe02,DE,Dre'Mont Jones,JoneDr00,DE,Jarran Reed,ReedJa02,LB,Boye Mafe,MafeBo00,LB,Jordyn Brooks,BrooJo01,LB,Bobby Wagner,WagnBo00,CB,Tre Brown,BrowTr03,CB,Devon Witherspoon,WithDe00,CB,Riq Woolen,WoolTa00,SS,Jamal Adams,AdamJa00,FS,Quandre Diggs,DiggQu00,Referee,Clete Blakeman,Umpire,Scott Campbell,Down Judge,Dana McKenzie,Line Judge,Julian Mapp,Back Judge,Jonah Monroe,Side Judge,Lo Van,Field Judge,Terry Brown
202312030gnb,2023-12-03,Sunday,8:20pm,Green Bay Packers,Kansas City Chiefs,gnb,kan,27,19,Matt LaFleur,Andy Reid,Lambeau Field,78124,3:05,outdoors,grass,"31 degrees, relative humidity 85%, wind 9 mph",QB,Jordan Love,LoveJo03,RB,AJ Dillon,DillAJ00,WR,Christian Watson,WatsCh00,WR,Romeo Doubs,DoubRo00,WR,Jayden Reed,ReedJa03,TE,Tucker Kraft,KrafTu00,OL,Elgton Jenkins,JenkEl00,OL,Josh Myers,MyerJo00,OL,Zach Tom,TomxZa00,T,Rasheed Walker,WalkRa00,G,Jon Runyan Jr.,RunyJo00,DL,Kenny Clark,ClarKe01,DL,Tedarrell Slaton,SlatTe00,LB,De'Vondre Campbell,CampDe00,LB,Quay Walker,WalkQu00,LB,Preston Smith,SmitPr00,LB,Rashan Gary,GaryRa00,CB,Carrington Valentine,ValeCa00,CB,Keisean Nixon,NixoKe00,CB,Corey Ballentine,BallCo00,S,Darnell Savage Jr.,SavaDa00,S,Jonathan Owens,OwenJo01,QB,Patrick Mahomes,MahoPa00,RB,Isiah Pacheco,PachIs00,WR,Justin Watson,WatsJu01,WR,Skyy Moore,MoorSk01,WR,Rashee Rice,RiceRa01,TE,Travis Kelce,KelcTr00,T,Jawaan Taylor,TaylJa02,T,Donovan Smith,SmitDo02,G,Joe Thuney,ThunJo00,G,Trey Smith,SmitTr05,C,Creed Humphrey,HumpCr00,DE,Michael Danna,DannMi00,DE,George Karlaftis III,KarlGe00,DT,Derrick Nnadi,NnadDe00,DT,Chris Jones,JoneCh09,LB,Willie Gay Jr.,GayJWi00,LB,Drue Tranquill,TranDr00,CB,Trent McDuffie,McDuTr00,CB,L'Jarius Sneed,SneeLJ00,DB,Chamarri Conner,ConnCh01,S,Justin Reid,ReidJu00,S,Bryan Cook,CookBr02,Referee,Brad Allen,Umpire,Duane Heydt,Down Judge,Sarah Thomas,Line Judge,Walter Flowers,Back Judge,Greg Yette,Side Judge,Boris Cheek,Field Judge,Rick Patterson
202312030htx,2023-12-03,Sunday,1:00pm,Houston Texans,Denver Broncos,htx,den,22,17,DeMeco Ryans,Sean Payton,NRG Stadium,71670,3:09,retractable roof (closed),astroturf,,QB,C.J. Stroud,StroCJ00,RB,Devin Singletary,SingDe00,FB,Andrew Beck,BeckAn01,WR,Noah Brown,BrowNo00,WR,Nico Collins,CollNi00,TE,Brevin Jordan,JordBr00,OL,Michael Deiter,DeitMi00,OL,Juice Scruggs,ScruJu00,T,Laremy Tunsil,TunsLa00,T,George Fant,FantGe00,G,Shaq Mason,MasoSh01,DE,Will Anderson,AndeWi01,DE,Jonathan Greenard,GreeJo04,DT,Sheldon Rankins,RankSh00,DT,Maliek Collins,CollMa00,LB,Denzel Perryman,PerrDe00,LB,Blake Cashman,CashBl00,CB,Steven Nelson,NelsSt01,CB,Desmond King,KingDe01,CB,Derek Stingley Jr.,StinDe00,S,Jalen Pitre,PitrJa00,S,Jimmie Ward,WardJi01,QB,Russell Wilson,WilsRu00,RB,Javonte Williams,WillJa10,WR,Courtland Sutton,SuttCo00,WR,Marvin Mims,MimsMa00,WR,Jerry Jeudy,JeudJe00,TE,Lucas Krull,KrulLu00,OL,Quinn Meinerz,MeinQu02,T,Mike McGlinchey,McGlMi00,T,Garett Bolles,BollGa00,G,Ben Powers,PoweBe00,C,Lloyd Cushenberry III,CushLl00,DL,Mike Purcell,PurcMi00,DE,Zach Allen,AlleZa01,DT,D.J. Jones,,OLB,Jonathon Cooper,CoopJo02,OLB,Baron Browning,BrowBa01,LB,Josey Jewell,JeweJo00,LB,Alex Singleton,SingAl00,CB,Fabian Moreau,MoreFa00,CB,Patrick Surtain II,SurtPa01,S,P.J. Locke,LockPJ00,S,Justin Simmons,SimmJu00,Referee,Shawn Smith,Umpire,Bryan Neale,Down Judge,Jay Bilbo,Line Judge,Jeff Seeman,Back Judge,Dino Paganelli,Side Judge,Clay Reynard,Field Judge,Dyrol Prioleau
202312030nor,2023-12-03,Sunday,1:00pm,New Orleans Saints,Detroit Lions,nor,det,28,33,Dennis Allen,Dan Campbell,Caesars Superdome,70003,3:09,dome,sportturf,,QB,Derek Carr,CarrDe02,RB,Alvin Kamara,KamaAl00,WR,Chris Olave,OlavCh00,WR,A.T. Perry,PerrAT00,TE,Juwan Johnson,JohnJu02,TE,Foster Moreau,MoreFo00,OL,Cesar Ruiz,RuizCe00,OL,James Hurst,HursJa00,OL,Erik McCoy,McCoEr01,OL,Andrus Peat,PeatAn00,T,Ryan Ramczyk,RamcRy00,DE,Carl Granderson,GranCa01,DE,Cameron Jordan,JordCa00,DT,Nathan Shepherd,ShepNa00,DT,Khalen Saunders,SaunKh00,LB,Zack Baun,BaunZa00,LB,Demario Davis,DaviDe00,CB,Paulson Adebo,AdebPa00,CB,Alontae Taylor,TaylAl01,CB,Isaac Yiadom,YiadIs00,DB,Jordan Howden,HowdJo00,S,Tyrann Mathieu,MathTy00,QB,Jared Goff,GoffJa00,RB,David Montgomery,MontDa01,WR,Jameson Williams,WillJa11,WR,Amon-Ra St. Brown,StxxAm00,WR,Josh Reynolds,ReynJo00,TE,Sam LaPorta,LaPoSa01,OL,Graham Glasgow,GlasGr00,T,Penei Sewell,SewePe00,T,Taylor Decker,DeckTa00,G,Jonah Jackson,JackJo03,C,Frank Ragnow,RagnFr00,DL,Quinton Bohanna,BohaQu00,DL,Alim McNeill,McNeAl00,DL,Aidan Hutchinson,HutcAi00,DL,John Cominsky,ComiJo00,LB,Malcolm Rodriguez,RodrMa00,LB,Jack Campbell,CampJa04,LB,Derrick Barnes,BarnDe02,CB,Jerry Jacobs,JacoJe00,CB,Cameron Sutton,SuttCa00,DB,Brian Branch,BranBr00,S,Kerby Joseph,JoseKe03,Referee,Clay Martin,Umpire,James Carter,Down Judge,Jerod Phillips,Line Judge,Greg Bradley,Back Judge,Greg Wilson,Side Judge,Dave Hawkshaw,Field Judge,Alonzo Ramsey
202312030nwe,2023-12-03,Sunday,1:00pm,New England Patriots,Los Angeles Chargers,nwe,sdg,0,6,Bill Belichick,Brandon Staley,Gillette Stadium,64628,2:47,outdoors,fieldturf,"44 degrees, relative humidity 94%, wind 8 mph",QB,Bailey Zappe,ZappBa00,RB,Rhamondre Stevenson,StevRh00,WR,Tyquan Thornton,ThorTy00,WR,JuJu Smith-Schuster,SmitJu00,WR,DeVante Parker,ParkDe01,TE,Hunter Henry,HenrHu00,OL,Michael Onwenu,OnweMi00,OL,Cole Strange,StraCo01,OL,Sidy Sow,SowxSi00,OL,Trent Brown,BrowTr02,C,David Andrews,AndrDa00,DL,Lawrence Guy,GuyxLa00,DL,Davon Godchaux,GodcDa00,DE,Keion White,WhitKe03,LB,Anfernee Jennings,JennAn00,LB,Jahlani Tavai,TavaJa00,LB,Ja'Whaun Bentley,BentJa00,CB,J.C. Jackson,,DB,Jonathan Jones,JoneJo03,DB,Jalen Mills,MillJa02,DB,Jabrill Peppers,PeppJa00,DB,Kyle Dugger,DuggKy00,QB,Justin Herbert,HerbJu00,RB,Austin Ekeler,EkelAu00,WR,Keenan Allen,AlleKe00,WR,Quentin Johnston,JohnQu02,TE,Gerald Everett,EverGe00,TE,Donald Parham,ParhDo00,OL,Will Clapp,ClapWi00,OL,Jamaree Salyer,SalyJa00,T,Rashawn Slater,SlatRa00,T,Trey Pipkins,PipkTr00,G,Zion Johnson,JohnZi00,DL,Austin Johnson,JohnAu01,DL,Sebastian Joseph-Day,JoseSe00,OLB,Tuli Tuipulotu,TuipTu00,OLB,Khalil Mack,MackKh00,LB,Kenneth Murray,MurrKe00,LB,Eric Kendricks,KendEr00,CB,Asante Samuel Jr.,SamuAs00,CB,Essang Bassey,BassEs01,DB,Deane Leonard,LeonDe00,S,Derwin James,JameDe00,S,Alohi Gilman,GilmAl00,Referee,Bill Vinovich,Umpire,Alex Moore,Down Judge,Dale Keller,Line Judge,Mark Perlman,Back Judge,Jimmy Russell,Side Judge,Jimmy Buchanan,Field Judge,Joe Blubaugh
202312030nyj,2023-12-03,Sunday,1:00pm,New York Jets,Atlanta Falcons,nyj,atl,8,13,Robert Saleh,Arthur Smith,MetLife Stadium,74455,3:20,outdoors,fieldturf,"50 degrees, relative humidity 90%, wind 8 mph",QB,Tim Boyle,BoylTi00,RB,Breece Hall,HallBr03,WR,Garrett Wilson,WilsGa00,WR,Jason Brownlee,BrowJa07,TE,Jeremy Ruckert,RuckJe00,TE,C.J. Uzomah,,OL,Wes Schweitzer,SchwWe00,T,Carter Warren,WarrCa00,T,Mekhi Becton,BectMe00,G,Laken Tomlinson,TomlLa01,C,Joe Tippmann,TippJo00,DL,Quinton Jefferson,JeffQu00,DL,John Franklin-Myers,FranJo02,DL,Quinnen Williams,WillQu00,LB,Jermaine Johnson II,JohnJe07,LB,C.J. Mosley,,LB,Jamien Sherwood,SherJa00,LB,Quincy Williams,WillQu01,CB,Sauce Gardner,GardSa00,CB,D.J. Reed,,S,Tony Adams,AdamTo03,S,Jordan Whitehead,WhitJo03,QB,Desmond Ridder,RiddDe00,RB,Bijan Robinson,RobiBi01,FB,Keith Smith,SmitKe03,WR,Drake London,LondDr00,TE,MyCole Pruitt,PruiMy00,TE,Kyle Pitts,PittKy00,OL,Matthew Bergeron,BergMa00,OL,Drew Dalman,DalmDr00,T,Jake Matthews,MattJa00,T,Kaleb McGary,McGaKa00,G,Chris Lindstrom,LindCh00,DL,David Onyemata,OnyeDa00,DL,Calais Campbell,CampCa99,DL,Kentavius Street,StreKe00,OLB,Bud Dupree,DuprAl00,LB,Nathan Landman,LandNa01,LB,Kaden Elliss,ElliKa00,CB,Jeff Okudah,OkudJe00,CB,AJ Terrell,TerrAJ00,S,Jessie Bates III,BateJe00,S,DeMarcco Hellams,HellDe00,S,Richie Grant,GranRi00,Referee,Ron Torbert,Umpire,Barry Anderson,Down Judge,Max Causey,Line Judge,Maia Chaka,Back Judge,Tony Josselyn,Side Judge,Keith Washington,Field Judge,Ryan Dickson
202312030oti,2023-12-03,Sunday,1:00pm,Tennessee Titans,Indianapolis Colts,oti,clt,28,31,Mike Vrabel,Shane Steichen,Nissan Stadium,62641,3:34,outdoors,grass,"53 degrees, relative humidity 77%, wind 13 mph",QB,Will Levis,LeviWi00,RB,Derrick Henry,HenrDe00,WR,Nick Westbrook-Ikhine,WestNi00,WR,Chris Moore,MoorCh00,WR,DeAndre Hopkins,HopkDe00,TE,Chig Okonkwo,OkonCh00,OL,Aaron Brewer,BrewAa01,OL,Daniel Brunskill,BrunDa00,OL,Peter Skoronski,SkorPe00,OL,Jaelyn Duncan,DuncJa00,OL,Dillon Radunz,RaduDi00,DL,Denico Autry,AutrDe00,DT,Jeffery Simmons,SimmJe01,DT,Teair Tart,TartTe00,OLB,Arden Key,KeyxAr00,LB,Jack Gibbens,GibbJa00,LB,Azeez Al-Shaair,AlShAz00,CB,Roger McCreary,McCrRo01,CB,Kristian Fulton,FultKr00,CB,Sean Murphy-Bunting,BuntSe00,DB,Amani Hooker,HookAm00,S,K'Von Wallace,WallKV00,QB,Gardner Minshew II,MinsGa00,RB,Zack Moss,MossZa00,WR,Michael Pittman Jr.,PittMi01,WR,Isaiah McKenzie,McKeIs00,WR,Alec Pierce,PierAl00,TE,Kylen Granson,GranKy00,OL,Will Fries,FrieWi00,T,Braden Smith,SmitBr06,T,Bernhard Raimann,RaimBe00,G,Quenton Nelson,NelsQu00,C,Ryan Kelly,KellRy00,DE,Samson Ebukam,EbukSa00,DE,Kwity Paye,PayeKw00,DT,Taven Bryan,BryaTa00,DT,DeForest Buckner,BuckDe00,LB,E.J. Speed,SpeeEJ00,LB,Zaire Franklin,FranZa00,CB,Kenny Moore,MoorKe03,CB,Jaylon Jones,JoneJa13,CB,Darrell Baker,BakeDa02,S,Rodney Thomas II,ThomRo07,S,Julian Blackmon,BlacJu01,Referee,Craig Wrolstad,Umpire,Steve Woods,Down Judge,Jim Mello,Line Judge,Tripp Sutter,Back Judge,Grantis Bell,Side Judge,Frank Steratore,Field Judge,Jeff Shears
202312030phi,2023-12-03,Sunday,4:25pm,Philadelphia Eagles,San Francisco 49ers,phi,sfo,19,42,Nick Sirianni,Kyle Shanahan,Lincoln Financial Field,69879,3:08,outdoors,grass,"52 degrees, relative humidity 95%, wind 44 mph",QB,Jalen Hurts,HurtJa00,RB,D'Andre Swift,SwifDA00,WR,Quez Watkins,WatkQu00,WR,A.J. Brown,BrowAJ00,WR,DeVonta Smith,SmitDe07,TE,Jack Stoll,StolJa00,OL,Cam Jurgens,JurgCa01,T,Lane Johnson,JohnLa01,T,Jordan Mailata,MailJo00,G,Landon Dickerson,DickLa00,C,Jason Kelce,KelcJa00,DE,Josh Sweat,SweaJo00,DT,Milton Williams,WillMi08,DT,Jordan Davis,DaviJo03,DT,Fletcher Cox,CoxxFl00,OLB,Haason Reddick,ReddHa00,LB,Nicholas Morrow,MorrNi00,LB,Christian Elliss,ElliCh00,CB,Darius Slay,SlayDa00,CB,James Bradberry,BradJa00,S,Kevin Byard,ByarKe01,S,Reed Blankenship,BlanRe00,QB,Brock Purdy,PurdBr00,RB,Christian McCaffrey,McCaCh01,FB,Kyle Juszczyk,JuszKy00,WR,Brandon Aiyuk,AiyuBr00,WR,Deebo Samuel,SamuDe00,TE,George Kittle,KittGe00,OL,Aaron Banks,BankAa00,OL,Jake Brendel,BrenJa01,OL,Spencer Burford,BurfSp00,OL,Colton McKivitz,McKiCo00,T,Trent Williams,WillTr21,DL,Javon Hargrave,HargJa00,DL,Clelin Ferrell,FerrCl00,DL,Nick Bosa,BosaNi00,DL,Arik Armstead,ArmsAr01,LB,Dre Greenlaw,GreeDr00,LB,Fred Warner,WarnFr00,CB,Ambry Thomas,ThomAm00,CB,Charvarius Ward,WardCh01,DB,Deommodore Lenoir,LenoDe00,S,Tashaun Gipson,GipsTa00,S,Ji'Ayir Brown,BrowJi01,Referee,Alex Kemp,Umpire,Mike Morton,Down Judge,Danny Short,Line Judge,Rusty Baynes,Back Judge,Scott Helverson,Side Judge,James Coleman,Field Judge,Sean Petty
202312030pit,2023-12-03,Sunday,1:00pm,Pittsburgh Steelers,Arizona Cardinals,pit,crd,10,24,Mike Tomlin,Jonathan Gannon,Acrisure Stadium,66436,4:18,outdoors,grass,"56 degrees, relative humidity 88%, wind 12 mph",QB,Kenny Pickett,PickKe00,RB,Najee Harris,HarrNa00,WR,Allen Robinson,RobiAl02,WR,George Pickens,PickGe00,WR,Diontae Johnson,JohnDi01,TE,Pat Freiermuth,FreiPa00,OL,James Daniels,DaniJa01,T,Broderick Jones,JoneBr09,T,Dan Moore,MoorDa05,G,Isaac Seumalo,SeumIs00,C,Mason Cole,ColeMa02,DL,Keeanu Benton,BentKe00,DT,Larry Ogunjobi,OgunLa00,DT,Cameron Heyward,HeywCa01,LB,Alex Highsmith,HighAl02,LB,Elandon Roberts,RobeEl00,LB,Mykal Walker,WalkMy00,LB,T.J. Watt,,CB,Patrick Peterson,PetePa00,CB,Joey Porter Jr.,PortJo02,S,Damontae Kazee,KazeDa00,S,Minkah Fitzpatrick,FitzMi00,QB,Kyler Murray,MurrKy00,RB,James Conner,ConnJa00,WR,Marquise Brown,BrowMa04,WR,Rondale Moore,MoorRo02,TE,Geoff Swaim,SwaiGe00,TE,Trey McBride,McBrTr01,OL,Trystan Colon,ColoTr01,OL,Hjalte Froholdt,FrohHj00,OL,Will Hernandez,HernWi00,OL,D.J. Humphries,,OL,Paris Johnson,JohnPa03,DL,Kevin Strong,StroKe00,DL,Jonathan Ledbetter,LedbJo01,DT,Dante Stills,StilDa01,OLB,Victor Dimukeje,DimuVi00,LB,Josh Woods,WoodJo02,LB,Zaven Collins,CollZa00,LB,Krys Barnes,BarnKr00,CB,Kei'Trel Clark,ClarKe02,CB,Divaad Wilson,WilsDi00,S,Jalen Thompson,ThomJa04,S,Budda Baker,BakeBu00,Referee,Land Clark,Umpire,Paul King,Down Judge,Tom Stephan,Line Judge,Brian Bolinger,Back Judge,Brad Freeman,Side Judge,Dominique Pender,Field Judge,Jabir Walker
202312030ram,2023-12-03,Sunday,4:25pm,Los Angeles Rams,Cleveland Browns,ram,cle,36,19,Sean McVay,Kevin Stefanski,SoFi Stadium,72887,3:20,dome,matrixturf,,QB,Matthew Stafford,StafMa00,RB,Kyren Williams,WillKy02,WR,Tutu Atwell,AtweTu00,WR,Cooper Kupp,KuppCo00,WR,Puka Nacua,NacuPu00,TE,Tyler Higbee,HigbTy00,OL,Kevin Dotson,DotsKe00,T,Rob Havenstein,HaveRo00,T,Alaric Jackson,JackAl01,G,Steve Avila,AvilSt00,G,Coleman Shelton,ShelCo00,DE,Jonah Williams,WillJo16,DT,Aaron Donald,DonaAa00,DT,Larrell Murchison,MurcLa00,NT,Bobby Brown,BrowBo04,OLB,Byron Young,YounBy01,OLB,Michael Hoecht,HoecMi00,LB,Ernest Jones,JoneEr01,DB,Derion Kendrick,KendDe00,DB,John Johnson,JohnJo10,DB,Ahkello Witherspoon,WithAh00,DB,Jordan Fuller,FullJo01,QB,Joe Flacco,FlacJo00,RB,Jerome Ford,FordJe00,WR,Amari Cooper,CoopAm00,TE,Harrison Bryant,BryaHa00,TE,David Njoku,NjokDa00,TE,Jordan Akins,AkinJo00,T,Geron Christian,ChriGe01,T,Dawand Jones,JoneDa07,G,Joel Bitonio,BitoJo00,G,Wyatt Teller,TellWy00,C,Ethan Pocic,PociEt00,DE,Myles Garrett,GarrMy00,DE,Za'Darius Smith,SmitZa00,DT,Jordan Elliott,ElliJo02,DT,Dalvin Tomlinson,TomlDa00,LB,Jeremiah Owusu-Koramoah,OwusJe00,LB,Anthony Walker,WalkAn01,CB,Greg Newsome II,NewsGr00,CB,Mike Ford,FordMi01,CB,Martin Emerson,EmerMa00,S,Grant Delpit,DelpGr00,S,Juan Thornhill,ThorJu00,Referee,John Hussey,Umpire,Carl Paganelli,Down Judge,Frank LeBlanc,Line Judge,Carl Johnson,Back Judge,Matt Edwards,Side Judge,Allen Baynes,Field Judge,Anthony Flemming
202312030tam,2023-12-03,Sunday,4:05pm,Tampa Bay Buccaneers,Carolina Panthers,tam,car,21,18,Todd Bowles,Chris Tabor,Raymond James Stadium,62432,3:08,outdoors,grass,"81 degrees, relative humidity 77%, wind 8 mph",QB,Baker Mayfield,MayfBa00,RB,Rachaad White,WhitRa01,WR,Mike Evans,EvanMi00,WR,Chris Godwin,GodwCh00,TE,Cade Otton,OttoCa00,TE,Payne Durham,DurhPa00,T,Tristan Wirfs,WirfTr00,T,Luke Goedeke,GoedLu00,G,Aaron Stinnie,StinAa00,G,Cody Mauch,MaucCo00,C,Robert Hainsey,HainRo00,DL,Calijah Kancey,KancCa00,NT,Vita Vea,VeaxVi00,OLB,Shaquil Barrett,BarrSh00,OLB,YaYa Diaby,DiabYa00,LB,J.J. Russell,RussJJ00,LB,K.J. Britt,BritKJ00,CB,Zyon McCollum,McCoZy02,CB,Carlton Davis,DaviCa02,DB,Dee Delaney,DelaDe00,S,Christian Izien,IzieCh00,S,Antoine Winfield Jr.,WinfAn00,QB,Bryce Young,YounBr01,RB,Chuba Hubbard,HubbCh01,WR,DJ Chark,CharDJ00,WR,Adam Thielen,ThieAd00,WR,Jonathan Mingo,MingJo00,TE,Ian Thomas,ThomIa00,OL,Bradley Bozeman,BozeBr00,T,Ikem Ekwonu,EkwoIk00,T,Taylor Moton,MotoTa00,G,Nash Jensen,JensNa00,G,Justin McCray,McCrJu00,DT,Shy Tuttle,TuttSh00,DT,Derrick Brown,BrowDe05,OLB,Yetur Gross-Matos,GrosYe00,OLB,Brian Burns,BurnBr00,LB,Deion Jones,JoneDe01,LB,Frankie Luvu,LuvuFr00,CB,Donte Jackson,JackDo02,CB,Jaycee Horn,HornJa00,CB,Troy Hill,HillTr01,S,Alex Cook,CookAl00,S,Xavier Woods,WoodXa00,Referee,Brad Rogers,Umpire,Ramon George,Down Judge,Kent Payne,Line Judge,Kevin Codey,Back Judge,Tyree Walton,Side Judge,Anthony Jeffries,Field Judge,Aaron Santi
202312030was,2023-12-03,Sunday,1:00pm,Washington Commanders,Miami Dolphins,was,mia,15,45,Ron Rivera,Mike McDaniel,FedExField,63459,2:50,outdoors,grass,"53 degrees, relative humidity 99%, wind 2 mph",QB,Sam Howell,HoweSa00,RB,Brian Robinson Jr.,RobiBr01,WR,Curtis Samuel,SamuCu00,WR,Jahan Dotson,DotsJa00,WR,Terry McLaurin,McLaTe00,TE,Logan Thomas,ThomLo00,OL,Andrew Wylie,WyliAn00,T,Samuel Cosmi,CosmSa00,T,Charles Leno Jr.,LenoCh00,G,Chris Paul,PaulCh00,C,Tyler Larsen,LarsTy00,DE,K.J. Henry,HenrKJ00,DE,Casey Toohill,ToohCa00,DT,Jonathan Allen,AlleJo01,DT,Daron Payne,PaynDa00,LB,Khaleke Hudson,HudsKh00,LB,Jamin Davis,DaviJa11,LB,Cody Barton,BartCo00,CB,Kendall Fuller,FullKe00,CB,Benjamin St-Juste,StJuBe00,S,Kamren Curl,CurlKa00,S,Percy Butler,ButlPe00,QB,Tua Tagovailoa,TagoTu00,RB,Raheem Mostert,MostRa00,FB,Alec Ingold,IngoAl01,WR,Tyreek Hill,HillTy00,WR,Jaylen Waddle,WaddJa00,TE,Durham Smythe,SmytDu00,OL,Connor Williams,WillCo00,OL,Liam Eichenberg,EichLi00,OL,Robert Hunt,HuntRo01,OL,Austin Jackson,JackAu00,T,Terron Armstead,ArmsTe00,DT,Christian Wilkins,WilkCh00,DT,Zach Sieler,SielZa00,LB,Jerome Baker,BakeJe00,LB,Andrew Van Ginkel,VanGAn00,LB,David Long,LongDa04,LB,Bradley Chubb,ChubBr00,CB,Jalen Ramsey,RamsJa00,CB,Kader Kohou,KohoKa00,CB,Xavien Howard,HowaXa00,S,Brandon Jones,JoneBr06,S,DeShon Elliott,ElliDe02,Referee,Tra Blake,Umpire,Tony Michalek,Down Judge,Patrick Turner,Line Judge,Daniel Gallagher,Back Judge,Todd Prukop,Side Judge,Don Willard,Field Judge,Tom Hill
202312040jax,2023-12-04,Monday,8:15pm,Jacksonville Jaguars,Cincinnati Bengals,jax,cin,31,34,Doug Pederson,Zac Taylor,EverBank Stadium,67951,3:27,outdoors,grass,"61 degrees, relative humidity 60%, wind 4 mph",QB,Trevor Lawrence,LawrTr00,RB,Travis Etienne,EtieTr00,WR,Calvin Ridley,RidlCa00,WR,Christian Kirk,KirkCh01,WR,Zay Jones,JoneZa00,TE,Evan Engram,EngrEv00,OL,Brandon Scherff,ScheBr00,OL,Walker Little,LittWa00,OL,Luke Fortner,FortLu01,OL,Ezra Cleveland,ClevEz00,T,Anton Harrison,HarrAn00,DL,Roy Robertson-Harris,RobeRo00,DL,Folorunso Fatukasi,FatuFo00,OLB,Travon Walker,WalkTr03,OLB,Josh Hines-Allen,AlleJo03,LB,Devin Lloyd,LloyDe00,LB,Foyesade Oluokun,OluoFo00,CB,Darious Williams,WillDa09,CB,Tre Herndon,HernTr00,CB,Tyson Campbell,CampTy01,S,Rayshawn Jenkins,JenkRa00,S,Andre Cisco,CiscAn00,QB,Jake Browning,BrowJa08,RB,Joe Mixon,MixoJo00,WR,Tyler Boyd,BoydTy00,WR,Ja'Marr Chase,ChasJa00,WR,Tee Higgins,HiggTe00,TE,Irv Smith Jr.,SmitIr01,T,Orlando Brown Jr.,BrowOr00,T,Jonah Williams,WillJo10,G,Alex Cappa,CappAl00,G,Cordell Volson,VolsCo02,C,Ted Karras,KarrTe00,DE,Trey Hendrickson,HendTr00,DE,Sam Hubbard,HubbSa00,DT,B.J. Hill,,DT,D.J. Reader,,LB,Germaine Pratt,PratGe00,LB,Logan Wilson,WilsLo00,CB,Mike Hilton,HiltMi01,CB,DJ Turner,TurnDJ01,CB,Chidobe Awuzie,AwuzCh00,S,Daxton Hill,HillDa04,S,Jordan Battle,BattJo00,Referee,Scott Novak,Umpire,Mark Pellis,Down Judge,Brian Sakowski,Line Judge,Mark Stewart,Back Judge,Terrence Miles,Side Judge,David Meslow,Field Judge,Tra Boger
202312070pit,2023-12-07,Thursday,8:15pm,Pittsburgh Steelers,New England Patriots,pit,nwe,18,21,Mike Tomlin,Bill Belichick,Acrisure Stadium,66376,3:01,outdoors,grass,"42 degrees, relative humidity 71%, wind 5 mph",QB,Mitchell Trubisky,TrubMi00,RB,Najee Harris,HarrNa00,WR,Allen Robinson,RobiAl02,WR,Diontae Johnson,JohnDi01,WR,George Pickens,PickGe00,TE,Darnell Washington,WashDa03,OL,James Daniels,DaniJa01,T,Broderick Jones,JoneBr09,T,Dan Moore,MoorDa05,G,Isaac Seumalo,SeumIs00,C,Mason Cole,ColeMa02,DL,Keeanu Benton,BentKe00,DT,Larry Ogunjobi,OgunLa00,DT,Cameron Heyward,HeywCa01,LB,Blake Martinez,MartBl01,LB,Elandon Roberts,RobeEl00,LB,Alex Highsmith,HighAl02,LB,T.J. Watt,,CB,Patrick Peterson,PetePa00,CB,Joey Porter Jr.,PortJo02,S,Damontae Kazee,KazeDa00,S,Minkah Fitzpatrick,FitzMi00,QB,Bailey Zappe,ZappBa00,RB,Ezekiel Elliott,ElliEz00,WR,Tyquan Thornton,ThorTy00,WR,JuJu Smith-Schuster,SmitJu00,TE,Pharaoh Brown,BrowPh01,TE,Hunter Henry,HenrHu00,OL,Cole Strange,StraCo01,OL,Michael Onwenu,OnweMi00,OL,Sidy Sow,SowxSi00,T,Conor McDermott,McDeCo00,C,David Andrews,AndrDa00,DL,Deatrich Wise Jr.,WiseDe00,DL,Davon Godchaux,GodcDa00,DL,Lawrence Guy,GuyxLa00,LB,Ja'Whaun Bentley,BentJa00,LB,Jahlani Tavai,TavaJa00,LB,Anfernee Jennings,JennAn00,CB,J.C. Jackson,,DB,Jabrill Peppers,PeppJa00,DB,Jonathan Jones,JoneJo03,DB,Kyle Dugger,DuggKy00,DB,Myles Bryant,BryaMy01,Referee,Clay Martin,Umpire,James Carter,Down Judge,Jerod Phillips,Line Judge,Greg Bradley,Back Judge,Greg Wilson,Side Judge,Dave Hawkshaw,Field Judge,Alonzo Ramsey
202312100atl,2023-12-10,Sunday,1:00pm,Atlanta Falcons,Tampa Bay Buccaneers,atl,tam,25,29,Arthur Smith,Todd Bowles,Mercedes-Benz Stadium,69496,3:02,retractable roof (closed),fieldturf,,QB,Desmond Ridder,RiddDe00,RB,Bijan Robinson,RobiBi01,WR,KhaDarel Hodge,HodgKh00,WR,Drake London,LondDr00,TE,Jonnu Smith,SmitJo01,TE,Kyle Pitts,PittKy00,OL,Matthew Bergeron,BergMa00,OL,Ryan Neuzil,NeuzRy00,OL,Storm Norton,NortSt00,T,Jake Matthews,MattJa00,G,Chris Lindstrom,LindCh00,DL,Calais Campbell,CampCa99,DL,Kentavius Street,StreKe00,DL,Albert Huggins,HuggAl01,OLB,Bud Dupree,DuprAl00,LB,Andre Smith,SmitAn04,LB,Kaden Elliss,ElliKa00,CB,DeAundre Alford,AlfoDe00,CB,AJ Terrell,TerrAJ00,CB,Clark Phillips,PhilCl00,S,Richie Grant,GranRi00,S,Jessie Bates III,BateJe00,QB,Baker Mayfield,MayfBa00,RB,Rachaad White,WhitRa01,WR,Trey Palmer,PalmTr00,WR,Mike Evans,EvanMi00,WR,Chris Godwin,GodwCh00,TE,Cade Otton,OttoCa00,T,Tristan Wirfs,WirfTr00,T,Luke Goedeke,GoedLu00,G,Aaron Stinnie,StinAa00,G,Cody Mauch,MaucCo00,C,Robert Hainsey,HainRo00,DL,Calijah Kancey,KancCa00,DL,Logan Hall,HallLo00,DL,Greg Gaines,GainGr00,OLB,Shaquil Barrett,BarrSh00,OLB,YaYa Diaby,DiabYa00,LB,Lavonte David,DaviLa00,LB,K.J. Britt,BritKJ00,CB,Zyon McCollum,McCoZy02,CB,Carlton Davis,DaviCa02,S,Ryan Neal,NealRy00,S,Antoine Winfield Jr.,WinfAn00,Referee,Alex Kemp,Umpire,Mike Morton,Down Judge,Danny Short,Line Judge,Rusty Baynes,Back Judge,Scott Helverson,Side Judge,James Coleman,Field Judge,Sean Petty
202312100chi,2023-12-10,Sunday,1:00pm,Chicago Bears,Detroit Lions,chi,det,28,13,Matt Eberflus,Dan Campbell,Soldier Field,62185,3:04,outdoors,grass,"36 degrees, relative humidity 70%, wind 12 mph",QB,Justin Fields,FielJu00,RB,D'Onta Foreman,ForeDO00,WR,Tyler Scott,ScotTy00,WR,D.J. Moore,,WR,Darnell Mooney,MoonDa00,TE,Cole Kmet,KmetCo00,OL,Braxton Jones,JoneBr08,OL,Darnell Wright,WrigDa00,OL,Lucas Patrick,PatrLu00,OL,Teven Jenkins,JenkTe00,OL,Nate Davis,DaviNa01,DL,Andrew Billings,BillAn00,DL,Justin Jones,JoneJu03,DL,Yannick Ngakoue,NgakYa00,DL,Montez Sweat,SweaMo00,LB,T.J. Edwards,EdwaTJ02,LB,Tremaine Edmunds,EdmuTr01,DB,Jaylon Johnson,JohnJa13,DB,Eddie Jackson,JackEd01,DB,Kyler Gordon,GordKy00,DB,Tyrique Stevenson,StevTy01,DB,Jaquan Brisker,BrisJa01,QB,Jared Goff,GoffJa00,RB,David Montgomery,MontDa01,WR,Jameson Williams,WillJa11,WR,Amon-Ra St. Brown,StxxAm00,WR,Josh Reynolds,ReynJo00,TE,Sam LaPorta,LaPoSa01,OL,Graham Glasgow,GlasGr00,T,Penei Sewell,SewePe00,T,Taylor Decker,DeckTa00,G,Kayode Awosika,AwosKa00,G,Jonah Jackson,JackJo03,DL,Benito Jones,JoneBe03,DL,Aidan Hutchinson,HutcAi00,DL,John Cominsky,ComiJo00,DL,Isaiah Buggs,BuggIs00,LB,Jack Campbell,CampJa04,LB,Alex Anzalone,AnzaAl00,CB,Jerry Jacobs,JacoJe00,CB,Cameron Sutton,SuttCa00,DB,Brian Branch,BranBr00,S,Kerby Joseph,JoseKe03,S,Ifeatu Melifonwu,MeliIf00,Referee,Tra Blake,Umpire,Tony Michalek,Down Judge,Patrick Turner,Line Judge,Daniel Gallagher,Back Judge,Todd Prukop,Side Judge,Don Willard,Field Judge,Tom Hill
202312100cin,2023-12-10,Sunday,1:00pm,Cincinnati Bengals,Indianapolis Colts,cin,clt,34,14,Zac Taylor,Shane Steichen,Paycor Stadium,65981,2:55,outdoors,fieldturf,"40 degrees, relative humidity 68%, wind 9 mph",QB,Jake Browning,BrowJa08,RB,Joe Mixon,MixoJo00,WR,Tee Higgins,HiggTe00,WR,Ja'Marr Chase,ChasJa00,TE,Drew Sample,SampDr00,TE,Mitchell Wilcox,WilcMi01,T,Orlando Brown Jr.,BrowOr00,T,Jonah Williams,WillJo10,G,Alex Cappa,CappAl00,G,Cordell Volson,VolsCo02,C,Ted Karras,KarrTe00,DE,Trey Hendrickson,HendTr00,DE,Sam Hubbard,HubbSa00,DT,Zachary Carter,CartZa00,DT,B.J. Hill,,DT,D.J. Reader,,LB,Logan Wilson,WilsLo00,LB,Germaine Pratt,PratGe00,CB,DJ Turner,TurnDJ01,CB,Chidobe Awuzie,AwuzCh00,S,Daxton Hill,HillDa04,S,Jordan Battle,BattJo00,QB,Gardner Minshew II,MinsGa00,RB,Zack Moss,MossZa00,WR,Alec Pierce,PierAl00,WR,Isaiah McKenzie,McKeIs00,TE,Kylen Granson,GranKy00,TE,Andrew Ogletree,OgleAn00,OL,Will Fries,FrieWi00,T,Bernhard Raimann,RaimBe00,T,Blake Freeland,FreeBl00,G,Quenton Nelson,NelsQu00,C,Ryan Kelly,KellRy00,DE,Samson Ebukam,EbukSa00,DE,Kwity Paye,PayeKw00,DT,Grover Stewart,StewGr00,DT,DeForest Buckner,BuckDe00,LB,Ronnie Harrison,HarrRo02,LB,Zaire Franklin,FranZa00,CB,Kenny Moore,MoorKe03,CB,Jaylon Jones,JoneJa13,CB,Darrell Baker,BakeDa02,S,Rodney Thomas II,ThomRo07,S,Julian Blackmon,BlacJu01,Referee,Shawn Hochuli,Umpire,Terry Killens,Down Judge,Patrick Holt,Line Judge,Tim Podraza,Back Judge,Rich Martinez,Side Judge,Chad Hill,Field Judge,Jason Ledet
202312100cle,2023-12-10,Sunday,1:00pm,Cleveland Browns,Jacksonville Jaguars,cle,jax,31,27,Kevin Stefanski,Doug Pederson,Cleveland Browns Stadium,67431,3:43,outdoors,grass,"39 degrees, relative humidity 70%, wind 11 mph",QB,Joe Flacco,FlacJo00,RB,Jerome Ford,FordJe00,WR,Amari Cooper,CoopAm00,WR,Elijah Moore,MoorEl00,TE,Harrison Bryant,BryaHa00,TE,David Njoku,NjokDa00,T,James Hudson,HudsJa00,T,Geron Christian,ChriGe01,G,Joel Bitonio,BitoJo00,G,Wyatt Teller,TellWy00,C,Ethan Pocic,PociEt00,DE,Myles Garrett,GarrMy00,DE,Za'Darius Smith,SmitZa00,DT,Jordan Elliott,ElliJo02,DT,Dalvin Tomlinson,TomlDa00,LB,Jeremiah Owusu-Koramoah,OwusJe00,LB,Anthony Walker,WalkAn01,CB,Martin Emerson,EmerMa00,CB,Cameron Mitchell,MitcCa01,CB,Greg Newsome II,NewsGr00,S,Ronnie Hickman,HickRo00,S,Grant Delpit,DelpGr00,QB,Trevor Lawrence,LawrTr00,RB,Travis Etienne,EtieTr00,WR,Parker Washington,WashPa01,WR,Calvin Ridley,RidlCa00,WR,Zay Jones,JoneZa00,TE,Evan Engram,EngrEv00,OL,Tyler Shatley,ShatTy00,OL,Ezra Cleveland,ClevEz00,OL,Luke Fortner,FortLu01,OL,Brandon Scherff,ScheBr00,T,Anton Harrison,HarrAn00,DL,Roy Robertson-Harris,RobeRo00,DL,Adam Gotsis,GotsAd00,DT,DaVon Hamilton,HamiDa02,OLB,Travon Walker,WalkTr03,OLB,Josh Hines-Allen,AlleJo03,LB,Devin Lloyd,LloyDe00,LB,Foyesade Oluokun,OluoFo00,CB,Darious Williams,WillDa09,CB,Montaric Brown,BrowMo00,S,Rayshawn Jenkins,JenkRa00,S,Andre Cisco,CiscAn00,Referee,Ron Torbert,Umpire,Barry Anderson,Down Judge,Max Causey,Line Judge,Maia Chaka,Back Judge,Tony Josselyn,Side Judge,Keith Washington,Field Judge,Ryan Dickson
202312100dal,2023-12-10,Sunday,8:20pm,Dallas Cowboys,Philadelphia Eagles,dal,phi,33,13,Mike McCarthy,Nick Sirianni,AT&amp;T Stadium,93752,3:08,retractable roof (closed),matrixturf,,QB,Dak Prescott,PresDa01,RB,Tony Pollard,PollTo00,WR,Brandin Cooks,CookBr00,WR,Michael Gallup,GallMi00,WR,CeeDee Lamb,LambCe00,TE,Jake Ferguson,FergJa00,OL,Tyler Smith,SmitTy02,T,Terence Steele,SteeTe01,T,Tyron Smith,SmitTy00,G,Zack Martin,MartZa00,C,Tyler Biadasz,BiadTy00,DE,DeMarcus Lawrence,LawrDe00,DT,Osa Odighizuwa,OdigOs00,DT,Johnathan Hankins,HankJo00,LB,Micah Parsons,ParsMi00,LB,Damone Clark,ClarDa02,CB,Jourdan Lewis,LewiJo01,CB,Stephon Gilmore,GilmSt00,CB,DaRon Bland,BlanDa00,S,Markquese Bell,BellMa01,S,Malik Hooker,HookMa00,S,Donovan Wilson,WilsDo01,QB,Jalen Hurts,HurtJa00,RB,D'Andre Swift,SwifDA00,WR,Quez Watkins,WatkQu00,WR,A.J. Brown,BrowAJ00,WR,DeVonta Smith,SmitDe07,TE,Dallas Goedert,GoedDa00,OL,Cam Jurgens,JurgCa01,T,Lane Johnson,JohnLa01,T,Jordan Mailata,MailJo00,G,Landon Dickerson,DickLa00,C,Jason Kelce,KelcJa00,DE,Josh Sweat,SweaJo00,DT,Jordan Davis,DaviJo03,DT,Fletcher Cox,CoxxFl00,OLB,Haason Reddick,ReddHa00,LB,Zach Cunningham,CunnZa00,LB,Nicholas Morrow,MorrNi00,CB,Bradley Roby,RobyBr00,CB,Darius Slay,SlayDa00,CB,James Bradberry,BradJa00,S,Reed Blankenship,BlanRe00,S,Kevin Byard,ByarKe01,Referee,John Hussey,Umpire,Carl Paganelli,Down Judge,Frank LeBlanc,Line Judge,Carl Johnson,Back Judge,Matt Edwards,Side Judge,Allen Baynes,Field Judge,Anthony Flemming
202312100kan,2023-12-10,Sunday,4:25pm,Kansas City Chiefs,Buffalo Bills,kan,buf,17,20,Andy Reid,Sean McDermott,GEHA Field at Arrowhead Stadium,73639,3:16,outdoors,grass,"45 degrees, relative humidity 43%, wind 5 mph",QB,Patrick Mahomes,MahoPa00,RB,Clyde Edwards-Helaire,EdwaCl00,WR,Rashee Rice,RiceRa01,WR,Skyy Moore,MoorSk01,TE,Blake Bell,BellBl00,TE,Travis Kelce,KelcTr00,OL,Wanya Morris,MorrWa01,T,Jawaan Taylor,TaylJa02,G,Joe Thuney,ThunJo00,G,Trey Smith,SmitTr05,C,Creed Humphrey,HumpCr00,DE,George Karlaftis III,KarlGe00,DE,Michael Danna,DannMi00,DT,Chris Jones,JoneCh09,DT,Derrick Nnadi,NnadDe00,LB,Willie Gay Jr.,GayJWi00,LB,Nick Bolton,BoltNi00,CB,Trent McDuffie,McDuTr00,CB,L'Jarius Sneed,SneeLJ00,DB,Chamarri Conner,ConnCh01,S,Justin Reid,ReidJu00,S,Mike Edwards,EdwaMi01,QB,Josh Allen,AlleJo02,RB,James Cook,CookJa01,WR,Gabe Davis,DaviGa01,WR,Stefon Diggs,DiggSt00,TE,Dawson Knox,KnoxDa00,TE,Dalton Kincaid,KincDa00,T,Spencer Brown,BrowSp00,T,Dion Dawkins,DawkDi00,G,O'Cyrus Torrence,TorrOC00,G,Connor McGovern,McGoCo01,C,Mitch Morse,MorsMi00,DE,Leonard Floyd,FloyLe00,DE,Gregory Rousseau,RousGr00,DT,Jordan Phillips,PhilJo01,DT,Ed Oliver,OlivEd00,LB,Tyrel Dodson,DodsTy01,LB,Terrel Bernard,BernTe00,CB,Christian Benford,BenfCh00,CB,Taron Johnson,JohnTa01,CB,Rasul Douglas,DougRa00,S,Jordan Poyer,PoyeJo00,S,Micah Hyde,HydeMi00,Referee,Carl Cheffers,Umpire,Brandon Cruse,Down Judge,Mike Carr,Line Judge,Tom Eaton,Back Judge,Martin Hankins,Side Judge,Eugene Hall,Field Judge,Nathan Jones
202312100nor,2023-12-10,Sunday,1:00pm,New Orleans Saints,Carolina Panthers,nor,car,28,6,Dennis Allen,Chris Tabor,Caesars Superdome,70009,2:57,dome,sportturf,,QB,Derek Carr,CarrDe02,RB,Alvin Kamara,KamaAl00,WR,Lynn Bowden Jr.,BowdLy00,WR,A.T. Perry,PerrAT00,WR,Keith Kirkwood,KirkKe00,TE,Foster Moreau,MoreFo00,OL,Erik McCoy,McCoEr01,OL,Cesar Ruiz,RuizCe00,OL,Andrus Peat,PeatAn00,OL,James Hurst,HursJa00,T,Ryan Ramczyk,RamcRy00,DE,Cameron Jordan,JordCa00,DE,Carl Granderson,GranCa01,DT,Khalen Saunders,SaunKh00,DT,Nathan Shepherd,ShepNa00,LB,Demario Davis,DaviDe00,LB,Pete Werner,WernPe00,CB,Paulson Adebo,AdebPa00,CB,Alontae Taylor,TaylAl01,CB,Isaac Yiadom,YiadIs00,DB,Jordan Howden,HowdJo00,S,Tyrann Mathieu,MathTy00,QB,Bryce Young,YounBr01,RB,Chuba Hubbard,HubbCh01,WR,Adam Thielen,ThieAd00,WR,DJ Chark,CharDJ00,WR,Jonathan Mingo,MingJo00,TE,Tommy Tremble,TremTo00,OL,Bradley Bozeman,BozeBr00,T,Ikem Ekwonu,EkwoIk00,T,Taylor Moton,MotoTa00,G,Nash Jensen,JensNa00,G,Justin McCray,McCrJu00,DT,LaBryan Ray,RayxLa02,DT,Derrick Brown,BrowDe05,DT,Shy Tuttle,TuttSh00,OLB,Yetur Gross-Matos,GrosYe00,OLB,Brian Burns,BurnBr00,LB,Frankie Luvu,LuvuFr00,CB,Jaycee Horn,HornJa00,CB,Donte Jackson,JackDo02,S,Jeremy Chinn,ChinJe00,S,Xavier Woods,WoodXa00,S,Vonn Bell,BellVo00,Referee,Alan Eck,Umpire,Tab Slaughter,Down Judge,Fred Bryan,Line Judge,Robin DeLorenzo,Back Judge,Greg Meyer,Side Judge,Dale Shaw,Field Judge,John Jenkins
202312100nyj,2023-12-10,Sunday,1:00pm,New York Jets,Houston Texans,nyj,htx,30,6,Robert Saleh,DeMeco Ryans,MetLife Stadium,72956,2:57,outdoors,fieldturf,"58 degrees, relative humidity 94%, wind 7 mph",QB,Zach Wilson,WilsZa00,RB,Dalvin Cook,CookDa01,WR,Allen Lazard,LazaAl00,WR,Garrett Wilson,WilsGa00,TE,Tyler Conklin,ConkTy00,OL,Jake Hanson,HansJa00,OL,Max Mitchell,MitcMa02,T,Mekhi Becton,BectMe00,T,Duane Brown,BrowDu20,G,Laken Tomlinson,TomlLa01,C,Joe Tippmann,TippJo00,DL,John Franklin-Myers,FranJo02,DL,Quinton Jefferson,JeffQu00,DL,Quinnen Williams,WillQu00,LB,C.J. Mosley,,LB,Quincy Williams,WillQu01,LB,Jermaine Johnson II,JohnJe07,CB,D.J. Reed,,CB,Sauce Gardner,GardSa00,CB,Michael Carter II,CartMi02,S,Jordan Whitehead,WhitJo03,S,Tony Adams,AdamTo03,QB,C.J. Stroud,StroCJ00,RB,Devin Singletary,SingDe00,WR,Noah Brown,BrowNo00,WR,Robert Woods,WoodRo02,WR,Nico Collins,CollNi00,TE,Brevin Jordan,JordBr00,OL,Michael Deiter,DeitMi00,OL,Juice Scruggs,ScruJu00,T,George Fant,FantGe00,T,Laremy Tunsil,TunsLa00,G,Shaq Mason,MasoSh01,DE,Will Anderson,AndeWi01,DE,Jonathan Greenard,GreeJo04,DT,Sheldon Rankins,RankSh00,DT,Maliek Collins,CollMa00,LB,Denzel Perryman,PerrDe00,LB,Blake Cashman,CashBl00,LB,Christian Harris,HarrCh06,CB,Steven Nelson,NelsSt01,CB,Derek Stingley Jr.,StinDe00,S,Jalen Pitre,PitrJa00,S,Jimmie Ward,WardJi01,Referee,Brad Allen,Umpire,Duane Heydt,Down Judge,Sarah Thomas,Line Judge,Walter Flowers,Back Judge,Greg Yette,Side Judge,Boris Cheek,Field Judge,Rick Patterson
202312100rai,2023-12-10,Sunday,4:05pm,Las Vegas Raiders,Minnesota Vikings,rai,min,0,3,Antonio Pierce,Kevin O'Connell,Allegiant Stadium,62626,3:07,dome,grass,,QB,Aidan O'Connell,OConAi00,RB,Josh Jacobs,JacoJo01,WR,Davante Adams,AdamDa01,WR,Jakobi Meyers,MeyeJa01,TE,Austin Hooper,HoopAu00,TE,Michael Mayer,MayeMi00,OL,Jermaine Eluemunor,ElueJe00,T,Thayer Munford,MunfTh00,G,Greg Van Roten,VanRGr00,G,Dylan Parham,ParhDy00,C,Andre James,JameAn01,DE,Janarius Robinson,RobiJa04,DE,Maxx Crosby,CrosMa00,DT,John Jenkins,JenkJo00,DT,Bilal Nichols,NichBi00,DT,Jerry Tillery,TillJe00,LB,Divine Deablo,DeabDi00,LB,Robert Spillane,SpilRo00,CB,Nate Hobbs,HobbNa00,CB,Amik Robertson,RobeAm00,S,Tre'von Moehrig,MoehTr00,S,Marcus Epps,EppsMa00,QB,Joshua Dobbs,DobbJo00,RB,Alexander Mattison,MattAl01,FB,C.J. Ham,,WR,Jordan Addison,AddiJo00,WR,K.J. Osborn,OsboKJ00,TE,Josh Oliver,OlivJo00,T,Blake Brandel,BranBl00,T,Christian Darrisaw,DarrCh00,T,Brian O'Neill,ONeiBr00,G,Dalton Risner,RisnDa00,C,Garrett Bradbury,BradGa00,DL,Sheldon Day,DayxSh00,DL,Harrison Phillips,PhilHa00,DL,Jonathan Bullard,BullJo00,OLB,Danielle Hunter,HuntDa01,OLB,D.J. Wonnum,WonnDJ00,LB,Ivan Pace,PaceIv00,CB,Byron Murphy,MurpBy00,CB,Akayleb Evans,EvanAk00,S,Josh Metellus,MeteJo00,S,Camryn Bynum,BynuCa00,S,Harrison Smith,SmitHa00,Referee,Craig Wrolstad,Umpire,Steve Woods,Down Judge,Jim Mello,Line Judge,Tripp Sutter,Back Judge,Grantis Bell,Side Judge,Frank Steratore,Field Judge,Jeff Shears
202312100rav,2023-12-10,Sunday,1:00pm,Baltimore Ravens,Los Angeles Rams,rav,ram,37,31,John Harbaugh,Sean McVay,M&amp;T Bank Stadium,70492,3:37,outdoors,grass,"57 degrees, relative humidity 91%, wind 5 mph",QB,Lamar Jackson,JackLa00,RB,Gus Edwards,EdwaGu00,FB,Patrick Ricard,RicaPa00,WR,Zay Flowers,FlowZa00,WR,Rashod Bateman,BateRa00,TE,Charlie Kolar,KolaCh00,T,Ronnie Stanley,StanRo00,T,Morgan Moses,MoseMo00,G,Kevin Zeitler,ZeitKe00,G,John Simpson,SimpJo00,C,Tyler Linderbaum,LindTy00,DT,Nnamdi Madubuike,MaduJu00,NT,Michael Pierce,PierMi00,OLB,Odafe Oweh,OwehJa00,OLB,Jadeveon Clowney,ClowJa00,LB,Patrick Queen,QueePa00,LB,Roquan Smith,SmitRo07,CB,Marlon Humphrey,HumpMa00,DB,Brandon Stephens,StepBr01,S,Kyle Hamilton,HamiKy00,S,Geno Stone,StonGe00,S,Marcus Williams,WillMa06,QB,Matthew Stafford,StafMa00,RB,Kyren Williams,WillKy02,WR,Tutu Atwell,AtweTu00,WR,Cooper Kupp,KuppCo00,WR,Puka Nacua,NacuPu00,TE,Hunter Long,LongHu00,OL,Kevin Dotson,DotsKe00,T,Rob Havenstein,HaveRo00,T,Alaric Jackson,JackAl01,G,Steve Avila,AvilSt00,G,Coleman Shelton,ShelCo00,DE,Jonah Williams,WillJo16,DT,Aaron Donald,DonaAa00,NT,Bobby Brown,BrowBo04,OLB,Byron Young,YounBy01,OLB,Michael Hoecht,HoecMi00,LB,Troy Reeder,ReedTr01,LB,Ernest Jones,JoneEr01,DB,Derion Kendrick,KendDe00,DB,John Johnson,JohnJo10,DB,Ahkello Witherspoon,WithAh00,DB,Jordan Fuller,FullJo01,Referee,Scott Novak,Umpire,Mark Pellis,Down Judge,Brian Sakowski,Line Judge,Mark Stewart,Back Judge,Terrence Miles,Side Judge,David Meslow,Field Judge,Tra Boger
202312100sdg,2023-12-10,Sunday,4:25pm,Los Angeles Chargers,Denver Broncos,sdg,den,7,24,Brandon Staley,Sean Payton,SoFi Stadium,70240,3:00,dome,matrixturf,,QB,Justin Herbert,HerbJu00,RB,Austin Ekeler,EkelAu00,WR,Keenan Allen,AlleKe00,WR,Alex Erickson,EricAl01,TE,Nick Vannett,VannNi00,TE,Gerald Everett,EverGe00,OL,Will Clapp,ClapWi00,OL,Jamaree Salyer,SalyJa00,T,Trey Pipkins,PipkTr00,T,Rashawn Slater,SlatRa00,G,Zion Johnson,JohnZi00,DL,Austin Johnson,JohnAu01,DL,Sebastian Joseph-Day,JoseSe00,OLB,Khalil Mack,MackKh00,OLB,Tuli Tuipulotu,TuipTu00,LB,Eric Kendricks,KendEr00,LB,Kenneth Murray,MurrKe00,CB,Asante Samuel Jr.,SamuAs00,CB,Michael Davis,DaviMi03,S,Jaylinn Hawkins,HawkJa00,S,Derwin James,JameDe00,S,Alohi Gilman,GilmAl00,QB,Russell Wilson,WilsRu00,RB,Javonte Williams,WillJa10,WR,Marvin Mims,MimsMa00,WR,Courtland Sutton,SuttCo00,WR,Lil'Jordan Humphrey,HumpLi01,TE,Adam Trautman,TrauAd00,OL,Quinn Meinerz,MeinQu02,T,Garett Bolles,BollGa00,T,Mike McGlinchey,McGlMi00,G,Ben Powers,PoweBe00,C,Lloyd Cushenberry III,CushLl00,DL,Mike Purcell,PurcMi00,DE,Zach Allen,AlleZa01,DT,D.J. Jones,,OLB,Jonathon Cooper,CoopJo02,OLB,Baron Browning,BrowBa01,LB,Alex Singleton,SingAl00,LB,Josey Jewell,JeweJo00,CB,Fabian Moreau,MoreFa00,CB,Patrick Surtain II,SurtPa01,S,P.J. Locke,LockPJ00,S,Justin Simmons,SimmJu00,Referee,Clete Blakeman,Umpire,Scott Campbell,Down Judge,Dana McKenzie,Line Judge,Julian Mapp,Back Judge,Jonah Monroe,Side Judge,Lo Van,Field Judge,Terry Brown
202312100sfo,2023-12-10,Sunday,4:05pm,San Francisco 49ers,Seattle Seahawks,sfo,sea,28,16,Kyle Shanahan,Pete Carroll,Levi's Stadium,71816,3:00,outdoors,grass,"63 degrees, relative humidity 42%, wind 5 mph",QB,Brock Purdy,PurdBr00,RB,Christian McCaffrey,McCaCh01,FB,Kyle Juszczyk,JuszKy00,WR,Brandon Aiyuk,AiyuBr00,WR,Deebo Samuel,SamuDe00,TE,George Kittle,KittGe00,OL,Aaron Banks,BankAa00,OL,Jake Brendel,BrenJa01,OL,Jon Feliciano,FeliJo00,OL,Colton McKivitz,McKiCo00,T,Trent Williams,WillTr21,DL,Javon Hargrave,HargJa00,DL,Clelin Ferrell,FerrCl00,DL,Nick Bosa,BosaNi00,DT,Javon Kinlaw,KinlJa00,LB,Dre Greenlaw,GreeDr00,LB,Fred Warner,WarnFr00,CB,Ambry Thomas,ThomAm00,CB,Charvarius Ward,WardCh01,DB,Deommodore Lenoir,LenoDe00,S,Tashaun Gipson,GipsTa00,S,Ji'Ayir Brown,BrowJi01,QB,Drew Lock,LockDr00,RB,Kenneth Walker III,WalkKe00,WR,Jaxon Smith-Njigba,SmitJa06,WR,D.K. Metcalf,MetcDK00,WR,Tyler Lockett,LockTy00,TE,Noah Fant,FantNo00,T,Charles Cross,CrosCh00,T,Abraham Lucas,LucaAb00,G,Anthony Bradford,BradAn00,G,Damien Lewis,LewiDa05,C,Evan Brown,BrowEv00,DL,Leonard Williams,WillLe02,DE,Mario Edwards,EdwaMa01,DE,Jarran Reed,ReedJa02,LB,Boye Mafe,MafeBo00,LB,Jordyn Brooks,BrooJo01,LB,Darrell Taylor,TaylDa00,LB,Bobby Wagner,WagnBo00,CB,Devon Witherspoon,WithDe00,CB,Riq Woolen,WoolTa00,SS,Jamal Adams,AdamJa00,FS,Quandre Diggs,DiggQu00,Referee,Brad Rogers,Umpire,Ramon George,Down Judge,Kent Payne,Line Judge,Kevin Codey,Back Judge,Tyree Walton,Side Judge,Anthony Jeffries,Field Judge,Aaron Santi
202312110mia,2023-12-11,Monday,8:15pm,Miami Dolphins,Tennessee Titans,mia,oti,27,28,Mike McDaniel,Mike Vrabel,Hard Rock Stadium,66068,3:28,outdoors,grass,"64 degrees, relative humidity 73%, wind 9 mph",QB,Tua Tagovailoa,TagoTu00,RB,Raheem Mostert,MostRa00,FB,Alec Ingold,IngoAl01,WR,Jaylen Waddle,WaddJa00,WR,Tyreek Hill,HillTy00,TE,Durham Smythe,SmytDu00,OL,Connor Williams,WillCo00,OL,Liam Eichenberg,EichLi00,OL,Austin Jackson,JackAu00,T,Kendall Lamm,LammKe00,G,Lester Cotton,CottLe00,DT,Zach Sieler,SielZa00,DT,Christian Wilkins,WilkCh00,LB,David Long,LongDa04,LB,Duke Riley,RileDu00,LB,Andrew Van Ginkel,VanGAn00,LB,Bradley Chubb,ChubBr00,CB,Kader Kohou,KohoKa00,CB,Jalen Ramsey,RamsJa00,CB,Xavien Howard,HowaXa00,S,Brandon Jones,JoneBr06,S,DeShon Elliott,ElliDe02,QB,Will Levis,LeviWi00,RB,Derrick Henry,HenrDe00,WR,DeAndre Hopkins,HopkDe00,WR,Nick Westbrook-Ikhine,WestNi00,WR,Treylon Burks,BurkTr00,TE,Trevon Wesco,WescTr00,OL,Daniel Brunskill,BrunDa00,OL,Jaelyn Duncan,DuncJa00,OL,Aaron Brewer,BrewAa01,OL,Peter Skoronski,SkorPe00,OL,Dillon Radunz,RaduDi00,DL,Denico Autry,AutrDe00,DT,Kyle Peko,PekoKy00,DT,Teair Tart,TartTe00,OLB,Arden Key,KeyxAr00,LB,Azeez Al-Shaair,AlShAz00,LB,Jack Gibbens,GibbJa00,CB,Tre Avery,AverTr01,CB,Roger McCreary,McCrRo01,CB,Sean Murphy-Bunting,BuntSe00,DB,Amani Hooker,HookAm00,S,K'Von Wallace,WallKV00,Referee,Adrian Hill,Umpire,Roy Ellison,Down Judge,David Oliver,Line Judge,Mark Perlman,Back Judge,Greg Steed,Side Judge,Jim Quirk,Field Judge,Mearl Robinson
202312110nyg,2023-12-11,Monday,8:15pm,New York Giants,Green Bay Packers,nyg,gnb,24,22,Brian Daboll,Matt LaFleur,MetLife Stadium,76637,3:07,outdoors,fieldturf,"39 degrees, relative humidity 50%, wind 14 mph",QB,Tommy DeVito,DeViTo00,RB,Saquon Barkley,BarkSa00,WR,Darius Slayton,SlayDa01,WR,Wan'Dale Robinson,RobiWa01,WR,Jalin Hyatt,HyatJa00,TE,Daniel Bellinger,BellDa00,OL,Justin Pugh,PughJu00,T,Andrew Thomas,ThomAn02,T,Tyre Phillips,PhilTy00,G,Ben Bredeson,BredBe00,C,John Michael Schmitz,MichJo00,DL,Dexter Lawrence,LawrDe03,DL,A'Shawn Robinson,RobiAS00,OLB,Azeez Ojulari,OjulAz00,OLB,Kayvon Thibodeaux,ThibKa00,LB,Micah McFadden,McFaMi01,LB,Bobby Okereke,OkerBo00,CB,Adoree' Jackson,JackAd00,CB,Cordale Flott,FlotCo00,CB,Deonte Banks,BankDe00,S,Xavier McKinney,McKiXa00,S,Jason Pinnock,PinnJa01,QB,Jordan Love,LoveJo03,RB,AJ Dillon,DillAJ00,WR,Dontayvion Wicks,WickDo00,WR,Romeo Doubs,DoubRo00,WR,Jayden Reed,ReedJa03,TE,Tucker Kraft,KrafTu00,OL,Elgton Jenkins,JenkEl00,OL,Zach Tom,TomxZa00,OL,Josh Myers,MyerJo00,T,Rasheed Walker,WalkRa00,G,Jon Runyan Jr.,RunyJo00,DL,Kenny Clark,ClarKe01,DL,Tedarrell Slaton,SlatTe00,LB,De'Vondre Campbell,CampDe00,LB,Preston Smith,SmitPr00,LB,Isaiah McDuffie,McDuIs00,LB,Rashan Gary,GaryRa00,CB,Keisean Nixon,NixoKe00,CB,Carrington Valentine,ValeCa00,CB,Corey Ballentine,BallCo00,S,Darnell Savage Jr.,SavaDa00,S,Jonathan Owens,OwenJo01,Referee,Land Clark,Umpire,Paul King,Down Judge,Tom Stephan,Line Judge,Brian Bolinger,Back Judge,Brad Freeman,Side Judge,Dominique Pender,Field Judge,Jabir Walker
202312140rai,2023-12-14,Thursday,8:15pm,Las Vegas Raiders,Los Angeles Chargers,rai,sdg,63,21,Antonio Pierce,Brandon Staley,Allegiant Stadium,61654,3:13,dome,grass,,QB,Aidan O'Connell,OConAi00,RB,Zamir White,WhitZa01,FB,Jakob Johnson,JohnJa12,WR,Davante Adams,AdamDa01,WR,Jakobi Meyers,MeyeJa01,TE,Michael Mayer,MayeMi00,OL,Jermaine Eluemunor,ElueJe00,T,Thayer Munford,MunfTh00,G,Greg Van Roten,VanRGr00,G,Dylan Parham,ParhDy00,G,Jordan Meredith,MereJo00,DE,Maxx Crosby,CrosMa00,DE,Janarius Robinson,RobiJa04,DT,Bilal Nichols,NichBi00,DT,John Jenkins,JenkJo00,DT,Jerry Tillery,TillJe00,LB,Robert Spillane,SpilRo00,LB,Divine Deablo,DeabDi00,CB,Amik Robertson,RobeAm00,CB,Nate Hobbs,HobbNa00,S,Tre'von Moehrig,MoehTr00,S,Marcus Epps,EppsMa00,QB,Easton Stick,SticEa00,RB,Austin Ekeler,EkelAu00,WR,Jalen Guyton,GuytJa01,WR,Quentin Johnston,JohnQu02,TE,Nick Vannett,VannNi00,TE,Gerald Everett,EverGe00,OL,Jamaree Salyer,SalyJa00,OL,Will Clapp,ClapWi00,T,Rashawn Slater,SlatRa00,T,Trey Pipkins,PipkTr00,G,Zion Johnson,JohnZi00,DL,Sebastian Joseph-Day,JoseSe00,DL,Austin Johnson,JohnAu01,DL,Morgan Fox,FoxxMo00,OLB,Khalil Mack,MackKh00,OLB,Tuli Tuipulotu,TuipTu00,LB,Eric Kendricks,KendEr00,LB,Kenneth Murray,MurrKe00,CB,Asante Samuel Jr.,SamuAs00,CB,Michael Davis,DaviMi03,S,Derwin James,JameDe00,S,Alohi Gilman,GilmAl00,Referee,Ron Torbert,Umpire,Barry Anderson,Down Judge,Max Causey,Line Judge,Maia Chaka,Back Judge,Tony Josselyn,Side Judge,Keith Washington,Field Judge,Ryan Dickson
202312160cin,2023-12-16,Saturday,1:00pm,Cincinnati Bengals,Minnesota Vikings,cin,min,27,24,Zac Taylor,Kevin O'Connell,Paycor Stadium,66376,3:19,outdoors,fieldturf,"53 degrees, relative humidity 42%, wind 5 mph",QB,Jake Browning,BrowJa08,RB,Joe Mixon,MixoJo00,WR,Tyler Boyd,BoydTy00,WR,Ja'Marr Chase,ChasJa00,WR,Tee Higgins,HiggTe00,TE,Drew Sample,SampDr00,T,Orlando Brown Jr.,BrowOr00,T,Jonah Williams,WillJo10,G,Alex Cappa,CappAl00,G,Cordell Volson,VolsCo02,C,Ted Karras,KarrTe00,DE,Trey Hendrickson,HendTr00,DE,Sam Hubbard,HubbSa00,DT,B.J. Hill,,DT,D.J. Reader,,LB,Germaine Pratt,PratGe00,LB,Logan Wilson,WilsLo00,CB,Mike Hilton,HiltMi01,CB,DJ Turner,TurnDJ01,CB,Chidobe Awuzie,AwuzCh00,S,Daxton Hill,HillDa04,S,Jordan Battle,BattJo00,QB,Nick Mullens,MullNi00,RB,Ty Chandler,ChanTy01,WR,Jordan Addison,AddiJo00,WR,Justin Jefferson,JeffJu00,TE,Josh Oliver,OlivJo00,TE,T.J. Hockenson,HockTJ00,T,David Quessenberry,QuesDa00,T,Christian Darrisaw,DarrCh00,G,Dalton Risner,RisnDa00,G,Ed Ingram,IngrEd00,C,Garrett Bradbury,BradGa00,DL,Harrison Phillips,PhilHa00,DL,Jonathan Bullard,BullJo00,OLB,Danielle Hunter,HuntDa01,OLB,D.J. Wonnum,WonnDJ00,LB,Troy Dye,DyexTr00,LB,Ivan Pace,PaceIv00,CB,Akayleb Evans,EvanAk00,CB,Byron Murphy,MurpBy00,S,Josh Metellus,MeteJo00,S,Camryn Bynum,BynuCa00,S,Harrison Smith,SmitHa00,Referee,Bill Vinovich,Umpire,Alex Moore,Down Judge,Dale Keller,Line Judge,Mark Perlman,Back Judge,Jimmy Russell,Side Judge,Jimmy Buchanan,Field Judge,Joe Blubaugh
202312160clt,2023-12-16,Saturday,4:30pm,Indianapolis Colts,Pittsburgh Steelers,clt,pit,30,13,Shane Steichen,Mike Tomlin,Lucas Oil Stadium,64171,2:58,retractable roof (closed),fieldturf,,QB,Gardner Minshew II,MinsGa00,RB,Zack Moss,MossZa00,WR,Michael Pittman Jr.,PittMi01,WR,Alec Pierce,PierAl00,TE,Mo Alie-Cox,AlieMo00,TE,Andrew Ogletree,OgleAn00,OL,Will Fries,FrieWi00,T,Blake Freeland,FreeBl00,T,Bernhard Raimann,RaimBe00,G,Quenton Nelson,NelsQu00,C,Ryan Kelly,KellRy00,DE,Samson Ebukam,EbukSa00,DE,Kwity Paye,PayeKw00,DT,DeForest Buckner,BuckDe00,DT,Grover Stewart,StewGr00,LB,Zaire Franklin,FranZa00,LB,E.J. Speed,SpeeEJ00,CB,Jaylon Jones,JoneJa13,CB,Kenny Moore,MoorKe03,CB,Julius Brents,BrenJu00,S,Rodney Thomas II,ThomRo07,S,Julian Blackmon,BlacJu01,QB,Mitchell Trubisky,TrubMi00,RB,Najee Harris,HarrNa00,WR,Allen Robinson,RobiAl02,WR,George Pickens,PickGe00,WR,Diontae Johnson,JohnDi01,TE,Connor Heyward,HeywCo00,OL,James Daniels,DaniJa01,T,Broderick Jones,JoneBr09,T,Dan Moore,MoorDa05,G,Isaac Seumalo,SeumIs00,C,Mason Cole,ColeMa02,DL,Keeanu Benton,BentKe00,DT,Larry Ogunjobi,OgunLa00,DT,Cameron Heyward,HeywCa01,LB,Alex Highsmith,HighAl02,LB,Elandon Roberts,RobeEl00,LB,Mark Robinson,RobiMa03,LB,T.J. Watt,,CB,Patrick Peterson,PetePa00,CB,Joey Porter Jr.,PortJo02,S,Damontae Kazee,KazeDa00,S,Minkah Fitzpatrick,FitzMi00,Referee,Adrian Hill,Umpire,Roy Ellison,Down Judge,David Oliver,Line Judge,Rusty Baynes,Back Judge,Greg Steed,Side Judge,Jim Quirk,Field Judge,Mearl Robinson
202312160det,2023-12-16,Saturday,8:15pm,Detroit Lions,Denver Broncos,det,den,42,17,Dan Campbell,Sean Payton,Ford Field,64500,3:03,dome,fieldturf,,QB,Jared Goff,GoffJa00,RB,David Montgomery,MontDa01,WR,Jameson Williams,WillJa11,WR,Amon-Ra St. Brown,StxxAm00,TE,Brock Wright,WrigBr01,TE,Sam LaPorta,LaPoSa01,OL,Graham Glasgow,GlasGr00,T,Taylor Decker,DeckTa00,T,Penei Sewell,SewePe00,G,Jonah Jackson,JackJo03,C,Frank Ragnow,RagnFr00,DL,Isaiah Buggs,BuggIs00,DL,Aidan Hutchinson,HutcAi00,DL,Benito Jones,JoneBe03,DL,Josh Paschal,PascJo00,LB,Derrick Barnes,BarnDe02,LB,Alex Anzalone,AnzaAl00,CB,Khalil Dorsey,DorsKh00,CB,Cameron Sutton,SuttCa00,DB,Brian Branch,BranBr00,S,Ifeatu Melifonwu,MeliIf00,S,Kerby Joseph,JoseKe03,QB,Russell Wilson,WilsRu00,RB,Jaleel McLaughlin,McLaJa00,WR,Courtland Sutton,SuttCo00,WR,Lil'Jordan Humphrey,HumpLi01,WR,Jerry Jeudy,JeudJe00,TE,Adam Trautman,TrauAd00,OL,Quinn Meinerz,MeinQu02,T,Garett Bolles,BollGa00,T,Mike McGlinchey,McGlMi00,G,Ben Powers,PoweBe00,C,Lloyd Cushenberry III,CushLl00,DL,Mike Purcell,PurcMi00,DE,Zach Allen,AlleZa01,DT,D.J. Jones,,OLB,Jonathon Cooper,CoopJo02,OLB,Baron Browning,BrowBa01,LB,Josey Jewell,JeweJo00,LB,Alex Singleton,SingAl00,CB,Fabian Moreau,MoreFa00,CB,Patrick Surtain II,SurtPa01,S,P.J. Locke,LockPJ00,S,Justin Simmons,SimmJu00,Referee,John Hussey,Umpire,Carl Paganelli,Down Judge,Frank LeBlanc,Line Judge,Carl Johnson,Back Judge,Matt Edwards,Side Judge,Allen Baynes,Field Judge,Anthony Flemming
202312170buf,2023-12-17,Sunday,4:25pm,Buffalo Bills,Dallas Cowboys,buf,dal,31,10,Sean McDermott,Mike McCarthy,Highmark Stadium,70933,2:43,outdoors,a_turf,"48 degrees, relative humidity 90%, wind 9 mph",QB,Josh Allen,AlleJo02,RB,James Cook,CookJa01,WR,Gabe Davis,DaviGa01,WR,Stefon Diggs,DiggSt00,WR,Khalil Shakir,ShakKh00,TE,Dawson Knox,KnoxDa00,T,Spencer Brown,BrowSp00,T,Dion Dawkins,DawkDi00,G,O'Cyrus Torrence,TorrOC00,G,Connor McGovern,McGoCo01,C,Mitch Morse,MorsMi00,DE,Leonard Floyd,FloyLe00,DE,Gregory Rousseau,RousGr00,DT,Ed Oliver,OlivEd00,DT,Jordan Phillips,PhilJo01,LB,Tyrel Dodson,DodsTy01,LB,Terrel Bernard,BernTe00,CB,Taron Johnson,JohnTa01,CB,Rasul Douglas,DougRa00,CB,Christian Benford,BenfCh00,S,Taylor Rapp,RappTa00,S,Jordan Poyer,PoyeJo00,QB,Dak Prescott,PresDa01,RB,Tony Pollard,PollTo00,WR,CeeDee Lamb,LambCe00,WR,Brandin Cooks,CookBr00,WR,Michael Gallup,GallMi00,TE,Jake Ferguson,FergJa00,OL,Tyler Smith,SmitTy02,T,Tyron Smith,SmitTy00,T,Terence Steele,SteeTe01,G,Zack Martin,MartZa00,C,Tyler Biadasz,BiadTy00,DE,DeMarcus Lawrence,LawrDe00,DT,Mazi Smith,SmitMa06,DT,Osa Odighizuwa,OdigOs00,LB,Damone Clark,ClarDa02,LB,Micah Parsons,ParsMi00,CB,Jourdan Lewis,LewiJo01,CB,Stephon Gilmore,GilmSt00,CB,DaRon Bland,BlanDa00,S,Markquese Bell,BellMa01,S,Jayron Kearse,KearJa00,S,Donovan Wilson,WilsDo01,Referee,Craig Wrolstad,Umpire,Steve Woods,Down Judge,Jim Mello,Line Judge,Tripp Sutter,Back Judge,Grantis Bell,Side Judge,Frank Steratore,Field Judge,Jeff Shears
202312170car,2023-12-17,Sunday,1:00pm,Carolina Panthers,Atlanta Falcons,car,atl,9,7,Chris Tabor,Arthur Smith,Bank of America Stadium,70301,2:45,outdoors,grass,"47 degrees, relative humidity 90%, wind 11 mph",QB,Bryce Young,YounBr01,RB,Chuba Hubbard,HubbCh01,WR,Adam Thielen,ThieAd00,WR,DJ Chark,CharDJ00,WR,Jonathan Mingo,MingJo00,TE,Tommy Tremble,TremTo00,OL,Bradley Bozeman,BozeBr00,T,Ikem Ekwonu,EkwoIk00,T,Taylor Moton,MotoTa00,G,Nash Jensen,JensNa00,G,Cade Mays,MaysCa00,DT,Derrick Brown,BrowDe05,DT,Shy Tuttle,TuttSh00,DT,DeShawn Williams,WillDe04,OLB,Yetur Gross-Matos,GrosYe00,OLB,Brian Burns,BurnBr00,LB,Kamu Grugier-Hill,GrugKa00,LB,Frankie Luvu,LuvuFr00,CB,Jaycee Horn,HornJa00,CB,Donte Jackson,JackDo02,S,Xavier Woods,WoodXa00,S,Vonn Bell,BellVo00,QB,Desmond Ridder,RiddDe00,RB,Tyler Allgeier,AllgTy00,RB,Bijan Robinson,RobiBi01,WR,Drake London,LondDr00,TE,Kyle Pitts,PittKy00,TE,Tucker Fisk,FiskTu00,OL,Kyle Hinton,HintKy00,OL,Storm Norton,NortSt00,OL,Ryan Neuzil,NeuzRy00,OL,Matthew Bergeron,BergMa00,T,Jake Matthews,MattJa00,DL,Albert Huggins,HuggAl01,DL,Ta'Quon Graham,GrahTa00,DL,Calais Campbell,CampCa99,OLB,Lorenzo Carter,CartLo01,LB,Nathan Landman,LandNa01,LB,Kaden Elliss,ElliKa00,CB,Mike Hughes,HughMi00,CB,AJ Terrell,TerrAJ00,CB,Clark Phillips,PhilCl00,S,DeMarcco Hellams,HellDe00,S,Jessie Bates III,BateJe00,Referee,Land Clark,Umpire,Paul King,Down Judge,Tom Stephan,Line Judge,Brian Bolinger,Back Judge,Brad Freeman,Side Judge,Dominique Pender,Field Judge,Jabir Walker
202312170cle,2023-12-17,Sunday,1:00pm,Cleveland Browns,Chicago Bears,cle,chi,20,17,Kevin Stefanski,Matt Eberflus,Cleveland Browns Stadium,67919,3:21,outdoors,grass,"45 degrees, relative humidity 84%, wind 15 mph",QB,Joe Flacco,FlacJo00,RB,Jerome Ford,FordJe00,WR,Amari Cooper,CoopAm00,WR,Elijah Moore,MoorEl00,TE,Harrison Bryant,BryaHa00,TE,David Njoku,NjokDa00,T,Geron Christian,ChriGe01,T,James Hudson,HudsJa00,G,Joel Bitonio,BitoJo00,G,Wyatt Teller,TellWy00,C,Nick Harris,HarrNi01,DE,Za'Darius Smith,SmitZa00,DE,Myles Garrett,GarrMy00,DT,Dalvin Tomlinson,TomlDa00,DT,Shelby Harris,HarrSh00,LB,Jeremiah Owusu-Koramoah,OwusJe00,LB,Tony Fields,FielTo00,LB,Sione Takitaki,TakiSi00,CB,Greg Newsome II,NewsGr00,CB,Martin Emerson,EmerMa00,S,Ronnie Hickman,HickRo00,S,D'Anthony Bell,BellDA03,QB,Justin Fields,FielJu00,RB,D'Onta Foreman,ForeDO00,WR,D.J. Moore,,WR,Darnell Mooney,MoonDa00,TE,Cole Kmet,KmetCo00,TE,Marcedes Lewis,LewiMa00,OL,Darnell Wright,WrigDa00,OL,Nate Davis,DaviNa01,OL,Lucas Patrick,PatrLu00,OL,Teven Jenkins,JenkTe00,OL,Braxton Jones,JoneBr08,DL,Justin Jones,JoneJu03,DL,DeMarcus Walker,WalkDe03,DL,Montez Sweat,SweaMo00,DL,Andrew Billings,BillAn00,LB,Jack Sanborn,SanbJa00,LB,T.J. Edwards,EdwaTJ02,LB,Tremaine Edmunds,EdmuTr01,DB,Jaylon Johnson,JohnJa13,DB,Eddie Jackson,JackEd01,DB,Tyrique Stevenson,StevTy01,DB,Jaquan Brisker,BrisJa01,Referee,Brad Allen,Umpire,Duane Heydt,Down Judge,Sarah Thomas,Line Judge,Walter Flowers,Back Judge,Greg Yette,Side Judge,Boris Cheek,Field Judge,Rick Patterson
202312170crd,2023-12-17,Sunday,4:05pm,Arizona Cardinals,San Francisco 49ers,crd,sfo,29,45,Jonathan Gannon,Kyle Shanahan,State Farm Stadium,63967,3:05,retractable roof (open),grass,,QB,Kyler Murray,MurrKy00,RB,James Conner,ConnJa00,WR,Marquise Brown,BrowMa04,WR,Michael Wilson,WilsMi02,TE,Geoff Swaim,SwaiGe00,TE,Trey McBride,McBrTr01,OL,Trystan Colon,ColoTr01,OL,Hjalte Froholdt,FrohHj00,OL,Will Hernandez,HernWi00,OL,D.J. Humphries,,OL,Paris Johnson,JohnPa03,DL,Jonathan Ledbetter,LedbJo01,DT,Roy Lopez,LopeRo00,DT,Dante Stills,StilDa01,OLB,Dennis Gardeck,GardDe01,LB,Zaven Collins,CollZa00,LB,Josh Woods,WoodJo02,CB,Antonio Hamilton,HamiAn01,CB,Starling Thomas,ThomSt01,CB,Garrett Williams,WillGa00,S,Budda Baker,BakeBu00,S,Jalen Thompson,ThomJa04,QB,Brock Purdy,PurdBr00,RB,Christian McCaffrey,McCaCh01,FB,Kyle Juszczyk,JuszKy00,WR,Brandon Aiyuk,AiyuBr00,WR,Deebo Samuel,SamuDe00,TE,George Kittle,KittGe00,OL,Aaron Banks,BankAa00,OL,Colton McKivitz,McKiCo00,OL,Jon Feliciano,FeliJo00,OL,Jake Brendel,BrenJa01,T,Trent Williams,WillTr21,DL,Kevin Givens,GiveKe01,DL,Clelin Ferrell,FerrCl00,DL,Nick Bosa,BosaNi00,DT,Javon Kinlaw,KinlJa00,LB,Dre Greenlaw,GreeDr00,LB,Demetrius Flannigan-Fowles,FlanDe00,LB,Fred Warner,WarnFr00,CB,Charvarius Ward,WardCh01,DB,Deommodore Lenoir,LenoDe00,S,Tashaun Gipson,GipsTa00,S,Ji'Ayir Brown,BrowJi01,Referee,Scott Novak,Umpire,Mark Pellis,Down Judge,Brian Sakowski,Line Judge,Mark Stewart,Back Judge,Terrence Miles,Side Judge,David Meslow,Field Judge,Tra Boger
202312170gnb,2023-12-17,Sunday,1:00pm,Green Bay Packers,Tampa Bay Buccaneers,gnb,tam,20,34,Matt LaFleur,Todd Bowles,Lambeau Field,77275,2:48,outdoors,grass,"42 degrees, relative humidity 85%, wind 8 mph",QB,Jordan Love,LoveJo03,RB,Aaron Jones,JoneAa00,WR,Dontayvion Wicks,WickDo00,WR,Romeo Doubs,DoubRo00,TE,Josiah Deguara,DeguJo00,TE,Tucker Kraft,KrafTu00,OL,Zach Tom,TomxZa00,OL,Elgton Jenkins,JenkEl00,OL,Josh Myers,MyerJo00,T,Rasheed Walker,WalkRa00,G,Jon Runyan Jr.,RunyJo00,DL,Kenny Clark,ClarKe01,DL,Tedarrell Slaton,SlatTe00,LB,Preston Smith,SmitPr00,LB,Rashan Gary,GaryRa00,LB,Quay Walker,WalkQu00,LB,De'Vondre Campbell,CampDe00,CB,Keisean Nixon,NixoKe00,CB,Eric Stokes,StokEr00,CB,Carrington Valentine,ValeCa00,S,Jonathan Owens,OwenJo01,S,Rudy Ford,FordRu00,QB,Baker Mayfield,MayfBa00,RB,Rachaad White,WhitRa01,WR,Trey Palmer,PalmTr00,WR,Mike Evans,EvanMi00,WR,Chris Godwin,GodwCh00,TE,Cade Otton,OttoCa00,T,Tristan Wirfs,WirfTr00,T,Luke Goedeke,GoedLu00,G,Cody Mauch,MaucCo00,G,Aaron Stinnie,StinAa00,C,Robert Hainsey,HainRo00,DL,Calijah Kancey,KancCa00,DL,Logan Hall,HallLo00,NT,Vita Vea,VeaxVi00,OLB,Shaquil Barrett,BarrSh00,OLB,YaYa Diaby,DiabYa00,LB,Lavonte David,DaviLa00,LB,K.J. Britt,BritKJ00,CB,Zyon McCollum,McCoZy02,CB,Jamel Dean,DeanJa00,S,Kaevon Merriweather,MerrKa00,S,Antoine Winfield Jr.,WinfAn00,Referee,Tra Blake,Umpire,Tony Michalek,Down Judge,Patrick Turner,Line Judge,Daniel Gallagher,Back Judge,Todd Prukop,Side Judge,Don Willard,Field Judge,Tom Hill
202312170jax,2023-12-17,Sunday,8:20pm,Jacksonville Jaguars,Baltimore Ravens,jax,rav,7,23,Doug Pederson,John Harbaugh,EverBank Stadium,68021,3:03,outdoors,grass,"58 degrees, relative humidity 81%, wind 13 mph",QB,Trevor Lawrence,LawrTr00,RB,Travis Etienne,EtieTr00,WR,Zay Jones,JoneZa00,WR,Calvin Ridley,RidlCa00,TE,Luke Farrell,FarrLu00,OL,Ezra Cleveland,ClevEz00,OL,Luke Fortner,FortLu01,OL,Blake Hance,HancBl00,OL,Brandon Scherff,ScheBr00,OL,Walker Little,LittWa00,T,Anton Harrison,HarrAn00,DL,Folorunso Fatukasi,FatuFo00,DL,Roy Robertson-Harris,RobeRo00,DT,DaVon Hamilton,HamiDa02,OLB,Josh Hines-Allen,AlleJo03,OLB,Travon Walker,WalkTr03,LB,Foyesade Oluokun,OluoFo00,LB,Devin Lloyd,LloyDe00,CB,Darious Williams,WillDa09,CB,Montaric Brown,BrowMo00,S,Rayshawn Jenkins,JenkRa00,S,Andrew Wingard,WingAn01,QB,Lamar Jackson,JackLa00,RB,Keaton Mitchell,MitcKe01,FB,Patrick Ricard,RicaPa00,WR,Rashod Bateman,BateRa00,WR,Zay Flowers,FlowZa00,TE,Charlie Kolar,KolaCh00,T,Ronnie Stanley,StanRo00,T,Morgan Moses,MoseMo00,G,Kevin Zeitler,ZeitKe00,G,John Simpson,SimpJo00,C,Tyler Linderbaum,LindTy00,DE,Brent Urban,UrbaBr00,DT,Nnamdi Madubuike,MaduJu00,NT,Michael Pierce,PierMi00,OLB,Jadeveon Clowney,ClowJa00,LB,Patrick Queen,QueePa00,LB,Malik Harrison,HarrMa06,LB,Roquan Smith,SmitRo07,CB,Marlon Humphrey,HumpMa00,DB,Brandon Stephens,StepBr01,S,Kyle Hamilton,HamiKy00,S,Marcus Williams,WillMa06,Referee,Shawn Smith,Umpire,Bryan Neale,Down Judge,Jay Bilbo,Line Judge,Jeff Seeman,Back Judge,Dino Paganelli,Side Judge,Clay Reynard,Field Judge,Dyrol Prioleau
202312170mia,2023-12-17,Sunday,1:00pm,Miami Dolphins,New York Jets,mia,nyj,30,0,Mike McDaniel,Robert Saleh,Hard Rock Stadium,65967,2:56,outdoors,grass,"76 degrees, relative humidity 69%, wind 15 mph",QB,Tua Tagovailoa,TagoTu00,RB,Raheem Mostert,MostRa00,FB,Alec Ingold,IngoAl01,WR,Cedrick Wilson Jr.,WilsCe01,WR,Jaylen Waddle,WaddJa00,TE,Durham Smythe,SmytDu00,OL,Liam Eichenberg,EichLi00,OL,Austin Jackson,JackAu00,OL,Robert Jones,JoneRo02,T,Terron Armstead,ArmsTe00,G,Lester Cotton,CottLe00,DT,Christian Wilkins,WilkCh00,DT,Raekwon Davis,DaviRa03,DT,Zach Sieler,SielZa00,LB,David Long,LongDa04,LB,Andrew Van Ginkel,VanGAn00,LB,Duke Riley,RileDu00,LB,Bradley Chubb,ChubBr00,CB,Jalen Ramsey,RamsJa00,CB,Kader Kohou,KohoKa00,DB,Elijah Campbell,CampEl00,S,Brandon Jones,JoneBr06,QB,Zach Wilson,WilsZa00,RB,Breece Hall,HallBr03,WR,Garrett Wilson,WilsGa00,WR,Allen Lazard,LazaAl00,TE,Tyler Conklin,ConkTy00,TE,Jeremy Ruckert,RuckJe00,OL,Jake Hanson,HansJa00,T,Mekhi Becton,BectMe00,T,Billy Turner,TurnBi00,G,Laken Tomlinson,TomlLa01,C,Joe Tippmann,TippJo00,DL,Quinton Jefferson,JeffQu00,DL,John Franklin-Myers,FranJo02,DL,Quinnen Williams,WillQu00,DL,Micheal Clemons,ClemMi03,LB,Jermaine Johnson II,JohnJe07,LB,C.J. Mosley,,LB,Quincy Williams,WillQu01,CB,D.J. Reed,,CB,Sauce Gardner,GardSa00,S,Jordan Whitehead,WhitJo03,S,Tony Adams,AdamTo03,Referee,Brad Rogers,Umpire,Ramon George,Down Judge,Kent Payne,Line Judge,Kevin Codey,Back Judge,Tyree Walton,Side Judge,Anthony Jeffries,Field Judge,Aaron Santi
202312170nor,2023-12-17,Sunday,1:00pm,New Orleans Saints,New York Giants,nor,nyg,24,6,Dennis Allen,Brian Daboll,Caesars Superdome,70038,2:51,dome,sportturf,,QB,Derek Carr,CarrDe02,RB,Jamaal Williams,WillJa06,WR,Lynn Bowden Jr.,BowdLy00,WR,A.T. Perry,PerrAT00,WR,Keith Kirkwood,KirkKe00,TE,Foster Moreau,MoreFo00,OL,James Hurst,HursJa00,OL,Erik McCoy,McCoEr01,OL,Andrus Peat,PeatAn00,OL,Cesar Ruiz,RuizCe00,T,Landon Young,YounLa00,DE,Cameron Jordan,JordCa00,DE,Carl Granderson,GranCa01,DT,Khalen Saunders,SaunKh00,DT,Nathan Shepherd,ShepNa00,LB,Pete Werner,WernPe00,LB,Demario Davis,DaviDe00,CB,Paulson Adebo,AdebPa00,CB,Alontae Taylor,TaylAl01,CB,Isaac Yiadom,YiadIs00,DB,Jordan Howden,HowdJo00,S,Tyrann Mathieu,MathTy00,QB,Tommy DeVito,DeViTo00,RB,Saquon Barkley,BarkSa00,WR,Darius Slayton,SlayDa01,WR,Wan'Dale Robinson,RobiWa01,WR,Jalin Hyatt,HyatJa00,TE,Daniel Bellinger,BellDa00,OL,Justin Pugh,PughJu00,T,Andrew Thomas,ThomAn02,T,Tyre Phillips,PhilTy00,G,Ben Bredeson,BredBe00,C,John Michael Schmitz,MichJo00,DL,Dexter Lawrence,LawrDe03,DL,A'Shawn Robinson,RobiAS00,OLB,Azeez Ojulari,OjulAz00,OLB,Kayvon Thibodeaux,ThibKa00,LB,Micah McFadden,McFaMi01,LB,Bobby Okereke,OkerBo00,CB,Adoree' Jackson,JackAd00,CB,Cordale Flott,FlotCo00,CB,Deonte Banks,BankDe00,S,Xavier McKinney,McKiXa00,S,Jason Pinnock,PinnJa01,Referee,Carl Cheffers,Umpire,Brandon Cruse,Down Judge,Mike Carr,Line Judge,Tom Eaton,Back Judge,Martin Hankins,Side Judge,Eugene Hall,Field Judge,Nathan Jones
202312170nwe,2023-12-17,Sunday,1:00pm,New England Patriots,Kansas City Chiefs,nwe,kan,17,27,Bill Belichick,Andy Reid,Gillette Stadium,64628,2:53,outdoors,fieldturf,"53 degrees, relative humidity 74%, wind 7 mph",QB,Bailey Zappe,ZappBa00,RB,Ezekiel Elliott,ElliEz00,WR,DeMario Douglas,DougDe00,WR,DeVante Parker,ParkDe01,TE,Pharaoh Brown,BrowPh01,TE,Mike Gesicki,GesiMi00,OL,Sidy Sow,SowxSi00,OL,Cole Strange,StraCo01,OL,Michael Onwenu,OnweMi00,T,Conor McDermott,McDeCo00,C,David Andrews,AndrDa00,DL,Deatrich Wise Jr.,WiseDe00,DL,Lawrence Guy,GuyxLa00,DL,Davon Godchaux,GodcDa00,LB,Anfernee Jennings,JennAn00,LB,Jahlani Tavai,TavaJa00,LB,Ja'Whaun Bentley,BentJa00,CB,Alex Austin,AustAl00,DB,Jabrill Peppers,PeppJa00,DB,Jalen Mills,MillJa02,DB,Jonathan Jones,JoneJo03,DB,Kyle Dugger,DuggKy00,QB,Patrick Mahomes,MahoPa00,RB,Clyde Edwards-Helaire,EdwaCl00,WR,Justin Watson,WatsJu01,WR,Rashee Rice,RiceRa01,TE,Noah Gray,GrayNo00,TE,Travis Kelce,KelcTr00,OL,Wanya Morris,MorrWa01,T,Jawaan Taylor,TaylJa02,G,Joe Thuney,ThunJo00,G,Trey Smith,SmitTr05,C,Creed Humphrey,HumpCr00,DE,George Karlaftis III,KarlGe00,DE,Michael Danna,DannMi00,DT,Chris Jones,JoneCh09,DT,Derrick Nnadi,NnadDe00,LB,Nick Bolton,BoltNi00,LB,Leo Chenal,ChenLe00,LB,Willie Gay Jr.,GayJWi00,CB,L'Jarius Sneed,SneeLJ00,CB,Trent McDuffie,McDuTr00,S,Justin Reid,ReidJu00,S,Mike Edwards,EdwaMi01,Referee,Shawn Hochuli,Umpire,Terry Killens,Down Judge,Patrick Holt,Line Judge,Tim Podraza,Back Judge,Rich Martinez,Side Judge,Chad Hill,Field Judge,Jason Ledet
202312170oti,2023-12-17,Sunday,1:00pm,Tennessee Titans,Houston Texans,oti,htx,16,19,Mike Vrabel,DeMeco Ryans,Nissan Stadium,66219,3:23,outdoors,grass,"48 degrees, relative humidity 77%, wind 9 mph",QB,Will Levis,LeviWi00,RB,Derrick Henry,HenrDe00,WR,DeAndre Hopkins,HopkDe00,WR,Nick Westbrook-Ikhine,WestNi00,WR,Treylon Burks,BurkTr00,TE,Chig Okonkwo,OkonCh00,OL,Daniel Brunskill,BrunDa00,OL,Jaelyn Duncan,DuncJa00,OL,Peter Skoronski,SkorPe00,OL,Aaron Brewer,BrewAa01,OL,Dillon Radunz,RaduDi00,DL,Denico Autry,AutrDe00,DL,Quinton Bohanna,BohaQu00,DE,TK McLendon,McLeTK00,DT,Jaleel Johnson,JohnJa09,OLB,Harold Landry,LandHa00,LB,Azeez Al-Shaair,AlShAz00,LB,Jack Gibbens,GibbJa00,CB,Roger McCreary,McCrRo01,CB,Sean Murphy-Bunting,BuntSe00,DB,Amani Hooker,HookAm00,S,K'Von Wallace,WallKV00,QB,Case Keenum,KeenCa00,RB,Devin Singletary,SingDe00,FB,Andrew Beck,BeckAn01,WR,Robert Woods,WoodRo02,WR,Noah Brown,BrowNo00,TE,Brevin Jordan,JordBr00,OL,Michael Deiter,DeitMi00,OL,Juice Scruggs,ScruJu00,T,Charlie Heck,HeckCh00,T,Laremy Tunsil,TunsLa00,G,Shaq Mason,MasoSh01,DE,Jonathan Greenard,GreeJo04,DE,Derek Barnett,BarnDe01,DT,Sheldon Rankins,RankSh00,DT,Maliek Collins,CollMa00,LB,Denzel Perryman,PerrDe00,LB,Christian Harris,HarrCh06,CB,Steven Nelson,NelsSt01,CB,Desmond King,KingDe01,CB,Derek Stingley Jr.,StinDe00,S,Jalen Pitre,PitrJa00,S,Jimmie Ward,WardJi01,Referee,Clete Blakeman,Umpire,Scott Campbell,Down Judge,Dana McKenzie,Line Judge,Julian Mapp,Back Judge,Jonah Monroe,Side Judge,Lo Van,Field Judge,Terry Brown
202312170ram,2023-12-17,Sunday,4:05pm,Los Angeles Rams,Washington Commanders,ram,was,28,20,Sean McVay,Ron Rivera,SoFi Stadium,72035,3:08,dome,matrixturf,,QB,Matthew Stafford,StafMa00,RB,Kyren Williams,WillKy02,WR,Demarcus Robinson,RobiDe01,WR,Cooper Kupp,KuppCo00,WR,Puka Nacua,NacuPu00,TE,Tyler Higbee,HigbTy00,OL,Kevin Dotson,DotsKe00,T,Alaric Jackson,JackAl01,T,Joseph Noteboom,NoteJo00,G,Steve Avila,AvilSt00,G,Coleman Shelton,ShelCo00,DE,Jonah Williams,WillJo16,DT,Aaron Donald,DonaAa00,NT,Bobby Brown,BrowBo04,OLB,Michael Hoecht,HoecMi00,OLB,Byron Young,YounBy01,LB,Ernest Jones,JoneEr01,DB,Quentin Lake,LakeQu00,DB,Derion Kendrick,KendDe00,DB,John Johnson,JohnJo10,DB,Jordan Fuller,FullJo01,DB,Ahkello Witherspoon,WithAh00,QB,Sam Howell,HoweSa00,RB,Antonio Gibson,GibsAn00,WR,Curtis Samuel,SamuCu00,WR,Jahan Dotson,DotsJa00,WR,Terry McLaurin,McLaTe00,TE,John Bates,BateJo00,OL,Andrew Wylie,WyliAn00,T,Samuel Cosmi,CosmSa00,T,Charles Leno Jr.,LenoCh00,G,Chris Paul,PaulCh00,C,Tyler Larsen,LarsTy00,DE,Casey Toohill,ToohCa00,DE,K.J. Henry,HenrKJ00,DT,Daron Payne,PaynDa00,DT,Jonathan Allen,AlleJo01,LB,Khaleke Hudson,HudsKh00,LB,Cody Barton,BartCo00,CB,Kendall Fuller,FullKe00,CB,Benjamin St-Juste,StJuBe00,DB,Quan Martin,MartJa04,S,Kamren Curl,CurlKa00,S,Percy Butler,ButlPe00,Referee,Alan Eck,Umpire,Tab Slaughter,Down Judge,Fred Bryan,Line Judge,Robin DeLorenzo,Back Judge,Greg Meyer,Side Judge,Dale Shaw,Field Judge,John Jenkins
202312180sea,2023-12-18,Monday,8:15pm,Seattle Seahawks,Philadelphia Eagles,sea,phi,20,17,Pete Carroll,Nick Sirianni,Lumen Field,68758,3:03,outdoors,fieldturf,"46 degrees, relative humidity 82%, wind 2 mph",QB,Drew Lock,LockDr00,RB,Kenneth Walker III,WalkKe00,WR,D.K. Metcalf,MetcDK00,WR,Tyler Lockett,LockTy00,TE,Will Dissly,DissWi00,TE,Noah Fant,FantNo00,T,Charles Cross,CrosCh00,T,Abraham Lucas,LucaAb00,G,Anthony Bradford,BradAn00,G,Damien Lewis,LewiDa05,C,Evan Brown,BrowEv00,DL,Leonard Williams,WillLe02,DE,Dre'Mont Jones,JoneDr00,DE,Jarran Reed,ReedJa02,LB,Boye Mafe,MafeBo00,LB,Bobby Wagner,WagnBo00,LB,Jordyn Brooks,BrooJo01,CB,Michael Jackson,JackMi01,CB,Artie Burns,BurnAr00,CB,Tre Brown,BrowTr03,FS,Quandre Diggs,DiggQu00,S,Julian Love,LoveJu00,QB,Jalen Hurts,HurtJa00,RB,D'Andre Swift,SwifDA00,WR,Julio Jones,JoneJu02,WR,DeVonta Smith,SmitDe07,WR,A.J. Brown,BrowAJ00,TE,Dallas Goedert,GoedDa00,T,Lane Johnson,JohnLa01,T,Jordan Mailata,MailJo00,G,Landon Dickerson,DickLa00,G,Sua Opeta,OpetIo00,C,Jason Kelce,KelcJa00,DE,Josh Sweat,SweaJo00,DT,Fletcher Cox,CoxxFl00,DT,Jordan Davis,DaviJo03,OLB,Haason Reddick,ReddHa00,LB,Shaquille Leonard,LeonDa00,LB,Nicholas Morrow,MorrNi00,CB,Kelee Ringo,RingKe00,CB,James Bradberry,BradJa00,S,Kevin Byard,ByarKe01,S,Reed Blankenship,BlanRe00,S,Sydney Brown,BrowSy00,Referee,Clay Martin,Umpire,James Carter,Down Judge,Jerod Phillips,Line Judge,Greg Bradley,Back Judge,Greg Wilson,Side Judge,Dave Hawkshaw,Field Judge,Alonzo Ramsey
202312210ram,2023-12-21,Thursday,8:15pm,Los Angeles Rams,New Orleans Saints,ram,nor,30,22,Sean McVay,Dennis Allen,SoFi Stadium,73228,2:52,dome,matrixturf,,QB,Matthew Stafford,StafMa00,RB,Kyren Williams,WillKy02,WR,Cooper Kupp,KuppCo00,WR,Puka Nacua,NacuPu00,WR,Demarcus Robinson,RobiDe01,TE,Tyler Higbee,HigbTy00,OL,Kevin Dotson,DotsKe00,T,Rob Havenstein,HaveRo00,T,Alaric Jackson,JackAl01,G,Steve Avila,AvilSt00,G,Coleman Shelton,ShelCo00,DE,Jonah Williams,WillJo16,DT,Aaron Donald,DonaAa00,NT,Bobby Brown,BrowBo04,OLB,Byron Young,YounBy01,OLB,Michael Hoecht,HoecMi00,LB,Troy Reeder,ReedTr01,LB,Ernest Jones,JoneEr01,DB,John Johnson,JohnJo10,DB,Jordan Fuller,FullJo01,DB,Ahkello Witherspoon,WithAh00,DB,Cobie Durant,DuraDe01,QB,Derek Carr,CarrDe02,RB,Alvin Kamara,KamaAl00,WR,Lynn Bowden Jr.,BowdLy00,WR,Rashid Shaheed,ShahRa00,TE,Foster Moreau,MoreFo00,TE,Juwan Johnson,JohnJu02,OL,Erik McCoy,McCoEr01,OL,Cesar Ruiz,RuizCe00,OL,Andrus Peat,PeatAn00,OL,James Hurst,HursJa00,T,Landon Young,YounLa00,DE,Cameron Jordan,JordCa00,DE,Carl Granderson,GranCa01,DT,Khalen Saunders,SaunKh00,DT,Nathan Shepherd,ShepNa00,LB,Demario Davis,DaviDe00,LB,Pete Werner,WernPe00,CB,Paulson Adebo,AdebPa00,CB,Alontae Taylor,TaylAl01,CB,Isaac Yiadom,YiadIs00,DB,Jordan Howden,HowdJo00,S,Tyrann Mathieu,MathTy00,Referee,Brad Rogers,Umpire,Ramon George,Down Judge,Kent Payne,Line Judge,Kevin Codey,Back Judge,Tyree Walton,Side Judge,Anthony Jeffries,Field Judge,Aaron Santi
202312230pit,2023-12-23,Saturday,4:30pm,Pittsburgh Steelers,Cincinnati Bengals,pit,cin,34,11,Mike Tomlin,Zac Taylor,Acrisure Stadium,66646,2:54,outdoors,grass,"49 degrees, relative humidity 54%, wind 5 mph",QB,Mason Rudolph,RudoMa00,RB,Najee Harris,HarrNa00,WR,George Pickens,PickGe00,WR,Allen Robinson,RobiAl02,TE,Pat Freiermuth,FreiPa00,TE,Connor Heyward,HeywCo00,OL,James Daniels,DaniJa01,T,Broderick Jones,JoneBr09,T,Dan Moore,MoorDa05,G,Isaac Seumalo,SeumIs00,C,Mason Cole,ColeMa02,DL,Keeanu Benton,BentKe00,DT,Cameron Heyward,HeywCa01,DT,Larry Ogunjobi,OgunLa00,LB,T.J. Watt,,LB,Mykal Walker,WalkMy00,LB,Elandon Roberts,RobeEl00,LB,Alex Highsmith,HighAl02,CB,Joey Porter Jr.,PortJo02,CB,Patrick Peterson,PetePa00,CB,Levi Wallace,WallLe00,S,Eric Rowe,RoweEr00,QB,Jake Browning,BrowJa08,RB,Joe Mixon,MixoJo00,WR,Tyler Boyd,BoydTy00,WR,Trenton Irwin,IrwiTr00,WR,Tee Higgins,HiggTe00,TE,Drew Sample,SampDr00,T,Orlando Brown Jr.,BrowOr00,T,Jonah Williams,WillJo10,G,Alex Cappa,CappAl00,G,Cordell Volson,VolsCo02,C,Ted Karras,KarrTe00,DE,Trey Hendrickson,HendTr00,DE,Sam Hubbard,HubbSa00,DT,Zachary Carter,CartZa00,DT,B.J. Hill,,DT,Josh Tupou,TupoJo00,LB,Logan Wilson,WilsLo00,LB,Germaine Pratt,PratGe00,CB,DJ Turner,TurnDJ01,CB,Chidobe Awuzie,AwuzCh00,S,Daxton Hill,HillDa04,S,Jordan Battle,BattJo00,Referee,Craig Wrolstad,Umpire,Steve Woods,Down Judge,Jim Mello,Line Judge,Tripp Sutter,Back Judge,Grantis Bell,Side Judge,Frank Steratore,Field Judge,Jeff Shears
202312230sdg,2023-12-23,Saturday,8:00pm,Los Angeles Chargers,Buffalo Bills,sdg,buf,22,24,Giff Smith,Sean McDermott,SoFi Stadium,67678,2:55,dome,matrixturf,,QB,Easton Stick,SticEa00,RB,Austin Ekeler,EkelAu00,WR,Derius Davis,DaviDe02,WR,Josh Palmer,PalmJo00,WR,Quentin Johnston,JohnQu02,TE,Gerald Everett,EverGe00,OL,Jamaree Salyer,SalyJa00,OL,Brenden Jaimes,JaimBr00,T,Rashawn Slater,SlatRa00,T,Trey Pipkins,PipkTr00,G,Zion Johnson,JohnZi00,DL,Nick Williams,WillNi01,DL,Austin Johnson,JohnAu01,DL,Morgan Fox,FoxxMo00,OLB,Khalil Mack,MackKh00,OLB,Tuli Tuipulotu,TuipTu00,LB,Kenneth Murray,MurrKe00,CB,Asante Samuel Jr.,SamuAs00,CB,Michael Davis,DaviMi03,S,Derwin James,JameDe00,S,Jaylinn Hawkins,HawkJa00,S,Alohi Gilman,GilmAl00,QB,Josh Allen,AlleJo02,RB,James Cook,CookJa01,WR,Gabe Davis,DaviGa01,WR,Stefon Diggs,DiggSt00,WR,Khalil Shakir,ShakKh00,TE,Dawson Knox,KnoxDa00,T,Spencer Brown,BrowSp00,T,Dion Dawkins,DawkDi00,G,O'Cyrus Torrence,TorrOC00,G,Connor McGovern,McGoCo01,C,Mitch Morse,MorsMi00,DE,Leonard Floyd,FloyLe00,DE,Gregory Rousseau,RousGr00,DT,Ed Oliver,OlivEd00,DT,Tim Settle,SettTi00,LB,Tyrel Dodson,DodsTy01,LB,Terrel Bernard,BernTe00,CB,Taron Johnson,JohnTa01,CB,Rasul Douglas,DougRa00,CB,Christian Benford,BenfCh00,S,Taylor Rapp,RappTa00,S,Jordan Poyer,PoyeJo00,Referee,Adrian Hill,Umpire,Roy Ellison,Down Judge,David Oliver,Line Judge,Mark Stewart,Back Judge,Greg Steed,Side Judge,Jim Quirk,Field Judge,Mearl Robinson
202312240atl,2023-12-24,Sunday,1:00pm,Atlanta Falcons,Indianapolis Colts,atl,clt,29,10,Arthur Smith,Shane Steichen,Mercedes-Benz Stadium,69221,2:57,retractable roof (closed),fieldturf,,QB,Taylor Heinicke,HeinTa00,RB,Bijan Robinson,RobiBi01,WR,Van Jefferson,JeffVa00,WR,Drake London,LondDr00,TE,Jonnu Smith,SmitJo01,TE,Kyle Pitts,PittKy00,OL,Matthew Bergeron,BergMa00,OL,Drew Dalman,DalmDr00,OL,Storm Norton,NortSt00,T,Jake Matthews,MattJa00,G,Chris Lindstrom,LindCh00,DL,Calais Campbell,CampCa99,DL,Albert Huggins,HuggAl01,DL,David Onyemata,OnyeDa00,OLB,Bud Dupree,DuprAl00,LB,Nathan Landman,LandNa01,LB,Kaden Elliss,ElliKa00,CB,Clark Phillips,PhilCl00,CB,AJ Terrell,TerrAJ00,S,Jessie Bates III,BateJe00,S,DeMarcco Hellams,HellDe00,S,Richie Grant,GranRi00,QB,Gardner Minshew II,MinsGa00,RB,Tyler Goodson,GoodTy00,WR,Alec Pierce,PierAl00,TE,Andrew Ogletree,OgleAn00,TE,Kylen Granson,GranKy00,TE,Will Mallory,MallWi00,OL,Will Fries,FrieWi00,T,Blake Freeland,FreeBl00,T,Bernhard Raimann,RaimBe00,G,Quenton Nelson,NelsQu00,C,Ryan Kelly,KellRy00,DE,Kwity Paye,PayeKw00,DE,Samson Ebukam,EbukSa00,DT,Grover Stewart,StewGr00,DT,DeForest Buckner,BuckDe00,LB,E.J. Speed,SpeeEJ00,LB,Zaire Franklin,FranZa00,CB,Julius Brents,BrenJu00,CB,Kenny Moore,MoorKe03,CB,Jaylon Jones,JoneJa13,S,Julian Blackmon,BlacJu01,S,Rodney Thomas II,ThomRo07,Referee,Alan Eck,Umpire,Tab Slaughter,Down Judge,Fred Bryan,Line Judge,Robin DeLorenzo,Back Judge,Greg Meyer,Side Judge,Dale Shaw,Field Judge,John Jenkins
202312240car,2023-12-24,Sunday,1:00pm,Carolina Panthers,Green Bay Packers,car,gnb,30,33,Chris Tabor,Matt LaFleur,Bank of America Stadium,70875,3:07,outdoors,grass,"67 degrees, relative humidity 43%, wind 1 mph",QB,Bryce Young,YounBr01,RB,Chuba Hubbard,HubbCh01,WR,Adam Thielen,ThieAd00,WR,DJ Chark,CharDJ00,WR,Jonathan Mingo,MingJo00,TE,Tommy Tremble,TremTo00,OL,Bradley Bozeman,BozeBr00,T,Ikem Ekwonu,EkwoIk00,T,Taylor Moton,MotoTa00,G,Nash Jensen,JensNa00,G,Cade Mays,MaysCa00,DT,Derrick Brown,BrowDe05,DT,Shy Tuttle,TuttSh00,DT,DeShawn Williams,WillDe04,OLB,Yetur Gross-Matos,GrosYe00,OLB,Brian Burns,BurnBr00,LB,Kamu Grugier-Hill,GrugKa00,LB,Frankie Luvu,LuvuFr00,CB,Jaycee Horn,HornJa00,CB,Donte Jackson,JackDo02,S,Xavier Woods,WoodXa00,S,Vonn Bell,BellVo00,QB,Jordan Love,LoveJo03,RB,Aaron Jones,JoneAa00,WR,Romeo Doubs,DoubRo00,WR,Dontayvion Wicks,WickDo00,TE,Tucker Kraft,KrafTu00,TE,Ben Sims,SimsBe00,OL,Elgton Jenkins,JenkEl00,OL,Josh Myers,MyerJo00,OL,Zach Tom,TomxZa00,T,Rasheed Walker,WalkRa00,G,Jon Runyan Jr.,RunyJo00,DL,Kenny Clark,ClarKe01,DL,Devonte Wyatt,WyatDe00,DL,Tedarrell Slaton,SlatTe00,LB,Preston Smith,SmitPr00,LB,Quay Walker,WalkQu00,LB,Rashan Gary,GaryRa00,CB,Eric Stokes,StokEr00,CB,Keisean Nixon,NixoKe00,CB,Jaire Alexander,AlexJa00,S,Jonathan Owens,OwenJo01,S,Anthony Johnson,JohnAn08,Referee,Alex Kemp,Umpire,Mike Morton,Down Judge,Danny Short,Line Judge,Rusty Baynes,Back Judge,Scott Helverson,Side Judge,James Coleman,Field Judge,Sean Petty
202312240chi,2023-12-24,Sunday,4:25pm,Chicago Bears,Arizona Cardinals,chi,crd,27,16,Matt Eberflus,Jonathan Gannon,Soldier Field,59978,2:59,outdoors,grass,"52 degrees, relative humidity 78%, wind 4 mph",QB,Justin Fields,FielJu00,RB,Khalil Herbert,HerbKh00,WR,D.J. Moore,,TE,Robert Tonyan,TonyRo00,TE,Marcedes Lewis,LewiMa00,TE,Cole Kmet,KmetCo00,OL,Darnell Wright,WrigDa00,OL,Cody Whitehair,WhitCo03,OL,Lucas Patrick,PatrLu00,OL,Braxton Jones,JoneBr08,OL,Nate Davis,DaviNa01,DL,Justin Jones,JoneJu03,DL,Montez Sweat,SweaMo00,DL,DeMarcus Walker,WalkDe03,DL,Andrew Billings,BillAn00,LB,T.J. Edwards,EdwaTJ02,LB,Tremaine Edmunds,EdmuTr01,LB,Jack Sanborn,SanbJa00,DB,Jaylon Johnson,JohnJa13,DB,Eddie Jackson,JackEd01,DB,Tyrique Stevenson,StevTy01,DB,Jaquan Brisker,BrisJa01,QB,Kyler Murray,MurrKy00,RB,James Conner,ConnJa00,WR,Michael Wilson,WilsMi02,WR,Greg Dortch,DortGr01,WR,Rondale Moore,MoorRo02,TE,Trey McBride,McBrTr01,OL,Elijah Wilkinson,WilkEl00,OL,Hjalte Froholdt,FrohHj00,OL,Will Hernandez,HernWi00,OL,D.J. Humphries,,OL,Paris Johnson,JohnPa03,DL,Kevin Strong,StroKe00,DL,Jonathan Ledbetter,LedbJo01,DT,Roy Lopez,LopeRo00,OLB,Cameron Thomas,ThomCa03,LB,Owen Pappoe,PappOw00,LB,Zaven Collins,CollZa00,LB,Krys Barnes,BarnKr00,CB,Antonio Hamilton,HamiAn01,CB,Starling Thomas,ThomSt01,S,Budda Baker,BakeBu00,S,Jalen Thompson,ThomJa04,Referee,John Hussey,Umpire,Carl Paganelli,Down Judge,Frank LeBlanc,Line Judge,Carl Johnson,Back Judge,Matt Edwards,Side Judge,Allen Baynes,Field Judge,Anthony Flemming
202312240den,2023-12-24,Sunday,8:15pm,Denver Broncos,New England Patriots,den,nwe,23,26,Sean Payton,Bill Belichick,Empower Field at Mile High,76201,3:08,outdoors,grass,"28 degrees, relative humidity 50%, wind 9 mph",QB,Russell Wilson,WilsRu00,RB,Javonte Williams,WillJa10,WR,Marvin Mims,MimsMa00,WR,Courtland Sutton,SuttCo00,WR,Lil'Jordan Humphrey,HumpLi01,TE,Adam Trautman,TrauAd00,OL,Quinn Meinerz,MeinQu02,T,Garett Bolles,BollGa00,T,Mike McGlinchey,McGlMi00,G,Ben Powers,PoweBe00,C,Lloyd Cushenberry III,CushLl00,DL,Mike Purcell,PurcMi00,DE,Zach Allen,AlleZa01,DT,D.J. Jones,,OLB,Jonathon Cooper,CoopJo02,OLB,Baron Browning,BrowBa01,LB,Alex Singleton,SingAl00,LB,Josey Jewell,JeweJo00,CB,Fabian Moreau,MoreFa00,CB,Patrick Surtain II,SurtPa01,S,P.J. Locke,LockPJ00,S,Justin Simmons,SimmJu00,QB,Bailey Zappe,ZappBa00,RB,Ezekiel Elliott,ElliEz00,WR,DeMario Douglas,DougDe00,WR,DeVante Parker,ParkDe01,TE,Pharaoh Brown,BrowPh01,TE,Mike Gesicki,GesiMi00,OL,Sidy Sow,SowxSi00,OL,James Ferentz,FereJa00,OL,Michael Onwenu,OnweMi00,T,Vederian Lowe,LoweVe00,C,David Andrews,AndrDa00,DL,Christian Barmore,BarmCh00,DL,Deatrich Wise Jr.,WiseDe00,DL,Davon Godchaux,GodcDa00,LB,Anfernee Jennings,JennAn00,LB,Jahlani Tavai,TavaJa00,LB,Ja'Whaun Bentley,BentJa00,CB,Shaun Wade,WadeSh00,DB,Jonathan Jones,JoneJo03,DB,Jalen Mills,MillJa02,DB,Kyle Dugger,DuggKy00,DB,Myles Bryant,BryaMy01,Referee,Carl Cheffers,Umpire,Brandon Cruse,Down Judge,Mike Carr,Line Judge,Tom Eaton,Back Judge,Martin Hankins,Side Judge,Eugene Hall,Field Judge,Nathan Jones
202312240htx,2023-12-24,Sunday,1:00pm,Houston Texans,Cleveland Browns,htx,cle,22,36,DeMeco Ryans,Kevin Stefanski,NRG Stadium,70831,3:20,retractable roof (closed),astroturf,,QB,Case Keenum,KeenCa00,RB,Devin Singletary,SingDe00,FB,Andrew Beck,BeckAn01,WR,Nico Collins,CollNi00,WR,Noah Brown,BrowNo00,TE,Brevin Jordan,JordBr00,OL,Michael Deiter,DeitMi00,OL,Juice Scruggs,ScruJu00,T,Charlie Heck,HeckCh00,T,Laremy Tunsil,TunsLa00,G,Shaq Mason,MasoSh01,DE,Jonathan Greenard,GreeJo04,DE,Derek Barnett,BarnDe01,DT,Maliek Collins,CollMa00,DT,Sheldon Rankins,RankSh00,LB,Christian Harris,HarrCh06,LB,Denzel Perryman,PerrDe00,CB,Derek Stingley Jr.,StinDe00,CB,Desmond King,KingDe01,CB,Steven Nelson,NelsSt01,S,Jalen Pitre,PitrJa00,S,Jimmie Ward,WardJi01,QB,Joe Flacco,FlacJo00,RB,Jerome Ford,FordJe00,WR,Amari Cooper,CoopAm00,WR,David Bell,BellDa02,WR,Elijah Moore,MoorEl00,TE,David Njoku,NjokDa00,T,Geron Christian,ChriGe01,T,James Hudson,HudsJa00,G,Wyatt Teller,TellWy00,G,Joel Bitonio,BitoJo00,C,Ethan Pocic,PociEt00,DE,Za'Darius Smith,SmitZa00,DE,Myles Garrett,GarrMy00,DT,Shelby Harris,HarrSh00,DT,Dalvin Tomlinson,TomlDa00,LB,Jeremiah Owusu-Koramoah,OwusJe00,LB,Tony Fields,FielTo00,LB,Sione Takitaki,TakiSi00,CB,Greg Newsome II,NewsGr00,CB,Martin Emerson,EmerMa00,S,Ronnie Hickman,HickRo00,S,D'Anthony Bell,BellDA03,Referee,Tra Blake,Umpire,Tony Michalek,Down Judge,Patrick Turner,Line Judge,Daniel Gallagher,Back Judge,Todd Prukop,Side Judge,Don Willard,Field Judge,Tom Hill
202312240mia,2023-12-24,Sunday,4:25pm,Miami Dolphins,Dallas Cowboys,mia,dal,22,20,Mike McDaniel,Mike McCarthy,Hard Rock Stadium,66410,3:01,outdoors,grass,"75 degrees, relative humidity 66%, wind 15 mph",QB,Tua Tagovailoa,TagoTu00,RB,Raheem Mostert,MostRa00,FB,Alec Ingold,IngoAl01,WR,Tyreek Hill,HillTy00,WR,Jaylen Waddle,WaddJa00,TE,Julian Hill,HillJu02,OL,Liam Eichenberg,EichLi00,OL,Robert Jones,JoneRo02,T,Terron Armstead,ArmsTe00,T,Kendall Lamm,LammKe00,G,Lester Cotton,CottLe00,DT,Christian Wilkins,WilkCh00,DT,Zach Sieler,SielZa00,LB,Bradley Chubb,ChubBr00,LB,Andrew Van Ginkel,VanGAn00,LB,Duke Riley,RileDu00,LB,David Long,LongDa04,CB,Jalen Ramsey,RamsJa00,CB,Kader Kohou,KohoKa00,CB,Xavien Howard,HowaXa00,S,Brandon Jones,JoneBr06,S,DeShon Elliott,ElliDe02,QB,Dak Prescott,PresDa01,RB,Tony Pollard,PollTo00,WR,Brandin Cooks,CookBr00,WR,CeeDee Lamb,LambCe00,WR,Michael Gallup,GallMi00,TE,Jake Ferguson,FergJa00,OL,Tyler Smith,SmitTy02,T,Terence Steele,SteeTe01,G,Chuma Edoga,EdogCh00,G,Zack Martin,MartZa00,C,Tyler Biadasz,BiadTy00,DE,DeMarcus Lawrence,LawrDe00,DT,Mazi Smith,SmitMa06,DT,Osa Odighizuwa,OdigOs00,LB,Damone Clark,ClarDa02,LB,Micah Parsons,ParsMi00,CB,DaRon Bland,BlanDa00,CB,Jourdan Lewis,LewiJo01,CB,Stephon Gilmore,GilmSt00,S,Jayron Kearse,KearJa00,S,Malik Hooker,HookMa00,S,Donovan Wilson,WilsDo01,Referee,Shawn Hochuli,Umpire,Terry Killens,Down Judge,Patrick Holt,Line Judge,Tim Podraza,Back Judge,Rich Martinez,Side Judge,Chad Hill,Field Judge,Jason Ledet
202312240min,2023-12-24,Sunday,1:00pm,Minnesota Vikings,Detroit Lions,min,det,24,30,Kevin O'Connell,Dan Campbell,U.S. Bank Stadium,66932,3:15,dome,sportturf,,QB,Nick Mullens,MullNi00,RB,Ty Chandler,ChanTy01,WR,Jordan Addison,AddiJo00,WR,Justin Jefferson,JeffJu00,TE,T.J. Hockenson,HockTJ00,TE,Josh Oliver,OlivJo00,T,Christian Darrisaw,DarrCh00,T,David Quessenberry,QuesDa00,G,Dalton Risner,RisnDa00,G,Ed Ingram,IngrEd00,C,Garrett Bradbury,BradGa00,DL,Jonathan Bullard,BullJo00,DL,Harrison Phillips,PhilHa00,OLB,D.J. Wonnum,WonnDJ00,OLB,Patrick Jones II,JonePa00,OLB,Danielle Hunter,HuntDa01,LB,Jordan Hicks,HickJo00,CB,Akayleb Evans,EvanAk00,CB,Mekhi Blackmon,BlacMe00,S,Josh Metellus,MeteJo00,S,Camryn Bynum,BynuCa00,S,Harrison Smith,SmitHa00,QB,Jared Goff,GoffJa00,RB,David Montgomery,MontDa01,WR,Jameson Williams,WillJa11,WR,Amon-Ra St. Brown,StxxAm00,WR,Josh Reynolds,ReynJo00,WR,Donovan Peoples-Jones,PeopDo00,OL,Graham Glasgow,GlasGr00,T,Taylor Decker,DeckTa00,T,Penei Sewell,SewePe00,G,Jonah Jackson,JackJo03,C,Frank Ragnow,RagnFr00,DL,Isaiah Buggs,BuggIs00,DL,Josh Paschal,PascJo00,DL,Benito Jones,JoneBe03,DL,Aidan Hutchinson,HutcAi00,LB,Malcolm Rodriguez,RodrMa00,LB,Jack Campbell,CampJa04,LB,Alex Anzalone,AnzaAl00,CB,Khalil Dorsey,DorsKh00,CB,Cameron Sutton,SuttCa00,S,Ifeatu Melifonwu,MeliIf00,S,Kerby Joseph,JoseKe03,Referee,Land Clark,Umpire,Paul King,Down Judge,Tom Stephan,Line Judge,Brian Bolinger,Back Judge,Brad Freeman,Side Judge,Dominique Pender,Field Judge,Jabir Walker
202312240nyj,2023-12-24,Sunday,1:00pm,New York Jets,Washington Commanders,nyj,was,30,28,Robert Saleh,Ron Rivera,MetLife Stadium,67470,3:30,outdoors,fieldturf,"45 degrees, relative humidity 80%, wind 2 mph",QB,Trevor Siemian,SiemTr00,RB,Breece Hall,HallBr03,WR,Garrett Wilson,WilsGa00,WR,Jason Brownlee,BrowJa07,WR,Xavier Gipson,GipsXa00,TE,Tyler Conklin,ConkTy00,OL,Xavier Newman-Johnson,NewmXa00,OL,Jake Hanson,HansJa00,T,Mekhi Becton,BectMe00,T,Carter Warren,WarrCa00,G,Laken Tomlinson,TomlLa01,C,Joe Tippmann,TippJo00,DL,John Franklin-Myers,FranJo02,DL,Solomon Thomas,ThomSo00,DL,Quinnen Williams,WillQu00,LB,Jermaine Johnson II,JohnJe07,LB,C.J. Mosley,,CB,Sauce Gardner,GardSa00,CB,D.J. Reed,,CB,Michael Carter II,CartMi02,S,Jordan Whitehead,WhitJo03,S,Tony Adams,AdamTo03,QB,Sam Howell,HoweSa00,RB,Antonio Gibson,GibsAn00,WR,Jahan Dotson,DotsJa00,WR,Curtis Samuel,SamuCu00,WR,Terry McLaurin,McLaTe00,TE,Logan Thomas,ThomLo00,OL,Andrew Wylie,WyliAn00,OL,Saahdiq Charles,CharSa00,T,Samuel Cosmi,CosmSa00,T,Cornelius Lucas,LucaCo01,C,Nick Gates,GateNi00,DE,Casey Toohill,ToohCa00,DE,James Smith-Williams,SmitJa08,DT,Jonathan Allen,AlleJo01,DT,Daron Payne,PaynDa00,LB,Khaleke Hudson,HudsKh00,LB,Cody Barton,BartCo00,CB,Kendall Fuller,FullKe00,CB,Benjamin St-Juste,StJuBe00,DB,Quan Martin,MartJa04,S,Kamren Curl,CurlKa00,S,Percy Butler,ButlPe00,Referee,Clay Martin,Umpire,James Carter,Down Judge,Jerod Phillips,Line Judge,Greg Bradley,Back Judge,Greg Wilson,Side Judge,Dave Hawkshaw,Field Judge,Alonzo Ramsey
202312240oti,2023-12-24,Sunday,1:00pm,Tennessee Titans,Seattle Seahawks,oti,sea,17,20,Mike Vrabel,Pete Carroll,Nissan Stadium,60181,2:59,outdoors,grass,"61 degrees, relative humidity 64%, wind 4 mph",QB,Ryan Tannehill,TannRy00,RB,Derrick Henry,HenrDe00,WR,Treylon Burks,BurkTr00,WR,DeAndre Hopkins,HopkDe00,TE,Chig Okonkwo,OkonCh00,OL,Peter Skoronski,SkorPe00,OL,Aaron Brewer,BrewAa01,OL,Andrew Rupcich,RupcAn00,OL,Dillon Radunz,RaduDi00,OL,Jaelyn Duncan,DuncJa00,OL,John Ojukwu,OjukJo00,DL,Denico Autry,AutrDe00,DL,Marlon Davidson,DaviMa01,DT,Jaleel Johnson,JohnJa09,OLB,Arden Key,KeyxAr00,LB,Otis Reese,ReesOt00,LB,Azeez Al-Shaair,AlShAz00,CB,Roger McCreary,McCrRo01,CB,Elijah Molden,MoldEl00,CB,Tre Avery,AverTr01,DB,Eric Garror,GarrEr00,S,Mike Brown,BrowMi02,QB,Geno Smith,SmitGe00,RB,Kenneth Walker III,WalkKe00,WR,D.K. Metcalf,MetcDK00,WR,Tyler Lockett,LockTy00,TE,Will Dissly,DissWi00,TE,Noah Fant,FantNo00,T,Abraham Lucas,LucaAb00,T,Charles Cross,CrosCh00,G,Anthony Bradford,BradAn00,G,Damien Lewis,LewiDa05,C,Evan Brown,BrowEv00,DL,Leonard Williams,WillLe02,DE,Dre'Mont Jones,JoneDr00,DE,Jarran Reed,ReedJa02,DT,Myles Adams,AdamMy00,LB,Devin Bush Jr.,BushDe01,LB,Boye Mafe,MafeBo00,LB,Jordyn Brooks,BrooJo01,CB,Michael Jackson,JackMi01,CB,Riq Woolen,WoolTa00,FS,Quandre Diggs,DiggQu00,S,Julian Love,LoveJu00,Referee,Shawn Smith,Umpire,Bryan Neale,Down Judge,Jay Bilbo,Line Judge,Jeff Seeman,Back Judge,Dino Paganelli,Side Judge,Clay Reynard,Field Judge,Dyrol Prioleau
202312240tam,2023-12-24,Sunday,4:05pm,Tampa Bay Buccaneers,Jacksonville Jaguars,tam,jax,30,12,Todd Bowles,Doug Pederson,Raymond James Stadium,62547,2:53,outdoors,grass,"72 degrees, relative humidity 72%, wind 11 mph",QB,Baker Mayfield,MayfBa00,RB,Rachaad White,WhitRa01,WR,Trey Palmer,PalmTr00,WR,Mike Evans,EvanMi00,WR,Chris Godwin,GodwCh00,TE,Cade Otton,OttoCa00,T,Tristan Wirfs,WirfTr00,T,Luke Goedeke,GoedLu00,G,Aaron Stinnie,StinAa00,G,Cody Mauch,MaucCo00,C,Robert Hainsey,HainRo00,DL,Calijah Kancey,KancCa00,DL,Logan Hall,HallLo00,NT,Vita Vea,VeaxVi00,OLB,Shaquil Barrett,BarrSh00,OLB,YaYa Diaby,DiabYa00,LB,Lavonte David,DaviLa00,LB,K.J. Britt,BritKJ00,CB,Jamel Dean,DeanJa00,CB,Carlton Davis,DaviCa02,S,Ryan Neal,NealRy00,S,Antoine Winfield Jr.,WinfAn00,QB,Trevor Lawrence,LawrTr00,RB,Travis Etienne,EtieTr00,WR,Calvin Ridley,RidlCa00,TE,Evan Engram,EngrEv00,TE,Luke Farrell,FarrLu00,TE,Brenton Strange,StraBr00,OL,Brandon Scherff,ScheBr00,OL,Ezra Cleveland,ClevEz00,OL,Walker Little,LittWa00,OL,Luke Fortner,FortLu01,T,Anton Harrison,HarrAn00,DL,Folorunso Fatukasi,FatuFo00,DL,Roy Robertson-Harris,RobeRo00,OLB,Travon Walker,WalkTr03,OLB,Josh Hines-Allen,AlleJo03,LB,Devin Lloyd,LloyDe00,LB,Foyesade Oluokun,OluoFo00,CB,Tyson Campbell,CampTy01,CB,Darious Williams,WillDa09,S,Antonio Johnson,JohnAn07,S,Rayshawn Jenkins,JenkRa00,S,Andre Cisco,CiscAn00,Referee,Brad Allen,Umpire,Duane Heydt,Down Judge,Sarah Thomas,Line Judge,Walter Flowers,Back Judge,Greg Yette,Side Judge,Boris Cheek,Field Judge,Rick Patterson
202312250kan,2023-12-25,Monday,1:00pm,Kansas City Chiefs,Las Vegas Raiders,kan,rai,14,20,Andy Reid,Antonio Pierce,GEHA Field at Arrowhead Stadium,73480,3:02,outdoors,grass,"38 degrees, relative humidity 82%, wind 11 mph",QB,Patrick Mahomes,MahoPa00,RB,Isiah Pacheco,PachIs00,WR,Justin Watson,WatsJu01,WR,Richie James,JameRi00,TE,Noah Gray,GrayNo00,TE,Travis Kelce,KelcTr00,OL,Wanya Morris,MorrWa01,T,Jawaan Taylor,TaylJa02,G,Trey Smith,SmitTr05,G,Joe Thuney,ThunJo00,C,Creed Humphrey,HumpCr00,DE,George Karlaftis III,KarlGe00,DE,Michael Danna,DannMi00,DT,Chris Jones,JoneCh09,DT,Derrick Nnadi,NnadDe00,LB,Willie Gay Jr.,GayJWi00,LB,Leo Chenal,ChenLe00,LB,Nick Bolton,BoltNi00,CB,Trent McDuffie,McDuTr00,CB,L'Jarius Sneed,SneeLJ00,S,Mike Edwards,EdwaMi01,S,Justin Reid,ReidJu00,QB,Aidan O'Connell,OConAi00,RB,Zamir White,WhitZa01,FB,Jakob Johnson,JohnJa12,WR,Jakobi Meyers,MeyeJa01,WR,Davante Adams,AdamDa01,TE,Austin Hooper,HoopAu00,OL,Jermaine Eluemunor,ElueJe00,T,Thayer Munford,MunfTh00,G,Greg Van Roten,VanRGr00,G,Dylan Parham,ParhDy00,C,Andre James,JameAn01,DE,Malcolm Koonce,KoonMa00,DE,Maxx Crosby,CrosMa00,DT,John Jenkins,JenkJo00,DT,Bilal Nichols,NichBi00,LB,Robert Spillane,SpilRo00,LB,Divine Deablo,DeabDi00,CB,Jack Jones,JoneJa10,CB,Nate Hobbs,HobbNa00,CB,Amik Robertson,RobeAm00,S,Tre'von Moehrig,MoehTr00,S,Marcus Epps,EppsMa00,Referee,Clete Blakeman,Umpire,Scott Campbell,Down Judge,Dana McKenzie,Line Judge,Julian Mapp,Back Judge,Jonah Monroe,Side Judge,Lo Van,Field Judge,Terry Brown
202312250phi,2023-12-25,Monday,4:30pm,Philadelphia Eagles,New York Giants,phi,nyg,33,25,Nick Sirianni,Brian Daboll,Lincoln Financial Field,69879,3:17,outdoors,grass,"51 degrees, relative humidity 68%, wind 5 mph",QB,Jalen Hurts,HurtJa00,RB,D'Andre Swift,SwifDA00,WR,A.J. Brown,BrowAJ00,WR,DeVonta Smith,SmitDe07,WR,Julio Jones,JoneJu02,TE,Dallas Goedert,GoedDa00,OL,Cam Jurgens,JurgCa01,T,Lane Johnson,JohnLa01,T,Jordan Mailata,MailJo00,G,Sua Opeta,OpetIo00,C,Jason Kelce,KelcJa00,DE,Josh Sweat,SweaJo00,DT,Fletcher Cox,CoxxFl00,DT,Jordan Davis,DaviJo03,OLB,Haason Reddick,ReddHa00,LB,Ben VanSumeren,VanSBe00,LB,Shaquille Leonard,LeonDa00,CB,Kelee Ringo,RingKe00,CB,James Bradberry,BradJa00,S,Kevin Byard,ByarKe01,S,Sydney Brown,BrowSy00,S,Reed Blankenship,BlanRe00,QB,Tommy DeVito,DeViTo00,RB,Saquon Barkley,BarkSa00,WR,Darius Slayton,SlayDa01,WR,Wan'Dale Robinson,RobiWa01,WR,Jalin Hyatt,HyatJa00,TE,Darren Waller,WallDa01,OL,Justin Pugh,PughJu00,T,Tyre Phillips,PhilTy00,T,Andrew Thomas,ThomAn02,G,Ben Bredeson,BredBe00,C,John Michael Schmitz,MichJo00,DL,Dexter Lawrence,LawrDe03,DL,A'Shawn Robinson,RobiAS00,DL,DJ Davidson,DaviDJ00,OLB,Kayvon Thibodeaux,ThibKa00,LB,Bobby Okereke,OkerBo00,CB,Cordale Flott,FlotCo00,CB,Adoree' Jackson,JackAd00,CB,Deonte Banks,BankDe00,S,Xavier McKinney,McKiXa00,S,Jason Pinnock,PinnJa01,S,Isaiah Simmons,SimmIs00,Referee,Ron Torbert,Umpire,Barry Anderson,Down Judge,Max Causey,Line Judge,Maia Chaka,Back Judge,Tony Josselyn,Side Judge,Keith Washington,Field Judge,Ryan Dickson
202312250sfo,2023-12-25,Monday,8:15pm,San Francisco 49ers,Baltimore Ravens,sfo,rav,19,33,Kyle Shanahan,John Harbaugh,Levi's Stadium,71812,3:18,outdoors,grass,"56 degrees, relative humidity 60%, wind 8 mph",QB,Brock Purdy,PurdBr00,RB,Christian McCaffrey,McCaCh01,FB,Kyle Juszczyk,JuszKy00,WR,Brandon Aiyuk,AiyuBr00,WR,Deebo Samuel,SamuDe00,TE,George Kittle,KittGe00,OL,Aaron Banks,BankAa00,OL,Jake Brendel,BrenJa01,OL,Jon Feliciano,FeliJo00,OL,Colton McKivitz,McKiCo00,T,Trent Williams,WillTr21,DL,Javon Hargrave,HargJa00,DL,Clelin Ferrell,FerrCl00,DL,Nick Bosa,BosaNi00,DT,Javon Kinlaw,KinlJa00,LB,Dre Greenlaw,GreeDr00,LB,Fred Warner,WarnFr00,CB,Ambry Thomas,ThomAm00,CB,Charvarius Ward,WardCh01,DB,Deommodore Lenoir,LenoDe00,S,Tashaun Gipson,GipsTa00,S,Ji'Ayir Brown,BrowJi01,QB,Lamar Jackson,JackLa00,RB,Justice Hill,HillJu00,FB,Patrick Ricard,RicaPa00,WR,Rashod Bateman,BateRa00,WR,Zay Flowers,FlowZa00,TE,Isaiah Likely,LikeIs00,T,Ronnie Stanley,StanRo00,T,Morgan Moses,MoseMo00,G,Kevin Zeitler,ZeitKe00,G,John Simpson,SimpJo00,C,Tyler Linderbaum,LindTy00,DE,Brent Urban,UrbaBr00,DT,Nnamdi Madubuike,MaduJu00,NT,Michael Pierce,PierMi00,OLB,Jadeveon Clowney,ClowJa00,LB,Patrick Queen,QueePa00,LB,Malik Harrison,HarrMa06,LB,Roquan Smith,SmitRo07,CB,Marlon Humphrey,HumpMa00,DB,Brandon Stephens,StepBr01,S,Kyle Hamilton,HamiKy00,S,Marcus Williams,WillMa06,Referee,Bill Vinovich,Umpire,Alex Moore,Down Judge,Dale Keller,Line Judge,Mark Perlman,Back Judge,Jimmy Russell,Side Judge,Jimmy Buchanan,Field Judge,Joe Blubaugh
202312280cle,2023-12-28,Thursday,8:15pm,Cleveland Browns,New York Jets,cle,nyj,37,20,Kevin Stefanski,Robert Saleh,Cleveland Browns Stadium,67919,3:05,outdoors,grass,"47 degrees, relative humidity 76%, wind 6 mph",QB,Joe Flacco,FlacJo00,RB,Jerome Ford,FordJe00,WR,Cedric Tillman,TillCe01,WR,David Bell,BellDa02,WR,Elijah Moore,MoorEl00,TE,David Njoku,NjokDa00,T,James Hudson,HudsJa00,T,Geron Christian,ChriGe01,G,Joel Bitonio,BitoJo00,G,Wyatt Teller,TellWy00,C,Ethan Pocic,PociEt00,DE,Myles Garrett,GarrMy00,DE,Za'Darius Smith,SmitZa00,DT,Shelby Harris,HarrSh00,DT,Dalvin Tomlinson,TomlDa00,LB,Jeremiah Owusu-Koramoah,OwusJe00,LB,Sione Takitaki,TakiSi00,CB,Greg Newsome II,NewsGr00,CB,Denzel Ward,WardDe02,CB,Martin Emerson,EmerMa00,S,Juan Thornhill,ThorJu00,S,D'Anthony Bell,BellDA03,QB,Trevor Siemian,SiemTr00,RB,Breece Hall,HallBr03,WR,Jason Brownlee,BrowJa07,WR,Garrett Wilson,WilsGa00,TE,Kenny Yeboah,YeboKe00,TE,Tyler Conklin,ConkTy00,OL,Jake Hanson,HansJa00,T,Mekhi Becton,BectMe00,T,Carter Warren,WarrCa00,G,Laken Tomlinson,TomlLa01,C,Joe Tippmann,TippJo00,DL,Solomon Thomas,ThomSo00,DL,John Franklin-Myers,FranJo02,DL,Quinnen Williams,WillQu00,LB,Jermaine Johnson II,JohnJe07,LB,C.J. Mosley,,LB,Quincy Williams,WillQu01,CB,D.J. Reed,,CB,Sauce Gardner,GardSa00,CB,Michael Carter II,CartMi02,S,Jordan Whitehead,WhitJo03,S,Tony Adams,AdamTo03,Referee,Alex Kemp,Umpire,Mike Morton,Down Judge,Danny Short,Line Judge,Rusty Baynes,Back Judge,Scott Helverson,Side Judge,James Coleman,Field Judge,Sean Petty
202312300dal,2023-12-30,Saturday,8:15pm,Dallas Cowboys,Detroit Lions,dal,det,20,19,Mike McCarthy,Dan Campbell,AT&amp;T Stadium,93731,3:05,retractable roof (closed),matrixturf,,QB,Dak Prescott,PresDa01,RB,Tony Pollard,PollTo00,WR,Brandin Cooks,CookBr00,WR,CeeDee Lamb,LambCe00,TE,Jake Ferguson,FergJa00,TE,Peyton Hendershot,HendPe01,OL,Tyler Smith,SmitTy02,T,Tyron Smith,SmitTy00,T,Terence Steele,SteeTe01,G,Zack Martin,MartZa00,C,Tyler Biadasz,BiadTy00,DE,DeMarcus Lawrence,LawrDe00,DT,Mazi Smith,SmitMa06,DT,Osa Odighizuwa,OdigOs00,LB,Micah Parsons,ParsMi00,LB,Damone Clark,ClarDa02,CB,DaRon Bland,BlanDa00,CB,Jourdan Lewis,LewiJo01,CB,Stephon Gilmore,GilmSt00,S,Jayron Kearse,KearJa00,S,Malik Hooker,HookMa00,S,Donovan Wilson,WilsDo01,QB,Jared Goff,GoffJa00,RB,David Montgomery,MontDa01,WR,Jameson Williams,WillJa11,WR,Amon-Ra St. Brown,StxxAm00,WR,Josh Reynolds,ReynJo00,TE,Sam LaPorta,LaPoSa01,OL,Graham Glasgow,GlasGr00,T,Taylor Decker,DeckTa00,T,Penei Sewell,SewePe00,G,Jonah Jackson,JackJo03,C,Frank Ragnow,RagnFr00,DL,Tyson Alualu,AluaTy99,DL,John Cominsky,ComiJo00,DL,Aidan Hutchinson,HutcAi00,DL,Benito Jones,JoneBe03,LB,Alex Anzalone,AnzaAl00,LB,Jack Campbell,CampJa04,LB,Derrick Barnes,BarnDe02,CB,Cameron Sutton,SuttCa00,CB,Kindle Vildor,VildKi00,S,Ifeatu Melifonwu,MeliIf00,S,Kerby Joseph,JoseKe03,Referee,Brad Allen,Umpire,Duane Heydt,Down Judge,Sarah Thomas,Line Judge,Walter Flowers,Back Judge,Greg Yette,Side Judge,Boris Cheek,Field Judge,Rick Patterson
202312310buf,2023-12-31,Sunday,1:00pm,Buffalo Bills,New England Patriots,buf,nwe,27,21,Sean McDermott,Bill Belichick,Highmark Stadium,70772,2:58,outdoors,a_turf,"35 degrees, relative humidity 88%, wind 4 mph",QB,Josh Allen,AlleJo02,RB,James Cook,CookJa01,WR,Gabe Davis,DaviGa01,WR,Stefon Diggs,DiggSt00,WR,Khalil Shakir,ShakKh00,TE,Dawson Knox,KnoxDa00,T,Spencer Brown,BrowSp00,T,Dion Dawkins,DawkDi00,G,O'Cyrus Torrence,TorrOC00,G,Connor McGovern,McGoCo01,C,Mitch Morse,MorsMi00,DE,Gregory Rousseau,RousGr00,DE,Shaq Lawson,LawsSh00,DT,DaQuan Jones,JoneDa04,DT,Ed Oliver,OlivEd00,LB,Tyrel Dodson,DodsTy01,LB,Terrel Bernard,BernTe00,CB,Taron Johnson,JohnTa01,CB,Rasul Douglas,DougRa00,CB,Christian Benford,BenfCh00,S,Jordan Poyer,PoyeJo00,S,Micah Hyde,HydeMi00,QB,Bailey Zappe,ZappBa00,RB,Ezekiel Elliott,ElliEz00,WR,DeMario Douglas,DougDe00,WR,DeVante Parker,ParkDe01,TE,Pharaoh Brown,BrowPh01,TE,Mike Gesicki,GesiMi00,OL,Sidy Sow,SowxSi00,OL,Michael Onwenu,OnweMi00,OL,Atonio Mafi,MafiAt00,T,Vederian Lowe,LoweVe00,C,David Andrews,AndrDa00,DL,Christian Barmore,BarmCh00,DL,Deatrich Wise Jr.,WiseDe00,DL,Davon Godchaux,GodcDa00,LB,Anfernee Jennings,JennAn00,LB,Jahlani Tavai,TavaJa00,LB,Ja'Whaun Bentley,BentJa00,CB,Shaun Wade,WadeSh00,DB,Jonathan Jones,JoneJo03,DB,Jalen Mills,MillJa02,DB,Kyle Dugger,DuggKy00,DB,Myles Bryant,BryaMy01,Referee,Alan Eck,Umpire,Tab Slaughter,Down Judge,Fred Bryan,Line Judge,Robin DeLorenzo,Back Judge,Greg Meyer,Side Judge,Dale Shaw,Field Judge,John Jenkins
202312310chi,2023-12-31,Sunday,1:00pm,Chicago Bears,Atlanta Falcons,chi,atl,37,17,Matt Eberflus,Arthur Smith,Soldier Field,61752,3:15,outdoors,grass,"32 degrees, relative humidity 92%, wind 5 mph",QB,Justin Fields,FielJu00,RB,Khalil Herbert,HerbKh00,WR,Equanimeous St. Brown,,WR,Tyler Scott,ScotTy00,WR,D.J. Moore,,TE,Cole Kmet,KmetCo00,OL,Darnell Wright,WrigDa00,OL,Nate Davis,DaviNa01,OL,Teven Jenkins,JenkTe00,OL,Braxton Jones,JoneBr08,OL,Lucas Patrick,PatrLu00,DL,Justin Jones,JoneJu03,DL,DeMarcus Walker,WalkDe03,DL,Montez Sweat,SweaMo00,DL,Andrew Billings,BillAn00,LB,Jack Sanborn,SanbJa00,LB,T.J. Edwards,EdwaTJ02,LB,Tremaine Edmunds,EdmuTr01,DB,Jaylon Johnson,JohnJa13,DB,Eddie Jackson,JackEd01,DB,Tyrique Stevenson,StevTy01,DB,Jaquan Brisker,BrisJa01,QB,Taylor Heinicke,HeinTa00,RB,Bijan Robinson,RobiBi01,WR,Drake London,LondDr00,WR,KhaDarel Hodge,HodgKh00,TE,Kyle Pitts,PittKy00,TE,Tucker Fisk,FiskTu00,OL,Matthew Bergeron,BergMa00,OL,Drew Dalman,DalmDr00,T,Jake Matthews,MattJa00,T,Kaleb McGary,McGaKa00,G,Chris Lindstrom,LindCh00,DL,Albert Huggins,HuggAl01,DL,Calais Campbell,CampCa99,DL,David Onyemata,OnyeDa00,OLB,Bud Dupree,DuprAl00,LB,Kaden Elliss,ElliKa00,LB,Nathan Landman,LandNa01,CB,AJ Terrell,TerrAJ00,CB,Clark Phillips,PhilCl00,CB,Mike Hughes,HughMi00,S,DeMarcco Hellams,HellDe00,S,Jessie Bates III,BateJe00,Referee,Adrian Hill,Umpire,Roy Ellison,Down Judge,David Oliver,Line Judge,Brett Bergman,Back Judge,Greg Steed,Side Judge,Jim Quirk,Field Judge,Mearl Robinson
202312310clt,2023-12-31,Sunday,1:00pm,Indianapolis Colts,Las Vegas Raiders,clt,rai,23,20,Shane Steichen,Antonio Pierce,Lucas Oil Stadium,65538,2:58,retractable roof (closed),fieldturf,,QB,Gardner Minshew II,MinsGa00,RB,Jonathan Taylor,TaylJo02,WR,Michael Pittman Jr.,PittMi01,WR,Josh Downs,DownJo00,WR,Alec Pierce,PierAl00,TE,Mo Alie-Cox,AlieMo00,OL,Will Fries,FrieWi00,T,Braden Smith,SmitBr06,T,Bernhard Raimann,RaimBe00,G,Quenton Nelson,NelsQu00,C,Ryan Kelly,KellRy00,DE,Kwity Paye,PayeKw00,DE,Samson Ebukam,EbukSa00,DT,Grover Stewart,StewGr00,DT,DeForest Buckner,BuckDe00,LB,E.J. Speed,SpeeEJ00,LB,Ronnie Harrison,HarrRo02,LB,Zaire Franklin,FranZa00,CB,Chris Lammons,LammCh00,CB,Jaylon Jones,JoneJa13,CB,Julius Brents,BrenJu00,S,Nick Cross,CrosNi00,QB,Aidan O'Connell,OConAi00,RB,Zamir White,WhitZa01,WR,Jakobi Meyers,MeyeJa01,WR,Tre Tucker,TuckTr00,WR,Davante Adams,AdamDa01,TE,Austin Hooper,HoopAu00,OL,Jermaine Eluemunor,ElueJe00,T,Thayer Munford,MunfTh00,G,Dylan Parham,ParhDy00,G,Greg Van Roten,VanRGr00,C,Andre James,JameAn01,DE,Malcolm Koonce,KoonMa00,DE,Maxx Crosby,CrosMa00,DT,John Jenkins,JenkJo00,DT,Bilal Nichols,NichBi00,LB,Robert Spillane,SpilRo00,LB,Divine Deablo,DeabDi00,CB,Jack Jones,JoneJa10,CB,Nate Hobbs,HobbNa00,CB,Amik Robertson,RobeAm00,S,Marcus Epps,EppsMa00,S,Tre'von Moehrig,MoehTr00,Referee,Shawn Smith,Umpire,Bryan Neale,Down Judge,Jay Bilbo,Line Judge,Jeff Seeman,Back Judge,Dino Paganelli,Side Judge,Clay Reynard,Field Judge,Dyrol Prioleau
202312310den,2023-12-31,Sunday,4:25pm,Denver Broncos,Los Angeles Chargers,den,sdg,16,9,Sean Payton,Giff Smith,Empower Field at Mile High,76228,2:56,outdoors,grass,"41 degrees, relative humidity 40%, wind 6 mph",QB,Jarrett Stidham,StidJa00,RB,Jaleel McLaughlin,McLaJa00,FB,Michael Burton,BurtMi00,WR,Phillip Dorsett,DorsPh00,WR,Jerry Jeudy,JeudJe00,TE,Adam Trautman,TrauAd00,OL,Quinn Meinerz,MeinQu02,T,Mike McGlinchey,McGlMi00,T,Garett Bolles,BollGa00,G,Ben Powers,PoweBe00,C,Lloyd Cushenberry III,CushLl00,DE,Zach Allen,AlleZa01,DT,D.J. Jones,,OLB,Jonathon Cooper,CoopJo02,OLB,Nik Bonitto,BoniNi00,LB,Josey Jewell,JeweJo00,LB,Alex Singleton,SingAl00,CB,Ja'Quan McMillian,McMiJa00,CB,Fabian Moreau,MoreFa00,CB,Patrick Surtain II,SurtPa01,S,P.J. Locke,LockPJ00,S,Justin Simmons,SimmJu00,QB,Easton Stick,SticEa00,RB,Austin Ekeler,EkelAu00,WR,Alex Erickson,EricAl01,WR,Derius Davis,DaviDe02,WR,Quentin Johnston,JohnQu02,TE,Gerald Everett,EverGe00,OL,Jamaree Salyer,SalyJa00,OL,Brenden Jaimes,JaimBr00,OL,Jordan McFadden,McFaJo00,T,Rashawn Slater,SlatRa00,T,Trey Pipkins,PipkTr00,DL,Austin Johnson,JohnAu01,DL,Morgan Fox,FoxxMo00,DT,Otito Ogbonnia,OgboOt00,OLB,Khalil Mack,MackKh00,OLB,Tuli Tuipulotu,TuipTu00,LB,Eric Kendricks,KendEr00,LB,Nick Niemann,NiemNi00,CB,Asante Samuel Jr.,SamuAs00,CB,Michael Davis,DaviMi03,S,Derwin James,JameDe00,S,Alohi Gilman,GilmAl00,Referee,Craig Wrolstad,Umpire,Steve Woods,Down Judge,Jim Mello,Line Judge,Tripp Sutter,Back Judge,Grantis Bell,Side Judge,Frank Steratore,Field Judge,Jeff Shears
202312310htx,2023-12-31,Sunday,1:00pm,Houston Texans,Tennessee Titans,htx,oti,26,3,DeMeco Ryans,Mike Vrabel,NRG Stadium,71517,2:39,retractable roof (closed),astroturf,,QB,C.J. Stroud,StroCJ00,RB,Devin Singletary,SingDe00,WR,Noah Brown,BrowNo00,WR,Nico Collins,CollNi00,TE,Dalton Schultz,SchuDa00,TE,Brevin Jordan,JordBr00,OL,Michael Deiter,DeitMi00,OL,Juice Scruggs,ScruJu00,T,Laremy Tunsil,TunsLa00,T,Charlie Heck,HeckCh00,G,Shaq Mason,MasoSh01,DE,Jerry Hughes,HughJe99,DE,Derek Barnett,BarnDe01,DT,Sheldon Rankins,RankSh00,DT,Khalil Davis,DaviKh00,LB,Denzel Perryman,PerrDe00,LB,Christian Harris,HarrCh06,LB,Blake Cashman,CashBl00,CB,Steven Nelson,NelsSt01,CB,Derek Stingley Jr.,StinDe00,DB,DeAndre Houston-Carson,HousDe00,S,Jalen Pitre,PitrJa00,QB,Will Levis,LeviWi00,RB,Tyjae Spears,SpeaTy00,RB,Derrick Henry,HenrDe00,WR,Colton Dowell,DoweCo00,TE,Chig Okonkwo,OkonCh00,OL,Aaron Brewer,BrewAa01,OL,Daniel Brunskill,BrunDa00,OL,Peter Skoronski,SkorPe00,OL,Dillon Radunz,RaduDi00,OL,John Ojukwu,OjukJo00,T,Andre Dillard,DillAn00,DL,Denico Autry,AutrDe00,DL,Marlon Davidson,DaviMa01,DT,Jaleel Johnson,JohnJa09,OLB,Arden Key,KeyxAr00,LB,Azeez Al-Shaair,AlShAz00,LB,Otis Reese,ReesOt00,CB,Elijah Molden,MoldEl00,CB,Roger McCreary,McCrRo01,CB,Sean Murphy-Bunting,BuntSe00,DB,Eric Garror,GarrEr00,S,K'Von Wallace,WallKV00,Referee,Scott Novak,Umpire,Mark Pellis,Down Judge,Brian Sakowski,Line Judge,Mark Stewart,Back Judge,Terrence Miles,Side Judge,David Meslow,Field Judge,Tra Boger
202312310jax,2023-12-31,Sunday,1:00pm,Jacksonville Jaguars,Carolina Panthers,jax,car,26,0,Doug Pederson,Chris Tabor,EverBank Stadium,67233,2:49,outdoors,grass,"56 degrees, relative humidity 47%, wind 8 mph",QB,C.J. Beathard,,RB,Travis Etienne,EtieTr00,WR,Calvin Ridley,RidlCa00,TE,Evan Engram,EngrEv00,TE,Luke Farrell,FarrLu00,TE,Brenton Strange,StraBr00,OL,Brandon Scherff,ScheBr00,OL,Cam Robinson,RobiCa00,OL,Tyler Shatley,ShatTy00,OL,Luke Fortner,FortLu01,T,Anton Harrison,HarrAn00,DL,Folorunso Fatukasi,FatuFo00,DL,Roy Robertson-Harris,RobeRo00,OLB,Travon Walker,WalkTr03,OLB,Josh Hines-Allen,AlleJo03,LB,Devin Lloyd,LloyDe00,LB,Foyesade Oluokun,OluoFo00,CB,Darious Williams,WillDa09,CB,Tyson Campbell,CampTy01,S,Antonio Johnson,JohnAn07,S,Rayshawn Jenkins,JenkRa00,S,Andre Cisco,CiscAn00,QB,Bryce Young,YounBr01,RB,Chuba Hubbard,HubbCh01,WR,Adam Thielen,ThieAd00,WR,DJ Chark,CharDJ00,WR,Jonathan Mingo,MingJo00,TE,Tommy Tremble,TremTo00,OL,Bradley Bozeman,BozeBr00,T,Ikem Ekwonu,EkwoIk00,T,Taylor Moton,MotoTa00,G,Gabe Jackson,JackGa00,G,Cade Mays,MaysCa00,DT,Derrick Brown,BrowDe05,DT,Shy Tuttle,TuttSh00,DT,DeShawn Williams,WillDe04,OLB,Yetur Gross-Matos,GrosYe00,OLB,Brian Burns,BurnBr00,LB,Kamu Grugier-Hill,GrugKa00,LB,Frankie Luvu,LuvuFr00,CB,Shaquill Griffin,GrifSh00,CB,Donte Jackson,JackDo02,S,Xavier Woods,WoodXa00,S,Vonn Bell,BellVo00,Referee,Carl Cheffers,Umpire,Brandon Cruse,Down Judge,Mike Carr,Line Judge,Tom Eaton,Back Judge,Martin Hankins,Side Judge,Eugene Hall,Field Judge,Nathan Jones
202312310kan,2023-12-31,Sunday,4:25pm,Kansas City Chiefs,Cincinnati Bengals,kan,cin,25,17,Andy Reid,Zac Taylor,GEHA Field at Arrowhead Stadium,73565,2:56,outdoors,grass,"36 degrees, relative humidity 59%, wind 12 mph",QB,Patrick Mahomes,MahoPa00,RB,Isiah Pacheco,PachIs00,WR,Justin Watson,WatsJu01,WR,Marquez Valdes-Scantling,ValdMa00,WR,Rashee Rice,RiceRa01,TE,Travis Kelce,KelcTr00,OL,Wanya Morris,MorrWa01,T,Jawaan Taylor,TaylJa02,G,Trey Smith,SmitTr05,G,Joe Thuney,ThunJo00,C,Creed Humphrey,HumpCr00,DE,George Karlaftis III,KarlGe00,DE,Michael Danna,DannMi00,DT,Chris Jones,JoneCh09,DT,Derrick Nnadi,NnadDe00,LB,Nick Bolton,BoltNi00,LB,Willie Gay Jr.,GayJWi00,LB,Leo Chenal,ChenLe00,CB,Trent McDuffie,McDuTr00,CB,L'Jarius Sneed,SneeLJ00,S,Justin Reid,ReidJu00,S,Mike Edwards,EdwaMi01,QB,Jake Browning,BrowJa08,RB,Joe Mixon,MixoJo00,WR,Ja'Marr Chase,ChasJa00,WR,Tee Higgins,HiggTe00,TE,Drew Sample,SampDr00,TE,Mitchell Wilcox,WilcMi01,T,Orlando Brown Jr.,BrowOr00,T,Jonah Williams,WillJo10,G,Cordell Volson,VolsCo02,G,Alex Cappa,CappAl00,C,Ted Karras,KarrTe00,DE,Trey Hendrickson,HendTr00,DE,Sam Hubbard,HubbSa00,DT,B.J. Hill,,DT,Zachary Carter,CartZa00,LB,Germaine Pratt,PratGe00,LB,Logan Wilson,WilsLo00,CB,Mike Hilton,HiltMi01,CB,Cam Taylor-Britt,TaylCa01,CB,Chidobe Awuzie,AwuzCh00,S,Daxton Hill,HillDa04,S,Jordan Battle,BattJo00,Referee,John Hussey,Umpire,Carl Paganelli,Down Judge,Frank LeBlanc,Line Judge,Carl Johnson,Back Judge,Matt Edwards,Side Judge,Allen Baynes,Field Judge,Anthony Flemming
202312310min,2023-12-31,Sunday,8:20pm,Minnesota Vikings,Green Bay Packers,min,gnb,10,33,Kevin O'Connell,Matt LaFleur,U.S. Bank Stadium,67003,2:57,dome,sportturf,,QB,Jaren Hall,HallJa00,RB,Ty Chandler,ChanTy01,WR,Jordan Addison,AddiJo00,WR,K.J. Osborn,OsboKJ00,WR,Justin Jefferson,JeffJu00,TE,Josh Oliver,OlivJo00,T,Christian Darrisaw,DarrCh00,T,Brian O'Neill,ONeiBr00,G,Dalton Risner,RisnDa00,G,Ed Ingram,IngrEd00,C,Garrett Bradbury,BradGa00,DL,Harrison Phillips,PhilHa00,DL,Jonathan Bullard,BullJo00,DL,Khyiris Tonga,TongKh00,OLB,Danielle Hunter,HuntDa01,OLB,Patrick Jones II,JonePa00,LB,Jordan Hicks,HickJo00,LB,Ivan Pace,PaceIv00,CB,Akayleb Evans,EvanAk00,S,Josh Metellus,MeteJo00,S,Camryn Bynum,BynuCa00,S,Harrison Smith,SmitHa00,QB,Jordan Love,LoveJo03,RB,Aaron Jones,JoneAa00,WR,Romeo Doubs,DoubRo00,WR,Bo Melton,MeltBo00,WR,Jayden Reed,ReedJa03,TE,Tucker Kraft,KrafTu00,OL,Zach Tom,TomxZa00,OL,Elgton Jenkins,JenkEl00,OL,Josh Myers,MyerJo00,T,Rasheed Walker,WalkRa00,G,Jon Runyan Jr.,RunyJo00,DL,Kenny Clark,ClarKe01,DL,Tedarrell Slaton,SlatTe00,LB,Isaiah McDuffie,McDuIs00,LB,Preston Smith,SmitPr00,LB,Rashan Gary,GaryRa00,LB,Quay Walker,WalkQu00,CB,Keisean Nixon,NixoKe00,CB,Carrington Valentine,ValeCa00,CB,Corey Ballentine,BallCo00,S,Jonathan Owens,OwenJo01,S,Darnell Savage Jr.,SavaDa00,Referee,Clay Martin,Umpire,James Carter,Down Judge,Jerod Phillips,Line Judge,Greg Bradley,Back Judge,Greg Wilson,Side Judge,Dave Hawkshaw,Field Judge,Alonzo Ramsey
202312310nyg,2023-12-31,Sunday,1:00pm,New York Giants,Los Angeles Rams,nyg,ram,25,26,Brian Daboll,Sean McVay,MetLife Stadium,75517,3:05,outdoors,fieldturf,"41 degrees, relative humidity 53%, wind 10 mph",QB,Tyrod Taylor,TaylTy00,RB,Saquon Barkley,BarkSa00,WR,Jalin Hyatt,HyatJa00,WR,Darius Slayton,SlayDa01,WR,Wan'Dale Robinson,RobiWa01,TE,Darren Waller,WallDa01,OL,Justin Pugh,PughJu00,T,Tyre Phillips,PhilTy00,T,Andrew Thomas,ThomAn02,G,Ben Bredeson,BredBe00,C,John Michael Schmitz,MichJo00,DL,Rakeem Nunez-Roches,NuneRa00,DL,A'Shawn Robinson,RobiAS00,DL,Dexter Lawrence,LawrDe03,OLB,Azeez Ojulari,OjulAz00,OLB,Kayvon Thibodeaux,ThibKa00,LB,Bobby Okereke,OkerBo00,CB,Nick McCloud,McClNi00,CB,Adoree' Jackson,JackAd00,S,Jason Pinnock,PinnJa01,S,Xavier McKinney,McKiXa00,S,Isaiah Simmons,SimmIs00,QB,Matthew Stafford,StafMa00,RB,Kyren Williams,WillKy02,WR,Demarcus Robinson,RobiDe01,WR,Cooper Kupp,KuppCo00,WR,Puka Nacua,NacuPu00,TE,Tyler Higbee,HigbTy00,OL,Kevin Dotson,DotsKe00,T,Rob Havenstein,HaveRo00,T,Joseph Noteboom,NoteJo00,G,Steve Avila,AvilSt00,G,Coleman Shelton,ShelCo00,DE,Jonah Williams,WillJo16,DT,Aaron Donald,DonaAa00,NT,Bobby Brown,BrowBo04,OLB,Michael Hoecht,HoecMi00,OLB,Byron Young,YounBy01,LB,Ernest Jones,JoneEr01,DB,Quentin Lake,LakeQu00,DB,John Johnson,JohnJo10,DB,Jordan Fuller,FullJo01,DB,Cobie Durant,DuraDe01,DB,Ahkello Witherspoon,WithAh00,Referee,Tra Blake,Umpire,Tony Michalek,Down Judge,Patrick Turner,Line Judge,Daniel Gallagher,Back Judge,Todd Prukop,Side Judge,Don Willard,Field Judge,Tom Hill
202312310phi,2023-12-31,Sunday,1:00pm,Philadelphia Eagles,Arizona Cardinals,phi,crd,31,35,Nick Sirianni,Jonathan Gannon,Lincoln Financial Field,69879,2:53,outdoors,grass,"45 degrees, relative humidity 48%, wind 9 mph",QB,Jalen Hurts,HurtJa00,RB,D'Andre Swift,SwifDA00,WR,A.J. Brown,BrowAJ00,WR,DeVonta Smith,SmitDe07,TE,Jack Stoll,StolJa00,TE,Dallas Goedert,GoedDa00,OL,Cam Jurgens,JurgCa01,T,Jordan Mailata,MailJo00,T,Lane Johnson,JohnLa01,G,Landon Dickerson,DickLa00,C,Jason Kelce,KelcJa00,DE,Josh Sweat,SweaJo00,DT,Jordan Davis,DaviJo03,DT,Fletcher Cox,CoxxFl00,OLB,Haason Reddick,ReddHa00,LB,Shaquille Leonard,LeonDa00,LB,Nicholas Morrow,MorrNi00,CB,Avonte Maddox,MaddAv00,CB,Kelee Ringo,RingKe00,CB,James Bradberry,BradJa00,S,Reed Blankenship,BlanRe00,S,Kevin Byard,ByarKe01,QB,Kyler Murray,MurrKy00,RB,James Conner,ConnJa00,WR,Michael Wilson,WilsMi02,WR,Greg Dortch,DortGr01,TE,Trey McBride,McBrTr01,TE,Elijah Higgins,HiggEl00,OL,Paris Johnson,JohnPa03,OL,Elijah Wilkinson,WilkEl00,OL,D.J. Humphries,,OL,Will Hernandez,HernWi00,OL,Hjalte Froholdt,FrohHj00,DL,Kevin Strong,StroKe00,DT,Roy Lopez,LopeRo00,DT,Dante Stills,StilDa01,OLB,Dennis Gardeck,GardDe01,LB,Zaven Collins,CollZa00,LB,Krys Barnes,BarnKr00,CB,Antonio Hamilton,HamiAn01,CB,Starling Thomas,ThomSt01,CB,Garrett Williams,WillGa00,S,Budda Baker,BakeBu00,S,Jalen Thompson,ThomJa04,Referee,Bill Vinovich,Umpire,Alex Moore,Down Judge,Dale Keller,Line Judge,Mark Perlman,Back Judge,Jimmy Russell,Side Judge,Jimmy Buchanan,Field Judge,Joe Blubaugh
202312310rav,2023-12-31,Sunday,1:00pm,Baltimore Ravens,Miami Dolphins,rav,mia,56,19,John Harbaugh,Mike McDaniel,M&amp;T Bank Stadium,71196,3:10,outdoors,grass,"50 degrees, relative humidity 41%, wind 7 mph",QB,Lamar Jackson,JackLa00,RB,Gus Edwards,EdwaGu00,WR,Odell Beckham Jr.,BeckOd00,WR,Zay Flowers,FlowZa00,WR,Rashod Bateman,BateRa00,TE,Isaiah Likely,LikeIs00,T,Ronnie Stanley,StanRo00,T,Morgan Moses,MoseMo00,G,Ben Cleveland,ClevBe00,G,John Simpson,SimpJo00,C,Tyler Linderbaum,LindTy00,DE,Brent Urban,UrbaBr00,DT,Nnamdi Madubuike,MaduJu00,NT,Michael Pierce,PierMi00,OLB,Jadeveon Clowney,ClowJa00,LB,Malik Harrison,HarrMa06,LB,Patrick Queen,QueePa00,LB,Roquan Smith,SmitRo07,CB,Marlon Humphrey,HumpMa00,CB,Ronald Darby,DarbRo00,S,Geno Stone,StonGe00,S,Marcus Williams,WillMa06,QB,Tua Tagovailoa,TagoTu00,RB,De'Von Achane,AchaDe00,FB,Alec Ingold,IngoAl01,WR,Cedrick Wilson Jr.,WilsCe01,WR,Tyreek Hill,HillTy00,TE,Durham Smythe,SmytDu00,OL,Robert Jones,JoneRo02,OL,Austin Jackson,JackAu00,OL,Liam Eichenberg,EichLi00,T,Terron Armstead,ArmsTe00,G,Lester Cotton,CottLe00,DT,Zach Sieler,SielZa00,DT,Christian Wilkins,WilkCh00,LB,David Long,LongDa04,LB,Duke Riley,RileDu00,LB,Bradley Chubb,ChubBr00,LB,Andrew Van Ginkel,VanGAn00,CB,Xavien Howard,HowaXa00,CB,Kader Kohou,KohoKa00,CB,Jalen Ramsey,RamsJa00,S,Jevon Holland,HollJe02,S,DeShon Elliott,ElliDe02,Referee,Clete Blakeman,Umpire,Scott Campbell,Down Judge,Dana McKenzie,Line Judge,Julian Mapp,Back Judge,Jonah Monroe,Side Judge,Lo Van,Field Judge,Terry Brown
202312310sea,2023-12-31,Sunday,4:05pm,Seattle Seahawks,Pittsburgh Steelers,sea,pit,23,30,Pete Carroll,Mike Tomlin,Lumen Field,68735,2:57,outdoors,fieldturf,"47 degrees, relative humidity 83%, wind 4 mph",QB,Geno Smith,SmitGe00,RB,Kenneth Walker III,WalkKe00,WR,D.K. Metcalf,MetcDK00,WR,Tyler Lockett,LockTy00,TE,Will Dissly,DissWi00,TE,Noah Fant,FantNo00,T,Charles Cross,CrosCh00,T,Abraham Lucas,LucaAb00,G,Anthony Bradford,BradAn00,G,Damien Lewis,LewiDa05,C,Evan Brown,BrowEv00,DL,Leonard Williams,WillLe02,DE,Dre'Mont Jones,JoneDr00,DE,Jarran Reed,ReedJa02,LB,Boye Mafe,MafeBo00,LB,Devin Bush Jr.,BushDe01,LB,Darrell Taylor,TaylDa00,LB,Bobby Wagner,WagnBo00,CB,Riq Woolen,WoolTa00,CB,Michael Jackson,JackMi01,FS,Quandre Diggs,DiggQu00,S,Julian Love,LoveJu00,QB,Mason Rudolph,RudoMa00,RB,Najee Harris,HarrNa00,WR,Allen Robinson,RobiAl02,TE,Pat Freiermuth,FreiPa00,TE,Darnell Washington,WashDa03,TE,Connor Heyward,HeywCo00,OL,James Daniels,DaniJa01,T,Broderick Jones,JoneBr09,T,Dan Moore,MoorDa05,G,Isaac Seumalo,SeumIs00,C,Mason Cole,ColeMa02,DL,Keeanu Benton,BentKe00,DT,Larry Ogunjobi,OgunLa00,DT,Cameron Heyward,HeywCa01,LB,Mark Robinson,RobiMa03,LB,Myles Jack,JackMy00,LB,Alex Highsmith,HighAl02,LB,T.J. Watt,,CB,Joey Porter Jr.,PortJo02,CB,Patrick Peterson,PetePa00,CB,Levi Wallace,WallLe00,S,Eric Rowe,RoweEr00,Referee,Shawn Hochuli,Umpire,Terry Killens,Down Judge,Patrick Holt,Line Judge,Tim Podraza,Back Judge,Rich Martinez,Side Judge,Chad Hill,Field Judge,Jason Ledet
202312310tam,2023-12-31,Sunday,1:00pm,Tampa Bay Buccaneers,New Orleans Saints,tam,nor,13,23,Todd Bowles,Dennis Allen,Raymond James Stadium,65741,3:01,outdoors,grass,"66 degrees, relative humidity 58%, wind 5 mph",QB,Baker Mayfield,MayfBa00,RB,Rachaad White,WhitRa01,WR,Mike Evans,EvanMi00,WR,Chris Godwin,GodwCh00,WR,Trey Palmer,PalmTr00,TE,Cade Otton,OttoCa00,T,Tristan Wirfs,WirfTr00,T,Luke Goedeke,GoedLu00,G,Cody Mauch,MaucCo00,G,Aaron Stinnie,StinAa00,C,Robert Hainsey,HainRo00,DL,Calijah Kancey,KancCa00,DL,Logan Hall,HallLo00,NT,Vita Vea,VeaxVi00,OLB,YaYa Diaby,DiabYa00,OLB,Joe Tryon-Shoyinka,TryoJo00,LB,Lavonte David,DaviLa00,LB,Devin White,WhitDe02,CB,Zyon McCollum,McCoZy02,CB,Jamel Dean,DeanJa00,S,Ryan Neal,NealRy00,S,Antoine Winfield Jr.,WinfAn00,QB,Derek Carr,CarrDe02,RB,Jamaal Williams,WillJa06,RB,Alvin Kamara,KamaAl00,WR,Rashid Shaheed,ShahRa00,WR,Chris Olave,OlavCh00,TE,Juwan Johnson,JohnJu02,OL,Cesar Ruiz,RuizCe00,OL,James Hurst,HursJa00,OL,Andrus Peat,PeatAn00,OL,Erik McCoy,McCoEr01,T,Landon Young,YounLa00,DE,Cameron Jordan,JordCa00,DE,Carl Granderson,GranCa01,DT,Khalen Saunders,SaunKh00,DT,Nathan Shepherd,ShepNa00,LB,Demario Davis,DaviDe00,LB,Pete Werner,WernPe00,CB,Alontae Taylor,TaylAl01,CB,Paulson Adebo,AdebPa00,CB,Isaac Yiadom,YiadIs00,S,Tyrann Mathieu,MathTy00,S,Johnathan Abram,AbraJo01,Referee,Land Clark,Umpire,Paul King,Down Judge,Tom Stephan,Line Judge,Brian Bolinger,Back Judge,Brad Freeman,Side Judge,Dominique Pender,Field Judge,Jabir Walker
202312310was,2023-12-31,Sunday,1:00pm,Washington Commanders,San Francisco 49ers,was,sfo,10,27,Ron Rivera,Kyle Shanahan,FedExField,64424,2:44,outdoors,grass,"48 degrees, relative humidity 43%, wind 7 mph",QB,Sam Howell,HoweSa00,RB,Brian Robinson Jr.,RobiBr01,WR,Jahan Dotson,DotsJa00,WR,Curtis Samuel,SamuCu00,WR,Terry McLaurin,McLaTe00,TE,Logan Thomas,ThomLo00,OL,Saahdiq Charles,CharSa00,T,Samuel Cosmi,CosmSa00,T,Trenton Scott,ScotTr01,T,Cornelius Lucas,LucaCo01,C,Nick Gates,GateNi00,DE,Casey Toohill,ToohCa00,DE,James Smith-Williams,SmitJa08,DT,Daron Payne,PaynDa00,DT,Jonathan Allen,AlleJo01,LB,David Mayo,MayoDa00,LB,Khaleke Hudson,HudsKh00,LB,Cody Barton,BartCo00,CB,Emmanuel Forbes,ForbEm00,CB,Tariq Castro-Fields,CastTa00,DB,Quan Martin,MartJa04,S,Kamren Curl,CurlKa00,QB,Brock Purdy,PurdBr00,RB,Christian McCaffrey,McCaCh01,FB,Kyle Juszczyk,JuszKy00,WR,Brandon Aiyuk,AiyuBr00,WR,Deebo Samuel,SamuDe00,TE,George Kittle,KittGe00,OL,Jake Brendel,BrenJa01,OL,Spencer Burford,BurfSp00,OL,Jon Feliciano,FeliJo00,OL,Colton McKivitz,McKiCo00,T,Trent Williams,WillTr21,DL,Javon Hargrave,HargJa00,DL,Clelin Ferrell,FerrCl00,DL,Nick Bosa,BosaNi00,DT,Javon Kinlaw,KinlJa00,LB,Dre Greenlaw,GreeDr00,LB,Fred Warner,WarnFr00,CB,Ambry Thomas,ThomAm00,CB,Charvarius Ward,WardCh01,DB,Deommodore Lenoir,LenoDe00,S,Tashaun Gipson,GipsTa00,S,Logan Ryan,RyanLo00,Referee,Ron Torbert,Umpire,Barry Anderson,Down Judge,Max Causey,Line Judge,Maia Chaka,Back Judge,Tony Josselyn,Side Judge,Keith Washington,Field Judge,Ryan Dickson
202401060clt,2024-01-06,Saturday,8:15pm,Indianapolis Colts,Houston Texans,clt,htx,19,23,Shane Steichen,DeMeco Ryans,Lucas Oil Stadium,65925,3:05,retractable roof (closed),fieldturf,,QB,Gardner Minshew II,MinsGa00,RB,Jonathan Taylor,TaylJo02,WR,Josh Downs,DownJo00,WR,Michael Pittman Jr.,PittMi01,TE,Mo Alie-Cox,AlieMo00,TE,Kylen Granson,GranKy00,OL,Will Fries,FrieWi00,T,Braden Smith,SmitBr06,T,Bernhard Raimann,RaimBe00,G,Quenton Nelson,NelsQu00,C,Ryan Kelly,KellRy00,DE,Samson Ebukam,EbukSa00,DE,Kwity Paye,PayeKw00,DT,Grover Stewart,StewGr00,DT,DeForest Buckner,BuckDe00,LB,Segun Olubi,OlubSe00,LB,Ronnie Harrison,HarrRo02,LB,Zaire Franklin,FranZa00,LB,E.J. Speed,SpeeEJ00,CB,Kenny Moore,MoorKe03,CB,Julius Brents,BrenJu00,S,Nick Cross,CrosNi00,QB,C.J. Stroud,StroCJ00,RB,Devin Singletary,SingDe00,WR,Nico Collins,CollNi00,TE,Brevin Jordan,JordBr00,TE,Dalton Schultz,SchuDa00,TE,Eric Saubert,SaubEr00,OL,Michael Deiter,DeitMi00,OL,Juice Scruggs,ScruJu00,T,Laremy Tunsil,TunsLa00,T,Charlie Heck,HeckCh00,G,Shaq Mason,MasoSh01,DE,Derek Barnett,BarnDe01,DE,Jerry Hughes,HughJe99,DT,Maliek Collins,CollMa00,DT,Sheldon Rankins,RankSh00,LB,Blake Cashman,CashBl00,LB,Denzel Perryman,PerrDe00,LB,Christian Harris,HarrCh06,CB,Steven Nelson,NelsSt01,CB,Derek Stingley Jr.,StinDe00,DB,DeAndre Houston-Carson,HousDe00,S,Jalen Pitre,PitrJa00,Referee,Bill Vinovich,Umpire,Alex Moore,Down Judge,Dale Keller,Line Judge,Mark Perlman,Back Judge,Jimmy Russell,Side Judge,Jimmy Buchanan,Field Judge,Joe Blubaugh
202401060rav,2024-01-06,Saturday,4:30pm,Baltimore Ravens,Pittsburgh Steelers,rav,pit,10,17,John Harbaugh,Mike Tomlin,M&amp;T Bank Stadium,70355,2:56,outdoors,grass,"38 degrees, relative humidity 91%, wind 15 mph",QB,Tyler Huntley,HuntTy01,RB,Gus Edwards,EdwaGu00,WR,Rashod Bateman,BateRa00,WR,Nelson Agholor,AghoNe00,WR,Laquon Treadwell,TreaLa00,TE,Charlie Kolar,KolaCh00,T,Morgan Moses,MoseMo00,T,Ronnie Stanley,StanRo00,G,Ben Cleveland,ClevBe00,G,John Simpson,SimpJo00,C,Tyler Linderbaum,LindTy00,DT,Nnamdi Madubuike,MaduJu00,NT,Michael Pierce,PierMi00,OLB,Jadeveon Clowney,ClowJa00,OLB,Kyle Van Noy,VanNKy00,LB,Del'Shawn Phillips,PhilDe00,LB,Patrick Queen,QueePa00,CB,Arthur Maulet,MaulAr00,CB,Rock Ya-Sin,Ya-SRo00,DB,Brandon Stephens,StepBr01,S,Geno Stone,StonGe00,S,Marcus Williams,WillMa06,QB,Mason Rudolph,RudoMa00,RB,Najee Harris,HarrNa00,WR,Allen Robinson,RobiAl02,WR,George Pickens,PickGe00,WR,Diontae Johnson,JohnDi01,TE,Connor Heyward,HeywCo00,OL,James Daniels,DaniJa01,T,Broderick Jones,JoneBr09,T,Dan Moore,MoorDa05,G,Isaac Seumalo,SeumIs00,C,Mason Cole,ColeMa02,DT,Larry Ogunjobi,OgunLa00,DT,Cameron Heyward,HeywCa01,LB,Alex Highsmith,HighAl02,LB,Elandon Roberts,RobeEl00,LB,Mykal Walker,WalkMy00,LB,T.J. Watt,,CB,Patrick Peterson,PetePa00,CB,Joey Porter Jr.,PortJo02,CB,Chandon Sullivan,SullCh00,CB,Levi Wallace,WallLe00,S,Eric Rowe,RoweEr00,Referee,Brad Allen,Umpire,Duane Heydt,Down Judge,Sarah Thomas,Line Judge,Walter Flowers,Back Judge,Greg Yette,Side Judge,Boris Cheek,Field Judge,Rick Patterson
202401070car,2024-01-07,Sunday,1:00pm,Carolina Panthers,Tampa Bay Buccaneers,car,tam,0,9,Chris Tabor,Todd Bowles,Bank of America Stadium,69010,2:35,outdoors,grass,"54 degrees, relative humidity 48%, wind 19 mph",QB,Bryce Young,YounBr01,RB,Chuba Hubbard,HubbCh01,WR,Adam Thielen,ThieAd00,WR,DJ Chark,CharDJ00,WR,Terrace Marshall Jr.,MarsTe00,TE,Tommy Tremble,TremTo00,OL,Bradley Bozeman,BozeBr00,T,Ikem Ekwonu,EkwoIk00,T,Taylor Moton,MotoTa00,G,Gabe Jackson,JackGa00,G,Nash Jensen,JensNa00,DT,Derrick Brown,BrowDe05,DT,Shy Tuttle,TuttSh00,DT,DeShawn Williams,WillDe04,OLB,Yetur Gross-Matos,GrosYe00,OLB,Brian Burns,BurnBr00,LB,Frankie Luvu,LuvuFr00,CB,Jaycee Horn,HornJa00,CB,Donte Jackson,JackDo02,S,Jeremy Chinn,ChinJe00,S,Xavier Woods,WoodXa00,S,Vonn Bell,BellVo00,QB,Baker Mayfield,MayfBa00,RB,Rachaad White,WhitRa01,WR,Trey Palmer,PalmTr00,WR,Mike Evans,EvanMi00,WR,Chris Godwin,GodwCh00,TE,Cade Otton,OttoCa00,T,Tristan Wirfs,WirfTr00,T,Luke Goedeke,GoedLu00,G,Cody Mauch,MaucCo00,G,Aaron Stinnie,StinAa00,C,Robert Hainsey,HainRo00,DL,Calijah Kancey,KancCa00,DL,Logan Hall,HallLo00,NT,Vita Vea,VeaxVi00,OLB,Shaquil Barrett,BarrSh00,OLB,YaYa Diaby,DiabYa00,LB,Devin White,WhitDe02,LB,Lavonte David,DaviLa00,CB,Jamel Dean,DeanJa00,CB,Carlton Davis,DaviCa02,S,Ryan Neal,NealRy00,S,Antoine Winfield Jr.,WinfAn00,Referee,Clete Blakeman,Umpire,Scott Campbell,Down Judge,Dana McKenzie,Line Judge,Julian Mapp,Back Judge,Jonah Monroe,Side Judge,Lo Van,Field Judge,Terry Brown
202401070cin,2024-01-07,Sunday,1:00pm,Cincinnati Bengals,Cleveland Browns,cin,cle,31,14,Zac Taylor,Kevin Stefanski,Paycor Stadium,65865,2:55,outdoors,fieldturf,"38 degrees, relative humidity 74%, wind 12 mph",QB,Jake Browning,BrowJa08,RB,Joe Mixon,MixoJo00,WR,Andrei Iosivas,IosiAn00,WR,Ja'Marr Chase,ChasJa00,TE,Mitchell Wilcox,WilcMi01,TE,Drew Sample,SampDr00,T,Jonah Williams,WillJo10,T,Orlando Brown Jr.,BrowOr00,G,Alex Cappa,CappAl00,G,Cordell Volson,VolsCo02,C,Ted Karras,KarrTe00,DE,Sam Hubbard,HubbSa00,DE,Trey Hendrickson,HendTr00,DT,B.J. Hill,,DT,Zachary Carter,CartZa00,LB,Germaine Pratt,PratGe00,LB,Logan Wilson,WilsLo00,CB,Mike Hilton,HiltMi01,CB,Cam Taylor-Britt,TaylCa01,CB,DJ Turner,TurnDJ01,S,Jordan Battle,BattJo00,S,Daxton Hill,HillDa04,QB,Jeff Driskel,DrisJe00,RB,Pierre Strong,StroPi00,WR,David Bell,BellDa02,WR,James Proche,ProcJa00,WR,Elijah Moore,MoorEl00,TE,Harrison Bryant,BryaHa00,T,Geron Christian,ChriGe01,T,James Hudson,HudsJa00,G,Michael Dunn,DunnMi01,C,Luke Wypler,WyplLu00,C,Nick Harris,HarrNi01,DE,Isaiah McGuire,McGuIs00,DE,Alex Wright,WrigAl01,DT,Shelby Harris,HarrSh00,DT,Jordan Elliott,ElliJo02,LB,Tony Fields,FielTo00,LB,Mohamoud Diabate,DiabMo00,LB,Matthew Adams,AdamMa00,CB,Kahlef Hailassie,HailKa00,CB,Cameron Mitchell,MitcCa01,S,Ronnie Hickman,HickRo00,S,D'Anthony Bell,BellDA03,Referee,Alan Eck,Umpire,Tab Slaughter,Down Judge,Fred Bryan,Line Judge,Robin DeLorenzo,Back Judge,Greg Meyer,Side Judge,Dale Shaw,Field Judge,John Jenkins
202401070crd,2024-01-07,Sunday,4:25pm,Arizona Cardinals,Seattle Seahawks,crd,sea,20,21,Jonathan Gannon,Pete Carroll,State Farm Stadium,63197,2:59,retractable roof (closed),grass,,QB,Kyler Murray,MurrKy00,RB,James Conner,ConnJa00,WR,Michael Wilson,WilsMi02,WR,Greg Dortch,DortGr01,WR,Rondale Moore,MoorRo02,TE,Trey McBride,McBrTr01,OL,Kelvin Beachum,BeacKe00,OL,Elijah Wilkinson,WilkEl00,OL,Hjalte Froholdt,FrohHj00,OL,Will Hernandez,HernWi00,OL,Paris Johnson,JohnPa03,DT,Phil Hoskins,HoskPh00,DT,Roy Lopez,LopeRo00,DT,Naquan Jones,JoneNa01,OLB,Dennis Gardeck,GardDe01,LB,Zaven Collins,CollZa00,LB,Krys Barnes,BarnKr00,CB,Antonio Hamilton,HamiAn01,CB,Starling Thomas,ThomSt01,CB,Andre Chachere,ChacAn00,S,Budda Baker,BakeBu00,S,Jalen Thompson,ThomJa04,QB,Geno Smith,SmitGe00,RB,Kenneth Walker III,WalkKe00,WR,Tyler Lockett,LockTy00,WR,D.K. Metcalf,MetcDK00,TE,Will Dissly,DissWi00,TE,Noah Fant,FantNo00,T,Charles Cross,CrosCh00,T,Stone Forsythe,ForsSt00,G,Anthony Bradford,BradAn00,G,Damien Lewis,LewiDa05,C,Evan Brown,BrowEv00,DL,Leonard Williams,WillLe02,DE,Dre'Mont Jones,JoneDr00,DT,Cameron Young,YounCa00,LB,Boye Mafe,MafeBo00,LB,Bobby Wagner,WagnBo00,LB,Jordyn Brooks,BrooJo01,CB,Michael Jackson,JackMi01,CB,Devon Witherspoon,WithDe00,CB,Riq Woolen,WoolTa00,FS,Quandre Diggs,DiggQu00,S,Julian Love,LoveJu00,Referee,Adrian Hill,Umpire,Roy Ellison,Down Judge,David Oliver,Line Judge,Max Causey,Back Judge,Greg Steed,Side Judge,Jim Quirk,Field Judge,Mearl Robinson
202401070det,2024-01-07,Sunday,1:00pm,Detroit Lions,Minnesota Vikings,det,min,30,20,Dan Campbell,Kevin O'Connell,Ford Field,63233,3:05,dome,fieldturf,,QB,Jared Goff,GoffJa00,RB,David Montgomery,MontDa01,WR,Amon-Ra St. Brown,StxxAm00,WR,Josh Reynolds,ReynJo00,TE,Sam LaPorta,LaPoSa01,TE,James Mitchell,MitcJa00,OL,Graham Glasgow,GlasGr00,T,Penei Sewell,SewePe00,T,Taylor Decker,DeckTa00,G,Jonah Jackson,JackJo03,C,Frank Ragnow,RagnFr00,DL,Aidan Hutchinson,HutcAi00,DL,Benito Jones,JoneBe03,DL,Alim McNeill,McNeAl00,DL,Josh Paschal,PascJo00,LB,Derrick Barnes,BarnDe02,LB,Jack Campbell,CampJa04,LB,Alex Anzalone,AnzaAl00,CB,Cameron Sutton,SuttCa00,CB,Kindle Vildor,VildKi00,S,Ifeatu Melifonwu,MeliIf00,S,Kerby Joseph,JoseKe03,QB,Nick Mullens,MullNi00,RB,Ty Chandler,ChanTy01,FB,C.J. Ham,,WR,Jordan Addison,AddiJo00,WR,Justin Jefferson,JeffJu00,TE,Josh Oliver,OlivJo00,T,Blake Brandel,BranBl00,T,Christian Darrisaw,DarrCh00,T,David Quessenberry,QuesDa00,G,Dalton Risner,RisnDa00,C,Garrett Bradbury,BradGa00,DL,Khyiris Tonga,TongKh00,DL,Jonathan Bullard,BullJo00,DL,Harrison Phillips,PhilHa00,OLB,Danielle Hunter,HuntDa01,OLB,Patrick Jones II,JonePa00,LB,Jordan Hicks,HickJo00,CB,Akayleb Evans,EvanAk00,CB,Andrew Booth,BootAn00,S,Josh Metellus,MeteJo00,S,Camryn Bynum,BynuCa00,S,Harrison Smith,SmitHa00,Referee,Brad Rogers,Umpire,Ramon George,Down Judge,Kent Payne,Line Judge,Kevin Codey,Back Judge,Tyree Walton,Side Judge,Anthony Jeffries,Field Judge,Aaron Santi
202401070gnb,2024-01-07,Sunday,4:25pm,Green Bay Packers,Chicago Bears,gnb,chi,17,9,Matt LaFleur,Matt Eberflus,Lambeau Field,78188,2:35,outdoors,grass,"34 degrees, relative humidity 69%, wind 7 mph",QB,Jordan Love,LoveJo03,RB,Aaron Jones,JoneAa00,WR,Dontayvion Wicks,WickDo00,WR,Romeo Doubs,DoubRo00,WR,Jayden Reed,ReedJa03,TE,Tucker Kraft,KrafTu00,OL,Zach Tom,TomxZa00,OL,Elgton Jenkins,JenkEl00,OL,Josh Myers,MyerJo00,T,Rasheed Walker,WalkRa00,G,Jon Runyan Jr.,RunyJo00,DL,Devonte Wyatt,WyatDe00,DL,Tedarrell Slaton,SlatTe00,DL,Kenny Clark,ClarKe01,LB,Preston Smith,SmitPr00,LB,Rashan Gary,GaryRa00,LB,Quay Walker,WalkQu00,LB,De'Vondre Campbell,CampDe00,CB,Carrington Valentine,ValeCa00,CB,Jaire Alexander,AlexJa00,S,Darnell Savage Jr.,SavaDa00,S,Jonathan Owens,OwenJo01,QB,Justin Fields,FielJu00,RB,Khalil Herbert,HerbKh00,FB,Khari Blasingame,BlasKh00,WR,Equanimeous St. Brown,,WR,D.J. Moore,,TE,Cole Kmet,KmetCo00,OL,Darnell Wright,WrigDa00,OL,Braxton Jones,JoneBr08,OL,Teven Jenkins,JenkTe00,OL,Dan Feeney,FeenDa00,OL,Nate Davis,DaviNa01,DL,Justin Jones,JoneJu03,DL,Montez Sweat,SweaMo00,DL,DeMarcus Walker,WalkDe03,DL,Andrew Billings,BillAn00,LB,T.J. Edwards,EdwaTJ02,LB,Tremaine Edmunds,EdmuTr01,DB,Kyler Gordon,GordKy00,DB,Eddie Jackson,JackEd01,DB,Terell Smith,SmitTe05,DB,Jaquan Brisker,BrisJa01,DB,Tyrique Stevenson,StevTy01,Referee,Carl Cheffers,Umpire,Brandon Cruse,Down Judge,Mike Carr,Line Judge,Tom Eaton,Back Judge,Martin Hankins,Side Judge,Eugene Hall,Field Judge,Nathan Jones
202401070mia,2024-01-07,Sunday,8:20pm,Miami Dolphins,Buffalo Bills,mia,buf,14,21,Mike McDaniel,Sean McDermott,Hard Rock Stadium,66292,3:00,outdoors,grass,"63 degrees, relative humidity 71%, wind 6 mph",QB,Tua Tagovailoa,TagoTu00,RB,De'Von Achane,AchaDe00,WR,Cedrick Wilson Jr.,WilsCe01,WR,Tyreek Hill,HillTy00,TE,Durham Smythe,SmytDu00,TE,Julian Hill,HillJu02,OL,Robert Hunt,HuntRo01,OL,Austin Jackson,JackAu00,OL,Robert Jones,JoneRo02,OL,Liam Eichenberg,EichLi00,T,Terron Armstead,ArmsTe00,DE,Emmanuel Ogbah,OgbaEm00,DT,Christian Wilkins,WilkCh00,DT,Zach Sieler,SielZa00,LB,Andrew Van Ginkel,VanGAn00,LB,David Long,LongDa04,LB,Duke Riley,RileDu00,CB,Kader Kohou,KohoKa00,CB,Jalen Ramsey,RamsJa00,CB,Eli Apple,ApplEl00,S,Jevon Holland,HollJe02,S,DeShon Elliott,ElliDe02,QB,Josh Allen,AlleJo02,RB,James Cook,CookJa01,WR,Gabe Davis,DaviGa01,WR,Stefon Diggs,DiggSt00,WR,Khalil Shakir,ShakKh00,TE,Dalton Kincaid,KincDa00,T,Spencer Brown,BrowSp00,T,Dion Dawkins,DawkDi00,G,O'Cyrus Torrence,TorrOC00,G,Connor McGovern,McGoCo01,C,Mitch Morse,MorsMi00,DE,Leonard Floyd,FloyLe00,DE,Gregory Rousseau,RousGr00,DT,DaQuan Jones,JoneDa04,DT,Ed Oliver,OlivEd00,LB,Tyrel Dodson,DodsTy01,LB,Terrel Bernard,BernTe00,CB,Christian Benford,BenfCh00,CB,Taron Johnson,JohnTa01,CB,Rasul Douglas,DougRa00,S,Jordan Poyer,PoyeJo00,S,Micah Hyde,HydeMi00,Referee,Alex Kemp,Umpire,Mike Morton,Down Judge,Danny Short,Line Judge,Rusty Baynes,Back Judge,Scott Helverson,Side Judge,James Coleman,Field Judge,Sean Petty
202401070nor,2024-01-07,Sunday,1:00pm,New Orleans Saints,Atlanta Falcons,nor,atl,48,17,Dennis Allen,Arthur Smith,Caesars Superdome,70072,3:02,dome,sportturf,,QB,Derek Carr,CarrDe02,WR,Rashid Shaheed,ShahRa00,TE,Jimmy Graham,GrahJi00,TE,Taysom Hill,HillTa00,TE,Juwan Johnson,JohnJu02,TE,Foster Moreau,MoreFo00,OL,James Hurst,HursJa00,OL,Cesar Ruiz,RuizCe00,OL,Erik McCoy,McCoEr01,OL,Andrus Peat,PeatAn00,G,Cameron Erving,ErviCa00,DE,Carl Granderson,GranCa01,DE,Cameron Jordan,JordCa00,DT,Nathan Shepherd,ShepNa00,DT,Khalen Saunders,SaunKh00,LB,Pete Werner,WernPe00,LB,Demario Davis,DaviDe00,CB,Isaac Yiadom,YiadIs00,CB,Paulson Adebo,AdebPa00,CB,Alontae Taylor,TaylAl01,S,Tyrann Mathieu,MathTy00,S,Johnathan Abram,AbraJo01,QB,Desmond Ridder,RiddDe00,RB,Bijan Robinson,RobiBi01,WR,Drake London,LondDr00,WR,Van Jefferson,JeffVa00,TE,Jonnu Smith,SmitJo01,TE,Kyle Pitts,PittKy00,OL,Matthew Bergeron,BergMa00,OL,Ryan Neuzil,NeuzRy00,T,Jake Matthews,MattJa00,T,Kaleb McGary,McGaKa00,G,Chris Lindstrom,LindCh00,DL,Albert Huggins,HuggAl01,DL,David Onyemata,OnyeDa00,DL,Calais Campbell,CampCa99,OLB,Bud Dupree,DuprAl00,LB,Nathan Landman,LandNa01,LB,Kaden Elliss,ElliKa00,CB,Mike Hughes,HughMi00,CB,Clark Phillips,PhilCl00,CB,AJ Terrell,TerrAJ00,S,Richie Grant,GranRi00,S,Jessie Bates III,BateJe00,Referee,John Hussey,Umpire,Carl Paganelli,Down Judge,Frank LeBlanc,Line Judge,Carl Johnson,Back Judge,Matt Edwards,Side Judge,Allen Baynes,Field Judge,Anthony Flemming
202401070nwe,2024-01-07,Sunday,1:00pm,New England Patriots,New York Jets,nwe,nyj,3,17,Bill Belichick,Robert Saleh,Gillette Stadium,64628,3:05,outdoors,fieldturf,"33 degrees, relative humidity 98%, wind 14 mph",QB,Bailey Zappe,ZappBa00,RB,Ezekiel Elliott,ElliEz00,WR,DeVante Parker,ParkDe01,TE,Matt Sokol,SokoMa00,TE,Pharaoh Brown,BrowPh01,TE,Mike Gesicki,GesiMi00,OL,Sidy Sow,SowxSi00,OL,Michael Onwenu,OnweMi00,T,Vederian Lowe,LoweVe00,C,Jake Andrews,AndrJa00,C,David Andrews,AndrDa00,DL,Davon Godchaux,GodcDa00,DL,Christian Barmore,BarmCh00,DL,Deatrich Wise Jr.,WiseDe00,LB,Anfernee Jennings,JennAn00,LB,Ja'Whaun Bentley,BentJa00,LB,Jahlani Tavai,TavaJa00,CB,Shaun Wade,WadeSh00,DB,Jonathan Jones,JoneJo03,DB,Kyle Dugger,DuggKy00,DB,Myles Bryant,BryaMy01,DB,Jabrill Peppers,PeppJa00,QB,Trevor Siemian,SiemTr00,RB,Breece Hall,HallBr03,WR,Garrett Wilson,WilsGa00,WR,Jason Brownlee,BrowJa07,WR,Xavier Gipson,GipsXa00,TE,Tyler Conklin,ConkTy00,OL,Xavier Newman-Johnson,NewmXa00,T,Mekhi Becton,BectMe00,T,Carter Warren,WarrCa00,G,Laken Tomlinson,TomlLa01,C,Joe Tippmann,TippJo00,DL,Solomon Thomas,ThomSo00,DL,John Franklin-Myers,FranJo02,DL,Quinnen Williams,WillQu00,LB,C.J. Mosley,,LB,Jermaine Johnson II,JohnJe07,LB,Jamien Sherwood,SherJa00,LB,Quincy Williams,WillQu01,CB,D.J. Reed,,CB,Sauce Gardner,GardSa00,S,Jordan Whitehead,WhitJo03,S,Tony Adams,AdamTo03,Referee,Land Clark,Umpire,Paul King,Down Judge,Tom Stephan,Line Judge,Brian Bolinger,Back Judge,Brad Freeman,Side Judge,Dominique Pender,Field Judge,Jabir Walker
202401070nyg,2024-01-07,Sunday,4:25pm,New York Giants,Philadelphia Eagles,nyg,phi,27,10,Brian Daboll,Nick Sirianni,MetLife Stadium,75740,2:48,outdoors,fieldturf,"36 degrees, relative humidity 76%, wind 12 mph",QB,Tyrod Taylor,TaylTy00,RB,Saquon Barkley,BarkSa00,WR,Darius Slayton,SlayDa01,WR,Isaiah Hodgins,HodgIs00,TE,Daniel Bellinger,BellDa00,TE,Darren Waller,WallDa01,OL,Justin Pugh,PughJu00,T,Matt Peart,PearMa00,T,Andrew Thomas,ThomAn02,G,Mark Glowinski,GlowMa00,G,Ben Bredeson,BredBe00,DL,Dexter Lawrence,LawrDe03,DL,A'Shawn Robinson,RobiAS00,OLB,Azeez Ojulari,OjulAz00,OLB,Kayvon Thibodeaux,ThibKa00,LB,Micah McFadden,McFaMi01,LB,Bobby Okereke,OkerBo00,CB,Adoree' Jackson,JackAd00,CB,Nick McCloud,McClNi00,S,Xavier McKinney,McKiXa00,S,Isaiah Simmons,SimmIs00,S,Dane Belton,BeltDa00,QB,Jalen Hurts,HurtJa00,RB,Kenneth Gainwell,GainKe00,WR,Quez Watkins,WatkQu00,WR,A.J. Brown,BrowAJ00,TE,Jack Stoll,StolJa00,TE,Dallas Goedert,GoedDa00,OL,Cam Jurgens,JurgCa01,T,Jordan Mailata,MailJo00,T,Lane Johnson,JohnLa01,G,Landon Dickerson,DickLa00,C,Jason Kelce,KelcJa00,DE,Josh Sweat,SweaJo00,DT,Milton Williams,WillMi08,DT,Jordan Davis,DaviJo03,DT,Jalen Carter,CartJa05,OLB,Haason Reddick,ReddHa00,LB,Nicholas Morrow,MorrNi00,CB,Kelee Ringo,RingKe00,CB,James Bradberry,BradJa00,S,Kevin Byard,ByarKe01,S,Sydney Brown,BrowSy00,S,Reed Blankenship,BlanRe00,Referee,Craig Wrolstad,Umpire,Steve Woods,Down Judge,Jim Mello,Line Judge,Tripp Sutter,Back Judge,Grantis Bell,Side Judge,Frank Steratore,Field Judge,Jeff Shears
202401070oti,2024-01-07,Sunday,1:00pm,Tennessee Titans,Jacksonville Jaguars,oti,jax,28,20,Mike Vrabel,Doug Pederson,Nissan Stadium,63744,2:56,outdoors,grass,"41 degrees, relative humidity 77%, wind 11 mph",QB,Ryan Tannehill,TannRy00,RB,Derrick Henry,HenrDe00,WR,Treylon Burks,BurkTr00,WR,DeAndre Hopkins,HopkDe00,WR,Chris Moore,MoorCh00,OL,Aaron Brewer,BrewAa01,OL,Peter Skoronski,SkorPe00,OL,Andrew Rupcich,RupcAn00,OL,Dillon Radunz,RaduDi00,OL,John Ojukwu,OjukJo00,T,Andre Dillard,DillAn00,DL,Marlon Davidson,DaviMa01,DT,Jaleel Johnson,JohnJa09,OLB,Harold Landry,LandHa00,OLB,Arden Key,KeyxAr00,LB,Azeez Al-Shaair,AlShAz00,LB,Otis Reese,ReesOt00,CB,Elijah Molden,MoldEl00,CB,Roger McCreary,McCrRo01,CB,Sean Murphy-Bunting,BuntSe00,DB,Eric Garror,GarrEr00,S,K'Von Wallace,WallKV00,QB,Trevor Lawrence,LawrTr00,RB,Travis Etienne,EtieTr00,WR,Calvin Ridley,RidlCa00,WR,Zay Jones,JoneZa00,WR,Tim Jones,JoneTi00,TE,Evan Engram,EngrEv00,OL,Ezra Cleveland,ClevEz00,OL,Luke Fortner,FortLu01,OL,Brandon Scherff,ScheBr00,OL,Cam Robinson,RobiCa00,T,Anton Harrison,HarrAn00,DL,Roy Robertson-Harris,RobeRo00,DL,Folorunso Fatukasi,FatuFo00,OLB,Travon Walker,WalkTr03,OLB,Josh Hines-Allen,AlleJo03,LB,Devin Lloyd,LloyDe00,LB,Foyesade Oluokun,OluoFo00,CB,Darious Williams,WillDa09,CB,Tyson Campbell,CampTy01,S,Antonio Johnson,JohnAn07,S,Rayshawn Jenkins,JenkRa00,S,Andre Cisco,CiscAn00,Referee,Tra Blake,Umpire,Tony Michalek,Down Judge,Patrick Turner,Line Judge,Daniel Gallagher,Back Judge,Todd Prukop,Side Judge,Don Willard,Field Judge,Tom Hill
202401070rai,2024-01-07,Sunday,4:25pm,Las Vegas Raiders,Denver Broncos,rai,den,27,14,Antonio Pierce,Sean Payton,Allegiant Stadium,61429,2:56,dome,grass,,QB,Aidan O'Connell,OConAi00,RB,Zamir White,WhitZa01,WR,Jakobi Meyers,MeyeJa01,WR,Davante Adams,AdamDa01,TE,Austin Hooper,HoopAu00,OL,Jermaine Eluemunor,ElueJe00,T,Kolton Miller,MillKo00,T,Brandon Parker,ParkBr01,G,Greg Van Roten,VanRGr00,G,Dylan Parham,ParhDy00,C,Andre James,JameAn01,DE,Maxx Crosby,CrosMa00,DE,Malcolm Koonce,KoonMa00,DT,John Jenkins,JenkJo00,DT,Bilal Nichols,NichBi00,LB,Robert Spillane,SpilRo00,LB,Divine Deablo,DeabDi00,CB,Nate Hobbs,HobbNa00,CB,Amik Robertson,RobeAm00,CB,Jack Jones,JoneJa10,S,Tre'von Moehrig,MoehTr00,S,Marcus Epps,EppsMa00,QB,Jarrett Stidham,StidJa00,RB,Javonte Williams,WillJa10,WR,Courtland Sutton,SuttCo00,WR,Marvin Mims,MimsMa00,WR,Jerry Jeudy,JeudJe00,TE,Lucas Krull,KrulLu00,OL,Quinn Meinerz,MeinQu02,T,Cameron Fleming,FlemCa00,T,Garett Bolles,BollGa00,G,Ben Powers,PoweBe00,C,Lloyd Cushenberry III,CushLl00,DL,Mike Purcell,PurcMi00,DE,Zach Allen,AlleZa01,DT,D.J. Jones,,OLB,Jonathon Cooper,CoopJo02,OLB,Baron Browning,BrowBa01,LB,Josey Jewell,JeweJo00,LB,Alex Singleton,SingAl00,CB,Fabian Moreau,MoreFa00,CB,Patrick Surtain II,SurtPa01,S,P.J. Locke,LockPJ00,S,Justin Simmons,SimmJu00,Referee,Shawn Hochuli,Umpire,Terry Killens,Down Judge,Patrick Holt,Line Judge,Tim Podraza,Back Judge,Rich Martinez,Side Judge,Chad Hill,Field Judge,Jason Ledet
202401070sdg,2024-01-07,Sunday,4:25pm,Los Angeles Chargers,Kansas City Chiefs,sdg,kan,12,13,Giff Smith,Andy Reid,SoFi Stadium,68274,2:59,dome,matrixturf,,QB,Easton Stick,SticEa00,RB,Austin Ekeler,EkelAu00,WR,Josh Palmer,PalmJo00,WR,Quentin Johnston,JohnQu02,TE,Nick Vannett,VannNi00,TE,Gerald Everett,EverGe00,OL,Brenden Jaimes,JaimBr00,OL,Jordan McFadden,McFaJo00,OL,Jamaree Salyer,SalyJa00,T,Trey Pipkins,PipkTr00,T,Rashawn Slater,SlatRa00,DL,Austin Johnson,JohnAu01,DL,Morgan Fox,FoxxMo00,DT,Otito Ogbonnia,OgboOt00,OLB,Tuli Tuipulotu,TuipTu00,OLB,Khalil Mack,MackKh00,LB,Eric Kendricks,KendEr00,LB,Nick Niemann,NiemNi00,CB,Michael Davis,DaviMi03,CB,Asante Samuel Jr.,SamuAs00,S,Alohi Gilman,GilmAl00,S,Derwin James,JameDe00,QB,Blaine Gabbert,GabbBl00,RB,La'Mical Perine,PeriLa00,WR,Justyn Ross,RossJu00,WR,Mecole Hardman,HardMe00,TE,Blake Bell,BellBl00,TE,Noah Gray,GrayNo00,T,Jawaan Taylor,TaylJa02,G,Joe Thuney,ThunJo00,G,Trey Smith,SmitTr05,G,Nick Allegretti,AlleNi00,C,Creed Humphrey,HumpCr00,DE,Malik Herring,HerrMa02,DE,Charles Omenihu,OmenCh00,DT,Chris Jones,JoneCh09,DT,Derrick Nnadi,NnadDe00,LB,Cam Jones,JoneCa04,LB,Jack Cochrane,CochJa00,LB,Leo Chenal,ChenLe00,CB,Jaylen Watson,WatsJa02,CB,Joshua Williams,WillJo03,DB,Chamarri Conner,ConnCh01,S,Mike Edwards,EdwaMi01,Referee,Scott Novak,Umpire,Mark Pellis,Down Judge,Brian Sakowski,Line Judge,Mark Stewart,Back Judge,Terrence Miles,Side Judge,David Meslow,Field Judge,Tra Boger
202401070sfo,2024-01-07,Sunday,4:25pm,San Francisco 49ers,Los Angeles Rams,sfo,ram,20,21,Kyle Shanahan,Sean McVay,Levi's Stadium,71624,2:52,outdoors,grass,"52 degrees, relative humidity 50%, wind 11 mph",QB,Sam Darnold,DarnSa00,RB,Elijah Mitchell,MitcEl00,FB,Kyle Juszczyk,JuszKy00,WR,Brandon Aiyuk,AiyuBr00,WR,Deebo Samuel,SamuDe00,TE,Charlie Woerner,WoerCh00,OL,Aaron Banks,BankAa00,OL,Colton McKivitz,McKiCo00,OL,Spencer Burford,BurfSp00,OL,Jake Brendel,BrenJa01,T,Trent Williams,WillTr21,DL,Javon Hargrave,HargJa00,DL,Clelin Ferrell,FerrCl00,DL,Nick Bosa,BosaNi00,DT,Javon Kinlaw,KinlJa00,LB,Oren Burks,BurkOr00,LB,Fred Warner,WarnFr00,CB,Isaiah Oliver,OlivIs00,CB,Charvarius Ward,WardCh01,DB,Deommodore Lenoir,LenoDe00,S,Tayler Hawkins,HawkTa01,S,Logan Ryan,RyanLo00,QB,Carson Wentz,WentCa00,RB,Ronnie Rivers,RiveRo01,WR,Tutu Atwell,AtweTu00,WR,Demarcus Robinson,RobiDe01,WR,Puka Nacua,NacuPu00,TE,Davis Allen,AlleDa02,OL,Kevin Dotson,DotsKe00,T,Rob Havenstein,HaveRo00,T,Alaric Jackson,JackAl01,G,Steve Avila,AvilSt00,G,Coleman Shelton,ShelCo00,DE,Jonah Williams,WillJo16,DT,Larrell Murchison,MurcLa00,NT,Bobby Brown,BrowBo04,OLB,Michael Hoecht,HoecMi00,OLB,Byron Young,YounBy01,LB,Troy Reeder,ReedTr01,LB,Christian Rozeboom,RozeCh00,DB,John Johnson,JohnJo10,DB,Jordan Fuller,FullJo01,DB,Cobie Durant,DuraDe01,DB,Ahkello Witherspoon,WithAh00,Referee,Clay Martin,Umpire,James Carter,Down Judge,Jerod Phillips,Line Judge,Greg Bradley,Back Judge,Greg Wilson,Side Judge,Dave Hawkshaw,Field Judge,Alonzo Ramsey
202401070was,2024-01-07,Sunday,4:25pm,Washington Commanders,Dallas Cowboys,was,dal,10,38,Ron Rivera,Mike McCarthy,FedExField,63645,2:44,outdoors,grass,"48 degrees, relative humidity 52%, wind 13 mph",QB,Sam Howell,HoweSa00,RB,Brian Robinson Jr.,RobiBr01,WR,Curtis Samuel,SamuCu00,WR,Jahan Dotson,DotsJa00,WR,Terry McLaurin,McLaTe00,TE,Logan Thomas,ThomLo00,OL,Saahdiq Charles,CharSa00,T,Cornelius Lucas,LucaCo01,T,Trenton Scott,ScotTr01,T,Samuel Cosmi,CosmSa00,C,Nick Gates,GateNi00,DE,K.J. Henry,HenrKJ00,DE,James Smith-Williams,SmitJa08,DT,Daron Payne,PaynDa00,DT,John Ridgeway,RidgJo00,LB,Khaleke Hudson,HudsKh00,LB,Cody Barton,BartCo00,CB,Emmanuel Forbes,ForbEm00,CB,Benjamin St-Juste,StJuBe00,DB,Quan Martin,MartJa04,DB,Sean Chandler,ChanSe00,S,Terrell Burgess,BurgTe00,QB,Dak Prescott,PresDa01,RB,Tony Pollard,PollTo00,WR,Jalen Tolbert,TolbJa00,WR,Brandin Cooks,CookBr00,WR,CeeDee Lamb,LambCe00,TE,Jake Ferguson,FergJa00,T,Terence Steele,SteeTe01,T,Tyron Smith,SmitTy00,G,T.J. Bass,BassTJ00,C,Brock Hoffman,HoffBr00,C,Tyler Biadasz,BiadTy00,DE,DeMarcus Lawrence,LawrDe00,DE,Dorance Armstrong Jr.,ArmsDo00,DT,Johnathan Hankins,HankJo00,DT,Osa Odighizuwa,OdigOs00,LB,Micah Parsons,ParsMi00,LB,Damone Clark,ClarDa02,CB,Jourdan Lewis,LewiJo01,CB,Stephon Gilmore,GilmSt00,CB,DaRon Bland,BlanDa00,S,Jayron Kearse,KearJa00,S,Donovan Wilson,WilsDo01,Referee,Shawn Smith,Umpire,Bryan Neale,Down Judge,Jay Bilbo,Line Judge,Jeff Seeman,Back Judge,Dino Paganelli,Side Judge,Clay Reynard,Field Judge,Dyrol Prioleau
202602080nwe,2026-02-08,Sunday,6:30pm,New England Patriots,Seattle Seahawks,nwe,sea,13,29,Mike Vrabel,Mike Macdonald,Levi's Stadium,70823,3:42,outdoors,grass,"67 degrees, relative humidity 50%, wind 7 mph",QB,Drake Maye,MayeDr00,RB,Rhamondre Stevenson,StevRh00,RB,TreVeyon Henderson,HendTr02,WR,Mack Hollins,HollMa00,TE,Austin Hooper,HoopAu00,TE,Hunter Henry,HenrHu00,OL,Michael Onwenu,OnweMi00,OT,Will Campbell,CampWi01,OT,Morgan Moses,MoseMo00,C,Garrett Bradbury,BradGa00,C,Jared Wilson,WilsJa02,DT,Milton Williams,WillMi08,DT,Christian Barmore,BarmCh00,NT,Cory Durden,DurdCo00,LB,Anfernee Jennings,JennAn00,LB,Jack Gibbens,GibbJa00,LB,Robert Spillane,SpilRo00,LB,Jahlani Tavai,TavaJa00,CB,Christian Gonzalez,GonzCh00,CB,Carlton Davis,DaviCa02,S,Jaylinn Hawkins,HawkJa00,S,Craig Woodson,WoodCr00,QB,Sam Darnold,DarnSa00,RB,Kenneth Walker III,WalkKe00,WR,Jaxon Smith-Njigba,SmitJa06,WR,Cooper Kupp,KuppCo00,TE,AJ Barner,BarnAJ00,TE,Eric Saubert,SaubEr00,T,Charles Cross,CrosCh00,T,Abraham Lucas,LucaAb00,OG,Grey Zabel,ZabeGr00,G,Anthony Bradford,BradAn00,C,Jalen Sundell,SundJa00,DT,Byron Murphy,MurpBy01,DT,Leonard Williams,WillLe02,LB,DeMarcus Lawrence,LawrDe00,LB,Ernest Jones,JoneEr01,LB,Uchenna Nwosu,NwosUc00,LB,Drake Thomas,ThomDr00,CB,Josh Jobe,JobeJo00,CB,Devon Witherspoon,WithDe00,FS,Julian Love,LoveJu00,FS,Coby Bryant,BryaCo01,S,Nick Emmanwori,EmmaNi00,Referee,Shawn Smith,Umpire,Roy Ellison,Down Judge,Dana McKenzie,Line Judge,Julian Mapp,Back Judge,Greg Steed,Side Judge,Eugene Hall,Field Judge,Jason Ledet
