GameId,GameDate,DayOfWeek,StartTime,HomeTeam,AwayTeam,HomeTeamCode,AwayTeamCode,HomeScore,AwayScore,HomeCoach,AwayCoach,Stadium,Attendance,Duration,Roof,Surface,Weather,HomeOff01_Position,HomeOff01_Name,HomeOff01_ID,HomeOff02_Position,HomeOff02_Name,HomeOff02_ID,HomeOff03_Position,HomeOff03_Name,HomeOff03_ID,HomeOff04_Position,HomeOff04_Name,HomeOff04_ID,HomeOff05_Position,HomeOff05_Name,HomeOff05_ID,HomeOff06_Position,HomeOff06_Name,HomeOff06_ID,HomeOff07_Position,HomeOff07_Name,HomeOff07_ID,HomeOff08_Position,HomeOff08_Name,HomeOff08_ID,HomeOff09_Position,HomeOff09_Name,HomeOff09_ID,HomeOff10_Position,HomeOff10_Name,HomeOff10_ID,HomeOff11_Position,HomeOff11_Name,HomeOff11_ID,HomeDef01_Position,HomeDef01_Name,HomeDef01_ID,HomeDef02_Position,HomeDef02_Name,HomeDef02_ID,HomeDef03_Position,HomeDef03_Name,HomeDef03_ID,HomeDef04_Position,HomeDef04_Name,HomeDef04_ID,HomeDef05_Position,HomeDef05_Name,HomeDef05_ID,HomeDef06_Position,HomeDef06_Name,HomeDef06_ID,HomeDef07_Position,HomeDef07_Name,HomeDef07_ID,HomeDef08_Position,HomeDef08_Name,HomeDef08_ID,HomeDef09_Position,HomeDef09_Name,HomeDef09_ID,HomeDef10_Position,HomeDef10_Name,HomeDef10_ID,HomeDef11_Position,HomeDef11_Name,HomeDef11_ID,AwayOff01_Position,AwayOff01_Name,AwayOff01_ID,AwayOff02_Position,AwayOff02_Name,AwayOff02_ID,AwayOff03_Position,AwayOff03_Name,AwayOff03_ID,AwayOff04_Position,AwayOff04_Name,AwayOff04_ID,AwayOff05_Position,AwayOff05_Name,AwayOff05_ID,AwayOff06_Position,AwayOff06_Name,AwayOff06_ID,AwayOff07_Position,AwayOff07_Name,AwayOff07_ID,AwayOff08_Position,AwayOff08_Name,AwayOff08_ID,AwayOff09_Position,AwayOff09_Name,AwayOff09_ID,AwayOff10_Position,AwayOff10_Name,AwayOff10_ID,AwayOff11_Position,AwayOff11_Name,AwayOff11_ID,AwayDef01_Position,AwayDef01_Name,AwayDef01_ID,AwayDef02_Position,AwayDef02_Name,AwayDef02_ID,AwayDef03_Position,AwayDef03_Name,AwayDef03_ID,AwayDef04_Position,AwayDef04_Name,AwayDef04_ID,AwayDef05_Position,AwayDef05_Name,AwayDef05_ID,AwayDef06_Position,AwayDef06_Name,AwayDef06_ID,AwayDef07_Position,AwayDef07_Name,AwayDef07_ID,AwayDef08_Position,AwayDef08_Name,AwayDef08_ID,AwayDef09_Position,AwayDef09_Name,AwayDef09_ID,AwayDef10_Position,AwayDef10_Name,AwayDef10_ID,AwayDef11_Position,AwayDef11_Name,AwayDef11_ID,Official01_Role,Official01_Name,Official02_Role,Official02_Name,Official03_Role,Official03_Name,Official04_Role,Official04_Name,Official05_Role,Official05_Name,Official06_Role,Official06_Name,Official07_Role,Official07_Name
202109090tam,2021-09-09,Thursday,8:20pm,Tampa Bay Buccaneers,Dallas Cowboys,tam,dal,31,29,Bruce Arians,Mike McCarthy,Raymond James Stadium,65566,3:31,outdoors,grass,"82 degrees, relative humidity 85%, wind 9 mph",QB,Tom Brady,BradTo00,RB,Leonard Fournette,FourLe00,WR,Antonio Brown,BrowAn04,WR,Chris Godwin,GodwCh00,WR,Mike Evans,EvanMi00,TE,Rob Gronkowski,GronRo00,OT,Donovan Smith,SmitDo02,OT,Tristan Wirfs,WirfTr00,OG,Alex Cappa,CappAl00,OG,Ali Marpet,MarpAl00,C,Ryan Jensen,JensRy00,DE,William Gholston,GholWi00,DE,Joe Tryon-Shoyinka,TryoJo00,DT,Ndamukong Suh,SuhxNd99,DT,Vita Vea,VeaxVi00,OLB,Shaquil Barrett,BarrSh00,OLB,Jason Pierre-Paul,PierJa99,MLB,Lavonte David,DaviLa00,LB,Devin White,WhitDe02,CB,Carlton Davis,DaviCa02,CB,Sean Murphy-Bunting,BuntSe00,S,Antoine Winfield Jr.,WinfAn00,QB,Dak Prescott,PresDa01,RB,Ezekiel Elliott,ElliEz00,WR,CeeDee Lamb,LambCe00,WR,Amari Cooper,CoopAm00,TE,Dalton Schultz,SchuDa00,TE,Blake Jarwin,JarwBl00,OT,La'el Collins,CollLa01,OT,Tyron Smith,SmitTy00,OG,Connor Williams,WillCo00,OG,Connor McGovern,McGoCo01,C,Tyler Biadasz,BiadTy00,DE,Randy Gregory,GregRa00,DE,Carlos Watkins,WatkCa00,DE,DeMarcus Lawrence,LawrDe00,DT,Osa Odighizuwa,OdigOs00,LB,Keanu Neal,NealKe01,LB,Micah Parsons,ParsMi00,CB,Anthony Brown,BrowAn02,CB,Jourdan Lewis,LewiJo01,CB,Trevon Diggs,DiggTr00,S,Damontae Kazee,KazeDa00,S,Donovan Wilson,WilsDo01,Referee,Shawn Hochuli,Umpire,Terry Killens,Down Judge,Ed Camp,Line Judge,Greg Bradley,Back Judge,Rich Martinez,Side Judge,Chad Hill,Field Judge,Tom Hill
202109120atl,2021-09-12,Sunday,1:00pm,Atlanta Falcons,Philadelphia Eagles,atl,phi,6,32,Arthur Smith,Nick Sirianni,Mercedes-Benz Stadium,68633,3:08,retractable roof (open),fieldturf,,QB,Matt Ryan,RyanMa00,RB,Mike Davis,DaviMi01,RB,Cordarrelle Patterson,PattCo00,WR,Calvin Ridley,RidlCa00,TE,Kyle Pitts,PittKy00,TE,Hayden Hurst,HursHa00,OT,Jake Matthews,MattJa00,OT,Jalen Mayfield,MayfJa00,OT,Kaleb McGary,McGaKa00,OG,Chris Lindstrom,LindCh00,C,Matt Hennessy,HennMa00,DE,Steven Means,MeanSt00,DT,Tyeler Davison,DaviTy01,DT,Grady Jarrett,JarrGr00,OLB,Dante Fowler,FowlDa00,MLB,Deion Jones,JoneDe01,MLB,Foyesade Oluokun,OluoFo00,CB,Fabian Moreau,MoreFa00,CB,Isaiah Oliver,OlivIs00,CB,AJ Terrell,TerrAJ00,SAF,Erik Harris,HarrEr00,SAF,Duron Harmon,HarmDu00,QB,Jalen Hurts,HurtJa00,RB,Miles Sanders,SandMi01,WR,JJ Arcega-Whiteside,ArceJJ00,WR,Quez Watkins,WatkQu00,WR,DeVonta Smith,SmitDe07,TE,Dallas Goedert,GoedDa00,OL,Isaac Seumalo,SeumIs00,OT,Jordan Mailata,MailJo00,OT,Lane Johnson,JohnLa01,OG,Brandon Brooks,BrooBr00,C,Jason Kelce,KelcJa00,DE,Genard Avery,AverGe00,DE,Brandon Graham,GrahBr99,DE,Derek Barnett,BarnDe01,DT,Javon Hargrave,HargJa00,DT,Fletcher Cox,CoxxFl00,LB,T.J. Edwards,EdwaTJ02,LB,Eric Wilson,WilsEr00,CB,Steven Nelson,NelsSt01,CB,Darius Slay,SlayDa00,SAF,Anthony Harris,HarrAn01,SAF,Marcus Epps,EppsMa00,Referee,Scott Novak,Umpire,Ramon George,Down Judge,Derick Bowers,Line Judge,Walt Coleman IV,Back Judge,Terrence Miles,Side Judge,David Meslow,Field Judge,Mike Weatherford
202109120buf,2021-09-12,Sunday,1:00pm,Buffalo Bills,Pittsburgh Steelers,buf,pit,16,23,Sean McDermott,Mike Tomlin,Highmark Stadium,69787,3:08,outdoors,a_turf,"73 degrees, relative humidity 79%, wind 17 mph",QB,Josh Allen,AlleJo02,WR,Cole Beasley,BeasCo00,WR,Gabe Davis,DaviGa01,WR,Emmanuel Sanders,SandEm00,WR,Stefon Diggs,DiggSt00,WR,Isaiah McKenzie,McKeIs00,OL,Daryl Williams,WillDa06,OL,Cody Ford,FordCo00,OT,Dion Dawkins,DawkDi00,OG,Jon Feliciano,FeliJo00,C,Mitch Morse,MorsMi00,DE,Jerry Hughes,HughJe99,DE,Gregory Rousseau,RousGr00,DT,Ed Oliver,OlivEd00,DT,Vernon Butler,ButlVe00,LB,Tremaine Edmunds,EdmuTr01,LB,Matt Milano,MilaMa00,CB,Taron Johnson,JohnTa01,CB,Levi Wallace,WallLe00,CB,Tre'Davious White,WhitTr01,S,Micah Hyde,HydeMi00,S,Jordan Poyer,PoyeJo00,QB,Ben Roethlisberger,RoetBe00,RB,Najee Harris,HarrNa00,WR,JuJu Smith-Schuster,SmitJu00,WR,Diontae Johnson,JohnDi01,TE,Eric Ebron,EbroEr00,TE,Pat Freiermuth,FreiPa00,OL,Kevin Dotson,DotsKe00,OL,Chukwuma Okorafor,OkorCh00,OT,Dan Moore,MoorDa05,OG,Trai Turner,TurnTr01,C,Kendrick Green,GreeKe02,DE,Tyson Alualu,AluaTy99,DT,Cameron Heyward,HeywCa01,LB,Alex Highsmith,HighAl02,LB,T.J. Watt,,LB,Joe Schobert,SchoJo00,LB,Devin Bush Jr.,BushDe01,CB,Joe Haden,HadeJo99,CB,Cameron Sutton,SuttCa00,S,Tre Norwood,NorwTr00,S,Minkah Fitzpatrick,FitzMi00,S,Terrell Edmunds,EdmuTe00,Referee,John Hussey,Umpire,Alan Eck,Down Judge,Sarah Thomas,Line Judge,Carl Johnson,Back Judge,Brad Freeman,Side Judge,Allen Baynes,Field Judge,Jabir Walker
202109120car,2021-09-12,Sunday,1:00pm,Carolina Panthers,New York Jets,car,nyj,19,14,Matt Rhule,Robert Saleh,Bank of America Stadium,70211,3:14,outdoors,grass,"81 degrees, relative humidity 51%, no wind",QB,Sam Darnold,DarnSa00,RB,Christian McCaffrey,McCaCh01,WR,D.J. Moore,,WR,Robbie Chosen,AndeRo04,TE,Dan Arnold,ArnoDa00,TE,Ian Thomas,ThomIa00,OL,Pat Elflein,ElflPa00,OL,Cameron Erving,ErviCa00,OT,Taylor Moton,MotoTa00,OG,Dennis Daley,DaleDe00,C,Matt Paradis,ParaMa00,DE,Morgan Fox,FoxxMo00,DE,Brian Burns,BurnBr00,DT,DaQuan Jones,JoneDa04,DT,Derrick Brown,BrowDe05,OLB,Haason Reddick,ReddHa00,LB,Jeremy Chinn,ChinJe00,LB,Jermaine Carter Jr.,CartJe00,LB,Shaq Thompson,ThomSh01,CB,Jaycee Horn,HornJa00,CB,Donte Jackson,JackDo02,S,Juston Burris,BurrJu00,QB,Zach Wilson,WilsZa00,RB,Tevin Coleman,ColeTe01,WR,Corey Davis,DaviCo03,WR,Elijah Moore,MoorEl00,TE,Trevon Wesco,WescTr00,TE,Ryan Griffin,GrifRy00,OL,Connor McGovern,McGoCo00,OT,Mekhi Becton,BectMe00,OT,George Fant,FantGe00,OG,Greg Van Roten,VanRGr00,OG,Alijah Vera-Tucker,VeraAl00,DE,Bryce Huff,HuffBr00,DT,John Franklin-Myers,FranJo02,DT,Folorunso Fatukasi,FatuFo00,DT,Quinnen Williams,WillQu00,LB,C.J. Mosley,,LB,Hamsah Nasirildeen,NasiHa00,LB,Jamien Sherwood,SherJa00,CB,Bryce Hall,HallBr02,CB,Brandin Echols,EchoBr00,S,Lamarcus Joyner,JoynLa00,S,Marcus Maye,MayeMa00,Referee,Clay Martin,Umpire,Fred Bryan,Down Judge,Jerod Phillips,Line Judge,Maia Chaka,Back Judge,Greg Wilson,Side Judge,Joe Larrew,Field Judge,James Coleman
202109120cin,2021-09-12,Sunday,1:00pm,Cincinnati Bengals,Minnesota Vikings,cin,min,27,24,Zac Taylor,Mike Zimmer,Paul Brown Stadium,56525,3:38,outdoors,fieldturf,"81 degrees, relative humidity 54%, wind 15 mph",QB,Joe Burrow,BurrJo01,RB,Joe Mixon,MixoJo00,WR,Ja'Marr Chase,ChasJa00,WR,Tee Higgins,HiggTe00,TE,C.J. Uzomah,,TE,Drew Sample,SampDr00,OT,Jonah Williams,WillJo10,OT,Riley Reiff,ReifRi00,OG,Xavier Su'a-Filo,Sua-Xa00,OG,Quinton Spain,SpaiQu00,C,Trey Hopkins,HopkTr01,DE,Trey Hendrickson,HendTr00,DE,Sam Hubbard,HubbSa00,DT,Larry Ogunjobi,OgunLa00,DT,D.J. Reader,,LB,Logan Wilson,WilsLo00,LB,Germaine Pratt,PratGe00,CB,Chidobe Awuzie,AwuzCh00,CB,Eli Apple,ApplEl00,SAF,Vonn Bell,BellVo00,SAF,Jessie Bates III,BateJe00,DB,Mike Hilton,HiltMi01,QB,Kirk Cousins,CousKi00,RB,Dalvin Cook,CookDa01,FB,C.J. Ham,,WR,Adam Thielen,ThieAd00,WR,Justin Jefferson,JeffJu00,WR,K.J. Osborn,OsboKJ00,OL,Ezra Cleveland,ClevEz00,OT,Oli Udoh,UdohOl01,OT,Rashod Hill,HillRa01,OT,Brian O'Neill,ONeiBr00,C,Garrett Bradbury,BradGa00,DE,D.J. Wonnum,WonnDJ00,DE,Danielle Hunter,HuntDa01,DT,Michael Pierce,PierMi00,DT,Dalvin Tomlinson,TomlDa00,LB,Blake Lynch,LyncBl00,LB,Eric Kendricks,KendEr00,LB,Nick Vigil,VigiNi00,CB,Bashaud Breeland,BreeBa00,CB,Patrick Peterson,PetePa00,SS,Harrison Smith,SmitHa00,SAF,Xavier Woods,WoodXa00,Referee,Adrian Hill,Umpire,Roy Ellison,Down Judge,David Oliver,Line Judge,Mark Stewart,Back Judge,Keith Ferguson,Side Judge,Jim Quirk,Field Judge,Mearl Robinson
202109120clt,2021-09-12,Sunday,1:00pm,Indianapolis Colts,Seattle Seahawks,clt,sea,16,28,Frank Reich,Pete Carroll,Lucas Oil Stadium,63347,2:58,retractable roof (closed),fieldturf,,QB,Carson Wentz,WentCa00,RB,Jonathan Taylor,TaylJo02,WR,Parris Campbell,CampPa00,WR,Michael Pittman Jr.,PittMi01,WR,Zach Pascal,PascZa00,TE,Jack Doyle,DoylJa00,OL,Quenton Nelson,NelsQu00,OT,Julién Davenport,DaveJu00,OG,Mark Glowinski,GlowMa00,OG,Braden Smith,SmitBr06,C,Ryan Kelly,KellRy00,DE,Al-Quadin Muhammad,MuhaAl00,DE,Kwity Paye,PayeKw00,DT,DeForest Buckner,BuckDe00,DT,Grover Stewart,StewGr00,LB,Bobby Okereke,OkerBo00,LB,Shaquille Leonard,LeonDa00,LB,Zaire Franklin,FranZa00,CB,Kenny Moore,MoorKe03,CB,Rock Ya-Sin,Ya-SRo00,SAF,Julian Blackmon,BlacJu01,SAF,Khari Willis,WillKh00,QB,Russell Wilson,WilsRu00,RB,Chris Carson,CarsCh00,WR,D.K. Metcalf,MetcDK00,WR,Tyler Lockett,LockTy00,TE,Will Dissly,DissWi00,TE,Gerald Everett,EverGe00,OT,Brandon Shell,ShelBr00,OT,Duane Brown,BrowDu20,OG,Gabe Jackson,JackGa00,G,Damien Lewis,LewiDa05,G,Kyle Fuller,FullKy01,DE,Carlos Dunlap,DunlCa99,DE,Kerry Hyder,HydeKe01,DT,Al Woods,WoodAl99,DT,Poona Ford,FordPo00,LB,Jordyn Brooks,BrooJo01,LB,Bobby Wagner,WagnBo00,CB,Tre Flowers,FlowTr01,CB,D.J. Reed,,SS,Quandre Diggs,DiggQu00,SS,Jamal Adams,AdamJa00,FS,Ugo Amadi,AmadUg00,Referee,Tony Corrente,Umpire,Dan Ferrell,Down Judge,Patrick Turner,Line Judge,Tim Podraza,Back Judge,Todd Prukop,Side Judge,Don Willard,Field Judge,Anthony Jefferies
202109120det,2021-09-12,Sunday,1:00pm,Detroit Lions,San Francisco 49ers,det,sfo,33,41,Dan Campbell,Kyle Shanahan,Ford Field,59374,3:19,dome,fieldturf,,QB,Jared Goff,GoffJa00,RB,Jamaal Williams,WillJa06,WR,Tyrell Williams,WillTy00,WR,Kalif Raymond,RaymKa00,TE,Darren Fells,FellDa01,TE,T.J. Hockenson,HockTJ00,OL,Jonah Jackson,JackJo03,OL,Frank Ragnow,RagnFr00,OT,Halapoulivaati Vaitai,VaitHa00,OT,Matt Nelson,NelsMa00,OT,Penei Sewell,SewePe00,DE,Trey Flowers,FlowTr00,DE,Romeo Okwara,OkwaRo01,DT,Michael Brockers,BrocMi00,DT,Nick Williams,WillNi01,DT,Alim McNeill,McNeAl00,LB,Jamie Collins,CollJa00,LB,Alex Anzalone,AnzaAl00,CB,Amani Oruwariye,OruwAm00,CB,Jeff Okudah,OkudJe00,DB,Tracy Walker,WalkTr01,S,Will Harris,HarrWi02,QB,Jimmy Garoppolo,GaroJi00,RB,Raheem Mostert,MostRa00,FB,Kyle Juszczyk,JuszKy00,WR,Deebo Samuel,SamuDe00,TE,Ross Dwelley,DwelRo00,TE,George Kittle,KittGe00,OL,Daniel Brunskill,BrunDa00,OT,Trent Williams,WillTr21,OT,Mike McGlinchey,McGlMi00,OG,Laken Tomlinson,TomlLa01,C,Alex Mack,MackAl20,DE,Nick Bosa,BosaNi00,DE,Arik Armstead,ArmsAr01,DT,D.J. Jones,,DT,Kentavius Street,StreKe00,LB,Azeez Al-Shaair,AlShAz00,LB,Dre Greenlaw,GreeDr00,LB,Fred Warner,WarnFr00,CB,Jason Verrett,VerrJa00,DB,Deommodore Lenoir,LenoDe00,DB,Jimmie Ward,WardJi01,S,Jaquiski Tartt,TartJa00,Referee,Brad Rogers,Umpire,Carl Paganelli,Down Judge,Kent Payne,Line Judge,Tom Eaton,Back Judge,Greg Steed,Side Judge,Dominique Pender,Field Judge,Aaron Santi
202109120htx,2021-09-12,Sunday,1:00pm,Houston Texans,Jacksonville Jaguars,htx,jax,37,21,David Culley,Urban Meyer,NRG Stadium,68105,3:24,retractable roof (closed),astroturf,,QB,Tyrod Taylor,TaylTy00,RB,Mark Ingram,IngrMa01,WR,Chris Conley,ConlCh00,WR,Brandin Cooks,CookBr00,TE,Antony Auclair,AuclAn00,TE,Pharaoh Brown,BrowPh01,OL,Justin Britt,BritJu00,OL,Max Scharping,SchaMa01,OL,Marcus Cannon,CannMa00,OT,Tytus Howard,HowaTy00,OT,Laremy Tunsil,TunsLa00,DE,Charles Omenihu,OmenCh00,DT,Maliek Collins,CollMa00,DT,Vincent Taylor,TaylVi00,LB,Kamu Grugier-Hill,GrugKa00,LB,Zach Cunningham,CunnZa00,LB,Christian Kirksey,KirkCh00,LB,Whitney Mercilus,MercWh00,CB,Vernon Hargreaves III,HargVe00,SAF,Eric Murray,MurrEr00,SAF,Justin Reid,ReidJu00,DB,Terrance Mitchell,MitcTe00,QB,Trevor Lawrence,LawrTr00,RB,James Robinson,RobiJa00,WR,DJ Chark,CharDJ00,WR,Marvin Jones,JoneMa02,TE,James O'Shaughnessy,O'ShJa00,TE,Chris Manhertz,ManhCh00,OL,Brandon Linder,LindBr00,OT,Jawaan Taylor,TaylJa02,OT,Cam Robinson,RobiCa00,OG,A.J. Cann,,OG,Andrew Norwell,NorwAn01,DE,Josh Hines-Allen,AlleJo03,DE,Roy Robertson-Harris,RobeRo00,DT,Malcom Brown,BrowMa01,DT,DaVon Hamilton,HamiDa02,MLB,Myles Jack,JackMy00,LB,K'Lavon Chaisson,ChaiKL00,LB,Damien Wilson,WilsDa02,CB,C.J. Henderson,HendCJ00,CB,Shaquill Griffin,GrifSh00,SAF,Rayshawn Jenkins,JenkRa00,SAF,Andrew Wingard,WingAn01,Referee,Land Clark,Umpire,Paul King,Down Judge,Tom Stephan,Line Judge,Brian Bolinger,Back Judge,Greg Meyer,Side Judge,Anthony Flemming,Field Judge,Michael Banks
202109120kan,2021-09-12,Sunday,4:25pm,Kansas City Chiefs,Cleveland Browns,kan,cle,33,29,Andy Reid,Kevin Stefanski,GEHA Field at Arrowhead Stadium,72973,3:02,outdoors,grass,"88 degrees, relative humidity 43%, wind 8 mph",QB,Patrick Mahomes,MahoPa00,RB,Clyde Edwards-Helaire,EdwaCl00,WR,Demarcus Robinson,RobiDe01,WR,Mecole Hardman,HardMe00,WR,Tyreek Hill,HillTy00,TE,Travis Kelce,KelcTr00,OL,Trey Smith,SmitTr05,OL,Creed Humphrey,HumpCr00,OT,Orlando Brown Jr.,BrowOr00,OT,Lucas Niang,NianLu00,OG,Joe Thuney,ThunJo00,DE,Michael Danna,DannMi00,DT,Chris Jones,JoneCh09,DT,Jarran Reed,ReedJa02,DT,Tershawn Wharton,WharTe00,LB,Anthony Hitchens,HitcAn00,LB,Ben Niemann,NiemBe00,LB,Nick Bolton,BoltNi00,CB,Charvarius Ward,WardCh01,DB,L'Jarius Sneed,SneeLJ00,S,Daniel Sorensen,SoreDa01,S,Juan Thornhill,ThorJu00,QB,Baker Mayfield,MayfBa00,RB,Nick Chubb,ChubNi00,FB,Andy Janovich,JanoAn00,WR,Jarvis Landry,LandJa00,WR,Donovan Peoples-Jones,PeopDo00,TE,Austin Hooper,HoopAu00,OT,Jedrick Wills Jr.,WillJe04,OT,Jack Conklin,ConkJa00,OG,Wyatt Teller,TellWy00,OG,Joel Bitonio,BitoJo00,C,J.C. Tretter,TretJC00,DE,Myles Garrett,GarrMy00,DE,Jadeveon Clowney,ClowJa00,DT,Malik McDowell,McDoMa00,DT,Malik Jackson,JackMa02,LB,Jeremiah Owusu-Koramoah,OwusJe00,LB,Anthony Walker,WalkAn01,CB,Greg Newsome II,NewsGr00,CB,Denzel Ward,WardDe02,CB,Troy Hill,HillTr01,S,Ronnie Harrison,HarrRo02,S,John Johnson,JohnJo10,Referee,Bill Vinovich,Umpire,Tony Michalek,Down Judge,Patrick Holt,Line Judge,Mark Perlman,Back Judge,Jimmy Russell,Side Judge,Jimmy Buchanan,Field Judge,Joe Blubaugh
202109120nor,2021-09-12,Sunday,4:25pm,New Orleans Saints,Green Bay Packers,nor,gnb,38,3,Sean Payton,Matt LaFleur,TIAA Bank Stadium,35242,2:51,outdoors,grass,"86 degrees, relative humidity 57%, wind 9 mph",QB,Jameis Winston,WinsJa00,RB,Alvin Kamara,KamaAl00,WR,Marquez Callaway,CallMa01,WR,Lil'Jordan Humphrey,HumpLi01,TE,Adam Trautman,TrauAd00,TE,Garrett Griffin,GrifGa00,OL,Cesar Ruiz,RuizCe00,OL,Erik McCoy,McCoEr01,OL,Andrus Peat,PeatAn00,OT,Terron Armstead,ArmsTe00,OT,Ryan Ramczyk,RamcRy00,DE,Marcus Davenport,DaveMa00,DE,Cameron Jordan,JordCa00,DE,Christian Ringo,RingCh00,DT,Malcolm Roach,RoacMa01,OLB,Kwon Alexander,AlexKw00,LB,Demario Davis,DaviDe00,CB,Marshon Lattimore,LattMa01,CB,Paulson Adebo,AdebPa00,SS,Malcolm Jenkins,JenkMa99,S,C.J. Gardner-Johnson,GardCh00,S,Marcus Williams,WillMa06,QB,Aaron Rodgers,RodgAa00,RB,Aaron Jones,JoneAa00,WR,Allen Lazard,LazaAl00,WR,Marquez Valdes-Scantling,ValdMa00,WR,Davante Adams,AdamDa01,TE,Marcedes Lewis,LewiMa00,OL,Josh Myers,MyerJo00,OL,Royce Newman,NewmRo00,OG,Elgton Jenkins,JenkEl00,OG,Billy Turner,TurnBi00,OG,Lucas Patrick,PatrLu00,DE,Kenny Clark,ClarKe01,DE,Kingsley Keke,KekeKi00,DE,Dean Lowry,LowrDe00,LB,Rashan Gary,GaryRa00,LB,Preston Smith,SmitPr00,LB,Krys Barnes,BarnKr00,LB,De'Vondre Campbell,CampDe00,CB,Kevin King,KingKe01,CB,Jaire Alexander,AlexJa00,S,Adrian Amos,AmosAd00,S,Darnell Savage Jr.,SavaDa00,Referee,Carl Cheffers,Umpire,Tra Blake,Down Judge,Jerry Bergman,Line Judge,Jeff Seeman,Back Judge,Matt Edwards,Side Judge,Eugene Hall,Field Judge,Nathan Jones
202109120nwe,2021-09-12,Sunday,4:25pm,New England Patriots,Miami Dolphins,nwe,mia,16,17,Bill Belichick,Brian Flores,Gillette Stadium,65878,2:54,outdoors,fieldturf,"81 degrees, relative humidity 58%, wind 15 mph",QB,Mac Jones,JoneMa05,RB,Damien Harris,HarrDa06,WR,Nelson Agholor,AghoNe00,WR,Jakobi Meyers,MeyeJa01,TE,Jonnu Smith,SmitJo01,TE,Hunter Henry,HenrHu00,OL,Isaiah Wynn,WynnIs00,OL,Michael Onwenu,OnweMi00,OL,Shaq Mason,MasoSh01,OT,Trent Brown,BrowTr02,C,David Andrews,AndrDa00,DE,Deatrich Wise Jr.,WiseDe00,DT,Lawrence Guy,GuyxLa00,DT,Davon Godchaux,GodcDa00,LB,Dont'a Hightower,HighDo01,LB,Matt Judon,JudoMa00,LB,Ja'Whaun Bentley,BentJa00,CB,Jalen Mills,MillJa02,DB,J.C. Jackson,,DB,Devin McCourty,McCoDe99,DB,Kyle Dugger,DuggKy00,DB,Adrian Phillips,PhilAd00,QB,Tua Tagovailoa,TagoTu00,RB,Myles Gaskin,GaskMy00,WR,Jaylen Waddle,WaddJa00,WR,DeVante Parker,ParkDe01,TE,Durham Smythe,SmytDu00,TE,Hunter Long,LongHu00,OL,Michael Deiter,DeitMi00,OL,Robert Hunt,HuntRo01,OL,Solomon Kindley,KindSo00,OT,Liam Eichenberg,EichLi00,OG,Jesse Davis,DaviJe00,DE,Emmanuel Ogbah,OgbaEm00,DT,Raekwon Davis,DaviRa03,DT,Christian Wilkins,WilkCh00,OLB,Andrew Van Ginkel,VanGAn00,OLB,Jerome Baker,BakeJe00,LB,Elandon Roberts,RobeEl00,CB,Byron Jones,JoneBy00,CB,Jason McCourty,McCoJa99,CB,Eric Rowe,RoweEr00,CB,Xavien Howard,HowaXa00,DB,Brandon Jones,JoneBr06,Referee,Clete Blakeman,Umpire,Tab Slaughter,Down Judge,Dana McKenzie,Line Judge,Julian Mapp,Back Judge,Perry Paganelli,Side Judge,Clay Reynard,Field Judge,Scott Edwards
202109120nyg,2021-09-12,Sunday,4:25pm,New York Giants,Denver Broncos,nyg,den,13,27,Joe Judge,Vic Fangio,MetLife Stadium,74119,2:53,outdoors,fieldturf,"82 degrees, relative humidity 56%, wind 19 mph",QB,Daniel Jones,JoneDa05,RB,Saquon Barkley,BarkSa00,RB,Elijhaa Penny,PennEl00,WR,Kenny Golladay,GollKe00,WR,Sterling Shepard,ShepSt00,TE,Kaden Smith,SmitKa00,OL,Shane Lemieux,LemiSh00,OT,Andrew Thomas,ThomAn02,OT,Nate Solder,SoldNa00,OG,Will Hernandez,HernWi00,C,Nick Gates,GateNi00,DE,Leonard Williams,WillLe02,DT,Dexter Lawrence,LawrDe03,DT,Austin Johnson,JohnAu01,LB,Blake Martinez,MartBl01,LB,Tae Crowder,CrowTa00,LB,Lorenzo Carter,CartLo01,CB,James Bradberry,BradJa00,SAF,Xavier McKinney,McKiXa00,SAF,Jabrill Peppers,PeppJa00,DB,Logan Ryan,RyanLo00,DB,Adoree' Jackson,JackAd00,QB,Teddy Bridgewater,BridTe00,RB,Melvin Gordon,GordMe00,WR,Courtland Sutton,SuttCo00,WR,Tim Patrick,PatrTi00,WR,Jerry Jeudy,JeudJe00,TE,Noah Fant,FantNo00,OT,Garett Bolles,BollGa00,OT,Bobby Massie,MassBo00,G,Graham Glasgow,GlasGr00,G,Dalton Risner,RisnDa00,C,Lloyd Cushenberry III,CushLl00,DE,Dre'Mont Jones,JoneDr00,DE,Shelby Harris,HarrSh00,NT,Mike Purcell,PurcMi00,OLB,Von Miller,MillVo00,OLB,Malik Reed,ReedMa01,LB,Josey Jewell,JeweJo00,LB,Alexander Johnson,JohnAl01,CB,Ronald Darby,DarbRo00,CB,Kyle Fuller,FullKy00,SAF,Kareem Jackson,JackKa99,SAF,Justin Simmons,SimmJu00,Referee,Ron Torbert,Umpire,Mark Pellis,Down Judge,Kevin Codey,Line Judge,Mark Steinkerchner,Back Judge,Tony Josselyn,Side Judge,Keith Washington,Field Judge,Ryan Dickson
202109120oti,2021-09-12,Sunday,1:00pm,Tennessee Titans,Arizona Cardinals,oti,crd,13,38,Mike Vrabel,Kliff Kingsbury,Nissan Stadium,67216,3:12,outdoors,grass,"82 degrees, relative humidity 55%, wind 8 mph",QB,Ryan Tannehill,TannRy00,RB,Derrick Henry,HenrDe00,WR,A.J. Brown,BrowAJ00,WR,Julio Jones,JoneJu02,TE,Geoff Swaim,SwaiGe00,TE,MyCole Pruitt,PruiMy00,OL,Nate Davis,DaviNa01,OL,David Quessenberry,QuesDa00,OT,Taylor Lewan,LewaTa00,OG,Rodger Saffold,SaffRo20,C,Ben Jones,JoneBe01,DT,Teair Tart,TartTe00,DT,Jeffery Simmons,SimmJe01,DT,Larrell Murchison,MurcLa00,OLB,Harold Landry,LandHa00,OLB,Bud Dupree,DuprAl00,LB,Rashaan Evans,EvanRa01,LB,Jayon Brown,BrowJa06,CB,Jackrabbit Jenkins,JenkJa03,CB,Kristian Fulton,FultKr00,FS,Kevin Byard,ByarKe01,DB,Amani Hooker,HookAm00,QB,Kyler Murray,MurrKy00,RB,Chase Edmonds,EdmoCh00,WR,DeAndre Hopkins,HopkDe00,WR,Rondale Moore,MoorRo02,TE,Demetrius Harris,HarrDe03,TE,Maxx Williams,WillMa04,OL,Josh Jones,JoneJo07,OT,Kelvin Beachum,BeacKe00,OT,D.J. Humphries,,OG,Justin Pugh,PughJu00,C,Rodney Hudson,HudsRo00,DE,J.J. Watt,,DE,Zach Allen,AlleZa01,DT,Rashard Lawrence,LawrRa01,OLB,Chandler Jones,JoneCh03,MLB,Jordan Hicks,HickJo00,LB,Zaven Collins,CollZa00,LB,Isaiah Simmons,SimmIs00,CB,Marco Wilson,WilsMa04,CB,Byron Murphy,MurpBy00,SS,Budda Baker,BakeBu00,S,Jalen Thompson,ThomJa04,Referee,Jerome Boger,Umpire,Barry Anderson,Down Judge,Frank LeBlanc,Line Judge,Rusty Baynes,Back Judge,Steve Patrick,Side Judge,Jonah Monroe,Field Judge,Steve Zimmer
202109120ram,2021-09-12,Sunday,8:20pm,Los Angeles Rams,Chicago Bears,ram,chi,34,14,Sean McVay,Matt Nagy,SoFi Stadium,70445,2:48,dome,matrixturf,,QB,Matthew Stafford,StafMa00,RB,Darrell Henderson,HendDa00,WR,Robert Woods,WoodRo02,WR,Cooper Kupp,KuppCo00,WR,Van Jefferson,JeffVa00,TE,Tyler Higbee,HigbTy00,OL,David Edwards,EdwaDa01,OL,Rob Havenstein,HaveRo00,OT,Andrew Whitworth,WhitAn20,G,Austin Corbett,CorbAu00,C,Brian Allen,AlleBr02,DT,Michael Hoecht,HoecMi00,DT,Greg Gaines,GainGr00,DT,Sebastian Joseph-Day,JoseSe00,DT,Aaron Donald,DonaAa00,OLB,Leonard Floyd,FloyLe00,LB,Kenny Young,YounKe03,CB,David Long,LongDa02,CB,Jalen Ramsey,RamsJa00,CB,Darious Williams,WillDa09,SAF,Jordan Fuller,FullJo01,SAF,Taylor Rapp,RappTa00,QB,Andy Dalton,DaltAn00,RB,David Montgomery,MontDa01,WR,Allen Robinson,RobiAl02,WR,Darnell Mooney,MoonDa00,TE,Jimmy Graham,GrahJi00,TE,Cole Kmet,KmetCo00,OL,James Daniels,DaniJa01,OL,Germain Ifedi,IfedGe00,OL,Sam Mustipher,MustSa01,OT,Jason Peters,PeteJa21,C,Cody Whitehair,WhitCo03,DT,Bilal Nichols,NichBi00,DT,Akiem Hicks,HickAk00,LB,Khalil Mack,MackKh00,LB,Alec Ogletree,OgleAl00,LB,Robert Quinn,QuinRo00,LB,Roquan Smith,SmitRo07,CB,Jaylon Johnson,JohnJa13,CB,Kindle Vildor,VildKi00,FS,Tashaun Gipson,GipsTa00,DB,Marqui Christian,ChriMa00,DB,Eddie Jackson,JackEd01,Referee,Brad Allen,Umpire,Bruce Stritesky,Down Judge,Danny Short,Line Judge,Daniel Gallagher,Back Judge,Greg Yette,Side Judge,Boris Cheek,Field Judge,Rick Patterson
202109120was,2021-09-12,Sunday,1:00pm,Washington Football Team,Los Angeles Chargers,was,sdg,16,20,Ron Rivera,Brandon Staley,FedExField,52753,2:55,outdoors,grass,"81 degrees, relative humidity 49%, wind 4 mph",QB,Ryan Fitzpatrick,FitzRy00,RB,Antonio Gibson,GibsAn00,WR,Dyami Brown,BrowDy00,WR,Terry McLaurin,McLaTe00,WR,Adam Humphries,HumpAd00,TE,Logan Thomas,ThomLo00,OL,Samuel Cosmi,CosmSa00,OT,Ereck Flowers,FlowEr00,OT,Charles Leno Jr.,LenoCh00,OG,Brandon Scherff,ScheBr00,C,Chase Roullier,RoulCh00,DE,Chase Young,YounCh04,DE,Montez Sweat,SweaMo00,DT,Daron Payne,PaynDa00,DT,Jonathan Allen,AlleJo01,LB,Cole Holcomb,HolcCo00,LB,Jonathan Bostic,BostJo00,CB,William Jackson III,JackWi02,CB,Bobby McCain,McCaBo01,CB,Kendall Fuller,FullKe00,S,Kamren Curl,CurlKa00,S,Landon Collins,CollLa00,QB,Justin Herbert,HerbJu00,RB,Austin Ekeler,EkelAu00,WR,Mike Williams,WillMi07,WR,Jalen Guyton,GuytJa01,WR,Keenan Allen,AlleKe00,TE,Jared Cook,CookJa02,OT,Bryan Bulaga,BulaBr20,OT,Rashawn Slater,SlatRa00,OG,Oday Aboushi,AbouOd00,OG,Matt Feiler,FeilMa00,C,Corey Linsley,LinsCo00,DE,Joey Bosa,BosaJo00,DT,Justin Jones,JoneJu03,DT,Linval Joseph,JoseLi99,DT,Jerry Tillery,TillJe00,LB,Kenneth Murray,MurrKe00,LB,Kyzir White,WhitKy00,CB,Chris Harris Jr.,HarrCh01,CB,Asante Samuel Jr.,SamuAs00,CB,Michael Davis,DaviMi03,S,Nasir Adderley,AddeNa00,S,Derwin James,JameDe00,Referee,Alex Kemp,Umpire,Rich Hall,Down Judge,Mike Carr,Line Judge,Jeff Bergman,Back Judge,Scott Helverson,Side Judge,Dale Shaw,Field Judge,John Jenkins
202109130rai,2021-09-13,Monday,8:15pm,Las Vegas Raiders,Baltimore Ravens,rai,rav,33,27,Jon Gruden,John Harbaugh,Allegiant Stadium,61756,3:40,dome,grass,,QB,Derek Carr,CarrDe02,RB,Josh Jacobs,JacoJo01,FB,Alec Ingold,IngoAl01,WR,Henry Ruggs III,RuggHe00,WR,Bryan Edwards,EdwaBr01,TE,Darren Waller,WallDa01,OL,Denzelle Good,GoodDe01,OT,Andre James,JameAn01,OT,Alex Leatherwood,LeatAl00,OT,Kolton Miller,MillKo00,G,John Simpson,SimpJo00,DE,Yannick Ngakoue,NgakYa00,DE,Maxx Crosby,CrosMa00,DT,Johnathan Hankins,HankJo00,DT,Quinton Jefferson,JeffQu00,LB,Cory Littleton,LittCo01,LB,Denzel Perryman,PerrDe00,CB,Casey Hayward,HaywCa00,CB,Nate Hobbs,HobbNa00,CB,Trayvon Mullen,MullTr00,S,Tre'von Moehrig,MoehTr00,S,Johnathan Abram,AbraJo01,QB,Lamar Jackson,JackLa00,RB,Ty'Son Williams,WillTy01,WR,Sammy Watkins,WatkSa00,WR,Marquise Brown,BrowMa04,WR,Devin Duvernay,DuveDe00,TE,Mark Andrews,AndrMa00,OL,Bradley Bozeman,BozeBr00,OT,Alejandro Villanueva,VillAl00,OT,Ronnie Stanley,StanRo00,OG,Kevin Zeitler,ZeitKe00,OG,Tyre Phillips,PhilTy00,DE,Calais Campbell,CampCa99,DT,Nnamdi Madubuike,MaduJu00,NT,Brandon Williams,WillBr02,OLB,Justin Houston,HousJu00,OLB,Tyus Bowser,BowsTy00,LB,Malik Harrison,HarrMa06,LB,Patrick Queen,QueePa00,CB,Marlon Humphrey,HumpMa00,CB,Anthony Averett,AverAn00,S,DeShon Elliott,ElliDe02,S,Chuck Clark,ClarCh00,Referee,Shawn Smith,Umpire,Bryan Neale,Down Judge,Mark Hittner,Line Judge,Michael Dolce,Back Judge,Dino Paganelli,Side Judge,Dave Hawkshaw,Field Judge,Dyrol Prioleau
202109160was,2021-09-16,Thursday,8:20pm,Washington Football Team,New York Giants,was,nyg,30,29,Ron Rivera,Joe Judge,FedExField,50118,3:19,outdoors,grass,"71 degrees, relative humidity 94%, no wind",QB,Taylor Heinicke,HeinTa00,RB,Antonio Gibson,GibsAn00,WR,Dyami Brown,BrowDy00,WR,Terry McLaurin,McLaTe00,WR,Adam Humphries,HumpAd00,TE,Logan Thomas,ThomLo00,OL,Samuel Cosmi,CosmSa00,T,Ereck Flowers,FlowEr00,T,Charles Leno Jr.,LenoCh00,G,Brandon Scherff,ScheBr00,C,Chase Roullier,RoulCh00,DE,Chase Young,YounCh04,DE,Montez Sweat,SweaMo00,DT,Matthew Ioannidis,IoanMa01,DT,Daron Payne,PaynDa00,DT,Jonathan Allen,AlleJo01,LB,Cole Holcomb,HolcCo00,LB,Jonathan Bostic,BostJo00,CB,William Jackson III,JackWi02,CB,Kendall Fuller,FullKe00,SAF,Kamren Curl,CurlKa00,SAF,Landon Collins,CollLa00,QB,Daniel Jones,JoneDa05,RB,Saquon Barkley,BarkSa00,WR,Kenny Golladay,GollKe00,WR,Sterling Shepard,ShepSt00,TE,Kaden Smith,SmitKa00,TE,Kyle Rudolph,RudoKy00,OL,Billy Price,PricBi01,T,Andrew Thomas,ThomAn02,T,Nate Solder,SoldNa00,G,Will Hernandez,HernWi00,C,Nick Gates,GateNi00,DE,Leonard Williams,WillLe02,DT,Austin Johnson,JohnAu01,LB,Blake Martinez,MartBl01,LB,Azeez Ojulari,OjulAz00,LB,Tae Crowder,CrowTa00,LB,Lorenzo Carter,CartLo01,CB,Darnay Holmes,HolmDa01,CB,James Bradberry,BradJa00,SAF,Jabrill Peppers,PeppJa00,DB,Logan Ryan,RyanLo00,DB,Adoree' Jackson,JackAd00,Referee,Scott Novak,Umpire,Ramon George,Down Judge,Derick Bowers,Line Judge,Walt Coleman IV,Back Judge,Terrence Miles,Side Judge,David Meslow,Field Judge,Mike Weatherford
202109190car,2021-09-19,Sunday,1:00pm,Carolina Panthers,New Orleans Saints,car,nor,26,7,Matt Rhule,Sean Payton,Bank of America Stadium,70675,3:08,outdoors,grass,"83 degrees, relative humidity 65%, wind 4 mph",QB,Sam Darnold,DarnSa00,RB,Christian McCaffrey,McCaCh01,WR,Robbie Chosen,AndeRo04,WR,D.J. Moore,,WR,Terrace Marshall Jr.,MarsTe00,TE,Tommy Tremble,TremTo00,T,Taylor Moton,MotoTa00,T,Cameron Erving,ErviCa00,G,Pat Elflein,ElflPa00,G,John Miller,MillJo04,C,Matt Paradis,ParaMa00,DE,Brian Burns,BurnBr00,DE,Morgan Fox,FoxxMo00,DT,Derrick Brown,BrowDe05,DT,DaQuan Jones,JoneDa04,OLB,Haason Reddick,ReddHa00,LB,Jermaine Carter Jr.,CartJe00,LB,Shaq Thompson,ThomSh01,CB,Donte Jackson,JackDo02,CB,Jaycee Horn,HornJa00,S,Jeremy Chinn,ChinJe00,S,Juston Burris,BurrJu00,QB,Jameis Winston,WinsJa00,RB,Alvin Kamara,KamaAl00,RB,Tony Jones,JoneTo04,WR,Ty Montgomery,MontTy01,WR,Chris Hogan,HogaCh00,TE,Taysom Hill,HillTa00,OL,Calvin Throckmorton,ThroCa01,OL,Cesar Ruiz,RuizCe00,OL,Andrus Peat,PeatAn00,T,Ryan Ramczyk,RamcRy00,T,Terron Armstead,ArmsTe00,DE,Cameron Jordan,JordCa00,DE,Carl Granderson,GranCa01,DT,Christian Ringo,RingCh00,DT,Shy Tuttle,TuttSh00,LB,Zack Baun,BaunZa00,LB,Demario Davis,DaviDe00,CB,Paulson Adebo,AdebPa00,CB,Bradley Roby,RobyBr00,CB,P.J. Williams,,SS,Malcolm Jenkins,JenkMa99,S,Marcus Williams,WillMa06,Referee,Ron Torbert,Umpire,Mark Pellis,Down Judge,Kevin Codey,Line Judge,Mark Steinkerchner,Back Judge,Tony Josselyn,Side Judge,Keith Washington,Field Judge,Ryan Dickson
202109190chi,2021-09-19,Sunday,1:00pm,Chicago Bears,Cincinnati Bengals,chi,cin,20,17,Matt Nagy,Zac Taylor,Soldier Field,60840,2:55,outdoors,grass,"80 degrees, relative humidity 52%, no wind",QB,Andy Dalton,DaltAn00,RB,David Montgomery,MontDa01,WR,Allen Robinson,RobiAl02,WR,Darnell Mooney,MoonDa00,TE,Jesse James,JameJe00,TE,Cole Kmet,KmetCo00,OL,Cody Whitehair,WhitCo03,OL,Jason Peters,PeteJa21,OL,Sam Mustipher,MustSa01,OL,Germain Ifedi,IfedGe00,OL,James Daniels,DaniJa01,DT,Bilal Nichols,NichBi00,DT,Akiem Hicks,HickAk00,LB,Khalil Mack,MackKh00,LB,Alec Ogletree,OgleAl00,LB,Robert Quinn,QuinRo00,LB,Roquan Smith,SmitRo07,DB,Jaylon Johnson,JohnJa13,DB,Eddie Jackson,JackEd01,DB,Tashaun Gipson,GipsTa00,DB,Duke Shelley,ShelDu00,DB,Kindle Vildor,VildKi00,QB,Joe Burrow,BurrJo01,RB,Joe Mixon,MixoJo00,WR,Tyler Boyd,BoydTy00,WR,Ja'Marr Chase,ChasJa00,WR,Tee Higgins,HiggTe00,TE,C.J. Uzomah,,OT,Jonah Williams,WillJo10,OT,Riley Reiff,ReifRi00,OG,Quinton Spain,SpaiQu00,G,Xavier Su'a-Filo,Sua-Xa00,C,Trey Hopkins,HopkTr01,DE,Sam Hubbard,HubbSa00,DT,Josh Tupou,TupoJo00,DT,Larry Ogunjobi,OgunLa00,DT,D.J. Reader,,LB,Logan Wilson,WilsLo00,LB,Germaine Pratt,PratGe00,CB,Mike Hilton,HiltMi01,CB,Chidobe Awuzie,AwuzCh00,CB,Eli Apple,ApplEl00,SAF,Vonn Bell,BellVo00,SAF,Jessie Bates III,BateJe00,Referee,Land Clark,Umpire,Paul King,Down Judge,Tom Stephan,Line Judge,Brian Bolinger,Back Judge,Greg Meyer,Side Judge,Anthony Flemming,Field Judge,Michael Banks
202109190cle,2021-09-19,Sunday,1:00pm,Cleveland Browns,Houston Texans,cle,htx,31,21,Kevin Stefanski,David Culley,FirstEnergy Stadium,67431,3:01,outdoors,grass,"75 degrees, relative humidity 66%, wind 12 mph",QB,Baker Mayfield,MayfBa00,RB,Nick Chubb,ChubNi00,FB,Andy Janovich,JanoAn00,WR,Jarvis Landry,LandJa00,TE,Austin Hooper,HoopAu00,TE,David Njoku,NjokDa00,OT,Jack Conklin,ConkJa00,OT,Jedrick Wills Jr.,WillJe04,OG,Joel Bitonio,BitoJo00,G,Wyatt Teller,TellWy00,C,J.C. Tretter,TretJC00,DE,Myles Garrett,GarrMy00,DE,Jadeveon Clowney,ClowJa00,DT,Malik McDowell,McDoMa00,DT,Malik Jackson,JackMa02,LB,Malcolm Smith,SmitMa02,LB,Sione Takitaki,TakiSi00,LB,Mack Wilson,WilsMa03,CB,Greg Newsome II,NewsGr00,CB,Denzel Ward,WardDe02,S,John Johnson,JohnJo10,S,Ronnie Harrison,HarrRo02,QB,Tyrod Taylor,TaylTy00,RB,Mark Ingram,IngrMa01,WR,Nico Collins,CollNi00,WR,Brandin Cooks,CookBr00,TE,Jordan Akins,AkinJo00,TE,Pharaoh Brown,BrowPh01,OL,Justin Britt,BritJu00,OL,Laremy Tunsil,TunsLa00,OL,Max Scharping,SchaMa01,OL,Tytus Howard,HowaTy00,OL,Marcus Cannon,CannMa00,DE,Whitney Mercilus,MercWh00,DE,Charles Omenihu,OmenCh00,DT,Roy Lopez,LopeRo00,DT,Maliek Collins,CollMa00,LB,Christian Kirksey,KirkCh00,LB,Kamu Grugier-Hill,GrugKa00,LB,Joe Thomas,ThomJo04,DB,Vernon Hargreaves III,HargVe00,DB,Terrance Mitchell,MitcTe00,DB,Eric Murray,MurrEr00,DB,Justin Reid,ReidJu00,Referee,Brad Rogers,Umpire,Carl Paganelli,Down Judge,Kent Payne,Line Judge,Tom Eaton,Back Judge,Greg Steed,Side Judge,Dominique Pender,Field Judge,Aaron Santi
202109190clt,2021-09-19,Sunday,1:00pm,Indianapolis Colts,Los Angeles Rams,clt,ram,24,27,Frank Reich,Sean McVay,Lucas Oil Stadium,63076,2:58,retractable roof (closed),fieldturf,,QB,Carson Wentz,WentCa00,RB,Jonathan Taylor,TaylJo02,WR,Ashton Dulin,DuliAs00,WR,Michael Pittman Jr.,PittMi01,WR,Zach Pascal,PascZa00,TE,Jack Doyle,DoylJa00,T,Julién Davenport,DaveJu00,T,Eric Fisher,FishEr00,G,Mark Glowinski,GlowMa00,G,Quenton Nelson,NelsQu00,C,Ryan Kelly,KellRy00,DE,Al-Quadin Muhammad,MuhaAl00,DE,Kwity Paye,PayeKw00,DT,DeForest Buckner,BuckDe00,DT,Grover Stewart,StewGr00,LB,Bobby Okereke,OkerBo00,LB,Shaquille Leonard,LeonDa00,CB,Kenny Moore,MoorKe03,CB,T.J. Carrie,CarrTr00,CB,Rock Ya-Sin,Ya-SRo00,S,Julian Blackmon,BlacJu01,S,Khari Willis,WillKh00,QB,Matthew Stafford,StafMa00,RB,Darrell Henderson,HendDa00,WR,Robert Woods,WoodRo02,WR,Van Jefferson,JeffVa00,WR,Cooper Kupp,KuppCo00,TE,Tyler Higbee,HigbTy00,T,Andrew Whitworth,WhitAn20,T,Rob Havenstein,HaveRo00,G,Austin Corbett,CorbAu00,G,David Edwards,EdwaDa01,C,Brian Allen,AlleBr02,DT,Sebastian Joseph-Day,JoseSe00,DT,A'Shawn Robinson,RobiAS00,DT,Aaron Donald,DonaAa00,OLB,Leonard Floyd,FloyLe00,LB,Justin Hollins,HollJu00,LB,Kenny Young,YounKe03,CB,David Long,LongDa02,CB,Jalen Ramsey,RamsJa00,CB,Darious Williams,WillDa09,S,Taylor Rapp,RappTa00,S,Jordan Fuller,FullJo01,Referee,Shawn Smith,Umpire,Bryan Neale,Down Judge,Mark Hittner,Line Judge,Michael Dolce,Back Judge,Dino Paganelli,Side Judge,Dave Hawkshaw,Field Judge,Dyrol Prioleau
202109190crd,2021-09-19,Sunday,4:05pm,Arizona Cardinals,Minnesota Vikings,crd,min,34,33,Kliff Kingsbury,Mike Zimmer,State Farm Stadium,60115,3:13,retractable roof (closed),grass,,QB,Kyler Murray,MurrKy00,RB,Chase Edmonds,EdmoCh00,WR,DeAndre Hopkins,HopkDe00,WR,Christian Kirk,KirkCh01,WR,Rondale Moore,MoorRo02,TE,Maxx Williams,WillMa04,OL,Kelvin Beachum,BeacKe00,OL,Justin Pugh,PughJu00,OL,Rodney Hudson,HudsRo00,OL,D.J. Humphries,,OL,Josh Jones,JoneJo07,DE,Zach Allen,AlleZa01,DE,J.J. Watt,,DT,Corey Peters,PeteCo00,OLB,Chandler Jones,JoneCh03,MLB,Jordan Hicks,HickJo00,LB,Isaiah Simmons,SimmIs00,CB,Byron Murphy,MurpBy00,CB,Robert Alford,AlfoRo00,CB,Marco Wilson,WilsMa04,SAF,Jalen Thompson,ThomJa04,SAF,Budda Baker,BakeBu00,QB,Kirk Cousins,CousKi00,RB,Dalvin Cook,CookDa01,WR,Adam Thielen,ThieAd00,WR,K.J. Osborn,OsboKJ00,WR,Justin Jefferson,JeffJu00,TE,Tyler Conklin,ConkTy00,T,Rashod Hill,HillRa01,T,Brian O'Neill,ONeiBr00,G,Oli Udoh,UdohOl01,G,Ezra Cleveland,ClevEz00,C,Garrett Bradbury,BradGa00,DE,Danielle Hunter,HuntDa01,DE,D.J. Wonnum,WonnDJ00,DT,Michael Pierce,PierMi00,DT,Dalvin Tomlinson,TomlDa00,LB,Eric Kendricks,KendEr00,LB,Nick Vigil,VigiNi00,CB,Patrick Peterson,PetePa00,CB,Bashaud Breeland,BreeBa00,CB,Mackensie Alexander,AlexMa01,SAF,Harrison Smith,SmitHa00,SAF,Xavier Woods,WoodXa00,Referee,Bill Vinovich,Umpire,Tony Michalek,Down Judge,Patrick Holt,Line Judge,Mark Perlman,Back Judge,Jimmy Russell,Side Judge,Jimmy Buchanan,Field Judge,Joe Blubaugh
202109190jax,2021-09-19,Sunday,1:00pm,Jacksonville Jaguars,Denver Broncos,jax,den,13,23,Urban Meyer,Vic Fangio,TIAA Bank Stadium,58461,3:06,outdoors,grass,"80 degrees, relative humidity 87%, wind 7 mph",QB,Trevor Lawrence,LawrTr00,RB,James Robinson,RobiJa00,WR,DJ Chark,CharDJ00,WR,Marvin Jones,JoneMa02,TE,Chris Manhertz,ManhCh00,TE,James O'Shaughnessy,O'ShJa00,OL,Jawaan Taylor,TaylJa02,OL,A.J. Cann,,OL,Cam Robinson,RobiCa00,OL,Brandon Linder,LindBr00,OL,Andrew Norwell,NorwAn01,DE,Josh Hines-Allen,AlleJo03,DE,Dawuane Smoot,SmooDa00,DE,Roy Robertson-Harris,RobeRo00,DT,Malcom Brown,BrowMa01,LB,Myles Jack,JackMy00,LB,Damien Wilson,WilsDa02,CB,C.J. Henderson,HendCJ00,CB,Shaquill Griffin,GrifSh00,CB,Tyson Campbell,CampTy01,S,Rayshawn Jenkins,JenkRa00,S,Andrew Wingard,WingAn01,QB,Teddy Bridgewater,BridTe00,RB,Melvin Gordon,GordMe00,WR,Courtland Sutton,SuttCo00,WR,Tim Patrick,PatrTi00,WR,KJ Hamler,HamlKJ00,TE,Noah Fant,FantNo00,OT,Garett Bolles,BollGa00,T,Bobby Massie,MassBo00,G,Netane Muti,MutiNe00,G,Dalton Risner,RisnDa00,C,Lloyd Cushenberry III,CushLl00,DE,Shelby Harris,HarrSh00,DE,Dre'Mont Jones,JoneDr00,NT,Mike Purcell,PurcMi00,OLB,Von Miller,MillVo00,OLB,Bradley Chubb,ChubBr00,LB,Josey Jewell,JeweJo00,LB,Alexander Johnson,JohnAl01,CB,Patrick Surtain II,SurtPa01,CB,Kyle Fuller,FullKy00,S,Kareem Jackson,JackKa99,S,Justin Simmons,SimmJu00,Referee,Clay Martin,Umpire,Fred Bryan,Down Judge,Jerod Phillips,Line Judge,Maia Chaka,Back Judge,Greg Wilson,Side Judge,Joe Larrew,Field Judge,James Coleman
202109190mia,2021-09-19,Sunday,1:00pm,Miami Dolphins,Buffalo Bills,mia,buf,0,35,Brian Flores,Sean McDermott,Hard Rock Stadium,65040,3:18,outdoors,grass,"89 degrees, relative humidity 59%, wind 7 mph",QB,Tua Tagovailoa,TagoTu00,RB,Myles Gaskin,GaskMy00,WR,Jaylen Waddle,WaddJa00,WR,DeVante Parker,ParkDe01,TE,Cethan Carter,CartCe00,TE,Durham Smythe,SmytDu00,OL,Jesse Davis,DaviJe00,OL,Michael Deiter,DeitMi00,OL,Robert Hunt,HuntRo01,OT,Austin Jackson,JackAu00,G,Solomon Kindley,KindSo00,DE,Emmanuel Ogbah,OgbaEm00,DT,Adam Butler,ButlAd00,DT,Christian Wilkins,WilkCh00,LB,Andrew Van Ginkel,VanGAn00,LB,Jerome Baker,BakeJe00,CB,Byron Jones,JoneBy00,CB,Xavien Howard,HowaXa00,CB,Justin Coleman,ColeJu01,DB,Jason McCourty,McCoJa99,S,Brandon Jones,JoneBr06,S,Jevon Holland,HollJe02,QB,Josh Allen,AlleJo02,RB,Devin Singletary,SingDe00,WR,Cole Beasley,BeasCo00,WR,Stefon Diggs,DiggSt00,WR,Emmanuel Sanders,SandEm00,TE,Dawson Knox,KnoxDa00,OL,Daryl Williams,WillDa06,OL,Cody Ford,FordCo00,OT,Dion Dawkins,DawkDi00,OG,Jon Feliciano,FeliJo00,C,Mitch Morse,MorsMi00,DE,Jerry Hughes,HughJe99,DE,Gregory Rousseau,RousGr00,DT,Star Lotulelei,LotuSt00,DT,Ed Oliver,OlivEd00,LB,Matt Milano,MilaMa00,LB,Tremaine Edmunds,EdmuTr01,CB,Taron Johnson,JohnTa01,CB,Levi Wallace,WallLe00,CB,Tre'Davious White,WhitTr01,S,Micah Hyde,HydeMi00,S,Jordan Poyer,PoyeJo00,Referee,Craig Wrolstad,Umpire,Steve Woods,Down Judge,Jim Mello,Line Judge,Tripp Sutter,Back Judge,Grantis Bell,Side Judge,Jeff Lamberth,Field Judge,Terry Brown
202109190nyj,2021-09-19,Sunday,1:00pm,New York Jets,New England Patriots,nyj,nwe,6,25,Robert Saleh,Bill Belichick,MetLife Stadium,75626,2:58,outdoors,fieldturf,"72 degrees, relative humidity 49%, wind 13 mph",QB,Zach Wilson,WilsZa00,RB,Ty Johnson,JohnTy02,WR,Corey Davis,DaviCo03,WR,Elijah Moore,MoorEl00,TE,Ryan Griffin,GrifRy00,TE,Tyler Kroft,KrofTy00,OL,Connor McGovern,McGoCo00,OL,Morgan Moses,MoseMo00,OL,Alijah Vera-Tucker,VeraAl00,OT,George Fant,FantGe00,OG,Greg Van Roten,VanRGr00,DE,Bryce Huff,HuffBr00,DT,John Franklin-Myers,FranJo02,DT,Quinnen Williams,WillQu00,DT,Folorunso Fatukasi,FatuFo00,LB,Quincy Williams,WillQu01,LB,C.J. Mosley,,LB,Hamsah Nasirildeen,NasiHa00,CB,Brandin Echols,EchoBr00,CB,Bryce Hall,HallBr02,S,Marcus Maye,MayeMa00,S,Adrian Colbert,ColbAd00,QB,Mac Jones,JoneMa05,RB,Damien Harris,HarrDa06,FB,Jakob Johnson,JohnJa12,WR,Nelson Agholor,AghoNe00,WR,Jakobi Meyers,MeyeJa01,TE,Hunter Henry,HenrHu00,OL,Isaiah Wynn,WynnIs00,OL,Michael Onwenu,OnweMi00,OL,Shaq Mason,MasoSh01,G,Yasir Durant,DuraYa01,C,David Andrews,AndrDa00,DE,Deatrich Wise Jr.,WiseDe00,DT,Lawrence Guy,GuyxLa00,DT,Davon Godchaux,GodcDa00,LB,Dont'a Hightower,HighDo01,LB,Matt Judon,JudoMa00,LB,Ja'Whaun Bentley,BentJa00,CB,Jalen Mills,MillJa02,DB,J.C. Jackson,,DB,Devin McCourty,McCoDe99,DB,Kyle Dugger,DuggKy00,DB,Adrian Phillips,PhilAd00,Referee,Shawn Hochuli,Umpire,Terry Killens,Down Judge,Ed Camp,Line Judge,Greg Bradley,Back Judge,Rich Martinez,Side Judge,Chad Hill,Field Judge,Tom Hill
202109190phi,2021-09-19,Sunday,1:00pm,Philadelphia Eagles,San Francisco 49ers,phi,sfo,11,17,Nick Sirianni,Kyle Shanahan,Lincoln Financial Field,69796,3:01,outdoors,grass,"76 degrees, relative humidity 42%, wind 13 mph",QB,Jalen Hurts,HurtJa00,RB,Miles Sanders,SandMi01,WR,DeVonta Smith,SmitDe07,WR,Jalen Reagor,ReagJa00,TE,Zach Ertz,ErtzZa00,TE,Dallas Goedert,GoedDa00,T,Jordan Mailata,MailJo00,T,Lane Johnson,JohnLa01,G,Brandon Brooks,BrooBr00,G,Isaac Seumalo,SeumIs00,C,Jason Kelce,KelcJa00,DE,Derek Barnett,BarnDe01,DE,Brandon Graham,GrahBr99,DT,Javon Hargrave,HargJa00,DT,Fletcher Cox,CoxxFl00,LB,T.J. Edwards,EdwaTJ02,LB,Alex Singleton,SingAl00,LB,Genard Avery,AverGe00,CB,Steven Nelson,NelsSt01,CB,Darius Slay,SlayDa00,SAF,Anthony Harris,HarrAn01,SAF,K'Von Wallace,WallKV00,QB,Jimmy Garoppolo,GaroJi00,RB,Elijah Mitchell,MitcEl00,FB,Kyle Juszczyk,JuszKy00,WR,Deebo Samuel,SamuDe00,WR,Brandon Aiyuk,AiyuBr00,TE,George Kittle,KittGe00,OL,Daniel Brunskill,BrunDa00,OL,Laken Tomlinson,TomlLa01,T,Trent Williams,WillTr21,T,Mike McGlinchey,McGlMi00,C,Alex Mack,MackAl20,DE,Nick Bosa,BosaNi00,DE,Arik Armstead,ArmsAr01,DT,D.J. Jones,,DT,Javon Kinlaw,KinlJa00,LB,Fred Warner,WarnFr00,LB,Azeez Al-Shaair,AlShAz00,LB,Marcell Harris,HarrMa03,CB,Josh Norman,NormJo01,SAF,Jaquiski Tartt,TartJa00,DB,Jimmie Ward,WardJi01,DB,Deommodore Lenoir,LenoDe00,Referee,Brad Allen,Umpire,Bruce Stritesky,Down Judge,Danny Short,Line Judge,Daniel Gallagher,Back Judge,Greg Yette,Side Judge,Boris Cheek,Field Judge,Rick Patterson
202109190pit,2021-09-19,Sunday,1:00pm,Pittsburgh Steelers,Las Vegas Raiders,pit,rai,17,26,Mike Tomlin,Jon Gruden,Heinz Field,63707,3:08,outdoors,grass,"77 degrees, relative humidity 60%, wind 4 mph",QB,Ben Roethlisberger,RoetBe00,RB,Najee Harris,HarrNa00,WR,Chase Claypool,ClayCh01,WR,JuJu Smith-Schuster,SmitJu00,WR,Diontae Johnson,JohnDi01,TE,Pat Freiermuth,FreiPa00,OL,Kevin Dotson,DotsKe00,OL,Chukwuma Okorafor,OkorCh00,OT,Dan Moore,MoorDa05,G,Trai Turner,TurnTr01,C,Kendrick Green,GreeKe02,DE,Tyson Alualu,AluaTy99,DT,Cameron Heyward,HeywCa01,DT,Chris Wormley,WormCh00,LB,Alex Highsmith,HighAl02,LB,Joe Schobert,SchoJo00,LB,Robert Spillane,SpilRo00,LB,T.J. Watt,,CB,James Pierre,PierJa01,CB,Cameron Sutton,SuttCa00,SAF,Minkah Fitzpatrick,FitzMi00,SAF,Terrell Edmunds,EdmuTe00,QB,Derek Carr,CarrDe02,RB,Kenyan Drake,DrakKe00,WR,Henry Ruggs III,RuggHe00,TE,Derek Carrier,CarrDe00,TE,Darren Waller,WallDa01,TE,Foster Moreau,MoreFo00,OL,Jermaine Eluemunor,ElueJe00,T,Alex Leatherwood,LeatAl00,T,Kolton Miller,MillKo00,G,John Simpson,SimpJo00,C,Andre James,JameAn01,DE,Yannick Ngakoue,NgakYa00,DE,Maxx Crosby,CrosMa00,DT,Johnathan Hankins,HankJo00,DT,Quinton Jefferson,JeffQu00,LB,Cory Littleton,LittCo01,LB,Denzel Perryman,PerrDe00,CB,Casey Hayward,HaywCa00,CB,Nate Hobbs,HobbNa00,CB,Trayvon Mullen,MullTr00,SAF,Tre'von Moehrig,MoehTr00,SAF,Johnathan Abram,AbraJo01,Referee,Jerome Boger,Umpire,Barry Anderson,Down Judge,Frank LeBlanc,Line Judge,Rusty Baynes,Back Judge,Steve Patrick,Side Judge,Jonah Monroe,Field Judge,Steve Zimmer
202109190rav,2021-09-19,Sunday,8:20pm,Baltimore Ravens,Kansas City Chiefs,rav,kan,36,35,John Harbaugh,Andy Reid,M&amp;T Bank Stadium,70417,3:02,outdoors,grass,"82 degrees, relative humidity 38%, wind 8 mph",QB,Lamar Jackson,JackLa00,RB,Ty'Son Williams,WillTy01,FB,Patrick Ricard,RicaPa00,WR,Marquise Brown,BrowMa04,WR,Sammy Watkins,WatkSa00,WR,Devin Duvernay,DuveDe00,OL,Bradley Bozeman,BozeBr00,OL,Patrick Mekari,MekaPa00,OT,Alejandro Villanueva,VillAl00,OG,Kevin Zeitler,ZeitKe00,G,Ben Powers,PoweBe00,DE,Calais Campbell,CampCa99,DT,Brandon Williams,WillBr02,OLB,Justin Houston,HousJu00,OLB,Tyus Bowser,BowsTy00,LB,Malik Harrison,HarrMa06,LB,Patrick Queen,QueePa00,CB,Marlon Humphrey,HumpMa00,CB,Tavon Young,YounTa01,CB,Anthony Averett,AverAn00,SAF,DeShon Elliott,ElliDe02,SAF,Chuck Clark,ClarCh00,QB,Patrick Mahomes,MahoPa00,RB,Clyde Edwards-Helaire,EdwaCl00,WR,Demarcus Robinson,RobiDe01,WR,Mecole Hardman,HardMe00,WR,Tyreek Hill,HillTy00,TE,Travis Kelce,KelcTr00,OL,Joe Thuney,ThunJo00,OL,Trey Smith,SmitTr05,OL,Lucas Niang,NianLu00,OL,Creed Humphrey,HumpCr00,T,Orlando Brown Jr.,BrowOr00,DE,Frank Clark,ClarFr01,DT,Chris Jones,JoneCh09,DT,Derrick Nnadi,NnadDe00,DT,Jarran Reed,ReedJa02,LB,Nick Bolton,BoltNi00,LB,Anthony Hitchens,HitcAn00,LB,Ben Niemann,NiemBe00,CB,Charvarius Ward,WardCh01,CB,L'Jarius Sneed,SneeLJ00,SAF,Daniel Sorensen,SoreDa01,SAF,Tyrann Mathieu,MathTy00,Referee,Clete Blakeman,Umpire,Tab Slaughter,Down Judge,Dana McKenzie,Line Judge,Julian Mapp,Back Judge,Perry Paganelli,Side Judge,Clay Reynard,Field Judge,Scott Edwards
202109190sdg,2021-09-19,Sunday,4:25pm,Los Angeles Chargers,Dallas Cowboys,sdg,dal,17,20,Brandon Staley,Mike McCarthy,SoFi Stadium,70240,2:53,dome,matrixturf,,QB,Justin Herbert,HerbJu00,RB,Austin Ekeler,EkelAu00,WR,Mike Williams,WillMi07,WR,Keenan Allen,AlleKe00,TE,Jared Cook,CookJa02,TE,Donald Parham,ParhDo00,T,Rashawn Slater,SlatRa00,T,Storm Norton,NortSt00,G,Matt Feiler,FeilMa00,G,Oday Aboushi,AbouOd00,C,Corey Linsley,LinsCo00,DT,Linval Joseph,JoseLi99,DT,Jerry Tillery,TillJe00,DT,Christian Covington,CoviCh00,OLB,Uchenna Nwosu,NwosUc00,OLB,Joey Bosa,BosaJo00,LB,Kenneth Murray,MurrKe00,LB,Kyzir White,WhitKy00,CB,Michael Davis,DaviMi03,CB,Asante Samuel Jr.,SamuAs00,S,Derwin James,JameDe00,S,Nasir Adderley,AddeNa00,QB,Dak Prescott,PresDa01,RB,Ezekiel Elliott,ElliEz00,WR,Amari Cooper,CoopAm00,WR,CeeDee Lamb,LambCe00,TE,Dalton Schultz,SchuDa00,TE,Blake Jarwin,JarwBl00,T,Terence Steele,SteeTe01,T,Tyron Smith,SmitTy00,G,Zack Martin,MartZa00,G,Connor Williams,WillCo00,C,Tyler Biadasz,BiadTy00,DE,Dorance Armstrong Jr.,ArmsDo00,DE,Carlos Watkins,WatkCa00,DT,Osa Odighizuwa,OdigOs00,LB,Micah Parsons,ParsMi00,LB,Jaylon Smith,SmitJa05,LB,Leighton Vander Esch,VandLe00,CB,Trevon Diggs,DiggTr00,CB,Anthony Brown,BrowAn02,S,Jayron Kearse,KearJa00,S,Damontae Kazee,KazeDa00,S,Malik Hooker,HookMa00,Referee,Tony Corrente,Umpire,Dan Ferrell,Down Judge,Patrick Turner,Line Judge,Tim Podraza,Back Judge,Todd Prukop,Side Judge,Don Willard,Field Judge,Anthony Jefferies
202109190sea,2021-09-19,Sunday,4:25pm,Seattle Seahawks,Tennessee Titans,sea,oti,30,33,Pete Carroll,Mike Vrabel,Lumen Field,68585,3:27,outdoors,fieldturf,"62 degrees, relative humidity 70%, wind 14 mph",QB,Russell Wilson,WilsRu00,RB,Chris Carson,CarsCh00,WR,D.K. Metcalf,MetcDK00,WR,Tyler Lockett,LockTy00,TE,Will Dissly,DissWi00,TE,Gerald Everett,EverGe00,OL,Kyle Fuller,FullKy01,T,Duane Brown,BrowDu20,T,Brandon Shell,ShelBr00,OG,Gabe Jackson,JackGa00,G,Damien Lewis,LewiDa05,DE,Benson Mayowa,MayoBe00,DE,Rasheem Green,GreeRa01,DE,Kerry Hyder,HydeKe01,DT,Al Woods,WoodAl99,DT,Poona Ford,FordPo00,LB,Bobby Wagner,WagnBo00,LB,Jordyn Brooks,BrooJo01,CB,Tre Flowers,FlowTr01,CB,D.J. Reed,,SS,Jamal Adams,AdamJa00,FS,Quandre Diggs,DiggQu00,QB,Ryan Tannehill,TannRy00,RB,Derrick Henry,HenrDe00,FB,Khari Blasingame,BlasKh00,WR,A.J. Brown,BrowAJ00,WR,Julio Jones,JoneJu02,TE,Geoff Swaim,SwaiGe00,OL,David Quessenberry,QuesDa00,T,Ty Sambrailo,SambTy00,G,Nate Davis,DaviNa01,G,Rodger Saffold,SaffRo20,C,Ben Jones,JoneBe01,DT,Teair Tart,TartTe00,DT,Jeffery Simmons,SimmJe01,DT,Larrell Murchison,MurcLa00,OLB,Harold Landry,LandHa00,OLB,Bud Dupree,DuprAl00,LB,David Long,LongDa04,LB,Rashaan Evans,EvanRa01,CB,Jackrabbit Jenkins,JenkJa03,CB,Kristian Fulton,FultKr00,SAF,Bradley McDougald,McDoBr01,SAF,Kevin Byard,ByarKe01,Referee,John Hussey,Umpire,Alan Eck,Down Judge,Sarah Thomas,Line Judge,Carl Johnson,Back Judge,Brad Freeman,Side Judge,Allen Baynes,Field Judge,Jabir Walker
202109190tam,2021-09-19,Sunday,4:05pm,Tampa Bay Buccaneers,Atlanta Falcons,tam,atl,48,25,Bruce Arians,Arthur Smith,Raymond James Stadium,63694,3:10,outdoors,grass,"85 degrees, relative humidity 72%, no wind",QB,Tom Brady,BradTo00,RB,Ronald Jones II,JoneRo01,WR,Mike Evans,EvanMi00,WR,Chris Godwin,GodwCh00,TE,O.J. Howard,,TE,Rob Gronkowski,GronRo00,T,Tristan Wirfs,WirfTr00,T,Donovan Smith,SmitDo02,G,Ali Marpet,MarpAl00,G,Alex Cappa,CappAl00,C,Ryan Jensen,JensRy00,DE,William Gholston,GholWi00,DT,Ndamukong Suh,SuhxNd99,DT,Vita Vea,VeaxVi00,OLB,Jason Pierre-Paul,PierJa99,OLB,Shaquil Barrett,BarrSh00,MLB,Lavonte David,DaviLa00,LB,Devin White,WhitDe02,CB,Jamel Dean,DeanJa00,CB,Carlton Davis,DaviCa02,SAF,Jordan Whitehead,WhitJo03,SAF,Antoine Winfield Jr.,WinfAn00,QB,Matt Ryan,RyanMa00,RB,Mike Davis,DaviMi01,FB,Keith Smith,SmitKe03,WR,Calvin Ridley,RidlCa00,TE,Lee Smith,SmitLe00,TE,Kyle Pitts,PittKy00,OL,Jalen Mayfield,MayfJa00,OL,Matt Hennessy,HennMa00,T,Jake Matthews,MattJa00,T,Kaleb McGary,McGaKa00,G,Chris Lindstrom,LindCh00,DE,Jonathan Bullard,BullJo00,DT,Grady Jarrett,JarrGr00,DT,Tyeler Davison,DaviTy01,OLB,Steven Means,MeanSt00,OLB,Dante Fowler,FowlDa00,MLB,Deion Jones,JoneDe01,MLB,Foyesade Oluokun,OluoFo00,CB,Fabian Moreau,MoreFa00,CB,AJ Terrell,TerrAJ00,SAF,Erik Harris,HarrEr00,SAF,Duron Harmon,HarmDu00,Referee,Carl Cheffers,Umpire,Tra Blake,Down Judge,Jerry Bergman,Line Judge,Jeff Seeman,Back Judge,Matt Edwards,Side Judge,Eugene Hall,Field Judge,Nathan Jones
202109200gnb,2021-09-20,Monday,8:15pm,Green Bay Packers,Detroit Lions,gnb,det,35,17,Matt LaFleur,Dan Campbell,Lambeau Field,77240,2:55,outdoors,grass,"73 degrees, relative humidity 84%, wind 12 mph",QB,Aaron Rodgers,RodgAa00,RB,Aaron Jones,JoneAa00,WR,Allen Lazard,LazaAl00,WR,Marquez Valdes-Scantling,ValdMa00,WR,Davante Adams,AdamDa01,TE,Marcedes Lewis,LewiMa00,OL,Billy Turner,TurnBi00,OL,Josh Myers,MyerJo00,OL,Royce Newman,NewmRo00,G,Elgton Jenkins,JenkEl00,G,Jon Runyan Jr.,RunyJo00,DE,Kenny Clark,ClarKe01,DE,Kingsley Keke,KekeKi00,DE,Dean Lowry,LowrDe00,LB,Rashan Gary,GaryRa00,LB,Preston Smith,SmitPr00,LB,Krys Barnes,BarnKr00,LB,De'Vondre Campbell,CampDe00,CB,Kevin King,KingKe01,CB,Jaire Alexander,AlexJa00,S,Adrian Amos,AmosAd00,S,Darnell Savage Jr.,SavaDa00,QB,Jared Goff,GoffJa00,RB,Jamaal Williams,WillJa06,WR,Quintez Cephus,CephQu00,WR,Kalif Raymond,RaymKa00,TE,Darren Fells,FellDa01,TE,T.J. Hockenson,HockTJ00,T,Penei Sewell,SewePe00,T,Matt Nelson,NelsMa00,G,Halapoulivaati Vaitai,VaitHa00,G,Jonah Jackson,JackJo03,C,Frank Ragnow,RagnFr00,DE,Nick Williams,WillNi01,DE,Michael Brockers,BrocMi00,OLB,Romeo Okwara,OkwaRo01,OLB,Trey Flowers,FlowTr00,LB,Jamie Collins,CollJa00,LB,Alex Anzalone,AnzaAl00,CB,Amani Oruwariye,OruwAm00,CB,AJ Parker,ParkAJ00,CB,Ifeatu Melifonwu,MeliIf00,S,Will Harris,HarrWi02,S,Tracy Walker,WalkTr01,Referee,Adrian Hill,Umpire,Roy Ellison,Down Judge,David Oliver,Line Judge,Mark Stewart,Back Judge,Keith Ferguson,Side Judge,Jim Quirk,Field Judge,Mearl Robinson
202109230htx,2021-09-23,Thursday,8:20pm,Houston Texans,Carolina Panthers,htx,car,9,24,David Culley,Matt Rhule,NRG Stadium,68320,2:52,retractable roof (closed),astroturf,,QB,Davis Mills,MillDa02,RB,Mark Ingram,IngrMa01,WR,Chris Conley,ConlCh00,WR,Brandin Cooks,CookBr00,TE,Antony Auclair,AuclAn00,TE,Pharaoh Brown,BrowPh01,OL,Laremy Tunsil,TunsLa00,OL,Max Scharping,SchaMa01,OL,Tytus Howard,HowaTy00,OL,Marcus Cannon,CannMa00,OL,Justin Britt,BritJu00,DE,Jonathan Greenard,GreeJo04,DE,Jacob Martin,MartJa02,DT,Roy Lopez,LopeRo00,DT,Maliek Collins,CollMa00,LB,Zach Cunningham,CunnZa00,LB,Christian Kirksey,KirkCh00,LB,Joe Thomas,ThomJo04,DB,Vernon Hargreaves III,HargVe00,DB,Lonnie Johnson Jr.,JohnLo01,DB,Eric Murray,MurrEr00,DB,Tremon Smith,SmitTr04,QB,Sam Darnold,DarnSa00,RB,Christian McCaffrey,McCaCh01,WR,D.J. Moore,,WR,Robbie Chosen,AndeRo04,TE,Ian Thomas,ThomIa00,TE,Colin Thompson,ThomCo03,T,Cameron Erving,ErviCa00,T,Taylor Moton,MotoTa00,G,Dennis Daley,DaleDe00,G,John Miller,MillJo04,C,Matt Paradis,ParaMa00,DE,Morgan Fox,FoxxMo00,DE,Brian Burns,BurnBr00,DT,DaQuan Jones,JoneDa04,DT,Derrick Brown,BrowDe05,OLB,Haason Reddick,ReddHa00,LB,Shaq Thompson,ThomSh01,LB,Jermaine Carter Jr.,CartJe00,CB,Donte Jackson,JackDo02,CB,Jaycee Horn,HornJa00,SAF,Jeremy Chinn,ChinJe00,SAF,Juston Burris,BurrJu00,Referee,Alex Kemp,Umpire,Rich Hall,Down Judge,Mike Carr,Line Judge,Jeff Bergman,Back Judge,Scott Helverson,Side Judge,Dale Shaw,Field Judge,John Jenkins
202109260buf,2021-09-26,Sunday,1:00pm,Buffalo Bills,Washington Football Team,buf,was,43,21,Sean McDermott,Ron Rivera,Highmark Stadium,68434,3:06,outdoors,a_turf,"67 degrees, relative humidity 40%, wind 21 mph",QB,Josh Allen,AlleJo02,RB,Devin Singletary,SingDe00,FB,Reggie Gilliam,GillRe00,WR,Stefon Diggs,DiggSt00,WR,Emmanuel Sanders,SandEm00,TE,Dawson Knox,KnoxDa00,OL,Daryl Williams,WillDa06,OL,Cody Ford,FordCo00,OT,Dion Dawkins,DawkDi00,OG,Jon Feliciano,FeliJo00,C,Mitch Morse,MorsMi00,DE,Gregory Rousseau,RousGr00,DE,Jerry Hughes,HughJe99,DT,Star Lotulelei,LotuSt00,DT,Ed Oliver,OlivEd00,LB,Matt Milano,MilaMa00,LB,Tremaine Edmunds,EdmuTr01,CB,Taron Johnson,JohnTa01,CB,Levi Wallace,WallLe00,CB,Tre'Davious White,WhitTr01,SAF,Micah Hyde,HydeMi00,SAF,Jordan Poyer,PoyeJo00,QB,Taylor Heinicke,HeinTa00,RB,J.D. McKissic,,WR,Dyami Brown,BrowDy00,WR,Adam Humphries,HumpAd00,WR,Terry McLaurin,McLaTe00,TE,Logan Thomas,ThomLo00,OL,Samuel Cosmi,CosmSa00,T,Ereck Flowers,FlowEr00,T,Charles Leno Jr.,LenoCh00,G,Brandon Scherff,ScheBr00,C,Chase Roullier,RoulCh00,DE,Chase Young,YounCh04,DE,Montez Sweat,SweaMo00,DT,Jonathan Allen,AlleJo01,DT,Daron Payne,PaynDa00,LB,Jonathan Bostic,BostJo00,LB,Cole Holcomb,HolcCo00,LB,Jamin Davis,DaviJa11,CB,Bobby McCain,McCaBo01,CB,William Jackson III,JackWi02,CB,Kendall Fuller,FullKe00,SAF,Landon Collins,CollLa00,Referee,Tony Corrente,Umpire,Dan Ferrell,Down Judge,Patrick Turner,Line Judge,Tim Podraza,Back Judge,Todd Prukop,Side Judge,Don Willard,Field Judge,Anthony Jefferies
202109260cle,2021-09-26,Sunday,1:00pm,Cleveland Browns,Chicago Bears,cle,chi,26,6,Kevin Stefanski,Matt Nagy,FirstEnergy Stadium,67431,3:01,outdoors,grass,"70 degrees, relative humidity 38%, wind 22 mph",QB,Baker Mayfield,MayfBa00,RB,Nick Chubb,ChubNi00,WR,Odell Beckham Jr.,BeckOd00,TE,Harrison Bryant,BryaHa00,TE,David Njoku,NjokDa00,TE,Austin Hooper,HoopAu00,OT,Jedrick Wills Jr.,WillJe04,OT,Jack Conklin,ConkJa00,OG,Joel Bitonio,BitoJo00,G,Wyatt Teller,TellWy00,C,J.C. Tretter,TretJC00,DE,Myles Garrett,GarrMy00,DE,Jadeveon Clowney,ClowJa00,DT,Malik Jackson,JackMa02,DT,Malik McDowell,McDoMa00,LB,Jeremiah Owusu-Koramoah,OwusJe00,LB,Malcolm Smith,SmitMa02,CB,Greg Newsome II,NewsGr00,CB,Denzel Ward,WardDe02,SAF,Ronnie Harrison,HarrRo02,SAF,John Johnson,JohnJo10,SAF,Grant Delpit,DelpGr00,QB,Justin Fields,FielJu00,RB,David Montgomery,MontDa01,WR,Allen Robinson,RobiAl02,WR,Darnell Mooney,MoonDa00,TE,Jimmy Graham,GrahJi00,TE,Cole Kmet,KmetCo00,OL,Cody Whitehair,WhitCo03,OL,Jason Peters,PeteJa21,OL,Sam Mustipher,MustSa01,OL,Germain Ifedi,IfedGe00,OL,James Daniels,DaniJa01,DT,Bilal Nichols,NichBi00,DT,Akiem Hicks,HickAk00,DT,Khyiris Tonga,TongKh00,LB,Khalil Mack,MackKh00,LB,Alec Ogletree,OgleAl00,LB,Robert Quinn,QuinRo00,LB,Roquan Smith,SmitRo07,DB,Jaylon Johnson,JohnJa13,DB,Eddie Jackson,JackEd01,DB,Kindle Vildor,VildKi00,DB,Deon Bush,BushDe00,Referee,Ron Torbert,Umpire,Mark Pellis,Down Judge,Kevin Codey,Line Judge,Mark Steinkerchner,Back Judge,Tony Josselyn,Side Judge,Keith Washington,Field Judge,Ryan Dickson
202109260den,2021-09-26,Sunday,4:05pm,Denver Broncos,New York Jets,den,nyj,26,0,Vic Fangio,Robert Saleh,Empower Field at Mile High,75882,2:54,outdoors,grass,"82 degrees, relative humidity 13%, wind 6 mph",QB,Teddy Bridgewater,BridTe00,RB,Melvin Gordon,GordMe00,WR,Courtland Sutton,SuttCo00,WR,Tim Patrick,PatrTi00,WR,KJ Hamler,HamlKJ00,TE,Noah Fant,FantNo00,OT,Garett Bolles,BollGa00,T,Bobby Massie,MassBo00,G,Dalton Risner,RisnDa00,G,Graham Glasgow,GlasGr00,C,Lloyd Cushenberry III,CushLl00,DE,Shelby Harris,HarrSh00,DE,Dre'Mont Jones,JoneDr00,NT,Mike Purcell,PurcMi00,OLB,Von Miller,MillVo00,OLB,Malik Reed,ReedMa01,LB,Alexander Johnson,JohnAl01,LB,Justin Strnad,StrnJu00,CB,Patrick Surtain II,SurtPa01,CB,Kyle Fuller,FullKy00,S,Kareem Jackson,JackKa99,S,Justin Simmons,SimmJu00,QB,Zach Wilson,WilsZa00,RB,Michael Carter,CartMi03,WR,Corey Davis,DaviCo03,WR,Elijah Moore,MoorEl00,TE,Ryan Griffin,GrifRy00,TE,Tyler Kroft,KrofTy00,OL,Alijah Vera-Tucker,VeraAl00,OL,Connor McGovern,McGoCo00,OL,Morgan Moses,MoseMo00,OT,George Fant,FantGe00,OG,Greg Van Roten,VanRGr00,DE,Bryce Huff,HuffBr00,DT,Folorunso Fatukasi,FatuFo00,DT,John Franklin-Myers,FranJo02,DT,Quinnen Williams,WillQu00,LB,Quincy Williams,WillQu01,LB,C.J. Mosley,,CB,Michael Carter II,CartMi02,CB,Bryce Hall,HallBr02,CB,Brandin Echols,EchoBr00,S,Marcus Maye,MayeMa00,S,Adrian Colbert,ColbAd00,Referee,Land Clark,Umpire,Paul King,Down Judge,Tom Stephan,Line Judge,Brian Bolinger,Back Judge,Greg Meyer,Side Judge,Anthony Flemming,Field Judge,Michael Banks
202109260det,2021-09-26,Sunday,1:00pm,Detroit Lions,Baltimore Ravens,det,rav,17,19,Dan Campbell,John Harbaugh,Ford Field,50788,3:07,dome,fieldturf,,QB,Jared Goff,GoffJa00,RB,Jamaal Williams,WillJa06,WR,Kalif Raymond,RaymKa00,TE,Darren Fells,FellDa01,TE,T.J. Hockenson,HockTJ00,T,Penei Sewell,SewePe00,T,Will Holden,HoldWi00,T,Matt Nelson,NelsMa00,G,Halapoulivaati Vaitai,VaitHa00,G,Jonah Jackson,JackJo03,C,Frank Ragnow,RagnFr00,DE,Nick Williams,WillNi01,DE,Michael Brockers,BrocMi00,NT,Alim McNeill,McNeAl00,OLB,Romeo Okwara,OkwaRo01,OLB,Charles Harris,HarrCh03,LB,Derrick Barnes,BarnDe02,LB,Alex Anzalone,AnzaAl00,CB,Amani Oruwariye,OruwAm00,SAF,Bobby Price,PricBo00,SAF,Will Harris,HarrWi02,SAF,Tracy Walker,WalkTr01,QB,Lamar Jackson,JackLa00,RB,Ty'Son Williams,WillTy01,FB,Patrick Ricard,RicaPa00,WR,Marquise Brown,BrowMa04,WR,Sammy Watkins,WatkSa00,TE,Mark Andrews,AndrMa00,OL,Bradley Bozeman,BozeBr00,OL,Patrick Mekari,MekaPa00,OT,Alejandro Villanueva,VillAl00,OG,Kevin Zeitler,ZeitKe00,G,Ben Powers,PoweBe00,DE,Calais Campbell,CampCa99,DT,Justin Ellis,ElliJu01,DT,Broderick Washington Jr.,WashBr01,OLB,Odafe Oweh,OwehJa00,OLB,Tyus Bowser,BowsTy00,LB,Malik Harrison,HarrMa06,LB,Patrick Queen,QueePa00,CB,Marlon Humphrey,HumpMa00,CB,Anthony Averett,AverAn00,SAF,DeShon Elliott,ElliDe02,SAF,Chuck Clark,ClarCh00,Referee,Scott Novak,Umpire,Ramon George,Down Judge,Derick Bowers,Line Judge,Walt Coleman IV,Back Judge,Terrence Miles,Side Judge,David Meslow,Field Judge,Mike Weatherford
202109260jax,2021-09-26,Sunday,1:00pm,Jacksonville Jaguars,Arizona Cardinals,jax,crd,19,31,Urban Meyer,Kliff Kingsbury,TIAA Bank Stadium,58012,3:03,outdoors,grass,"81 degrees, relative humidity 49%, wind 4 mph",QB,Trevor Lawrence,LawrTr00,RB,James Robinson,RobiJa00,WR,DJ Chark,CharDJ00,WR,Marvin Jones,JoneMa02,TE,Jacob Hollister,HollJa03,TE,Chris Manhertz,ManhCh00,OL,Jawaan Taylor,TaylJa02,OL,A.J. Cann,,OL,Cam Robinson,RobiCa00,OL,Andrew Norwell,NorwAn01,OL,Brandon Linder,LindBr00,DE,Adam Gotsis,GotsAd00,DE,Josh Hines-Allen,AlleJo03,DT,Malcom Brown,BrowMa01,DT,DaVon Hamilton,HamiDa02,LB,Damien Wilson,WilsDa02,LB,Myles Jack,JackMy00,LB,K'Lavon Chaisson,ChaiKL00,CB,Shaquill Griffin,GrifSh00,CB,Tyson Campbell,CampTy01,S,Andrew Wingard,WingAn01,S,Rayshawn Jenkins,JenkRa00,QB,Kyler Murray,MurrKy00,RB,Chase Edmonds,EdmoCh00,WR,A.J. Green,,WR,DeAndre Hopkins,HopkDe00,TE,Darrell Daniels,DaniDa02,TE,Maxx Williams,WillMa04,OL,Justin Pugh,PughJu00,OL,Justin Murray,MurrJu00,OL,Rodney Hudson,HudsRo00,OL,D.J. Humphries,,OL,Josh Jones,JoneJo07,DE,J.J. Watt,,DE,Zach Allen,AlleZa01,DT,Rashard Lawrence,LawrRa01,OLB,Chandler Jones,JoneCh03,MLB,Jordan Hicks,HickJo00,LB,Zaven Collins,CollZa00,LB,Isaiah Simmons,SimmIs00,CB,Marco Wilson,WilsMa04,CB,Byron Murphy,MurpBy00,S,Jalen Thompson,ThomJa04,S,Budda Baker,BakeBu00,Referee,Shawn Smith,Umpire,Bryan Neale,Down Judge,Mark Hittner,Line Judge,Michael Dolce,Back Judge,Dino Paganelli,Side Judge,Dave Hawkshaw,Field Judge,Dyrol Prioleau
202109260kan,2021-09-26,Sunday,1:00pm,Kansas City Chiefs,Los Angeles Chargers,kan,sdg,24,30,Andy Reid,Brandon Staley,GEHA Field at Arrowhead Stadium,72980,3:07,outdoors,grass,"81 degrees, relative humidity 34%, wind 19 mph",QB,Patrick Mahomes,MahoPa00,RB,Clyde Edwards-Helaire,EdwaCl00,WR,Demarcus Robinson,RobiDe01,WR,Mecole Hardman,HardMe00,WR,Tyreek Hill,HillTy00,TE,Travis Kelce,KelcTr00,OL,Joe Thuney,ThunJo00,OL,Trey Smith,SmitTr05,OL,Lucas Niang,NianLu00,OL,Creed Humphrey,HumpCr00,T,Orlando Brown Jr.,BrowOr00,DE,Michael Danna,DannMi00,DT,Chris Jones,JoneCh09,DT,Derrick Nnadi,NnadDe00,DT,Jarran Reed,ReedJa02,LB,Anthony Hitchens,HitcAn00,LB,Ben Niemann,NiemBe00,LB,Nick Bolton,BoltNi00,CB,Rashad Fenton,FentRa00,CB,L'Jarius Sneed,SneeLJ00,S,Tyrann Mathieu,MathTy00,S,Daniel Sorensen,SoreDa01,QB,Justin Herbert,HerbJu00,RB,Austin Ekeler,EkelAu00,WR,Keenan Allen,AlleKe00,TE,Stephen Anderson,AndeSt01,TE,Donald Parham,ParhDo00,TE,Jared Cook,CookJa02,T,Rashawn Slater,SlatRa00,T,Storm Norton,NortSt00,G,Matt Feiler,FeilMa00,G,Oday Aboushi,AbouOd00,C,Corey Linsley,LinsCo00,DT,Jerry Tillery,TillJe00,DT,Linval Joseph,JoseLi99,OLB,Uchenna Nwosu,NwosUc00,OLB,Joey Bosa,BosaJo00,LB,Kenneth Murray,MurrKe00,LB,Kyzir White,WhitKy00,CB,Michael Davis,DaviMi03,CB,Tevaughn Campbell,CampTe00,CB,Asante Samuel Jr.,SamuAs00,S,Derwin James,JameDe00,S,Nasir Adderley,AddeNa00,Referee,Shawn Hochuli,Umpire,Terry Killens,Down Judge,Ed Camp,Line Judge,Greg Bradley,Back Judge,Rich Martinez,Side Judge,Chad Hill,Field Judge,Tom Hill
202109260min,2021-09-26,Sunday,4:25pm,Minnesota Vikings,Seattle Seahawks,min,sea,30,17,Mike Zimmer,Pete Carroll,U.S. Bank Stadium,66729,2:57,dome,sportturf,,QB,Kirk Cousins,CousKi00,RB,Alexander Mattison,MattAl01,FB,C.J. Ham,,WR,Adam Thielen,ThieAd00,WR,Justin Jefferson,JeffJu00,TE,Tyler Conklin,ConkTy00,T,Rashod Hill,HillRa01,T,Brian O'Neill,ONeiBr00,G,Oli Udoh,UdohOl01,G,Ezra Cleveland,ClevEz00,C,Garrett Bradbury,BradGa00,DE,D.J. Wonnum,WonnDJ00,DE,Danielle Hunter,HuntDa01,DT,Michael Pierce,PierMi00,DT,Dalvin Tomlinson,TomlDa00,LB,Blake Lynch,LyncBl00,LB,Eric Kendricks,KendEr00,LB,Nick Vigil,VigiNi00,CB,Bashaud Breeland,BreeBa00,CB,Patrick Peterson,PetePa00,S,Harrison Smith,SmitHa00,S,Xavier Woods,WoodXa00,QB,Russell Wilson,WilsRu00,RB,Chris Carson,CarsCh00,WR,D.K. Metcalf,MetcDK00,WR,Tyler Lockett,LockTy00,TE,Will Dissly,DissWi00,TE,Gerald Everett,EverGe00,OL,Kyle Fuller,FullKy01,T,Duane Brown,BrowDu20,T,Jamarco Jones,JoneJa08,G,Gabe Jackson,JackGa00,G,Damien Lewis,LewiDa05,DE,Alton Robinson,RobiAl03,DE,Rasheem Green,GreeRa01,DE,Kerry Hyder,HydeKe01,DT,Al Woods,WoodAl99,DT,Poona Ford,FordPo00,LB,Bobby Wagner,WagnBo00,LB,Jordyn Brooks,BrooJo01,CB,Tre Flowers,FlowTr01,CB,D.J. Reed,,SS,Jamal Adams,AdamJa00,FS,Quandre Diggs,DiggQu00,Referee,Clay Martin,Umpire,Fred Bryan,Down Judge,Jerod Phillips,Line Judge,Maia Chaka,Back Judge,Greg Wilson,Side Judge,Joe Larrew,Field Judge,James Coleman
202109260nwe,2021-09-26,Sunday,1:00pm,New England Patriots,New Orleans Saints,nwe,nor,13,28,Bill Belichick,Sean Payton,Gillette Stadium,65878,3:02,outdoors,fieldturf,"73 degrees, relative humidity 55%, wind 11 mph",QB,Mac Jones,JoneMa05,RB,Damien Harris,HarrDa06,WR,Nelson Agholor,AghoNe00,WR,Kendrick Bourne,BourKe00,WR,Jakobi Meyers,MeyeJa01,TE,Jonnu Smith,SmitJo01,OL,Isaiah Wynn,WynnIs00,OL,Michael Onwenu,OnweMi00,OL,Shaq Mason,MasoSh01,OL,Justin Herron,HerrJu00,C,David Andrews,AndrDa00,DE,Deatrich Wise Jr.,WiseDe00,DT,Lawrence Guy,GuyxLa00,DT,Davon Godchaux,GodcDa00,LB,Dont'a Hightower,HighDo01,LB,Matt Judon,JudoMa00,LB,Ja'Whaun Bentley,BentJa00,CB,Jalen Mills,MillJa02,DB,J.C. Jackson,,DB,Devin McCourty,McCoDe99,DB,Kyle Dugger,DuggKy00,DB,Adrian Phillips,PhilAd00,QB,Jameis Winston,WinsJa00,RB,Alvin Kamara,KamaAl00,WR,Marquez Callaway,CallMa01,TE,Garrett Griffin,GrifGa00,TE,Taysom Hill,HillTa00,OL,Calvin Throckmorton,ThroCa01,OL,Cesar Ruiz,RuizCe00,OL,James Hurst,HursJa00,OL,Andrus Peat,PeatAn00,T,Terron Armstead,ArmsTe00,T,Ryan Ramczyk,RamcRy00,DE,Tanoh Kpassagnon,KpasTa00,DE,Cameron Jordan,JordCa00,DT,Christian Ringo,RingCh00,DT,Malcolm Roach,RoacMa01,LB,Demario Davis,DaviDe00,LB,Pete Werner,WernPe00,CB,Marshon Lattimore,LattMa01,CB,Paulson Adebo,AdebPa00,SS,Malcolm Jenkins,JenkMa99,S,C.J. Gardner-Johnson,GardCh00,S,Marcus Williams,WillMa06,Referee,John Hussey,Umpire,Alan Eck,Down Judge,Sarah Thomas,Line Judge,Carl Johnson,Back Judge,Brad Freeman,Side Judge,Allen Baynes,Field Judge,Jabir Walker
202109260nyg,2021-09-26,Sunday,1:00pm,New York Giants,Atlanta Falcons,nyg,atl,14,17,Joe Judge,Arthur Smith,MetLife Stadium,75307,2:59,outdoors,fieldturf,"69 degrees, relative humidity 45%, wind 13 mph",QB,Daniel Jones,JoneDa05,RB,Saquon Barkley,BarkSa00,WR,Kenny Golladay,GollKe00,WR,Sterling Shepard,ShepSt00,TE,Evan Engram,EngrEv00,TE,Kyle Rudolph,RudoKy00,OL,Billy Price,PricBi01,T,Andrew Thomas,ThomAn02,T,Nate Solder,SoldNa00,G,Ben Bredeson,BredBe00,G,Will Hernandez,HernWi00,DE,Leonard Williams,WillLe02,DT,Dexter Lawrence,LawrDe03,DT,Austin Johnson,JohnAu01,LB,Blake Martinez,MartBl01,LB,Tae Crowder,CrowTa00,LB,Lorenzo Carter,CartLo01,CB,James Bradberry,BradJa00,DB,Logan Ryan,RyanLo00,DB,Adoree' Jackson,JackAd00,S,Xavier McKinney,McKiXa00,S,Jabrill Peppers,PeppJa00,QB,Matt Ryan,RyanMa00,RB,Mike Davis,DaviMi01,FB,Keith Smith,SmitKe03,WR,Calvin Ridley,RidlCa00,TE,Lee Smith,SmitLe00,TE,Kyle Pitts,PittKy00,OL,Jalen Mayfield,MayfJa00,OL,Matt Hennessy,HennMa00,T,Jake Matthews,MattJa00,T,Kaleb McGary,McGaKa00,G,Chris Lindstrom,LindCh00,DT,Grady Jarrett,JarrGr00,DT,Tyeler Davison,DaviTy01,OLB,Steven Means,MeanSt00,OLB,Dante Fowler,FowlDa00,MLB,Deion Jones,JoneDe01,MLB,Foyesade Oluokun,OluoFo00,CB,Fabian Moreau,MoreFa00,CB,Isaiah Oliver,OlivIs00,DB,T.J. Green,,S,Erik Harris,HarrEr00,S,Duron Harmon,HarmDu00,Referee,Adrian Hill,Umpire,Roy Ellison,Down Judge,David Oliver,Line Judge,Mark Stewart,Back Judge,Keith Ferguson,Side Judge,Jim Quirk,Field Judge,Mearl Robinson
202109260oti,2021-09-26,Sunday,1:00pm,Tennessee Titans,Indianapolis Colts,oti,clt,25,16,Mike Vrabel,Frank Reich,Nissan Stadium,67914,3:01,outdoors,grass,"72 degrees, relative humidity 66%, wind 4 mph",QB,Ryan Tannehill,TannRy00,RB,Derrick Henry,HenrDe00,WR,Julio Jones,JoneJu02,WR,Nick Westbrook-Ikhine,WestNi00,WR,A.J. Brown,BrowAJ00,TE,Geoff Swaim,SwaiGe00,OL,David Quessenberry,QuesDa00,OT,Taylor Lewan,LewaTa00,G,Nate Davis,DaviNa01,G,Rodger Saffold,SaffRo20,C,Ben Jones,JoneBe01,DE,Denico Autry,AutrDe00,DT,Jeffery Simmons,SimmJe01,DT,Teair Tart,TartTe00,OLB,Harold Landry,LandHa00,LB,David Long,LongDa04,LB,Rashaan Evans,EvanRa01,CB,Jackrabbit Jenkins,JenkJa03,CB,Kristian Fulton,FultKr00,SAF,Kevin Byard,ByarKe01,DB,Chris Jackson,JackCh01,DB,Dane Cruikshank,CruiDa00,QB,Carson Wentz,WentCa00,RB,Jonathan Taylor,TaylJo02,WR,Parris Campbell,CampPa00,WR,Michael Pittman Jr.,PittMi01,WR,Zach Pascal,PascZa00,TE,Jack Doyle,DoylJa00,OL,Quenton Nelson,NelsQu00,OT,Eric Fisher,FishEr00,T,Julién Davenport,DaveJu00,G,Mark Glowinski,GlowMa00,C,Ryan Kelly,KellRy00,DE,Al-Quadin Muhammad,MuhaAl00,DE,Kwity Paye,PayeKw00,DT,DeForest Buckner,BuckDe00,DT,Grover Stewart,StewGr00,LB,Bobby Okereke,OkerBo00,LB,Shaquille Leonard,LeonDa00,CB,Xavier Rhodes,RhodXa00,CB,Kenny Moore,MoorKe03,CB,Rock Ya-Sin,Ya-SRo00,SAF,Julian Blackmon,BlacJu01,SAF,Khari Willis,WillKh00,Referee,Bill Vinovich,Umpire,Tony Michalek,Down Judge,Patrick Holt,Line Judge,Mark Perlman,Back Judge,Jimmy Russell,Side Judge,Jimmy Buchanan,Field Judge,Joe Blubaugh
202109260pit,2021-09-26,Sunday,1:00pm,Pittsburgh Steelers,Cincinnati Bengals,pit,cin,10,24,Mike Tomlin,Zac Taylor,Heinz Field,58076,3:02,outdoors,grass,"67 degrees, relative humidity 42%, wind 9 mph",QB,Ben Roethlisberger,RoetBe00,RB,Najee Harris,HarrNa00,WR,Chase Claypool,ClayCh01,WR,James Washington,WashJa00,WR,JuJu Smith-Schuster,SmitJu00,TE,Zach Gentry,GentZa00,OL,Kevin Dotson,DotsKe00,OL,Chukwuma Okorafor,OkorCh00,OT,Dan Moore,MoorDa05,G,Trai Turner,TurnTr01,C,Kendrick Green,GreeKe02,DE,Isaiah Buggs,BuggIs00,DT,Chris Wormley,WormCh00,DT,Cameron Heyward,HeywCa01,OLB,Jamir Jones,JoneJa11,LB,Melvin Ingram,IngrMe00,LB,Joe Schobert,SchoJo00,LB,Devin Bush Jr.,BushDe01,CB,Joe Haden,HadeJo99,CB,Cameron Sutton,SuttCa00,S,Minkah Fitzpatrick,FitzMi00,S,Terrell Edmunds,EdmuTe00,QB,Joe Burrow,BurrJo01,RB,Joe Mixon,MixoJo00,WR,Tyler Boyd,BoydTy00,WR,Ja'Marr Chase,ChasJa00,TE,C.J. Uzomah,,TE,Drew Sample,SampDr00,T,Jonah Williams,WillJo10,T,Riley Reiff,ReifRi00,G,Quinton Spain,SpaiQu00,G,Jackson Carman,CarmJa00,C,Trey Hopkins,HopkTr01,DE,Trey Hendrickson,HendTr00,DE,Sam Hubbard,HubbSa00,DT,Larry Ogunjobi,OgunLa00,DT,D.J. Reader,,LB,Logan Wilson,WilsLo00,LB,Germaine Pratt,PratGe00,CB,Mike Hilton,HiltMi01,CB,Chidobe Awuzie,AwuzCh00,CB,Eli Apple,ApplEl00,S,Vonn Bell,BellVo00,S,Jessie Bates III,BateJe00,Referee,Clete Blakeman,Umpire,Tab Slaughter,Down Judge,Dana McKenzie,Line Judge,Julian Mapp,Back Judge,Perry Paganelli,Side Judge,Clay Reynard,Field Judge,Scott Edwards
202109260rai,2021-09-26,Sunday,4:05pm,Las Vegas Raiders,Miami Dolphins,rai,mia,31,28,Jon Gruden,Brian Flores,Allegiant Stadium,59311,3:44,dome,grass,,QB,Derek Carr,CarrDe02,RB,Kenyan Drake,DrakKe00,WR,Henry Ruggs III,RuggHe00,WR,Bryan Edwards,EdwaBr01,TE,Darren Waller,WallDa01,TE,Foster Moreau,MoreFo00,OL,Jermaine Eluemunor,ElueJe00,T,Alex Leatherwood,LeatAl00,T,Kolton Miller,MillKo00,G,John Simpson,SimpJo00,C,Andre James,JameAn01,DE,Yannick Ngakoue,NgakYa00,DE,Maxx Crosby,CrosMa00,DT,Johnathan Hankins,HankJo00,DT,Quinton Jefferson,JeffQu00,LB,Cory Littleton,LittCo01,LB,Denzel Perryman,PerrDe00,CB,Casey Hayward,HaywCa00,CB,Nate Hobbs,HobbNa00,CB,Trayvon Mullen,MullTr00,SAF,Tre'von Moehrig,MoehTr00,SAF,Johnathan Abram,AbraJo01,QB,Jacoby Brissett,BrisJa00,RB,Malcolm Brown,BrowMa03,WR,Jaylen Waddle,WaddJa00,WR,Mack Hollins,HollMa00,WR,DeVante Parker,ParkDe01,TE,Adam Shaheen,ShahAd00,OL,Jesse Davis,DaviJe00,OL,Michael Deiter,DeitMi00,OL,Robert Hunt,HuntRo01,T,Liam Eichenberg,EichLi00,T,Austin Jackson,JackAu00,DE,Emmanuel Ogbah,OgbaEm00,DT,Christian Wilkins,WilkCh00,DT,John Jenkins,JenkJo00,LB,Jaelan Phillips,PhilJa02,LB,Elandon Roberts,RobeEl00,LB,Jerome Baker,BakeJe00,CB,Byron Jones,JoneBy00,CB,Xavien Howard,HowaXa00,CB,Justin Coleman,ColeJu01,SAF,Eric Rowe,RoweEr00,DB,Jason McCourty,McCoJa99,Referee,Carl Cheffers,Umpire,Tra Blake,Down Judge,Jerry Bergman,Line Judge,Jeff Seeman,Back Judge,Matt Edwards,Side Judge,Eugene Hall,Field Judge,Nathan Jones
202109260ram,2021-09-26,Sunday,4:25pm,Los Angeles Rams,Tampa Bay Buccaneers,ram,tam,34,24,Sean McVay,Bruce Arians,SoFi Stadium,73205,3:06,dome,matrixturf,,QB,Matthew Stafford,StafMa00,RB,Sony Michel,MichSo00,WR,Robert Woods,WoodRo02,WR,Cooper Kupp,KuppCo00,WR,Van Jefferson,JeffVa00,TE,Tyler Higbee,HigbTy00,OL,Austin Corbett,CorbAu00,OL,Andrew Whitworth,WhitAn20,OL,Rob Havenstein,HaveRo00,OL,David Edwards,EdwaDa01,OL,Brian Allen,AlleBr02,DT,Sebastian Joseph-Day,JoseSe00,DT,A'Shawn Robinson,RobiAS00,DT,Aaron Donald,DonaAa00,OLB,Leonard Floyd,FloyLe00,LB,Justin Hollins,HollJu00,LB,Kenny Young,YounKe03,CB,David Long,LongDa02,CB,Jalen Ramsey,RamsJa00,CB,Darious Williams,WillDa09,SAF,Jordan Fuller,FullJo01,SAF,Taylor Rapp,RappTa00,QB,Tom Brady,BradTo00,RB,Leonard Fournette,FourLe00,WR,Chris Godwin,GodwCh00,WR,Mike Evans,EvanMi00,TE,O.J. Howard,,TE,Rob Gronkowski,GronRo00,T,Donovan Smith,SmitDo02,T,Tristan Wirfs,WirfTr00,G,Alex Cappa,CappAl00,G,Ali Marpet,MarpAl00,C,Ryan Jensen,JensRy00,DT,Ndamukong Suh,SuhxNd99,DT,Vita Vea,VeaxVi00,OLB,Shaquil Barrett,BarrSh00,OLB,Joe Tryon-Shoyinka,TryoJo00,MLB,Lavonte David,DaviLa00,LB,Devin White,WhitDe02,CB,Jamel Dean,DeanJa00,CB,Carlton Davis,DaviCa02,CB,Ross Cockrell,CockRo00,SAF,Jordan Whitehead,WhitJo03,SAF,Antoine Winfield Jr.,WinfAn00,Referee,Craig Wrolstad,Umpire,Steve Woods,Down Judge,Jim Mello,Line Judge,Tripp Sutter,Back Judge,Grantis Bell,Side Judge,Jeff Lamberth,Field Judge,Terry Brown
202109260sfo,2021-09-26,Sunday,8:20pm,San Francisco 49ers,Green Bay Packers,sfo,gnb,28,30,Kyle Shanahan,Matt LaFleur,Levi's Stadium,69853,3:08,outdoors,grass,"69 degrees, relative humidity 57%, wind 15 mph",QB,Jimmy Garoppolo,GaroJi00,RB,Trey Sermon,SermTr00,FB,Kyle Juszczyk,JuszKy00,WR,Deebo Samuel,SamuDe00,WR,Brandon Aiyuk,AiyuBr00,TE,George Kittle,KittGe00,OL,Laken Tomlinson,TomlLa01,OL,Daniel Brunskill,BrunDa00,T,Trent Williams,WillTr21,T,Mike McGlinchey,McGlMi00,C,Alex Mack,MackAl20,DE,Nick Bosa,BosaNi00,DE,Arik Armstead,ArmsAr01,DT,Javon Kinlaw,KinlJa00,DT,D.J. Jones,,LB,Marcell Harris,HarrMa03,LB,Fred Warner,WarnFr00,LB,Azeez Al-Shaair,AlShAz00,CB,Emmanuel Moseley,MoseEm00,CB,Josh Norman,NormJo01,DB,Jimmie Ward,WardJi01,S,Jaquiski Tartt,TartJa00,QB,Aaron Rodgers,RodgAa00,RB,Aaron Jones,JoneAa00,WR,Marquez Valdes-Scantling,ValdMa00,WR,Davante Adams,AdamDa01,TE,Robert Tonyan,TonyRo00,TE,Marcedes Lewis,LewiMa00,OL,Josh Myers,MyerJo00,OL,Billy Turner,TurnBi00,OL,Royce Newman,NewmRo00,T,Yosh Nijman,NijmYo01,G,Jon Runyan Jr.,RunyJo00,DE,Kingsley Keke,KekeKi00,DE,Dean Lowry,LowrDe00,DE,Kenny Clark,ClarKe01,LB,Rashan Gary,GaryRa00,LB,De'Vondre Campbell,CampDe00,LB,Preston Smith,SmitPr00,LB,Krys Barnes,BarnKr00,CB,Eric Stokes,StokEr00,CB,Jaire Alexander,AlexJa00,S,Darnell Savage Jr.,SavaDa00,S,Adrian Amos,AmosAd00,Referee,Jerome Boger,Umpire,Barry Anderson,Down Judge,Frank LeBlanc,Line Judge,Rusty Baynes,Back Judge,Steve Patrick,Side Judge,Jonah Monroe,Field Judge,Steve Zimmer
202109270dal,2021-09-27,Monday,8:15pm,Dallas Cowboys,Philadelphia Eagles,dal,phi,41,21,Mike McCarthy,Nick Sirianni,AT&amp;T Stadium,93267,3:10,retractable roof (open),matrixturf,,QB,Dak Prescott,PresDa01,RB,Ezekiel Elliott,ElliEz00,WR,Amari Cooper,CoopAm00,WR,CeeDee Lamb,LambCe00,TE,Blake Jarwin,JarwBl00,TE,Dalton Schultz,SchuDa00,T,Terence Steele,SteeTe01,T,Tyron Smith,SmitTy00,G,Zack Martin,MartZa00,G,Connor Williams,WillCo00,C,Tyler Biadasz,BiadTy00,DE,Randy Gregory,GregRa00,DE,Brent Urban,UrbaBr00,DT,Osa Odighizuwa,OdigOs00,LB,Micah Parsons,ParsMi00,LB,Jaylon Smith,SmitJa05,LB,Leighton Vander Esch,VandLe00,CB,Jourdan Lewis,LewiJo01,CB,Trevon Diggs,DiggTr00,CB,Anthony Brown,BrowAn02,S,Jayron Kearse,KearJa00,S,Damontae Kazee,KazeDa00,QB,Jalen Hurts,HurtJa00,RB,Miles Sanders,SandMi01,WR,Quez Watkins,WatkQu00,WR,DeVonta Smith,SmitDe07,WR,Jalen Reagor,ReagJa00,TE,Dallas Goedert,GoedDa00,OL,Landon Dickerson,DickLa00,T,Andre Dillard,DillAn00,T,Lane Johnson,JohnLa01,G,Isaac Seumalo,SeumIs00,C,Jason Kelce,KelcJa00,DE,Derek Barnett,BarnDe01,DT,Milton Williams,WillMi08,DT,Javon Hargrave,HargJa00,DT,Fletcher Cox,CoxxFl00,LB,Patrick Johnson,JohnPa02,LB,Alex Singleton,SingAl00,LB,T.J. Edwards,EdwaTJ02,CB,Steven Nelson,NelsSt01,CB,Darius Slay,SlayDa00,S,Anthony Harris,HarrAn01,S,K'Von Wallace,WallKV00,Referee,Brad Rogers,Umpire,Carl Paganelli,Down Judge,Kent Payne,Line Judge,Tom Eaton,Back Judge,Greg Steed,Side Judge,Dominique Pender,Field Judge,Aaron Santi
202109300cin,2021-09-30,Thursday,8:20pm,Cincinnati Bengals,Jacksonville Jaguars,cin,jax,24,21,Zac Taylor,Urban Meyer,Paul Brown Stadium,63198,2:59,outdoors,fieldturf,"65 degrees, relative humidity 84%, no wind",QB,Joe Burrow,BurrJo01,RB,Joe Mixon,MixoJo00,WR,Mike Thomas,ThomMi04,WR,Tyler Boyd,BoydTy00,WR,Ja'Marr Chase,ChasJa00,TE,C.J. Uzomah,,T,Jonah Williams,WillJo10,T,Riley Reiff,ReifRi00,G,Jackson Carman,CarmJa00,G,Quinton Spain,SpaiQu00,C,Trey Hopkins,HopkTr01,DE,Trey Hendrickson,HendTr00,DE,Sam Hubbard,HubbSa00,DT,Larry Ogunjobi,OgunLa00,DT,D.J. Reader,,DT,Josh Tupou,TupoJo00,LB,Logan Wilson,WilsLo00,LB,Germaine Pratt,PratGe00,CB,Trae Waynes,WaynTr00,CB,Eli Apple,ApplEl00,S,Brandon Wilson,WilsBr01,S,Vonn Bell,BellVo00,QB,Trevor Lawrence,LawrTr00,RB,James Robinson,RobiJa00,WR,DJ Chark,CharDJ00,WR,Laviska Shenault Jr.,ShenLa00,TE,Luke Farrell,FarrLu00,TE,Chris Manhertz,ManhCh00,OL,Jawaan Taylor,TaylJa02,OL,A.J. Cann,,OL,Cam Robinson,RobiCa00,OL,Brandon Linder,LindBr00,OL,Andrew Norwell,NorwAn01,DE,Josh Hines-Allen,AlleJo03,DE,Adam Gotsis,GotsAd00,DE,Dawuane Smoot,SmooDa00,DT,Malcom Brown,BrowMa01,LB,Myles Jack,JackMy00,LB,Damien Wilson,WilsDa02,CB,Tre Herndon,HernTr00,CB,Shaquill Griffin,GrifSh00,CB,Tyson Campbell,CampTy01,S,Rayshawn Jenkins,JenkRa00,S,Andrew Wingard,WingAn01,Referee,Brad Allen,Umpire,Bruce Stritesky,Down Judge,Danny Short,Line Judge,Daniel Gallagher,Back Judge,Greg Yette,Side Judge,Boris Cheek,Field Judge,Rick Patterson
202110030atl,2021-10-03,Sunday,1:00pm,Atlanta Falcons,Washington Football Team,atl,was,30,34,Arthur Smith,Ron Rivera,Mercedes-Benz Stadium,68333,3:20,retractable roof (open),fieldturf,,QB,Matt Ryan,RyanMa00,RB,Cordarrelle Patterson,PattCo00,WR,Olamide Zaccheaus,ZaccOl01,WR,Calvin Ridley,RidlCa00,TE,Hayden Hurst,HursHa00,TE,Kyle Pitts,PittKy00,OL,Matt Hennessy,HennMa00,OL,Jalen Mayfield,MayfJa00,T,Kaleb McGary,McGaKa00,T,Jake Matthews,MattJa00,G,Chris Lindstrom,LindCh00,DT,Tyeler Davison,DaviTy01,DT,Grady Jarrett,JarrGr00,OLB,Steven Means,MeanSt00,OLB,Dante Fowler,FowlDa00,MLB,Foyesade Oluokun,OluoFo00,MLB,Deion Jones,JoneDe01,CB,Fabian Moreau,MoreFa00,CB,Isaiah Oliver,OlivIs00,CB,AJ Terrell,TerrAJ00,SAF,Erik Harris,HarrEr00,SAF,Duron Harmon,HarmDu00,QB,Taylor Heinicke,HeinTa00,RB,Antonio Gibson,GibsAn00,WR,Adam Humphries,HumpAd00,WR,Curtis Samuel,SamuCu00,WR,Terry McLaurin,McLaTe00,TE,Logan Thomas,ThomLo00,OL,Samuel Cosmi,CosmSa00,T,Ereck Flowers,FlowEr00,T,Charles Leno Jr.,LenoCh00,G,Brandon Scherff,ScheBr00,C,Chase Roullier,RoulCh00,DE,Chase Young,YounCh04,DE,Montez Sweat,SweaMo00,DT,Jonathan Allen,AlleJo01,DT,Daron Payne,PaynDa00,LB,Jonathan Bostic,BostJo00,LB,Cole Holcomb,HolcCo00,CB,Bobby McCain,McCaBo01,CB,William Jackson III,JackWi02,CB,Kendall Fuller,FullKe00,SAF,Kamren Curl,CurlKa00,SAF,Landon Collins,CollLa00,Referee,Clay Martin,Umpire,Fred Bryan,Down Judge,Jerod Phillips,Line Judge,Maia Chaka,Back Judge,Greg Wilson,Side Judge,Joe Larrew,Field Judge,James Coleman
202110030buf,2021-10-03,Sunday,1:00pm,Buffalo Bills,Houston Texans,buf,htx,40,0,Sean McDermott,David Culley,Highmark Stadium,68087,2:58,outdoors,a_turf,"67 degrees, relative humidity 93%, wind 12 mph",QB,Josh Allen,AlleJo02,RB,Devin Singletary,SingDe00,WR,Emmanuel Sanders,SandEm00,WR,Stefon Diggs,DiggSt00,TE,Dawson Knox,KnoxDa00,OL,Ryan Bates,BateRy02,OL,Daryl Williams,WillDa06,OT,Dion Dawkins,DawkDi00,OT,Spencer Brown,BrowSp00,OG,Ike Boettger,BoetIk00,C,Mitch Morse,MorsMi00,DE,Jerry Hughes,HughJe99,DE,Gregory Rousseau,RousGr00,DT,Star Lotulelei,LotuSt00,DT,Ed Oliver,OlivEd00,LB,Tremaine Edmunds,EdmuTr01,LB,Matt Milano,MilaMa00,CB,Cameron Lewis,LewiCa00,CB,Levi Wallace,WallLe00,CB,Tre'Davious White,WhitTr01,SAF,Micah Hyde,HydeMi00,SAF,Jaquan Johnson,JohnJa11,QB,Davis Mills,MillDa02,RB,Mark Ingram,IngrMa01,WR,Chris Conley,ConlCh00,WR,Brandin Cooks,CookBr00,WR,Anthony Miller,MillAn02,TE,Antony Auclair,AuclAn00,OL,Justin Britt,BritJu00,OL,Laremy Tunsil,TunsLa00,OL,Max Scharping,SchaMa01,OL,Tytus Howard,HowaTy00,OL,Marcus Cannon,CannMa00,DE,Jacob Martin,MartJa02,DE,Jonathan Greenard,GreeJo04,DT,Roy Lopez,LopeRo00,DT,Maliek Collins,CollMa00,LB,Christian Kirksey,KirkCh00,LB,Kamu Grugier-Hill,GrugKa00,DB,Lonnie Johnson Jr.,JohnLo01,DB,Desmond King,KingDe01,DB,Terrance Mitchell,MitcTe00,DB,Justin Reid,ReidJu00,DB,Tavierre Thomas,ThomTa01,Referee,Ron Torbert,Umpire,Mark Pellis,Down Judge,Kevin Codey,Line Judge,Mark Steinkerchner,Back Judge,Tony Josselyn,Side Judge,Keith Washington,Field Judge,Ryan Dickson
202110030chi,2021-10-03,Sunday,1:00pm,Chicago Bears,Detroit Lions,chi,det,24,14,Matt Nagy,Dan Campbell,Soldier Field,61468,2:57,outdoors,grass,"72 degrees, relative humidity 79%, wind 4 mph",QB,Justin Fields,FielJu00,RB,David Montgomery,MontDa01,WR,Allen Robinson,RobiAl02,TE,Jimmy Graham,GrahJi00,TE,Jesse James,JameJe00,TE,Cole Kmet,KmetCo00,OL,James Daniels,DaniJa01,OL,Cody Whitehair,WhitCo03,OL,Jason Peters,PeteJa21,OL,Sam Mustipher,MustSa01,OL,Germain Ifedi,IfedGe00,DT,Bilal Nichols,NichBi00,DT,Akiem Hicks,HickAk00,DT,Eddie Goldman,GoldEd00,LB,Khalil Mack,MackKh00,LB,Alec Ogletree,OgleAl00,LB,Robert Quinn,QuinRo00,LB,Roquan Smith,SmitRo07,DB,Jaylon Johnson,JohnJa13,DB,Eddie Jackson,JackEd01,DB,Kindle Vildor,VildKi00,DB,Deon Bush,BushDe00,QB,Jared Goff,GoffJa00,RB,Jamaal Williams,WillJa06,WR,Quintez Cephus,CephQu00,WR,Kalif Raymond,RaymKa00,TE,Darren Fells,FellDa01,TE,T.J. Hockenson,HockTJ00,T,Penei Sewell,SewePe00,T,Matt Nelson,NelsMa00,G,Halapoulivaati Vaitai,VaitHa00,G,Jonah Jackson,JackJo03,C,Frank Ragnow,RagnFr00,DE,Nick Williams,WillNi01,DE,Michael Brockers,BrocMi00,NT,Alim McNeill,McNeAl00,OLB,Romeo Okwara,OkwaRo01,OLB,Charles Harris,HarrCh03,LB,Derrick Barnes,BarnDe02,LB,Alex Anzalone,AnzaAl00,CB,Amani Oruwariye,OruwAm00,S,Bobby Price,PricBo00,S,Will Harris,HarrWi02,S,Tracy Walker,WalkTr01,Referee,Shawn Smith,Umpire,Bryan Neale,Down Judge,Mark Hittner,Line Judge,Michael Dolce,Back Judge,Dino Paganelli,Side Judge,Dave Hawkshaw,Field Judge,Dyrol Prioleau
202110030dal,2021-10-03,Sunday,1:00pm,Dallas Cowboys,Carolina Panthers,dal,car,36,28,Mike McCarthy,Matt Rhule,AT&amp;T Stadium,93262,3:12,retractable roof (closed),matrixturf,,QB,Dak Prescott,PresDa01,RB,Ezekiel Elliott,ElliEz00,WR,Amari Cooper,CoopAm00,WR,CeeDee Lamb,LambCe00,TE,Dalton Schultz,SchuDa00,TE,Blake Jarwin,JarwBl00,T,Terence Steele,SteeTe01,T,Tyron Smith,SmitTy00,G,Connor Williams,WillCo00,G,Zack Martin,MartZa00,C,Tyler Biadasz,BiadTy00,DE,Randy Gregory,GregRa00,DE,Brent Urban,UrbaBr00,DE,Tarell Basham,BashTa00,DT,Osa Odighizuwa,OdigOs00,LB,Micah Parsons,ParsMi00,LB,Leighton Vander Esch,VandLe00,CB,Jourdan Lewis,LewiJo01,CB,Trevon Diggs,DiggTr00,CB,Anthony Brown,BrowAn02,S,Jayron Kearse,KearJa00,S,Damontae Kazee,KazeDa00,QB,Sam Darnold,DarnSa00,RB,Chuba Hubbard,HubbCh01,WR,Robbie Chosen,AndeRo04,WR,D.J. Moore,,WR,Terrace Marshall Jr.,MarsTe00,TE,Tommy Tremble,TremTo00,T,Cameron Erving,ErviCa00,T,Taylor Moton,MotoTa00,G,Dennis Daley,DaleDe00,G,John Miller,MillJo04,C,Matt Paradis,ParaMa00,DE,Morgan Fox,FoxxMo00,DE,Brian Burns,BurnBr00,DT,DaQuan Jones,JoneDa04,DT,Derrick Brown,BrowDe05,OLB,Haason Reddick,ReddHa00,LB,Jermaine Carter Jr.,CartJe00,LB,Shaq Thompson,ThomSh01,CB,Donte Jackson,JackDo02,CB,A.J. Bouye,,S,Jeremy Chinn,ChinJe00,S,Sean Chandler,ChanSe00,Referee,Jerome Boger,Umpire,Barry Anderson,Down Judge,Frank LeBlanc,Line Judge,Rusty Baynes,Back Judge,Steve Patrick,Side Judge,Jonah Monroe,Field Judge,Steve Zimmer
202110030den,2021-10-03,Sunday,4:25pm,Denver Broncos,Baltimore Ravens,den,rav,7,23,Vic Fangio,John Harbaugh,Empower Field at Mile High,76490,3:01,outdoors,grass,"77 degrees, relative humidity 14%, wind 11 mph",QB,Teddy Bridgewater,BridTe00,RB,Melvin Gordon,GordMe00,WR,Courtland Sutton,SuttCo00,WR,Tim Patrick,PatrTi00,TE,Noah Fant,FantNo00,TE,Albert Okwuegbunam,OkwuAl00,OL,Quinn Meinerz,MeinQu02,OT,Garett Bolles,BollGa00,T,Bobby Massie,MassBo00,G,Netane Muti,MutiNe00,C,Lloyd Cushenberry III,CushLl00,DE,Dre'Mont Jones,JoneDr00,DE,Shelby Harris,HarrSh00,NT,Mike Purcell,PurcMi00,OLB,Von Miller,MillVo00,OLB,Malik Reed,ReedMa01,LB,Alexander Johnson,JohnAl01,LB,Justin Strnad,StrnJu00,CB,Patrick Surtain II,SurtPa01,CB,Kyle Fuller,FullKy00,S,Kareem Jackson,JackKa99,S,Justin Simmons,SimmJu00,QB,Lamar Jackson,JackLa00,RB,Latavius Murray,MurrLa00,FB,Patrick Ricard,RicaPa00,WR,Marquise Brown,BrowMa04,WR,Sammy Watkins,WatkSa00,TE,Mark Andrews,AndrMa00,OL,Bradley Bozeman,BozeBr00,OL,Patrick Mekari,MekaPa00,OT,Alejandro Villanueva,VillAl00,OG,Kevin Zeitler,ZeitKe00,G,Ben Powers,PoweBe00,DE,Calais Campbell,CampCa99,DT,Nnamdi Madubuike,MaduJu00,DT,Brandon Williams,WillBr02,OLB,Justin Houston,HousJu00,OLB,Tyus Bowser,BowsTy00,LB,Patrick Queen,QueePa00,LB,Malik Harrison,HarrMa06,CB,Marlon Humphrey,HumpMa00,CB,Anthony Averett,AverAn00,DB,Brandon Stephens,StepBr01,S,Chuck Clark,ClarCh00,Referee,Craig Wrolstad,Umpire,Steve Woods,Down Judge,Jim Mello,Line Judge,Tripp Sutter,Back Judge,Grantis Bell,Side Judge,Jeff Lamberth,Field Judge,Terry Brown
202110030gnb,2021-10-03,Sunday,4:25pm,Green Bay Packers,Pittsburgh Steelers,gnb,pit,27,17,Matt LaFleur,Mike Tomlin,Lambeau Field,78281,3:03,outdoors,grass,"67 degrees, relative humidity 87%, wind 4 mph",QB,Aaron Rodgers,RodgAa00,RB,Aaron Jones,JoneAa00,WR,Davante Adams,AdamDa01,WR,Allen Lazard,LazaAl00,TE,Robert Tonyan,TonyRo00,TE,Marcedes Lewis,LewiMa00,OL,Josh Myers,MyerJo00,OL,Billy Turner,TurnBi00,OL,Royce Newman,NewmRo00,T,Yosh Nijman,NijmYo01,G,Jon Runyan Jr.,RunyJo00,DE,Kingsley Keke,KekeKi00,DE,Dean Lowry,LowrDe00,DE,Kenny Clark,ClarKe01,LB,Rashan Gary,GaryRa00,LB,De'Vondre Campbell,CampDe00,LB,Preston Smith,SmitPr00,CB,Eric Stokes,StokEr00,CB,Chandon Sullivan,SullCh00,CB,Jaire Alexander,AlexJa00,S,Darnell Savage Jr.,SavaDa00,S,Adrian Amos,AmosAd00,QB,Ben Roethlisberger,RoetBe00,RB,Najee Harris,HarrNa00,WR,JuJu Smith-Schuster,SmitJu00,WR,Diontae Johnson,JohnDi01,TE,Eric Ebron,EbroEr00,TE,Pat Freiermuth,FreiPa00,OL,Kevin Dotson,DotsKe00,OT,Dan Moore,MoorDa05,T,Joe Haeg,HaegJo00,G,Trai Turner,TurnTr01,C,Kendrick Green,GreeKe02,DE,Isaiah Buggs,BuggIs00,DT,Cameron Heyward,HeywCa01,DT,Chris Wormley,WormCh00,LB,Alex Highsmith,HighAl02,LB,Joe Schobert,SchoJo00,LB,T.J. Watt,,LB,Devin Bush Jr.,BushDe01,CB,Joe Haden,HadeJo99,CB,Cameron Sutton,SuttCa00,S,Minkah Fitzpatrick,FitzMi00,S,Terrell Edmunds,EdmuTe00,Referee,Scott Novak,Umpire,Ramon George,Down Judge,Derick Bowers,Line Judge,Walt Coleman IV,Back Judge,Terrence Miles,Side Judge,David Meslow,Field Judge,Mike Weatherford
202110030mia,2021-10-03,Sunday,1:00pm,Miami Dolphins,Indianapolis Colts,mia,clt,17,27,Brian Flores,Frank Reich,Hard Rock Stadium,64571,3:00,outdoors,grass,"85 degrees, relative humidity 57%, wind 16 mph",QB,Jacoby Brissett,BrisJa00,RB,Malcolm Brown,BrowMa03,WR,Jaylen Waddle,WaddJa00,WR,DeVante Parker,ParkDe01,TE,Durham Smythe,SmytDu00,TE,Adam Shaheen,ShahAd00,OL,Jesse Davis,DaviJe00,OL,Robert Hunt,HuntRo01,OL,Greg Mancz,MancGr00,T,Liam Eichenberg,EichLi00,T,Austin Jackson,JackAu00,DE,Emmanuel Ogbah,OgbaEm00,DT,Christian Wilkins,WilkCh00,DT,John Jenkins,JenkJo00,LB,Elandon Roberts,RobeEl00,LB,Brennan Scarlett,ScarBr00,LB,Andrew Van Ginkel,VanGAn00,LB,Jerome Baker,BakeJe00,CB,Nik Needham,NeedNi00,CB,Byron Jones,JoneBy00,CB,Xavien Howard,HowaXa00,DB,Jason McCourty,McCoJa99,QB,Carson Wentz,WentCa00,RB,Jonathan Taylor,TaylJo02,WR,Parris Campbell,CampPa00,WR,Michael Pittman Jr.,PittMi01,WR,Zach Pascal,PascZa00,TE,Mo Alie-Cox,AlieMo00,OT,Eric Fisher,FishEr00,T,Julién Davenport,DaveJu00,G,Chris Reed,ReedCh00,G,Mark Glowinski,GlowMa00,C,Ryan Kelly,KellRy00,DE,Al-Quadin Muhammad,MuhaAl00,DT,Grover Stewart,StewGr00,DT,Tyquan Lewis,LewiTy00,DT,DeForest Buckner,BuckDe00,LB,Bobby Okereke,OkerBo00,LB,Shaquille Leonard,LeonDa00,LB,Zaire Franklin,FranZa00,CB,Kenny Moore,MoorKe03,CB,Xavier Rhodes,RhodXa00,SAF,Julian Blackmon,BlacJu01,FS,Andrew Sendejo,SendAn00,Referee,Alex Kemp,Umpire,Rich Hall,Down Judge,Mike Carr,Line Judge,Jeff Bergman,Back Judge,Scott Helverson,Side Judge,Dale Shaw,Field Judge,John Jenkins
202110030min,2021-10-03,Sunday,1:00pm,Minnesota Vikings,Cleveland Browns,min,cle,7,14,Mike Zimmer,Kevin Stefanski,U.S. Bank Stadium,66703,3:10,dome,sportturf,,QB,Kirk Cousins,CousKi00,RB,Dalvin Cook,CookDa01,FB,C.J. Ham,,WR,Adam Thielen,ThieAd00,WR,Justin Jefferson,JeffJu00,TE,Tyler Conklin,ConkTy00,T,Brian O'Neill,ONeiBr00,T,Rashod Hill,HillRa01,G,Oli Udoh,UdohOl01,G,Ezra Cleveland,ClevEz00,C,Garrett Bradbury,BradGa00,DE,Danielle Hunter,HuntDa01,DE,D.J. Wonnum,WonnDJ00,DT,Michael Pierce,PierMi00,DT,Dalvin Tomlinson,TomlDa00,LB,Eric Kendricks,KendEr00,LB,Blake Lynch,LyncBl00,LB,Nick Vigil,VigiNi00,CB,Bashaud Breeland,BreeBa00,CB,Patrick Peterson,PetePa00,SAF,Harrison Smith,SmitHa00,SAF,Xavier Woods,WoodXa00,QB,Baker Mayfield,MayfBa00,RB,Nick Chubb,ChubNi00,WR,Odell Beckham Jr.,BeckOd00,WR,Donovan Peoples-Jones,PeopDo00,TE,David Njoku,NjokDa00,TE,Austin Hooper,HoopAu00,OT,Jedrick Wills Jr.,WillJe04,OT,Jack Conklin,ConkJa00,OG,Joel Bitonio,BitoJo00,G,Wyatt Teller,TellWy00,C,J.C. Tretter,TretJC00,DE,Myles Garrett,GarrMy00,DE,Jadeveon Clowney,ClowJa00,DT,Malik Jackson,JackMa02,DT,Malik McDowell,McDoMa00,LB,Jeremiah Owusu-Koramoah,OwusJe00,LB,Malcolm Smith,SmitMa02,LB,Sione Takitaki,TakiSi00,CB,Denzel Ward,WardDe02,CB,Greedy Williams,WillGr00,SAF,John Johnson,JohnJo10,SAF,Ronnie Harrison,HarrRo02,Referee,Tony Corrente,Umpire,Dan Ferrell,Down Judge,Patrick Turner,Line Judge,Tim Podraza,Back Judge,Todd Prukop,Side Judge,Don Willard,Field Judge,Anthony Jefferies
202110030nor,2021-10-03,Sunday,1:00pm,New Orleans Saints,New York Giants,nor,nyg,21,27,Sean Payton,Joe Judge,Caesars Superdome,69170,3:12,dome,sportturf,,QB,Jameis Winston,WinsJa00,RB,Alvin Kamara,KamaAl00,WR,Marquez Callaway,CallMa01,WR,Kenny Stills,StilKe00,WR,Taysom Hill,HillTa00,TE,Adam Trautman,TrauAd00,OL,James Hurst,HursJa00,OL,Calvin Throckmorton,ThroCa01,OL,Andrus Peat,PeatAn00,OL,Cesar Ruiz,RuizCe00,T,Ryan Ramczyk,RamcRy00,DE,Cameron Jordan,JordCa00,DE,Tanoh Kpassagnon,KpasTa00,DT,Christian Ringo,RingCh00,DT,Shy Tuttle,TuttSh00,LB,Demario Davis,DaviDe00,LB,Pete Werner,WernPe00,CB,Marshon Lattimore,LattMa01,CB,Paulson Adebo,AdebPa00,SS,Malcolm Jenkins,JenkMa99,S,C.J. Gardner-Johnson,GardCh00,S,Marcus Williams,WillMa06,QB,Daniel Jones,JoneDa05,RB,Saquon Barkley,BarkSa00,RB,Elijhaa Penny,PennEl00,WR,Kadarius Toney,ToneKa00,WR,Kenny Golladay,GollKe00,TE,Kaden Smith,SmitKa00,OL,Billy Price,PricBi01,T,Andrew Thomas,ThomAn02,T,Nate Solder,SoldNa00,G,Will Hernandez,HernWi00,C,Matt Skura,SkurMa01,DE,Leonard Williams,WillLe02,DT,Dexter Lawrence,LawrDe03,DT,Austin Johnson,JohnAu01,LB,Reggie Ragland,RaglRe00,LB,Tae Crowder,CrowTa00,LB,Lorenzo Carter,CartLo01,CB,James Bradberry,BradJa00,DB,Logan Ryan,RyanLo00,DB,Adoree' Jackson,JackAd00,S,Jabrill Peppers,PeppJa00,S,Xavier McKinney,McKiXa00,Referee,Brad Rogers,Umpire,Carl Paganelli,Down Judge,Kent Payne,Line Judge,Tom Eaton,Back Judge,Greg Steed,Side Judge,Dominique Pender,Field Judge,Aaron Santi
202110030nwe,2021-10-03,Sunday,8:20pm,New England Patriots,Tampa Bay Buccaneers,nwe,tam,17,19,Bill Belichick,Bruce Arians,Gillette Stadium,65878,3:17,outdoors,fieldturf,"62 degrees, relative humidity 84%, wind 4 mph",QB,Mac Jones,JoneMa05,RB,Damien Harris,HarrDa06,WR,Nelson Agholor,AghoNe00,WR,Kendrick Bourne,BourKe00,WR,Jakobi Meyers,MeyeJa01,TE,Hunter Henry,HenrHu00,OL,Isaiah Wynn,WynnIs00,OL,Michael Onwenu,OnweMi00,OL,Shaq Mason,MasoSh01,OL,Justin Herron,HerrJu00,C,David Andrews,AndrDa00,DE,Deatrich Wise Jr.,WiseDe00,DT,Lawrence Guy,GuyxLa00,DT,Davon Godchaux,GodcDa00,LB,Dont'a Hightower,HighDo01,LB,Matt Judon,JudoMa00,LB,Kyle Van Noy,VanNKy00,CB,Jalen Mills,MillJa02,DB,J.C. Jackson,,DB,Devin McCourty,McCoDe99,DB,Kyle Dugger,DuggKy00,DB,Adrian Phillips,PhilAd00,QB,Tom Brady,BradTo00,RB,Leonard Fournette,FourLe00,WR,Chris Godwin,GodwCh00,WR,Mike Evans,EvanMi00,TE,Cameron Brate,BratCa00,T,Tristan Wirfs,WirfTr00,T,Josh Wells,WellJo02,T,Donovan Smith,SmitDo02,G,Ali Marpet,MarpAl00,G,Alex Cappa,CappAl00,C,Ryan Jensen,JensRy00,DT,Ndamukong Suh,SuhxNd99,DT,Vita Vea,VeaxVi00,OLB,Joe Tryon-Shoyinka,TryoJo00,OLB,Shaquil Barrett,BarrSh00,MLB,Lavonte David,DaviLa00,LB,Devin White,WhitDe02,CB,Carlton Davis,DaviCa02,CB,Richard Sherman,SherRi00,CB,Ross Cockrell,CockRo00,SAF,Jordan Whitehead,WhitJo03,SAF,Antoine Winfield Jr.,WinfAn00,Referee,Bill Vinovich,Umpire,Tony Michalek,Down Judge,Patrick Holt,Line Judge,Mark Perlman,Back Judge,Jimmy Russell,Side Judge,Jimmy Buchanan,Field Judge,Joe Blubaugh
202110030nyj,2021-10-03,Sunday,1:00pm,New York Jets,Tennessee Titans,nyj,oti,27,24,Robert Saleh,Mike Vrabel,MetLife Stadium,70232,3:48,outdoors,fieldturf,"78 degrees, relative humidity 50%, wind 9 mph",QB,Zach Wilson,WilsZa00,RB,Michael Carter,CartMi03,WR,Keelan Cole,ColeKe00,WR,Corey Davis,DaviCo03,TE,Trevon Wesco,WescTr00,TE,Ryan Griffin,GrifRy00,OL,Connor McGovern,McGoCo00,OL,Alijah Vera-Tucker,VeraAl00,OL,Morgan Moses,MoseMo00,OT,George Fant,FantGe00,OG,Greg Van Roten,VanRGr00,DE,Bryce Huff,HuffBr00,DT,John Franklin-Myers,FranJo02,DT,Folorunso Fatukasi,FatuFo00,DT,Quinnen Williams,WillQu00,LB,C.J. Mosley,,LB,Jamien Sherwood,SherJa00,LB,Quincy Williams,WillQu01,CB,Bryce Hall,HallBr02,CB,Brandin Echols,EchoBr00,SAF,Jarrod Wilson,WilsJa00,SAF,Adrian Colbert,ColbAd00,QB,Ryan Tannehill,TannRy00,RB,Derrick Henry,HenrDe00,WR,Nick Westbrook-Ikhine,WestNi00,TE,Geoff Swaim,SwaiGe00,TE,Anthony Firkser,FirkAn00,TE,MyCole Pruitt,PruiMy00,OL,David Quessenberry,QuesDa00,OT,Taylor Lewan,LewaTa00,G,Nate Davis,DaviNa01,G,Rodger Saffold,SaffRo20,C,Ben Jones,JoneBe01,DE,Amani Bledsoe,BledAm01,DE,Denico Autry,AutrDe00,DT,Jeffery Simmons,SimmJe01,DT,Teair Tart,TartTe00,OLB,Harold Landry,LandHa00,LB,David Long,LongDa04,LB,Rashaan Evans,EvanRa01,CB,Jackrabbit Jenkins,JenkJa03,CB,Kristian Fulton,FultKr00,SAF,Kevin Byard,ByarKe01,DB,Dane Cruikshank,CruiDa00,Referee,Adrian Hill,Umpire,Roy Ellison,Down Judge,David Oliver,Line Judge,Mark Stewart,Back Judge,Keith Ferguson,Side Judge,Jim Quirk,Field Judge,Mearl Robinson
202110030phi,2021-10-03,Sunday,1:00pm,Philadelphia Eagles,Kansas City Chiefs,phi,kan,30,42,Nick Sirianni,Andy Reid,Lincoln Financial Field,69796,3:09,outdoors,grass,"73 degrees, relative humidity 69%, wind 8 mph",QB,Jalen Hurts,HurtJa00,RB,Miles Sanders,SandMi01,WR,Quez Watkins,WatkQu00,WR,DeVonta Smith,SmitDe07,WR,Jalen Reagor,ReagJa00,TE,Dallas Goedert,GoedDa00,OL,Landon Dickerson,DickLa00,T,Andre Dillard,DillAn00,T,Jack Driscoll,DrisJa00,G,Nate Herbig,HerbNa01,C,Jason Kelce,KelcJa00,DE,Derek Barnett,BarnDe01,DE,Josh Sweat,SweaJo00,DT,Fletcher Cox,CoxxFl00,DT,Javon Hargrave,HargJa00,LB,Eric Wilson,WilsEr00,LB,Alex Singleton,SingAl00,CB,Darius Slay,SlayDa00,CB,Steven Nelson,NelsSt01,CB,Avonte Maddox,MaddAv00,S,Rodney McLeod,McLeRo00,S,Anthony Harris,HarrAn01,QB,Patrick Mahomes,MahoPa00,RB,Clyde Edwards-Helaire,EdwaCl00,WR,Demarcus Robinson,RobiDe01,WR,Byron Pringle,PrinBy00,WR,Tyreek Hill,HillTy00,TE,Travis Kelce,KelcTr00,OL,Joe Thuney,ThunJo00,OL,Trey Smith,SmitTr05,OL,Lucas Niang,NianLu00,OL,Creed Humphrey,HumpCr00,T,Orlando Brown Jr.,BrowOr00,DE,Michael Danna,DannMi00,DT,Chris Jones,JoneCh09,DT,Derrick Nnadi,NnadDe00,DT,Jarran Reed,ReedJa02,LB,Anthony Hitchens,HitcAn00,LB,Nick Bolton,BoltNi00,CB,Mike Hughes,HughMi00,CB,L'Jarius Sneed,SneeLJ00,CB,Deandre Baker,BakeDe00,S,Tyrann Mathieu,MathTy00,S,Daniel Sorensen,SoreDa01,Referee,Land Clark,Umpire,Paul King,Down Judge,Tom Stephan,Line Judge,Brian Bolinger,Back Judge,Greg Meyer,Side Judge,Anthony Flemming,Field Judge,Michael Banks
202110030ram,2021-10-03,Sunday,4:05pm,Los Angeles Rams,Arizona Cardinals,ram,crd,20,37,Sean McVay,Kliff Kingsbury,SoFi Stadium,70003,3:05,dome,matrixturf,,QB,Matthew Stafford,StafMa00,RB,Darrell Henderson,HendDa00,WR,Robert Woods,WoodRo02,WR,Cooper Kupp,KuppCo00,WR,Van Jefferson,JeffVa00,TE,Tyler Higbee,HigbTy00,OL,Austin Corbett,CorbAu00,OL,Andrew Whitworth,WhitAn20,OL,Rob Havenstein,HaveRo00,OL,David Edwards,EdwaDa01,OL,Brian Allen,AlleBr02,DT,Sebastian Joseph-Day,JoseSe00,DT,A'Shawn Robinson,RobiAS00,DT,Aaron Donald,DonaAa00,OLB,Leonard Floyd,FloyLe00,OLB,Terrell Lewis,LewiTe00,LB,Kenny Young,YounKe03,CB,David Long,LongDa02,CB,Jalen Ramsey,RamsJa00,CB,Darious Williams,WillDa09,SAF,Jordan Fuller,FullJo01,SAF,Taylor Rapp,RappTa00,QB,Kyler Murray,MurrKy00,RB,Chase Edmonds,EdmoCh00,WR,A.J. Green,,WR,DeAndre Hopkins,HopkDe00,WR,Christian Kirk,KirkCh01,TE,Maxx Williams,WillMa04,OL,Justin Pugh,PughJu00,OL,Max Garcia,GarcMa00,OL,Rodney Hudson,HudsRo00,OL,D.J. Humphries,,OL,Josh Jones,JoneJo07,DE,J.J. Watt,,DT,Rashard Lawrence,LawrRa01,OLB,Chandler Jones,JoneCh03,OLB,Markus Golden,GoldMa00,MLB,Jordan Hicks,HickJo00,LB,Isaiah Simmons,SimmIs00,CB,Robert Alford,AlfoRo00,CB,Marco Wilson,WilsMa04,CB,Byron Murphy,MurpBy00,SAF,Jalen Thompson,ThomJa04,SAF,Budda Baker,BakeBu00,Referee,Shawn Hochuli,Umpire,Terry Killens,Down Judge,Ed Camp,Line Judge,Greg Bradley,Back Judge,Rich Martinez,Side Judge,Chad Hill,Field Judge,Tom Hill
202110030sfo,2021-10-03,Sunday,4:05pm,San Francisco 49ers,Seattle Seahawks,sfo,sea,21,28,Kyle Shanahan,Pete Carroll,Levi's Stadium,68912,3:09,outdoors,grass,"80 degrees, relative humidity 33%, no wind",QB,Jimmy Garoppolo,GaroJi00,RB,Trey Sermon,SermTr00,FB,Kyle Juszczyk,JuszKy00,WR,Brandon Aiyuk,AiyuBr00,WR,Deebo Samuel,SamuDe00,TE,George Kittle,KittGe00,OL,Laken Tomlinson,TomlLa01,OL,Daniel Brunskill,BrunDa00,T,Trent Williams,WillTr21,T,Mike McGlinchey,McGlMi00,C,Alex Mack,MackAl20,DE,Nick Bosa,BosaNi00,DE,Arik Armstead,ArmsAr01,DT,Javon Kinlaw,KinlJa00,DT,D.J. Jones,,LB,Fred Warner,WarnFr00,LB,Azeez Al-Shaair,AlShAz00,CB,Dre Kirkpatrick,KirkDr00,CB,Emmanuel Moseley,MoseEm00,CB,Dontae Johnson,JohnDo02,SAF,Jaquiski Tartt,TartJa00,DB,Jimmie Ward,WardJi01,QB,Russell Wilson,WilsRu00,RB,Chris Carson,CarsCh00,WR,Freddie Swain,SwaiFr00,WR,D.K. Metcalf,MetcDK00,WR,Tyler Lockett,LockTy00,TE,Will Dissly,DissWi00,OL,Kyle Fuller,FullKy01,T,Duane Brown,BrowDu20,T,Cedric Ogbuehi,OgbuCe00,G,Gabe Jackson,JackGa00,G,Damien Lewis,LewiDa05,DE,Kerry Hyder,HydeKe01,DE,Alton Robinson,RobiAl03,DE,Rasheem Green,GreeRa01,DT,Poona Ford,FordPo00,DT,Al Woods,WoodAl99,LB,Bobby Wagner,WagnBo00,LB,Jordyn Brooks,BrooJo01,CB,D.J. Reed,,CB,Sidney Jones,JoneSi00,SS,Jamal Adams,AdamJa00,FS,Quandre Diggs,DiggQu00,Referee,Carl Cheffers,Umpire,Tra Blake,Down Judge,Jerry Bergman,Line Judge,Jeff Seeman,Back Judge,Matt Edwards,Side Judge,Eugene Hall,Field Judge,Nathan Jones
202110040sdg,2021-10-04,Monday,8:15pm,Los Angeles Chargers,Las Vegas Raiders,sdg,rai,28,14,Brandon Staley,Jon Gruden,SoFi Stadium,70240,2:58,dome,matrixturf,,QB,Justin Herbert,HerbJu00,RB,Austin Ekeler,EkelAu00,WR,Mike Williams,WillMi07,WR,Jalen Guyton,GuytJa01,WR,Keenan Allen,AlleKe00,TE,Jared Cook,CookJa02,T,Storm Norton,NortSt00,T,Rashawn Slater,SlatRa00,G,Matt Feiler,FeilMa00,G,Oday Aboushi,AbouOd00,C,Corey Linsley,LinsCo00,DT,Linval Joseph,JoseLi99,DT,Jerry Tillery,TillJe00,OLB,Joey Bosa,BosaJo00,OLB,Uchenna Nwosu,NwosUc00,LB,Kyzir White,WhitKy00,LB,Drue Tranquill,TranDr00,CB,Michael Davis,DaviMi03,CB,Asante Samuel Jr.,SamuAs00,S,Derwin James,JameDe00,S,Alohi Gilman,GilmAl00,S,Nasir Adderley,AddeNa00,QB,Derek Carr,CarrDe02,RB,Josh Jacobs,JacoJo01,WR,Henry Ruggs III,RuggHe00,WR,Bryan Edwards,EdwaBr01,WR,Hunter Renfrow,RenfHu00,TE,Darren Waller,WallDa01,OL,Jermaine Eluemunor,ElueJe00,T,Alex Leatherwood,LeatAl00,T,Kolton Miller,MillKo00,G,John Simpson,SimpJo00,C,Andre James,JameAn01,DE,Yannick Ngakoue,NgakYa00,DE,Maxx Crosby,CrosMa00,DT,Johnathan Hankins,HankJo00,DT,Quinton Jefferson,JeffQu00,LB,Cory Littleton,LittCo01,LB,Denzel Perryman,PerrDe00,CB,Casey Hayward,HaywCa00,CB,Nate Hobbs,HobbNa00,CB,Trayvon Mullen,MullTr00,S,Tre'von Moehrig,MoehTr00,S,Johnathan Abram,AbraJo01,Referee,John Hussey,Umpire,Alan Eck,Down Judge,Sarah Thomas,Line Judge,Carl Johnson,Back Judge,Brad Freeman,Side Judge,Allen Baynes,Field Judge,Jabir Walker
202110070sea,2021-10-07,Thursday,8:20pm,Seattle Seahawks,Los Angeles Rams,sea,ram,17,26,Pete Carroll,Sean McVay,Lumen Field,68747,3:05,outdoors,fieldturf,"56 degrees, relative humidity 53%, wind 8 mph",QB,Russell Wilson,WilsRu00,RB,Alex Collins,CollAl00,WR,Freddie Swain,SwaiFr00,WR,D.K. Metcalf,MetcDK00,WR,Tyler Lockett,LockTy00,TE,Will Dissly,DissWi00,T,Duane Brown,BrowDu20,T,Brandon Shell,ShelBr00,G,Gabe Jackson,JackGa00,G,Damien Lewis,LewiDa05,C,Kyle Fuller,FullKy01,DE,Rasheem Green,GreeRa01,DE,Kerry Hyder,HydeKe01,DT,Al Woods,WoodAl99,DT,Poona Ford,FordPo00,LB,Jordyn Brooks,BrooJo01,LB,Bobby Wagner,WagnBo00,CB,Sidney Jones,JoneSi00,CB,D.J. Reed,,SS,Jamal Adams,AdamJa00,FS,Quandre Diggs,DiggQu00,FS,Ugo Amadi,AmadUg00,QB,Matthew Stafford,StafMa00,RB,Darrell Henderson,HendDa00,WR,Robert Woods,WoodRo02,WR,Cooper Kupp,KuppCo00,WR,Van Jefferson,JeffVa00,TE,Tyler Higbee,HigbTy00,T,Andrew Whitworth,WhitAn20,T,Rob Havenstein,HaveRo00,G,Austin Corbett,CorbAu00,G,David Edwards,EdwaDa01,C,Brian Allen,AlleBr02,DT,Greg Gaines,GainGr00,DT,Michael Hoecht,HoecMi00,DT,Sebastian Joseph-Day,JoseSe00,DT,Aaron Donald,DonaAa00,OLB,Leonard Floyd,FloyLe00,LB,Kenny Young,YounKe03,CB,Jalen Ramsey,RamsJa00,CB,Darious Williams,WillDa09,DB,Robert Rochell,RochRo00,S,Jordan Fuller,FullJo01,S,Taylor Rapp,RappTa00,Referee,Ron Torbert,Umpire,Mark Pellis,Down Judge,Kevin Codey,Line Judge,Mark Steinkerchner,Back Judge,Tony Josselyn,Side Judge,Keith Washington,Field Judge,Ryan Dickson
202110100atl,2021-10-10,Sunday,9:30am,Atlanta Falcons,New York Jets,atl,nyj,27,20,Arthur Smith,Robert Saleh,Tottenham Stadium,60589,2:56,outdoors,grass,"63 degrees, relative humidity 77%, wind 8 mph",QB,Matt Ryan,RyanMa00,RB,Mike Davis,DaviMi01,WR,Olamide Zaccheaus,ZaccOl01,WR,Tajae Sharpe,SharTa00,TE,Kyle Pitts,PittKy00,TE,Hayden Hurst,HursHa00,T,Kaleb McGary,McGaKa00,T,Jake Matthews,MattJa00,G,Jalen Mayfield,MayfJa00,G,Chris Lindstrom,LindCh00,C,Matt Hennessy,HennMa00,DE,Jonathan Bullard,BullJo00,DT,Grady Jarrett,JarrGr00,DT,Tyeler Davison,DaviTy01,OLB,Steven Means,MeanSt00,OLB,Dante Fowler,FowlDa00,MLB,Deion Jones,JoneDe01,MLB,Foyesade Oluokun,OluoFo00,CB,Fabian Moreau,MoreFa00,CB,AJ Terrell,TerrAJ00,SS,Jaylinn Hawkins,HawkJa00,S,Duron Harmon,HarmDu00,QB,Zach Wilson,WilsZa00,RB,Michael Carter,CartMi03,WR,Keelan Cole,ColeKe00,WR,Corey Davis,DaviCo03,TE,Trevon Wesco,WescTr00,TE,Ryan Griffin,GrifRy00,T,George Fant,FantGe00,T,Morgan Moses,MoseMo00,G,Greg Van Roten,VanRGr00,G,Alijah Vera-Tucker,VeraAl00,C,Connor McGovern,McGoCo00,DE,Bryce Huff,HuffBr00,DT,John Franklin-Myers,FranJo02,DT,Folorunso Fatukasi,FatuFo00,DT,Quinnen Williams,WillQu00,LB,C.J. Mosley,,LB,Jamien Sherwood,SherJa00,LB,Quincy Williams,WillQu01,CB,Bryce Hall,HallBr02,CB,Brandin Echols,EchoBr00,S,Sharrod Neasman,NeasSh00,S,Jarrod Wilson,WilsJa00,Referee,Tony Corrente,Umpire,Dan Ferrell,Down Judge,Patrick Turner,Line Judge,Tim Podraza,Back Judge,Todd Prukop,Side Judge,Don Willard,Field Judge,Anthony Jefferies
202110100car,2021-10-10,Sunday,1:00pm,Carolina Panthers,Philadelphia Eagles,car,phi,18,21,Matt Rhule,Nick Sirianni,Bank of America Stadium,72545,3:10,outdoors,grass,"76 degrees, relative humidity 60%, wind 13 mph",QB,Sam Darnold,DarnSa00,RB,Chuba Hubbard,HubbCh01,WR,Robbie Chosen,AndeRo04,WR,D.J. Moore,,WR,Terrace Marshall Jr.,MarsTe00,TE,Tommy Tremble,TremTo00,T,Brady Christensen,ChriBr00,T,Taylor Moton,MotoTa00,G,Dennis Daley,DaleDe00,G,John Miller,MillJo04,C,Matt Paradis,ParaMa00,DE,Morgan Fox,FoxxMo00,DE,Brian Burns,BurnBr00,DT,DaQuan Jones,JoneDa04,DT,Derrick Brown,BrowDe05,OLB,Haason Reddick,ReddHa00,LB,Jermaine Carter Jr.,CartJe00,LB,Frankie Luvu,LuvuFr00,CB,Donte Jackson,JackDo02,CB,A.J. Bouye,,S,Jeremy Chinn,ChinJe00,S,Sean Chandler,ChanSe00,QB,Jalen Hurts,HurtJa00,RB,Miles Sanders,SandMi01,WR,Quez Watkins,WatkQu00,WR,DeVonta Smith,SmitDe07,WR,Jalen Reagor,ReagJa00,TE,Zach Ertz,ErtzZa00,T,Andre Dillard,DillAn00,T,Jordan Mailata,MailJo00,G,Landon Dickerson,DickLa00,G,Jack Driscoll,DrisJa00,C,Jason Kelce,KelcJa00,DE,Derek Barnett,BarnDe01,DE,Josh Sweat,SweaJo00,DT,Javon Hargrave,HargJa00,DT,Fletcher Cox,CoxxFl00,LB,Alex Singleton,SingAl00,LB,Genard Avery,AverGe00,CB,Steven Nelson,NelsSt01,CB,Avonte Maddox,MaddAv00,CB,Darius Slay,SlayDa00,S,Rodney McLeod,McLeRo00,S,Anthony Harris,HarrAn01,Referee,Shawn Hochuli,Umpire,Terry Killens,Down Judge,Ed Camp,Line Judge,Greg Bradley,Back Judge,Rich Martinez,Side Judge,Chad Hill,Field Judge,Tom Hill
202110100cin,2021-10-10,Sunday,1:00pm,Cincinnati Bengals,Green Bay Packers,cin,gnb,22,25,Zac Taylor,Matt LaFleur,Paul Brown Stadium,64195,3:22,outdoors,fieldturf,"76 degrees, relative humidity 67%, wind 12 mph",QB,Joe Burrow,BurrJo01,RB,Joe Mixon,MixoJo00,WR,Tyler Boyd,BoydTy00,WR,Ja'Marr Chase,ChasJa00,WR,Tee Higgins,HiggTe00,TE,C.J. Uzomah,,T,Jonah Williams,WillJo10,T,Riley Reiff,ReifRi00,G,Jackson Carman,CarmJa00,G,Quinton Spain,SpaiQu00,C,Trey Hopkins,HopkTr01,DE,Trey Hendrickson,HendTr00,DE,Sam Hubbard,HubbSa00,DT,Larry Ogunjobi,OgunLa00,DT,Josh Tupou,TupoJo00,DT,D.J. Reader,,LB,Logan Wilson,WilsLo00,LB,Germaine Pratt,PratGe00,CB,Trae Waynes,WaynTr00,CB,Chidobe Awuzie,AwuzCh00,S,Vonn Bell,BellVo00,S,Jessie Bates III,BateJe00,QB,Aaron Rodgers,RodgAa00,RB,Aaron Jones,JoneAa00,WR,Davante Adams,AdamDa01,WR,Allen Lazard,LazaAl00,TE,Robert Tonyan,TonyRo00,TE,Marcedes Lewis,LewiMa00,T,Billy Turner,TurnBi00,T,Yosh Nijman,NijmYo01,G,Royce Newman,NewmRo00,G,Jon Runyan Jr.,RunyJo00,C,Lucas Patrick,PatrLu00,DE,Dean Lowry,LowrDe00,DE,Kenny Clark,ClarKe01,LB,Rashan Gary,GaryRa00,LB,De'Vondre Campbell,CampDe00,LB,Preston Smith,SmitPr00,LB,Oren Burks,BurkOr00,CB,Kevin King,KingKe01,CB,Eric Stokes,StokEr00,CB,Chandon Sullivan,SullCh00,S,Darnell Savage Jr.,SavaDa00,S,Adrian Amos,AmosAd00,Referee,Bill Vinovich,Umpire,Tony Michalek,Down Judge,Patrick Holt,Line Judge,Mark Perlman,Back Judge,Jimmy Russell,Side Judge,Jimmy Buchanan,Field Judge,Joe Blubaugh
202110100crd,2021-10-10,Sunday,4:25pm,Arizona Cardinals,San Francisco 49ers,crd,sfo,17,10,Kliff Kingsbury,Kyle Shanahan,State Farm Stadium,62716,3:03,retractable roof (closed),grass,,QB,Kyler Murray,MurrKy00,RB,Chase Edmonds,EdmoCh00,WR,Christian Kirk,KirkCh01,WR,DeAndre Hopkins,HopkDe00,WR,A.J. Green,,TE,Maxx Williams,WillMa04,T,D.J. Humphries,,T,Kelvin Beachum,BeacKe00,G,Josh Jones,JoneJo07,G,Justin Pugh,PughJu00,C,Rodney Hudson,HudsRo00,DE,J.J. Watt,,DE,Zach Allen,AlleZa01,DT,Rashard Lawrence,LawrRa01,DT,Corey Peters,PeteCo00,OLB,Chandler Jones,JoneCh03,MLB,Jordan Hicks,HickJo00,LB,Zaven Collins,CollZa00,LB,Isaiah Simmons,SimmIs00,CB,Antonio Hamilton,HamiAn01,CB,Robert Alford,AlfoRo00,S,Budda Baker,BakeBu00,QB,Trey Lance,LancTr00,RB,Elijah Mitchell,MitcEl00,FB,Kyle Juszczyk,JuszKy00,WR,Deebo Samuel,SamuDe00,WR,Brandon Aiyuk,AiyuBr00,TE,Ross Dwelley,DwelRo00,T,Trent Williams,WillTr21,T,Mike McGlinchey,McGlMi00,G,Laken Tomlinson,TomlLa01,G,Daniel Brunskill,BrunDa00,C,Alex Mack,MackAl20,DE,Nick Bosa,BosaNi00,DE,Arik Armstead,ArmsAr01,DT,Javon Kinlaw,KinlJa00,DT,D.J. Jones,,LB,Fred Warner,WarnFr00,LB,Azeez Al-Shaair,AlShAz00,CB,Dontae Johnson,JohnDo02,CB,Emmanuel Moseley,MoseEm00,CB,Josh Norman,NormJo01,DB,Jimmie Ward,WardJi01,S,Jaquiski Tartt,TartJa00,Referee,Clay Martin,Umpire,Fred Bryan,Down Judge,Jerod Phillips,Line Judge,Maia Chaka,Back Judge,Greg Wilson,Side Judge,Joe Larrew,Field Judge,James Coleman
202110100dal,2021-10-10,Sunday,4:25pm,Dallas Cowboys,New York Giants,dal,nyg,44,20,Mike McCarthy,Joe Judge,AT&amp;T Stadium,93476,3:14,retractable roof (closed),matrixturf,,QB,Dak Prescott,PresDa01,RB,Ezekiel Elliott,ElliEz00,WR,Cedrick Wilson Jr.,WilsCe01,WR,Amari Cooper,CoopAm00,WR,CeeDee Lamb,LambCe00,TE,Dalton Schultz,SchuDa00,T,Terence Steele,SteeTe01,T,Tyron Smith,SmitTy00,G,Zack Martin,MartZa00,G,Connor Williams,WillCo00,C,Tyler Biadasz,BiadTy00,DE,Tarell Basham,BashTa00,DE,Randy Gregory,GregRa00,DE,Brent Urban,UrbaBr00,DT,Osa Odighizuwa,OdigOs00,LB,Micah Parsons,ParsMi00,LB,Leighton Vander Esch,VandLe00,CB,Trevon Diggs,DiggTr00,CB,Anthony Brown,BrowAn02,S,Jayron Kearse,KearJa00,S,Damontae Kazee,KazeDa00,S,Malik Hooker,HookMa00,QB,Daniel Jones,JoneDa05,RB,Saquon Barkley,BarkSa00,WR,Kenny Golladay,GollKe00,TE,Evan Engram,EngrEv00,TE,Kaden Smith,SmitKa00,TE,Kyle Rudolph,RudoKy00,T,Nate Solder,SoldNa00,T,Matt Peart,PearMa00,G,Will Hernandez,HernWi00,G,Matt Skura,SkurMa01,C,Billy Price,PricBi01,DE,Leonard Williams,WillLe02,DT,Austin Johnson,JohnAu01,LB,Lorenzo Carter,CartLo01,LB,Tae Crowder,CrowTa00,LB,Azeez Ojulari,OjulAz00,LB,Reggie Ragland,RaglRe00,CB,James Bradberry,BradJa00,DB,Logan Ryan,RyanLo00,DB,Adoree' Jackson,JackAd00,S,Xavier McKinney,McKiXa00,S,Julian Love,LoveJu00,Referee,John Hussey,Umpire,Alan Eck,Down Judge,Sarah Thomas,Line Judge,Carl Johnson,Back Judge,Brad Freeman,Side Judge,Allen Baynes,Field Judge,Jabir Walker
202110100htx,2021-10-10,Sunday,1:00pm,Houston Texans,New England Patriots,htx,nwe,22,25,David Culley,Bill Belichick,NRG Stadium,68450,3:01,retractable roof (closed),astroturf,,QB,Davis Mills,MillDa02,RB,Mark Ingram,IngrMa01,WR,Chris Conley,ConlCh00,WR,Brandin Cooks,CookBr00,TE,Antony Auclair,AuclAn00,TE,Pharaoh Brown,BrowPh01,T,Laremy Tunsil,TunsLa00,T,Charlie Heck,HeckCh00,G,Tytus Howard,HowaTy00,G,Max Scharping,SchaMa01,C,Justin Britt,BritJu00,DE,Jonathan Greenard,GreeJo04,DE,Jacob Martin,MartJa02,DT,Roy Lopez,LopeRo00,DT,Maliek Collins,CollMa00,LB,Kamu Grugier-Hill,GrugKa00,LB,Zach Cunningham,CunnZa00,LB,Christian Kirksey,KirkCh00,DB,Lonnie Johnson Jr.,JohnLo01,DB,Desmond King,KingDe01,DB,Terrance Mitchell,MitcTe00,DB,Justin Reid,ReidJu00,QB,Mac Jones,JoneMa05,RB,Damien Harris,HarrDa06,WR,Nelson Agholor,AghoNe00,WR,Jakobi Meyers,MeyeJa01,TE,Jonnu Smith,SmitJo01,TE,Hunter Henry,HenrHu00,T,Yodny Cajuste,CajuYo00,T,Justin Herron,HerrJu00,G,James Ferentz,FereJa00,G,Ted Karras,KarrTe00,C,David Andrews,AndrDa00,DE,Deatrich Wise Jr.,WiseDe00,DT,Lawrence Guy,GuyxLa00,DT,Davon Godchaux,GodcDa00,LB,Dont'a Hightower,HighDo01,LB,Matt Judon,JudoMa00,LB,Ja'Whaun Bentley,BentJa00,CB,Joejuan Williams,WillJo13,DB,J.C. Jackson,,DB,Devin McCourty,McCoDe99,DB,Adrian Phillips,PhilAd00,DB,Kyle Dugger,DuggKy00,Referee,Scott Novak,Umpire,Ramon George,Down Judge,Derick Bowers,Line Judge,Walt Coleman IV,Back Judge,Terrence Miles,Side Judge,David Meslow,Field Judge,Mike Weatherford
202110100jax,2021-10-10,Sunday,1:00pm,Jacksonville Jaguars,Tennessee Titans,jax,oti,19,37,Urban Meyer,Mike Vrabel,TIAA Bank Stadium,58282,3:07,outdoors,grass,"78 degrees, relative humidity 71%, wind 11 mph",QB,Trevor Lawrence,LawrTr00,RB,James Robinson,RobiJa00,WR,Laviska Shenault Jr.,ShenLa00,WR,Marvin Jones,JoneMa02,TE,Chris Manhertz,ManhCh00,TE,Jacob Hollister,HollJa03,T,Jawaan Taylor,TaylJa02,T,Cam Robinson,RobiCa00,G,Ben Bartch,BartBe00,G,Andrew Norwell,NorwAn01,C,Brandon Linder,LindBr00,DE,Adam Gotsis,GotsAd00,DE,Josh Hines-Allen,AlleJo03,DT,DaVon Hamilton,HamiDa02,DT,Malcom Brown,BrowMa01,LB,Myles Jack,JackMy00,LB,K'Lavon Chaisson,ChaiKL00,LB,Damien Wilson,WilsDa02,CB,Shaquill Griffin,GrifSh00,DB,Chris Claybrooks,ClayCh02,S,Rayshawn Jenkins,JenkRa00,S,Andrew Wingard,WingAn01,QB,Ryan Tannehill,TannRy00,RB,Derrick Henry,HenrDe00,FB,Khari Blasingame,BlasKh00,WR,Marcus Johnson,JohnMa07,WR,A.J. Brown,BrowAJ00,TE,Geoff Swaim,SwaiGe00,T,Taylor Lewan,LewaTa00,T,David Quessenberry,QuesDa00,G,Nate Davis,DaviNa01,G,Rodger Saffold,SaffRo20,C,Ben Jones,JoneBe01,DE,Amani Bledsoe,BledAm01,DE,Denico Autry,AutrDe00,DT,Teair Tart,TartTe00,DT,Jeffery Simmons,SimmJe01,OLB,Harold Landry,LandHa00,LB,David Long,LongDa04,LB,Rashaan Evans,EvanRa01,CB,Jackrabbit Jenkins,JenkJa03,CB,Kristian Fulton,FultKr00,DB,Dane Cruikshank,CruiDa00,S,Kevin Byard,ByarKe01,Referee,Alex Kemp,Umpire,Rich Hall,Down Judge,Mike Carr,Line Judge,Jeff Bergman,Back Judge,Scott Helverson,Side Judge,Dale Shaw,Field Judge,John Jenkins
202110100kan,2021-10-10,Sunday,8:20pm,Kansas City Chiefs,Buffalo Bills,kan,buf,20,38,Andy Reid,Sean McDermott,GEHA Field at Arrowhead Stadium,73389,4:14,outdoors,grass,"76 degrees, relative humidity 52%, no wind",QB,Patrick Mahomes,MahoPa00,RB,Clyde Edwards-Helaire,EdwaCl00,WR,Demarcus Robinson,RobiDe01,WR,Mecole Hardman,HardMe00,WR,Tyreek Hill,HillTy00,TE,Travis Kelce,KelcTr00,T,Orlando Brown Jr.,BrowOr00,T,Trey Smith,SmitTr05,G,Lucas Niang,NianLu00,G,Joe Thuney,ThunJo00,C,Creed Humphrey,HumpCr00,DE,Michael Danna,DannMi00,DE,Frank Clark,ClarFr01,DT,Derrick Nnadi,NnadDe00,DT,Jarran Reed,ReedJa02,LB,Anthony Hitchens,HitcAn00,LB,Ben Niemann,NiemBe00,LB,Nick Bolton,BoltNi00,CB,Rashad Fenton,FentRa00,CB,L'Jarius Sneed,SneeLJ00,S,Tyrann Mathieu,MathTy00,S,Daniel Sorensen,SoreDa01,QB,Josh Allen,AlleJo02,RB,Devin Singletary,SingDe00,FB,Reggie Gilliam,GillRe00,WR,Stefon Diggs,DiggSt00,WR,Jake Kumerow,KumeJa00,TE,Dawson Knox,KnoxDa00,T,Spencer Brown,BrowSp00,T,Dion Dawkins,DawkDi00,G,Jon Feliciano,FeliJo00,G,Daryl Williams,WillDa06,C,Mitch Morse,MorsMi00,DE,Jerry Hughes,HughJe99,DE,Gregory Rousseau,RousGr00,DT,Star Lotulelei,LotuSt00,DT,Ed Oliver,OlivEd00,LB,A.J. Klein,KleiAJ00,LB,Tremaine Edmunds,EdmuTr01,CB,Taron Johnson,JohnTa01,CB,Levi Wallace,WallLe00,CB,Tre'Davious White,WhitTr01,S,Micah Hyde,HydeMi00,S,Jordan Poyer,PoyeJo00,Referee,Carl Cheffers,Umpire,Tra Blake,Down Judge,Jerry Bergman,Line Judge,Jeff Seeman,Back Judge,Matt Edwards,Side Judge,Eugene Hall,Field Judge,Nathan Jones
202110100min,2021-10-10,Sunday,1:00pm,Minnesota Vikings,Detroit Lions,min,det,19,17,Mike Zimmer,Dan Campbell,U.S. Bank Stadium,66538,2:55,dome,sportturf,,QB,Kirk Cousins,CousKi00,RB,Alexander Mattison,MattAl01,WR,Justin Jefferson,JeffJu00,WR,K.J. Osborn,OsboKJ00,WR,Adam Thielen,ThieAd00,TE,Tyler Conklin,ConkTy00,T,Rashod Hill,HillRa01,T,Brian O'Neill,ONeiBr00,G,Oli Udoh,UdohOl01,G,Ezra Cleveland,ClevEz00,C,Garrett Bradbury,BradGa00,DE,Everson Griffen,GrifEv99,DE,Danielle Hunter,HuntDa01,DT,Armon Watts,WattAr01,DT,Dalvin Tomlinson,TomlDa00,LB,Anthony Barr,BarrAn00,LB,Eric Kendricks,KendEr00,CB,Patrick Peterson,PetePa00,CB,Bashaud Breeland,BreeBa00,CB,Mackensie Alexander,AlexMa01,S,Harrison Smith,SmitHa00,S,Xavier Woods,WoodXa00,QB,Jared Goff,GoffJa00,RB,Jamaal Williams,WillJa06,WR,Quintez Cephus,CephQu00,WR,Amon-Ra St. Brown,StxxAm00,WR,Kalif Raymond,RaymKa00,TE,T.J. Hockenson,HockTJ00,T,Penei Sewell,SewePe00,T,Matt Nelson,NelsMa00,G,Halapoulivaati Vaitai,VaitHa00,G,Jonah Jackson,JackJo03,C,Evan Brown,BrowEv00,DE,Nick Williams,WillNi01,DE,Michael Brockers,BrocMi00,OLB,Charles Harris,HarrCh03,OLB,Trey Flowers,FlowTr00,LB,Jalen Reeves-Maybin,ReevJa00,LB,Alex Anzalone,AnzaAl00,CB,Amani Oruwariye,OruwAm00,CB,AJ Parker,ParkAJ00,CB,Jerry Jacobs,JacoJe00,S,Will Harris,HarrWi02,S,Tracy Walker,WalkTr01,Referee,Clete Blakeman,Umpire,Tab Slaughter,Down Judge,Dana McKenzie,Line Judge,Julian Mapp,Back Judge,Perry Paganelli,Side Judge,Clay Reynard,Field Judge,Scott Edwards
202110100pit,2021-10-10,Sunday,1:00pm,Pittsburgh Steelers,Denver Broncos,pit,den,27,19,Mike Tomlin,Vic Fangio,Heinz Field,59841,3:04,outdoors,grass,"71 degrees, relative humidity 61%, wind 9 mph",QB,Ben Roethlisberger,RoetBe00,RB,Najee Harris,HarrNa00,WR,Chase Claypool,ClayCh01,WR,JuJu Smith-Schuster,SmitJu00,WR,Diontae Johnson,JohnDi01,TE,Zach Gentry,GentZa00,T,Chukwuma Okorafor,OkorCh00,T,Dan Moore,MoorDa05,G,Trai Turner,TurnTr01,G,Kevin Dotson,DotsKe00,C,Kendrick Green,GreeKe02,DT,Cameron Heyward,HeywCa01,DT,Chris Wormley,WormCh00,LB,Alex Highsmith,HighAl02,LB,Joe Schobert,SchoJo00,LB,Devin Bush Jr.,BushDe01,LB,T.J. Watt,,CB,Arthur Maulet,MaulAr00,CB,James Pierre,PierJa01,CB,Joe Haden,HadeJo99,S,Terrell Edmunds,EdmuTe00,S,Minkah Fitzpatrick,FitzMi00,QB,Teddy Bridgewater,BridTe00,RB,Melvin Gordon,GordMe00,WR,Courtland Sutton,SuttCo00,WR,Tim Patrick,PatrTi00,TE,Noah Fant,FantNo00,TE,Eric Saubert,SaubEr00,T,Garett Bolles,BollGa00,T,Bobby Massie,MassBo00,G,Graham Glasgow,GlasGr00,G,Dalton Risner,RisnDa00,C,Lloyd Cushenberry III,CushLl00,DE,Shelby Harris,HarrSh00,NT,Mike Purcell,PurcMi00,OLB,Von Miller,MillVo00,OLB,Malik Reed,ReedMa01,LB,Alexander Johnson,JohnAl01,LB,Justin Strnad,StrnJu00,CB,Bryce Callahan,CallBr00,CB,Patrick Surtain II,SurtPa01,CB,Kyle Fuller,FullKy00,S,Justin Simmons,SimmJu00,S,Kareem Jackson,JackKa99,Referee,Brad Rogers,Umpire,Carl Paganelli,Down Judge,Kent Payne,Line Judge,Tom Eaton,Back Judge,Greg Steed,Side Judge,Dominique Pender,Field Judge,Aaron Santi
202110100rai,2021-10-10,Sunday,4:05pm,Las Vegas Raiders,Chicago Bears,rai,chi,9,20,Jon Gruden,Matt Nagy,Allegiant Stadium,59122,3:07,dome,grass,,QB,Derek Carr,CarrDe02,RB,Josh Jacobs,JacoJo01,WR,Bryan Edwards,EdwaBr01,WR,Henry Ruggs III,RuggHe00,WR,Hunter Renfrow,RenfHu00,TE,Darren Waller,WallDa01,T,Kolton Miller,MillKo00,T,Brandon Parker,ParkBr01,G,Alex Leatherwood,LeatAl00,G,John Simpson,SimpJo00,C,Andre James,JameAn01,DE,Yannick Ngakoue,NgakYa00,DE,Maxx Crosby,CrosMa00,DT,Quinton Jefferson,JeffQu00,DT,Johnathan Hankins,HankJo00,LB,Cory Littleton,LittCo01,LB,Denzel Perryman,PerrDe00,LB,K.J. Wright,,CB,Casey Hayward,HaywCa00,CB,Amik Robertson,RobeAm00,S,Johnathan Abram,AbraJo01,S,Tre'von Moehrig,MoehTr00,QB,Justin Fields,FielJu00,RB,Damien Williams,WillDa05,WR,Allen Robinson,RobiAl02,WR,Darnell Mooney,MoonDa00,TE,Cole Kmet,KmetCo00,T,Alex Bars,BarsAl01,T,Germain Ifedi,IfedGe00,T,Jason Peters,PeteJa21,G,James Daniels,DaniJa01,G,Cody Whitehair,WhitCo03,C,Sam Mustipher,MustSa01,DT,Bilal Nichols,NichBi00,DT,Eddie Goldman,GoldEd00,LB,Khalil Mack,MackKh00,LB,Alec Ogletree,OgleAl00,LB,Robert Quinn,QuinRo00,LB,Roquan Smith,SmitRo07,DB,Jaylon Johnson,JohnJa13,DB,Eddie Jackson,JackEd01,DB,Duke Shelley,ShelDu00,DB,Kindle Vildor,VildKi00,DB,Tashaun Gipson,GipsTa00,Referee,Craig Wrolstad,Umpire,Steve Woods,Down Judge,Jim Mello,Line Judge,Tripp Sutter,Back Judge,Grantis Bell,Side Judge,Jeff Lamberth,Field Judge,Terry Brown
202110100sdg,2021-10-10,Sunday,4:05pm,Los Angeles Chargers,Cleveland Browns,sdg,cle,47,42,Brandon Staley,Kevin Stefanski,SoFi Stadium,70240,3:21,dome,matrixturf,,QB,Justin Herbert,HerbJu00,RB,Austin Ekeler,EkelAu00,WR,Mike Williams,WillMi07,WR,Keenan Allen,AlleKe00,TE,Jared Cook,CookJa02,TE,Donald Parham,ParhDo00,T,Rashawn Slater,SlatRa00,T,Storm Norton,NortSt00,G,Matt Feiler,FeilMa00,G,Oday Aboushi,AbouOd00,C,Corey Linsley,LinsCo00,DT,Linval Joseph,JoseLi99,DT,Jerry Tillery,TillJe00,DT,Christian Covington,CoviCh00,OLB,Uchenna Nwosu,NwosUc00,OLB,Joey Bosa,BosaJo00,LB,Drue Tranquill,TranDr00,LB,Kyzir White,WhitKy00,CB,Michael Davis,DaviMi03,CB,Asante Samuel Jr.,SamuAs00,S,Derwin James,JameDe00,S,Nasir Adderley,AddeNa00,QB,Baker Mayfield,MayfBa00,RB,Nick Chubb,ChubNi00,WR,Odell Beckham Jr.,BeckOd00,TE,David Njoku,NjokDa00,TE,Harrison Bryant,BryaHa00,TE,Austin Hooper,HoopAu00,T,Joel Bitonio,BitoJo00,T,Jack Conklin,ConkJa00,G,Blake Hance,HancBl00,G,Wyatt Teller,TellWy00,C,J.C. Tretter,TretJC00,DE,Myles Garrett,GarrMy00,DE,Takkarist McKinley,McKiTa00,DT,Malik Jackson,JackMa02,DT,Malik McDowell,McDoMa00,LB,Anthony Walker,WalkAn01,LB,Jeremiah Owusu-Koramoah,OwusJe00,CB,Denzel Ward,WardDe02,CB,Greedy Williams,WillGr00,CB,Troy Hill,HillTr01,S,John Johnson,JohnJo10,S,Ronnie Harrison,HarrRo02,Referee,Brad Allen,Umpire,Bruce Stritesky,Down Judge,Danny Short,Line Judge,Daniel Gallagher,Back Judge,Greg Yette,Side Judge,Boris Cheek,Field Judge,Rick Patterson
202110100tam,2021-10-10,Sunday,1:00pm,Tampa Bay Buccaneers,Miami Dolphins,tam,mia,45,17,Bruce Arians,Brian Flores,Raymond James Stadium,65570,2:58,outdoors,grass,"84 degrees, relative humidity 59%, wind 7 mph",QB,Tom Brady,BradTo00,RB,Leonard Fournette,FourLe00,WR,Antonio Brown,BrowAn04,WR,Chris Godwin,GodwCh00,WR,Mike Evans,EvanMi00,TE,O.J. Howard,,T,Donovan Smith,SmitDo02,T,Tristan Wirfs,WirfTr00,G,Alex Cappa,CappAl00,G,Ali Marpet,MarpAl00,C,Ryan Jensen,JensRy00,DE,William Gholston,GholWi00,DT,Ndamukong Suh,SuhxNd99,DT,Vita Vea,VeaxVi00,OLB,Shaquil Barrett,BarrSh00,OLB,Jason Pierre-Paul,PierJa99,MLB,Lavonte David,DaviLa00,LB,Devin White,WhitDe02,CB,Jamel Dean,DeanJa00,CB,Richard Sherman,SherRi00,S,Mike Edwards,EdwaMi01,S,Jordan Whitehead,WhitJo03,QB,Jacoby Brissett,BrisJa00,RB,Myles Gaskin,GaskMy00,WR,Preston Williams,WillPr01,WR,Jaylen Waddle,WaddJa00,TE,Mike Gesicki,GesiMi00,TE,Adam Shaheen,ShahAd00,T,Liam Eichenberg,EichLi00,T,Jesse Davis,DaviJe00,G,Robert Hunt,HuntRo01,G,Austin Jackson,JackAu00,C,Greg Mancz,MancGr00,DE,Emmanuel Ogbah,OgbaEm00,DT,Raekwon Davis,DaviRa03,DT,Christian Wilkins,WilkCh00,LB,Jaelan Phillips,PhilJa02,LB,Elandon Roberts,RobeEl00,LB,Jerome Baker,BakeJe00,CB,Nik Needham,NeedNi00,CB,Byron Jones,JoneBy00,CB,Xavien Howard,HowaXa00,S,Brandon Jones,JoneBr06,S,Jevon Holland,HollJe02,Referee,Jerome Boger,Umpire,Barry Anderson,Down Judge,Frank LeBlanc,Line Judge,Rusty Baynes,Back Judge,Steve Patrick,Side Judge,Jonah Monroe,Field Judge,Steve Zimmer
202110100was,2021-10-10,Sunday,1:00pm,Washington Football Team,New Orleans Saints,was,nor,22,33,Ron Rivera,Sean Payton,FedExField,50137,3:15,outdoors,grass,"70 degrees, relative humidity 78%, wind 12 mph",QB,Taylor Heinicke,HeinTa00,RB,Antonio Gibson,GibsAn00,WR,DeAndre Carter,CartDe02,WR,Adam Humphries,HumpAd00,WR,Terry McLaurin,McLaTe00,TE,Ricky Seals-Jones,SealRi00,T,Samuel Cosmi,CosmSa00,T,Charles Leno Jr.,LenoCh00,G,Ereck Flowers,FlowEr00,G,Wes Schweitzer,SchwWe00,C,Chase Roullier,RoulCh00,DE,Chase Young,YounCh04,DE,Montez Sweat,SweaMo00,DT,Matthew Ioannidis,IoanMa01,DT,Daron Payne,PaynDa00,DT,Jonathan Allen,AlleJo01,LB,Cole Holcomb,HolcCo00,CB,William Jackson III,JackWi02,CB,Bobby McCain,McCaBo01,CB,Kendall Fuller,FullKe00,S,Kamren Curl,CurlKa00,S,Landon Collins,CollLa00,QB,Jameis Winston,WinsJa00,RB,Alvin Kamara,KamaAl00,WR,Marquez Callaway,CallMa01,WR,Kenny Stills,StilKe00,WR,Taysom Hill,HillTa00,TE,Adam Trautman,TrauAd00,T,James Hurst,HursJa00,T,Ryan Ramczyk,RamcRy00,G,Calvin Throckmorton,ThroCa01,G,Andrus Peat,PeatAn00,C,Cesar Ruiz,RuizCe00,DE,Cameron Jordan,JordCa00,DE,Tanoh Kpassagnon,KpasTa00,DT,Albert Huggins,HuggAl01,DT,Shy Tuttle,TuttSh00,LB,Demario Davis,DaviDe00,LB,Pete Werner,WernPe00,CB,Marshon Lattimore,LattMa01,CB,Paulson Adebo,AdebPa00,SS,Malcolm Jenkins,JenkMa99,S,C.J. Gardner-Johnson,GardCh00,S,Marcus Williams,WillMa06,Referee,Shawn Smith,Umpire,Bryan Neale,Down Judge,Mark Hittner,Line Judge,Michael Dolce,Back Judge,Dino Paganelli,Side Judge,Dave Hawkshaw,Field Judge,Dyrol Prioleau
202110110rav,2021-10-11,Monday,8:15pm,Baltimore Ravens,Indianapolis Colts,rav,clt,31,25,John Harbaugh,Frank Reich,M&amp;T Bank Stadium,70510,3:15,outdoors,grass,"69 degrees, relative humidity 75%, wind 6 mph",QB,Lamar Jackson,JackLa00,RB,Latavius Murray,MurrLa00,WR,Sammy Watkins,WatkSa00,WR,Marquise Brown,BrowMa04,WR,Devin Duvernay,DuveDe00,TE,Mark Andrews,AndrMa00,T,Alejandro Villanueva,VillAl00,T,Patrick Mekari,MekaPa00,G,Kevin Zeitler,ZeitKe00,G,Ben Powers,PoweBe00,C,Bradley Bozeman,BozeBr00,DE,Calais Campbell,CampCa99,DT,Nnamdi Madubuike,MaduJu00,DT,Brandon Williams,WillBr02,OLB,Justin Houston,HousJu00,OLB,Tyus Bowser,BowsTy00,LB,Malik Harrison,HarrMa06,LB,Patrick Queen,QueePa00,CB,Marlon Humphrey,HumpMa00,CB,Anthony Averett,AverAn00,DB,Brandon Stephens,StepBr01,S,Chuck Clark,ClarCh00,QB,Carson Wentz,WentCa00,RB,Jonathan Taylor,TaylJo02,WR,Zach Pascal,PascZa00,WR,Michael Pittman Jr.,PittMi01,TE,Jack Doyle,DoylJa00,TE,Mo Alie-Cox,AlieMo00,T,Eric Fisher,FishEr00,T,Matt Pryor,PryoMa00,G,Mark Glowinski,GlowMa00,G,Chris Reed,ReedCh00,C,Ryan Kelly,KellRy00,DE,Al-Quadin Muhammad,MuhaAl00,DT,DeForest Buckner,BuckDe00,DT,Tyquan Lewis,LewiTy00,DT,Grover Stewart,StewGr00,LB,Bobby Okereke,OkerBo00,LB,Shaquille Leonard,LeonDa00,CB,Xavier Rhodes,RhodXa00,CB,Isaiah Rodgers,RodgIs00,CB,Kenny Moore,MoorKe03,FS,Andrew Sendejo,SendAn00,S,Julian Blackmon,BlacJu01,Referee,Land Clark,Umpire,Paul King,Down Judge,Tom Stephan,Line Judge,Brian Bolinger,Back Judge,Greg Meyer,Side Judge,Anthony Flemming,Field Judge,Michael Banks
202110140phi,2021-10-14,Thursday,8:20pm,Philadelphia Eagles,Tampa Bay Buccaneers,phi,tam,22,28,Nick Sirianni,Bruce Arians,Lincoln Financial Field,69796,3:00,outdoors,grass,"74 degrees, relative humidity 56%, wind 8 mph",QB,Jalen Hurts,HurtJa00,RB,Miles Sanders,SandMi01,WR,Quez Watkins,WatkQu00,WR,DeVonta Smith,SmitDe07,WR,Jalen Reagor,ReagJa00,TE,Zach Ertz,ErtzZa00,T,Andre Dillard,DillAn00,T,Jordan Mailata,MailJo00,G,Landon Dickerson,DickLa00,G,Jack Driscoll,DrisJa00,C,Jason Kelce,KelcJa00,DE,Josh Sweat,SweaJo00,DE,Derek Barnett,BarnDe01,DT,Javon Hargrave,HargJa00,DT,Fletcher Cox,CoxxFl00,LB,Genard Avery,AverGe00,LB,T.J. Edwards,EdwaTJ02,LB,Davion Taylor,TaylDa01,CB,Steven Nelson,NelsSt01,CB,Darius Slay,SlayDa00,S,Anthony Harris,HarrAn01,S,Rodney McLeod,McLeRo00,QB,Tom Brady,BradTo00,RB,Leonard Fournette,FourLe00,WR,Chris Godwin,GodwCh00,WR,Mike Evans,EvanMi00,TE,Josh Wells,WellJo02,TE,O.J. Howard,,T,Tristan Wirfs,WirfTr00,T,Donovan Smith,SmitDo02,G,Ali Marpet,MarpAl00,G,Alex Cappa,CappAl00,C,Ryan Jensen,JensRy00,DT,Ndamukong Suh,SuhxNd99,DT,Vita Vea,VeaxVi00,OLB,Jason Pierre-Paul,PierJa99,OLB,Shaquil Barrett,BarrSh00,LB,Kevin Minter,MintKe00,LB,Devin White,WhitDe02,CB,Jamel Dean,DeanJa00,CB,Richard Sherman,SherRi00,CB,Ross Cockrell,CockRo00,S,Mike Edwards,EdwaMi01,S,Jordan Whitehead,WhitJo03,Referee,Clay Martin,Umpire,Fred Bryan,Down Judge,Jerod Phillips,Line Judge,Maia Chaka,Back Judge,Greg Wilson,Side Judge,Joe Larrew,Field Judge,James Coleman
202110170car,2021-10-17,Sunday,1:00pm,Carolina Panthers,Minnesota Vikings,car,min,28,34,Matt Rhule,Mike Zimmer,Bank of America Stadium,72104,3:41,outdoors,grass,"62 degrees, relative humidity 39%, wind 7 mph",QB,Sam Darnold,DarnSa00,RB,Chuba Hubbard,HubbCh01,WR,Robbie Chosen,AndeRo04,WR,D.J. Moore,,TE,Tommy Tremble,TremTo00,TE,Ian Thomas,ThomIa00,T,Cameron Erving,ErviCa00,T,Taylor Moton,MotoTa00,G,Dennis Daley,DaleDe00,G,John Miller,MillJo04,C,Matt Paradis,ParaMa00,DE,Morgan Fox,FoxxMo00,DE,Brian Burns,BurnBr00,DT,DaQuan Jones,JoneDa04,DT,Derrick Brown,BrowDe05,OLB,Haason Reddick,ReddHa00,LB,Jermaine Carter Jr.,CartJe00,LB,Frankie Luvu,LuvuFr00,CB,Donte Jackson,JackDo02,CB,A.J. Bouye,,S,Jeremy Chinn,ChinJe00,S,Sean Chandler,ChanSe00,QB,Kirk Cousins,CousKi00,RB,Dalvin Cook,CookDa01,FB,C.J. Ham,,WR,Adam Thielen,ThieAd00,WR,Justin Jefferson,JeffJu00,TE,Tyler Conklin,ConkTy00,T,Christian Darrisaw,DarrCh00,T,Brian O'Neill,ONeiBr00,G,Oli Udoh,UdohOl01,G,Ezra Cleveland,ClevEz00,C,Garrett Bradbury,BradGa00,DE,Danielle Hunter,HuntDa01,DE,Everson Griffen,GrifEv99,DT,Dalvin Tomlinson,TomlDa00,DT,Armon Watts,WattAr01,LB,Eric Kendricks,KendEr00,LB,Anthony Barr,BarrAn00,LB,Nick Vigil,VigiNi00,CB,Patrick Peterson,PetePa00,CB,Bashaud Breeland,BreeBa00,S,Harrison Smith,SmitHa00,S,Xavier Woods,WoodXa00,Referee,Craig Wrolstad,Umpire,Steve Woods,Down Judge,Jim Mello,Line Judge,Tripp Sutter,Back Judge,Grantis Bell,Side Judge,Jeff Lamberth,Field Judge,Terry Brown
202110170chi,2021-10-17,Sunday,1:00pm,Chicago Bears,Green Bay Packers,chi,gnb,14,24,Matt Nagy,Matt LaFleur,Soldier Field,62332,3:01,outdoors,grass,"59 degrees, relative humidity 39%, wind 6 mph",QB,Justin Fields,FielJu00,RB,Khalil Herbert,HerbKh00,WR,Allen Robinson,RobiAl02,WR,Darnell Mooney,MoonDa00,TE,Cole Kmet,KmetCo00,TE,Jesse James,JameJe00,T,Elijah Wilkinson,WilkEl00,T,Jason Peters,PeteJa21,G,James Daniels,DaniJa01,G,Cody Whitehair,WhitCo03,C,Sam Mustipher,MustSa01,DE,Angelo Blackson,BlacAn00,DT,Akiem Hicks,HickAk00,DT,Bilal Nichols,NichBi00,LB,Khalil Mack,MackKh00,LB,Alec Ogletree,OgleAl00,LB,Robert Quinn,QuinRo00,LB,Roquan Smith,SmitRo07,DB,Jaylon Johnson,JohnJa13,DB,Eddie Jackson,JackEd01,DB,Tashaun Gipson,GipsTa00,DB,Kindle Vildor,VildKi00,QB,Aaron Rodgers,RodgAa00,RB,Aaron Jones,JoneAa00,WR,Davante Adams,AdamDa01,WR,Allen Lazard,LazaAl00,TE,Marcedes Lewis,LewiMa00,TE,Robert Tonyan,TonyRo00,T,Elgton Jenkins,JenkEl00,T,Billy Turner,TurnBi00,G,Royce Newman,NewmRo00,G,Jon Runyan Jr.,RunyJo00,C,Josh Myers,MyerJo00,DE,Kenny Clark,ClarKe01,DE,Kingsley Keke,KekeKi00,DE,Dean Lowry,LowrDe00,LB,Rashan Gary,GaryRa00,LB,De'Vondre Campbell,CampDe00,LB,Krys Barnes,BarnKr00,LB,Preston Smith,SmitPr00,CB,Isaac Yiadom,YiadIs00,CB,Eric Stokes,StokEr00,S,Darnell Savage Jr.,SavaDa00,S,Adrian Amos,AmosAd00,Referee,Brad Rogers,Umpire,Carl Paganelli,Down Judge,Kent Payne,Line Judge,Tom Eaton,Back Judge,Greg Steed,Side Judge,Dominique Pender,Field Judge,Aaron Santi
202110170cle,2021-10-17,Sunday,4:05pm,Cleveland Browns,Arizona Cardinals,cle,crd,14,37,Kevin Stefanski,Kliff Kingsbury,FirstEnergy Stadium,67431,2:57,outdoors,grass,"58 degrees, relative humidity 55%, wind 23 mph",QB,Baker Mayfield,MayfBa00,RB,Kareem Hunt,HuntKa00,WR,Donovan Peoples-Jones,PeopDo00,WR,Odell Beckham Jr.,BeckOd00,TE,David Njoku,NjokDa00,TE,Austin Hooper,HoopAu00,T,Blake Hance,HancBl00,T,James Hudson,HudsJa00,G,Joel Bitonio,BitoJo00,G,Wyatt Teller,TellWy00,C,J.C. Tretter,TretJC00,DE,Myles Garrett,GarrMy00,DE,Jadeveon Clowney,ClowJa00,DT,Malik Jackson,JackMa02,DT,Malik McDowell,McDoMa00,LB,Anthony Walker,WalkAn01,LB,Jeremiah Owusu-Koramoah,OwusJe00,CB,Denzel Ward,WardDe02,CB,Greedy Williams,WillGr00,CB,Troy Hill,HillTr01,S,John Johnson,JohnJo10,S,Ronnie Harrison,HarrRo02,QB,Kyler Murray,MurrKy00,RB,Chase Edmonds,EdmoCh00,WR,Christian Kirk,KirkCh01,WR,DeAndre Hopkins,HopkDe00,WR,A.J. Green,,TE,Darrell Daniels,DaniDa02,T,Kelvin Beachum,BeacKe00,T,D.J. Humphries,,G,Josh Jones,JoneJo07,G,Justin Pugh,PughJu00,C,Max Garcia,GarcMa00,DE,Michael Dogbe,DogbMi00,DE,J.J. Watt,,DT,Leki Fotu,FotuLe00,DT,Rashard Lawrence,LawrRa01,OLB,Markus Golden,GoldMa00,MLB,Jordan Hicks,HickJo00,LB,Zaven Collins,CollZa00,LB,Isaiah Simmons,SimmIs00,CB,Byron Murphy,MurpBy00,CB,Marco Wilson,WilsMa04,S,Budda Baker,BakeBu00,Referee,Carl Cheffers,Umpire,Tra Blake,Down Judge,Jerry Bergman,Line Judge,Jeff Seeman,Back Judge,Matt Edwards,Side Judge,Eugene Hall,Field Judge,Nathan Jones
202110170clt,2021-10-17,Sunday,1:00pm,Indianapolis Colts,Houston Texans,clt,htx,31,3,Frank Reich,David Culley,Lucas Oil Stadium,57947,2:55,retractable roof (open),fieldturf,,QB,Carson Wentz,WentCa00,RB,Jonathan Taylor,TaylJo02,WR,T.Y. Hilton,,WR,Zach Pascal,PascZa00,WR,Michael Pittman Jr.,PittMi01,TE,Jack Doyle,DoylJa00,T,Eric Fisher,FishEr00,T,Matt Pryor,PryoMa00,G,Mark Glowinski,GlowMa00,G,Chris Reed,ReedCh00,C,Ryan Kelly,KellRy00,DE,Al-Quadin Muhammad,MuhaAl00,DE,Kwity Paye,PayeKw00,DT,DeForest Buckner,BuckDe00,DT,Grover Stewart,StewGr00,LB,Bobby Okereke,OkerBo00,LB,Shaquille Leonard,LeonDa00,LB,Zaire Franklin,FranZa00,CB,Xavier Rhodes,RhodXa00,CB,Kenny Moore,MoorKe03,S,Julian Blackmon,BlacJu01,S,Khari Willis,WillKh00,QB,Davis Mills,MillDa02,RB,Mark Ingram,IngrMa01,WR,Nico Collins,CollNi00,WR,Brandin Cooks,CookBr00,TE,Antony Auclair,AuclAn00,TE,Pharaoh Brown,BrowPh01,T,Geron Christian,ChriGe01,T,Charlie Heck,HeckCh00,G,Max Scharping,SchaMa01,G,Tytus Howard,HowaTy00,C,Justin McCray,McCrJu00,DE,Jonathan Greenard,GreeJo04,DE,Jacob Martin,MartJa02,DT,Roy Lopez,LopeRo00,DT,Maliek Collins,CollMa00,LB,Kamu Grugier-Hill,GrugKa00,LB,Christian Kirksey,KirkCh00,DB,Tavierre Thomas,ThomTa01,DB,Justin Reid,ReidJu00,DB,Terrance Mitchell,MitcTe00,DB,Vernon Hargreaves III,HargVe00,DB,Terrence Brooks,BrooTe00,Referee,Jerome Boger,Umpire,Barry Anderson,Down Judge,Frank LeBlanc,Line Judge,Rusty Baynes,Back Judge,Steve Patrick,Side Judge,Jonah Monroe,Field Judge,Steve Zimmer
202110170den,2021-10-17,Sunday,4:25pm,Denver Broncos,Las Vegas Raiders,den,rai,24,34,Vic Fangio,Rich Bisaccia,Empower Field at Mile High,76854,3:10,outdoors,grass,"76 degrees, relative humidity 10%, wind 8 mph",QB,Teddy Bridgewater,BridTe00,RB,Melvin Gordon,GordMe00,WR,Courtland Sutton,SuttCo00,WR,Tim Patrick,PatrTi00,TE,Noah Fant,FantNo00,TE,Eric Saubert,SaubEr00,T,Garett Bolles,BollGa00,T,Bobby Massie,MassBo00,G,Graham Glasgow,GlasGr00,G,Dalton Risner,RisnDa00,C,Lloyd Cushenberry III,CushLl00,DE,Dre'Mont Jones,JoneDr00,DE,Shelby Harris,HarrSh00,NT,Mike Purcell,PurcMi00,OLB,Von Miller,MillVo00,OLB,Malik Reed,ReedMa01,LB,Alexander Johnson,JohnAl01,LB,Justin Strnad,StrnJu00,CB,Patrick Surtain II,SurtPa01,CB,Ronald Darby,DarbRo00,S,Kareem Jackson,JackKa99,S,Justin Simmons,SimmJu00,QB,Derek Carr,CarrDe02,RB,Josh Jacobs,JacoJo01,FB,Alec Ingold,IngoAl01,WR,Bryan Edwards,EdwaBr01,WR,Henry Ruggs III,RuggHe00,TE,Darren Waller,WallDa01,T,Kolton Miller,MillKo00,T,Brandon Parker,ParkBr01,G,Alex Leatherwood,LeatAl00,G,John Simpson,SimpJo00,C,Andre James,JameAn01,DE,Yannick Ngakoue,NgakYa00,DE,Maxx Crosby,CrosMa00,DT,Quinton Jefferson,JeffQu00,DT,Damion Square,SquaDa00,LB,Cory Littleton,LittCo01,LB,Denzel Perryman,PerrDe00,LB,K.J. Wright,,CB,Amik Robertson,RobeAm00,CB,Casey Hayward,HaywCa00,S,Johnathan Abram,AbraJo01,S,Tre'von Moehrig,MoehTr00,Referee,Ron Torbert,Umpire,Mark Pellis,Down Judge,Kevin Codey,Line Judge,Mark Steinkerchner,Back Judge,Tony Josselyn,Side Judge,Keith Washington,Field Judge,Ryan Dickson
202110170det,2021-10-17,Sunday,1:00pm,Detroit Lions,Cincinnati Bengals,det,cin,11,34,Dan Campbell,Zac Taylor,Ford Field,50831,2:57,dome,fieldturf,,QB,Jared Goff,GoffJa00,RB,Jamaal Williams,WillJa06,WR,KhaDarel Hodge,HodgKh00,WR,Kalif Raymond,RaymKa00,TE,Darren Fells,FellDa01,TE,T.J. Hockenson,HockTJ00,T,Matt Nelson,NelsMa00,T,Penei Sewell,SewePe00,G,Jonah Jackson,JackJo03,G,Halapoulivaati Vaitai,VaitHa00,C,Evan Brown,BrowEv00,DE,Nick Williams,WillNi01,DE,Michael Brockers,BrocMi00,NT,Alim McNeill,McNeAl00,OLB,Trey Flowers,FlowTr00,LB,Derrick Barnes,BarnDe02,LB,Jalen Reeves-Maybin,ReevJa00,LB,Alex Anzalone,AnzaAl00,CB,Amani Oruwariye,OruwAm00,CB,Jerry Jacobs,JacoJe00,S,Tracy Walker,WalkTr01,S,Will Harris,HarrWi02,QB,Joe Burrow,BurrJo01,RB,Joe Mixon,MixoJo00,WR,Ja'Marr Chase,ChasJa00,WR,Tee Higgins,HiggTe00,TE,Drew Sample,SampDr00,TE,C.J. Uzomah,,T,Jonah Williams,WillJo10,T,Riley Reiff,ReifRi00,G,Quinton Spain,SpaiQu00,C,Trey Hill,HillTr03,C,Trey Hopkins,HopkTr01,DE,Sam Hubbard,HubbSa00,DE,Trey Hendrickson,HendTr00,DT,Larry Ogunjobi,OgunLa00,DT,D.J. Reader,,DT,Josh Tupou,TupoJo00,LB,Logan Wilson,WilsLo00,LB,Germaine Pratt,PratGe00,CB,Chidobe Awuzie,AwuzCh00,CB,Eli Apple,ApplEl00,S,Vonn Bell,BellVo00,S,Jessie Bates III,BateJe00,Referee,Shawn Hochuli,Umpire,Terry Killens,Down Judge,Ed Camp,Line Judge,Greg Bradley,Back Judge,Rich Martinez,Side Judge,Chad Hill,Field Judge,Tom Hill
202110170jax,2021-10-17,Sunday,9:30am,Jacksonville Jaguars,Miami Dolphins,jax,mia,23,20,Urban Meyer,Brian Flores,Tottenham Stadium,60784,3:12,outdoors,grass,"63 degrees, relative humidity 72%, wind 11 mph",QB,Trevor Lawrence,LawrTr00,RB,James Robinson,RobiJa00,WR,Jamal Agnew,AgneJa00,WR,Laviska Shenault Jr.,ShenLa00,WR,Marvin Jones,JoneMa02,TE,Chris Manhertz,ManhCh00,T,Jawaan Taylor,TaylJa02,T,Cam Robinson,RobiCa00,G,Ben Bartch,BartBe00,G,Andrew Norwell,NorwAn01,C,Tyler Shatley,ShatTy00,DE,Dawuane Smoot,SmooDa00,DE,Josh Hines-Allen,AlleJo03,DE,Roy Robertson-Harris,RobeRo00,DT,Malcom Brown,BrowMa01,LB,Damien Wilson,WilsDa02,LB,Dakota Allen,AlleDa01,CB,Nevin Lawson,LawsNe00,CB,Tre Herndon,HernTr00,CB,Shaquill Griffin,GrifSh00,S,Rayshawn Jenkins,JenkRa00,S,Andrew Wingard,WingAn01,QB,Tua Tagovailoa,TagoTu00,RB,Myles Gaskin,GaskMy00,WR,Jaylen Waddle,WaddJa00,WR,Mack Hollins,HollMa00,TE,Mike Gesicki,GesiMi00,TE,Durham Smythe,SmytDu00,T,Jesse Davis,DaviJe00,T,Liam Eichenberg,EichLi00,G,Robert Hunt,HuntRo01,G,Austin Jackson,JackAu00,C,Greg Mancz,MancGr00,DE,Emmanuel Ogbah,OgbaEm00,DT,Christian Wilkins,WilkCh00,DT,Raekwon Davis,DaviRa03,LB,Jaelan Phillips,PhilJa02,LB,Andrew Van Ginkel,VanGAn00,LB,Jerome Baker,BakeJe00,CB,Nik Needham,NeedNi00,CB,Noah Igbinoghene,IgbiNo00,CB,Justin Coleman,ColeJu01,S,Brandon Jones,JoneBr06,S,Jevon Holland,HollJe02,Referee,John Hussey,Umpire,Alan Eck,Down Judge,Sarah Thomas,Line Judge,Carl Johnson,Back Judge,Brad Freeman,Side Judge,Allen Baynes,Field Judge,Jabir Walker
202110170nwe,2021-10-17,Sunday,4:25pm,New England Patriots,Dallas Cowboys,nwe,dal,29,35,Bill Belichick,Mike McCarthy,Gillette Stadium,65878,3:25,outdoors,fieldturf,"62 degrees, relative humidity 46%, wind 11 mph",QB,Mac Jones,JoneMa05,RB,Damien Harris,HarrDa06,FB,Jakob Johnson,JohnJa12,WR,N'Keal Harry,HarrNK00,TE,Jonnu Smith,SmitJo01,TE,Hunter Henry,HenrHu00,T,Yodny Cajuste,CajuYo00,T,Justin Herron,HerrJu00,G,James Ferentz,FereJa00,G,Ted Karras,KarrTe00,C,David Andrews,AndrDa00,DE,Deatrich Wise Jr.,WiseDe00,DT,Davon Godchaux,GodcDa00,DT,Lawrence Guy,GuyxLa00,LB,Dont'a Hightower,HighDo01,LB,Matt Judon,JudoMa00,LB,Ja'Whaun Bentley,BentJa00,CB,Jalen Mills,MillJa02,DB,Jonathan Jones,JoneJo03,DB,J.C. Jackson,,DB,Devin McCourty,McCoDe99,DB,Kyle Dugger,DuggKy00,QB,Dak Prescott,PresDa01,RB,Ezekiel Elliott,ElliEz00,WR,Cedrick Wilson Jr.,WilsCe01,WR,Amari Cooper,CoopAm00,WR,CeeDee Lamb,LambCe00,TE,Dalton Schultz,SchuDa00,T,Terence Steele,SteeTe01,T,Tyron Smith,SmitTy00,G,Connor Williams,WillCo00,G,Zack Martin,MartZa00,C,Tyler Biadasz,BiadTy00,DE,Brent Urban,UrbaBr00,DE,Carlos Watkins,WatkCa00,DE,Tarell Basham,BashTa00,DT,Quinton Bohanna,BohaQu00,LB,Keanu Neal,NealKe01,LB,Micah Parsons,ParsMi00,LB,Leighton Vander Esch,VandLe00,CB,Trevon Diggs,DiggTr00,CB,Anthony Brown,BrowAn02,S,Jayron Kearse,KearJa00,S,Damontae Kazee,KazeDa00,Referee,Brad Allen,Umpire,Bruce Stritesky,Down Judge,Danny Short,Line Judge,Daniel Gallagher,Back Judge,Greg Yette,Side Judge,Boris Cheek,Field Judge,Rick Patterson
202110170nyg,2021-10-17,Sunday,1:00pm,New York Giants,Los Angeles Rams,nyg,ram,11,38,Joe Judge,Sean McVay,MetLife Stadium,73920,3:02,outdoors,fieldturf,"61 degrees, relative humidity 56%, wind 13 mph",QB,Daniel Jones,JoneDa05,RB,Devontae Booker,BookDe00,WR,C.J. Board,,WR,Sterling Shepard,ShepSt00,TE,Evan Engram,EngrEv00,TE,Kyle Rudolph,RudoKy00,T,Andrew Thomas,ThomAn02,T,Nate Solder,SoldNa00,G,Will Hernandez,HernWi00,G,Matt Skura,SkurMa01,C,Billy Price,PricBi01,DE,Leonard Williams,WillLe02,DT,Austin Johnson,JohnAu01,LB,Azeez Ojulari,OjulAz00,LB,Reggie Ragland,RaglRe00,LB,Tae Crowder,CrowTa00,LB,Lorenzo Carter,CartLo01,CB,James Bradberry,BradJa00,DB,Logan Ryan,RyanLo00,DB,Adoree' Jackson,JackAd00,S,Jabrill Peppers,PeppJa00,S,Xavier McKinney,McKiXa00,QB,Matthew Stafford,StafMa00,RB,Darrell Henderson,HendDa00,WR,Cooper Kupp,KuppCo00,WR,Van Jefferson,JeffVa00,WR,Robert Woods,WoodRo02,TE,Tyler Higbee,HigbTy00,T,Rob Havenstein,HaveRo00,T,Andrew Whitworth,WhitAn20,G,David Edwards,EdwaDa01,G,Austin Corbett,CorbAu00,C,Brian Allen,AlleBr02,DT,Greg Gaines,GainGr00,DT,Michael Hoecht,HoecMi00,DT,Sebastian Joseph-Day,JoseSe00,DT,Aaron Donald,DonaAa00,OLB,Leonard Floyd,FloyLe00,LB,Kenny Young,YounKe03,CB,Jalen Ramsey,RamsJa00,DB,Robert Rochell,RochRo00,S,Taylor Rapp,RappTa00,S,Jordan Fuller,FullJo01,S,Terrell Burgess,BurgTe00,Referee,Alex Kemp,Umpire,Rich Hall,Down Judge,Mike Carr,Line Judge,Jeff Bergman,Back Judge,Scott Helverson,Side Judge,Dale Shaw,Field Judge,John Jenkins
202110170pit,2021-10-17,Sunday,8:20pm,Pittsburgh Steelers,Seattle Seahawks,pit,sea,23,20,Mike Tomlin,Pete Carroll,Heinz Field,60821,3:40,outdoors,grass,"49 degrees, relative humidity 77%, wind 6 mph",QB,Ben Roethlisberger,RoetBe00,RB,Najee Harris,HarrNa00,FB,Derek Watt,WattDe00,WR,Chase Claypool,ClayCh01,WR,Diontae Johnson,JohnDi01,TE,Zach Gentry,GentZa00,T,Dan Moore,MoorDa05,T,Chukwuma Okorafor,OkorCh00,G,Kevin Dotson,DotsKe00,G,Trai Turner,TurnTr01,C,Kendrick Green,GreeKe02,DE,Isaiah Buggs,BuggIs00,DT,Chris Wormley,WormCh00,DT,Cameron Heyward,HeywCa01,LB,Alex Highsmith,HighAl02,LB,T.J. Watt,,LB,Joe Schobert,SchoJo00,LB,Devin Bush Jr.,BushDe01,CB,Cameron Sutton,SuttCa00,CB,Joe Haden,HadeJo99,S,Minkah Fitzpatrick,FitzMi00,S,Terrell Edmunds,EdmuTe00,QB,Geno Smith,SmitGe00,RB,Alex Collins,CollAl00,WR,D.K. Metcalf,MetcDK00,WR,Tyler Lockett,LockTy00,TE,Will Dissly,DissWi00,TE,Gerald Everett,EverGe00,T,Brandon Shell,ShelBr00,T,Duane Brown,BrowDu20,G,Gabe Jackson,JackGa00,G,Damien Lewis,LewiDa05,C,Kyle Fuller,FullKy01,DE,Rasheem Green,GreeRa01,DE,Benson Mayowa,MayoBe00,DT,Poona Ford,FordPo00,DT,Bryan Mone,MoneBr00,DT,Al Woods,WoodAl99,LB,Jordyn Brooks,BrooJo01,LB,Bobby Wagner,WagnBo00,CB,D.J. Reed,,CB,Sidney Jones,JoneSi00,SS,Jamal Adams,AdamJa00,FS,Quandre Diggs,DiggQu00,Referee,Shawn Smith,Umpire,Bryan Neale,Down Judge,Mark Hittner,Line Judge,Michael Dolce,Back Judge,Dino Paganelli,Side Judge,Dave Hawkshaw,Field Judge,Dyrol Prioleau
202110170rav,2021-10-17,Sunday,1:00pm,Baltimore Ravens,Los Angeles Chargers,rav,sdg,34,6,John Harbaugh,Brandon Staley,M&amp;T Bank Stadium,70704,2:54,outdoors,grass,"63 degrees, relative humidity 46%, wind 15 mph",QB,Lamar Jackson,JackLa00,RB,Latavius Murray,MurrLa00,FB,Patrick Ricard,RicaPa00,WR,Marquise Brown,BrowMa04,WR,Devin Duvernay,DuveDe00,TE,Eric Tomlinson,TomlEr01,T,Alejandro Villanueva,VillAl00,T,Patrick Mekari,MekaPa00,G,Kevin Zeitler,ZeitKe00,G,Ben Powers,PoweBe00,C,Bradley Bozeman,BozeBr00,DE,Calais Campbell,CampCa99,DT,Nnamdi Madubuike,MaduJu00,DT,Brandon Williams,WillBr02,OLB,Justin Houston,HousJu00,OLB,Tyus Bowser,BowsTy00,LB,Patrick Queen,QueePa00,LB,Josh Bynes,ByneJo00,CB,Marlon Humphrey,HumpMa00,CB,Anthony Averett,AverAn00,S,DeShon Elliott,ElliDe02,S,Chuck Clark,ClarCh00,QB,Justin Herbert,HerbJu00,RB,Austin Ekeler,EkelAu00,FB,Gabe Nabers,NabeGa00,WR,Mike Williams,WillMi07,WR,Keenan Allen,AlleKe00,TE,Donald Parham,ParhDo00,T,Rashawn Slater,SlatRa00,T,Storm Norton,NortSt00,G,Michael Schofield,SchoMi00,G,Matt Feiler,FeilMa00,C,Corey Linsley,LinsCo00,DT,Jerry Tillery,TillJe00,DT,Linval Joseph,JoseLi99,OLB,Uchenna Nwosu,NwosUc00,OLB,Joey Bosa,BosaJo00,OLB,Kyler Fackrell,FackKy00,LB,Amen Ogbongbemiga,OgboAm00,LB,Kyzir White,WhitKy00,CB,Asante Samuel Jr.,SamuAs00,CB,Michael Davis,DaviMi03,CB,Chris Harris Jr.,HarrCh01,S,Derwin James,JameDe00,Referee,Bill Vinovich,Umpire,Tony Michalek,Down Judge,Patrick Holt,Line Judge,Mark Perlman,Back Judge,Jimmy Russell,Side Judge,Jimmy Buchanan,Field Judge,Joe Blubaugh
202110170was,2021-10-17,Sunday,1:00pm,Washington Football Team,Kansas City Chiefs,was,kan,13,31,Ron Rivera,Andy Reid,FedExField,51322,3:05,outdoors,grass,"62 degrees, relative humidity 39%, wind 13 mph",QB,Taylor Heinicke,HeinTa00,RB,Antonio Gibson,GibsAn00,WR,Dyami Brown,BrowDy00,WR,Terry McLaurin,McLaTe00,TE,John Bates,BateJo00,TE,Ricky Seals-Jones,SealRi00,T,Charles Leno Jr.,LenoCh00,T,Cornelius Lucas,LucaCo01,G,Ereck Flowers,FlowEr00,G,Wes Schweitzer,SchwWe00,C,Chase Roullier,RoulCh00,DE,Montez Sweat,SweaMo00,DE,Chase Young,YounCh04,DT,Jonathan Allen,AlleJo01,DT,Daron Payne,PaynDa00,LB,Cole Holcomb,HolcCo00,CB,Kendall Fuller,FullKe00,CB,William Jackson III,JackWi02,CB,Bobby McCain,McCaBo01,DB,Benjamin St-Juste,StJuBe00,S,Kamren Curl,CurlKa00,S,Landon Collins,CollLa00,QB,Patrick Mahomes,MahoPa00,RB,Darrel Williams,WillDa10,WR,Demarcus Robinson,RobiDe01,WR,Byron Pringle,PrinBy00,WR,Tyreek Hill,HillTy00,TE,Travis Kelce,KelcTr00,T,Orlando Brown Jr.,BrowOr00,T,Mike Remmers,RemmMi00,G,Trey Smith,SmitTr05,G,Joe Thuney,ThunJo00,C,Creed Humphrey,HumpCr00,DE,Michael Danna,DannMi00,DE,Frank Clark,ClarFr01,DT,Derrick Nnadi,NnadDe00,DT,Jarran Reed,ReedJa02,LB,Anthony Hitchens,HitcAn00,LB,Willie Gay Jr.,GayJWi00,LB,Nick Bolton,BoltNi00,CB,Rashad Fenton,FentRa00,CB,L'Jarius Sneed,SneeLJ00,S,Tyrann Mathieu,MathTy00,S,Juan Thornhill,ThorJu00,Referee,Adrian Hill,Umpire,Roy Ellison,Down Judge,David Oliver,Line Judge,Mark Stewart,Back Judge,Keith Ferguson,Side Judge,Jim Quirk,Field Judge,Mearl Robinson
202110180oti,2021-10-18,Monday,8:15pm,Tennessee Titans,Buffalo Bills,oti,buf,34,31,Mike Vrabel,Sean McDermott,Nissan Stadium,69419,3:08,outdoors,grass,"66 degrees, relative humidity 40%, wind 6 mph",QB,Ryan Tannehill,TannRy00,RB,Derrick Henry,HenrDe00,WR,A.J. Brown,BrowAJ00,WR,Julio Jones,JoneJu02,WR,Chester Rogers,RogeCh02,TE,Geoff Swaim,SwaiGe00,T,Taylor Lewan,LewaTa00,T,David Quessenberry,QuesDa00,G,Nate Davis,DaviNa01,G,Rodger Saffold,SaffRo20,C,Ben Jones,JoneBe01,DE,Denico Autry,AutrDe00,DT,Teair Tart,TartTe00,DT,Jeffery Simmons,SimmJe01,OLB,Harold Landry,LandHa00,LB,David Long,LongDa04,LB,Rashaan Evans,EvanRa01,CB,Elijah Molden,MoldEl00,CB,Jackrabbit Jenkins,JenkJa03,CB,Caleb Farley,FarlCa00,DB,Amani Hooker,HookAm00,S,Kevin Byard,ByarKe01,QB,Josh Allen,AlleJo02,RB,Devin Singletary,SingDe00,WR,Cole Beasley,BeasCo00,WR,Stefon Diggs,DiggSt00,WR,Emmanuel Sanders,SandEm00,TE,Dawson Knox,KnoxDa00,T,Spencer Brown,BrowSp00,T,Dion Dawkins,DawkDi00,G,Daryl Williams,WillDa06,G,Jon Feliciano,FeliJo00,C,Mitch Morse,MorsMi00,DE,Gregory Rousseau,RousGr00,DE,Jerry Hughes,HughJe99,DT,Star Lotulelei,LotuSt00,DT,Ed Oliver,OlivEd00,LB,Matt Milano,MilaMa00,LB,Tremaine Edmunds,EdmuTr01,CB,Taron Johnson,JohnTa01,CB,Levi Wallace,WallLe00,CB,Tre'Davious White,WhitTr01,S,Micah Hyde,HydeMi00,S,Jordan Poyer,PoyeJo00,Referee,Clete Blakeman,Umpire,Tab Slaughter,Down Judge,Dana McKenzie,Line Judge,Julian Mapp,Back Judge,Perry Paganelli,Side Judge,Clay Reynard,Field Judge,Tom Hill
202110210cle,2021-10-21,Thursday,8:20pm,Cleveland Browns,Denver Broncos,cle,den,17,14,Kevin Stefanski,Vic Fangio,FirstEnergy Stadium,67431,2:54,outdoors,grass,"59 degrees, relative humidity 69%, wind 27 mph",QB,Case Keenum,KeenCa00,RB,D'Ernest Johnson,JohnDE04,WR,Odell Beckham Jr.,BeckOd00,WR,Anthony Schwartz,SchwAn00,WR,Jarvis Landry,LandJa00,TE,Austin Hooper,HoopAu00,T,Jedrick Wills Jr.,WillJe04,T,Blake Hance,HancBl00,G,Joel Bitonio,BitoJo00,G,Wyatt Teller,TellWy00,C,J.C. Tretter,TretJC00,DE,Myles Garrett,GarrMy00,DE,Jadeveon Clowney,ClowJa00,DT,Malik Jackson,JackMa02,DT,Malik McDowell,McDoMa00,LB,Sione Takitaki,TakiSi00,LB,Anthony Walker,WalkAn01,LB,Mack Wilson,WilsMa03,CB,Greg Newsome II,NewsGr00,CB,Denzel Ward,WardDe02,S,John Johnson,JohnJo10,S,Ronnie Harrison,HarrRo02,QB,Teddy Bridgewater,BridTe00,RB,Melvin Gordon,GordMe00,WR,Courtland Sutton,SuttCo00,WR,Tim Patrick,PatrTi00,TE,Noah Fant,FantNo00,TE,Eric Saubert,SaubEr00,T,Garett Bolles,BollGa00,T,Bobby Massie,MassBo00,G,Dalton Risner,RisnDa00,G,Graham Glasgow,GlasGr00,C,Lloyd Cushenberry III,CushLl00,DE,Shelby Harris,HarrSh00,NT,Mike Purcell,PurcMi00,OLB,Von Miller,MillVo00,OLB,Malik Reed,ReedMa01,LB,Micah Kiser,KiseMi00,LB,Justin Strnad,StrnJu00,CB,Bryce Callahan,CallBr00,CB,Patrick Surtain II,SurtPa01,CB,Ronald Darby,DarbRo00,S,Kareem Jackson,JackKa99,S,Justin Simmons,SimmJu00,Referee,Adrian Hill,Umpire,Roy Ellison,Down Judge,David Oliver,Line Judge,Mark Stewart,Back Judge,Keith Ferguson,Side Judge,Jim Quirk,Field Judge,Mearl Robinson
202110240crd,2021-10-24,Sunday,4:25pm,Arizona Cardinals,Houston Texans,crd,htx,31,5,Kliff Kingsbury,David Culley,State Farm Stadium,60297,2:59,retractable roof (closed),grass,,QB,Kyler Murray,MurrKy00,RB,Chase Edmonds,EdmoCh00,WR,DeAndre Hopkins,HopkDe00,WR,A.J. Green,,TE,Zach Ertz,ErtzZa00,TE,Demetrius Harris,HarrDe03,T,Kelvin Beachum,BeacKe00,T,D.J. Humphries,,G,Josh Jones,JoneJo07,G,Justin Pugh,PughJu00,C,Max Garcia,GarcMa00,DE,Jordan Phillips,PhilJo01,DE,J.J. Watt,,DT,Leki Fotu,FotuLe00,OLB,Markus Golden,GoldMa00,MLB,Jordan Hicks,HickJo00,LB,Zaven Collins,CollZa00,LB,Isaiah Simmons,SimmIs00,CB,Byron Murphy,MurpBy00,CB,Marco Wilson,WilsMa04,S,Budda Baker,BakeBu00,S,Jalen Thompson,ThomJa04,QB,Davis Mills,MillDa02,RB,Mark Ingram,IngrMa01,WR,Chris Moore,MoorCh00,WR,Chris Conley,ConlCh00,WR,Brandin Cooks,CookBr00,TE,Pharaoh Brown,BrowPh01,T,Charlie Heck,HeckCh00,T,Geron Christian,ChriGe01,G,Tytus Howard,HowaTy00,G,Max Scharping,SchaMa01,C,Justin Britt,BritJu00,DE,Jonathan Greenard,GreeJo04,DE,Jacob Martin,MartJa02,DT,Maliek Collins,CollMa00,DT,Roy Lopez,LopeRo00,LB,Zach Cunningham,CunnZa00,LB,Kamu Grugier-Hill,GrugKa00,LB,Christian Kirksey,KirkCh00,DB,Lonnie Johnson Jr.,JohnLo01,DB,Desmond King,KingDe01,DB,Terrance Mitchell,MitcTe00,DB,Justin Reid,ReidJu00,Referee,Land Clark,Umpire,Paul King,Down Judge,Tom Stephan,Line Judge,Brian Bolinger,Back Judge,Greg Meyer,Side Judge,Anthony Flemming,Field Judge,Michael Banks
202110240gnb,2021-10-24,Sunday,1:00pm,Green Bay Packers,Washington Football Team,gnb,was,24,10,Matt LaFleur,Ron Rivera,Lambeau Field,78219,3:07,outdoors,grass,"49 degrees, relative humidity 56%, wind 11 mph",QB,Aaron Rodgers,RodgAa00,RB,Aaron Jones,JoneAa00,WR,Davante Adams,AdamDa01,WR,Allen Lazard,LazaAl00,TE,Robert Tonyan,TonyRo00,TE,Marcedes Lewis,LewiMa00,T,Billy Turner,TurnBi00,T,Elgton Jenkins,JenkEl00,G,Royce Newman,NewmRo00,G,Jon Runyan Jr.,RunyJo00,C,Lucas Patrick,PatrLu00,DE,Kingsley Keke,KekeKi00,DE,Kenny Clark,ClarKe01,DE,Dean Lowry,LowrDe00,LB,Rashan Gary,GaryRa00,LB,De'Vondre Campbell,CampDe00,LB,Oren Burks,BurkOr00,CB,Rasul Douglas,DougRa00,CB,Eric Stokes,StokEr00,CB,Chandon Sullivan,SullCh00,S,Darnell Savage Jr.,SavaDa00,S,Adrian Amos,AmosAd00,QB,Taylor Heinicke,HeinTa00,RB,Antonio Gibson,GibsAn00,WR,Dyami Brown,BrowDy00,WR,Terry McLaurin,McLaTe00,WR,Adam Humphries,HumpAd00,TE,Ricky Seals-Jones,SealRi00,T,Charles Leno Jr.,LenoCh00,T,Cornelius Lucas,LucaCo01,G,Ereck Flowers,FlowEr00,G,Wes Schweitzer,SchwWe00,C,Chase Roullier,RoulCh00,DE,Montez Sweat,SweaMo00,DE,Chase Young,YounCh04,DT,Jonathan Allen,AlleJo01,DT,Daron Payne,PaynDa00,LB,Cole Holcomb,HolcCo00,LB,Jamin Davis,DaviJa11,CB,Kendall Fuller,FullKe00,CB,Bobby McCain,McCaBo01,DB,Benjamin St-Juste,StJuBe00,S,Kamren Curl,CurlKa00,S,Landon Collins,CollLa00,Referee,Ron Torbert,Umpire,Mark Pellis,Down Judge,Kevin Codey,Line Judge,Mark Steinkerchner,Back Judge,Tony Josselyn,Side Judge,Keith Washington,Field Judge,Ryan Dickson
202110240mia,2021-10-24,Sunday,1:00pm,Miami Dolphins,Atlanta Falcons,mia,atl,28,30,Brian Flores,Arthur Smith,Hard Rock Stadium,62739,3:09,outdoors,grass,"85 degrees, relative humidity 70%, wind 9 mph",QB,Tua Tagovailoa,TagoTu00,RB,Malcolm Brown,BrowMa03,WR,Preston Williams,WillPr01,WR,Jaylen Waddle,WaddJa00,TE,Mike Gesicki,GesiMi00,TE,Adam Shaheen,ShahAd00,T,Liam Eichenberg,EichLi00,T,Jesse Davis,DaviJe00,G,Robert Hunt,HuntRo01,G,Austin Jackson,JackAu00,C,Austin Reiter,ReitAu00,DT,Christian Wilkins,WilkCh00,DT,Raekwon Davis,DaviRa03,DT,Zach Sieler,SielZa00,LB,Jerome Baker,BakeJe00,LB,Andrew Van Ginkel,VanGAn00,LB,Brennan Scarlett,ScarBr00,LB,Elandon Roberts,RobeEl00,CB,Byron Jones,JoneBy00,CB,Xavien Howard,HowaXa00,S,Brandon Jones,JoneBr06,S,Jevon Holland,HollJe02,QB,Matt Ryan,RyanMa00,RB,Cordarrelle Patterson,PattCo00,FB,Keith Smith,SmitKe03,WR,Russell Gage,GageRu00,WR,Calvin Ridley,RidlCa00,TE,Kyle Pitts,PittKy00,T,Jake Matthews,MattJa00,T,Jason Spriggs,SpriJa00,G,Chris Lindstrom,LindCh00,G,Jalen Mayfield,MayfJa00,C,Matt Hennessy,HennMa00,DT,Grady Jarrett,JarrGr00,DT,Tyeler Davison,DaviTy01,OLB,Steven Means,MeanSt00,OLB,Adetokunbo Ogundeji,OgunAd01,MLB,Deion Jones,JoneDe01,MLB,Foyesade Oluokun,OluoFo00,CB,AJ Terrell,TerrAJ00,CB,Chris Williamson,WillCh07,CB,Fabian Moreau,MoreFa00,S,Erik Harris,HarrEr00,S,Duron Harmon,HarmDu00,Referee,Scott Novak,Umpire,Ramon George,Down Judge,Derick Bowers,Line Judge,Walt Coleman IV,Back Judge,Terrence Miles,Side Judge,David Meslow,Field Judge,Mike Weatherford
202110240nwe,2021-10-24,Sunday,1:00pm,New England Patriots,New York Jets,nwe,nyj,54,13,Bill Belichick,Robert Saleh,Gillette Stadium,65878,3:10,outdoors,fieldturf,"52 degrees, relative humidity 44%, no wind",QB,Mac Jones,JoneMa05,RB,Damien Harris,HarrDa06,FB,Jakob Johnson,JohnJa12,WR,Nelson Agholor,AghoNe00,WR,Jakobi Meyers,MeyeJa01,TE,Jonnu Smith,SmitJo01,T,Isaiah Wynn,WynnIs00,T,Michael Onwenu,OnweMi00,G,Shaq Mason,MasoSh01,G,Ted Karras,KarrTe00,C,David Andrews,AndrDa00,DT,Lawrence Guy,GuyxLa00,DT,Carl Davis,DaviCa01,DT,Christian Barmore,BarmCh00,LB,Matt Judon,JudoMa00,LB,Harvey Langi,LangHa00,LB,Ja'Whaun Bentley,BentJa00,LB,Kyle Van Noy,VanNKy00,CB,Jalen Mills,MillJa02,DB,J.C. Jackson,,DB,Devin McCourty,McCoDe99,DB,Kyle Dugger,DuggKy00,QB,Zach Wilson,WilsZa00,RB,Michael Carter,CartMi03,WR,Keelan Cole,ColeKe00,WR,Corey Davis,DaviCo03,TE,Trevon Wesco,WescTr00,TE,Ryan Griffin,GrifRy00,T,George Fant,FantGe00,T,Morgan Moses,MoseMo00,G,Alijah Vera-Tucker,VeraAl00,G,Greg Van Roten,VanRGr00,C,Connor McGovern,McGoCo00,DE,Bryce Huff,HuffBr00,DT,John Franklin-Myers,FranJo02,DT,Folorunso Fatukasi,FatuFo00,DT,Quinnen Williams,WillQu00,LB,Jamien Sherwood,SherJa00,LB,Quincy Williams,WillQu01,LB,Blake Cashman,CashBl00,CB,Bryce Hall,HallBr02,CB,Brandin Echols,EchoBr00,S,Marcus Maye,MayeMa00,S,Ashtyn Davis,DaviAs00,Referee,Brad Rogers,Umpire,Carl Paganelli,Down Judge,Kent Payne,Line Judge,Tom Eaton,Back Judge,Greg Steed,Side Judge,Dominique Pender,Field Judge,Aaron Santi
202110240nyg,2021-10-24,Sunday,1:00pm,New York Giants,Carolina Panthers,nyg,car,25,3,Joe Judge,Matt Rhule,MetLife Stadium,71889,3:01,outdoors,fieldturf,"57 degrees, relative humidity 51%, no wind",QB,Daniel Jones,JoneDa05,RB,Devontae Booker,BookDe00,WR,Darius Slayton,SlayDa01,WR,John Ross,RossJo00,TE,Evan Engram,EngrEv00,TE,Kyle Rudolph,RudoKy00,T,Nate Solder,SoldNa00,T,Matt Peart,PearMa00,G,Will Hernandez,HernWi00,G,Matt Skura,SkurMa01,C,Billy Price,PricBi01,DE,Leonard Williams,WillLe02,DT,Austin Johnson,JohnAu01,DT,Dexter Lawrence,LawrDe03,LB,Azeez Ojulari,OjulAz00,LB,Reggie Ragland,RaglRe00,LB,Tae Crowder,CrowTa00,LB,Lorenzo Carter,CartLo01,CB,James Bradberry,BradJa00,DB,Logan Ryan,RyanLo00,DB,Adoree' Jackson,JackAd00,S,Xavier McKinney,McKiXa00,QB,Sam Darnold,DarnSa00,RB,Chuba Hubbard,HubbCh01,WR,D.J. Moore,,WR,Robbie Chosen,AndeRo04,TE,Tommy Tremble,TremTo00,TE,Ian Thomas,ThomIa00,T,Taylor Moton,MotoTa00,T,Brady Christensen,ChriBr00,G,John Miller,MillJo04,G,Michael Jordan,JordMi01,C,Matt Paradis,ParaMa00,DE,Morgan Fox,FoxxMo00,DE,Brian Burns,BurnBr00,DT,DaQuan Jones,JoneDa04,DT,Derrick Brown,BrowDe05,OLB,Haason Reddick,ReddHa00,LB,Frankie Luvu,LuvuFr00,LB,Jermaine Carter Jr.,CartJe00,CB,Donte Jackson,JackDo02,CB,A.J. Bouye,,S,Jeremy Chinn,ChinJe00,S,Sean Chandler,ChanSe00,Referee,Carl Cheffers,Umpire,Tra Blake,Down Judge,Jerry Bergman,Line Judge,Jeff Seeman,Back Judge,Matt Edwards,Side Judge,Eugene Hall,Field Judge,Nathan Jones
202110240oti,2021-10-24,Sunday,1:00pm,Tennessee Titans,Kansas City Chiefs,oti,kan,27,3,Mike Vrabel,Andy Reid,Nissan Stadium,69484,2:58,outdoors,grass,"74 degrees, relative humidity 48%, wind 14 mph",QB,Ryan Tannehill,TannRy00,RB,Derrick Henry,HenrDe00,FB,Khari Blasingame,BlasKh00,WR,A.J. Brown,BrowAJ00,WR,Julio Jones,JoneJu02,TE,Geoff Swaim,SwaiGe00,T,Kendall Lamm,LammKe00,T,David Quessenberry,QuesDa00,G,Nate Davis,DaviNa01,G,Rodger Saffold,SaffRo20,C,Ben Jones,JoneBe01,DE,Denico Autry,AutrDe00,DT,Jeffery Simmons,SimmJe01,DT,Teair Tart,TartTe00,OLB,Harold Landry,LandHa00,LB,Rashaan Evans,EvanRa01,LB,David Long,LongDa04,CB,Jackrabbit Jenkins,JenkJa03,CB,Greg Mabin,MabiGr00,CB,Elijah Molden,MoldEl00,DB,Dane Cruikshank,CruiDa00,S,Kevin Byard,ByarKe01,QB,Patrick Mahomes,MahoPa00,RB,Darrel Williams,WillDa10,WR,Josh Gordon,GordJo02,WR,Mecole Hardman,HardMe00,WR,Tyreek Hill,HillTy00,TE,Travis Kelce,KelcTr00,T,Mike Remmers,RemmMi00,T,Orlando Brown Jr.,BrowOr00,G,Joe Thuney,ThunJo00,G,Trey Smith,SmitTr05,C,Creed Humphrey,HumpCr00,DE,Frank Clark,ClarFr01,DT,Chris Jones,JoneCh09,DT,Derrick Nnadi,NnadDe00,DT,Jarran Reed,ReedJa02,LB,Nick Bolton,BoltNi00,LB,Ben Niemann,NiemBe00,LB,Willie Gay Jr.,GayJWi00,CB,Rashad Fenton,FentRa00,CB,L'Jarius Sneed,SneeLJ00,S,Juan Thornhill,ThorJu00,S,Tyrann Mathieu,MathTy00,Referee,Brad Allen,Umpire,Bruce Stritesky,Down Judge,Danny Short,Line Judge,Daniel Gallagher,Back Judge,Greg Yette,Side Judge,Boris Cheek,Field Judge,Rick Patterson
202110240rai,2021-10-24,Sunday,4:05pm,Las Vegas Raiders,Philadelphia Eagles,rai,phi,33,22,Rich Bisaccia,Nick Sirianni,Allegiant Stadium,62000,3:01,dome,grass,,QB,Derek Carr,CarrDe02,RB,Josh Jacobs,JacoJo01,FB,Alec Ingold,IngoAl01,WR,Henry Ruggs III,RuggHe00,WR,Bryan Edwards,EdwaBr01,TE,Foster Moreau,MoreFo00,T,Brandon Parker,ParkBr01,T,Kolton Miller,MillKo00,G,John Simpson,SimpJo00,G,Alex Leatherwood,LeatAl00,C,Andre James,JameAn01,DE,Yannick Ngakoue,NgakYa00,DE,Maxx Crosby,CrosMa00,DT,Quinton Jefferson,JeffQu00,DT,Johnathan Hankins,HankJo00,LB,Cory Littleton,LittCo01,LB,Denzel Perryman,PerrDe00,CB,Nate Hobbs,HobbNa00,CB,Casey Hayward,HaywCa00,CB,Brandon Facyson,FacyBr00,S,Tre'von Moehrig,MoehTr00,S,Johnathan Abram,AbraJo01,QB,Jalen Hurts,HurtJa00,RB,Miles Sanders,SandMi01,WR,Quez Watkins,WatkQu00,WR,DeVonta Smith,SmitDe07,WR,Jalen Reagor,ReagJa00,TE,Dallas Goedert,GoedDa00,T,Jordan Mailata,MailJo00,T,Lane Johnson,JohnLa01,G,Landon Dickerson,DickLa00,G,Jack Driscoll,DrisJa00,C,Jason Kelce,KelcJa00,DE,Josh Sweat,SweaJo00,DE,Derek Barnett,BarnDe01,DT,Javon Hargrave,HargJa00,DT,Fletcher Cox,CoxxFl00,LB,Genard Avery,AverGe00,LB,T.J. Edwards,EdwaTJ02,LB,Davion Taylor,TaylDa01,CB,Steven Nelson,NelsSt01,CB,Darius Slay,SlayDa00,S,Rodney McLeod,McLeRo00,S,Marcus Epps,EppsMa00,Referee,Clete Blakeman,Umpire,Tab Slaughter,Down Judge,Dana McKenzie,Line Judge,Julian Mapp,Back Judge,Perry Paganelli,Side Judge,Clay Reynard,Field Judge,Scott Edwards
202110240ram,2021-10-24,Sunday,4:05pm,Los Angeles Rams,Detroit Lions,ram,det,28,19,Sean McVay,Dan Campbell,SoFi Stadium,70540,3:08,dome,matrixturf,,QB,Matthew Stafford,StafMa00,RB,Darrell Henderson,HendDa00,WR,Robert Woods,WoodRo02,WR,Cooper Kupp,KuppCo00,WR,Van Jefferson,JeffVa00,TE,Tyler Higbee,HigbTy00,T,Andrew Whitworth,WhitAn20,T,Rob Havenstein,HaveRo00,G,Austin Corbett,CorbAu00,G,David Edwards,EdwaDa01,C,Brian Allen,AlleBr02,DT,Sebastian Joseph-Day,JoseSe00,DT,A'Shawn Robinson,RobiAS00,DT,Aaron Donald,DonaAa00,OLB,Leonard Floyd,FloyLe00,OLB,Terrell Lewis,LewiTe00,LB,Troy Reeder,ReedTr01,LB,Kenny Young,YounKe03,CB,Jalen Ramsey,RamsJa00,DB,Robert Rochell,RochRo00,S,Jordan Fuller,FullJo01,S,Taylor Rapp,RappTa00,QB,Jared Goff,GoffJa00,RB,Jamaal Williams,WillJa06,WR,Geronimo Allison,AlliGe01,WR,Amon-Ra St. Brown,StxxAm00,WR,Kalif Raymond,RaymKa00,TE,T.J. Hockenson,HockTJ00,T,Penei Sewell,SewePe00,T,Matt Nelson,NelsMa00,G,Halapoulivaati Vaitai,VaitHa00,G,Jonah Jackson,JackJo03,C,Evan Brown,BrowEv00,DE,Nick Williams,WillNi01,DE,Michael Brockers,BrocMi00,OLB,Charles Harris,HarrCh03,OLB,Trey Flowers,FlowTr00,LB,Jalen Reeves-Maybin,ReevJa00,LB,Alex Anzalone,AnzaAl00,CB,Amani Oruwariye,OruwAm00,CB,AJ Parker,ParkAJ00,CB,Jerry Jacobs,JacoJe00,S,Will Harris,HarrWi02,S,Tracy Walker,WalkTr01,Referee,Bill Vinovich,Umpire,Tony Michalek,Down Judge,Patrick Holt,Line Judge,Mark Perlman,Back Judge,Jimmy Russell,Side Judge,Jimmy Buchanan,Field Judge,Joe Blubaugh
202110240rav,2021-10-24,Sunday,1:00pm,Baltimore Ravens,Cincinnati Bengals,rav,cin,17,41,John Harbaugh,Zac Taylor,M&amp;T Bank Stadium,70659,3:15,outdoors,grass,"61 degrees, relative humidity 60%, wind 6 mph",QB,Lamar Jackson,JackLa00,RB,Devonta Freeman,FreeDe00,FB,Patrick Ricard,RicaPa00,WR,Marquise Brown,BrowMa04,TE,Eric Tomlinson,TomlEr01,TE,Mark Andrews,AndrMa00,T,Alejandro Villanueva,VillAl00,T,Patrick Mekari,MekaPa00,G,Ben Powers,PoweBe00,G,Kevin Zeitler,ZeitKe00,C,Bradley Bozeman,BozeBr00,DE,Calais Campbell,CampCa99,DT,Brandon Williams,WillBr02,OLB,Justin Houston,HousJu00,OLB,Tyus Bowser,BowsTy00,LB,Josh Bynes,ByneJo00,LB,Patrick Queen,QueePa00,CB,Tavon Young,YounTa01,CB,Marlon Humphrey,HumpMa00,CB,Anthony Averett,AverAn00,S,DeShon Elliott,ElliDe02,S,Chuck Clark,ClarCh00,QB,Joe Burrow,BurrJo01,RB,Joe Mixon,MixoJo00,WR,Tyler Boyd,BoydTy00,WR,Tee Higgins,HiggTe00,WR,Ja'Marr Chase,ChasJa00,TE,C.J. Uzomah,,T,Jonah Williams,WillJo10,T,Riley Reiff,ReifRi00,G,Jackson Carman,CarmJa00,G,Quinton Spain,SpaiQu00,C,Trey Hopkins,HopkTr01,DE,Trey Hendrickson,HendTr00,DE,Sam Hubbard,HubbSa00,DT,Josh Tupou,TupoJo00,DT,Larry Ogunjobi,OgunLa00,DT,D.J. Reader,,LB,Logan Wilson,WilsLo00,LB,Germaine Pratt,PratGe00,CB,Chidobe Awuzie,AwuzCh00,CB,Eli Apple,ApplEl00,S,Vonn Bell,BellVo00,S,Jessie Bates III,BateJe00,Referee,Tony Corrente,Umpire,Dan Ferrell,Down Judge,Patrick Turner,Line Judge,Tim Podraza,Back Judge,Todd Prukop,Side Judge,Don Willard,Field Judge,Anthony Jefferies
202110240sfo,2021-10-24,Sunday,8:20pm,San Francisco 49ers,Indianapolis Colts,sfo,clt,18,30,Kyle Shanahan,Frank Reich,Levi's Stadium,56576,3:02,outdoors,grass,"64 degrees, relative humidity 84%, wind 16 mph",QB,Jimmy Garoppolo,GaroJi00,RB,Elijah Mitchell,MitcEl00,FB,Kyle Juszczyk,JuszKy00,WR,Brandon Aiyuk,AiyuBr00,WR,Deebo Samuel,SamuDe00,TE,Charlie Woerner,WoerCh00,T,Mike McGlinchey,McGlMi00,T,Jaylon Moore,MoorJa04,G,Daniel Brunskill,BrunDa00,G,Laken Tomlinson,TomlLa01,C,Alex Mack,MackAl20,DE,Nick Bosa,BosaNi00,DE,Arik Armstead,ArmsAr01,DT,D.J. Jones,,DT,Kentavius Street,StreKe00,LB,Marcell Harris,HarrMa03,LB,Fred Warner,WarnFr00,LB,Azeez Al-Shaair,AlShAz00,CB,Emmanuel Moseley,MoseEm00,CB,Josh Norman,NormJo01,DB,Jimmie Ward,WardJi01,S,Jaquiski Tartt,TartJa00,QB,Carson Wentz,WentCa00,RB,Jonathan Taylor,TaylJo02,WR,Zach Pascal,PascZa00,WR,Michael Pittman Jr.,PittMi01,TE,Jack Doyle,DoylJa00,TE,Mo Alie-Cox,AlieMo00,T,Eric Fisher,FishEr00,T,Matt Pryor,PryoMa00,G,Mark Glowinski,GlowMa00,G,Quenton Nelson,NelsQu00,C,Ryan Kelly,KellRy00,DE,Al-Quadin Muhammad,MuhaAl00,DE,Kwity Paye,PayeKw00,DT,DeForest Buckner,BuckDe00,DT,Grover Stewart,StewGr00,LB,Bobby Okereke,OkerBo00,LB,Shaquille Leonard,LeonDa00,LB,Zaire Franklin,FranZa00,CB,Xavier Rhodes,RhodXa00,CB,Kenny Moore,MoorKe03,FS,Andrew Sendejo,SendAn00,S,Khari Willis,WillKh00,Referee,Craig Wrolstad,Umpire,Steve Woods,Down Judge,Jim Mello,Line Judge,Tripp Sutter,Back Judge,Grantis Bell,Side Judge,Jeff Lamberth,Field Judge,Terry Brown
202110240tam,2021-10-24,Sunday,4:25pm,Tampa Bay Buccaneers,Chicago Bears,tam,chi,38,3,Bruce Arians,Matt Nagy,Raymond James Stadium,65635,2:56,outdoors,grass,"83 degrees, relative humidity 65%, wind 7 mph",QB,Tom Brady,BradTo00,RB,Leonard Fournette,FourLe00,WR,Tyler Johnson,JohnTy00,WR,Chris Godwin,GodwCh00,WR,Mike Evans,EvanMi00,TE,O.J. Howard,,T,Tristan Wirfs,WirfTr00,T,Donovan Smith,SmitDo02,G,Alex Cappa,CappAl00,G,Ali Marpet,MarpAl00,C,Ryan Jensen,JensRy00,DT,Vita Vea,VeaxVi00,DT,Ndamukong Suh,SuhxNd99,OLB,Shaquil Barrett,BarrSh00,OLB,Jason Pierre-Paul,PierJa99,LB,Kevin Minter,MintKe00,LB,Devin White,WhitDe02,CB,Dee Delaney,DelaDe00,CB,Ross Cockrell,CockRo00,CB,Jamel Dean,DeanJa00,S,Jordan Whitehead,WhitJo03,S,Antoine Winfield Jr.,WinfAn00,QB,Justin Fields,FielJu00,RB,Khalil Herbert,HerbKh00,WR,Damiere Byrd,ByrdDa00,WR,Allen Robinson,RobiAl02,WR,Darnell Mooney,MoonDa00,TE,Cole Kmet,KmetCo00,T,Lachavious Simmons,SimmLa00,T,Jason Peters,PeteJa21,G,Cody Whitehair,WhitCo03,G,James Daniels,DaniJa01,C,Sam Mustipher,MustSa01,DE,Angelo Blackson,BlacAn00,DT,Eddie Goldman,GoldEd00,LB,Khalil Mack,MackKh00,LB,Alec Ogletree,OgleAl00,LB,Trevis Gipson,GipsTr00,LB,Roquan Smith,SmitRo07,DB,Jaylon Johnson,JohnJa13,DB,Eddie Jackson,JackEd01,DB,DeAndre Houston-Carson,HousDe00,DB,Duke Shelley,ShelDu00,DB,Kindle Vildor,VildKi00,Referee,Alex Kemp,Umpire,Rich Hall,Down Judge,Mike Carr,Line Judge,Jeff Bergman,Back Judge,Scott Helverson,Side Judge,Dale Shaw,Field Judge,John Jenkins
202110250sea,2021-10-25,Monday,8:15pm,Seattle Seahawks,New Orleans Saints,sea,nor,10,13,Pete Carroll,Sean Payton,Lumen Field,68563,3:03,outdoors,fieldturf,"54 degrees, relative humidity 77%, wind 16 mph",QB,Geno Smith,SmitGe00,RB,Alex Collins,CollAl00,WR,D.K. Metcalf,MetcDK00,WR,Tyler Lockett,LockTy00,WR,Freddie Swain,SwaiFr00,TE,Gerald Everett,EverGe00,T,Brandon Shell,ShelBr00,T,Duane Brown,BrowDu20,G,Gabe Jackson,JackGa00,G,Jamarco Jones,JoneJa08,C,Kyle Fuller,FullKy01,DE,Rasheem Green,GreeRa01,DE,Benson Mayowa,MayoBe00,DT,Poona Ford,FordPo00,DT,Bryan Mone,MoneBr00,DT,Al Woods,WoodAl99,LB,Jordyn Brooks,BrooJo01,LB,Bobby Wagner,WagnBo00,CB,D.J. Reed,,CB,Sidney Jones,JoneSi00,SS,Jamal Adams,AdamJa00,FS,Quandre Diggs,DiggQu00,QB,Jameis Winston,WinsJa00,RB,Alvin Kamara,KamaAl00,WR,Marquez Callaway,CallMa01,TE,Adam Trautman,TrauAd00,TE,Garrett Griffin,GrifGa00,T,Terron Armstead,ArmsTe00,T,James Hurst,HursJa00,T,Ryan Ramczyk,RamcRy00,G,Cesar Ruiz,RuizCe00,G,Andrus Peat,PeatAn00,C,Erik McCoy,McCoEr01,DE,Tanoh Kpassagnon,KpasTa00,DE,Cameron Jordan,JordCa00,DT,Montravius Adams,AdamMo00,DT,Shy Tuttle,TuttSh00,LB,Demario Davis,DaviDe00,LB,Pete Werner,WernPe00,CB,Marshon Lattimore,LattMa01,CB,Paulson Adebo,AdebPa00,SS,Malcolm Jenkins,JenkMa99,S,C.J. Gardner-Johnson,GardCh00,S,Marcus Williams,WillMa06,Referee,Shawn Hochuli,Umpire,Terry Killens,Down Judge,Ed Camp,Line Judge,Greg Bradley,Back Judge,Rich Martinez,Side Judge,Chad Hill,Field Judge,Tom Hill
202110280crd,2021-10-28,Thursday,8:20pm,Arizona Cardinals,Green Bay Packers,crd,gnb,21,24,Kliff Kingsbury,Matt LaFleur,State Farm Stadium,63696,3:12,retractable roof (open),grass,,QB,Kyler Murray,MurrKy00,RB,Chase Edmonds,EdmoCh00,WR,A.J. Green,,WR,Christian Kirk,KirkCh01,WR,DeAndre Hopkins,HopkDe00,TE,Zach Ertz,ErtzZa00,T,Kelvin Beachum,BeacKe00,T,D.J. Humphries,,G,Justin Pugh,PughJu00,G,Josh Jones,JoneJo07,C,Sean Harlow,HarlSe00,DE,Zach Allen,AlleZa01,DE,Jordan Phillips,PhilJo01,OLB,Chandler Jones,JoneCh03,OLB,Markus Golden,GoldMa00,MLB,Jordan Hicks,HickJo00,LB,Isaiah Simmons,SimmIs00,CB,Byron Murphy,MurpBy00,CB,Robert Alford,AlfoRo00,CB,Marco Wilson,WilsMa04,S,Budda Baker,BakeBu00,S,Jalen Thompson,ThomJa04,QB,Aaron Rodgers,RodgAa00,RB,Aaron Jones,JoneAa00,WR,Equanimeous St. Brown,,WR,Randall Cobb,CobbRa00,WR,Amari Rodgers,RodgAm00,TE,Marcedes Lewis,LewiMa00,T,Billy Turner,TurnBi00,T,Elgton Jenkins,JenkEl00,G,Royce Newman,NewmRo00,G,Jon Runyan Jr.,RunyJo00,C,Lucas Patrick,PatrLu00,DE,Dean Lowry,LowrDe00,DE,Kenny Clark,ClarKe01,LB,Rashan Gary,GaryRa00,LB,Preston Smith,SmitPr00,LB,De'Vondre Campbell,CampDe00,LB,Krys Barnes,BarnKr00,CB,Rasul Douglas,DougRa00,CB,Eric Stokes,StokEr00,CB,Chandon Sullivan,SullCh00,S,Adrian Amos,AmosAd00,S,Darnell Savage Jr.,SavaDa00,Referee,Alex Kemp,Umpire,Rich Hall,Down Judge,Mike Carr,Line Judge,Jeff Bergman,Back Judge,Scott Helverson,Side Judge,Dale Shaw,Field Judge,John Jenkins
202110310atl,2021-10-31,Sunday,1:00pm,Atlanta Falcons,Carolina Panthers,atl,car,13,19,Arthur Smith,Matt Rhule,Mercedes-Benz Stadium,68583,2:54,retractable roof (open),fieldturf,,QB,Matt Ryan,RyanMa00,RB,Mike Davis,DaviMi01,RB,Cordarrelle Patterson,PattCo00,WR,Olamide Zaccheaus,ZaccOl01,TE,Hayden Hurst,HursHa00,TE,Kyle Pitts,PittKy00,T,Kaleb McGary,McGaKa00,T,Jake Matthews,MattJa00,G,Chris Lindstrom,LindCh00,G,Jalen Mayfield,MayfJa00,C,Matt Hennessy,HennMa00,DE,Jonathan Bullard,BullJo00,DT,Grady Jarrett,JarrGr00,DT,Tyeler Davison,DaviTy01,OLB,Steven Means,MeanSt00,OLB,Adetokunbo Ogundeji,OgunAd01,MLB,Deion Jones,JoneDe01,MLB,Foyesade Oluokun,OluoFo00,CB,Fabian Moreau,MoreFa00,CB,AJ Terrell,TerrAJ00,S,Duron Harmon,HarmDu00,S,Erik Harris,HarrEr00,QB,Sam Darnold,DarnSa00,RB,Chuba Hubbard,HubbCh01,WR,D.J. Moore,,WR,Robbie Chosen,AndeRo04,TE,Tommy Tremble,TremTo00,TE,Ian Thomas,ThomIa00,T,Taylor Moton,MotoTa00,T,Cameron Erving,ErviCa00,G,Trenton Scott,ScotTr01,G,Michael Jordan,JordMi01,C,Matt Paradis,ParaMa00,DE,Brian Burns,BurnBr00,DT,DaQuan Jones,JoneDa04,DT,Derrick Brown,BrowDe05,OLB,Haason Reddick,ReddHa00,LB,Jermaine Carter Jr.,CartJe00,LB,Shaq Thompson,ThomSh01,CB,Donte Jackson,JackDo02,CB,Keith Taylor,TaylKe03,CB,A.J. Bouye,,S,Jeremy Chinn,ChinJe00,S,Sean Chandler,ChanSe00,Referee,Brad Allen,Umpire,Bruce Stritesky,Down Judge,Danny Short,Line Judge,Daniel Gallagher,Back Judge,Greg Yette,Side Judge,Boris Cheek,Field Judge,Rick Patterson
202110310buf,2021-10-31,Sunday,1:00pm,Buffalo Bills,Miami Dolphins,buf,mia,26,11,Sean McDermott,Brian Flores,Highmark Stadium,69355,3:11,outdoors,a_turf,"54 degrees, relative humidity 82%, wind 9 mph",QB,Josh Allen,AlleJo02,RB,Devin Singletary,SingDe00,WR,Cole Beasley,BeasCo00,WR,Stefon Diggs,DiggSt00,WR,Emmanuel Sanders,SandEm00,TE,Tommy Sweeney,SweeTo00,T,Daryl Williams,WillDa06,T,Dion Dawkins,DawkDi00,G,Jon Feliciano,FeliJo00,G,Ike Boettger,BoetIk00,C,Mitch Morse,MorsMi00,DE,Jerry Hughes,HughJe99,DE,Gregory Rousseau,RousGr00,DT,Star Lotulelei,LotuSt00,DT,Ed Oliver,OlivEd00,LB,Matt Milano,MilaMa00,LB,Tremaine Edmunds,EdmuTr01,CB,Taron Johnson,JohnTa01,CB,Levi Wallace,WallLe00,CB,Tre'Davious White,WhitTr01,S,Micah Hyde,HydeMi00,S,Jordan Poyer,PoyeJo00,QB,Tua Tagovailoa,TagoTu00,RB,Myles Gaskin,GaskMy00,WR,Jaylen Waddle,WaddJa00,WR,DeVante Parker,ParkDe01,TE,Durham Smythe,SmytDu00,TE,Adam Shaheen,ShahAd00,T,Jesse Davis,DaviJe00,T,Liam Eichenberg,EichLi00,G,Robert Hunt,HuntRo01,G,Austin Jackson,JackAu00,C,Austin Reiter,ReitAu00,DE,Emmanuel Ogbah,OgbaEm00,DT,Christian Wilkins,WilkCh00,DT,Raekwon Davis,DaviRa03,LB,Jaelan Phillips,PhilJa02,LB,Duke Riley,RileDu00,LB,Elandon Roberts,RobeEl00,CB,Nik Needham,NeedNi00,CB,Byron Jones,JoneBy00,CB,Xavien Howard,HowaXa00,S,Brandon Jones,JoneBr06,S,Jevon Holland,HollJe02,Referee,Shawn Smith,Umpire,Bryan Neale,Down Judge,Mark Hittner,Line Judge,Michael Dolce,Back Judge,Dino Paganelli,Side Judge,Dave Hawkshaw,Field Judge,Dyrol Prioleau
202110310chi,2021-10-31,Sunday,1:00pm,Chicago Bears,San Francisco 49ers,chi,sfo,22,33,Matt Nagy,Kyle Shanahan,Soldier Field,60877,3:02,outdoors,grass,"53 degrees, relative humidity 63%, wind 12 mph",QB,Justin Fields,FielJu00,RB,Damien Williams,WillDa05,WR,Darnell Mooney,MoonDa00,WR,Allen Robinson,RobiAl02,TE,Jesse James,JameJe00,TE,Cole Kmet,KmetCo00,T,Jason Peters,PeteJa21,T,Larry Borom,BoroLa00,G,James Daniels,DaniJa01,G,Cody Whitehair,WhitCo03,C,Sam Mustipher,MustSa01,DT,Bilal Nichols,NichBi00,DT,Akiem Hicks,HickAk00,DT,Eddie Goldman,GoldEd00,LB,Trevis Gipson,GipsTr00,LB,Alec Ogletree,OgleAl00,LB,Robert Quinn,QuinRo00,LB,Roquan Smith,SmitRo07,DB,Jaylon Johnson,JohnJa13,DB,Eddie Jackson,JackEd01,DB,Tashaun Gipson,GipsTa00,DB,Kindle Vildor,VildKi00,QB,Jimmy Garoppolo,GaroJi00,RB,Elijah Mitchell,MitcEl00,FB,Kyle Juszczyk,JuszKy00,WR,Deebo Samuel,SamuDe00,WR,Brandon Aiyuk,AiyuBr00,TE,Charlie Woerner,WoerCh00,T,Mike McGlinchey,McGlMi00,T,Trent Williams,WillTr21,G,Daniel Brunskill,BrunDa00,G,Laken Tomlinson,TomlLa01,C,Alex Mack,MackAl20,DE,Samson Ebukam,EbukSa00,DE,Nick Bosa,BosaNi00,DE,Arik Armstead,ArmsAr01,DT,D.J. Jones,,LB,Demetrius Flannigan-Fowles,FlanDe00,LB,Fred Warner,WarnFr00,CB,Emmanuel Moseley,MoseEm00,CB,Josh Norman,NormJo01,CB,K'Waun Williams,WillKW00,DB,Jimmie Ward,WardJi01,S,Talanoa Hufanga,HufaTa00,Referee,Land Clark,Umpire,Paul King,Down Judge,Tom Stephan,Line Judge,Brian Bolinger,Back Judge,Greg Meyer,Side Judge,Anthony Flemming,Field Judge,Michael Banks
202110310cle,2021-10-31,Sunday,1:00pm,Cleveland Browns,Pittsburgh Steelers,cle,pit,10,15,Kevin Stefanski,Mike Tomlin,FirstEnergy Stadium,67431,3:01,outdoors,grass,"57 degrees, relative humidity 67%, wind 13 mph",QB,Baker Mayfield,MayfBa00,RB,Nick Chubb,ChubNi00,WR,Odell Beckham Jr.,BeckOd00,WR,Rashard Higgins,HiggRa00,WR,Jarvis Landry,LandJa00,TE,Austin Hooper,HoopAu00,T,Jedrick Wills Jr.,WillJe04,T,Jack Conklin,ConkJa00,G,Joel Bitonio,BitoJo00,G,Wyatt Teller,TellWy00,C,J.C. Tretter,TretJC00,DE,Myles Garrett,GarrMy00,DE,Jadeveon Clowney,ClowJa00,DT,Malik Jackson,JackMa02,DT,Malik McDowell,McDoMa00,LB,Malcolm Smith,SmitMa02,LB,Anthony Walker,WalkAn01,CB,Troy Hill,HillTr01,CB,Greg Newsome II,NewsGr00,CB,Greedy Williams,WillGr00,S,John Johnson,JohnJo10,S,Ronnie Harrison,HarrRo02,QB,Ben Roethlisberger,RoetBe00,RB,Najee Harris,HarrNa00,WR,Chase Claypool,ClayCh01,WR,Ray-Ray McCloud,McClRa00,WR,Diontae Johnson,JohnDi01,TE,Zach Gentry,GentZa00,T,Chukwuma Okorafor,OkorCh00,T,Dan Moore,MoorDa05,G,Kevin Dotson,DotsKe00,G,Trai Turner,TurnTr01,C,Kendrick Green,GreeKe02,DE,Isaiah Buggs,BuggIs00,DT,Chris Wormley,WormCh00,DT,Cameron Heyward,HeywCa01,LB,Joe Schobert,SchoJo00,LB,T.J. Watt,,LB,Alex Highsmith,HighAl02,LB,Devin Bush Jr.,BushDe01,CB,Joe Haden,HadeJo99,CB,Cameron Sutton,SuttCa00,S,Minkah Fitzpatrick,FitzMi00,S,Terrell Edmunds,EdmuTe00,Referee,Shawn Hochuli,Umpire,Terry Killens,Down Judge,Ed Camp,Line Judge,Greg Bradley,Back Judge,Rich Martinez,Side Judge,Chad Hill,Field Judge,Tom Hill
202110310clt,2021-10-31,Sunday,1:00pm,Indianapolis Colts,Tennessee Titans,clt,oti,31,34,Frank Reich,Mike Vrabel,Lucas Oil Stadium,59175,3:33,retractable roof (open),fieldturf,,QB,Carson Wentz,WentCa00,RB,Jonathan Taylor,TaylJo02,WR,T.Y. Hilton,,WR,Zach Pascal,PascZa00,WR,Michael Pittman Jr.,PittMi01,TE,Jack Doyle,DoylJa00,T,Eric Fisher,FishEr00,T,Braden Smith,SmitBr06,G,Quenton Nelson,NelsQu00,G,Chris Reed,ReedCh00,C,Ryan Kelly,KellRy00,DE,Kwity Paye,PayeKw00,DE,Al-Quadin Muhammad,MuhaAl00,DT,DeForest Buckner,BuckDe00,DT,Grover Stewart,StewGr00,LB,Bobby Okereke,OkerBo00,LB,Shaquille Leonard,LeonDa00,CB,Xavier Rhodes,RhodXa00,CB,Kenny Moore,MoorKe03,CB,Rock Ya-Sin,Ya-SRo00,FS,Andrew Sendejo,SendAn00,S,Khari Willis,WillKh00,QB,Ryan Tannehill,TannRy00,RB,Derrick Henry,HenrDe00,WR,A.J. Brown,BrowAJ00,WR,Marcus Johnson,JohnMa07,TE,Geoff Swaim,SwaiGe00,TE,MyCole Pruitt,PruiMy00,T,Taylor Lewan,LewaTa00,T,David Quessenberry,QuesDa00,G,Nate Davis,DaviNa01,G,Rodger Saffold,SaffRo20,C,Ben Jones,JoneBe01,DE,Denico Autry,AutrDe00,DT,Eli Ankou,AnkoEl00,DT,Jeffery Simmons,SimmJe01,OLB,Harold Landry,LandHa00,LB,David Long,LongDa04,LB,Monty Rice,RiceMo00,CB,Jackrabbit Jenkins,JenkJa03,CB,Greg Mabin,MabiGr00,CB,Elijah Molden,MoldEl00,DB,Amani Hooker,HookAm00,S,Kevin Byard,ByarKe01,Referee,Carl Cheffers,Umpire,Tra Blake,Down Judge,Jerry Bergman,Line Judge,Jeff Seeman,Back Judge,Matt Edwards,Side Judge,Eugene Hall,Field Judge,Nathan Jones
202110310den,2021-10-31,Sunday,4:25pm,Denver Broncos,Washington Football Team,den,was,17,10,Vic Fangio,Ron Rivera,Empower Field at Mile High,75973,2:56,outdoors,grass,"41 degrees, relative humidity 70%, wind 4 mph",QB,Teddy Bridgewater,BridTe00,RB,Melvin Gordon,GordMe00,WR,Courtland Sutton,SuttCo00,WR,Tim Patrick,PatrTi00,TE,Noah Fant,FantNo00,TE,Albert Okwuegbunam,OkwuAl00,T,Garett Bolles,BollGa00,T,Bobby Massie,MassBo00,G,Graham Glasgow,GlasGr00,G,Dalton Risner,RisnDa00,C,Lloyd Cushenberry III,CushLl00,DE,Shelby Harris,HarrSh00,DT,DeShawn Williams,WillDe04,OLB,Jonathon Cooper,CoopJo02,OLB,Malik Reed,ReedMa01,LB,Kenny Young,YounKe03,LB,Baron Browning,BrowBa01,CB,Patrick Surtain II,SurtPa01,CB,Ronald Darby,DarbRo00,CB,Bryce Callahan,CallBr00,S,Kareem Jackson,JackKa99,S,Justin Simmons,SimmJu00,QB,Taylor Heinicke,HeinTa00,RB,J.D. McKissic,,RB,Antonio Gibson,GibsAn00,WR,DeAndre Carter,CartDe02,WR,Terry McLaurin,McLaTe00,TE,Ricky Seals-Jones,SealRi00,T,Charles Leno Jr.,LenoCh00,T,Saahdiq Charles,CharSa00,G,Ereck Flowers,FlowEr00,G,Wes Schweitzer,SchwWe00,C,Chase Roullier,RoulCh00,DE,Montez Sweat,SweaMo00,DE,Chase Young,YounCh04,DT,Jonathan Allen,AlleJo01,DT,Daron Payne,PaynDa00,LB,Jamin Davis,DaviJa11,LB,Cole Holcomb,HolcCo00,CB,Kendall Fuller,FullKe00,CB,Bobby McCain,McCaBo01,DB,Benjamin St-Juste,StJuBe00,S,Kamren Curl,CurlKa00,S,Landon Collins,CollLa00,Referee,John Hussey,Umpire,Alan Eck,Down Judge,Sarah Thomas,Line Judge,Carl Johnson,Back Judge,Brad Freeman,Side Judge,Allen Baynes,Field Judge,Jabir Walker
202110310det,2021-10-31,Sunday,1:00pm,Detroit Lions,Philadelphia Eagles,det,phi,6,44,Dan Campbell,Nick Sirianni,Ford Field,47192,2:48,dome,fieldturf,,QB,Jared Goff,GoffJa00,RB,D'Andre Swift,SwifDA00,FB,Jason Cabinda,CabiJa00,WR,Trinity Benson,BensTr00,WR,Kalif Raymond,RaymKa00,TE,T.J. Hockenson,HockTJ00,T,Penei Sewell,SewePe00,T,Matt Nelson,NelsMa00,G,Halapoulivaati Vaitai,VaitHa00,G,Jonah Jackson,JackJo03,C,Evan Brown,BrowEv00,DE,Nick Williams,WillNi01,DE,Michael Brockers,BrocMi00,OLB,Charles Harris,HarrCh03,OLB,Trey Flowers,FlowTr00,LB,Jalen Reeves-Maybin,ReevJa00,LB,Alex Anzalone,AnzaAl00,CB,Jerry Jacobs,JacoJe00,CB,Amani Oruwariye,OruwAm00,S,Dean Marlowe,MarlDe00,S,Will Harris,HarrWi02,S,Tracy Walker,WalkTr01,QB,Jalen Hurts,HurtJa00,RB,Boston Scott,ScotBo02,WR,Quez Watkins,WatkQu00,WR,DeVonta Smith,SmitDe07,WR,Jalen Reagor,ReagJa00,TE,Dallas Goedert,GoedDa00,T,Jordan Mailata,MailJo00,T,Lane Johnson,JohnLa01,G,Landon Dickerson,DickLa00,G,Jack Driscoll,DrisJa00,C,Jason Kelce,KelcJa00,DE,Josh Sweat,SweaJo00,DE,Derek Barnett,BarnDe01,DT,Javon Hargrave,HargJa00,DT,Fletcher Cox,CoxxFl00,LB,Genard Avery,AverGe00,LB,T.J. Edwards,EdwaTJ02,LB,Davion Taylor,TaylDa01,CB,Steven Nelson,NelsSt01,CB,Darius Slay,SlayDa00,S,Rodney McLeod,McLeRo00,S,Marcus Epps,EppsMa00,Referee,Tony Corrente,Umpire,Dan Ferrell,Down Judge,Patrick Turner,Line Judge,Tim Podraza,Back Judge,Todd Prukop,Side Judge,Don Willard,Field Judge,Anthony Jefferies
202110310htx,2021-10-31,Sunday,1:00pm,Houston Texans,Los Angeles Rams,htx,ram,22,38,David Culley,Sean McVay,NRG Stadium,66013,2:55,retractable roof (closed),astroturf,,QB,Davis Mills,MillDa02,RB,David Johnson,JohnDa08,WR,Brandin Cooks,CookBr00,TE,Antony Auclair,AuclAn00,TE,Brevin Jordan,JordBr00,TE,Jordan Akins,AkinJo00,T,Geron Christian,ChriGe01,T,Charlie Heck,HeckCh00,G,Tytus Howard,HowaTy00,G,Max Scharping,SchaMa01,C,Justin McCray,McCrJu00,DE,Jonathan Greenard,GreeJo04,DE,Jacob Martin,MartJa02,DT,Roy Lopez,LopeRo00,DT,Maliek Collins,CollMa00,LB,Kamu Grugier-Hill,GrugKa00,LB,Christian Kirksey,KirkCh00,DB,Tavierre Thomas,ThomTa01,DB,Justin Reid,ReidJu00,DB,Terrance Mitchell,MitcTe00,DB,Lonnie Johnson Jr.,JohnLo01,DB,Vernon Hargreaves III,HargVe00,QB,Matthew Stafford,StafMa00,RB,Darrell Henderson,HendDa00,WR,Van Jefferson,JeffVa00,WR,Robert Woods,WoodRo02,WR,Cooper Kupp,KuppCo00,TE,Tyler Higbee,HigbTy00,T,Rob Havenstein,HaveRo00,T,Joseph Noteboom,NoteJo00,G,Austin Corbett,CorbAu00,G,David Edwards,EdwaDa01,C,Brian Allen,AlleBr02,DT,Aaron Donald,DonaAa00,DT,A'Shawn Robinson,RobiAS00,DT,Greg Gaines,GainGr00,OLB,Leonard Floyd,FloyLe00,OLB,Terrell Lewis,LewiTe00,LB,Ernest Jones,JoneEr01,LB,Troy Reeder,ReedTr01,CB,Jalen Ramsey,RamsJa00,CB,Donte Deayon,DeayDo01,S,Taylor Rapp,RappTa00,S,Jordan Fuller,FullJo01,Referee,Clay Martin,Umpire,Fred Bryan,Down Judge,Jerod Phillips,Line Judge,Maia Chaka,Back Judge,Greg Wilson,Side Judge,Joe Larrew,Field Judge,James Coleman
202110310min,2021-10-31,Sunday,8:20pm,Minnesota Vikings,Dallas Cowboys,min,dal,16,20,Mike Zimmer,Mike McCarthy,U.S. Bank Stadium,66633,3:11,dome,sportturf,,QB,Kirk Cousins,CousKi00,RB,Dalvin Cook,CookDa01,WR,Adam Thielen,ThieAd00,WR,Justin Jefferson,JeffJu00,TE,Tyler Conklin,ConkTy00,TE,Chris Herndon,HernCh00,T,Christian Darrisaw,DarrCh00,T,Brian O'Neill,ONeiBr00,G,Oli Udoh,UdohOl01,G,Ezra Cleveland,ClevEz00,C,Garrett Bradbury,BradGa00,DE,Danielle Hunter,HuntDa01,DE,Everson Griffen,GrifEv99,DT,Dalvin Tomlinson,TomlDa00,DT,Armon Watts,WattAr01,LB,Anthony Barr,BarrAn00,LB,Eric Kendricks,KendEr00,LB,Nick Vigil,VigiNi00,CB,Cameron Dantzler,DantCa00,CB,Bashaud Breeland,BreeBa00,S,Harrison Smith,SmitHa00,S,Xavier Woods,WoodXa00,QB,Cooper Rush,RushCo00,RB,Ezekiel Elliott,ElliEz00,WR,Amari Cooper,CoopAm00,WR,CeeDee Lamb,LambCe00,TE,Dalton Schultz,SchuDa00,TE,Blake Jarwin,JarwBl00,T,Terence Steele,SteeTe01,T,Tyron Smith,SmitTy00,G,Connor Williams,WillCo00,G,Zack Martin,MartZa00,C,Tyler Biadasz,BiadTy00,DE,Randy Gregory,GregRa00,DE,Carlos Watkins,WatkCa00,DE,Tarell Basham,BashTa00,DT,Osa Odighizuwa,OdigOs00,LB,Micah Parsons,ParsMi00,LB,Leighton Vander Esch,VandLe00,CB,Jourdan Lewis,LewiJo01,CB,Trevon Diggs,DiggTr00,CB,Anthony Brown,BrowAn02,S,Jayron Kearse,KearJa00,S,Damontae Kazee,KazeDa00,Referee,Scott Novak,Umpire,Ramon George,Down Judge,Derick Bowers,Line Judge,Walt Coleman IV,Back Judge,Terrence Miles,Side Judge,David Meslow,Field Judge,Mike Weatherford
202110310nor,2021-10-31,Sunday,4:25pm,New Orleans Saints,Tampa Bay Buccaneers,nor,tam,36,27,Sean Payton,Bruce Arians,Caesars Superdome,69170,3:09,dome,sportturf,,QB,Jameis Winston,WinsJa00,RB,Alvin Kamara,KamaAl00,WR,Marquez Callaway,CallMa01,TE,Adam Trautman,TrauAd00,TE,Garrett Griffin,GrifGa00,TE,Juwan Johnson,JohnJu02,T,Terron Armstead,ArmsTe00,T,Ryan Ramczyk,RamcRy00,G,James Hurst,HursJa00,G,Cesar Ruiz,RuizCe00,C,Erik McCoy,McCoEr01,DE,Cameron Jordan,JordCa00,DE,Tanoh Kpassagnon,KpasTa00,DT,David Onyemata,OnyeDa00,DT,Shy Tuttle,TuttSh00,LB,Demario Davis,DaviDe00,LB,Pete Werner,WernPe00,CB,Marshon Lattimore,LattMa01,CB,Paulson Adebo,AdebPa00,SS,Malcolm Jenkins,JenkMa99,S,C.J. Gardner-Johnson,GardCh00,S,Marcus Williams,WillMa06,QB,Tom Brady,BradTo00,RB,Leonard Fournette,FourLe00,WR,Chris Godwin,GodwCh00,WR,Mike Evans,EvanMi00,TE,Rob Gronkowski,GronRo00,TE,Cameron Brate,BratCa00,T,Tristan Wirfs,WirfTr00,T,Donovan Smith,SmitDo02,G,Ali Marpet,MarpAl00,G,Alex Cappa,CappAl00,C,Ryan Jensen,JensRy00,DE,William Gholston,GholWi00,DT,Ndamukong Suh,SuhxNd99,DT,Vita Vea,VeaxVi00,OLB,Shaquil Barrett,BarrSh00,OLB,Jason Pierre-Paul,PierJa99,MLB,Lavonte David,DaviLa00,LB,Devin White,WhitDe02,CB,Jamel Dean,DeanJa00,CB,Pierre Desir,DesiPi00,S,Jordan Whitehead,WhitJo03,S,Antoine Winfield Jr.,WinfAn00,Referee,Clete Blakeman,Umpire,Tab Slaughter,Down Judge,Dana McKenzie,Line Judge,Julian Mapp,Back Judge,Perry Paganelli,Side Judge,Clay Reynard,Field Judge,Scott Edwards
202110310nyj,2021-10-31,Sunday,1:00pm,New York Jets,Cincinnati Bengals,nyj,cin,34,31,Robert Saleh,Zac Taylor,MetLife Stadium,67503,3:18,outdoors,fieldturf,"63 degrees, relative humidity 67%, wind 11 mph",QB,Mike White,WhitMi01,RB,Michael Carter,CartMi03,WR,Keelan Cole,ColeKe00,WR,Denzel Mims,MimsDe00,TE,Tyler Kroft,KrofTy00,TE,Ryan Griffin,GrifRy00,T,George Fant,FantGe00,T,Morgan Moses,MoseMo00,G,Greg Van Roten,VanRGr00,G,Alijah Vera-Tucker,VeraAl00,C,Connor McGovern,McGoCo00,DE,Shaq Lawson,LawsSh00,DT,Folorunso Fatukasi,FatuFo00,DT,John Franklin-Myers,FranJo02,DT,Quinnen Williams,WillQu00,LB,Jarrad Davis,DaviJa01,LB,C.J. Mosley,,CB,Brandin Echols,EchoBr00,CB,Bryce Hall,HallBr02,CB,Michael Carter II,CartMi02,S,Marcus Maye,MayeMa00,S,Ashtyn Davis,DaviAs00,QB,Joe Burrow,BurrJo01,RB,Joe Mixon,MixoJo00,WR,Tyler Boyd,BoydTy00,WR,Tee Higgins,HiggTe00,WR,Ja'Marr Chase,ChasJa00,TE,C.J. Uzomah,,T,Jonah Williams,WillJo10,T,Riley Reiff,ReifRi00,G,Jackson Carman,CarmJa00,G,Quinton Spain,SpaiQu00,C,Trey Hopkins,HopkTr01,DE,Trey Hendrickson,HendTr00,DE,Sam Hubbard,HubbSa00,DT,Josh Tupou,TupoJo00,DT,Larry Ogunjobi,OgunLa00,DT,D.J. Reader,,LB,Logan Wilson,WilsLo00,LB,Germaine Pratt,PratGe00,CB,Chidobe Awuzie,AwuzCh00,CB,Eli Apple,ApplEl00,S,Vonn Bell,BellVo00,S,Jessie Bates III,BateJe00,Referee,Craig Wrolstad,Umpire,Steve Woods,Down Judge,Jim Mello,Line Judge,Tripp Sutter,Back Judge,Grantis Bell,Side Judge,Jeff Lamberth,Field Judge,Terry Brown
202110310sdg,2021-10-31,Sunday,4:05pm,Los Angeles Chargers,New England Patriots,sdg,nwe,24,27,Brandon Staley,Bill Belichick,SoFi Stadium,70240,3:07,dome,matrixturf,,QB,Justin Herbert,HerbJu00,RB,Austin Ekeler,EkelAu00,WR,Keenan Allen,AlleKe00,WR,Mike Williams,WillMi07,TE,Jared Cook,CookJa02,TE,Donald Parham,ParhDo00,T,Storm Norton,NortSt00,T,Rashawn Slater,SlatRa00,G,Michael Schofield,SchoMi00,G,Matt Feiler,FeilMa00,C,Corey Linsley,LinsCo00,DT,Justin Jones,JoneJu03,DT,Linval Joseph,JoseLi99,DT,Jerry Tillery,TillJe00,OLB,Joey Bosa,BosaJo00,OLB,Uchenna Nwosu,NwosUc00,LB,Kyzir White,WhitKy00,CB,Michael Davis,DaviMi03,CB,Chris Harris Jr.,HarrCh01,CB,Asante Samuel Jr.,SamuAs00,S,Derwin James,JameDe00,S,Nasir Adderley,AddeNa00,QB,Mac Jones,JoneMa05,RB,Damien Harris,HarrDa06,WR,Nelson Agholor,AghoNe00,WR,Jakobi Meyers,MeyeJa01,TE,Jonnu Smith,SmitJo01,TE,Hunter Henry,HenrHu00,T,Isaiah Wynn,WynnIs00,T,Michael Onwenu,OnweMi00,G,Shaq Mason,MasoSh01,G,Ted Karras,KarrTe00,C,David Andrews,AndrDa00,DE,Deatrich Wise Jr.,WiseDe00,DT,Lawrence Guy,GuyxLa00,DT,Davon Godchaux,GodcDa00,LB,Matt Judon,JudoMa00,LB,Dont'a Hightower,HighDo01,LB,Ja'Whaun Bentley,BentJa00,CB,Jalen Mills,MillJa02,DB,J.C. Jackson,,DB,Devin McCourty,McCoDe99,DB,Adrian Phillips,PhilAd00,DB,Kyle Dugger,DuggKy00,Referee,Ron Torbert,Umpire,Mark Pellis,Down Judge,Kevin Codey,Line Judge,Mark Steinkerchner,Back Judge,Tony Josselyn,Side Judge,Keith Washington,Field Judge,Ryan Dickson
202110310sea,2021-10-31,Sunday,4:05pm,Seattle Seahawks,Jacksonville Jaguars,sea,jax,31,7,Pete Carroll,Urban Meyer,Lumen Field,67243,2:55,outdoors,fieldturf,"54 degrees, relative humidity 45%, wind 8 mph",QB,Geno Smith,SmitGe00,RB,Alex Collins,CollAl00,WR,D.K. Metcalf,MetcDK00,WR,Tyler Lockett,LockTy00,TE,Will Dissly,DissWi00,TE,Gerald Everett,EverGe00,T,Brandon Shell,ShelBr00,T,Duane Brown,BrowDu20,G,Gabe Jackson,JackGa00,G,Damien Lewis,LewiDa05,C,Ethan Pocic,PociEt00,DE,Rasheem Green,GreeRa01,DT,Al Woods,WoodAl99,DT,Bryan Mone,MoneBr00,DT,Poona Ford,FordPo00,LB,Jordyn Brooks,BrooJo01,LB,Bobby Wagner,WagnBo00,CB,Tre Brown,BrowTr03,CB,D.J. Reed,,SS,Jamal Adams,AdamJa00,FS,Quandre Diggs,DiggQu00,FS,Ugo Amadi,AmadUg00,QB,Trevor Lawrence,LawrTr00,RB,James Robinson,RobiJa00,WR,Laviska Shenault Jr.,ShenLa00,WR,Jamal Agnew,AgneJa00,WR,Marvin Jones,JoneMa02,TE,Dan Arnold,ArnoDa00,T,Jawaan Taylor,TaylJa02,T,Cam Robinson,RobiCa00,G,Ben Bartch,BartBe00,G,Andrew Norwell,NorwAn01,C,Tyler Shatley,ShatTy00,DE,Josh Hines-Allen,AlleJo03,DE,Adam Gotsis,GotsAd00,DT,Malcom Brown,BrowMa01,DT,DaVon Hamilton,HamiDa02,LB,Damien Wilson,WilsDa02,LB,Myles Jack,JackMy00,LB,K'Lavon Chaisson,ChaiKL00,CB,Shaquill Griffin,GrifSh00,CB,Tyson Campbell,CampTy01,S,Andrew Wingard,WingAn01,S,Rayshawn Jenkins,JenkRa00,Referee,Adrian Hill,Umpire,Roy Ellison,Down Judge,David Oliver,Line Judge,Mark Stewart,Back Judge,Keith Ferguson,Side Judge,Jim Quirk,Field Judge,Mearl Robinson
202111010kan,2021-11-01,Monday,8:15pm,Kansas City Chiefs,New York Giants,kan,nyg,20,17,Andy Reid,Joe Judge,GEHA Field at Arrowhead Stadium,72898,3:05,outdoors,grass,"39 degrees, relative humidity 89%, wind 4 mph",QB,Patrick Mahomes,MahoPa00,RB,Darrel Williams,WillDa10,WR,Demarcus Robinson,RobiDe01,WR,Mecole Hardman,HardMe00,WR,Tyreek Hill,HillTy00,TE,Travis Kelce,KelcTr00,T,Orlando Brown Jr.,BrowOr00,T,Lucas Niang,NianLu00,G,Trey Smith,SmitTr05,G,Joe Thuney,ThunJo00,C,Creed Humphrey,HumpCr00,DE,Frank Clark,ClarFr01,DT,Chris Jones,JoneCh09,DT,Derrick Nnadi,NnadDe00,DT,Jarran Reed,ReedJa02,LB,Willie Gay Jr.,GayJWi00,LB,Nick Bolton,BoltNi00,CB,Rashad Fenton,FentRa00,CB,L'Jarius Sneed,SneeLJ00,CB,Charvarius Ward,WardCh01,S,Tyrann Mathieu,MathTy00,S,Juan Thornhill,ThorJu00,QB,Daniel Jones,JoneDa05,RB,Devontae Booker,BookDe00,WR,Kadarius Toney,ToneKa00,WR,Darius Slayton,SlayDa01,WR,Sterling Shepard,ShepSt00,TE,Evan Engram,EngrEv00,T,Nate Solder,SoldNa00,T,Matt Peart,PearMa00,G,Will Hernandez,HernWi00,G,Matt Skura,SkurMa01,C,Billy Price,PricBi01,DE,Leonard Williams,WillLe02,DT,Austin Johnson,JohnAu01,LB,Azeez Ojulari,OjulAz00,LB,Reggie Ragland,RaglRe00,LB,Quincy Roche,RochQu00,LB,Tae Crowder,CrowTa00,CB,Darnay Holmes,HolmDa01,CB,James Bradberry,BradJa00,DB,Logan Ryan,RyanLo00,DB,Adoree' Jackson,JackAd00,S,Xavier McKinney,McKiXa00,Referee,Jerome Boger,Umpire,Bryan Neale,Down Judge,Frank LeBlanc,Line Judge,Rusty Baynes,Back Judge,Steve Patrick,Side Judge,Jonah Monroe,Field Judge,Steve Zimmer
202111040clt,2021-11-04,Thursday,8:20pm,Indianapolis Colts,New York Jets,clt,nyj,45,30,Frank Reich,Robert Saleh,Lucas Oil Stadium,59593,3:12,retractable roof (closed),fieldturf,,QB,Carson Wentz,WentCa00,RB,Jonathan Taylor,TaylJo02,RB,Nyheim Hines,HineNy00,WR,Michael Pittman Jr.,PittMi01,WR,Zach Pascal,PascZa00,TE,Jack Doyle,DoylJa00,T,Braden Smith,SmitBr06,T,Eric Fisher,FishEr00,G,Quenton Nelson,NelsQu00,G,Chris Reed,ReedCh00,C,Ryan Kelly,KellRy00,DE,Al-Quadin Muhammad,MuhaAl00,DE,Kwity Paye,PayeKw00,DT,Grover Stewart,StewGr00,DT,DeForest Buckner,BuckDe00,LB,Shaquille Leonard,LeonDa00,LB,Bobby Okereke,OkerBo00,LB,Zaire Franklin,FranZa00,CB,Kenny Moore,MoorKe03,CB,Xavier Rhodes,RhodXa00,FS,Andrew Sendejo,SendAn00,S,George Odum,OdumGe00,QB,Mike White,WhitMi01,RB,Michael Carter,CartMi03,WR,Keelan Cole,ColeKe00,WR,Denzel Mims,MimsDe00,TE,Tyler Kroft,KrofTy00,TE,Ryan Griffin,GrifRy00,T,George Fant,FantGe00,T,Morgan Moses,MoseMo00,G,Greg Van Roten,VanRGr00,G,Alijah Vera-Tucker,VeraAl00,C,Connor McGovern,McGoCo00,DE,Shaq Lawson,LawsSh00,DT,Folorunso Fatukasi,FatuFo00,DT,John Franklin-Myers,FranJo02,DT,Quinnen Williams,WillQu00,LB,Jarrad Davis,DaviJa01,LB,C.J. Mosley,,CB,Brandin Echols,EchoBr00,CB,Bryce Hall,HallBr02,CB,Michael Carter II,CartMi02,S,Marcus Maye,MayeMa00,S,Ashtyn Davis,DaviAs00,Referee,John Hussey,Umpire,Alan Eck,Down Judge,Sarah Thomas,Line Judge,Carl Johnson,Back Judge,Brad Freeman,Side Judge,Allen Baynes,Field Judge,Jabir Walker
202111070car,2021-11-07,Sunday,1:00pm,Carolina Panthers,New England Patriots,car,nwe,6,24,Matt Rhule,Bill Belichick,Bank of America Stadium,72203,2:54,outdoors,grass,"61 degrees, relative humidity 35%, wind 16 mph",QB,Sam Darnold,DarnSa00,RB,Christian McCaffrey,McCaCh01,WR,D.J. Moore,,WR,Robbie Chosen,AndeRo04,TE,Tommy Tremble,TremTo00,TE,Ian Thomas,ThomIa00,T,Taylor Moton,MotoTa00,T,Cameron Erving,ErviCa00,G,Michael Jordan,JordMi01,G,Trenton Scott,ScotTr01,C,Matt Paradis,ParaMa00,DE,Brian Burns,BurnBr00,DT,DaQuan Jones,JoneDa04,DT,Derrick Brown,BrowDe05,OLB,Haason Reddick,ReddHa00,LB,Jermaine Carter Jr.,CartJe00,LB,Shaq Thompson,ThomSh01,CB,Donte Jackson,JackDo02,CB,Keith Taylor,TaylKe03,DB,Myles Hartsfield,HartMy00,S,Jeremy Chinn,ChinJe00,S,Sean Chandler,ChanSe00,QB,Mac Jones,JoneMa05,RB,Brandon Bolden,BoldBr00,RB,Damien Harris,HarrDa06,WR,Nelson Agholor,AghoNe00,WR,Jakobi Meyers,MeyeJa01,TE,Jonnu Smith,SmitJo01,T,Isaiah Wynn,WynnIs00,T,Michael Onwenu,OnweMi00,G,Shaq Mason,MasoSh01,G,Ted Karras,KarrTe00,C,David Andrews,AndrDa00,DT,Lawrence Guy,GuyxLa00,DT,Davon Godchaux,GodcDa00,DT,Carl Davis,DaviCa01,LB,Matt Judon,JudoMa00,LB,Dont'a Hightower,HighDo01,LB,Kyle Van Noy,VanNKy00,LB,Ja'Whaun Bentley,BentJa00,CB,Jalen Mills,MillJa02,DB,J.C. Jackson,,DB,Devin McCourty,McCoDe99,DB,Adrian Phillips,PhilAd00,Referee,Clete Blakeman,Umpire,Tab Slaughter,Down Judge,Dana McKenzie,Line Judge,Julian Mapp,Back Judge,Perry Paganelli,Side Judge,Clay Reynard,Field Judge,Scott Edwards
202111070cin,2021-11-07,Sunday,1:00pm,Cincinnati Bengals,Cleveland Browns,cin,cle,16,41,Zac Taylor,Kevin Stefanski,Paul Brown Stadium,65451,3:07,outdoors,fieldturf,"56 degrees, relative humidity 47%, no wind",QB,Joe Burrow,BurrJo01,RB,Joe Mixon,MixoJo00,WR,Tee Higgins,HiggTe00,WR,Ja'Marr Chase,ChasJa00,TE,Drew Sample,SampDr00,TE,C.J. Uzomah,,T,Jonah Williams,WillJo10,T,Riley Reiff,ReifRi00,G,Hakeem Adeniji,AdenHa00,G,Quinton Spain,SpaiQu00,C,Trey Hopkins,HopkTr01,DE,Trey Hendrickson,HendTr00,DE,Sam Hubbard,HubbSa00,DT,Josh Tupou,TupoJo00,DT,Larry Ogunjobi,OgunLa00,DT,D.J. Reader,,LB,Logan Wilson,WilsLo00,LB,Germaine Pratt,PratGe00,CB,Chidobe Awuzie,AwuzCh00,CB,Eli Apple,ApplEl00,S,Vonn Bell,BellVo00,S,Jessie Bates III,BateJe00,QB,Baker Mayfield,MayfBa00,RB,Nick Chubb,ChubNi00,WR,Jarvis Landry,LandJa00,WR,Anthony Schwartz,SchwAn00,TE,Austin Hooper,HoopAu00,TE,David Njoku,NjokDa00,T,Blake Hance,HancBl00,T,Jedrick Wills Jr.,WillJe04,G,Wyatt Teller,TellWy00,G,Joel Bitonio,BitoJo00,C,J.C. Tretter,TretJC00,DE,Jadeveon Clowney,ClowJa00,DE,Myles Garrett,GarrMy00,DT,Malik McDowell,McDoMa00,DT,Malik Jackson,JackMa02,LB,Sione Takitaki,TakiSi00,LB,Anthony Walker,WalkAn01,LB,Mack Wilson,WilsMa03,CB,Greg Newsome II,NewsGr00,CB,Denzel Ward,WardDe02,S,John Johnson,JohnJo10,S,Ronnie Harrison,HarrRo02,Referee,Scott Novak,Umpire,Ramon George,Down Judge,Derick Bowers,Line Judge,Walt Coleman IV,Back Judge,Terrence Miles,Side Judge,David Meslow,Field Judge,Mike Weatherford
202111070dal,2021-11-07,Sunday,1:00pm,Dallas Cowboys,Denver Broncos,dal,den,16,30,Mike McCarthy,Vic Fangio,AT&amp;T Stadium,93503,3:02,retractable roof (closed),matrixturf,,QB,Dak Prescott,PresDa01,RB,Ezekiel Elliott,ElliEz00,WR,Cedrick Wilson Jr.,WilsCe01,WR,Amari Cooper,CoopAm00,WR,CeeDee Lamb,LambCe00,TE,Dalton Schultz,SchuDa00,T,La'el Collins,CollLa01,T,Terence Steele,SteeTe01,G,Connor Williams,WillCo00,G,Zack Martin,MartZa00,C,Tyler Biadasz,BiadTy00,DE,Randy Gregory,GregRa00,DE,Carlos Watkins,WatkCa00,DE,Tarell Basham,BashTa00,DT,Osa Odighizuwa,OdigOs00,LB,Micah Parsons,ParsMi00,LB,Leighton Vander Esch,VandLe00,CB,Jourdan Lewis,LewiJo01,CB,Trevon Diggs,DiggTr00,CB,Anthony Brown,BrowAn02,S,Jayron Kearse,KearJa00,S,Damontae Kazee,KazeDa00,QB,Teddy Bridgewater,BridTe00,RB,Melvin Gordon,GordMe00,WR,Courtland Sutton,SuttCo00,WR,Tim Patrick,PatrTi00,TE,Eric Saubert,SaubEr00,TE,Albert Okwuegbunam,OkwuAl00,T,Bobby Massie,MassBo00,T,Calvin Anderson,AndeCa00,G,Graham Glasgow,GlasGr00,G,Dalton Risner,RisnDa00,C,Lloyd Cushenberry III,CushLl00,DE,Shelby Harris,HarrSh00,DT,DeShawn Williams,WillDe04,OLB,Jonathon Cooper,CoopJo02,OLB,Stephen Weatherly,WeatSt00,LB,Baron Browning,BrowBa01,LB,Kenny Young,YounKe03,CB,Kyle Fuller,FullKy00,CB,Ronald Darby,DarbRo00,CB,Patrick Surtain II,SurtPa01,S,Kareem Jackson,JackKa99,S,Justin Simmons,SimmJu00,Referee,Bill Vinovich,Umpire,Tony Michalek,Down Judge,Patrick Holt,Line Judge,Mark Perlman,Back Judge,Jimmy Russell,Side Judge,Jimmy Buchanan,Field Judge,Joe Blubaugh
202111070jax,2021-11-07,Sunday,1:00pm,Jacksonville Jaguars,Buffalo Bills,jax,buf,9,6,Urban Meyer,Sean McDermott,TIAA Bank Stadium,63110,3:10,outdoors,grass,"59 degrees, relative humidity 75%, wind 16 mph",QB,Trevor Lawrence,LawrTr00,RB,Carlos Hyde,HydeCa00,WR,Laquon Treadwell,TreaLa00,WR,Laviska Shenault Jr.,ShenLa00,WR,Marvin Jones,JoneMa02,TE,Dan Arnold,ArnoDa00,T,Walker Little,LittWa00,T,Jawaan Taylor,TaylJa02,G,Andrew Norwell,NorwAn01,G,Ben Bartch,BartBe00,C,Tyler Shatley,ShatTy00,DE,Roy Robertson-Harris,RobeRo00,DE,Dawuane Smoot,SmooDa00,DE,Josh Hines-Allen,AlleJo03,DT,Malcom Brown,BrowMa01,LB,Myles Jack,JackMy00,LB,Damien Wilson,WilsDa02,CB,Shaquill Griffin,GrifSh00,CB,Tyson Campbell,CampTy01,S,Rudy Ford,FordRu00,S,Rayshawn Jenkins,JenkRa00,S,Andrew Wingard,WingAn01,QB,Josh Allen,AlleJo02,RB,Devin Singletary,SingDe00,WR,Cole Beasley,BeasCo00,WR,Stefon Diggs,DiggSt00,WR,Emmanuel Sanders,SandEm00,TE,Tommy Sweeney,SweeTo00,T,Daryl Williams,WillDa06,T,Dion Dawkins,DawkDi00,G,Cody Ford,FordCo00,G,Ike Boettger,BoetIk00,C,Mitch Morse,MorsMi00,DE,Jerry Hughes,HughJe99,DE,Gregory Rousseau,RousGr00,DT,Star Lotulelei,LotuSt00,DT,Ed Oliver,OlivEd00,LB,Matt Milano,MilaMa00,LB,Tremaine Edmunds,EdmuTr01,CB,Taron Johnson,JohnTa01,CB,Levi Wallace,WallLe00,CB,Tre'Davious White,WhitTr01,S,Micah Hyde,HydeMi00,S,Jordan Poyer,PoyeJo00,Referee,Land Clark,Umpire,Paul King,Down Judge,Tom Stephan,Line Judge,Brian Bolinger,Back Judge,Greg Meyer,Side Judge,Anthony Flemming,Field Judge,Michael Banks
202111070kan,2021-11-07,Sunday,4:25pm,Kansas City Chiefs,Green Bay Packers,kan,gnb,13,7,Andy Reid,Matt LaFleur,GEHA Field at Arrowhead Stadium,73476,3:06,outdoors,grass,"51 degrees, relative humidity 74%, wind 12 mph",QB,Patrick Mahomes,MahoPa00,RB,Darrel Williams,WillDa10,WR,Tyreek Hill,HillTy00,WR,Mecole Hardman,HardMe00,WR,Josh Gordon,GordJo02,TE,Travis Kelce,KelcTr00,T,Lucas Niang,NianLu00,T,Orlando Brown Jr.,BrowOr00,G,Trey Smith,SmitTr05,G,Joe Thuney,ThunJo00,C,Creed Humphrey,HumpCr00,DE,Michael Danna,DannMi00,DE,Frank Clark,ClarFr01,DT,Chris Jones,JoneCh09,DT,Jarran Reed,ReedJa02,LB,Willie Gay Jr.,GayJWi00,LB,Anthony Hitchens,HitcAn00,LB,Nick Bolton,BoltNi00,CB,L'Jarius Sneed,SneeLJ00,CB,Charvarius Ward,WardCh01,S,Tyrann Mathieu,MathTy00,S,Juan Thornhill,ThorJu00,QB,Jordan Love,LoveJo03,RB,Aaron Jones,JoneAa00,WR,Davante Adams,AdamDa01,WR,Allen Lazard,LazaAl00,TE,Marcedes Lewis,LewiMa00,TE,Dominique Dafney,DafnDo00,T,Billy Turner,TurnBi00,T,Elgton Jenkins,JenkEl00,G,Royce Newman,NewmRo00,G,Jon Runyan Jr.,RunyJo00,C,Lucas Patrick,PatrLu00,DE,Kenny Clark,ClarKe01,DE,Dean Lowry,LowrDe00,LB,Rashan Gary,GaryRa00,LB,De'Vondre Campbell,CampDe00,LB,Krys Barnes,BarnKr00,LB,Preston Smith,SmitPr00,CB,Rasul Douglas,DougRa00,CB,Kevin King,KingKe01,CB,Chandon Sullivan,SullCh00,S,Darnell Savage Jr.,SavaDa00,S,Adrian Amos,AmosAd00,Referee,Shawn Smith,Umpire,Bryan Neale,Down Judge,Mark Hittner,Line Judge,Michael Dolce,Back Judge,Dino Paganelli,Side Judge,Dave Hawkshaw,Field Judge,Dyrol Prioleau
202111070mia,2021-11-07,Sunday,1:00pm,Miami Dolphins,Houston Texans,mia,htx,17,9,Brian Flores,David Culley,Hard Rock Stadium,60232,3:14,outdoors,grass,"72 degrees, relative humidity 57%, wind 19 mph",QB,Jacoby Brissett,BrisJa00,RB,Myles Gaskin,GaskMy00,WR,Jaylen Waddle,WaddJa00,WR,Mack Hollins,HollMa00,TE,Mike Gesicki,GesiMi00,TE,Adam Shaheen,ShahAd00,T,Jesse Davis,DaviJe00,T,Liam Eichenberg,EichLi00,G,Austin Jackson,JackAu00,G,Robert Hunt,HuntRo01,C,Greg Mancz,MancGr00,DT,Zach Sieler,SielZa00,DT,Raekwon Davis,DaviRa03,DT,Christian Wilkins,WilkCh00,LB,Jerome Baker,BakeJe00,LB,Elandon Roberts,RobeEl00,LB,Brennan Scarlett,ScarBr00,LB,Andrew Van Ginkel,VanGAn00,CB,Xavien Howard,HowaXa00,CB,Byron Jones,JoneBy00,S,Brandon Jones,JoneBr06,S,Jevon Holland,HollJe02,QB,Tyrod Taylor,TaylTy00,RB,Phillip Lindsay,LindPh00,WR,Brandin Cooks,CookBr00,WR,Chris Conley,ConlCh00,TE,Antony Auclair,AuclAn00,TE,Jordan Akins,AkinJo00,T,Geron Christian,ChriGe01,T,Charlie Heck,HeckCh00,G,Tytus Howard,HowaTy00,G,Justin McCray,McCrJu00,C,Jimmy Morrissey,MorrJi00,DE,Jonathan Greenard,GreeJo04,DE,Jacob Martin,MartJa02,DT,Maliek Collins,CollMa00,DT,Roy Lopez,LopeRo00,LB,Kamu Grugier-Hill,GrugKa00,LB,Neville Hewitt,HewiNe00,LB,Zach Cunningham,CunnZa00,DB,Desmond King,KingDe01,DB,Terrance Mitchell,MitcTe00,DB,Eric Murray,MurrEr00,DB,Justin Reid,ReidJu00,Referee,Adrian Hill,Umpire,Roy Ellison,Down Judge,David Oliver,Line Judge,Mark Stewart,Back Judge,Keith Ferguson,Side Judge,Jim Quirk,Field Judge,Mearl Robinson
202111070nor,2021-11-07,Sunday,1:00pm,New Orleans Saints,Atlanta Falcons,nor,atl,25,27,Sean Payton,Arthur Smith,Caesars Superdome,69170,3:03,dome,sportturf,,QB,Trevor Siemian,SiemTr00,RB,Mark Ingram,IngrMa01,FB,Alex Armah,ArmaAl00,WR,Kevin White,WhitKe00,TE,Adam Trautman,TrauAd00,T,Calvin Throckmorton,ThroCa01,T,Terron Armstead,ArmsTe00,T,Ryan Ramczyk,RamcRy00,G,James Hurst,HursJa00,G,Cesar Ruiz,RuizCe00,C,Erik McCoy,McCoEr01,DE,Marcus Davenport,DaveMa00,DE,Cameron Jordan,JordCa00,DT,Shy Tuttle,TuttSh00,DT,David Onyemata,OnyeDa00,LB,Demario Davis,DaviDe00,LB,Kwon Alexander,AlexKw00,CB,Marshon Lattimore,LattMa01,CB,Paulson Adebo,AdebPa00,SS,Malcolm Jenkins,JenkMa99,S,C.J. Gardner-Johnson,GardCh00,S,Marcus Williams,WillMa06,QB,Matt Ryan,RyanMa00,RB,Cordarrelle Patterson,PattCo00,WR,Russell Gage,GageRu00,WR,Tajae Sharpe,SharTa00,TE,Hayden Hurst,HursHa00,TE,Kyle Pitts,PittKy00,T,Jake Matthews,MattJa00,T,Kaleb McGary,McGaKa00,G,Chris Lindstrom,LindCh00,G,Jalen Mayfield,MayfJa00,C,Matt Hennessy,HennMa00,DE,Marlon Davidson,DaviMa01,DT,Tyeler Davison,DaviTy01,DT,Grady Jarrett,JarrGr00,OLB,Steven Means,MeanSt00,OLB,Adetokunbo Ogundeji,OgunAd01,MLB,Foyesade Oluokun,OluoFo00,MLB,Deion Jones,JoneDe01,CB,Fabian Moreau,MoreFa00,CB,AJ Terrell,TerrAJ00,S,Erik Harris,HarrEr00,S,Duron Harmon,HarmDu00,Referee,Alex Kemp,Umpire,Rich Hall,Down Judge,Mike Carr,Line Judge,Jeff Bergman,Back Judge,Scott Helverson,Side Judge,Dale Shaw,Field Judge,John Jenkins
202111070nyg,2021-11-07,Sunday,1:00pm,New York Giants,Las Vegas Raiders,nyg,rai,23,16,Joe Judge,Rich Bisaccia,MetLife Stadium,74512,2:54,outdoors,fieldturf,"54 degrees, relative humidity 38%, wind 4 mph",QB,Daniel Jones,JoneDa05,RB,Devontae Booker,BookDe00,WR,Kadarius Toney,ToneKa00,WR,Kenny Golladay,GollKe00,TE,Evan Engram,EngrEv00,TE,Kyle Rudolph,RudoKy00,T,Nate Solder,SoldNa00,T,Matt Peart,PearMa00,G,Will Hernandez,HernWi00,G,Matt Skura,SkurMa01,C,Billy Price,PricBi01,DE,Leonard Williams,WillLe02,DT,Austin Johnson,JohnAu01,LB,Azeez Ojulari,OjulAz00,LB,Quincy Roche,RochQu00,LB,Reggie Ragland,RaglRe00,LB,Tae Crowder,CrowTa00,CB,Darnay Holmes,HolmDa01,CB,James Bradberry,BradJa00,DB,Logan Ryan,RyanLo00,DB,Adoree' Jackson,JackAd00,S,Xavier McKinney,McKiXa00,QB,Derek Carr,CarrDe02,RB,Josh Jacobs,JacoJo01,WR,Zay Jones,JoneZa00,WR,Hunter Renfrow,RenfHu00,WR,Bryan Edwards,EdwaBr01,TE,Darren Waller,WallDa01,T,Brandon Parker,ParkBr01,T,Kolton Miller,MillKo00,G,John Simpson,SimpJo00,G,Alex Leatherwood,LeatAl00,C,Andre James,JameAn01,DE,Maxx Crosby,CrosMa00,DE,Yannick Ngakoue,NgakYa00,DT,Johnathan Hankins,HankJo00,DT,Quinton Jefferson,JeffQu00,LB,Cory Littleton,LittCo01,LB,Denzel Perryman,PerrDe00,CB,Nate Hobbs,HobbNa00,CB,Casey Hayward,HaywCa00,CB,Brandon Facyson,FacyBr00,S,Tre'von Moehrig,MoehTr00,S,Johnathan Abram,AbraJo01,Referee,Clay Martin,Umpire,Fred Bryan,Down Judge,Jerod Phillips,Line Judge,Maia Chaka,Back Judge,Greg Wilson,Side Judge,Joe Larrew,Field Judge,James Coleman
202111070phi,2021-11-07,Sunday,4:05pm,Philadelphia Eagles,Los Angeles Chargers,phi,sdg,24,27,Nick Sirianni,Brandon Staley,Lincoln Financial Field,69796,2:47,outdoors,grass,"54 degrees, relative humidity 37%, wind 11 mph",QB,Jalen Hurts,HurtJa00,RB,Boston Scott,ScotBo02,WR,Quez Watkins,WatkQu00,WR,DeVonta Smith,SmitDe07,WR,Jalen Reagor,ReagJa00,TE,Dallas Goedert,GoedDa00,T,Jordan Mailata,MailJo00,T,Lane Johnson,JohnLa01,G,Landon Dickerson,DickLa00,G,Jack Driscoll,DrisJa00,C,Jason Kelce,KelcJa00,DE,Josh Sweat,SweaJo00,DE,Derek Barnett,BarnDe01,DT,Javon Hargrave,HargJa00,DT,Fletcher Cox,CoxxFl00,LB,Genard Avery,AverGe00,LB,T.J. Edwards,EdwaTJ02,LB,Davion Taylor,TaylDa01,CB,Steven Nelson,NelsSt01,CB,Darius Slay,SlayDa00,S,Anthony Harris,HarrAn01,S,Rodney McLeod,McLeRo00,QB,Justin Herbert,HerbJu00,RB,Austin Ekeler,EkelAu00,WR,Keenan Allen,AlleKe00,WR,Mike Williams,WillMi07,TE,Donald Parham,ParhDo00,T,Rashawn Slater,SlatRa00,T,Storm Norton,NortSt00,T,Senio Kelemete,KeleSe00,G,Matt Feiler,FeilMa00,G,Michael Schofield,SchoMi00,C,Corey Linsley,LinsCo00,DT,Linval Joseph,JoseLi99,DT,Justin Jones,JoneJu03,DT,Jerry Tillery,TillJe00,OLB,Uchenna Nwosu,NwosUc00,OLB,Joey Bosa,BosaJo00,LB,Kyzir White,WhitKy00,CB,Chris Harris Jr.,HarrCh01,CB,Tevaughn Campbell,CampTe00,CB,Ryan Smith,SmitRy00,S,Derwin James,JameDe00,S,Nasir Adderley,AddeNa00,Referee,Jerome Boger,Umpire,Barry Anderson,Down Judge,Frank LeBlanc,Line Judge,Rusty Baynes,Back Judge,Steve Patrick,Side Judge,Jonah Monroe,Field Judge,Steve Zimmer
202111070ram,2021-11-07,Sunday,8:20pm,Los Angeles Rams,Tennessee Titans,ram,oti,16,28,Sean McVay,Mike Vrabel,SoFi Stadium,71785,3:08,dome,matrixturf,,QB,Matthew Stafford,StafMa00,RB,Darrell Henderson,HendDa00,WR,Robert Woods,WoodRo02,WR,Cooper Kupp,KuppCo00,WR,Van Jefferson,JeffVa00,TE,Tyler Higbee,HigbTy00,T,Andrew Whitworth,WhitAn20,T,Rob Havenstein,HaveRo00,G,Austin Corbett,CorbAu00,G,David Edwards,EdwaDa01,C,Brian Allen,AlleBr02,DT,Greg Gaines,GainGr00,DT,A'Shawn Robinson,RobiAS00,DT,Aaron Donald,DonaAa00,OLB,Leonard Floyd,FloyLe00,OLB,Terrell Lewis,LewiTe00,LB,Ernest Jones,JoneEr01,LB,Troy Reeder,ReedTr01,CB,Jalen Ramsey,RamsJa00,DB,Robert Rochell,RochRo00,S,Jordan Fuller,FullJo01,S,Taylor Rapp,RappTa00,QB,Ryan Tannehill,TannRy00,RB,Adrian Peterson,PeteAd01,WR,A.J. Brown,BrowAJ00,WR,Julio Jones,JoneJu02,TE,Geoff Swaim,SwaiGe00,TE,MyCole Pruitt,PruiMy00,T,Bobby Hart,HartBo00,T,David Quessenberry,QuesDa00,G,Aaron Brewer,BrewAa01,G,Rodger Saffold,SaffRo20,C,Ben Jones,JoneBe01,DE,Denico Autry,AutrDe00,DT,Teair Tart,TartTe00,DT,Jeffery Simmons,SimmJe01,OLB,Harold Landry,LandHa00,LB,David Long,LongDa04,LB,Jayon Brown,BrowJa06,CB,Elijah Molden,MoldEl00,CB,Jackrabbit Jenkins,JenkJa03,DB,Chris Jackson,JackCh01,DB,Amani Hooker,HookAm00,S,Kevin Byard,ByarKe01,Referee,Brad Rogers,Umpire,Carl Paganelli,Down Judge,Kent Payne,Line Judge,Tom Eaton,Back Judge,Greg Steed,Side Judge,Dominique Pender,Field Judge,Aaron Santi
202111070rav,2021-11-07,Sunday,1:00pm,Baltimore Ravens,Minnesota Vikings,rav,min,34,31,John Harbaugh,Mike Zimmer,M&amp;T Bank Stadium,70599,3:32,outdoors,grass,"56 degrees, relative humidity 37%, wind 8 mph",QB,Lamar Jackson,JackLa00,RB,Devonta Freeman,FreeDe00,FB,Patrick Ricard,RicaPa00,WR,Rashod Bateman,BateRa00,WR,Marquise Brown,BrowMa04,TE,Eric Tomlinson,TomlEr01,T,Alejandro Villanueva,VillAl00,T,Tyre Phillips,PhilTy00,G,Kevin Zeitler,ZeitKe00,G,Ben Powers,PoweBe00,C,Bradley Bozeman,BozeBr00,DE,Calais Campbell,CampCa99,DT,Justin Ellis,ElliJu01,DT,Nnamdi Madubuike,MaduJu00,OLB,Justin Houston,HousJu00,OLB,Tyus Bowser,BowsTy00,LB,Patrick Queen,QueePa00,LB,Josh Bynes,ByneJo00,CB,Marlon Humphrey,HumpMa00,CB,Anthony Averett,AverAn00,S,DeShon Elliott,ElliDe02,S,Chuck Clark,ClarCh00,QB,Kirk Cousins,CousKi00,RB,Dalvin Cook,CookDa01,FB,C.J. Ham,,WR,Justin Jefferson,JeffJu00,WR,K.J. Osborn,OsboKJ00,WR,Adam Thielen,ThieAd00,T,Christian Darrisaw,DarrCh00,T,Brian O'Neill,ONeiBr00,G,Oli Udoh,UdohOl01,G,Ezra Cleveland,ClevEz00,C,Mason Cole,ColeMa02,DE,D.J. Wonnum,WonnDJ00,DE,Everson Griffen,GrifEv99,DT,Armon Watts,WattAr01,DT,Dalvin Tomlinson,TomlDa00,LB,Nick Vigil,VigiNi00,LB,Eric Kendricks,KendEr00,LB,Anthony Barr,BarrAn00,CB,Bashaud Breeland,BreeBa00,CB,Cameron Dantzler,DantCa00,S,Camryn Bynum,BynuCa00,S,Xavier Woods,WoodXa00,Referee,Carl Cheffers,Umpire,Tra Blake,Down Judge,Jerry Bergman,Line Judge,Jeff Seeman,Back Judge,Matt Edwards,Side Judge,Eugene Hall,Field Judge,Nathan Jones
202111070sfo,2021-11-07,Sunday,4:25pm,San Francisco 49ers,Arizona Cardinals,sfo,crd,17,31,Kyle Shanahan,Kliff Kingsbury,Levi's Stadium,59012,3:00,outdoors,grass,"57 degrees, relative humidity 74%, wind 8 mph",QB,Jimmy Garoppolo,GaroJi00,RB,Elijah Mitchell,MitcEl00,FB,Kyle Juszczyk,JuszKy00,WR,Brandon Aiyuk,AiyuBr00,WR,Deebo Samuel,SamuDe00,TE,George Kittle,KittGe00,T,Trent Williams,WillTr21,T,Mike McGlinchey,McGlMi00,G,Daniel Brunskill,BrunDa00,G,Laken Tomlinson,TomlLa01,C,Alex Mack,MackAl20,DE,Samson Ebukam,EbukSa00,DE,Nick Bosa,BosaNi00,DE,Arik Armstead,ArmsAr01,DT,D.J. Jones,,LB,Fred Warner,WarnFr00,LB,Azeez Al-Shaair,AlShAz00,CB,Josh Norman,NormJo01,CB,Emmanuel Moseley,MoseEm00,CB,K'Waun Williams,WillKW00,S,Talanoa Hufanga,HufaTa00,S,Tavon Wilson,WilsTa00,QB,Colt McCoy,McCoCo00,RB,Chase Edmonds,EdmoCh00,WR,Antoine Wesley,WeslAn01,WR,Christian Kirk,KirkCh01,WR,Rondale Moore,MoorRo02,TE,Zach Ertz,ErtzZa00,T,Kelvin Beachum,BeacKe00,T,D.J. Humphries,,G,Justin Pugh,PughJu00,G,Max Garcia,GarcMa00,C,Rodney Hudson,HudsRo00,DE,Zach Allen,AlleZa01,DE,Jordan Phillips,PhilJo01,DE,Josh Mauro,MaurJo00,DT,Corey Peters,PeteCo00,OLB,Chandler Jones,JoneCh03,MLB,Jordan Hicks,HickJo00,MLB,Tanner Vallejo,VallTa00,LB,Isaiah Simmons,SimmIs00,CB,Marco Wilson,WilsMa04,CB,Byron Murphy,MurpBy00,S,Budda Baker,BakeBu00,Referee,Brad Allen,Umpire,Bruce Stritesky,Down Judge,Danny Short,Line Judge,Daniel Gallagher,Back Judge,Greg Yette,Side Judge,Boris Cheek,Field Judge,Rick Patterson
202111080pit,2021-11-08,Monday,8:15pm,Pittsburgh Steelers,Chicago Bears,pit,chi,29,27,Mike Tomlin,Matt Nagy,Heinz Field,60788,3:20,outdoors,grass,"55 degrees, relative humidity 51%, wind 7 mph",QB,Ben Roethlisberger,RoetBe00,RB,Najee Harris,HarrNa00,FB,Derek Watt,WattDe00,WR,Chase Claypool,ClayCh01,TE,Pat Freiermuth,FreiPa00,TE,Zach Gentry,GentZa00,T,Chukwuma Okorafor,OkorCh00,T,Dan Moore,MoorDa05,G,Kevin Dotson,DotsKe00,G,Trai Turner,TurnTr01,C,Kendrick Green,GreeKe02,DE,Isaiah Buggs,BuggIs00,DT,Cameron Heyward,HeywCa01,DT,Chris Wormley,WormCh00,LB,Alex Highsmith,HighAl02,LB,Joe Schobert,SchoJo00,LB,T.J. Watt,,LB,Devin Bush Jr.,BushDe01,CB,Joe Haden,HadeJo99,CB,Cameron Sutton,SuttCa00,S,Minkah Fitzpatrick,FitzMi00,S,Terrell Edmunds,EdmuTe00,QB,Justin Fields,FielJu00,RB,David Montgomery,MontDa01,WR,Allen Robinson,RobiAl02,WR,Darnell Mooney,MoonDa00,TE,Cole Kmet,KmetCo00,TE,Jesse James,JameJe00,T,Larry Borom,BoroLa00,T,Jason Peters,PeteJa21,G,Cody Whitehair,WhitCo03,G,James Daniels,DaniJa01,C,Sam Mustipher,MustSa01,DE,Mario Edwards,EdwaMa01,DT,Akiem Hicks,HickAk00,DT,Eddie Goldman,GoldEd00,LB,Christian Jones,JoneCh05,LB,Robert Quinn,QuinRo00,LB,Roquan Smith,SmitRo07,LB,Danny Trevathan,TrevDa00,DB,Jaylon Johnson,JohnJa13,DB,DeAndre Houston-Carson,HousDe00,DB,Tashaun Gipson,GipsTa00,DB,Kindle Vildor,VildKi00,Referee,Tony Corrente,Umpire,Dan Ferrell,Down Judge,Patrick Turner,Line Judge,Tim Podraza,Back Judge,Todd Prukop,Side Judge,Don Willard,Field Judge,Anthony Jefferies
202111110mia,2021-11-11,Thursday,8:20pm,Miami Dolphins,Baltimore Ravens,mia,rav,22,10,Brian Flores,John Harbaugh,Hard Rock Stadium,65948,3:24,outdoors,grass,"77 degrees, relative humidity 85%, wind 4 mph",QB,Jacoby Brissett,BrisJa00,RB,Myles Gaskin,GaskMy00,WR,Albert Wilson,WilsAl02,WR,Preston Williams,WillPr01,WR,Jaylen Waddle,WaddJa00,TE,Durham Smythe,SmytDu00,T,Jesse Davis,DaviJe00,T,Liam Eichenberg,EichLi00,G,Robert Hunt,HuntRo01,G,Austin Jackson,JackAu00,C,Austin Reiter,ReitAu00,DT,Christian Wilkins,WilkCh00,DT,Raekwon Davis,DaviRa03,DT,Zach Sieler,SielZa00,LB,Duke Riley,RileDu00,LB,Jerome Baker,BakeJe00,LB,Andrew Van Ginkel,VanGAn00,LB,Elandon Roberts,RobeEl00,CB,Byron Jones,JoneBy00,CB,Xavien Howard,HowaXa00,S,Brandon Jones,JoneBr06,S,Jevon Holland,HollJe02,QB,Lamar Jackson,JackLa00,RB,Devonta Freeman,FreeDe00,FB,Patrick Ricard,RicaPa00,WR,Sammy Watkins,WatkSa00,WR,Marquise Brown,BrowMa04,TE,Eric Tomlinson,TomlEr01,T,Alejandro Villanueva,VillAl00,T,Tyre Phillips,PhilTy00,G,Kevin Zeitler,ZeitKe00,G,Ben Powers,PoweBe00,C,Bradley Bozeman,BozeBr00,DE,Calais Campbell,CampCa99,DT,Justin Ellis,ElliJu01,OLB,Justin Houston,HousJu00,OLB,Tyus Bowser,BowsTy00,LB,Patrick Queen,QueePa00,LB,Josh Bynes,ByneJo00,CB,Marlon Humphrey,HumpMa00,CB,Tavon Young,YounTa01,CB,Anthony Averett,AverAn00,DB,Brandon Stephens,StepBr01,S,Chuck Clark,ClarCh00,Referee,Ron Torbert,Umpire,Mark Pellis,Down Judge,Kevin Codey,Line Judge,Mark Steinkerchner,Back Judge,Tony Josselyn,Side Judge,Keith Washington,Field Judge,Ryan Dickson
202111140clt,2021-11-14,Sunday,1:00pm,Indianapolis Colts,Jacksonville Jaguars,clt,jax,23,17,Frank Reich,Urban Meyer,Lucas Oil Stadium,60622,3:16,retractable roof (closed),fieldturf,,QB,Carson Wentz,WentCa00,RB,Jonathan Taylor,TaylJo02,RB,Nyheim Hines,HineNy00,WR,Michael Pittman Jr.,PittMi01,WR,Zach Pascal,PascZa00,TE,Mo Alie-Cox,AlieMo00,T,Braden Smith,SmitBr06,T,Eric Fisher,FishEr00,G,Mark Glowinski,GlowMa00,G,Quenton Nelson,NelsQu00,C,Ryan Kelly,KellRy00,DE,Al-Quadin Muhammad,MuhaAl00,DE,Kwity Paye,PayeKw00,DT,Grover Stewart,StewGr00,DT,DeForest Buckner,BuckDe00,LB,Bobby Okereke,OkerBo00,LB,Shaquille Leonard,LeonDa00,LB,Zaire Franklin,FranZa00,CB,Rock Ya-Sin,Ya-SRo00,CB,Kenny Moore,MoorKe03,FS,Andrew Sendejo,SendAn00,S,George Odum,OdumGe00,QB,Trevor Lawrence,LawrTr00,RB,Carlos Hyde,HydeCa00,WR,Laviska Shenault Jr.,ShenLa00,WR,Marvin Jones,JoneMa02,TE,Luke Farrell,FarrLu00,TE,Chris Manhertz,ManhCh00,T,Jawaan Taylor,TaylJa02,T,Cam Robinson,RobiCa00,G,Ben Bartch,BartBe00,G,Andrew Norwell,NorwAn01,C,Tyler Shatley,ShatTy00,DE,Roy Robertson-Harris,RobeRo00,DE,Dawuane Smoot,SmooDa00,DE,Josh Hines-Allen,AlleJo03,DT,Malcom Brown,BrowMa01,LB,Myles Jack,JackMy00,LB,Damien Wilson,WilsDa02,CB,Shaquill Griffin,GrifSh00,CB,Tyson Campbell,CampTy01,S,Rayshawn Jenkins,JenkRa00,S,Rudy Ford,FordRu00,S,Andrew Wingard,WingAn01,Referee,Tony Corrente,Umpire,Dan Ferrell,Down Judge,Patrick Turner,Line Judge,Tim Podraza,Back Judge,Todd Prukop,Side Judge,Don Willard,Field Judge,Anthony Jefferies
202111140crd,2021-11-14,Sunday,4:05pm,Arizona Cardinals,Carolina Panthers,crd,car,10,34,Kliff Kingsbury,Matt Rhule,State Farm Stadium,62400,3:02,retractable roof (closed),grass,,QB,Colt McCoy,McCoCo00,RB,James Conner,ConnJa00,WR,Christian Kirk,KirkCh01,WR,Rondale Moore,MoorRo02,WR,Antoine Wesley,WeslAn01,TE,Zach Ertz,ErtzZa00,T,Kelvin Beachum,BeacKe00,T,D.J. Humphries,,G,Sean Harlow,HarlSe00,G,Josh Jones,JoneJo07,C,Rodney Hudson,HudsRo00,DE,Zach Allen,AlleZa01,DE,Jordan Phillips,PhilJo01,DT,Corey Peters,PeteCo00,OLB,Chandler Jones,JoneCh03,MLB,Jordan Hicks,HickJo00,MLB,Tanner Vallejo,VallTa00,LB,Isaiah Simmons,SimmIs00,CB,Marco Wilson,WilsMa04,CB,Byron Murphy,MurpBy00,S,Jalen Thompson,ThomJa04,S,Budda Baker,BakeBu00,QB,P.J. Walker,WalkPh00,RB,Christian McCaffrey,McCaCh01,WR,D.J. Moore,,WR,Robbie Chosen,AndeRo04,TE,Tommy Tremble,TremTo00,TE,Ian Thomas,ThomIa00,T,Taylor Moton,MotoTa00,T,Dennis Daley,DaleDe00,G,Trenton Scott,ScotTr01,G,Michael Jordan,JordMi01,C,Pat Elflein,ElflPa00,DE,Brian Burns,BurnBr00,DT,DaQuan Jones,JoneDa04,DT,Derrick Brown,BrowDe05,OLB,Haason Reddick,ReddHa00,LB,Jermaine Carter Jr.,CartJe00,LB,Shaq Thompson,ThomSh01,CB,Donte Jackson,JackDo02,CB,A.J. Bouye,,DB,Myles Hartsfield,HartMy00,S,Jeremy Chinn,ChinJe00,S,Sean Chandler,ChanSe00,Referee,Adrian Hill,Umpire,Roy Ellison,Down Judge,David Oliver,Line Judge,Mark Stewart,Back Judge,Keith Ferguson,Side Judge,Jim Quirk,Field Judge,Mearl Robinson
202111140dal,2021-11-14,Sunday,1:00pm,Dallas Cowboys,Atlanta Falcons,dal,atl,43,3,Mike McCarthy,Arthur Smith,AT&amp;T Stadium,93436,2:56,retractable roof (closed),matrixturf,,QB,Dak Prescott,PresDa01,RB,Ezekiel Elliott,ElliEz00,WR,Amari Cooper,CoopAm00,WR,Michael Gallup,GallMi00,WR,CeeDee Lamb,LambCe00,TE,Dalton Schultz,SchuDa00,T,Terence Steele,SteeTe01,T,La'el Collins,CollLa01,G,Connor Williams,WillCo00,G,Zack Martin,MartZa00,C,Tyler Biadasz,BiadTy00,DE,Tarell Basham,BashTa00,DE,Dorance Armstrong Jr.,ArmsDo00,DE,Carlos Watkins,WatkCa00,DT,Osa Odighizuwa,OdigOs00,LB,Micah Parsons,ParsMi00,LB,Leighton Vander Esch,VandLe00,CB,Jourdan Lewis,LewiJo01,CB,Trevon Diggs,DiggTr00,CB,Anthony Brown,BrowAn02,S,Jayron Kearse,KearJa00,S,Donovan Wilson,WilsDo01,QB,Matt Ryan,RyanMa00,RB,Mike Davis,DaviMi01,RB,Cordarrelle Patterson,PattCo00,WR,Tajae Sharpe,SharTa00,WR,Russell Gage,GageRu00,TE,Kyle Pitts,PittKy00,T,Kaleb McGary,McGaKa00,T,Jake Matthews,MattJa00,G,Jalen Mayfield,MayfJa00,G,Chris Lindstrom,LindCh00,C,Matt Hennessy,HennMa00,DT,Grady Jarrett,JarrGr00,DT,Tyeler Davison,DaviTy01,OLB,Adetokunbo Ogundeji,OgunAd01,MLB,Deion Jones,JoneDe01,MLB,Foyesade Oluokun,OluoFo00,LB,Brandon Copeland,CopeBr00,CB,Fabian Moreau,MoreFa00,CB,AJ Terrell,TerrAJ00,CB,Avery Williams,WillAv02,S,Erik Harris,HarrEr00,S,Duron Harmon,HarmDu00,Referee,Craig Wrolstad,Umpire,Steve Woods,Down Judge,Jim Mello,Line Judge,Tripp Sutter,Back Judge,Grantis Bell,Side Judge,Jeff Lamberth,Field Judge,Terry Brown
202111140den,2021-11-14,Sunday,4:25pm,Denver Broncos,Philadelphia Eagles,den,phi,13,30,Vic Fangio,Nick Sirianni,Empower Field at Mile High,76766,3:01,outdoors,grass,"57 degrees, relative humidity 27%, wind 19 mph",QB,Teddy Bridgewater,BridTe00,RB,Melvin Gordon,GordMe00,WR,Courtland Sutton,SuttCo00,WR,Tim Patrick,PatrTi00,TE,Noah Fant,FantNo00,TE,Albert Okwuegbunam,OkwuAl00,T,Calvin Anderson,AndeCa00,T,Cameron Fleming,FlemCa00,G,Dalton Risner,RisnDa00,G,Quinn Meinerz,MeinQu02,C,Lloyd Cushenberry III,CushLl00,DE,Shelby Harris,HarrSh00,DT,DeShawn Williams,WillDe04,OLB,Jonathon Cooper,CoopJo02,OLB,Malik Reed,ReedMa01,LB,Kenny Young,YounKe03,LB,Baron Browning,BrowBa01,CB,Patrick Surtain II,SurtPa01,CB,Kyle Fuller,FullKy00,CB,Ronald Darby,DarbRo00,S,Kareem Jackson,JackKa99,S,Justin Simmons,SimmJu00,QB,Jalen Hurts,HurtJa00,RB,Boston Scott,ScotBo02,WR,Quez Watkins,WatkQu00,WR,DeVonta Smith,SmitDe07,TE,Jack Stoll,StolJa00,TE,Dallas Goedert,GoedDa00,T,Jordan Mailata,MailJo00,T,Lane Johnson,JohnLa01,G,Landon Dickerson,DickLa00,G,Jack Driscoll,DrisJa00,C,Jason Kelce,KelcJa00,DE,Josh Sweat,SweaJo00,DE,Derek Barnett,BarnDe01,DT,Javon Hargrave,HargJa00,DT,Fletcher Cox,CoxxFl00,LB,Genard Avery,AverGe00,LB,T.J. Edwards,EdwaTJ02,LB,Davion Taylor,TaylDa01,CB,Steven Nelson,NelsSt01,CB,Darius Slay,SlayDa00,S,Anthony Harris,HarrAn01,S,Rodney McLeod,McLeRo00,Referee,Shawn Hochuli,Umpire,Terry Killens,Down Judge,Ed Camp,Line Judge,Greg Bradley,Back Judge,Rich Martinez,Side Judge,Chad Hill,Field Judge,Tom Hill
202111140gnb,2021-11-14,Sunday,4:25pm,Green Bay Packers,Seattle Seahawks,gnb,sea,17,0,Matt LaFleur,Pete Carroll,Lambeau Field,78235,3:03,outdoors,grass,"35 degrees, relative humidity 78%, wind 11 mph",QB,Aaron Rodgers,RodgAa00,RB,Aaron Jones,JoneAa00,WR,Davante Adams,AdamDa01,WR,Allen Lazard,LazaAl00,WR,Randall Cobb,CobbRa00,TE,Marcedes Lewis,LewiMa00,T,Billy Turner,TurnBi00,T,Elgton Jenkins,JenkEl00,G,Royce Newman,NewmRo00,G,Jon Runyan Jr.,RunyJo00,C,Lucas Patrick,PatrLu00,DE,Kenny Clark,ClarKe01,DE,Dean Lowry,LowrDe00,LB,Rashan Gary,GaryRa00,LB,De'Vondre Campbell,CampDe00,LB,Krys Barnes,BarnKr00,LB,Preston Smith,SmitPr00,CB,Kevin King,KingKe01,CB,Eric Stokes,StokEr00,CB,Chandon Sullivan,SullCh00,S,Darnell Savage Jr.,SavaDa00,S,Adrian Amos,AmosAd00,QB,Russell Wilson,WilsRu00,RB,Alex Collins,CollAl00,WR,D.K. Metcalf,MetcDK00,WR,Tyler Lockett,LockTy00,TE,Will Dissly,DissWi00,TE,Gerald Everett,EverGe00,T,Brandon Shell,ShelBr00,T,Duane Brown,BrowDu20,G,Damien Lewis,LewiDa05,G,Gabe Jackson,JackGa00,C,Ethan Pocic,PociEt00,DE,Rasheem Green,GreeRa01,DT,Al Woods,WoodAl99,DT,Poona Ford,FordPo00,LB,Carlos Dunlap,DunlCa99,LB,Jordyn Brooks,BrooJo01,LB,Bobby Wagner,WagnBo00,CB,Tre Brown,BrowTr03,CB,D.J. Reed,,SS,Jamal Adams,AdamJa00,FS,Quandre Diggs,DiggQu00,FS,Ugo Amadi,AmadUg00,Referee,Brad Allen,Umpire,Bruce Stritesky,Down Judge,Danny Short,Line Judge,Daniel Gallagher,Back Judge,Greg Yette,Side Judge,Boris Cheek,Field Judge,Rick Patterson
202111140nwe,2021-11-14,Sunday,1:00pm,New England Patriots,Cleveland Browns,nwe,cle,45,7,Bill Belichick,Kevin Stefanski,Gillette Stadium,65878,2:56,outdoors,fieldturf,"48 degrees, relative humidity 54%, wind 6 mph",QB,Mac Jones,JoneMa05,RB,Rhamondre Stevenson,StevRh00,FB,Jakob Johnson,JohnJa12,WR,Jakobi Meyers,MeyeJa01,WR,N'Keal Harry,HarrNK00,TE,Hunter Henry,HenrHu00,T,Isaiah Wynn,WynnIs00,T,Trent Brown,BrowTr02,G,Ted Karras,KarrTe00,G,Shaq Mason,MasoSh01,C,David Andrews,AndrDa00,DT,Lawrence Guy,GuyxLa00,DT,Davon Godchaux,GodcDa00,DT,Christian Barmore,BarmCh00,LB,Dont'a Hightower,HighDo01,LB,Matt Judon,JudoMa00,LB,Ja'Whaun Bentley,BentJa00,LB,Kyle Van Noy,VanNKy00,CB,Jalen Mills,MillJa02,DB,J.C. Jackson,,DB,Devin McCourty,McCoDe99,DB,Adrian Phillips,PhilAd00,QB,Baker Mayfield,MayfBa00,RB,D'Ernest Johnson,JohnDE04,WR,Jarvis Landry,LandJa00,WR,Donovan Peoples-Jones,PeopDo00,TE,Austin Hooper,HoopAu00,TE,David Njoku,NjokDa00,T,Blake Hance,HancBl00,T,Jedrick Wills Jr.,WillJe04,G,Wyatt Teller,TellWy00,G,Joel Bitonio,BitoJo00,C,J.C. Tretter,TretJC00,DE,Jadeveon Clowney,ClowJa00,DE,Myles Garrett,GarrMy00,DT,Malik McDowell,McDoMa00,DT,Malik Jackson,JackMa02,LB,Sione Takitaki,TakiSi00,LB,Anthony Walker,WalkAn01,LB,Mack Wilson,WilsMa03,CB,Greg Newsome II,NewsGr00,CB,Denzel Ward,WardDe02,S,John Johnson,JohnJo10,S,Ronnie Harrison,HarrRo02,Referee,John Hussey,Umpire,Alan Eck,Down Judge,Sarah Thomas,Line Judge,Carl Johnson,Back Judge,Brad Freeman,Side Judge,Allen Baynes,Field Judge,Jabir Walker
202111140nyj,2021-11-14,Sunday,1:00pm,New York Jets,Buffalo Bills,nyj,buf,17,45,Robert Saleh,Sean McDermott,MetLife Stadium,77625,3:20,outdoors,fieldturf,"47 degrees, relative humidity 56%, wind 4 mph",QB,Mike White,WhitMi01,RB,Tevin Coleman,ColeTe01,RB,Ty Johnson,JohnTy02,WR,Corey Davis,DaviCo03,WR,Keelan Cole,ColeKe00,WR,Jamison Crowder,CrowJa00,T,George Fant,FantGe00,T,Morgan Moses,MoseMo00,G,Alijah Vera-Tucker,VeraAl00,G,Greg Van Roten,VanRGr00,C,Connor McGovern,McGoCo00,DE,Shaq Lawson,LawsSh00,DT,John Franklin-Myers,FranJo02,DT,Folorunso Fatukasi,FatuFo00,DT,Quinnen Williams,WillQu00,LB,C.J. Mosley,,LB,Del'Shawn Phillips,PhilDe00,LB,Jarrad Davis,DaviJa01,CB,Bryce Hall,HallBr02,CB,Brandin Echols,EchoBr00,S,Ashtyn Davis,DaviAs00,S,Jarrod Wilson,WilsJa00,QB,Josh Allen,AlleJo02,RB,Devin Singletary,SingDe00,FB,Reggie Gilliam,GillRe00,WR,Stefon Diggs,DiggSt00,WR,Emmanuel Sanders,SandEm00,TE,Dawson Knox,KnoxDa00,T,Spencer Brown,BrowSp00,T,Dion Dawkins,DawkDi00,G,Ike Boettger,BoetIk00,G,Daryl Williams,WillDa06,C,Mitch Morse,MorsMi00,DE,Gregory Rousseau,RousGr00,DE,Jerry Hughes,HughJe99,DT,Ed Oliver,OlivEd00,DT,Harrison Phillips,PhilHa00,LB,A.J. Klein,KleiAJ00,LB,Matt Milano,MilaMa00,CB,Taron Johnson,JohnTa01,CB,Levi Wallace,WallLe00,CB,Tre'Davious White,WhitTr01,S,Jordan Poyer,PoyeJo00,S,Micah Hyde,HydeMi00,Referee,Scott Novak,Umpire,Ramon George,Down Judge,Derick Bowers,Line Judge,Walt Coleman IV,Back Judge,Terrence Miles,Side Judge,David Meslow,Field Judge,Mike Weatherford
202111140oti,2021-11-14,Sunday,1:00pm,Tennessee Titans,New Orleans Saints,oti,nor,23,21,Mike Vrabel,Sean Payton,Nissan Stadium,69414,3:02,outdoors,grass,"53 degrees, relative humidity 48%, wind 12 mph",QB,Ryan Tannehill,TannRy00,RB,D'Onta Foreman,ForeDO00,WR,A.J. Brown,BrowAJ00,WR,Nick Westbrook-Ikhine,WestNi00,TE,Geoff Swaim,SwaiGe00,TE,MyCole Pruitt,PruiMy00,T,David Quessenberry,QuesDa00,T,Taylor Lewan,LewaTa00,G,Rodger Saffold,SaffRo20,G,Nate Davis,DaviNa01,C,Ben Jones,JoneBe01,DE,Denico Autry,AutrDe00,DT,Larrell Murchison,MurcLa00,DT,Jeffery Simmons,SimmJe01,DT,Naquan Jones,JoneNa01,OLB,Harold Landry,LandHa00,LB,Monty Rice,RiceMo00,LB,Jayon Brown,BrowJa06,CB,Jackrabbit Jenkins,JenkJa03,CB,Kristian Fulton,FultKr00,DB,Amani Hooker,HookAm00,S,Kevin Byard,ByarKe01,QB,Trevor Siemian,SiemTr00,RB,Mark Ingram,IngrMa01,FB,Alex Armah,ArmaAl00,WR,Marquez Callaway,CallMa01,WR,Tre'Quan Smith,SmitTr03,TE,Adam Trautman,TrauAd00,T,James Hurst,HursJa00,T,Ryan Ramczyk,RamcRy00,G,Calvin Throckmorton,ThroCa01,G,Cesar Ruiz,RuizCe00,C,Erik McCoy,McCoEr01,DE,Cameron Jordan,JordCa00,DE,Marcus Davenport,DaveMa00,DT,David Onyemata,OnyeDa00,DT,Shy Tuttle,TuttSh00,LB,Kaden Elliss,ElliKa00,LB,Demario Davis,DaviDe00,LB,Pete Werner,WernPe00,CB,Paulson Adebo,AdebPa00,CB,Marshon Lattimore,LattMa01,SS,Malcolm Jenkins,JenkMa99,S,Marcus Williams,WillMa06,Referee,Jerome Boger,Umpire,Barry Anderson,Down Judge,Frank LeBlanc,Line Judge,Rusty Baynes,Back Judge,Steve Patrick,Side Judge,Jonah Monroe,Field Judge,Steve Zimmer
202111140pit,2021-11-14,Sunday,1:00pm,Pittsburgh Steelers,Detroit Lions,pit,det,16,16,Mike Tomlin,Dan Campbell,Heinz Field,58716,3:40,outdoors,grass,"37 degrees, relative humidity 72%, wind 12 mph",QB,Mason Rudolph,RudoMa00,RB,Najee Harris,HarrNa00,WR,James Washington,WashJa00,WR,Ray-Ray McCloud,McClRa00,WR,Diontae Johnson,JohnDi01,TE,Pat Freiermuth,FreiPa00,T,Chukwuma Okorafor,OkorCh00,T,Dan Moore,MoorDa05,G,Kevin Dotson,DotsKe00,G,Trai Turner,TurnTr01,C,Kendrick Green,GreeKe02,DT,Cameron Heyward,HeywCa01,DT,Chris Wormley,WormCh00,LB,Alex Highsmith,HighAl02,LB,Joe Schobert,SchoJo00,LB,Devin Bush Jr.,BushDe01,LB,T.J. Watt,,CB,Joe Haden,HadeJo99,CB,Cameron Sutton,SuttCa00,DB,Tre Norwood,NorwTr00,S,Minkah Fitzpatrick,FitzMi00,S,Terrell Edmunds,EdmuTe00,QB,Jared Goff,GoffJa00,RB,D'Andre Swift,SwifDA00,WR,Amon-Ra St. Brown,StxxAm00,WR,Kalif Raymond,RaymKa00,TE,Brock Wright,WrigBr01,TE,T.J. Hockenson,HockTJ00,T,Taylor Decker,DeckTa00,T,Penei Sewell,SewePe00,G,Halapoulivaati Vaitai,VaitHa00,G,Jonah Jackson,JackJo03,C,Evan Brown,BrowEv00,DE,Michael Brockers,BrocMi00,DE,Nick Williams,WillNi01,OLB,Charles Harris,HarrCh03,OLB,Trey Flowers,FlowTr00,LB,Jalen Reeves-Maybin,ReevJa00,LB,Alex Anzalone,AnzaAl00,CB,AJ Parker,ParkAJ00,CB,Amani Oruwariye,OruwAm00,CB,Jerry Jacobs,JacoJe00,S,Will Harris,HarrWi02,S,Tracy Walker,WalkTr01,Referee,Land Clark,Umpire,Paul King,Down Judge,Tom Stephan,Line Judge,Brian Bolinger,Back Judge,Greg Meyer,Side Judge,Anthony Flemming,Field Judge,Michael Banks
202111140rai,2021-11-14,Sunday,8:20pm,Las Vegas Raiders,Kansas City Chiefs,rai,kan,14,41,Rich Bisaccia,Andy Reid,Allegiant Stadium,62125,3:00,dome,grass,,QB,Derek Carr,CarrDe02,RB,Josh Jacobs,JacoJo01,WR,Zay Jones,JoneZa00,WR,Bryan Edwards,EdwaBr01,TE,Darren Waller,WallDa01,TE,Foster Moreau,MoreFo00,T,Brandon Parker,ParkBr01,T,Kolton Miller,MillKo00,G,Alex Leatherwood,LeatAl00,G,John Simpson,SimpJo00,C,Andre James,JameAn01,DE,Maxx Crosby,CrosMa00,DE,Yannick Ngakoue,NgakYa00,DT,Quinton Jefferson,JeffQu00,DT,Johnathan Hankins,HankJo00,LB,Cory Littleton,LittCo01,LB,Denzel Perryman,PerrDe00,CB,Nate Hobbs,HobbNa00,CB,Casey Hayward,HaywCa00,CB,Brandon Facyson,FacyBr00,S,Johnathan Abram,AbraJo01,S,Tre'von Moehrig,MoehTr00,QB,Patrick Mahomes,MahoPa00,RB,Darrel Williams,WillDa10,WR,Josh Gordon,GordJo02,WR,Tyreek Hill,HillTy00,TE,Blake Bell,BellBl00,TE,Travis Kelce,KelcTr00,T,Andrew Wylie,WyliAn00,T,Orlando Brown Jr.,BrowOr00,G,Trey Smith,SmitTr05,G,Joe Thuney,ThunJo00,C,Creed Humphrey,HumpCr00,DE,Frank Clark,ClarFr01,DT,Chris Jones,JoneCh09,DT,Derrick Nnadi,NnadDe00,DT,Jarran Reed,ReedJa02,LB,Anthony Hitchens,HitcAn00,LB,Willie Gay Jr.,GayJWi00,LB,Nick Bolton,BoltNi00,CB,L'Jarius Sneed,SneeLJ00,CB,Charvarius Ward,WardCh01,S,Tyrann Mathieu,MathTy00,S,Juan Thornhill,ThorJu00,Referee,Bill Vinovich,Umpire,Tony Michalek,Down Judge,Patrick Holt,Line Judge,Mark Perlman,Back Judge,Jimmy Russell,Side Judge,Jimmy Buchanan,Field Judge,Joe Blubaugh
202111140sdg,2021-11-14,Sunday,4:05pm,Los Angeles Chargers,Minnesota Vikings,sdg,min,20,27,Brandon Staley,Mike Zimmer,SoFi Stadium,70240,3:17,dome,matrixturf,,QB,Justin Herbert,HerbJu00,RB,Austin Ekeler,EkelAu00,WR,Mike Williams,WillMi07,WR,Keenan Allen,AlleKe00,TE,Donald Parham,ParhDo00,TE,Tre' McKitty,McKiTr00,T,Rashawn Slater,SlatRa00,T,Storm Norton,NortSt00,G,Matt Feiler,FeilMa00,G,Michael Schofield,SchoMi00,C,Corey Linsley,LinsCo00,DT,Linval Joseph,JoseLi99,DT,Justin Jones,JoneJu03,OLB,Uchenna Nwosu,NwosUc00,OLB,Joey Bosa,BosaJo00,LB,Kenneth Murray,MurrKe00,LB,Kyzir White,WhitKy00,CB,Chris Harris Jr.,HarrCh01,CB,Asante Samuel Jr.,SamuAs00,CB,Tevaughn Campbell,CampTe00,S,Derwin James,JameDe00,S,Alohi Gilman,GilmAl00,QB,Kirk Cousins,CousKi00,RB,Dalvin Cook,CookDa01,WR,Adam Thielen,ThieAd00,WR,Justin Jefferson,JeffJu00,TE,Tyler Conklin,ConkTy00,TE,Chris Herndon,HernCh00,T,Christian Darrisaw,DarrCh00,T,Brian O'Neill,ONeiBr00,G,Oli Udoh,UdohOl01,G,Ezra Cleveland,ClevEz00,C,Mason Cole,ColeMa02,DE,D.J. Wonnum,WonnDJ00,DE,Everson Griffen,GrifEv99,DT,Dalvin Tomlinson,TomlDa00,DT,Armon Watts,WattAr01,LB,Eric Kendricks,KendEr00,LB,Blake Lynch,LyncBl00,LB,Nick Vigil,VigiNi00,CB,Cameron Dantzler,DantCa00,CB,Bashaud Breeland,BreeBa00,S,Xavier Woods,WoodXa00,S,Camryn Bynum,BynuCa00,Referee,Clay Martin,Umpire,Fred Bryan,Down Judge,Jerod Phillips,Line Judge,Maia Chaka,Back Judge,Greg Wilson,Side Judge,Joe Larrew,Field Judge,James Coleman
202111140was,2021-11-14,Sunday,1:00pm,Washington Football Team,Tampa Bay Buccaneers,was,tam,29,19,Ron Rivera,Bruce Arians,FedExField,52128,2:59,outdoors,grass,"47 degrees, relative humidity 40%, wind 8 mph",QB,Taylor Heinicke,HeinTa00,RB,Antonio Gibson,GibsAn00,WR,Dax Milne,MilnDa00,WR,Terry McLaurin,McLaTe00,WR,Adam Humphries,HumpAd00,TE,Ricky Seals-Jones,SealRi00,T,Cornelius Lucas,LucaCo01,T,Charles Leno Jr.,LenoCh00,G,Brandon Scherff,ScheBr00,G,Ereck Flowers,FlowEr00,C,Tyler Larsen,LarsTy00,DE,Chase Young,YounCh04,DE,James Smith-Williams,SmitJa08,DT,Daron Payne,PaynDa00,DT,Jonathan Allen,AlleJo01,LB,Cole Holcomb,HolcCo00,LB,Jamin Davis,DaviJa11,CB,William Jackson III,JackWi02,CB,Bobby McCain,McCaBo01,CB,Kendall Fuller,FullKe00,S,Kamren Curl,CurlKa00,S,Landon Collins,CollLa00,QB,Tom Brady,BradTo00,RB,Leonard Fournette,FourLe00,WR,Chris Godwin,GodwCh00,WR,Mike Evans,EvanMi00,TE,O.J. Howard,,TE,Cameron Brate,BratCa00,T,Tristan Wirfs,WirfTr00,T,Donovan Smith,SmitDo02,G,Ali Marpet,MarpAl00,G,Alex Cappa,CappAl00,C,Ryan Jensen,JensRy00,DT,Ndamukong Suh,SuhxNd99,DT,Vita Vea,VeaxVi00,OLB,Shaquil Barrett,BarrSh00,OLB,Jason Pierre-Paul,PierJa99,MLB,Lavonte David,DaviLa00,LB,Devin White,WhitDe02,CB,Jamel Dean,DeanJa00,CB,Dee Delaney,DelaDe00,S,Mike Edwards,EdwaMi01,S,Jordan Whitehead,WhitJo03,S,Antoine Winfield Jr.,WinfAn00,Referee,Brad Rogers,Umpire,Carl Paganelli,Down Judge,Kent Payne,Line Judge,Tom Eaton,Back Judge,Greg Steed,Side Judge,Dominique Pender,Field Judge,Aaron Santi
202111150sfo,2021-11-15,Monday,8:15pm,San Francisco 49ers,Los Angeles Rams,sfo,ram,31,10,Kyle Shanahan,Sean McVay,Levi's Stadium,64256,2:50,outdoors,grass,"59 degrees, relative humidity 88%, no wind",QB,Jimmy Garoppolo,GaroJi00,RB,Elijah Mitchell,MitcEl00,WR,Deebo Samuel,SamuDe00,WR,Jauan Jennings,JennJa00,WR,Brandon Aiyuk,AiyuBr00,TE,George Kittle,KittGe00,T,Trent Williams,WillTr21,T,Jaylon Moore,MoorJa04,G,Laken Tomlinson,TomlLa01,G,Daniel Brunskill,BrunDa00,C,Alex Mack,MackAl20,DE,Samson Ebukam,EbukSa00,DE,Nick Bosa,BosaNi00,DE,Arik Armstead,ArmsAr01,DT,D.J. Jones,,LB,Fred Warner,WarnFr00,LB,Azeez Al-Shaair,AlShAz00,CB,Emmanuel Moseley,MoseEm00,CB,Josh Norman,NormJo01,CB,K'Waun Williams,WillKW00,DB,Jimmie Ward,WardJi01,S,Talanoa Hufanga,HufaTa00,QB,Matthew Stafford,StafMa00,RB,Darrell Henderson,HendDa00,WR,Odell Beckham Jr.,BeckOd00,WR,Cooper Kupp,KuppCo00,WR,Van Jefferson,JeffVa00,TE,Tyler Higbee,HigbTy00,T,Rob Havenstein,HaveRo00,T,Andrew Whitworth,WhitAn20,G,David Edwards,EdwaDa01,G,Austin Corbett,CorbAu00,C,Brian Allen,AlleBr02,DT,Greg Gaines,GainGr00,DT,Aaron Donald,DonaAa00,DT,A'Shawn Robinson,RobiAS00,OLB,Leonard Floyd,FloyLe00,OLB,Von Miller,MillVo00,LB,Troy Reeder,ReedTr01,CB,Darious Williams,WillDa09,CB,Jalen Ramsey,RamsJa00,DB,Robert Rochell,RochRo00,S,Taylor Rapp,RappTa00,S,Jordan Fuller,FullJo01,Referee,Shawn Smith,Umpire,Bryan Neale,Down Judge,Mark Hittner,Line Judge,Michael Dolce,Back Judge,Dino Paganelli,Side Judge,Dave Hawkshaw,Field Judge,Dyrol Prioleau
202111180atl,2021-11-18,Thursday,8:20pm,Atlanta Falcons,New England Patriots,atl,nwe,0,25,Arthur Smith,Bill Belichick,Mercedes-Benz Stadium,68286,2:50,retractable roof (closed),fieldturf,,QB,Matt Ryan,RyanMa00,RB,Mike Davis,DaviMi01,FB,Keith Smith,SmitKe03,WR,Russell Gage,GageRu00,WR,Tajae Sharpe,SharTa00,TE,Lee Smith,SmitLe00,T,Kaleb McGary,McGaKa00,T,Jake Matthews,MattJa00,G,Chris Lindstrom,LindCh00,G,Jalen Mayfield,MayfJa00,C,Matt Hennessy,HennMa00,DE,Jonathan Bullard,BullJo00,DT,Grady Jarrett,JarrGr00,DT,Anthony Rush,RushAn00,OLB,Adetokunbo Ogundeji,OgunAd01,MLB,Deion Jones,JoneDe01,MLB,Foyesade Oluokun,OluoFo00,LB,Brandon Copeland,CopeBr00,CB,Fabian Moreau,MoreFa00,CB,AJ Terrell,TerrAJ00,S,Erik Harris,HarrEr00,S,Duron Harmon,HarmDu00,QB,Mac Jones,JoneMa05,RB,Damien Harris,HarrDa06,WR,Nelson Agholor,AghoNe00,WR,Jakobi Meyers,MeyeJa01,WR,N'Keal Harry,HarrNK00,TE,Jonnu Smith,SmitJo01,T,Isaiah Wynn,WynnIs00,T,Trent Brown,BrowTr02,G,Ted Karras,KarrTe00,G,Shaq Mason,MasoSh01,C,David Andrews,AndrDa00,DE,Deatrich Wise Jr.,WiseDe00,DT,Lawrence Guy,GuyxLa00,DT,Davon Godchaux,GodcDa00,LB,Dont'a Hightower,HighDo01,LB,Matt Judon,JudoMa00,LB,Ja'Whaun Bentley,BentJa00,CB,Jalen Mills,MillJa02,DB,J.C. Jackson,,DB,Kyle Dugger,DuggKy00,DB,Devin McCourty,McCoDe99,DB,Adrian Phillips,PhilAd00,Referee,Land Clark,Umpire,Paul King,Down Judge,Sarah Thomas,Line Judge,Brian Bolinger,Back Judge,Greg Meyer,Side Judge,Anthony Flemming,Field Judge,Michael Banks
202111210buf,2021-11-21,Sunday,1:00pm,Buffalo Bills,Indianapolis Colts,buf,clt,15,41,Sean McDermott,Frank Reich,Highmark Stadium,69866,2:58,outdoors,a_turf,"49 degrees, relative humidity 48%, wind 12 mph",QB,Josh Allen,AlleJo02,RB,Devin Singletary,SingDe00,FB,Reggie Gilliam,GillRe00,WR,Stefon Diggs,DiggSt00,WR,Emmanuel Sanders,SandEm00,TE,Dawson Knox,KnoxDa00,T,Dion Dawkins,DawkDi00,T,Daryl Williams,WillDa06,G,Ike Boettger,BoetIk00,G,Cody Ford,FordCo00,C,Mitch Morse,MorsMi00,DE,Gregory Rousseau,RousGr00,DE,Jerry Hughes,HughJe99,DT,Ed Oliver,OlivEd00,DT,Harrison Phillips,PhilHa00,LB,A.J. Klein,KleiAJ00,LB,Matt Milano,MilaMa00,CB,Taron Johnson,JohnTa01,CB,Levi Wallace,WallLe00,CB,Tre'Davious White,WhitTr01,S,Jordan Poyer,PoyeJo00,S,Micah Hyde,HydeMi00,QB,Carson Wentz,WentCa00,RB,Jonathan Taylor,TaylJo02,WR,Michael Pittman Jr.,PittMi01,WR,Zach Pascal,PascZa00,WR,T.Y. Hilton,,TE,Jack Doyle,DoylJa00,T,Braden Smith,SmitBr06,T,Eric Fisher,FishEr00,G,Quenton Nelson,NelsQu00,G,Mark Glowinski,GlowMa00,C,Ryan Kelly,KellRy00,DE,Al-Quadin Muhammad,MuhaAl00,DE,Kwity Paye,PayeKw00,DT,Grover Stewart,StewGr00,DT,DeForest Buckner,BuckDe00,LB,Shaquille Leonard,LeonDa00,LB,Bobby Okereke,OkerBo00,LB,Zaire Franklin,FranZa00,CB,Kenny Moore,MoorKe03,CB,Xavier Rhodes,RhodXa00,FS,Andrew Sendejo,SendAn00,S,George Odum,OdumGe00,Referee,Brad Rogers,Umpire,Carl Paganelli,Down Judge,Kent Payne,Line Judge,Tom Eaton,Back Judge,Greg Steed,Side Judge,Dominique Pender,Field Judge,Aaron Santi
202111210car,2021-11-21,Sunday,1:00pm,Carolina Panthers,Washington Football Team,car,was,21,27,Matt Rhule,Ron Rivera,Bank of America Stadium,73350,3:06,outdoors,grass,"54 degrees, relative humidity 50%, no wind",QB,Cam Newton,NewtCa00,RB,Ameer Abdullah,AbduAm00,RB,Christian McCaffrey,McCaCh01,WR,Robbie Chosen,AndeRo04,WR,D.J. Moore,,TE,Ian Thomas,ThomIa00,T,Dennis Daley,DaleDe00,T,Taylor Moton,MotoTa00,G,Michael Jordan,JordMi01,G,John Miller,MillJo04,C,Pat Elflein,ElflPa00,DE,Brian Burns,BurnBr00,DT,Derrick Brown,BrowDe05,DT,DaQuan Jones,JoneDa04,OLB,Haason Reddick,ReddHa00,LB,Shaq Thompson,ThomSh01,LB,Jermaine Carter Jr.,CartJe00,CB,Donte Jackson,JackDo02,CB,A.J. Bouye,,DB,Myles Hartsfield,HartMy00,S,Jeremy Chinn,ChinJe00,S,Juston Burris,BurrJu00,QB,Taylor Heinicke,HeinTa00,RB,Antonio Gibson,GibsAn00,WR,DeAndre Carter,CartDe02,WR,Terry McLaurin,McLaTe00,TE,John Bates,BateJo00,TE,Sammis Reyes,ReyeSa00,T,Samuel Cosmi,CosmSa00,T,Charles Leno Jr.,LenoCh00,G,Brandon Scherff,ScheBr00,G,Ereck Flowers,FlowEr00,C,Tyler Larsen,LarsTy00,DE,Casey Toohill,ToohCa00,DE,James Smith-Williams,SmitJa08,DT,Daron Payne,PaynDa00,DT,Jonathan Allen,AlleJo01,LB,Cole Holcomb,HolcCo00,LB,Jamin Davis,DaviJa11,CB,William Jackson III,JackWi02,CB,Bobby McCain,McCaBo01,CB,Kendall Fuller,FullKe00,S,Kamren Curl,CurlKa00,S,Landon Collins,CollLa00,Referee,Bill Vinovich,Umpire,Tony Michalek,Down Judge,Patrick Holt,Line Judge,Mark Perlman,Back Judge,Jimmy Russell,Side Judge,Jimmy Buchanan,Field Judge,Joe Blubaugh
202111210chi,2021-11-21,Sunday,1:00pm,Chicago Bears,Baltimore Ravens,chi,rav,13,16,Matt Nagy,John Harbaugh,Soldier Field,60679,3:11,outdoors,grass,"46 degrees, relative humidity 71%, wind 9 mph",QB,Justin Fields,FielJu00,RB,David Montgomery,MontDa01,WR,Darnell Mooney,MoonDa00,WR,Marquise Goodwin,GoodMa00,TE,Cole Kmet,KmetCo00,TE,Jesse James,JameJe00,T,Larry Borom,BoroLa00,T,Jason Peters,PeteJa21,G,James Daniels,DaniJa01,G,Cody Whitehair,WhitCo03,C,Sam Mustipher,MustSa01,DE,Angelo Blackson,BlacAn00,DT,Eddie Goldman,GoldEd00,DT,Bilal Nichols,NichBi00,LB,Trevis Gipson,GipsTr00,LB,Alec Ogletree,OgleAl00,LB,Robert Quinn,QuinRo00,LB,Roquan Smith,SmitRo07,DB,DeAndre Houston-Carson,HousDe00,DB,Jaylon Johnson,JohnJa13,DB,Tashaun Gipson,GipsTa00,DB,Kindle Vildor,VildKi00,QB,Tyler Huntley,HuntTy01,RB,Devonta Freeman,FreeDe00,FB,Patrick Ricard,RicaPa00,WR,Sammy Watkins,WatkSa00,WR,Devin Duvernay,DuveDe00,TE,Nick Boyle,BoylNi00,T,Patrick Mekari,MekaPa00,T,Alejandro Villanueva,VillAl00,G,Ben Powers,PoweBe00,G,Kevin Zeitler,ZeitKe00,C,Bradley Bozeman,BozeBr00,DE,Calais Campbell,CampCa99,DT,Justin Ellis,ElliJu01,DT,Nnamdi Madubuike,MaduJu00,OLB,Justin Houston,HousJu00,OLB,Tyus Bowser,BowsTy00,LB,Josh Bynes,ByneJo00,LB,Patrick Queen,QueePa00,CB,Marlon Humphrey,HumpMa00,CB,Chris Westry,WestCh03,DB,Brandon Stephens,StepBr01,S,Chuck Clark,ClarCh00,Referee,Shawn Smith,Umpire,Bryan Neale,Down Judge,Mark Hittner,Line Judge,Michael Dolce,Back Judge,Dino Paganelli,Side Judge,Dave Hawkshaw,Field Judge,Dyrol Prioleau
202111210cle,2021-11-21,Sunday,1:00pm,Cleveland Browns,Detroit Lions,cle,det,13,10,Kevin Stefanski,Dan Campbell,FirstEnergy Stadium,67431,3:02,outdoors,grass,"42 degrees, relative humidity 84%, wind 7 mph",QB,Baker Mayfield,MayfBa00,RB,Nick Chubb,ChubNi00,WR,Rashard Higgins,HiggRa00,WR,Jarvis Landry,LandJa00,TE,Austin Hooper,HoopAu00,TE,David Njoku,NjokDa00,T,Blake Hance,HancBl00,T,Jedrick Wills Jr.,WillJe04,G,Joel Bitonio,BitoJo00,G,Wyatt Teller,TellWy00,C,J.C. Tretter,TretJC00,DE,Jadeveon Clowney,ClowJa00,DE,Myles Garrett,GarrMy00,DT,Malik Jackson,JackMa02,DT,Malik McDowell,McDoMa00,LB,Mack Wilson,WilsMa03,LB,Anthony Walker,WalkAn01,LB,Sione Takitaki,TakiSi00,CB,Greg Newsome II,NewsGr00,CB,Denzel Ward,WardDe02,S,John Johnson,JohnJo10,S,Grant Delpit,DelpGr00,QB,Tim Boyle,BoylTi00,RB,Jamaal Williams,WillJa06,FB,Jason Cabinda,CabiJa00,WR,Kalif Raymond,RaymKa00,TE,Brock Wright,WrigBr01,TE,T.J. Hockenson,HockTJ00,T,Taylor Decker,DeckTa00,T,Penei Sewell,SewePe00,G,Jonah Jackson,JackJo03,G,Halapoulivaati Vaitai,VaitHa00,C,Evan Brown,BrowEv00,DE,Michael Brockers,BrocMi00,DE,Nick Williams,WillNi01,OLB,Charles Harris,HarrCh03,OLB,Austin Bryant,BryaAu00,LB,Jalen Reeves-Maybin,ReevJa00,LB,Alex Anzalone,AnzaAl00,CB,Jerry Jacobs,JacoJe00,CB,Amani Oruwariye,OruwAm00,S,Will Harris,HarrWi02,S,Dean Marlowe,MarlDe00,S,Tracy Walker,WalkTr01,Referee,Clay Martin,Umpire,Fred Bryan,Down Judge,Jerod Phillips,Line Judge,Maia Chaka,Back Judge,Greg Wilson,Side Judge,Joe Larrew,Field Judge,James Coleman
202111210jax,2021-11-21,Sunday,1:00pm,Jacksonville Jaguars,San Francisco 49ers,jax,sfo,10,30,Urban Meyer,Kyle Shanahan,TIAA Bank Stadium,60268,2:45,outdoors,grass,"68 degrees, relative humidity 84%, wind 17 mph",QB,Trevor Lawrence,LawrTr00,RB,James Robinson,RobiJa00,WR,Laquon Treadwell,TreaLa00,WR,Laviska Shenault Jr.,ShenLa00,WR,Marvin Jones,JoneMa02,TE,Dan Arnold,ArnoDa00,T,Cam Robinson,RobiCa00,T,Jawaan Taylor,TaylJa02,G,Andrew Norwell,NorwAn01,G,Ben Bartch,BartBe00,C,Tyler Shatley,ShatTy00,DE,Roy Robertson-Harris,RobeRo00,DE,Josh Hines-Allen,AlleJo03,DT,DaVon Hamilton,HamiDa02,DT,Malcom Brown,BrowMa01,LB,Myles Jack,JackMy00,LB,K'Lavon Chaisson,ChaiKL00,LB,Damien Wilson,WilsDa02,CB,Shaquill Griffin,GrifSh00,CB,Tyson Campbell,CampTy01,S,Rayshawn Jenkins,JenkRa00,S,Andrew Wingard,WingAn01,QB,Jimmy Garoppolo,GaroJi00,RB,Jeff Wilson,WilsJe01,FB,Kyle Juszczyk,JuszKy00,WR,Deebo Samuel,SamuDe00,WR,Brandon Aiyuk,AiyuBr00,TE,George Kittle,KittGe00,T,Jaylon Moore,MoorJa04,T,Trent Williams,WillTr21,G,Daniel Brunskill,BrunDa00,G,Laken Tomlinson,TomlLa01,C,Alex Mack,MackAl20,DE,Samson Ebukam,EbukSa00,DE,Nick Bosa,BosaNi00,DE,Arik Armstead,ArmsAr01,DT,D.J. Jones,,LB,Fred Warner,WarnFr00,LB,Azeez Al-Shaair,AlShAz00,CB,Emmanuel Moseley,MoseEm00,CB,Josh Norman,NormJo01,CB,K'Waun Williams,WillKW00,DB,Jimmie Ward,WardJi01,S,Jaquiski Tartt,TartJa00,Referee,Ron Torbert,Umpire,Mark Pellis,Down Judge,Kevin Codey,Line Judge,Mark Steinkerchner,Back Judge,Tony Josselyn,Side Judge,Keith Washington,Field Judge,Ryan Dickson
202111210kan,2021-11-21,Sunday,4:25pm,Kansas City Chiefs,Dallas Cowboys,kan,dal,19,9,Andy Reid,Mike McCarthy,GEHA Field at Arrowhead Stadium,73494,3:01,outdoors,grass,"57 degrees, relative humidity 31%, wind 17 mph",QB,Patrick Mahomes,MahoPa00,RB,Clyde Edwards-Helaire,EdwaCl00,WR,Tyreek Hill,HillTy00,WR,Josh Gordon,GordJo02,TE,Blake Bell,BellBl00,TE,Travis Kelce,KelcTr00,T,Andrew Wylie,WyliAn00,T,Orlando Brown Jr.,BrowOr00,G,Trey Smith,SmitTr05,G,Joe Thuney,ThunJo00,C,Creed Humphrey,HumpCr00,DE,Frank Clark,ClarFr01,DT,Chris Jones,JoneCh09,DT,Derrick Nnadi,NnadDe00,DT,Jarran Reed,ReedJa02,LB,Willie Gay Jr.,GayJWi00,LB,Anthony Hitchens,HitcAn00,CB,Rashad Fenton,FentRa00,CB,L'Jarius Sneed,SneeLJ00,CB,Charvarius Ward,WardCh01,S,Tyrann Mathieu,MathTy00,S,Juan Thornhill,ThorJu00,QB,Dak Prescott,PresDa01,RB,Ezekiel Elliott,ElliEz00,WR,Noah Brown,BrowNo00,WR,Michael Gallup,GallMi00,WR,CeeDee Lamb,LambCe00,TE,Dalton Schultz,SchuDa00,T,Terence Steele,SteeTe01,T,La'el Collins,CollLa01,G,Connor McGovern,McGoCo01,G,Zack Martin,MartZa00,C,Tyler Biadasz,BiadTy00,DE,Dorance Armstrong Jr.,ArmsDo00,DE,Carlos Watkins,WatkCa00,DT,Osa Odighizuwa,OdigOs00,LB,Keanu Neal,NealKe01,LB,Micah Parsons,ParsMi00,LB,Leighton Vander Esch,VandLe00,CB,Jourdan Lewis,LewiJo01,CB,Trevon Diggs,DiggTr00,CB,Anthony Brown,BrowAn02,S,Jayron Kearse,KearJa00,S,Donovan Wilson,WilsDo01,Referee,John Hussey,Umpire,Alan Eck,Down Judge,Sarah Thomas,Line Judge,Carl Johnson,Back Judge,Brad Freeman,Side Judge,Allen Baynes,Field Judge,Jabir Walker
202111210min,2021-11-21,Sunday,1:00pm,Minnesota Vikings,Green Bay Packers,min,gnb,34,31,Mike Zimmer,Matt LaFleur,U.S. Bank Stadium,66959,2:58,dome,sportturf,,QB,Kirk Cousins,CousKi00,RB,Dalvin Cook,CookDa01,WR,Adam Thielen,ThieAd00,WR,Justin Jefferson,JeffJu00,TE,Tyler Conklin,ConkTy00,TE,Chris Herndon,HernCh00,T,Christian Darrisaw,DarrCh00,T,Brian O'Neill,ONeiBr00,G,Ezra Cleveland,ClevEz00,G,Oli Udoh,UdohOl01,C,Mason Cole,ColeMa02,DE,D.J. Wonnum,WonnDJ00,DE,Everson Griffen,GrifEv99,DT,Dalvin Tomlinson,TomlDa00,DT,Armon Watts,WattAr01,LB,Eric Kendricks,KendEr00,LB,Anthony Barr,BarrAn00,CB,Bashaud Breeland,BreeBa00,CB,Patrick Peterson,PetePa00,S,Harrison Smith,SmitHa00,S,Camryn Bynum,BynuCa00,S,Xavier Woods,WoodXa00,QB,Aaron Rodgers,RodgAa00,RB,AJ Dillon,DillAJ00,WR,Marquez Valdes-Scantling,ValdMa00,WR,Davante Adams,AdamDa01,WR,Randall Cobb,CobbRa00,TE,Marcedes Lewis,LewiMa00,T,Elgton Jenkins,JenkEl00,T,Billy Turner,TurnBi00,G,Royce Newman,NewmRo00,G,Jon Runyan Jr.,RunyJo00,C,Lucas Patrick,PatrLu00,DE,Kenny Clark,ClarKe01,DE,Dean Lowry,LowrDe00,DT,Tyler Lancaster,LancTy00,LB,Jonathan Garvin,GarvJo00,LB,De'Vondre Campbell,CampDe00,LB,Krys Barnes,BarnKr00,LB,Preston Smith,SmitPr00,CB,Kevin King,KingKe01,CB,Eric Stokes,StokEr00,S,Darnell Savage Jr.,SavaDa00,S,Adrian Amos,AmosAd00,Referee,Shawn Hochuli,Umpire,Terry Killens,Down Judge,Ed Camp,Line Judge,Greg Bradley,Back Judge,Rich Martinez,Side Judge,Chad Hill,Field Judge,Tom Hill
202111210nyj,2021-11-21,Sunday,1:00pm,New York Jets,Miami Dolphins,nyj,mia,17,24,Robert Saleh,Brian Flores,MetLife Stadium,72303,3:05,outdoors,fieldturf,"52 degrees, relative humidity 44%, wind 4 mph",QB,Joe Flacco,FlacJo00,RB,Michael Carter,CartMi03,WR,Corey Davis,DaviCo03,WR,Elijah Moore,MoorEl00,TE,Trevon Wesco,WescTr00,TE,Ryan Griffin,GrifRy00,T,George Fant,FantGe00,T,Morgan Moses,MoseMo00,G,Laurent Duvernay-Tardif,DuveLa00,G,Alijah Vera-Tucker,VeraAl00,C,Connor McGovern,McGoCo00,DE,Shaq Lawson,LawsSh00,DT,Quinnen Williams,WillQu00,DT,Folorunso Fatukasi,FatuFo00,DT,John Franklin-Myers,FranJo02,LB,Quincy Williams,WillQu01,LB,C.J. Mosley,,CB,Bryce Hall,HallBr02,CB,Michael Carter II,CartMi02,DB,Isaiah Dunn,DunnIs00,S,Elijah Riley,RileEl01,S,Ashtyn Davis,DaviAs00,QB,Tua Tagovailoa,TagoTu00,RB,Myles Gaskin,GaskMy00,WR,Albert Wilson,WilsAl02,WR,Jaylen Waddle,WaddJa00,TE,Mike Gesicki,GesiMi00,TE,Adam Shaheen,ShahAd00,T,Jesse Davis,DaviJe00,T,Liam Eichenberg,EichLi00,G,Robert Hunt,HuntRo01,G,Austin Jackson,JackAu00,C,Austin Reiter,ReitAu00,DT,Zach Sieler,SielZa00,DT,Raekwon Davis,DaviRa03,DT,Christian Wilkins,WilkCh00,LB,Elandon Roberts,RobeEl00,LB,Brennan Scarlett,ScarBr00,LB,Andrew Van Ginkel,VanGAn00,LB,Jerome Baker,BakeJe00,CB,Xavien Howard,HowaXa00,CB,Byron Jones,JoneBy00,S,Brandon Jones,JoneBr06,S,Jevon Holland,HollJe02,Referee,Alex Kemp,Umpire,Rich Hall,Down Judge,Mike Carr,Line Judge,Jeff Bergman,Back Judge,Scott Helverson,Side Judge,Dale Shaw,Field Judge,John Jenkins
202111210oti,2021-11-21,Sunday,1:00pm,Tennessee Titans,Houston Texans,oti,htx,13,22,Mike Vrabel,David Culley,Nissan Stadium,67395,3:06,outdoors,grass,"59 degrees, relative humidity 67%, wind 8 mph",QB,Ryan Tannehill,TannRy00,RB,Adrian Peterson,PeteAd01,FB,Tory Carter,CartTo01,WR,A.J. Brown,BrowAJ00,WR,Marcus Johnson,JohnMa07,TE,MyCole Pruitt,PruiMy00,T,David Quessenberry,QuesDa00,T,Taylor Lewan,LewaTa00,G,Aaron Brewer,BrewAa01,G,Rodger Saffold,SaffRo20,C,Ben Jones,JoneBe01,DE,Denico Autry,AutrDe00,DT,Teair Tart,TartTe00,DT,Jeffery Simmons,SimmJe01,DT,Larrell Murchison,MurcLa00,OLB,Harold Landry,LandHa00,LB,Monty Rice,RiceMo00,LB,Jayon Brown,BrowJa06,CB,Kristian Fulton,FultKr00,DB,Chris Jackson,JackCh01,DB,Amani Hooker,HookAm00,S,Kevin Byard,ByarKe01,QB,Tyrod Taylor,TaylTy00,RB,David Johnson,JohnDa08,WR,Chris Conley,ConlCh00,WR,Brandin Cooks,CookBr00,TE,Pharaoh Brown,BrowPh01,TE,Brevin Jordan,JordBr00,T,Geron Christian,ChriGe01,T,Charlie Heck,HeckCh00,G,Tytus Howard,HowaTy00,G,Justin McCray,McCrJu00,C,Jimmy Morrissey,MorrJi00,DE,Jacob Martin,MartJa02,DE,DeMarcus Walker,WalkDe03,DT,Roy Lopez,LopeRo00,DT,Maliek Collins,CollMa00,LB,Neville Hewitt,HewiNe00,LB,Kamu Grugier-Hill,GrugKa00,LB,Zach Cunningham,CunnZa00,DB,Desmond King,KingDe01,DB,Terrance Mitchell,MitcTe00,DB,Eric Murray,MurrEr00,DB,Justin Reid,ReidJu00,Referee,Tony Corrente,Umpire,Dan Ferrell,Down Judge,Patrick Turner,Line Judge,Tim Podraza,Back Judge,Todd Prukop,Side Judge,Don Willard,Field Judge,Anthony Jeffries
202111210phi,2021-11-21,Sunday,1:00pm,Philadelphia Eagles,New Orleans Saints,phi,nor,40,29,Nick Sirianni,Sean Payton,Lincoln Financial Field,69796,3:14,outdoors,grass,"51 degrees, relative humidity 63%, wind 4 mph",QB,Jalen Hurts,HurtJa00,RB,Miles Sanders,SandMi01,WR,Quez Watkins,WatkQu00,WR,DeVonta Smith,SmitDe07,WR,Jalen Reagor,ReagJa00,TE,Dallas Goedert,GoedDa00,T,Lane Johnson,JohnLa01,T,Jordan Mailata,MailJo00,G,Landon Dickerson,DickLa00,G,Jack Driscoll,DrisJa00,C,Jason Kelce,KelcJa00,DE,Derek Barnett,BarnDe01,DE,Josh Sweat,SweaJo00,DT,Fletcher Cox,CoxxFl00,DT,Javon Hargrave,HargJa00,LB,Davion Taylor,TaylDa01,LB,T.J. Edwards,EdwaTJ02,CB,Steven Nelson,NelsSt01,CB,Avonte Maddox,MaddAv00,CB,Darius Slay,SlayDa00,S,Rodney McLeod,McLeRo00,S,Anthony Harris,HarrAn01,QB,Trevor Siemian,SiemTr00,RB,Mark Ingram,IngrMa01,WR,Marquez Callaway,CallMa01,WR,Kenny Stills,StilKe00,WR,Tre'Quan Smith,SmitTr03,TE,Adam Trautman,TrauAd00,T,Landon Young,YounLa00,T,James Hurst,HursJa00,G,Calvin Throckmorton,ThroCa01,G,Cesar Ruiz,RuizCe00,C,Erik McCoy,McCoEr01,DE,Marcus Davenport,DaveMa00,DE,Cameron Jordan,JordCa00,DT,David Onyemata,OnyeDa00,DT,Shy Tuttle,TuttSh00,LB,Demario Davis,DaviDe00,LB,Kwon Alexander,AlexKw00,CB,Paulson Adebo,AdebPa00,CB,Marshon Lattimore,LattMa01,CB,P.J. Williams,,SS,Malcolm Jenkins,JenkMa99,S,Marcus Williams,WillMa06,Referee,Scott Novak,Umpire,Ramon George,Down Judge,Derick Bowers,Line Judge,Walt Coleman IV,Back Judge,Terrence Miles,Side Judge,David Meslow,Field Judge,Mike Weatherford
202111210rai,2021-11-21,Sunday,4:05pm,Las Vegas Raiders,Cincinnati Bengals,rai,cin,13,32,Rich Bisaccia,Zac Taylor,Allegiant Stadium,61712,2:51,dome,grass,,QB,Derek Carr,CarrDe02,RB,Peyton Barber,BarbPe01,WR,Bryan Edwards,EdwaBr01,WR,Hunter Renfrow,RenfHu00,WR,Zay Jones,JoneZa00,TE,Darren Waller,WallDa01,T,Brandon Parker,ParkBr01,T,Kolton Miller,MillKo00,G,Alex Leatherwood,LeatAl00,G,John Simpson,SimpJo00,C,Andre James,JameAn01,DE,Yannick Ngakoue,NgakYa00,DE,Maxx Crosby,CrosMa00,DT,Quinton Jefferson,JeffQu00,DT,Johnathan Hankins,HankJo00,LB,Cory Littleton,LittCo01,LB,Denzel Perryman,PerrDe00,LB,K.J. Wright,,CB,Casey Hayward,HaywCa00,CB,Brandon Facyson,FacyBr00,S,Johnathan Abram,AbraJo01,S,Tre'von Moehrig,MoehTr00,QB,Joe Burrow,BurrJo01,RB,Joe Mixon,MixoJo00,WR,Ja'Marr Chase,ChasJa00,WR,Tee Higgins,HiggTe00,TE,C.J. Uzomah,,TE,Drew Sample,SampDr00,T,Jonah Williams,WillJo10,T,Riley Reiff,ReifRi00,G,Hakeem Adeniji,AdenHa00,G,Quinton Spain,SpaiQu00,C,Trey Hopkins,HopkTr01,DE,Trey Hendrickson,HendTr00,DE,Sam Hubbard,HubbSa00,DT,Larry Ogunjobi,OgunLa00,DT,D.J. Reader,,LB,Logan Wilson,WilsLo00,LB,Germaine Pratt,PratGe00,CB,Mike Hilton,HiltMi01,CB,Chidobe Awuzie,AwuzCh00,CB,Eli Apple,ApplEl00,S,Vonn Bell,BellVo00,S,Jessie Bates III,BateJe00,Referee,Jerome Boger,Umpire,Barry Anderson,Down Judge,Frank LeBlanc,Line Judge,Rusty Baynes,Back Judge,Steve Patrick,Side Judge,Jonah Monroe,Field Judge,Steve Zimmer
202111210sdg,2021-11-21,Sunday,8:20pm,Los Angeles Chargers,Pittsburgh Steelers,sdg,pit,41,37,Brandon Staley,Mike Tomlin,SoFi Stadium,70240,3:17,dome,matrixturf,,QB,Justin Herbert,HerbJu00,RB,Austin Ekeler,EkelAu00,WR,Keenan Allen,AlleKe00,TE,Stephen Anderson,AndeSt01,TE,Jared Cook,CookJa02,TE,Donald Parham,ParhDo00,T,Storm Norton,NortSt00,T,Rashawn Slater,SlatRa00,G,Matt Feiler,FeilMa00,G,Michael Schofield,SchoMi00,C,Corey Linsley,LinsCo00,DE,Joe Gaziano,GaziJo01,DT,Justin Jones,JoneJu03,NT,Breiden Fehoko,FehoBr01,OLB,Joey Bosa,BosaJo00,OLB,Uchenna Nwosu,NwosUc00,LB,Kyzir White,WhitKy00,LB,Kenneth Murray,MurrKe00,CB,Asante Samuel Jr.,SamuAs00,CB,Michael Davis,DaviMi03,S,Derwin James,JameDe00,S,Nasir Adderley,AddeNa00,QB,Ben Roethlisberger,RoetBe00,RB,Najee Harris,HarrNa00,WR,Chase Claypool,ClayCh01,WR,Diontae Johnson,JohnDi01,TE,Eric Ebron,EbroEr00,TE,Pat Freiermuth,FreiPa00,T,Dan Moore,MoorDa05,T,Chukwuma Okorafor,OkorCh00,G,Trai Turner,TurnTr01,G,J.C. Hassenauer,,C,Kendrick Green,GreeKe02,DE,Taco Charlton,CharTa00,DE,Isaiah Buggs,BuggIs00,DT,Cameron Heyward,HeywCa01,DT,Chris Wormley,WormCh00,LB,Alex Highsmith,HighAl02,LB,Joe Schobert,SchoJo00,LB,Devin Bush Jr.,BushDe01,CB,James Pierre,PierJa01,CB,Cameron Sutton,SuttCa00,DB,Tre Norwood,NorwTr00,S,Terrell Edmunds,EdmuTe00,Referee,Carl Cheffers,Umpire,Tra Blake,Down Judge,Jerry Bergman,Line Judge,Jeff Seeman,Back Judge,Matt Edwards,Side Judge,Eugene Hall,Field Judge,Nathan Jones
202111210sea,2021-11-21,Sunday,4:25pm,Seattle Seahawks,Arizona Cardinals,sea,crd,13,23,Pete Carroll,Kliff Kingsbury,Lumen Field,68833,3:05,outdoors,fieldturf,"46 degrees, relative humidity 76%, no wind",QB,Russell Wilson,WilsRu00,RB,Rashaad Penny,PennRa00,WR,D.K. Metcalf,MetcDK00,WR,Tyler Lockett,LockTy00,TE,Will Dissly,DissWi00,TE,Gerald Everett,EverGe00,T,Duane Brown,BrowDu20,T,Brandon Shell,ShelBr00,G,Gabe Jackson,JackGa00,G,Damien Lewis,LewiDa05,C,Ethan Pocic,PociEt00,DE,Kerry Hyder,HydeKe01,DE,Benson Mayowa,MayoBe00,DE,Rasheem Green,GreeRa01,DT,Poona Ford,FordPo00,DT,Al Woods,WoodAl99,LB,Jordyn Brooks,BrooJo01,LB,Bobby Wagner,WagnBo00,CB,Sidney Jones,JoneSi00,CB,Tre Brown,BrowTr03,SS,Jamal Adams,AdamJa00,FS,Quandre Diggs,DiggQu00,QB,Colt McCoy,McCoCo00,RB,James Conner,ConnJa00,WR,Rondale Moore,MoorRo02,WR,Christian Kirk,KirkCh01,TE,Darrell Daniels,DaniDa02,TE,Zach Ertz,ErtzZa00,T,Kelvin Beachum,BeacKe00,T,D.J. Humphries,,G,Max Garcia,GarcMa00,G,Sean Harlow,HarlSe00,C,Rodney Hudson,HudsRo00,DE,Zach Allen,AlleZa01,DE,Jordan Phillips,PhilJo01,DT,Corey Peters,PeteCo00,OLB,Chandler Jones,JoneCh03,OLB,Markus Golden,GoldMa00,MLB,Jordan Hicks,HickJo00,LB,Isaiah Simmons,SimmIs00,CB,Marco Wilson,WilsMa04,CB,Byron Murphy,MurpBy00,S,Jalen Thompson,ThomJa04,S,Budda Baker,BakeBu00,Referee,Clete Blakeman,Umpire,Tab Slaughter,Down Judge,Dana McKenzie,Line Judge,Julian Mapp,Back Judge,Perry Paganelli,Side Judge,Clay Reynard,Field Judge,Scott Edwards
202111220tam,2021-11-22,Monday,8:15pm,Tampa Bay Buccaneers,New York Giants,tam,nyg,30,10,Bruce Arians,Joe Judge,Raymond James Stadium,65643,2:53,outdoors,grass,"68 degrees, relative humidity 61%, wind 6 mph",QB,Tom Brady,BradTo00,RB,Leonard Fournette,FourLe00,WR,Chris Godwin,GodwCh00,WR,Mike Evans,EvanMi00,TE,O.J. Howard,,TE,Rob Gronkowski,GronRo00,T,Donovan Smith,SmitDo02,T,Tristan Wirfs,WirfTr00,G,Alex Cappa,CappAl00,G,Ali Marpet,MarpAl00,C,Ryan Jensen,JensRy00,DE,William Gholston,GholWi00,DT,Rakeem Nunez-Roches,NuneRa00,DT,Ndamukong Suh,SuhxNd99,OLB,Shaquil Barrett,BarrSh00,OLB,Jason Pierre-Paul,PierJa99,MLB,Lavonte David,DaviLa00,LB,Devin White,WhitDe02,CB,Jamel Dean,DeanJa00,CB,Sean Murphy-Bunting,BuntSe00,S,Jordan Whitehead,WhitJo03,S,Antoine Winfield Jr.,WinfAn00,QB,Daniel Jones,JoneDa05,RB,Saquon Barkley,BarkSa00,WR,Kadarius Toney,ToneKa00,WR,Kenny Golladay,GollKe00,TE,Evan Engram,EngrEv00,TE,Kyle Rudolph,RudoKy00,T,Andrew Thomas,ThomAn02,T,Nate Solder,SoldNa00,G,Will Hernandez,HernWi00,G,Matt Skura,SkurMa01,C,Billy Price,PricBi01,DE,Leonard Williams,WillLe02,DT,Austin Johnson,JohnAu01,DT,Dexter Lawrence,LawrDe03,LB,Benardrick McKinney,McKiBe00,LB,Quincy Roche,RochQu00,LB,Azeez Ojulari,OjulAz00,LB,Tae Crowder,CrowTa00,CB,James Bradberry,BradJa00,DB,Adoree' Jackson,JackAd00,S,Xavier McKinney,McKiXa00,S,Julian Love,LoveJu00,Referee,Craig Wrolstad,Umpire,Steve Woods,Down Judge,Jim Mello,Line Judge,Tripp Sutter,Back Judge,Grantis Bell,Side Judge,Jeff Lamberth,Field Judge,Terry Brown
202111250dal,2021-11-25,Thursday,4:30pm,Dallas Cowboys,Las Vegas Raiders,dal,rai,33,36,Mike McCarthy,Rich Bisaccia,AT&amp;T Stadium,93483,3:53,retractable roof (closed),matrixturf,,QB,Dak Prescott,PresDa01,RB,Ezekiel Elliott,ElliEz00,WR,Cedrick Wilson Jr.,WilsCe01,WR,Michael Gallup,GallMi00,TE,Sean McKeon,McKeSe01,TE,Dalton Schultz,SchuDa00,T,Tyron Smith,SmitTy00,T,Terence Steele,SteeTe01,G,Zack Martin,MartZa00,G,Connor McGovern,McGoCo01,C,Tyler Biadasz,BiadTy00,DE,Dorance Armstrong Jr.,ArmsDo00,DE,Carlos Watkins,WatkCa00,DT,Osa Odighizuwa,OdigOs00,LB,Keanu Neal,NealKe01,LB,Micah Parsons,ParsMi00,LB,Leighton Vander Esch,VandLe00,CB,Jourdan Lewis,LewiJo01,CB,Trevon Diggs,DiggTr00,CB,Anthony Brown,BrowAn02,S,Damontae Kazee,KazeDa00,S,Jayron Kearse,KearJa00,QB,Derek Carr,CarrDe02,RB,Josh Jacobs,JacoJo01,WR,Hunter Renfrow,RenfHu00,WR,DeSean Jackson,JackDe00,TE,Foster Moreau,MoreFo00,TE,Darren Waller,WallDa01,T,Brandon Parker,ParkBr01,T,Kolton Miller,MillKo00,T,Alex Leatherwood,LeatAl00,G,John Simpson,SimpJo00,C,Andre James,JameAn01,DE,Maxx Crosby,CrosMa00,DE,Yannick Ngakoue,NgakYa00,DT,Quinton Jefferson,JeffQu00,DT,Johnathan Hankins,HankJo00,LB,Denzel Perryman,PerrDe00,LB,K.J. Wright,,LB,Cory Littleton,LittCo01,CB,Casey Hayward,HaywCa00,CB,Brandon Facyson,FacyBr00,S,Tre'von Moehrig,MoehTr00,S,Johnathan Abram,AbraJo01,Referee,Shawn Hochuli,Umpire,Terry Killens,Down Judge,Ed Camp,Line Judge,Greg Bradley,Back Judge,Rich Martinez,Side Judge,Chad Hill,Field Judge,Tom Hill
202111250det,2021-11-25,Thursday,12:30pm,Detroit Lions,Chicago Bears,det,chi,14,16,Dan Campbell,Matt Nagy,Ford Field,56355,3:05,dome,fieldturf,,QB,Jared Goff,GoffJa00,RB,D'Andre Swift,SwifDA00,WR,Amon-Ra St. Brown,StxxAm00,WR,Josh Reynolds,ReynJo00,WR,Kalif Raymond,RaymKa00,TE,T.J. Hockenson,HockTJ00,T,Taylor Decker,DeckTa00,T,Penei Sewell,SewePe00,G,Jonah Jackson,JackJo03,G,Tommy Kraemer,KraeTo02,C,Evan Brown,BrowEv00,DE,Nick Williams,WillNi01,DE,Michael Brockers,BrocMi00,OLB,Charles Harris,HarrCh03,OLB,Austin Bryant,BryaAu00,LB,Jalen Reeves-Maybin,ReevJa00,LB,Alex Anzalone,AnzaAl00,CB,Amani Oruwariye,OruwAm00,CB,Jerry Jacobs,JacoJe00,S,Dean Marlowe,MarlDe00,S,Will Harris,HarrWi02,S,Tracy Walker,WalkTr01,QB,Andy Dalton,DaltAn00,RB,David Montgomery,MontDa01,WR,Damiere Byrd,ByrdDa00,WR,Darnell Mooney,MoonDa00,WR,Marquise Goodwin,GoodMa00,TE,Cole Kmet,KmetCo00,OL,Larry Borom,BoroLa00,OL,Cody Whitehair,WhitCo03,OL,Jason Peters,PeteJa21,OL,Sam Mustipher,MustSa01,OL,James Daniels,DaniJa01,DE,Angelo Blackson,BlacAn00,DT,Eddie Goldman,GoldEd00,DT,Bilal Nichols,NichBi00,LB,Trevis Gipson,GipsTr00,LB,Alec Ogletree,OgleAl00,LB,Robert Quinn,QuinRo00,LB,Roquan Smith,SmitRo07,DB,Eddie Jackson,JackEd01,DB,Jaylon Johnson,JohnJa13,DB,Tashaun Gipson,GipsTa00,DB,Artie Burns,BurnAr00,Referee,Adrian Hill,Umpire,Roy Ellison,Down Judge,David Oliver,Line Judge,Mark Stewart,Back Judge,Keith Ferguson,Side Judge,Jim Quirk,Field Judge,Mearl Robinson
202111250nor,2021-11-25,Thursday,8:20pm,New Orleans Saints,Buffalo Bills,nor,buf,6,31,Sean Payton,Sean McDermott,Caesars Superdome,69170,2:49,dome,sportturf,,QB,Trevor Siemian,SiemTr00,RB,Tony Jones,JoneTo04,FB,Adam Prentice,PrenAd00,WR,Kenny Stills,StilKe00,WR,Deonte Harty,HarrDe07,OL,Calvin Throckmorton,ThroCa01,OL,Cesar Ruiz,RuizCe00,OL,Erik McCoy,McCoEr01,OL,James Hurst,HursJa00,T,Terron Armstead,ArmsTe00,C,Will Clapp,ClapWi00,DE,Cameron Jordan,JordCa00,DE,Carl Granderson,GranCa01,DT,Shy Tuttle,TuttSh00,DT,David Onyemata,OnyeDa00,LB,Demario Davis,DaviDe00,LB,Kwon Alexander,AlexKw00,CB,Paulson Adebo,AdebPa00,CB,P.J. Williams,,CB,Marshon Lattimore,LattMa01,SS,Malcolm Jenkins,JenkMa99,SAF,Marcus Williams,WillMa06,QB,Josh Allen,AlleJo02,RB,Devin Singletary,SingDe00,FB,Reggie Gilliam,GillRe00,WR,Stefon Diggs,DiggSt00,WR,Emmanuel Sanders,SandEm00,TE,Dawson Knox,KnoxDa00,OL,Daryl Williams,WillDa06,OL,Cody Ford,FordCo00,OT,Dion Dawkins,DawkDi00,OG,Ike Boettger,BoetIk00,C,Mitch Morse,MorsMi00,DE,Efe Obada,ObadEf00,DE,Gregory Rousseau,RousGr00,DT,Ed Oliver,OlivEd00,DT,Harrison Phillips,PhilHa00,LB,Matt Milano,MilaMa00,LB,Tremaine Edmunds,EdmuTr01,CB,Taron Johnson,JohnTa01,CB,Levi Wallace,WallLe00,CB,Tre'Davious White,WhitTr01,SAF,Jordan Poyer,PoyeJo00,SAF,Micah Hyde,HydeMi00,Referee,Brad Allen,Umpire,Bruce Stritesky,Down Judge,Danny Short,Line Judge,Daniel Gallagher,Back Judge,Greg Yette,Side Judge,Boris Cheek,Field Judge,Rick Patterson
202111280cin,2021-11-28,Sunday,1:00pm,Cincinnati Bengals,Pittsburgh Steelers,cin,pit,41,10,Zac Taylor,Mike Tomlin,Paul Brown Stadium,63238,3:02,outdoors,fieldturf,"43 degrees, relative humidity 65%, wind 12 mph",QB,Joe Burrow,BurrJo01,RB,Joe Mixon,MixoJo00,WR,Ja'Marr Chase,ChasJa00,WR,Tee Higgins,HiggTe00,TE,C.J. Uzomah,,TE,Drew Sample,SampDr00,T,Jonah Williams,WillJo10,T,Riley Reiff,ReifRi00,G,Hakeem Adeniji,AdenHa00,G,Quinton Spain,SpaiQu00,C,Trey Hopkins,HopkTr01,DE,Sam Hubbard,HubbSa00,DT,B.J. Hill,,DT,Larry Ogunjobi,OgunLa00,DT,D.J. Reader,,LB,Logan Wilson,WilsLo00,LB,Germaine Pratt,PratGe00,CB,Mike Hilton,HiltMi01,CB,Chidobe Awuzie,AwuzCh00,CB,Eli Apple,ApplEl00,S,Vonn Bell,BellVo00,S,Jessie Bates III,BateJe00,QB,Ben Roethlisberger,RoetBe00,RB,Najee Harris,HarrNa00,WR,Chase Claypool,ClayCh01,WR,Diontae Johnson,JohnDi01,TE,Pat Freiermuth,FreiPa00,TE,Zach Gentry,GentZa00,OL,Chukwuma Okorafor,OkorCh00,OL,B.J. Finney,,T,Dan Moore,MoorDa05,G,Trai Turner,TurnTr01,C,Kendrick Green,GreeKe02,DE,Henry Mondeaux,MondHe00,DT,Cameron Heyward,HeywCa01,DT,Chris Wormley,WormCh00,LB,Alex Highsmith,HighAl02,LB,Devin Bush Jr.,BushDe01,LB,Joe Schobert,SchoJo00,LB,T.J. Watt,,CB,James Pierre,PierJa01,CB,Cameron Sutton,SuttCa00,S,Terrell Edmunds,EdmuTe00,S,Minkah Fitzpatrick,FitzMi00,Referee,Bill Vinovich,Umpire,Tony Michalek,Down Judge,Patrick Holt,Line Judge,Mark Perlman,Back Judge,Jimmy Russell,Side Judge,Jimmy Buchanan,Field Judge,Joe Blubaugh
202111280clt,2021-11-28,Sunday,1:00pm,Indianapolis Colts,Tampa Bay Buccaneers,clt,tam,31,38,Frank Reich,Bruce Arians,Lucas Oil Stadium,66140,3:19,retractable roof (closed),fieldturf,,QB,Carson Wentz,WentCa00,RB,Jonathan Taylor,TaylJo02,WR,T.Y. Hilton,,WR,Michael Pittman Jr.,PittMi01,WR,Zach Pascal,PascZa00,TE,Mo Alie-Cox,AlieMo00,OL,Quenton Nelson,NelsQu00,OL,Braden Smith,SmitBr06,OT,Eric Fisher,FishEr00,G,Mark Glowinski,GlowMa00,C,Ryan Kelly,KellRy00,DE,Al-Quadin Muhammad,MuhaAl00,DE,Kwity Paye,PayeKw00,DT,DeForest Buckner,BuckDe00,DT,Grover Stewart,StewGr00,LB,Bobby Okereke,OkerBo00,LB,Shaquille Leonard,LeonDa00,LB,Zaire Franklin,FranZa00,CB,Xavier Rhodes,RhodXa00,CB,Kenny Moore,MoorKe03,SAF,George Odum,OdumGe00,FS,Andrew Sendejo,SendAn00,QB,Tom Brady,BradTo00,RB,Leonard Fournette,FourLe00,WR,Chris Godwin,GodwCh00,WR,Mike Evans,EvanMi00,TE,Rob Gronkowski,GronRo00,T,Tristan Wirfs,WirfTr00,T,Josh Wells,WellJo02,T,Donovan Smith,SmitDo02,G,Alex Cappa,CappAl00,G,Aaron Stinnie,StinAa00,C,Ryan Jensen,JensRy00,DE,William Gholston,GholWi00,DT,Ndamukong Suh,SuhxNd99,DT,Vita Vea,VeaxVi00,OLB,Jason Pierre-Paul,PierJa99,OLB,Shaquil Barrett,BarrSh00,MLB,Lavonte David,DaviLa00,LB,Devin White,WhitDe02,CB,Jamel Dean,DeanJa00,CB,Sean Murphy-Bunting,BuntSe00,SAF,Jordan Whitehead,WhitJo03,SAF,Antoine Winfield Jr.,WinfAn00,Referee,Shawn Smith,Umpire,Bryan Neale,Down Judge,Mark Hittner,Line Judge,Michael Dolce,Back Judge,Terrence Miles,Side Judge,Dave Hawkshaw,Field Judge,Dyrol Prioleau
202111280den,2021-11-28,Sunday,4:05pm,Denver Broncos,Los Angeles Chargers,den,sdg,28,13,Vic Fangio,Brandon Staley,Empower Field at Mile High,75807,3:05,outdoors,grass,"62 degrees, relative humidity 22%, no wind",QB,Teddy Bridgewater,BridTe00,RB,Melvin Gordon,GordMe00,WR,Courtland Sutton,SuttCo00,WR,Tim Patrick,PatrTi00,WR,Jerry Jeudy,JeudJe00,TE,Noah Fant,FantNo00,OL,Quinn Meinerz,MeinQu02,T,Cameron Fleming,FlemCa00,T,Calvin Anderson,AndeCa00,G,Dalton Risner,RisnDa00,C,Lloyd Cushenberry III,CushLl00,DE,Dre'Mont Jones,JoneDr00,DT,DeShawn Williams,WillDe04,NT,Mike Purcell,PurcMi00,OLB,Bradley Chubb,ChubBr00,OLB,Malik Reed,ReedMa01,LB,Baron Browning,BrowBa01,LB,Kenny Young,YounKe03,CB,Ronald Darby,DarbRo00,CB,Patrick Surtain II,SurtPa01,SAF,Justin Simmons,SimmJu00,SAF,Caden Sterns,SterCa00,QB,Justin Herbert,HerbJu00,RB,Austin Ekeler,EkelAu00,WR,Keenan Allen,AlleKe00,WR,Mike Williams,WillMi07,TE,Tre' McKitty,McKiTr00,TE,Donald Parham,ParhDo00,OL,Senio Kelemete,KeleSe00,T,Storm Norton,NortSt00,T,Michael Schofield,SchoMi00,T,Rashawn Slater,SlatRa00,C,Corey Linsley,LinsCo00,DT,Jerry Tillery,TillJe00,DT,Justin Jones,JoneJu03,OLB,Joey Bosa,BosaJo00,OLB,Uchenna Nwosu,NwosUc00,LB,Kyzir White,WhitKy00,LB,Drue Tranquill,TranDr00,CB,Tevaughn Campbell,CampTe00,CB,Chris Harris Jr.,HarrCh01,CB,Michael Davis,DaviMi03,SAF,Derwin James,JameDe00,SAF,Nasir Adderley,AddeNa00,Referee,Land Clark,Umpire,Paul King,Down Judge,Tom Stephan,Line Judge,Brian Bolinger,Back Judge,Greg Meyer,Side Judge,Anthony Flemming,Field Judge,Michael Banks
202111280gnb,2021-11-28,Sunday,4:25pm,Green Bay Packers,Los Angeles Rams,gnb,ram,36,28,Matt LaFleur,Sean McVay,Lambeau Field,77948,3:19,outdoors,grass,"37 degrees, relative humidity 46%, wind 14 mph",QB,Aaron Rodgers,RodgAa00,RB,Aaron Jones,JoneAa00,WR,Marquez Valdes-Scantling,ValdMa00,WR,Davante Adams,AdamDa01,TE,Dominique Dafney,DafnDo00,TE,Marcedes Lewis,LewiMa00,OL,Royce Newman,NewmRo00,OL,Billy Turner,TurnBi00,T,Yosh Nijman,NijmYo01,G,Lucas Patrick,PatrLu00,G,Jon Runyan Jr.,RunyJo00,DE,Dean Lowry,LowrDe00,DE,Kenny Clark,ClarKe01,LB,Rashan Gary,GaryRa00,LB,De'Vondre Campbell,CampDe00,LB,Preston Smith,SmitPr00,LB,Krys Barnes,BarnKr00,CB,Rasul Douglas,DougRa00,CB,Eric Stokes,StokEr00,CB,Chandon Sullivan,SullCh00,SAF,Darnell Savage Jr.,SavaDa00,SAF,Adrian Amos,AmosAd00,QB,Matthew Stafford,StafMa00,RB,Darrell Henderson,HendDa00,WR,Odell Beckham Jr.,BeckOd00,WR,Cooper Kupp,KuppCo00,WR,Van Jefferson,JeffVa00,TE,Tyler Higbee,HigbTy00,OL,Rob Havenstein,HaveRo00,OL,David Edwards,EdwaDa01,OL,Austin Corbett,CorbAu00,OL,Andrew Whitworth,WhitAn20,OL,Brian Allen,AlleBr02,DT,Greg Gaines,GainGr00,DT,Aaron Donald,DonaAa00,DT,A'Shawn Robinson,RobiAS00,OLB,Leonard Floyd,FloyLe00,OLB,Von Miller,MillVo00,LB,Ernest Jones,JoneEr01,LB,Troy Reeder,ReedTr01,CB,Darious Williams,WillDa09,CB,Jalen Ramsey,RamsJa00,SAF,Taylor Rapp,RappTa00,SAF,Jordan Fuller,FullJo01,Referee,Craig Wrolstad,Umpire,Steve Woods,Down Judge,Jim Mello,Line Judge,Tripp Sutter,Back Judge,Grantis Bell,Side Judge,Jeff Lamberth,Field Judge,Terry Brown
202111280htx,2021-11-28,Sunday,1:00pm,Houston Texans,New York Jets,htx,nyj,14,21,David Culley,Robert Saleh,NRG Stadium,65120,2:57,retractable roof (closed),astroturf,,QB,Tyrod Taylor,TaylTy00,RB,David Johnson,JohnDa08,WR,Nico Collins,CollNi00,WR,Chris Conley,ConlCh00,WR,Brandin Cooks,CookBr00,TE,Antony Auclair,AuclAn00,OL,Jimmy Morrissey,MorrJi00,OL,Lane Taylor,TaylLa01,OL,Justin McCray,McCrJu00,OL,Tytus Howard,HowaTy00,T,Charlie Heck,HeckCh00,DE,Jonathan Greenard,GreeJo04,DE,Jacob Martin,MartJa02,DT,Roy Lopez,LopeRo00,DT,Maliek Collins,CollMa00,LB,Kamu Grugier-Hill,GrugKa00,LB,Zach Cunningham,CunnZa00,DB,Tavierre Thomas,ThomTa01,DB,Eric Murray,MurrEr00,DB,Terrance Mitchell,MitcTe00,DB,Desmond King,KingDe01,DB,Terrence Brooks,BrooTe00,QB,Zach Wilson,WilsZa00,RB,Tevin Coleman,ColeTe01,WR,Keelan Cole,ColeKe00,WR,Elijah Moore,MoorEl00,WR,Jamison Crowder,CrowJa00,TE,Ryan Griffin,GrifRy00,OL,Laurent Duvernay-Tardif,DuveLa00,OL,Alijah Vera-Tucker,VeraAl00,OL,Morgan Moses,MoseMo00,OL,Connor McGovern,McGoCo00,OT,George Fant,FantGe00,DE,Shaq Lawson,LawsSh00,DT,John Franklin-Myers,FranJo02,DT,Folorunso Fatukasi,FatuFo00,DT,Quinnen Williams,WillQu00,LB,C.J. Mosley,,LB,Quincy Williams,WillQu01,CB,Javelin Guidry,GuidJa01,CB,Bryce Hall,HallBr02,CB,Michael Carter II,CartMi02,SAF,Elijah Riley,RileEl01,SAF,Ashtyn Davis,DaviAs00,Referee,Clete Blakeman,Umpire,Tab Slaughter,Down Judge,Dana McKenzie,Line Judge,Julian Mapp,Back Judge,Perry Paganelli,Side Judge,Clay Reynard,Field Judge,Scott Edwards
202111280jax,2021-11-28,Sunday,1:00pm,Jacksonville Jaguars,Atlanta Falcons,jax,atl,14,21,Urban Meyer,Arthur Smith,TIAA Bank Stadium,60031,2:55,outdoors,grass,"61 degrees, relative humidity 41%, wind 4 mph",QB,Trevor Lawrence,LawrTr00,RB,James Robinson,RobiJa00,WR,Laviska Shenault Jr.,ShenLa00,WR,Marvin Jones,JoneMa02,TE,James O'Shaughnessy,O'ShJa00,TE,Chris Manhertz,ManhCh00,T,Jawaan Taylor,TaylJa02,T,Cam Robinson,RobiCa00,G,Ben Bartch,BartBe00,G,Andrew Norwell,NorwAn01,C,Brandon Linder,LindBr00,DE,Josh Hines-Allen,AlleJo03,DE,Roy Robertson-Harris,RobeRo00,DT,DaVon Hamilton,HamiDa02,DT,Malcom Brown,BrowMa01,LB,Myles Jack,JackMy00,LB,K'Lavon Chaisson,ChaiKL00,LB,Damien Wilson,WilsDa02,CB,Nevin Lawson,LawsNe00,CB,Tyson Campbell,CampTy01,S,Rayshawn Jenkins,JenkRa00,S,Andrew Wingard,WingAn01,QB,Matt Ryan,RyanMa00,RB,Cordarrelle Patterson,PattCo00,FB,Keith Smith,SmitKe03,WR,Olamide Zaccheaus,ZaccOl01,TE,Lee Smith,SmitLe00,TE,Kyle Pitts,PittKy00,T,Jake Matthews,MattJa00,T,Kaleb McGary,McGaKa00,G,Chris Lindstrom,LindCh00,G,Jalen Mayfield,MayfJa00,C,Matt Hennessy,HennMa00,DT,Tyeler Davison,DaviTy01,DT,Grady Jarrett,JarrGr00,DT,Ta'Quon Graham,GrahTa00,OLB,Adetokunbo Ogundeji,OgunAd01,MLB,Foyesade Oluokun,OluoFo00,LB,Mykal Walker,WalkMy00,LB,Brandon Copeland,CopeBr00,CB,Fabian Moreau,MoreFa00,CB,AJ Terrell,TerrAJ00,S,Erik Harris,HarrEr00,S,Duron Harmon,HarmDu00,Referee,Carl Cheffers,Umpire,Tra Blake,Down Judge,Jerry Bergman,Line Judge,Jeff Seeman,Back Judge,Matt Edwards,Side Judge,Eugene Hall,Field Judge,Nathan Jones
202111280mia,2021-11-28,Sunday,1:00pm,Miami Dolphins,Carolina Panthers,mia,car,33,10,Brian Flores,Matt Rhule,Hard Rock Stadium,62389,2:56,outdoors,grass,"74 degrees, relative humidity 56%, wind 4 mph",QB,Tua Tagovailoa,TagoTu00,RB,Myles Gaskin,GaskMy00,WR,Albert Wilson,WilsAl02,WR,Jaylen Waddle,WaddJa00,TE,Mike Gesicki,GesiMi00,TE,Durham Smythe,SmytDu00,OL,Jesse Davis,DaviJe00,OL,Robert Hunt,HuntRo01,T,Austin Jackson,JackAu00,T,Liam Eichenberg,EichLi00,C,Austin Reiter,ReitAu00,DE,Emmanuel Ogbah,OgbaEm00,DT,Zach Sieler,SielZa00,DT,Raekwon Davis,DaviRa03,DT,Christian Wilkins,WilkCh00,LB,Elandon Roberts,RobeEl00,LB,Andrew Van Ginkel,VanGAn00,LB,Jerome Baker,BakeJe00,CB,Xavien Howard,HowaXa00,CB,Byron Jones,JoneBy00,S,Eric Rowe,RoweEr00,S,Jevon Holland,HollJe02,QB,Cam Newton,NewtCa00,RB,Christian McCaffrey,McCaCh01,FB,Giovanni Ricci,RiccGi00,WR,D.J. Moore,,TE,Tommy Tremble,TremTo00,TE,Ian Thomas,ThomIa00,T,Taylor Moton,MotoTa00,T,Trenton Scott,ScotTr01,G,Michael Jordan,JordMi01,G,Pat Elflein,ElflPa00,G,Dennis Daley,DaleDe00,DE,Brian Burns,BurnBr00,DT,DaQuan Jones,JoneDa04,DT,Bravvion Roy,RoyxBr00,OLB,Haason Reddick,ReddHa00,LB,Jermaine Carter Jr.,CartJe00,LB,Shaq Thompson,ThomSh01,CB,C.J. Henderson,HendCJ00,CB,Donte Jackson,JackDo02,DB,Myles Hartsfield,HartMy00,S,Jeremy Chinn,ChinJe00,S,Juston Burris,BurrJu00,Referee,John Hussey,Umpire,Alan Eck,Down Judge,Sarah Thomas,Line Judge,Carl Johnson,Back Judge,Brad Freeman,Side Judge,Allen Baynes,Field Judge,Jabir Walker
202111280nwe,2021-11-28,Sunday,1:00pm,New England Patriots,Tennessee Titans,nwe,oti,36,13,Bill Belichick,Mike Vrabel,Gillette Stadium,65878,2:57,outdoors,fieldturf,"33 degrees, relative humidity 61%, wind 6 mph",QB,Mac Jones,JoneMa05,RB,Damien Harris,HarrDa06,WR,Nelson Agholor,AghoNe00,WR,Kendrick Bourne,BourKe00,WR,Jakobi Meyers,MeyeJa01,TE,Jonnu Smith,SmitJo01,OL,Isaiah Wynn,WynnIs00,OL,Trent Brown,BrowTr02,OL,Shaq Mason,MasoSh01,OL,Ted Karras,KarrTe00,C,David Andrews,AndrDa00,DT,Lawrence Guy,GuyxLa00,DT,Davon Godchaux,GodcDa00,DT,Carl Davis,DaviCa01,LB,Dont'a Hightower,HighDo01,LB,Matt Judon,JudoMa00,LB,Kyle Van Noy,VanNKy00,LB,Ja'Whaun Bentley,BentJa00,CB,Jalen Mills,MillJa02,DB,J.C. Jackson,,DB,Devin McCourty,McCoDe99,DB,Kyle Dugger,DuggKy00,QB,Ryan Tannehill,TannRy00,RB,Dontrell Hilliard,HillDo00,FB,Tory Carter,CartTo01,WR,Nick Westbrook-Ikhine,WestNi00,WR,Cody Hollister,HollCo00,TE,Geoff Swaim,SwaiGe00,OL,Aaron Brewer,BrewAa01,OL,David Quessenberry,QuesDa00,OT,Taylor Lewan,LewaTa00,G,Rodger Saffold,SaffRo20,C,Ben Jones,JoneBe01,DE,Denico Autry,AutrDe00,DT,Kyle Peko,PekoKy00,DT,Jeffery Simmons,SimmJe01,OLB,Harold Landry,LandHa00,LB,Monty Rice,RiceMo00,LB,Jayon Brown,BrowJa06,CB,Jackrabbit Jenkins,JenkJa03,CB,Elijah Molden,MoldEl00,CB,Kristian Fulton,FultKr00,SAF,Kevin Byard,ByarKe01,DB,Amani Hooker,HookAm00,Referee,Alex Kemp,Umpire,Rich Hall,Down Judge,Mike Carr,Line Judge,Jeff Bergman,Back Judge,Scott Helverson,Side Judge,Dale Shaw,Field Judge,John Jenkins
202111280nyg,2021-11-28,Sunday,1:00pm,New York Giants,Philadelphia Eagles,nyg,phi,13,7,Joe Judge,Nick Sirianni,MetLife Stadium,73969,2:57,outdoors,fieldturf,"39 degrees, relative humidity 72%, wind 4 mph",QB,Daniel Jones,JoneDa05,RB,Saquon Barkley,BarkSa00,WR,Kenny Golladay,GollKe00,WR,Darius Slayton,SlayDa01,TE,Chris Myarick,MyarCh00,TE,Evan Engram,EngrEv00,OL,Billy Price,PricBi01,T,Andrew Thomas,ThomAn02,T,Nate Solder,SoldNa00,G,Will Hernandez,HernWi00,C,Matt Skura,SkurMa01,DE,Leonard Williams,WillLe02,DT,Austin Johnson,JohnAu01,LB,Tae Crowder,CrowTa00,LB,Azeez Ojulari,OjulAz00,LB,Lorenzo Carter,CartLo01,LB,Reggie Ragland,RaglRe00,CB,James Bradberry,BradJa00,CB,Darnay Holmes,HolmDa01,DB,Adoree' Jackson,JackAd00,S,Xavier McKinney,McKiXa00,S,Julian Love,LoveJu00,QB,Jalen Hurts,HurtJa00,RB,Miles Sanders,SandMi01,WR,JJ Arcega-Whiteside,ArceJJ00,WR,DeVonta Smith,SmitDe07,WR,Jalen Reagor,ReagJa00,TE,Dallas Goedert,GoedDa00,OL,Landon Dickerson,DickLa00,T,Jack Driscoll,DrisJa00,T,Jordan Mailata,MailJo00,T,Lane Johnson,JohnLa01,C,Jason Kelce,KelcJa00,DE,Josh Sweat,SweaJo00,DE,Derek Barnett,BarnDe01,DT,Javon Hargrave,HargJa00,DT,Fletcher Cox,CoxxFl00,LB,T.J. Edwards,EdwaTJ02,LB,Alex Singleton,SingAl00,LB,Genard Avery,AverGe00,CB,Steven Nelson,NelsSt01,CB,Darius Slay,SlayDa00,S,Anthony Harris,HarrAn01,S,Rodney McLeod,McLeRo00,Referee,Ron Torbert,Umpire,Mark Pellis,Down Judge,Kevin Codey,Line Judge,Mark Steinkerchner,Back Judge,Tony Josselyn,Side Judge,Keith Washington,Field Judge,Ryan Dickson
202111280rav,2021-11-28,Sunday,8:20pm,Baltimore Ravens,Cleveland Browns,rav,cle,16,10,John Harbaugh,Kevin Stefanski,M&amp;T Bank Stadium,70355,3:14,outdoors,grass,"43 degrees, relative humidity 70%, no wind",QB,Lamar Jackson,JackLa00,RB,Latavius Murray,MurrLa00,FB,Patrick Ricard,RicaPa00,WR,Rashod Bateman,BateRa00,WR,Devin Duvernay,DuveDe00,WR,Marquise Brown,BrowMa04,OL,Patrick Mekari,MekaPa00,OL,Bradley Bozeman,BozeBr00,OT,Alejandro Villanueva,VillAl00,OG,Kevin Zeitler,ZeitKe00,G,Ben Powers,PoweBe00,DT,Nnamdi Madubuike,MaduJu00,DT,Justin Ellis,ElliJu01,DT,Brandon Williams,WillBr02,OLB,Justin Houston,HousJu00,OLB,Tyus Bowser,BowsTy00,LB,Patrick Queen,QueePa00,LB,Josh Bynes,ByneJo00,CB,Marlon Humphrey,HumpMa00,CB,Anthony Averett,AverAn00,SAF,Chuck Clark,ClarCh00,DB,Brandon Stephens,StepBr01,QB,Baker Mayfield,MayfBa00,RB,Nick Chubb,ChubNi00,WR,Jarvis Landry,LandJa00,TE,Harrison Bryant,BryaHa00,TE,David Njoku,NjokDa00,TE,Austin Hooper,HoopAu00,OT,Jedrick Wills Jr.,WillJe04,T,Jack Conklin,ConkJa00,OG,Joel Bitonio,BitoJo00,G,Wyatt Teller,TellWy00,C,J.C. Tretter,TretJC00,DE,Myles Garrett,GarrMy00,DE,Jadeveon Clowney,ClowJa00,DT,Malik Jackson,JackMa02,DT,Malik McDowell,McDoMa00,LB,Jeremiah Owusu-Koramoah,OwusJe00,LB,Anthony Walker,WalkAn01,CB,Greg Newsome II,NewsGr00,CB,Denzel Ward,WardDe02,SAF,Ronnie Harrison,HarrRo02,SAF,Grant Delpit,DelpGr00,SAF,John Johnson,JohnJo10,Referee,Jerome Boger,Umpire,Barry Anderson,Down Judge,Frank LeBlanc,Line Judge,Rusty Baynes,Back Judge,Steve Patrick,Side Judge,Jonah Monroe,Field Judge,Steve Zimmer
202111280sfo,2021-11-28,Sunday,4:25pm,San Francisco 49ers,Minnesota Vikings,sfo,min,34,26,Kyle Shanahan,Mike Zimmer,Levi's Stadium,71493,3:09,outdoors,grass,"68 degrees, relative humidity 43%, wind 7 mph",QB,Jimmy Garoppolo,GaroJi00,RB,Elijah Mitchell,MitcEl00,FB,Kyle Juszczyk,JuszKy00,WR,Deebo Samuel,SamuDe00,WR,Brandon Aiyuk,AiyuBr00,TE,George Kittle,KittGe00,OL,Laken Tomlinson,TomlLa01,OL,Daniel Brunskill,BrunDa00,OL,Tom Compton,CompTo00,T,Trent Williams,WillTr21,C,Alex Mack,MackAl20,DE,Samson Ebukam,EbukSa00,DE,Nick Bosa,BosaNi00,DE,Arik Armstead,ArmsAr01,DT,D.J. Jones,,LB,Fred Warner,WarnFr00,LB,Azeez Al-Shaair,AlShAz00,CB,Emmanuel Moseley,MoseEm00,CB,Josh Norman,NormJo01,CB,K'Waun Williams,WillKW00,DB,Jimmie Ward,WardJi01,S,Jaquiski Tartt,TartJa00,QB,Kirk Cousins,CousKi00,RB,Dalvin Cook,CookDa01,WR,Justin Jefferson,JeffJu00,WR,Adam Thielen,ThieAd00,WR,K.J. Osborn,OsboKJ00,TE,Tyler Conklin,ConkTy00,OL,Mason Cole,ColeMa02,T,Christian Darrisaw,DarrCh00,T,Brian O'Neill,ONeiBr00,G,Oli Udoh,UdohOl01,G,Ezra Cleveland,ClevEz00,DE,D.J. Wonnum,WonnDJ00,DT,James Lynch,LyncJa00,DT,Sheldon Richardson,RichSh00,DT,Armon Watts,WattAr01,LB,Eric Kendricks,KendEr00,LB,Nick Vigil,VigiNi00,LB,Anthony Barr,BarrAn00,CB,Bashaud Breeland,BreeBa00,CB,Patrick Peterson,PetePa00,S,Harrison Smith,SmitHa00,S,Xavier Woods,WoodXa00,Referee,Brad Rogers,Umpire,Carl Paganelli,Down Judge,Kent Payne,Line Judge,Tom Eaton,Back Judge,Keith Ferguson,Side Judge,Dominique Pender,Field Judge,Aaron Santi
202111290was,2021-11-29,Monday,8:15pm,Washington Football Team,Seattle Seahawks,was,sea,17,15,Ron Rivera,Pete Carroll,FedExField,52680,3:09,outdoors,grass,"41 degrees, relative humidity 51%, wind 9 mph",QB,Taylor Heinicke,HeinTa00,RB,J.D. McKissic,,WR,DeAndre Carter,CartDe02,WR,Terry McLaurin,McLaTe00,WR,Adam Humphries,HumpAd00,TE,Logan Thomas,ThomLo00,T,Charles Leno Jr.,LenoCh00,T,Cornelius Lucas,LucaCo01,T,Ereck Flowers,FlowEr00,G,Brandon Scherff,ScheBr00,G,Wes Schweitzer,SchwWe00,DE,James Smith-Williams,SmitJa08,DE,Casey Toohill,ToohCa00,DT,Jonathan Allen,AlleJo01,DT,Daron Payne,PaynDa00,LB,Cole Holcomb,HolcCo00,LB,Jamin Davis,DaviJa11,CB,Kendall Fuller,FullKe00,CB,William Jackson III,JackWi02,CB,Bobby McCain,McCaBo01,SAF,Kamren Curl,CurlKa00,SAF,Landon Collins,CollLa00,QB,Russell Wilson,WilsRu00,RB,Alex Collins,CollAl00,WR,D.K. Metcalf,MetcDK00,WR,Tyler Lockett,LockTy00,TE,Will Dissly,DissWi00,TE,Gerald Everett,EverGe00,OL,Ethan Pocic,PociEt00,OL,Kyle Fuller,FullKy01,T,Duane Brown,BrowDu20,T,Brandon Shell,ShelBr00,G,Gabe Jackson,JackGa00,DE,Rasheem Green,GreeRa01,DE,Kerry Hyder,HydeKe01,DT,Al Woods,WoodAl99,DT,Poona Ford,FordPo00,LB,Bobby Wagner,WagnBo00,LB,Jordyn Brooks,BrooJo01,CB,Sidney Jones,JoneSi00,CB,D.J. Reed,,SS,Ryan Neal,NealRy00,SS,Jamal Adams,AdamJa00,FS,Quandre Diggs,DiggQu00,Referee,Clay Martin,Umpire,Fred Bryan,Down Judge,Jerod Phillips,Line Judge,Maia Chaka,Back Judge,Greg Wilson,Side Judge,David Meslow,Field Judge,James Coleman
202112020nor,2021-12-02,Thursday,8:20pm,New Orleans Saints,Dallas Cowboys,nor,dal,17,27,Sean Payton,Mike McCarthy,Caesars Superdome,69170,3:12,dome,sportturf,,QB,Taysom Hill,HillTa00,WR,Marquez Callaway,CallMa01,WR,Tre'Quan Smith,SmitTr03,WR,Ty Montgomery,MontTy01,TE,Garrett Griffin,GrifGa00,OL,Calvin Throckmorton,ThroCa01,OL,James Hurst,HursJa00,OL,Cesar Ruiz,RuizCe00,OL,Erik McCoy,McCoEr01,T,Jordan Mills,MillJo02,C,Will Clapp,ClapWi00,DE,Carl Granderson,GranCa01,DE,Cameron Jordan,JordCa00,DT,Shy Tuttle,TuttSh00,DT,David Onyemata,OnyeDa00,LB,Pete Werner,WernPe00,LB,Demario Davis,DaviDe00,LB,Zack Baun,BaunZa00,CB,Marshon Lattimore,LattMa01,CB,Paulson Adebo,AdebPa00,SS,Malcolm Jenkins,JenkMa99,S,Marcus Williams,WillMa06,QB,Dak Prescott,PresDa01,RB,Ezekiel Elliott,ElliEz00,WR,Michael Gallup,GallMi00,WR,CeeDee Lamb,LambCe00,TE,Dalton Schultz,SchuDa00,TE,Sean McKeon,McKeSe01,T,La'el Collins,CollLa01,T,Tyron Smith,SmitTy00,G,Connor McGovern,McGoCo01,G,Zack Martin,MartZa00,C,Tyler Biadasz,BiadTy00,DE,Carlos Watkins,WatkCa00,DE,Dorance Armstrong Jr.,ArmsDo00,DE,DeMarcus Lawrence,LawrDe00,DT,Osa Odighizuwa,OdigOs00,LB,Micah Parsons,ParsMi00,LB,Leighton Vander Esch,VandLe00,CB,Jourdan Lewis,LewiJo01,CB,Trevon Diggs,DiggTr00,CB,Anthony Brown,BrowAn02,S,Jayron Kearse,KearJa00,S,Damontae Kazee,KazeDa00,Referee,Brad Rogers,Umpire,Carl Paganelli,Down Judge,Kent Payne,Line Judge,Tom Eaton,Back Judge,Greg Steed,Side Judge,Dominique Pender,Field Judge,Aaron Santi
202112050atl,2021-12-05,Sunday,1:00pm,Atlanta Falcons,Tampa Bay Buccaneers,atl,tam,17,30,Arthur Smith,Bruce Arians,Mercedes-Benz Stadium,69366,3:03,retractable roof (closed),fieldturf,,QB,Matt Ryan,RyanMa00,RB,Cordarrelle Patterson,PattCo00,FB,Keith Smith,SmitKe03,WR,Olamide Zaccheaus,ZaccOl01,TE,Lee Smith,SmitLe00,TE,Kyle Pitts,PittKy00,OL,Matt Hennessy,HennMa00,OL,Jalen Mayfield,MayfJa00,T,Jake Matthews,MattJa00,T,Kaleb McGary,McGaKa00,G,Chris Lindstrom,LindCh00,DT,Ta'Quon Graham,GrahTa00,DT,Grady Jarrett,JarrGr00,DT,Tyeler Davison,DaviTy01,OLB,Adetokunbo Ogundeji,OgunAd01,OLB,Steven Means,MeanSt00,MLB,Foyesade Oluokun,OluoFo00,MLB,Deion Jones,JoneDe01,CB,Fabian Moreau,MoreFa00,CB,AJ Terrell,TerrAJ00,S,Erik Harris,HarrEr00,S,Duron Harmon,HarmDu00,QB,Tom Brady,BradTo00,RB,Leonard Fournette,FourLe00,WR,Chris Godwin,GodwCh00,WR,Mike Evans,EvanMi00,TE,O.J. Howard,,TE,Rob Gronkowski,GronRo00,T,Tristan Wirfs,WirfTr00,T,Donovan Smith,SmitDo02,G,Alex Cappa,CappAl00,G,Ali Marpet,MarpAl00,C,Ryan Jensen,JensRy00,DT,Ndamukong Suh,SuhxNd99,DT,Vita Vea,VeaxVi00,OLB,Jason Pierre-Paul,PierJa99,OLB,Shaquil Barrett,BarrSh00,MLB,Lavonte David,DaviLa00,LB,Devin White,WhitDe02,CB,Jamel Dean,DeanJa00,CB,Carlton Davis,DaviCa02,CB,Sean Murphy-Bunting,BuntSe00,S,Antoine Winfield Jr.,WinfAn00,S,Andrew Adams,AdamAn00,Referee,Tony Corrente,Umpire,Dan Ferrell,Down Judge,Patrick Turner,Line Judge,Tim Podraza,Back Judge,Todd Prukop,Side Judge,Don Willard,Field Judge,Anthony Jefferies
202112050chi,2021-12-05,Sunday,1:00pm,Chicago Bears,Arizona Cardinals,chi,crd,22,33,Matt Nagy,Kliff Kingsbury,Soldier Field,60803,3:04,outdoors,grass,"34 degrees, relative humidity 80%, wind 8 mph",QB,Andy Dalton,DaltAn00,RB,David Montgomery,MontDa01,WR,Darnell Mooney,MoonDa00,TE,Jesse James,JameJe00,TE,Cole Kmet,KmetCo00,OL,Alex Bars,BarsAl01,OL,Larry Borom,BoroLa00,OL,Cody Whitehair,WhitCo03,OL,Jason Peters,PeteJa21,OL,James Daniels,DaniJa01,OL,Sam Mustipher,MustSa01,DE,Angelo Blackson,BlacAn00,DT,Bilal Nichols,NichBi00,LB,Trevis Gipson,GipsTr00,LB,Alec Ogletree,OgleAl00,LB,Robert Quinn,QuinRo00,LB,Roquan Smith,SmitRo07,DB,Jaylon Johnson,JohnJa13,DB,Eddie Jackson,JackEd01,DB,Tashaun Gipson,GipsTa00,DB,Xavier Crawford,CrawXa00,DB,Artie Burns,BurnAr00,QB,Kyler Murray,MurrKy00,RB,James Conner,ConnJa00,WR,Rondale Moore,MoorRo02,WR,DeAndre Hopkins,HopkDe00,TE,Zach Ertz,ErtzZa00,TE,Demetrius Harris,HarrDe03,OL,Kelvin Beachum,BeacKe00,OL,Max Garcia,GarcMa00,OL,Sean Harlow,HarlSe00,OL,Rodney Hudson,HudsRo00,OL,D.J. Humphries,,DE,Zach Allen,AlleZa01,DE,Jordan Phillips,PhilJo01,DT,Corey Peters,PeteCo00,OLB,Chandler Jones,JoneCh03,OLB,Devon Kennard,KennDe00,OLB,Dennis Gardeck,GardDe01,MLB,Jordan Hicks,HickJo00,LB,Isaiah Simmons,SimmIs00,CB,Byron Murphy,MurpBy00,S,Jalen Thompson,ThomJa04,S,Budda Baker,BakeBu00,Referee,Jerome Boger,Umpire,Barry Anderson,Down Judge,Frank LeBlanc,Line Judge,Rusty Baynes,Back Judge,Steve Patrick,Side Judge,Jonah Monroe,Field Judge,Steve Zimmer
202112050cin,2021-12-05,Sunday,1:00pm,Cincinnati Bengals,Los Angeles Chargers,cin,sdg,22,41,Zac Taylor,Brandon Staley,Paul Brown Stadium,51414,3:20,outdoors,fieldturf,"48 degrees, relative humidity 51%, wind 11 mph",QB,Joe Burrow,BurrJo01,RB,Joe Mixon,MixoJo00,WR,Tyler Boyd,BoydTy00,WR,Ja'Marr Chase,ChasJa00,WR,Tee Higgins,HiggTe00,TE,C.J. Uzomah,,T,Isaiah Prince,PrinIs00,T,Jonah Williams,WillJo10,G,Quinton Spain,SpaiQu00,G,Hakeem Adeniji,AdenHa00,C,Trey Hill,HillTr03,DE,Trey Hendrickson,HendTr00,DE,Sam Hubbard,HubbSa00,DT,D.J. Reader,,DT,Larry Ogunjobi,OgunLa00,LB,Germaine Pratt,PratGe00,LB,Logan Wilson,WilsLo00,CB,Mike Hilton,HiltMi01,CB,Chidobe Awuzie,AwuzCh00,CB,Eli Apple,ApplEl00,SAF,Vonn Bell,BellVo00,SAF,Jessie Bates III,BateJe00,QB,Justin Herbert,HerbJu00,RB,Austin Ekeler,EkelAu00,WR,Keenan Allen,AlleKe00,WR,Mike Williams,WillMi07,WR,Josh Palmer,PalmJo00,TE,Jared Cook,CookJa02,T,Storm Norton,NortSt00,T,Rashawn Slater,SlatRa00,T,Michael Schofield,SchoMi00,G,Matt Feiler,FeilMa00,C,Corey Linsley,LinsCo00,DT,Justin Jones,JoneJu03,DT,Jerry Tillery,TillJe00,OLB,Uchenna Nwosu,NwosUc00,OLB,Joey Bosa,BosaJo00,LB,Drue Tranquill,TranDr00,LB,Kyzir White,WhitKy00,CB,Tevaughn Campbell,CampTe00,CB,Michael Davis,DaviMi03,CB,Chris Harris Jr.,HarrCh01,SAF,Derwin James,JameDe00,SAF,Nasir Adderley,AddeNa00,Referee,Shawn Hochuli,Umpire,Terry Killens,Down Judge,Ed Camp,Line Judge,Greg Bradley,Back Judge,Rich Martinez,Side Judge,Chad Hill,Field Judge,Tom Hill
202112050det,2021-12-05,Sunday,1:00pm,Detroit Lions,Minnesota Vikings,det,min,29,27,Dan Campbell,Mike Zimmer,Ford Field,45691,3:10,dome,fieldturf,,QB,Jared Goff,GoffJa00,RB,Jamaal Williams,WillJa06,WR,Amon-Ra St. Brown,StxxAm00,WR,Kalif Raymond,RaymKa00,WR,Josh Reynolds,ReynJo00,TE,T.J. Hockenson,HockTJ00,T,Taylor Decker,DeckTa00,T,Penei Sewell,SewePe00,G,Jonah Jackson,JackJo03,G,Halapoulivaati Vaitai,VaitHa00,C,Evan Brown,BrowEv00,DE,Nick Williams,WillNi01,DE,Michael Brockers,BrocMi00,OLB,Austin Bryant,BryaAu00,OLB,Charles Harris,HarrCh03,LB,Derrick Barnes,BarnDe02,LB,Alex Anzalone,AnzaAl00,CB,Amani Oruwariye,OruwAm00,CB,Jerry Jacobs,JacoJe00,SAF,Dean Marlowe,MarlDe00,SAF,Tracy Walker,WalkTr01,SAF,Will Harris,HarrWi02,QB,Kirk Cousins,CousKi00,RB,Alexander Mattison,MattAl01,WR,Adam Thielen,ThieAd00,WR,Justin Jefferson,JeffJu00,TE,Tyler Conklin,ConkTy00,TE,Chris Herndon,HernCh00,OL,Mason Cole,ColeMa02,T,Brian O'Neill,ONeiBr00,G,Oli Udoh,UdohOl01,G,Ezra Cleveland,ClevEz00,C,Garrett Bradbury,BradGa00,DE,D.J. Wonnum,WonnDJ00,DT,Michael Pierce,PierMi00,DT,Sheldon Richardson,RichSh00,DT,Dalvin Tomlinson,TomlDa00,LB,Blake Lynch,LyncBl00,LB,Nick Vigil,VigiNi00,CB,Cameron Dantzler,DantCa00,CB,Bashaud Breeland,BreeBa00,CB,Mackensie Alexander,AlexMa01,SAF,Harrison Smith,SmitHa00,SAF,Xavier Woods,WoodXa00,Referee,Craig Wrolstad,Umpire,Steve Woods,Down Judge,Jim Mello,Line Judge,Tripp Sutter,Back Judge,Grantis Bell,Side Judge,Jeff Lamberth,Field Judge,Terry Brown
202112050htx,2021-12-05,Sunday,1:00pm,Houston Texans,Indianapolis Colts,htx,clt,0,31,David Culley,Frank Reich,NRG Stadium,65291,2:55,retractable roof (closed),astroturf,,QB,Tyrod Taylor,TaylTy00,RB,Rex Burkhead,BurkRe00,WR,Nico Collins,CollNi00,WR,Brandin Cooks,CookBr00,WR,Davion Davis,DaviDa03,TE,Antony Auclair,AuclAn00,OL,Justin Britt,BritJu00,OL,Lane Taylor,TaylLa01,OL,Max Scharping,SchaMa01,OL,Tytus Howard,HowaTy00,T,Charlie Heck,HeckCh00,DE,Jacob Martin,MartJa02,DE,Jonathan Greenard,GreeJo04,DT,Roy Lopez,LopeRo00,DT,Maliek Collins,CollMa00,LB,Christian Kirksey,KirkCh00,LB,Kevin Pierre-Louis,PierKe00,LB,Kamu Grugier-Hill,GrugKa00,DB,Desmond King,KingDe01,DB,Terrance Mitchell,MitcTe00,DB,Eric Murray,MurrEr00,DB,Justin Reid,ReidJu00,QB,Carson Wentz,WentCa00,RB,Jonathan Taylor,TaylJo02,WR,T.Y. Hilton,,WR,Michael Pittman Jr.,PittMi01,TE,Mo Alie-Cox,AlieMo00,TE,Jack Doyle,DoylJa00,OL,Quenton Nelson,NelsQu00,OL,Braden Smith,SmitBr06,OT,Eric Fisher,FishEr00,G,Mark Glowinski,GlowMa00,G,Danny Pinter,PintDa00,DE,Al-Quadin Muhammad,MuhaAl00,DE,Kwity Paye,PayeKw00,DT,DeForest Buckner,BuckDe00,DT,Grover Stewart,StewGr00,LB,Bobby Okereke,OkerBo00,LB,Shaquille Leonard,LeonDa00,CB,Xavier Rhodes,RhodXa00,CB,Kenny Moore,MoorKe03,CB,Rock Ya-Sin,Ya-SRo00,SAF,Khari Willis,WillKh00,FS,Andrew Sendejo,SendAn00,Referee,Ron Torbert,Umpire,Mark Pellis,Down Judge,Kevin Codey,Line Judge,Mark Steinkerchner,Back Judge,Tony Josselyn,Side Judge,Keith Washington,Field Judge,Ryan Dickson
202112050kan,2021-12-05,Sunday,8:20pm,Kansas City Chiefs,Denver Broncos,kan,den,22,9,Andy Reid,Vic Fangio,GEHA Field at Arrowhead Stadium,73185,2:54,outdoors,grass,"58 degrees, relative humidity 55%, wind 22 mph",QB,Patrick Mahomes,MahoPa00,RB,Clyde Edwards-Helaire,EdwaCl00,WR,Josh Gordon,GordJo02,WR,Tyreek Hill,HillTy00,TE,Blake Bell,BellBl00,TE,Travis Kelce,KelcTr00,OL,Joe Thuney,ThunJo00,OL,Trey Smith,SmitTr05,OL,Creed Humphrey,HumpCr00,T,Orlando Brown Jr.,BrowOr00,G,Andrew Wylie,WyliAn00,DE,Frank Clark,ClarFr01,DT,Chris Jones,JoneCh09,DT,Jarran Reed,ReedJa02,LB,Melvin Ingram,IngrMe00,LB,Anthony Hitchens,HitcAn00,LB,Willie Gay Jr.,GayJWi00,CB,Mike Hughes,HughMi00,CB,L'Jarius Sneed,SneeLJ00,CB,Charvarius Ward,WardCh01,S,Tyrann Mathieu,MathTy00,S,Juan Thornhill,ThorJu00,QB,Teddy Bridgewater,BridTe00,RB,Javonte Williams,WillJa10,WR,Courtland Sutton,SuttCo00,WR,Tim Patrick,PatrTi00,WR,Jerry Jeudy,JeudJe00,TE,Noah Fant,FantNo00,OL,Quinn Meinerz,MeinQu02,T,Bobby Massie,MassBo00,T,Garett Bolles,BollGa00,G,Dalton Risner,RisnDa00,C,Lloyd Cushenberry III,CushLl00,DE,Shelby Harris,HarrSh00,DT,DeShawn Williams,WillDe04,OLB,Malik Reed,ReedMa01,OLB,Bradley Chubb,ChubBr00,LB,Baron Browning,BrowBa01,LB,Kenny Young,YounKe03,CB,Kyle Fuller,FullKy00,CB,Ronald Darby,DarbRo00,CB,Patrick Surtain II,SurtPa01,S,Kareem Jackson,JackKa99,S,Justin Simmons,SimmJu00,Referee,Carl Cheffers,Umpire,Tra Blake,Down Judge,Jerry Bergman,Line Judge,Jeff Seeman,Back Judge,Matt Edwards,Side Judge,Gary Cavaletto,Field Judge,Michael Banks
202112050mia,2021-12-05,Sunday,1:00pm,Miami Dolphins,New York Giants,mia,nyg,20,9,Brian Flores,Joe Judge,Hard Rock Stadium,65898,3:00,outdoors,grass,"80 degrees, relative humidity 62%, wind 11 mph",QB,Tua Tagovailoa,TagoTu00,RB,Myles Gaskin,GaskMy00,WR,Albert Wilson,WilsAl02,WR,Jaylen Waddle,WaddJa00,TE,Hunter Long,LongHu00,TE,Durham Smythe,SmytDu00,OL,Robert Hunt,HuntRo01,OL,Michael Deiter,DeitMi00,OL,Jesse Davis,DaviJe00,T,Austin Jackson,JackAu00,T,Liam Eichenberg,EichLi00,DT,Zach Sieler,SielZa00,DT,Raekwon Davis,DaviRa03,DT,Christian Wilkins,WilkCh00,LB,Jerome Baker,BakeJe00,LB,Duke Riley,RileDu00,LB,Elandon Roberts,RobeEl00,LB,Andrew Van Ginkel,VanGAn00,CB,Xavien Howard,HowaXa00,CB,Byron Jones,JoneBy00,S,Jevon Holland,HollJe02,S,Eric Rowe,RoweEr00,QB,Mike Glennon,GlenMi00,RB,Saquon Barkley,BarkSa00,WR,Darius Slayton,SlayDa01,WR,Kenny Golladay,GollKe00,TE,Evan Engram,EngrEv00,TE,Kyle Rudolph,RudoKy00,OL,Billy Price,PricBi01,T,Andrew Thomas,ThomAn02,T,Nate Solder,SoldNa00,G,Will Hernandez,HernWi00,C,Matt Skura,SkurMa01,DE,Leonard Williams,WillLe02,DT,Austin Johnson,JohnAu01,DT,Dexter Lawrence,LawrDe03,LB,Tae Crowder,CrowTa00,LB,Lorenzo Carter,CartLo01,LB,Benardrick McKinney,McKiBe00,LB,Azeez Ojulari,OjulAz00,CB,James Bradberry,BradJa00,CB,Aaron Robinson,RobiAa00,DB,Logan Ryan,RyanLo00,S,Xavier McKinney,McKiXa00,Referee,Brad Allen,Umpire,Bruce Stritesky,Down Judge,Danny Short,Line Judge,Daniel Gallagher,Back Judge,Greg Yette,Side Judge,Boris Cheek,Field Judge,Rick Patterson
202112050nyj,2021-12-05,Sunday,1:00pm,New York Jets,Philadelphia Eagles,nyj,phi,18,33,Robert Saleh,Nick Sirianni,MetLife Stadium,73311,3:06,outdoors,fieldturf,"45 degrees, relative humidity 33%, no wind",QB,Zach Wilson,WilsZa00,RB,Tevin Coleman,ColeTe01,WR,Corey Davis,DaviCo03,WR,Elijah Moore,MoorEl00,TE,Ryan Griffin,GrifRy00,OL,Dan Feeney,FeenDa00,OL,Laurent Duvernay-Tardif,DuveLa00,OL,Connor McGovern,McGoCo00,OL,Morgan Moses,MoseMo00,OL,Alijah Vera-Tucker,VeraAl00,OT,George Fant,FantGe00,DE,Shaq Lawson,LawsSh00,DT,Folorunso Fatukasi,FatuFo00,DT,John Franklin-Myers,FranJo02,DT,Quinnen Williams,WillQu00,LB,Quincy Williams,WillQu01,LB,Jarrad Davis,DaviJa01,LB,C.J. Mosley,,CB,Bryce Hall,HallBr02,CB,Javelin Guidry,GuidJa01,S,Elijah Riley,RileEl01,S,Ashtyn Davis,DaviAs00,QB,Gardner Minshew II,MinsGa00,RB,Miles Sanders,SandMi01,WR,Jalen Reagor,ReagJa00,TE,Jack Stoll,StolJa00,TE,Dallas Goedert,GoedDa00,TE,Tyree Jackson,JackTy01,OL,Landon Dickerson,DickLa00,T,Jordan Mailata,MailJo00,T,Lane Johnson,JohnLa01,G,Nate Herbig,HerbNa01,C,Jason Kelce,KelcJa00,DE,Josh Sweat,SweaJo00,DE,Derek Barnett,BarnDe01,DT,Javon Hargrave,HargJa00,DT,Fletcher Cox,CoxxFl00,LB,T.J. Edwards,EdwaTJ02,LB,Alex Singleton,SingAl00,LB,Genard Avery,AverGe00,CB,Steven Nelson,NelsSt01,CB,Darius Slay,SlayDa00,S,Anthony Harris,HarrAn01,S,Rodney McLeod,McLeRo00,Referee,Clay Martin,Umpire,Fred Bryan,Down Judge,Jerod Phillips,Line Judge,Maia Chaka,Back Judge,Greg Wilson,Side Judge,Joe Larrew,Field Judge,James Coleman
202112050pit,2021-12-05,Sunday,4:25pm,Pittsburgh Steelers,Baltimore Ravens,pit,rav,20,19,Mike Tomlin,John Harbaugh,Heinz Field,59303,3:10,outdoors,grass,"50 degrees, relative humidity 44%, wind 7 mph",QB,Ben Roethlisberger,RoetBe00,RB,Najee Harris,HarrNa00,FB,Derek Watt,WattDe00,WR,Diontae Johnson,JohnDi01,TE,Pat Freiermuth,FreiPa00,TE,Zach Gentry,GentZa00,OL,B.J. Finney,,OL,Chukwuma Okorafor,OkorCh00,T,Dan Moore,MoorDa05,G,Trai Turner,TurnTr01,C,Kendrick Green,GreeKe02,DT,Chris Wormley,WormCh00,DT,Montravius Adams,AdamMo00,DT,Cameron Heyward,HeywCa01,LB,Alex Highsmith,HighAl02,LB,Joe Schobert,SchoJo00,LB,T.J. Watt,,LB,Devin Bush Jr.,BushDe01,CB,Cameron Sutton,SuttCa00,CB,Ahkello Witherspoon,WithAh00,S,Minkah Fitzpatrick,FitzMi00,S,Terrell Edmunds,EdmuTe00,QB,Lamar Jackson,JackLa00,RB,Devonta Freeman,FreeDe00,FB,Patrick Ricard,RicaPa00,WR,Sammy Watkins,WatkSa00,WR,Marquise Brown,BrowMa04,TE,Mark Andrews,AndrMa00,OL,Bradley Bozeman,BozeBr00,OL,Patrick Mekari,MekaPa00,OT,Alejandro Villanueva,VillAl00,OG,Kevin Zeitler,ZeitKe00,G,Ben Powers,PoweBe00,DE,Calais Campbell,CampCa99,DT,Nnamdi Madubuike,MaduJu00,DT,Brandon Williams,WillBr02,OLB,Justin Houston,HousJu00,OLB,Tyus Bowser,BowsTy00,LB,Patrick Queen,QueePa00,LB,Josh Bynes,ByneJo00,CB,Marlon Humphrey,HumpMa00,CB,Anthony Averett,AverAn00,DB,Brandon Stephens,StepBr01,S,Chuck Clark,ClarCh00,Referee,Scott Novak,Umpire,Ramon George,Down Judge,Derick Bowers,Line Judge,Walt Coleman IV,Back Judge,Terrence Miles,Side Judge,David Meslow,Field Judge,Mike Weatherford
202112050rai,2021-12-05,Sunday,4:05pm,Las Vegas Raiders,Washington Football Team,rai,was,15,17,Rich Bisaccia,Ron Rivera,Allegiant Stadium,61607,3:01,dome,grass,,QB,Derek Carr,CarrDe02,RB,Josh Jacobs,JacoJo01,WR,Hunter Renfrow,RenfHu00,WR,Bryan Edwards,EdwaBr01,WR,Zay Jones,JoneZa00,TE,Foster Moreau,MoreFo00,T,Alex Leatherwood,LeatAl00,T,Brandon Parker,ParkBr01,T,Kolton Miller,MillKo00,G,John Simpson,SimpJo00,C,Andre James,JameAn01,DE,Yannick Ngakoue,NgakYa00,DE,Maxx Crosby,CrosMa00,DT,Quinton Jefferson,JeffQu00,DT,Johnathan Hankins,HankJo00,LB,Cory Littleton,LittCo01,LB,Denzel Perryman,PerrDe00,LB,K.J. Wright,,CB,Casey Hayward,HaywCa00,CB,Brandon Facyson,FacyBr00,S,Johnathan Abram,AbraJo01,S,Tre'von Moehrig,MoehTr00,QB,Taylor Heinicke,HeinTa00,RB,Antonio Gibson,GibsAn00,WR,DeAndre Carter,CartDe02,WR,Terry McLaurin,McLaTe00,TE,John Bates,BateJo00,TE,Logan Thomas,ThomLo00,T,Ereck Flowers,FlowEr00,T,Cornelius Lucas,LucaCo01,T,Charles Leno Jr.,LenoCh00,G,Brandon Scherff,ScheBr00,C,Keith Ismael,IsmaKe00,DE,James Smith-Williams,SmitJa08,DE,Casey Toohill,ToohCa00,DT,Jonathan Allen,AlleJo01,DT,Daron Payne,PaynDa00,LB,Khaleke Hudson,HudsKh00,LB,Cole Holcomb,HolcCo00,LB,Jamin Davis,DaviJa11,CB,William Jackson III,JackWi02,CB,Bobby McCain,McCaBo01,CB,Kendall Fuller,FullKe00,S,Kamren Curl,CurlKa00,Referee,Adrian Hill,Umpire,Roy Ellison,Down Judge,David Oliver,Line Judge,Mark Stewart,Back Judge,Keith Ferguson,Side Judge,Jim Quirk,Field Judge,Greg Gautreaux
202112050ram,2021-12-05,Sunday,4:25pm,Los Angeles Rams,Jacksonville Jaguars,ram,jax,37,7,Sean McVay,Urban Meyer,SoFi Stadium,70801,2:53,dome,matrixturf,,QB,Matthew Stafford,StafMa00,RB,Sony Michel,MichSo00,WR,Ben Skowronek,SkowBe00,WR,Cooper Kupp,KuppCo00,WR,Van Jefferson,JeffVa00,TE,Tyler Higbee,HigbTy00,OL,Austin Corbett,CorbAu00,OL,Andrew Whitworth,WhitAn20,OL,Rob Havenstein,HaveRo00,OL,David Edwards,EdwaDa01,OL,Brian Allen,AlleBr02,DT,Greg Gaines,GainGr00,DT,A'Shawn Robinson,RobiAS00,DT,Aaron Donald,DonaAa00,OLB,Leonard Floyd,FloyLe00,OLB,Von Miller,MillVo00,LB,Ernest Jones,JoneEr01,LB,Troy Reeder,ReedTr01,CB,Jalen Ramsey,RamsJa00,CB,Darious Williams,WillDa09,S,Jordan Fuller,FullJo01,S,Taylor Rapp,RappTa00,QB,Trevor Lawrence,LawrTr00,RB,James Robinson,RobiJa00,WR,Laquon Treadwell,TreaLa00,WR,Marvin Jones,JoneMa02,TE,Chris Manhertz,ManhCh00,OL,Ben Bartch,BartBe00,OL,Jawaan Taylor,TaylJa02,OL,Cam Robinson,RobiCa00,OL,Will Richardson,RichWi01,OL,Andrew Norwell,NorwAn01,OL,Brandon Linder,LindBr00,DE,Roy Robertson-Harris,RobeRo00,DE,Dawuane Smoot,SmooDa00,DE,Josh Hines-Allen,AlleJo03,DT,Malcom Brown,BrowMa01,LB,Myles Jack,JackMy00,LB,Damien Wilson,WilsDa02,CB,Nevin Lawson,LawsNe00,CB,Tyson Campbell,CampTy01,S,Rayshawn Jenkins,JenkRa00,S,Rudy Ford,FordRu00,S,Andrew Wingard,WingAn01,Referee,Clete Blakeman,Umpire,Tab Slaughter,Down Judge,Dana McKenzie,Line Judge,Julian Mapp,Back Judge,Perry Paganelli,Side Judge,Clay Reynard,Field Judge,Scott Edwards
202112050sea,2021-12-05,Sunday,4:00pm,Seattle Seahawks,San Francisco 49ers,sea,sfo,30,23,Pete Carroll,Kyle Shanahan,Lumen Field,68758,3:13,outdoors,fieldturf,"41 degrees, relative humidity 76%, wind 4 mph",QB,Russell Wilson,WilsRu00,RB,Adrian Peterson,PeteAd01,WR,Freddie Swain,SwaiFr00,WR,Tyler Lockett,LockTy00,WR,D.K. Metcalf,MetcDK00,TE,Will Dissly,DissWi00,OL,Kyle Fuller,FullKy01,OL,Ethan Pocic,PociEt00,T,Duane Brown,BrowDu20,T,Brandon Shell,ShelBr00,G,Gabe Jackson,JackGa00,DE,Rasheem Green,GreeRa01,DE,Benson Mayowa,MayoBe00,DT,Al Woods,WoodAl99,DT,Bryan Mone,MoneBr00,DT,Poona Ford,FordPo00,LB,Bobby Wagner,WagnBo00,LB,Jordyn Brooks,BrooJo01,CB,Sidney Jones,JoneSi00,CB,D.J. Reed,,SS,Jamal Adams,AdamJa00,FS,Quandre Diggs,DiggQu00,QB,Jimmy Garoppolo,GaroJi00,RB,Elijah Mitchell,MitcEl00,FB,Kyle Juszczyk,JuszKy00,WR,Brandon Aiyuk,AiyuBr00,WR,Trent Sherfield,SherTr00,TE,George Kittle,KittGe00,OL,Laken Tomlinson,TomlLa01,OL,Daniel Brunskill,BrunDa00,OL,Tom Compton,CompTo00,T,Trent Williams,WillTr21,C,Alex Mack,MackAl20,DE,Samson Ebukam,EbukSa00,DE,Nick Bosa,BosaNi00,DE,Arik Armstead,ArmsAr01,DT,D.J. Jones,,LB,Demetrius Flannigan-Fowles,FlanDe00,LB,Azeez Al-Shaair,AlShAz00,CB,Emmanuel Moseley,MoseEm00,CB,Josh Norman,NormJo01,CB,K'Waun Williams,WillKW00,SAF,Jaquiski Tartt,TartJa00,DB,Jimmie Ward,WardJi01,Referee,Alex Kemp,Umpire,Rich Hall,Down Judge,Mike Carr,Line Judge,Jeff Bergman,Back Judge,Scott Helverson,Side Judge,Dale Shaw,Field Judge,John Jenkins
202112060buf,2021-12-06,Monday,8:15pm,Buffalo Bills,New England Patriots,buf,nwe,10,14,Sean McDermott,Bill Belichick,Highmark Stadium,69694,2:55,outdoors,a_turf,"36 degrees, relative humidity 59%, wind 19 mph",QB,Josh Allen,AlleJo02,RB,Devin Singletary,SingDe00,WR,Stefon Diggs,DiggSt00,WR,Emmanuel Sanders,SandEm00,TE,Tommy Sweeney,SweeTo00,TE,Dawson Knox,KnoxDa00,OL,Daryl Williams,WillDa06,OT,Dion Dawkins,DawkDi00,T,Spencer Brown,BrowSp00,OG,Ike Boettger,BoetIk00,C,Mitch Morse,MorsMi00,DE,Gregory Rousseau,RousGr00,DE,Jerry Hughes,HughJe99,DT,Star Lotulelei,LotuSt00,DT,Ed Oliver,OlivEd00,LB,Matt Milano,MilaMa00,LB,Tremaine Edmunds,EdmuTr01,CB,Taron Johnson,JohnTa01,CB,Dane Jackson,JackDa02,CB,Levi Wallace,WallLe00,SAF,Jordan Poyer,PoyeJo00,SAF,Micah Hyde,HydeMi00,QB,Mac Jones,JoneMa05,RB,Damien Harris,HarrDa06,WR,Nelson Agholor,AghoNe00,WR,Kendrick Bourne,BourKe00,WR,Jakobi Meyers,MeyeJa01,TE,Jonnu Smith,SmitJo01,OL,Isaiah Wynn,WynnIs00,OL,Shaq Mason,MasoSh01,OL,Ted Karras,KarrTe00,OL,Trent Brown,BrowTr02,C,David Andrews,AndrDa00,DE,Deatrich Wise Jr.,WiseDe00,DT,Lawrence Guy,GuyxLa00,DT,Davon Godchaux,GodcDa00,LB,Dont'a Hightower,HighDo01,LB,Matt Judon,JudoMa00,LB,Ja'Whaun Bentley,BentJa00,CB,Jalen Mills,MillJa02,DB,J.C. Jackson,,DB,Myles Bryant,BryaMy01,DB,Devin McCourty,McCoDe99,DB,Adrian Phillips,PhilAd00,Referee,Bill Vinovich,Umpire,Tony Michalek,Down Judge,Patrick Holt,Line Judge,Mark Perlman,Back Judge,Jimmy Russell,Side Judge,Jimmy Buchanan,Field Judge,Joe Blubaugh
202112090min,2021-12-09,Thursday,8:20pm,Minnesota Vikings,Pittsburgh Steelers,min,pit,36,28,Mike Zimmer,Mike Tomlin,U.S. Bank Stadium,66718,3:20,dome,sportturf,,QB,Kirk Cousins,CousKi00,RB,Dalvin Cook,CookDa01,WR,Justin Jefferson,JeffJu00,WR,K.J. Osborn,OsboKJ00,TE,Tyler Conklin,ConkTy00,TE,Chris Herndon,HernCh00,OL,Mason Cole,ColeMa02,T,Brian O'Neill,ONeiBr00,G,Oli Udoh,UdohOl01,G,Ezra Cleveland,ClevEz00,C,Garrett Bradbury,BradGa00,DE,D.J. Wonnum,WonnDJ00,DT,Dalvin Tomlinson,TomlDa00,DT,Sheldon Richardson,RichSh00,DT,Michael Pierce,PierMi00,LB,Anthony Barr,BarrAn00,LB,Eric Kendricks,KendEr00,CB,Patrick Peterson,PetePa00,CB,Bashaud Breeland,BreeBa00,CB,Mackensie Alexander,AlexMa01,S,Harrison Smith,SmitHa00,S,Xavier Woods,WoodXa00,QB,Ben Roethlisberger,RoetBe00,RB,Najee Harris,HarrNa00,WR,Chase Claypool,ClayCh01,WR,Diontae Johnson,JohnDi01,WR,Ray-Ray McCloud,McClRa00,TE,Zach Gentry,GentZa00,OL,Chukwuma Okorafor,OkorCh00,T,Dan Moore,MoorDa05,T,John Leglue,LeglJo00,G,Trai Turner,TurnTr01,C,Kendrick Green,GreeKe02,DT,Chris Wormley,WormCh00,DT,Montravius Adams,AdamMo00,DT,Cameron Heyward,HeywCa01,LB,Alex Highsmith,HighAl02,LB,Joe Schobert,SchoJo00,LB,T.J. Watt,,LB,Devin Bush Jr.,BushDe01,CB,Cameron Sutton,SuttCa00,CB,Ahkello Witherspoon,WithAh00,S,Minkah Fitzpatrick,FitzMi00,S,Terrell Edmunds,EdmuTe00,Referee,Clete Blakeman,Umpire,Tab Slaughter,Down Judge,Dana McKenzie,Line Judge,Julian Mapp,Back Judge,Perry Paganelli,Side Judge,Clay Reynard,Field Judge,Scott Edwards
202112120car,2021-12-12,Sunday,1:00pm,Carolina Panthers,Atlanta Falcons,car,atl,21,29,Matt Rhule,Arthur Smith,Bank of America Stadium,72243,2:55,outdoors,grass,"48 degrees, relative humidity 37%, wind 9 mph",QB,Cam Newton,NewtCa00,RB,Chuba Hubbard,HubbCh01,WR,Robbie Chosen,AndeRo04,WR,Brandon Zylstra,ZylsBr00,WR,D.J. Moore,,TE,Ian Thomas,ThomIa00,T,Brady Christensen,ChriBr00,T,Cameron Erving,ErviCa00,T,Taylor Moton,MotoTa00,G,Dennis Daley,DaleDe00,G,Pat Elflein,ElflPa00,DE,Brian Burns,BurnBr00,DT,Derrick Brown,BrowDe05,DT,DaQuan Jones,JoneDa04,OLB,Haason Reddick,ReddHa00,LB,Jermaine Carter Jr.,CartJe00,LB,Shaq Thompson,ThomSh01,CB,C.J. Henderson,HendCJ00,CB,Stephon Gilmore,GilmSt00,DB,Myles Hartsfield,HartMy00,S,Jeremy Chinn,ChinJe00,S,Juston Burris,BurrJu00,QB,Matt Ryan,RyanMa00,RB,Mike Davis,DaviMi01,RB,Cordarrelle Patterson,PattCo00,WR,Russell Gage,GageRu00,WR,Tajae Sharpe,SharTa00,TE,Kyle Pitts,PittKy00,OL,Matt Hennessy,HennMa00,OL,Jalen Mayfield,MayfJa00,T,Jake Matthews,MattJa00,T,Kaleb McGary,McGaKa00,G,Chris Lindstrom,LindCh00,DT,Anthony Rush,RushAn00,DT,Grady Jarrett,JarrGr00,OLB,Dante Fowler,FowlDa00,OLB,Steven Means,MeanSt00,MLB,Foyesade Oluokun,OluoFo00,MLB,Deion Jones,JoneDe01,CB,Fabian Moreau,MoreFa00,CB,AJ Terrell,TerrAJ00,SS,Jaylinn Hawkins,HawkJa00,S,Erik Harris,HarrEr00,S,Duron Harmon,HarmDu00,Referee,Shawn Smith,Umpire,Bryan Neale,Down Judge,Mark Hittner,Line Judge,Michael Dolce,Back Judge,Dino Paganelli,Side Judge,Dave Hawkshaw,Field Judge,Dyrol Prioleau
202112120cin,2021-12-12,Sunday,1:00pm,Cincinnati Bengals,San Francisco 49ers,cin,sfo,23,26,Zac Taylor,Kyle Shanahan,Paul Brown Stadium,50481,3:24,outdoors,fieldturf,"48 degrees, relative humidity 40%, wind 9 mph",QB,Joe Burrow,BurrJo01,RB,Joe Mixon,MixoJo00,WR,Ja'Marr Chase,ChasJa00,WR,Tee Higgins,HiggTe00,TE,C.J. Uzomah,,TE,Drew Sample,SampDr00,T,Jonah Williams,WillJo10,T,Riley Reiff,ReifRi00,G,Quinton Spain,SpaiQu00,G,Hakeem Adeniji,AdenHa00,C,Trey Hopkins,HopkTr01,DE,Sam Hubbard,HubbSa00,DE,Trey Hendrickson,HendTr00,DT,B.J. Hill,,DT,Larry Ogunjobi,OgunLa00,DT,D.J. Reader,,LB,Germaine Pratt,PratGe00,LB,Joe Bachie,BachJo01,CB,Chidobe Awuzie,AwuzCh00,CB,Eli Apple,ApplEl00,S,Vonn Bell,BellVo00,S,Jessie Bates III,BateJe00,QB,Jimmy Garoppolo,GaroJi00,RB,Jeff Wilson,WilsJe01,FB,Kyle Juszczyk,JuszKy00,WR,Deebo Samuel,SamuDe00,WR,Brandon Aiyuk,AiyuBr00,TE,George Kittle,KittGe00,OL,Tom Compton,CompTo00,OL,Daniel Brunskill,BrunDa00,OL,Laken Tomlinson,TomlLa01,T,Trent Williams,WillTr21,C,Alex Mack,MackAl20,DE,Samson Ebukam,EbukSa00,DE,Nick Bosa,BosaNi00,DE,Arik Armstead,ArmsAr01,DT,D.J. Jones,,LB,Marcell Harris,HarrMa03,LB,Fred Warner,WarnFr00,LB,Azeez Al-Shaair,AlShAz00,CB,Josh Norman,NormJo01,CB,Ambry Thomas,ThomAm00,DB,Jimmie Ward,WardJi01,S,Jaquiski Tartt,TartJa00,Referee,Craig Wrolstad,Umpire,Steve Woods,Down Judge,Jim Mello,Line Judge,Tripp Sutter,Back Judge,Grantis Bell,Side Judge,Jeff Lamberth,Field Judge,Terry Brown
202112120cle,2021-12-12,Sunday,1:00pm,Cleveland Browns,Baltimore Ravens,cle,rav,24,22,Kevin Stefanski,John Harbaugh,FirstEnergy Stadium,67431,3:09,outdoors,grass,"46 degrees, relative humidity 42%, wind 14 mph",QB,Baker Mayfield,MayfBa00,RB,Nick Chubb,ChubNi00,FB,Andy Janovich,JanoAn00,WR,Jarvis Landry,LandJa00,WR,Donovan Peoples-Jones,PeopDo00,TE,Austin Hooper,HoopAu00,OT,Jedrick Wills Jr.,WillJe04,OT,James Hudson,HudsJa00,G,Joel Bitonio,BitoJo00,G,Wyatt Teller,TellWy00,C,J.C. Tretter,TretJC00,DE,Jadeveon Clowney,ClowJa00,DE,Myles Garrett,GarrMy00,DT,Malik Jackson,JackMa02,DT,Jordan Elliott,ElliJo02,LB,Jeremiah Owusu-Koramoah,OwusJe00,LB,Malcolm Smith,SmitMa02,LB,Sione Takitaki,TakiSi00,CB,Denzel Ward,WardDe02,CB,Greedy Williams,WillGr00,S,John Johnson,JohnJo10,S,Grant Delpit,DelpGr00,QB,Lamar Jackson,JackLa00,RB,Devonta Freeman,FreeDe00,WR,Marquise Brown,BrowMa04,WR,Sammy Watkins,WatkSa00,TE,Eric Tomlinson,TomlEr01,TE,Mark Andrews,AndrMa00,OL,Bradley Bozeman,BozeBr00,OT,Alejandro Villanueva,VillAl00,OG,Kevin Zeitler,ZeitKe00,G,Tyre Phillips,PhilTy00,G,Ben Powers,PoweBe00,DE,Calais Campbell,CampCa99,DT,Nnamdi Madubuike,MaduJu00,DT,Brandon Williams,WillBr02,OLB,Justin Houston,HousJu00,OLB,Tyus Bowser,BowsTy00,LB,Patrick Queen,QueePa00,LB,Josh Bynes,ByneJo00,CB,Chris Westry,WestCh03,CB,Anthony Averett,AverAn00,DB,Brandon Stephens,StepBr01,S,Chuck Clark,ClarCh00,Referee,Brad Rogers,Umpire,Carl Paganelli,Down Judge,Kent Payne,Line Judge,Tom Eaton,Back Judge,Greg Steed,Side Judge,Dominique Pender,Field Judge,Aaron Santi
202112120den,2021-12-12,Sunday,4:05pm,Denver Broncos,Detroit Lions,den,det,38,10,Vic Fangio,Dan Campbell,Empower Field at Mile High,76211,2:54,outdoors,grass,"63 degrees, relative humidity 12%, wind 8 mph",QB,Teddy Bridgewater,BridTe00,RB,Melvin Gordon,GordMe00,WR,Jerry Jeudy,JeudJe00,WR,Tim Patrick,PatrTi00,TE,Noah Fant,FantNo00,OL,Quinn Meinerz,MeinQu02,T,Garett Bolles,BollGa00,T,Bobby Massie,MassBo00,G,Dalton Risner,RisnDa00,C,Lloyd Cushenberry III,CushLl00,DE,Shelby Harris,HarrSh00,DT,DeShawn Williams,WillDe04,NT,Mike Purcell,PurcMi00,OLB,Bradley Chubb,ChubBr00,OLB,Jonathon Cooper,CoopJo02,LB,Kenny Young,YounKe03,LB,Baron Browning,BrowBa01,CB,Patrick Surtain II,SurtPa01,CB,Ronald Darby,DarbRo00,S,Kareem Jackson,JackKa99,S,Justin Simmons,SimmJu00,,,,QB,Jared Goff,GoffJa00,RB,Godwin Igwebuike,IgweGo00,WR,Amon-Ra St. Brown,StxxAm00,WR,Josh Reynolds,ReynJo00,TE,Brock Wright,WrigBr01,T,Taylor Decker,DeckTa00,T,Penei Sewell,SewePe00,T,Matt Nelson,NelsMa00,G,Halapoulivaati Vaitai,VaitHa00,G,Jonah Jackson,JackJo03,C,Ryan McCollum,McCoRy00,DE,Michael Brockers,BrocMi00,DE,Nick Williams,WillNi01,OLB,Jessie Lemonier,LemoJe00,OLB,Charles Harris,HarrCh03,LB,Josh Woods,WoodJo02,LB,Alex Anzalone,AnzaAl00,CB,Amani Oruwariye,OruwAm00,CB,Jerry Jacobs,JacoJe00,S,Dean Marlowe,MarlDe00,S,Will Harris,HarrWi02,S,Jalen Elliott,ElliJa05,Referee,John Hussey,Umpire,Alan Eck,Down Judge,Sarah Thomas,Line Judge,Carl Johnson,Back Judge,Brad Freeman,Side Judge,Allen Baynes,Field Judge,Jabir Walker
202112120gnb,2021-12-12,Sunday,8:20pm,Green Bay Packers,Chicago Bears,gnb,chi,45,30,Matt LaFleur,Matt Nagy,Lambeau Field,78273,3:16,outdoors,grass,"36 degrees, relative humidity 59%, wind 8 mph",QB,Aaron Rodgers,RodgAa00,RB,Aaron Jones,JoneAa00,WR,Marquez Valdes-Scantling,ValdMa00,WR,Davante Adams,AdamDa01,WR,Allen Lazard,LazaAl00,TE,Marcedes Lewis,LewiMa00,T,Billy Turner,TurnBi00,T,Yosh Nijman,NijmYo01,G,Royce Newman,NewmRo00,G,Jon Runyan Jr.,RunyJo00,C,Lucas Patrick,PatrLu00,DE,Dean Lowry,LowrDe00,DE,Kingsley Keke,KekeKi00,DE,Kenny Clark,ClarKe01,LB,Rashan Gary,GaryRa00,LB,Preston Smith,SmitPr00,LB,De'Vondre Campbell,CampDe00,CB,Rasul Douglas,DougRa00,CB,Eric Stokes,StokEr00,CB,Chandon Sullivan,SullCh00,S,Darnell Savage Jr.,SavaDa00,S,Adrian Amos,AmosAd00,QB,Justin Fields,FielJu00,RB,David Montgomery,MontDa01,WR,Allen Robinson,RobiAl02,TE,Cole Kmet,KmetCo00,TE,Jimmy Graham,GrahJi00,TE,Jesse James,JameJe00,T,Larry Borom,BoroLa00,T,Jason Peters,PeteJa21,G,Cody Whitehair,WhitCo03,G,James Daniels,DaniJa01,C,Sam Mustipher,MustSa01,DE,Angelo Blackson,BlacAn00,DT,Bilal Nichols,NichBi00,LB,Bruce Irvin,IrviBr00,LB,Alec Ogletree,OgleAl00,LB,Robert Quinn,QuinRo00,LB,Roquan Smith,SmitRo07,DB,Eddie Jackson,JackEd01,DB,Jaylon Johnson,JohnJa13,DB,Tashaun Gipson,GipsTa00,DB,Xavier Crawford,CrawXa00,DB,Artie Burns,BurnAr00,Referee,Ron Torbert,Umpire,Mark Pellis,Down Judge,Kevin Codey,Line Judge,Mark Steinkerchner,Back Judge,Tony Josselyn,Side Judge,Keith Washington,Field Judge,Ryan Dickson
202112120htx,2021-12-12,Sunday,1:00pm,Houston Texans,Seattle Seahawks,htx,sea,13,33,David Culley,Pete Carroll,NRG Stadium,67610,3:16,retractable roof (open),astroturf,,QB,Davis Mills,MillDa02,RB,Rex Burkhead,BurkRe00,WR,Nico Collins,CollNi00,WR,Brandin Cooks,CookBr00,TE,Pharaoh Brown,BrowPh01,TE,Antony Auclair,AuclAn00,OL,Justin Britt,BritJu00,OL,Lane Taylor,TaylLa01,OL,Justin McCray,McCrJu00,OL,Tytus Howard,HowaTy00,T,Charlie Heck,HeckCh00,DE,Jacob Martin,MartJa02,DE,Jonathan Greenard,GreeJo04,DT,Roy Lopez,LopeRo00,DT,Maliek Collins,CollMa00,LB,Christian Kirksey,KirkCh00,LB,Kamu Grugier-Hill,GrugKa00,DB,Tavierre Thomas,ThomTa01,DB,Justin Reid,ReidJu00,DB,Eric Murray,MurrEr00,DB,Terrance Mitchell,MitcTe00,DB,Desmond King,KingDe01,QB,Russell Wilson,WilsRu00,RB,Rashaad Penny,PennRa00,WR,Freddie Swain,SwaiFr00,WR,Tyler Lockett,LockTy00,WR,D.K. Metcalf,MetcDK00,TE,Will Dissly,DissWi00,OL,Ethan Pocic,PociEt00,T,Duane Brown,BrowDu20,T,Jake Curhan,CurhJa00,G,Gabe Jackson,JackGa00,G,Damien Lewis,LewiDa05,DE,Benson Mayowa,MayoBe00,DE,Darrell Taylor,TaylDa00,DE,Rasheem Green,GreeRa01,DT,Poona Ford,FordPo00,DT,Al Woods,WoodAl99,LB,Jordyn Brooks,BrooJo01,LB,Bobby Wagner,WagnBo00,CB,Sidney Jones,JoneSi00,CB,D.J. Reed,,SS,Ryan Neal,NealRy00,FS,Quandre Diggs,DiggQu00,Referee,Adrian Hill,Umpire,Roy Ellison,Down Judge,David Oliver,Line Judge,Mark Stewart,Back Judge,Keith Ferguson,Side Judge,Jim Quirk,Field Judge,Mearl Robinson
202112120kan,2021-12-12,Sunday,1:00pm,Kansas City Chiefs,Las Vegas Raiders,kan,rai,48,9,Andy Reid,Rich Bisaccia,GEHA Field at Arrowhead Stadium,73278,2:59,outdoors,grass,"47 degrees, relative humidity 34%, wind 19 mph",QB,Patrick Mahomes,MahoPa00,RB,Clyde Edwards-Helaire,EdwaCl00,WR,Josh Gordon,GordJo02,WR,Tyreek Hill,HillTy00,TE,Blake Bell,BellBl00,TE,Travis Kelce,KelcTr00,OL,Joe Thuney,ThunJo00,OL,Trey Smith,SmitTr05,OL,Creed Humphrey,HumpCr00,T,Orlando Brown Jr.,BrowOr00,G,Andrew Wylie,WyliAn00,DE,Frank Clark,ClarFr01,DT,Chris Jones,JoneCh09,DT,Jarran Reed,ReedJa02,LB,Melvin Ingram,IngrMe00,LB,Anthony Hitchens,HitcAn00,LB,Willie Gay Jr.,GayJWi00,CB,Mike Hughes,HughMi00,CB,Charvarius Ward,WardCh01,S,Tyrann Mathieu,MathTy00,S,Daniel Sorensen,SoreDa01,S,Juan Thornhill,ThorJu00,QB,Derek Carr,CarrDe02,RB,Josh Jacobs,JacoJo01,WR,Zay Jones,JoneZa00,WR,Hunter Renfrow,RenfHu00,WR,DeSean Jackson,JackDe00,TE,Foster Moreau,MoreFo00,T,Brandon Parker,ParkBr01,T,Alex Leatherwood,LeatAl00,T,Kolton Miller,MillKo00,G,John Simpson,SimpJo00,C,Andre James,JameAn01,DE,Maxx Crosby,CrosMa00,DE,Yannick Ngakoue,NgakYa00,DT,Johnathan Hankins,HankJo00,DT,Quinton Jefferson,JeffQu00,LB,Cory Littleton,LittCo01,LB,Divine Deablo,DeabDi00,CB,Trayvon Mullen,MullTr00,CB,Casey Hayward,HaywCa00,CB,Nate Hobbs,HobbNa00,S,Tre'von Moehrig,MoehTr00,S,Johnathan Abram,AbraJo01,Referee,Brad Allen,Umpire,Bruce Stritesky,Down Judge,Danny Short,Line Judge,Daniel Gallagher,Back Judge,Greg Yette,Side Judge,Boris Cheek,Field Judge,Rick Patterson
202112120nyj,2021-12-12,Sunday,1:00pm,New York Jets,New Orleans Saints,nyj,nor,9,30,Robert Saleh,Sean Payton,MetLife Stadium,69129,3:01,outdoors,fieldturf,"46 degrees, relative humidity 30%, wind 13 mph",QB,Zach Wilson,WilsZa00,RB,Ty Johnson,JohnTy02,WR,Jamison Crowder,CrowJa00,WR,Keelan Cole,ColeKe00,TE,Ryan Griffin,GrifRy00,OL,Laurent Duvernay-Tardif,DuveLa00,OL,Alijah Vera-Tucker,VeraAl00,OL,Morgan Moses,MoseMo00,OL,Connor McGovern,McGoCo00,OL,Dan Feeney,FeenDa00,OT,George Fant,FantGe00,DE,Shaq Lawson,LawsSh00,DT,John Franklin-Myers,FranJo02,DT,Folorunso Fatukasi,FatuFo00,DT,Quinnen Williams,WillQu00,LB,C.J. Mosley,,LB,Quincy Williams,WillQu01,LB,Jarrad Davis,DaviJa01,CB,Bryce Hall,HallBr02,CB,Brandin Echols,EchoBr00,S,Ashtyn Davis,DaviAs00,S,Elijah Riley,RileEl01,QB,Taysom Hill,HillTa00,RB,Tony Jones,JoneTo04,WR,Tre'Quan Smith,SmitTr03,TE,Ethan Wolf,WolfEt00,TE,Nick Vannett,VannNi00,TE,Garrett Griffin,GrifGa00,OL,James Hurst,HursJa00,OL,Erik McCoy,McCoEr01,OL,Cesar Ruiz,RuizCe00,OL,Calvin Throckmorton,ThroCa01,T,Terron Armstead,ArmsTe00,DE,Marcus Davenport,DaveMa00,DE,Jalyn Holmes,HolmJa01,DT,David Onyemata,OnyeDa00,DT,Shy Tuttle,TuttSh00,LB,Demario Davis,DaviDe00,LB,Zack Baun,BaunZa00,LB,Kwon Alexander,AlexKw00,CB,Marshon Lattimore,LattMa01,CB,Paulson Adebo,AdebPa00,SS,Malcolm Jenkins,JenkMa99,S,Marcus Williams,WillMa06,Referee,Land Clark,Umpire,Paul King,Down Judge,Tom Stephan,Line Judge,Brian Bolinger,Back Judge,Greg Meyer,Side Judge,Anthony Flemming,Field Judge,Michael Banks
202112120oti,2021-12-12,Sunday,1:00pm,Tennessee Titans,Jacksonville Jaguars,oti,jax,20,0,Mike Vrabel,Urban Meyer,Nissan Stadium,67808,2:56,outdoors,grass,"45 degrees, relative humidity 58%, no wind",QB,Ryan Tannehill,TannRy00,RB,D'Onta Foreman,ForeDO00,RB,Dontrell Hilliard,HillDo00,WR,Nick Westbrook-Ikhine,WestNi00,WR,Julio Jones,JoneJu02,TE,Geoff Swaim,SwaiGe00,OL,David Quessenberry,QuesDa00,OT,Taylor Lewan,LewaTa00,G,Nate Davis,DaviNa01,G,Rodger Saffold,SaffRo20,C,Ben Jones,JoneBe01,DE,Denico Autry,AutrDe00,DT,Naquan Jones,JoneNa01,DT,Jeffery Simmons,SimmJe01,OLB,Harold Landry,LandHa00,LB,Rashaan Evans,EvanRa01,LB,Jayon Brown,BrowJa06,CB,Elijah Molden,MoldEl00,CB,Kristian Fulton,FultKr00,DB,Amani Hooker,HookAm00,DB,Buster Skrine,SkriBu00,S,Kevin Byard,ByarKe01,QB,Trevor Lawrence,LawrTr00,RB,James Robinson,RobiJa00,WR,Tavon Austin,AustTa00,WR,Laviska Shenault Jr.,ShenLa00,WR,Marvin Jones,JoneMa02,TE,James O'Shaughnessy,O'ShJa00,OL,Andrew Norwell,NorwAn01,OL,Jawaan Taylor,TaylJa02,OL,Tyler Shatley,ShatTy00,OL,Cam Robinson,RobiCa00,OL,Ben Bartch,BartBe00,DE,Josh Hines-Allen,AlleJo03,DE,Roy Robertson-Harris,RobeRo00,DE,Dawuane Smoot,SmooDa00,DT,Malcom Brown,BrowMa01,LB,Myles Jack,JackMy00,LB,Damien Wilson,WilsDa02,CB,Shaquill Griffin,GrifSh00,CB,Tyson Campbell,CampTy01,S,Rayshawn Jenkins,JenkRa00,S,Rudy Ford,FordRu00,S,Andrew Wingard,WingAn01,Referee,Bill Vinovich,Umpire,Tony Michalek,Down Judge,Patrick Holt,Line Judge,Mark Perlman,Back Judge,Jimmy Russell,Side Judge,Jimmy Buchanan,Field Judge,Joe Blubaugh
202112120sdg,2021-12-12,Sunday,4:05pm,Los Angeles Chargers,New York Giants,sdg,nyg,37,21,Brandon Staley,Joe Judge,SoFi Stadium,70240,3:01,dome,matrixturf,,QB,Justin Herbert,HerbJu00,RB,Austin Ekeler,EkelAu00,RB,Justin Jackson,JackJu01,WR,Mike Williams,WillMi07,WR,Josh Palmer,PalmJo00,TE,Jared Cook,CookJa02,T,Rashawn Slater,SlatRa00,T,Michael Schofield,SchoMi00,T,Storm Norton,NortSt00,G,Matt Feiler,FeilMa00,C,Corey Linsley,LinsCo00,DT,Justin Jones,JoneJu03,DT,Jerry Tillery,TillJe00,OLB,Uchenna Nwosu,NwosUc00,OLB,Joey Bosa,BosaJo00,LB,Drue Tranquill,TranDr00,LB,Kyzir White,WhitKy00,CB,Chris Harris Jr.,HarrCh01,CB,Michael Davis,DaviMi03,CB,Tevaughn Campbell,CampTe00,DB,Trey Marshall,MarsTr00,S,Nasir Adderley,AddeNa00,QB,Mike Glennon,GlenMi00,RB,Saquon Barkley,BarkSa00,WR,Kenny Golladay,GollKe00,TE,Kyle Rudolph,RudoKy00,TE,Evan Engram,EngrEv00,TE,Chris Myarick,MyarCh00,OL,Billy Price,PricBi01,T,Nate Solder,SoldNa00,T,Andrew Thomas,ThomAn02,G,Will Hernandez,HernWi00,C,Matt Skura,SkurMa01,DE,Leonard Williams,WillLe02,DT,Dexter Lawrence,LawrDe03,DT,Austin Johnson,JohnAu01,LB,Reggie Ragland,RaglRe00,LB,Tae Crowder,CrowTa00,LB,Lorenzo Carter,CartLo01,CB,James Bradberry,BradJa00,CB,Aaron Robinson,RobiAa00,DB,Logan Ryan,RyanLo00,S,Xavier McKinney,McKiXa00,S,Julian Love,LoveJu00,Referee,Tony Corrente,Umpire,Dan Ferrell,Down Judge,Patrick Turner,Line Judge,Tim Podraza,Back Judge,Todd Prukop,Side Judge,Don Willard,Field Judge,Anthony Jefferies
202112120tam,2021-12-12,Sunday,4:25pm,Tampa Bay Buccaneers,Buffalo Bills,tam,buf,33,27,Bruce Arians,Sean McDermott,Raymond James Stadium,,3:29,outdoors,grass,"82 degrees, relative humidity 66%, wind 4 mph",QB,Tom Brady,BradTo00,RB,Leonard Fournette,FourLe00,WR,Tyler Johnson,JohnTy00,WR,Chris Godwin,GodwCh00,WR,Mike Evans,EvanMi00,TE,Rob Gronkowski,GronRo00,T,Tristan Wirfs,WirfTr00,T,Donovan Smith,SmitDo02,G,Alex Cappa,CappAl00,G,Ali Marpet,MarpAl00,C,Ryan Jensen,JensRy00,DT,Ndamukong Suh,SuhxNd99,DT,Vita Vea,VeaxVi00,OLB,Jason Pierre-Paul,PierJa99,OLB,Shaquil Barrett,BarrSh00,MLB,Lavonte David,DaviLa00,LB,Devin White,WhitDe02,CB,Jamel Dean,DeanJa00,CB,Carlton Davis,DaviCa02,CB,Sean Murphy-Bunting,BuntSe00,S,Antoine Winfield Jr.,WinfAn00,S,Andrew Adams,AdamAn00,QB,Josh Allen,AlleJo02,RB,Devin Singletary,SingDe00,WR,Cole Beasley,BeasCo00,WR,Emmanuel Sanders,SandEm00,WR,Stefon Diggs,DiggSt00,TE,Dawson Knox,KnoxDa00,T,Dion Dawkins,DawkDi00,T,Spencer Brown,BrowSp00,G,Ike Boettger,BoetIk00,G,Daryl Williams,WillDa06,C,Mitch Morse,MorsMi00,DE,Jerry Hughes,HughJe99,DE,Gregory Rousseau,RousGr00,DT,Ed Oliver,OlivEd00,DT,Harrison Phillips,PhilHa00,LB,Tremaine Edmunds,EdmuTr01,LB,Matt Milano,MilaMa00,CB,Dane Jackson,JackDa02,CB,Taron Johnson,JohnTa01,CB,Levi Wallace,WallLe00,S,Micah Hyde,HydeMi00,S,Jordan Poyer,PoyeJo00,Referee,Scott Novak,Umpire,Ramon George,Down Judge,Derick Bowers,Line Judge,Walt Coleman IV,Back Judge,Terrence Miles,Side Judge,David Meslow,Field Judge,Mike Weatherford
202112120was,2021-12-12,Sunday,1:00pm,Washington Football Team,Dallas Cowboys,was,dal,20,27,Ron Rivera,Mike McCarthy,FedExField,61308,3:29,outdoors,grass,"48 degrees, relative humidity 32%, wind 17 mph",QB,Taylor Heinicke,HeinTa00,RB,Antonio Gibson,GibsAn00,WR,Dyami Brown,BrowDy00,WR,Adam Humphries,HumpAd00,WR,Terry McLaurin,McLaTe00,TE,John Bates,BateJo00,T,Ereck Flowers,FlowEr00,T,Charles Leno Jr.,LenoCh00,T,Cornelius Lucas,LucaCo01,G,Brandon Scherff,ScheBr00,C,Tyler Larsen,LarsTy00,DE,Shaka Toney,ToneSh00,DT,Daniel Wise,WiseDa01,DT,Jonathan Allen,AlleJo01,DT,Daron Payne,PaynDa00,DT,Matthew Ioannidis,IoanMa01,LB,David Mayo,MayoDa00,LB,Cole Holcomb,HolcCo00,CB,Bobby McCain,McCaBo01,CB,William Jackson III,JackWi02,CB,Kendall Fuller,FullKe00,S,Landon Collins,CollLa00,QB,Dak Prescott,PresDa01,RB,Ezekiel Elliott,ElliEz00,WR,Amari Cooper,CoopAm00,WR,Michael Gallup,GallMi00,TE,Jeremy Sprinkle,SpriJe00,T,Tyron Smith,SmitTy00,T,La'el Collins,CollLa01,G,Zack Martin,MartZa00,G,Connor McGovern,McGoCo01,G,Connor Williams,WillCo00,C,Tyler Biadasz,BiadTy00,DE,Carlos Watkins,WatkCa00,DE,Randy Gregory,GregRa00,DE,DeMarcus Lawrence,LawrDe00,DT,Osa Odighizuwa,OdigOs00,LB,Leighton Vander Esch,VandLe00,LB,Micah Parsons,ParsMi00,CB,Jourdan Lewis,LewiJo01,CB,Trevon Diggs,DiggTr00,CB,Anthony Brown,BrowAn02,S,Jayron Kearse,KearJa00,S,Damontae Kazee,KazeDa00,Referee,Alex Kemp,Umpire,Rich Hall,Down Judge,Mike Carr,Line Judge,Jeff Bergman,Back Judge,Scott Helverson,Side Judge,Dale Shaw,Field Judge,John Jenkins
202112130crd,2021-12-13,Monday,8:15pm,Arizona Cardinals,Los Angeles Rams,crd,ram,23,30,Kliff Kingsbury,Sean McVay,State Farm Stadium,63999,3:01,retractable roof (open),grass,,QB,Kyler Murray,MurrKy00,RB,James Conner,ConnJa00,WR,Rondale Moore,MoorRo02,WR,DeAndre Hopkins,HopkDe00,WR,Christian Kirk,KirkCh01,TE,Zach Ertz,ErtzZa00,T,Kelvin Beachum,BeacKe00,T,D.J. Humphries,,G,Max Garcia,GarcMa00,G,Sean Harlow,HarlSe00,C,Rodney Hudson,HudsRo00,DE,Zach Allen,AlleZa01,DE,Jordan Phillips,PhilJo01,DT,Corey Peters,PeteCo00,OLB,Chandler Jones,JoneCh03,MLB,Jordan Hicks,HickJo00,LB,Isaiah Simmons,SimmIs00,CB,Byron Murphy,MurpBy00,CB,Robert Alford,AlfoRo00,CB,Marco Wilson,WilsMa04,S,Budda Baker,BakeBu00,S,Jalen Thompson,ThomJa04,QB,Matthew Stafford,StafMa00,RB,Sony Michel,MichSo00,WR,Odell Beckham Jr.,BeckOd00,WR,Cooper Kupp,KuppCo00,WR,Van Jefferson,JeffVa00,TE,Kendall Blanton,BlanKe01,T,Joseph Noteboom,NoteJo00,T,Andrew Whitworth,WhitAn20,G,David Edwards,EdwaDa01,G,Austin Corbett,CorbAu00,C,Coleman Shelton,ShelCo00,DT,Greg Gaines,GainGr00,DT,Aaron Donald,DonaAa00,DT,A'Shawn Robinson,RobiAS00,OLB,Leonard Floyd,FloyLe00,OLB,Von Miller,MillVo00,LB,Ernest Jones,JoneEr01,CB,David Long,LongDa02,CB,Darious Williams,WillDa09,S,Jordan Fuller,FullJo01,S,Taylor Rapp,RappTa00,S,Terrell Burgess,BurgTe00,Referee,Carl Cheffers,Umpire,Tra Blake,Down Judge,Jerry Bergman,Line Judge,Jeff Seeman,Back Judge,Matt Edwards,Side Judge,Eugene Hall,Field Judge,Nathan Jones
202112160sdg,2021-12-16,Thursday,8:20pm,Los Angeles Chargers,Kansas City Chiefs,sdg,kan,28,34,Brandon Staley,Andy Reid,SoFi Stadium,70240,3:12,dome,matrixturf,,QB,Justin Herbert,HerbJu00,RB,Austin Ekeler,EkelAu00,WR,Keenan Allen,AlleKe00,WR,Mike Williams,WillMi07,WR,Josh Palmer,PalmJo00,TE,Stephen Anderson,AndeSt01,T,Storm Norton,NortSt00,T,Trey Pipkins,PipkTr00,G,Matt Feiler,FeilMa00,G,Michael Schofield,SchoMi00,C,Corey Linsley,LinsCo00,DT,Jerry Tillery,TillJe00,DT,Justin Jones,JoneJu03,DT,Linval Joseph,JoseLi99,OLB,Joey Bosa,BosaJo00,OLB,Uchenna Nwosu,NwosUc00,LB,Kyzir White,WhitKy00,CB,Tevaughn Campbell,CampTe00,CB,Chris Harris Jr.,HarrCh01,CB,Michael Davis,DaviMi03,S,Derwin James,JameDe00,S,Nasir Adderley,AddeNa00,QB,Patrick Mahomes,MahoPa00,RB,Clyde Edwards-Helaire,EdwaCl00,WR,Demarcus Robinson,RobiDe01,WR,Byron Pringle,PrinBy00,WR,Tyreek Hill,HillTy00,TE,Travis Kelce,KelcTr00,T,Orlando Brown Jr.,BrowOr00,T,Lucas Niang,NianLu00,G,Trey Smith,SmitTr05,G,Joe Thuney,ThunJo00,C,Creed Humphrey,HumpCr00,DE,Frank Clark,ClarFr01,DT,Derrick Nnadi,NnadDe00,DT,Jarran Reed,ReedJa02,LB,Melvin Ingram,IngrMe00,LB,Anthony Hitchens,HitcAn00,LB,Nick Bolton,BoltNi00,CB,Mike Hughes,HughMi00,CB,Rashad Fenton,FentRa00,CB,Charvarius Ward,WardCh01,S,Tyrann Mathieu,MathTy00,S,Daniel Sorensen,SoreDa01,Referee,Shawn Smith,Umpire,Bryan Neale,Down Judge,Mark Hittner,Line Judge,Michael Dolce,Back Judge,Dino Paganelli,Side Judge,Dave Hawkshaw,Field Judge,Dyrol Prioleau
202112180clt,2021-12-18,Saturday,8:20pm,Indianapolis Colts,New England Patriots,clt,nwe,27,17,Frank Reich,Bill Belichick,Lucas Oil Stadium,66391,2:58,retractable roof (closed),fieldturf,,QB,Carson Wentz,WentCa00,RB,Jonathan Taylor,TaylJo02,WR,T.Y. Hilton,,WR,Michael Pittman Jr.,PittMi01,TE,Jack Doyle,DoylJa00,TE,Mo Alie-Cox,AlieMo00,T,Eric Fisher,FishEr00,T,Braden Smith,SmitBr06,G,Mark Glowinski,GlowMa00,G,Quenton Nelson,NelsQu00,C,Danny Pinter,PintDa00,DE,Al-Quadin Muhammad,MuhaAl00,DE,Kwity Paye,PayeKw00,DT,DeForest Buckner,BuckDe00,DT,Grover Stewart,StewGr00,LB,Bobby Okereke,OkerBo00,LB,Shaquille Leonard,LeonDa00,LB,Zaire Franklin,FranZa00,CB,Xavier Rhodes,RhodXa00,CB,Kenny Moore,MoorKe03,FS,Andrew Sendejo,SendAn00,S,Khari Willis,WillKh00,QB,Mac Jones,JoneMa05,RB,Rhamondre Stevenson,StevRh00,FB,Jakob Johnson,JohnJa12,WR,Nelson Agholor,AghoNe00,WR,Jakobi Meyers,MeyeJa01,TE,Hunter Henry,HenrHu00,T,Isaiah Wynn,WynnIs00,T,Trent Brown,BrowTr02,G,Ted Karras,KarrTe00,G,Shaq Mason,MasoSh01,C,David Andrews,AndrDa00,DT,Lawrence Guy,GuyxLa00,DT,Davon Godchaux,GodcDa00,DT,Carl Davis,DaviCa01,LB,Dont'a Hightower,HighDo01,LB,Matt Judon,JudoMa00,LB,Ja'Whaun Bentley,BentJa00,CB,Jalen Mills,MillJa02,DB,J.C. Jackson,,DB,Kyle Dugger,DuggKy00,DB,Devin McCourty,McCoDe99,DB,Adrian Phillips,PhilAd00,Referee,Carl Cheffers,Umpire,Tra Blake,Down Judge,Jerry Bergman,Line Judge,Jeff Seeman,Back Judge,Matt Edwards,Side Judge,Eugene Hall,Field Judge,Nathan Jones
202112190buf,2021-12-19,Sunday,1:00pm,Buffalo Bills,Carolina Panthers,buf,car,31,14,Sean McDermott,Matt Rhule,Highmark Stadium,65398,3:11,outdoors,a_turf,"30 degrees, relative humidity 69%, wind 8 mph",QB,Josh Allen,AlleJo02,RB,Devin Singletary,SingDe00,WR,Cole Beasley,BeasCo00,WR,Gabe Davis,DaviGa01,WR,Stefon Diggs,DiggSt00,TE,Dawson Knox,KnoxDa00,T,Daryl Williams,WillDa06,T,Spencer Brown,BrowSp00,G,Cody Ford,FordCo00,G,Ike Boettger,BoetIk00,C,Mitch Morse,MorsMi00,DE,Jerry Hughes,HughJe99,DE,Gregory Rousseau,RousGr00,DT,Ed Oliver,OlivEd00,DT,Harrison Phillips,PhilHa00,LB,Tremaine Edmunds,EdmuTr01,LB,Matt Milano,MilaMa00,CB,Dane Jackson,JackDa02,CB,Taron Johnson,JohnTa01,CB,Levi Wallace,WallLe00,S,Micah Hyde,HydeMi00,S,Jordan Poyer,PoyeJo00,QB,Cam Newton,NewtCa00,RB,Chuba Hubbard,HubbCh01,WR,Robbie Chosen,AndeRo04,WR,Brandon Zylstra,ZylsBr00,WR,D.J. Moore,,TE,Ian Thomas,ThomIa00,T,Cameron Erving,ErviCa00,T,Taylor Moton,MotoTa00,G,John Miller,MillJo04,G,Michael Jordan,JordMi01,C,Pat Elflein,ElflPa00,DE,Brian Burns,BurnBr00,DT,DaQuan Jones,JoneDa04,DT,Bravvion Roy,RoyxBr00,OLB,Haason Reddick,ReddHa00,LB,Jermaine Carter Jr.,CartJe00,LB,Shaq Thompson,ThomSh01,CB,C.J. Henderson,HendCJ00,CB,Stephon Gilmore,GilmSt00,DB,Myles Hartsfield,HartMy00,S,Jeremy Chinn,ChinJe00,S,Juston Burris,BurrJu00,Referee,Clete Blakeman,Umpire,Tab Slaughter,Down Judge,Dana McKenzie,Line Judge,Julian Mapp,Back Judge,Perry Paganelli,Side Judge,Clay Reynard,Field Judge,Scott Edwards
202112190den,2021-12-19,Sunday,4:05pm,Denver Broncos,Cincinnati Bengals,den,cin,10,15,Vic Fangio,Zac Taylor,Empower Field at Mile High,76134,3:11,outdoors,grass,"61 degrees, relative humidity 9%, wind 19 mph",QB,Teddy Bridgewater,BridTe00,RB,Melvin Gordon,GordMe00,WR,Courtland Sutton,SuttCo00,WR,Tim Patrick,PatrTi00,WR,Jerry Jeudy,JeudJe00,TE,Noah Fant,FantNo00,T,Bobby Massie,MassBo00,T,Garett Bolles,BollGa00,G,Dalton Risner,RisnDa00,G,Quinn Meinerz,MeinQu02,C,Lloyd Cushenberry III,CushLl00,DE,Shelby Harris,HarrSh00,DT,DeShawn Williams,WillDe04,OLB,Jonathon Cooper,CoopJo02,OLB,Bradley Chubb,ChubBr00,LB,Jonas Griffith,GrifJo01,LB,Baron Browning,BrowBa01,CB,Ronald Darby,DarbRo00,CB,Bryce Callahan,CallBr00,CB,Patrick Surtain II,SurtPa01,S,Kareem Jackson,JackKa99,S,Justin Simmons,SimmJu00,QB,Joe Burrow,BurrJo01,RB,Joe Mixon,MixoJo00,WR,Tyler Boyd,BoydTy00,WR,Ja'Marr Chase,ChasJa00,WR,Tee Higgins,HiggTe00,TE,C.J. Uzomah,,T,Jonah Williams,WillJo10,T,Fred Johnson,JohnFr01,G,Quinton Spain,SpaiQu00,G,Hakeem Adeniji,AdenHa00,C,Trey Hopkins,HopkTr01,DE,Sam Hubbard,HubbSa00,DE,Trey Hendrickson,HendTr00,DT,Larry Ogunjobi,OgunLa00,DT,D.J. Reader,,LB,Germaine Pratt,PratGe00,LB,Joe Bachie,BachJo01,CB,Mike Hilton,HiltMi01,CB,Trae Waynes,WaynTr00,CB,Eli Apple,ApplEl00,S,Vonn Bell,BellVo00,S,Jessie Bates III,BateJe00,Referee,Adrian Hill,Umpire,Roy Ellison,Down Judge,David Oliver,Line Judge,Mark Stewart,Back Judge,Keith Ferguson,Side Judge,Jim Quirk,Field Judge,Mearl Robinson
202112190det,2021-12-19,Sunday,1:00pm,Detroit Lions,Arizona Cardinals,det,crd,30,12,Dan Campbell,Kliff Kingsbury,Ford Field,45211,3:04,dome,fieldturf,,QB,Jared Goff,GoffJa00,RB,Craig Reynolds,ReynCr00,FB,Jason Cabinda,CabiJa00,WR,Amon-Ra St. Brown,StxxAm00,WR,Kalif Raymond,RaymKa00,TE,Brock Wright,WrigBr01,T,Taylor Decker,DeckTa00,T,Penei Sewell,SewePe00,G,Halapoulivaati Vaitai,VaitHa00,G,Tommy Kraemer,KraeTo02,C,Evan Brown,BrowEv00,DE,Michael Brockers,BrocMi00,DE,Nick Williams,WillNi01,OLB,Jessie Lemonier,LemoJe00,OLB,Charles Harris,HarrCh03,LB,Jalen Reeves-Maybin,ReevJa00,LB,Alex Anzalone,AnzaAl00,CB,AJ Parker,ParkAJ00,CB,Amani Oruwariye,OruwAm00,S,C.J. Moore,MoorCJ01,S,Dean Marlowe,MarlDe00,S,Will Harris,HarrWi02,QB,Kyler Murray,MurrKy00,RB,James Conner,ConnJa00,WR,A.J. Green,,WR,Christian Kirk,KirkCh01,WR,Antoine Wesley,WeslAn01,TE,Zach Ertz,ErtzZa00,T,Kelvin Beachum,BeacKe00,T,D.J. Humphries,,G,Justin Pugh,PughJu00,G,Josh Jones,JoneJo07,C,Max Garcia,GarcMa00,DE,Zach Allen,AlleZa01,DE,Jordan Phillips,PhilJo01,DT,Corey Peters,PeteCo00,OLB,Chandler Jones,JoneCh03,OLB,Devon Kennard,KennDe00,OLB,Dennis Gardeck,GardDe01,MLB,Jordan Hicks,HickJo00,LB,Isaiah Simmons,SimmIs00,CB,Marco Wilson,WilsMa04,CB,Byron Murphy,MurpBy00,S,Budda Baker,BakeBu00,Referee,Land Clark,Umpire,Paul King,Down Judge,Tom Stephan,Line Judge,Brian Bolinger,Back Judge,Greg Meyer,Side Judge,Anthony Flemming,Field Judge,Michael Banks
202112190jax,2021-12-19,Sunday,1:00pm,Jacksonville Jaguars,Houston Texans,jax,htx,16,30,Darrell Bevell,David Culley,TIAA Bank Stadium,60252,3:03,outdoors,grass,"80 degrees, relative humidity 71%, wind 12 mph",QB,Trevor Lawrence,LawrTr00,RB,James Robinson,RobiJa00,WR,Laquon Treadwell,TreaLa00,WR,Laviska Shenault Jr.,ShenLa00,WR,Marvin Jones,JoneMa02,TE,James O'Shaughnessy,O'ShJa00,T,Jawaan Taylor,TaylJa02,T,Cam Robinson,RobiCa00,G,Ben Bartch,BartBe00,G,Andrew Norwell,NorwAn01,C,Brandon Linder,LindBr00,DE,Dawuane Smoot,SmooDa00,DE,Roy Robertson-Harris,RobeRo00,DT,Malcom Brown,BrowMa01,DT,DaVon Hamilton,HamiDa02,LB,Myles Jack,JackMy00,LB,K'Lavon Chaisson,ChaiKL00,LB,Damien Wilson,WilsDa02,CB,Shaquill Griffin,GrifSh00,CB,Tyson Campbell,CampTy01,S,Rayshawn Jenkins,JenkRa00,S,Andrew Wingard,WingAn01,QB,Davis Mills,MillDa02,RB,David Johnson,JohnDa08,WR,Nico Collins,CollNi00,WR,Brandin Cooks,CookBr00,TE,Pharaoh Brown,BrowPh01,TE,Antony Auclair,AuclAn00,T,Geron Christian,ChriGe01,T,Charlie Heck,HeckCh00,G,Tytus Howard,HowaTy00,G,Max Scharping,SchaMa01,C,Justin Britt,BritJu00,DE,Derek Rivers,RiveDe00,DE,Jacob Martin,MartJa02,DT,Maliek Collins,CollMa00,DT,Roy Lopez,LopeRo00,LB,Garret Wallow,WallGa00,LB,Neville Hewitt,HewiNe00,CB,Lonnie Johnson Jr.,JohnLo01,DB,Eric Murray,MurrEr00,DB,Jonathan Owens,OwenJo01,DB,Desmond King,KingDe01,DB,Tavierre Thomas,ThomTa01,Referee,Alex Kemp,Umpire,Rich Hall,Down Judge,Mike Carr,Line Judge,Jeff Bergman,Back Judge,Scott Helverson,Side Judge,Dale Shaw,Field Judge,John Jenkins
202112190mia,2021-12-19,Sunday,1:00pm,Miami Dolphins,New York Jets,mia,nyj,31,24,Brian Flores,Robert Saleh,Hard Rock Stadium,66035,3:09,outdoors,grass,"82 degrees, relative humidity 70%, wind 9 mph",QB,Tua Tagovailoa,TagoTu00,RB,Duke Johnson,JohnDu00,WR,DeVante Parker,ParkDe01,WR,Albert Wilson,WilsAl02,TE,Durham Smythe,SmytDu00,TE,Mike Gesicki,GesiMi00,T,Jesse Davis,DaviJe00,T,Liam Eichenberg,EichLi00,G,Austin Jackson,JackAu00,G,Robert Hunt,HuntRo01,C,Michael Deiter,DeitMi00,DE,Emmanuel Ogbah,OgbaEm00,DT,Christian Wilkins,WilkCh00,DT,Raekwon Davis,DaviRa03,LB,Andrew Van Ginkel,VanGAn00,LB,Elandon Roberts,RobeEl00,LB,Jerome Baker,BakeJe00,CB,Justin Coleman,ColeJu01,CB,Nik Needham,NeedNi00,CB,Byron Jones,JoneBy00,CB,Xavien Howard,HowaXa00,S,Brandon Jones,JoneBr06,QB,Zach Wilson,WilsZa00,RB,Michael Carter,CartMi03,WR,Jamison Crowder,CrowJa00,WR,Denzel Mims,MimsDe00,WR,Keelan Cole,ColeKe00,TE,Trevon Wesco,WescTr00,T,Morgan Moses,MoseMo00,T,Conor McDermott,McDeCo00,G,Laurent Duvernay-Tardif,DuveLa00,G,Alijah Vera-Tucker,VeraAl00,C,Connor McGovern,McGoCo00,DE,Bryce Huff,HuffBr00,DT,John Franklin-Myers,FranJo02,DT,Sheldon Rankins,RankSh00,DT,Quinnen Williams,WillQu00,LB,C.J. Mosley,,LB,Quincy Williams,WillQu01,CB,Bryce Hall,HallBr02,CB,Brandin Echols,EchoBr00,CB,Michael Carter II,CartMi02,S,Elijah Riley,RileEl01,S,Ashtyn Davis,DaviAs00,Referee,Ron Torbert,Umpire,Mark Pellis,Down Judge,Kevin Codey,Line Judge,Mark Steinkerchner,Back Judge,Tony Josselyn,Side Judge,Keith Washington,Field Judge,Ryan Dickson
202112190nyg,2021-12-19,Sunday,1:00pm,New York Giants,Dallas Cowboys,nyg,dal,6,21,Joe Judge,Mike McCarthy,MetLife Stadium,77413,3:04,outdoors,fieldturf,"37 degrees, relative humidity 54%, wind 8 mph",QB,Mike Glennon,GlenMi00,RB,Saquon Barkley,BarkSa00,WR,Sterling Shepard,ShepSt00,WR,Kenny Golladay,GollKe00,WR,Collin Johnson,JohnCo01,TE,Kyle Rudolph,RudoKy00,T,Andrew Thomas,ThomAn02,T,Nate Solder,SoldNa00,G,Will Hernandez,HernWi00,G,Matt Skura,SkurMa01,C,Billy Price,PricBi01,DE,Leonard Williams,WillLe02,DT,Austin Johnson,JohnAu01,DT,Dexter Lawrence,LawrDe03,LB,Benardrick McKinney,McKiBe00,LB,Azeez Ojulari,OjulAz00,LB,Tae Crowder,CrowTa00,LB,Lorenzo Carter,CartLo01,CB,Jarren Williams,WillJa09,CB,James Bradberry,BradJa00,DB,Logan Ryan,RyanLo00,S,Xavier McKinney,McKiXa00,QB,Dak Prescott,PresDa01,RB,Ezekiel Elliott,ElliEz00,WR,Amari Cooper,CoopAm00,WR,Michael Gallup,GallMi00,TE,Jeremy Sprinkle,SpriJe00,TE,Dalton Schultz,SchuDa00,T,La'el Collins,CollLa01,T,Terence Steele,SteeTe01,G,Connor Williams,WillCo00,G,Zack Martin,MartZa00,C,Tyler Biadasz,BiadTy00,DE,DeMarcus Lawrence,LawrDe00,DE,Carlos Watkins,WatkCa00,DE,Randy Gregory,GregRa00,DT,Neville Gallimore,GallNe00,LB,Micah Parsons,ParsMi00,LB,Leighton Vander Esch,VandLe00,CB,Jourdan Lewis,LewiJo01,CB,Trevon Diggs,DiggTr00,CB,Anthony Brown,BrowAn02,S,Jayron Kearse,KearJa00,S,Damontae Kazee,KazeDa00,Referee,Jerome Boger,Umpire,Barry Anderson,Down Judge,Frank LeBlanc,Line Judge,Rusty Baynes,Back Judge,Steve Patrick,Side Judge,Jonah Monroe,Field Judge,Steve Zimmer
202112190pit,2021-12-19,Sunday,1:00pm,Pittsburgh Steelers,Tennessee Titans,pit,oti,19,13,Mike Tomlin,Mike Vrabel,Heinz Field,59521,3:09,outdoors,grass,"32 degrees, relative humidity 74%, wind 11 mph",QB,Ben Roethlisberger,RoetBe00,RB,Najee Harris,HarrNa00,WR,Chase Claypool,ClayCh01,WR,Diontae Johnson,JohnDi01,TE,Zach Gentry,GentZa00,TE,Pat Freiermuth,FreiPa00,T,Chukwuma Okorafor,OkorCh00,T,Dan Moore,MoorDa05,G,Trai Turner,TurnTr01,G,John Leglue,LeglJo00,C,Kendrick Green,GreeKe02,DE,Henry Mondeaux,MondHe00,DT,Cameron Heyward,HeywCa01,DT,Chris Wormley,WormCh00,LB,Alex Highsmith,HighAl02,LB,Devin Bush Jr.,BushDe01,LB,Joe Schobert,SchoJo00,LB,T.J. Watt,,CB,Cameron Sutton,SuttCa00,CB,Joe Haden,HadeJo99,S,Terrell Edmunds,EdmuTe00,S,Minkah Fitzpatrick,FitzMi00,QB,Ryan Tannehill,TannRy00,RB,Dontrell Hilliard,HillDo00,WR,Nick Westbrook-Ikhine,WestNi00,WR,Julio Jones,JoneJu02,TE,Geoff Swaim,SwaiGe00,TE,MyCole Pruitt,PruiMy00,T,David Quessenberry,QuesDa00,T,Taylor Lewan,LewaTa00,G,Nate Davis,DaviNa01,G,Aaron Brewer,BrewAa01,C,Ben Jones,JoneBe01,DT,Naquan Jones,JoneNa01,DT,Jeffery Simmons,SimmJe01,DT,Kyle Peko,PekoKy00,OLB,Harold Landry,LandHa00,OLB,Bud Dupree,DuprAl00,LB,Rashaan Evans,EvanRa01,LB,Zach Cunningham,CunnZa00,CB,Kristian Fulton,FultKr00,DB,Amani Hooker,HookAm00,DB,Buster Skrine,SkriBu00,S,Kevin Byard,ByarKe01,Referee,Brad Rogers,Umpire,Carl Paganelli,Down Judge,Kent Payne,Line Judge,Tom Eaton,Back Judge,Greg Steed,Side Judge,Dominique Pender,Field Judge,Aaron Santi
202112190rav,2021-12-19,Sunday,1:00pm,Baltimore Ravens,Green Bay Packers,rav,gnb,30,31,John Harbaugh,Matt LaFleur,M&amp;T Bank Stadium,70815,3:06,outdoors,grass,"43 degrees, relative humidity 52%, wind 11 mph",QB,Tyler Huntley,HuntTy01,RB,Latavius Murray,MurrLa00,WR,Marquise Brown,BrowMa04,WR,Devin Duvernay,DuveDe00,TE,Nick Boyle,BoylNi00,TE,Eric Tomlinson,TomlEr01,T,Alejandro Villanueva,VillAl00,T,Tyre Phillips,PhilTy00,G,Kevin Zeitler,ZeitKe00,G,Ben Cleveland,ClevBe00,C,Bradley Bozeman,BozeBr00,DT,Nnamdi Madubuike,MaduJu00,DT,Brandon Williams,WillBr02,OLB,Justin Houston,HousJu00,OLB,Tyus Bowser,BowsTy00,LB,Patrick Queen,QueePa00,LB,Josh Bynes,ByneJo00,CB,Anthony Averett,AverAn00,CB,Tavon Young,YounTa01,DB,Brandon Stephens,StepBr01,DB,Anthony Levine,LeviAn00,S,Geno Stone,StonGe00,QB,Aaron Rodgers,RodgAa00,RB,Aaron Jones,JoneAa00,WR,Davante Adams,AdamDa01,WR,Allen Lazard,LazaAl00,TE,Josiah Deguara,DeguJo00,TE,Marcedes Lewis,LewiMa00,T,Dennis Kelly,KellDe00,T,Yosh Nijman,NijmYo01,G,Royce Newman,NewmRo00,G,Jon Runyan Jr.,RunyJo00,C,Lucas Patrick,PatrLu00,DE,Kingsley Keke,KekeKi00,DE,Dean Lowry,LowrDe00,DT,Tyler Lancaster,LancTy00,LB,Rashan Gary,GaryRa00,LB,Preston Smith,SmitPr00,LB,De'Vondre Campbell,CampDe00,LB,Krys Barnes,BarnKr00,CB,Eric Stokes,StokEr00,CB,Rasul Douglas,DougRa00,S,Darnell Savage Jr.,SavaDa00,S,Adrian Amos,AmosAd00,Referee,Brad Allen,Umpire,Bruce Stritesky,Down Judge,Danny Short,Line Judge,Daniel Gallagher,Back Judge,Greg Yette,Side Judge,Boris Cheek,Field Judge,Rick Patterson
202112190sfo,2021-12-19,Sunday,4:05pm,San Francisco 49ers,Atlanta Falcons,sfo,atl,31,13,Kyle Shanahan,Arthur Smith,Levi's Stadium,71650,2:51,outdoors,grass,"46 degrees, relative humidity 81%, no wind",QB,Jimmy Garoppolo,GaroJi00,RB,Jeff Wilson,WilsJe01,FB,Kyle Juszczyk,JuszKy00,WR,Brandon Aiyuk,AiyuBr00,TE,Charlie Woerner,WoerCh00,TE,George Kittle,KittGe00,T,Tom Compton,CompTo00,T,Trent Williams,WillTr21,G,Daniel Brunskill,BrunDa00,G,Laken Tomlinson,TomlLa01,C,Alex Mack,MackAl20,DE,Samson Ebukam,EbukSa00,DE,Nick Bosa,BosaNi00,DE,Arik Armstead,ArmsAr01,DT,D.J. Jones,,LB,Marcell Harris,HarrMa03,LB,Fred Warner,WarnFr00,CB,Josh Norman,NormJo01,CB,Ambry Thomas,ThomAm00,CB,K'Waun Williams,WillKW00,DB,Jimmie Ward,WardJi01,S,Jaquiski Tartt,TartJa00,QB,Matt Ryan,RyanMa00,RB,Cordarrelle Patterson,PattCo00,WR,Russell Gage,GageRu00,WR,Olamide Zaccheaus,ZaccOl01,WR,Tajae Sharpe,SharTa00,TE,Kyle Pitts,PittKy00,T,Jake Matthews,MattJa00,T,Kaleb McGary,McGaKa00,G,Chris Lindstrom,LindCh00,G,Jalen Mayfield,MayfJa00,C,Matt Hennessy,HennMa00,DT,Ta'Quon Graham,GrahTa00,DT,Anthony Rush,RushAn00,DT,Grady Jarrett,JarrGr00,OLB,Adetokunbo Ogundeji,OgunAd01,OLB,Steven Means,MeanSt00,MLB,Foyesade Oluokun,OluoFo00,MLB,Deion Jones,JoneDe01,CB,Fabian Moreau,MoreFa00,CB,AJ Terrell,TerrAJ00,SS,Jaylinn Hawkins,HawkJa00,S,Duron Harmon,HarmDu00,Referee,Clay Martin,Umpire,Fred Bryan,Down Judge,Jerod Phillips,Line Judge,Maia Chaka,Back Judge,Greg Wilson,Side Judge,Joe Larrew,Field Judge,James Coleman
202112190tam,2021-12-19,Sunday,8:20pm,Tampa Bay Buccaneers,New Orleans Saints,tam,nor,0,9,Bruce Arians,Sean Payton,Raymond James Stadium,65744,2:54,outdoors,grass,"75 degrees, relative humidity 99%, no wind",QB,Tom Brady,BradTo00,RB,Leonard Fournette,FourLe00,WR,Tyler Johnson,JohnTy00,WR,Chris Godwin,GodwCh00,WR,Mike Evans,EvanMi00,TE,Rob Gronkowski,GronRo00,T,Tristan Wirfs,WirfTr00,T,Donovan Smith,SmitDo02,G,Alex Cappa,CappAl00,G,Ali Marpet,MarpAl00,C,Ryan Jensen,JensRy00,DE,William Gholston,GholWi00,DT,Ndamukong Suh,SuhxNd99,DT,Vita Vea,VeaxVi00,OLB,Jason Pierre-Paul,PierJa99,OLB,Shaquil Barrett,BarrSh00,MLB,Lavonte David,DaviLa00,LB,Devin White,WhitDe02,CB,Carlton Davis,DaviCa02,CB,Sean Murphy-Bunting,BuntSe00,S,Jordan Whitehead,WhitJo03,S,Andrew Adams,AdamAn00,QB,Taysom Hill,HillTa00,RB,Alvin Kamara,KamaAl00,WR,Marquez Callaway,CallMa01,WR,Tre'Quan Smith,SmitTr03,WR,Lil'Jordan Humphrey,HumpLi01,TE,Juwan Johnson,JohnJu02,T,James Hurst,HursJa00,T,Jordan Mills,MillJo02,G,Calvin Throckmorton,ThroCa01,G,Cesar Ruiz,RuizCe00,C,Erik McCoy,McCoEr01,DE,Marcus Davenport,DaveMa00,DE,Cameron Jordan,JordCa00,DT,Shy Tuttle,TuttSh00,DT,David Onyemata,OnyeDa00,LB,Kwon Alexander,AlexKw00,LB,Demario Davis,DaviDe00,CB,Marshon Lattimore,LattMa01,CB,Paulson Adebo,AdebPa00,SS,Malcolm Jenkins,JenkMa99,S,C.J. Gardner-Johnson,GardCh00,S,Marcus Williams,WillMa06,Referee,John Hussey,Umpire,Alan Eck,Down Judge,Sarah Thomas,Line Judge,Carl Johnson,Back Judge,Brad Freeman,Side Judge,Allen Baynes,Field Judge,Jabir Walker
202112200chi,2021-12-20,Monday,8:15pm,Chicago Bears,Minnesota Vikings,chi,min,9,17,Matt Nagy,Mike Zimmer,Soldier Field,60082,3:06,outdoors,grass,"37 degrees, relative humidity 75%, wind 8 mph",QB,Justin Fields,FielJu00,RB,David Montgomery,MontDa01,WR,Damiere Byrd,ByrdDa00,WR,Darnell Mooney,MoonDa00,TE,Cole Kmet,KmetCo00,TE,Jimmy Graham,GrahJi00,T,Germain Ifedi,IfedGe00,T,Teven Jenkins,JenkTe00,G,James Daniels,DaniJa01,G,Cody Whitehair,WhitCo03,C,Sam Mustipher,MustSa01,DT,Eddie Goldman,GoldEd00,DT,Akiem Hicks,HickAk00,DT,Bilal Nichols,NichBi00,LB,Trevis Gipson,GipsTr00,LB,Alec Ogletree,OgleAl00,LB,Robert Quinn,QuinRo00,LB,Roquan Smith,SmitRo07,DB,Thomas Graham,GrahTh00,DB,Deon Bush,BushDe00,DB,Teez Tabor,TaboTe00,DB,Kindle Vildor,VildKi00,QB,Kirk Cousins,CousKi00,RB,Dalvin Cook,CookDa01,FB,C.J. Ham,,WR,K.J. Osborn,OsboKJ00,WR,Justin Jefferson,JeffJu00,TE,Tyler Conklin,ConkTy00,T,Brian O'Neill,ONeiBr00,T,Christian Darrisaw,DarrCh00,G,Ezra Cleveland,ClevEz00,G,Mason Cole,ColeMa02,C,Garrett Bradbury,BradGa00,DE,D.J. Wonnum,WonnDJ00,DT,Dalvin Tomlinson,TomlDa00,DT,Michael Pierce,PierMi00,DT,Sheldon Richardson,RichSh00,LB,Nick Vigil,VigiNi00,LB,Eric Kendricks,KendEr00,LB,Anthony Barr,BarrAn00,CB,Patrick Peterson,PetePa00,CB,Cameron Dantzler,DantCa00,S,Harrison Smith,SmitHa00,S,Xavier Woods,WoodXa00,Referee,Scott Novak,Umpire,Ramon George,Down Judge,Derick Bowers,Line Judge,Walt Coleman IV,Back Judge,Terrence Miles,Side Judge,David Meslow,Field Judge,Greg Gautreaux
202112200cle,2021-12-20,Monday,5:00pm,Cleveland Browns,Las Vegas Raiders,cle,rai,14,16,Kevin Stefanski,Rich Bisaccia,FirstEnergy Stadium,,2:58,outdoors,grass,"40 degrees, relative humidity 47%, wind 8 mph",QB,Nick Mullens,MullNi00,RB,Nick Chubb,ChubNi00,RB,Demetric Felton,FeltDe00,WR,Donovan Peoples-Jones,PeopDo00,WR,Rashard Higgins,HiggRa00,TE,David Njoku,NjokDa00,T,Blake Hance,HancBl00,T,Joel Bitonio,BitoJo00,G,Michael Dunn,DunnMi01,G,Wyatt Teller,TellWy00,C,J.C. Tretter,TretJC00,DE,Takkarist McKinley,McKiTa00,DE,Myles Garrett,GarrMy00,DT,Malik Jackson,JackMa02,DT,Jordan Elliott,ElliJo02,LB,Jeremiah Owusu-Koramoah,OwusJe00,LB,Malcolm Smith,SmitMa02,LB,Sione Takitaki,TakiSi00,CB,Denzel Ward,WardDe02,CB,Greedy Williams,WillGr00,S,John Johnson,JohnJo10,S,M.J. Stewart,,QB,Derek Carr,CarrDe02,RB,Josh Jacobs,JacoJo01,WR,Bryan Edwards,EdwaBr01,WR,Zay Jones,JoneZa00,TE,Foster Moreau,MoreFo00,TE,Daniel Helm,HelmDa01,T,Brandon Parker,ParkBr01,T,Kolton Miller,MillKo00,G,John Simpson,SimpJo00,G,Alex Leatherwood,LeatAl00,C,Andre James,JameAn01,DE,Maxx Crosby,CrosMa00,DE,Yannick Ngakoue,NgakYa00,DT,Quinton Jefferson,JeffQu00,DT,Johnathan Hankins,HankJo00,LB,Divine Deablo,DeabDi00,LB,K.J. Wright,,CB,Casey Hayward,HaywCa00,CB,Keisean Nixon,NixoKe00,CB,Brandon Facyson,FacyBr00,S,Johnathan Abram,AbraJo01,S,Tre'von Moehrig,MoehTr00,Referee,Craig Wrolstad,Umpire,Steve Woods,Down Judge,Jim Mello,Line Judge,Tripp Sutter,Back Judge,Grantis Bell,Side Judge,Gary Cavaletto,Field Judge,Terry Brown
202112210phi,2021-12-21,Tuesday,7:00pm,Philadelphia Eagles,Washington Football Team,phi,was,27,17,Nick Sirianni,Ron Rivera,Lincoln Financial Field,69796,3:01,outdoors,grass,"42 degrees, relative humidity 57%, wind 7 mph",QB,Jalen Hurts,HurtJa00,RB,Miles Sanders,SandMi01,WR,DeVonta Smith,SmitDe07,WR,Jalen Reagor,ReagJa00,TE,Jack Stoll,StolJa00,TE,Dallas Goedert,GoedDa00,T,Lane Johnson,JohnLa01,T,Jordan Mailata,MailJo00,G,Nate Herbig,HerbNa01,G,Sua Opeta,OpetIo00,C,Jason Kelce,KelcJa00,DE,Derek Barnett,BarnDe01,DE,Josh Sweat,SweaJo00,DT,Javon Hargrave,HargJa00,DT,Fletcher Cox,CoxxFl00,LB,T.J. Edwards,EdwaTJ02,LB,Genard Avery,AverGe00,CB,Steven Nelson,NelsSt01,CB,Avonte Maddox,MaddAv00,CB,Darius Slay,SlayDa00,S,Rodney McLeod,McLeRo00,S,Anthony Harris,HarrAn01,QB,Garrett Gilbert,GilbGa01,RB,Antonio Gibson,GibsAn00,WR,Terry McLaurin,McLaTe00,WR,DeAndre Carter,CartDe02,WR,Adam Humphries,HumpAd00,TE,John Bates,BateJo00,OL,Samuel Cosmi,CosmSa00,T,Ereck Flowers,FlowEr00,T,Saahdiq Charles,CharSa00,T,Charles Leno Jr.,LenoCh00,C,Keith Ismael,IsmaKe00,DE,Montez Sweat,SweaMo00,DE,Casey Toohill,ToohCa00,DT,Jonathan Allen,AlleJo01,DT,Daron Payne,PaynDa00,LB,Jamin Davis,DaviJa11,LB,Cole Holcomb,HolcCo00,CB,William Jackson III,JackWi02,CB,Bobby McCain,McCaBo01,CB,Darryl Roberts,RobeDa00,DB,Jeremy Reaves,ReavJe00,S,Landon Collins,CollLa00,Referee,Tony Corrente,Umpire,Dan Ferrell,Down Judge,Patrick Turner,Line Judge,Tim Podraza,Back Judge,Todd Prukop,Side Judge,Don Willard,Field Judge,Anthony Jefferies
202112210ram,2021-12-21,Tuesday,7:00pm,Los Angeles Rams,Seattle Seahawks,ram,sea,20,10,Sean McVay,Pete Carroll,SoFi Stadium,71565,2:53,dome,matrixturf,,QB,Matthew Stafford,StafMa00,RB,Sony Michel,MichSo00,WR,Odell Beckham Jr.,BeckOd00,WR,Cooper Kupp,KuppCo00,WR,Van Jefferson,JeffVa00,TE,Kendall Blanton,BlanKe01,T,Bobby Evans,EvanBo00,T,Andrew Whitworth,WhitAn20,G,Austin Corbett,CorbAu00,G,David Edwards,EdwaDa01,C,Brian Allen,AlleBr02,DT,Greg Gaines,GainGr00,DT,Aaron Donald,DonaAa00,DT,A'Shawn Robinson,RobiAS00,OLB,Von Miller,MillVo00,OLB,Leonard Floyd,FloyLe00,LB,Troy Reeder,ReedTr01,LB,Ernest Jones,JoneEr01,CB,Jalen Ramsey,RamsJa00,CB,Darious Williams,WillDa09,S,Taylor Rapp,RappTa00,S,Nick Scott,ScotNi01,QB,Russell Wilson,WilsRu00,RB,Rashaad Penny,PennRa00,WR,Freddie Swain,SwaiFr00,WR,D.K. Metcalf,MetcDK00,TE,Will Dissly,DissWi00,TE,Gerald Everett,EverGe00,T,Duane Brown,BrowDu20,T,Jake Curhan,CurhJa00,G,Gabe Jackson,JackGa00,G,Damien Lewis,LewiDa05,C,Ethan Pocic,PociEt00,DE,Rasheem Green,GreeRa01,DE,Darrell Taylor,TaylDa00,DT,Poona Ford,FordPo00,DT,Al Woods,WoodAl99,LB,Bobby Wagner,WagnBo00,LB,Jordyn Brooks,BrooJo01,CB,Sidney Jones,JoneSi00,SS,Ryan Neal,NealRy00,FS,Ugo Amadi,AmadUg00,FS,Quandre Diggs,DiggQu00,DB,Blessuan Austin,AustBl00,Referee,Shawn Hochuli,Umpire,Terry Killens,Down Judge,Ed Camp,Line Judge,Greg Bradley,Back Judge,Rich Martinez,Side Judge,Chad Hill,Field Judge,Tom Hill
202112230oti,2021-12-23,Thursday,8:20pm,Tennessee Titans,San Francisco 49ers,oti,sfo,20,17,Mike Vrabel,Kyle Shanahan,Nissan Stadium,69361,3:50,outdoors,grass,"48 degrees, relative humidity 46%, wind 7 mph",QB,Ryan Tannehill,TannRy00,RB,Dontrell Hilliard,HillDo00,WR,A.J. Brown,BrowAJ00,WR,Julio Jones,JoneJu02,TE,Geoff Swaim,SwaiGe00,TE,MyCole Pruitt,PruiMy00,T,Dillon Radunz,RaduDi00,T,David Quessenberry,QuesDa00,G,Aaron Brewer,BrewAa01,G,Nate Davis,DaviNa01,C,Ben Jones,JoneBe01,DT,Teair Tart,TartTe00,DT,Jeffery Simmons,SimmJe01,DT,Naquan Jones,JoneNa01,OLB,Harold Landry,LandHa00,OLB,Bud Dupree,DuprAl00,LB,Zach Cunningham,CunnZa00,LB,Rashaan Evans,EvanRa01,CB,Kristian Fulton,FultKr00,DB,Amani Hooker,HookAm00,DB,Buster Skrine,SkriBu00,S,Kevin Byard,ByarKe01,QB,Jimmy Garoppolo,GaroJi00,RB,Jeff Wilson,WilsJe01,FB,Kyle Juszczyk,JuszKy00,WR,Deebo Samuel,SamuDe00,WR,Brandon Aiyuk,AiyuBr00,TE,George Kittle,KittGe00,T,Tom Compton,CompTo00,T,Trent Williams,WillTr21,G,Daniel Brunskill,BrunDa00,G,Laken Tomlinson,TomlLa01,C,Alex Mack,MackAl20,DE,Samson Ebukam,EbukSa00,DE,Nick Bosa,BosaNi00,DE,Arik Armstead,ArmsAr01,DT,D.J. Jones,,LB,Marcell Harris,HarrMa03,LB,Fred Warner,WarnFr00,LB,Azeez Al-Shaair,AlShAz00,CB,Josh Norman,NormJo01,CB,Ambry Thomas,ThomAm00,DB,Jimmie Ward,WardJi01,S,Jaquiski Tartt,TartJa00,Referee,Shawn Hochuli,Umpire,Terry Killens,Down Judge,Ed Camp,Line Judge,Greg Bradley,Back Judge,Rich Martinez,Side Judge,Chad Hill,Field Judge,Tom Hill
202112250crd,2021-12-25,Saturday,8:15pm,Arizona Cardinals,Indianapolis Colts,crd,clt,16,22,Kliff Kingsbury,Frank Reich,State Farm Stadium,63900,3:04,retractable roof (closed),grass,,QB,Kyler Murray,MurrKy00,RB,Chase Edmonds,EdmoCh00,WR,A.J. Green,,WR,Antoine Wesley,WeslAn01,TE,Zach Ertz,ErtzZa00,TE,Demetrius Harris,HarrDe03,T,Kelvin Beachum,BeacKe00,T,D.J. Humphries,,G,Justin Pugh,PughJu00,G,Josh Jones,JoneJo07,C,Max Garcia,GarcMa00,DE,Zach Allen,AlleZa01,DT,Leki Fotu,FotuLe00,DT,Corey Peters,PeteCo00,OLB,Chandler Jones,JoneCh03,MLB,Jordan Hicks,HickJo00,LB,Isaiah Simmons,SimmIs00,CB,Marco Wilson,WilsMa04,CB,Byron Murphy,MurpBy00,CB,Antonio Hamilton,HamiAn01,S,Jalen Thompson,ThomJa04,S,Budda Baker,BakeBu00,QB,Carson Wentz,WentCa00,RB,Jonathan Taylor,TaylJo02,RB,Nyheim Hines,HineNy00,WR,T.Y. Hilton,,WR,Michael Pittman Jr.,PittMi01,TE,Jack Doyle,DoylJa00,T,Eric Fisher,FishEr00,T,Braden Smith,SmitBr06,G,Chris Reed,ReedCh00,G,Matt Pryor,PryoMa00,C,Danny Pinter,PintDa00,DE,Kwity Paye,PayeKw00,DE,Al-Quadin Muhammad,MuhaAl00,DT,Grover Stewart,StewGr00,DT,DeForest Buckner,BuckDe00,LB,Bobby Okereke,OkerBo00,LB,E.J. Speed,SpeeEJ00,LB,Zaire Franklin,FranZa00,CB,Xavier Rhodes,RhodXa00,CB,Kenny Moore,MoorKe03,S,Jahleel Addae,AddaJa00,S,George Odum,OdumGe00,Referee,Craig Wrolstad,Umpire,Steve Woods,Down Judge,Jim Mello,Line Judge,Tripp Sutter,Back Judge,Grantis Bell,Side Judge,Jeff Lamberth,Field Judge,Terry Brown
202112250gnb,2021-12-25,Saturday,4:30pm,Green Bay Packers,Cleveland Browns,gnb,cle,24,22,Matt LaFleur,Kevin Stefanski,Lambeau Field,77901,2:54,outdoors,grass,"35 degrees, relative humidity 49%, wind 11 mph",QB,Aaron Rodgers,RodgAa00,RB,Aaron Jones,JoneAa00,WR,Davante Adams,AdamDa01,WR,Equanimeous St. Brown,,WR,Allen Lazard,LazaAl00,TE,Marcedes Lewis,LewiMa00,T,Dennis Kelly,KellDe00,T,Yosh Nijman,NijmYo01,G,Royce Newman,NewmRo00,G,Jon Runyan Jr.,RunyJo00,C,Lucas Patrick,PatrLu00,DE,Kenny Clark,ClarKe01,DE,Dean Lowry,LowrDe00,LB,Rashan Gary,GaryRa00,LB,De'Vondre Campbell,CampDe00,LB,Krys Barnes,BarnKr00,LB,Preston Smith,SmitPr00,CB,Eric Stokes,StokEr00,CB,Chandon Sullivan,SullCh00,CB,Rasul Douglas,DougRa00,S,Darnell Savage Jr.,SavaDa00,S,Adrian Amos,AmosAd00,QB,Baker Mayfield,MayfBa00,RB,Nick Chubb,ChubNi00,WR,Donovan Peoples-Jones,PeopDo00,WR,Rashard Higgins,HiggRa00,WR,Jarvis Landry,LandJa00,TE,Austin Hooper,HoopAu00,T,Blake Hance,HancBl00,T,Joel Bitonio,BitoJo00,G,Wyatt Teller,TellWy00,G,Michael Dunn,DunnMi01,C,Nick Harris,HarrNi01,DE,Myles Garrett,GarrMy00,DE,Porter Gustin,GustPo01,DT,Malik Jackson,JackMa02,DT,Sheldon Day,DayxSh00,LB,Jeremiah Owusu-Koramoah,OwusJe00,LB,Anthony Walker,WalkAn01,CB,Denzel Ward,WardDe02,CB,Greedy Williams,WillGr00,S,Richard LeCounte,LeCoRi00,S,Grant Delpit,DelpGr00,S,M.J. Stewart,,Referee,Alex Kemp,Umpire,Rich Hall,Down Judge,Mike Carr,Line Judge,Jeff Bergman,Back Judge,Scott Helverson,Side Judge,Dale Shaw,Field Judge,John Jenkins
202112260atl,2021-12-26,Sunday,1:00pm,Atlanta Falcons,Detroit Lions,atl,det,20,16,Arthur Smith,Dan Campbell,Mercedes-Benz Stadium,68638,2:41,retractable roof (open),fieldturf,,QB,Matt Ryan,RyanMa00,RB,Cordarrelle Patterson,PattCo00,FB,Keith Smith,SmitKe03,WR,Russell Gage,GageRu00,WR,Olamide Zaccheaus,ZaccOl01,TE,Kyle Pitts,PittKy00,T,Jake Matthews,MattJa00,T,Kaleb McGary,McGaKa00,G,Chris Lindstrom,LindCh00,G,Jalen Mayfield,MayfJa00,C,Matt Hennessy,HennMa00,DT,Ta'Quon Graham,GrahTa00,DT,Anthony Rush,RushAn00,DT,Grady Jarrett,JarrGr00,OLB,Adetokunbo Ogundeji,OgunAd01,OLB,Steven Means,MeanSt00,MLB,Foyesade Oluokun,OluoFo00,MLB,Deion Jones,JoneDe01,CB,Fabian Moreau,MoreFa00,CB,AJ Terrell,TerrAJ00,SS,Jaylinn Hawkins,HawkJa00,S,Duron Harmon,HarmDu00,QB,Tim Boyle,BoylTi00,RB,Jamaal Williams,WillJa06,FB,Jason Cabinda,CabiJa00,WR,Amon-Ra St. Brown,StxxAm00,WR,Josh Reynolds,ReynJo00,TE,Brock Wright,WrigBr01,T,Taylor Decker,DeckTa00,T,Penei Sewell,SewePe00,G,Jonah Jackson,JackJo03,G,Halapoulivaati Vaitai,VaitHa00,C,Evan Brown,BrowEv00,DE,Michael Brockers,BrocMi00,DE,Nick Williams,WillNi01,NT,Alim McNeill,McNeAl00,OLB,Charles Harris,HarrCh03,OLB,Austin Bryant,BryaAu00,LB,Jalen Reeves-Maybin,ReevJa00,LB,Derrick Barnes,BarnDe02,CB,Ifeatu Melifonwu,MeliIf00,S,Will Harris,HarrWi02,S,Dean Marlowe,MarlDe00,S,Tracy Walker,WalkTr01,Referee,Ron Torbert,Umpire,Mark Pellis,Down Judge,Kevin Codey,Line Judge,Mark Steinkerchner,Back Judge,Tony Josselyn,Side Judge,Keith Washington,Field Judge,Ryan Dickson
202112260car,2021-12-26,Sunday,1:00pm,Carolina Panthers,Tampa Bay Buccaneers,car,tam,6,32,Matt Rhule,Bruce Arians,Bank of America Stadium,71918,3:09,outdoors,grass,"73 degrees, relative humidity 41%, wind 8 mph",QB,Cam Newton,NewtCa00,RB,Chuba Hubbard,HubbCh01,WR,Robbie Chosen,AndeRo04,WR,D.J. Moore,,TE,Tommy Tremble,TremTo00,TE,Ian Thomas,ThomIa00,T,Brady Christensen,ChriBr00,T,Taylor Moton,MotoTa00,G,John Miller,MillJo04,G,Michael Jordan,JordMi01,C,Sam Tecklenburg,TeckSa00,DE,Brian Burns,BurnBr00,DE,Yetur Gross-Matos,GrosYe00,DT,DaQuan Jones,JoneDa04,OLB,Haason Reddick,ReddHa00,LB,Jermaine Carter Jr.,CartJe00,LB,Shaq Thompson,ThomSh01,CB,C.J. Henderson,HendCJ00,CB,Stephon Gilmore,GilmSt00,DB,Myles Hartsfield,HartMy00,S,Jeremy Chinn,ChinJe00,S,Juston Burris,BurrJu00,QB,Tom Brady,BradTo00,RB,Ronald Jones II,JoneRo01,WR,Antonio Brown,BrowAn04,WR,Cyril Grayson,GrayCy01,TE,Rob Gronkowski,GronRo00,T,Tristan Wirfs,WirfTr00,T,Josh Wells,WellJo02,T,Donovan Smith,SmitDo02,G,Ali Marpet,MarpAl00,G,Alex Cappa,CappAl00,C,Ryan Jensen,JensRy00,DE,William Gholston,GholWi00,DT,Ndamukong Suh,SuhxNd99,DT,Vita Vea,VeaxVi00,OLB,Shaquil Barrett,BarrSh00,OLB,Joe Tryon-Shoyinka,TryoJo00,LB,Kevin Minter,MintKe00,LB,Devin White,WhitDe02,CB,Carlton Davis,DaviCa02,CB,Sean Murphy-Bunting,BuntSe00,S,Mike Edwards,EdwaMi01,S,Jordan Whitehead,WhitJo03,Referee,Brad Allen,Umpire,Bruce Stritesky,Down Judge,Danny Short,Line Judge,Daniel Gallagher,Back Judge,Greg Yette,Side Judge,Boris Cheek,Field Judge,Rick Patterson
202112260cin,2021-12-26,Sunday,1:00pm,Cincinnati Bengals,Baltimore Ravens,cin,rav,41,21,Zac Taylor,John Harbaugh,Paul Brown Stadium,63922,3:02,outdoors,fieldturf,"52 degrees, relative humidity 63%, no wind",QB,Joe Burrow,BurrJo01,RB,Joe Mixon,MixoJo00,WR,Tee Higgins,HiggTe00,WR,Ja'Marr Chase,ChasJa00,WR,Tyler Boyd,BoydTy00,TE,C.J. Uzomah,,T,Jonah Williams,WillJo10,T,Isaiah Prince,PrinIs00,G,Quinton Spain,SpaiQu00,G,Hakeem Adeniji,AdenHa00,C,Trey Hopkins,HopkTr01,DE,Trey Hendrickson,HendTr00,DE,Sam Hubbard,HubbSa00,DT,Josh Tupou,TupoJo00,DT,Larry Ogunjobi,OgunLa00,LB,Markus Bailey,BailMa01,LB,Germaine Pratt,PratGe00,CB,Mike Hilton,HiltMi01,CB,Chidobe Awuzie,AwuzCh00,CB,Eli Apple,ApplEl00,S,Vonn Bell,BellVo00,S,Jessie Bates III,BateJe00,QB,Josh Johnson,JohnJo05,RB,Devonta Freeman,FreeDe00,WR,Rashod Bateman,BateRa00,WR,Tylan Wallace,WallTy00,WR,Marquise Brown,BrowMa04,TE,Mark Andrews,AndrMa00,T,Alejandro Villanueva,VillAl00,T,Patrick Mekari,MekaPa00,G,Kevin Zeitler,ZeitKe00,G,Ben Cleveland,ClevBe00,C,Bradley Bozeman,BozeBr00,DT,Broderick Washington Jr.,WashBr01,DT,Brandon Williams,WillBr02,OLB,Odafe Oweh,OwehJa00,OLB,Tyus Bowser,BowsTy00,LB,Josh Bynes,ByneJo00,LB,Patrick Queen,QueePa00,CB,Kevon Seymour,SeymKe00,CB,Tavon Young,YounTa01,CB,Anthony Averett,AverAn00,DB,Brandon Stephens,StepBr01,S,Chuck Clark,ClarCh00,Referee,Clete Blakeman,Umpire,Tab Slaughter,Down Judge,Dana McKenzie,Line Judge,Julian Mapp,Back Judge,Perry Paganelli,Side Judge,Clay Reynard,Field Judge,Scott Edwards
202112260dal,2021-12-26,Sunday,8:20pm,Dallas Cowboys,Washington Football Team,dal,was,56,14,Mike McCarthy,Ron Rivera,AT&amp;T Stadium,93482,3:05,retractable roof (closed),matrixturf,,QB,Dak Prescott,PresDa01,RB,Ezekiel Elliott,ElliEz00,WR,Amari Cooper,CoopAm00,WR,Michael Gallup,GallMi00,TE,Jeremy Sprinkle,SpriJe00,TE,Dalton Schultz,SchuDa00,T,La'el Collins,CollLa01,T,Terence Steele,SteeTe01,G,Connor Williams,WillCo00,G,Zack Martin,MartZa00,C,Tyler Biadasz,BiadTy00,DE,DeMarcus Lawrence,LawrDe00,DE,Carlos Watkins,WatkCa00,DE,Randy Gregory,GregRa00,DT,Neville Gallimore,GallNe00,LB,Leighton Vander Esch,VandLe00,LB,Micah Parsons,ParsMi00,CB,Anthony Brown,BrowAn02,CB,Kelvin Joseph,JoseKe02,CB,Trevon Diggs,DiggTr00,S,Jayron Kearse,KearJa00,S,Damontae Kazee,KazeDa00,QB,Taylor Heinicke,HeinTa00,RB,Antonio Gibson,GibsAn00,WR,Cam Sims,SimsCa00,WR,Terry McLaurin,McLaTe00,TE,John Bates,BateJo00,TE,Ricky Seals-Jones,SealRi00,T,Charles Leno Jr.,LenoCh00,T,Samuel Cosmi,CosmSa00,G,Ereck Flowers,FlowEr00,G,Saahdiq Charles,CharSa00,C,Keith Ismael,IsmaKe00,DE,James Smith-Williams,SmitJa08,DE,Montez Sweat,SweaMo00,DT,Matthew Ioannidis,IoanMa01,DT,Jonathan Allen,AlleJo01,DT,Daron Payne,PaynDa00,LB,David Mayo,MayoDa00,CB,Kendall Fuller,FullKe00,CB,Bobby McCain,McCaBo01,CB,Darryl Roberts,RobeDa00,DB,Jeremy Reaves,ReavJe00,S,Kamren Curl,CurlKa00,Referee,Bill Vinovich,Umpire,Tony Michalek,Down Judge,Patrick Holt,Line Judge,Mark Perlman,Back Judge,Jimmy Russell,Side Judge,Jimmy Buchanan,Field Judge,Joe Blubaugh
202112260htx,2021-12-26,Sunday,1:00pm,Houston Texans,Los Angeles Chargers,htx,sdg,41,29,David Culley,Brandon Staley,NRG Stadium,65674,2:56,retractable roof (closed),astroturf,,QB,Davis Mills,MillDa02,RB,Rex Burkhead,BurkRe00,WR,Nico Collins,CollNi00,WR,Chris Conley,ConlCh00,TE,Pharaoh Brown,BrowPh01,TE,Antony Auclair,AuclAn00,T,Geron Christian,ChriGe01,T,Charlie Heck,HeckCh00,G,Cole Toner,ToneCo00,G,Max Scharping,SchaMa01,C,Jimmy Morrissey,MorrJi00,DE,Demone Harris,HarrDe06,DE,DeMarcus Walker,WalkDe03,DT,Ross Blacklock,BlacRo00,DT,Michael Dwumfour,DwumMi00,LB,Garret Wallow,WallGa00,LB,Neville Hewitt,HewiNe00,DB,Justin Reid,ReidJu00,DB,Tremon Smith,SmitTr04,DB,Tavierre Thomas,ThomTa01,DB,Jonathan Owens,OwenJo01,DB,Desmond King,KingDe01,QB,Justin Herbert,HerbJu00,RB,Justin Jackson,JackJu01,WR,Keenan Allen,AlleKe00,WR,Josh Palmer,PalmJo00,WR,Jason Moore,MoorJa02,TE,Jared Cook,CookJa02,T,Rashawn Slater,SlatRa00,T,Storm Norton,NortSt00,G,Matt Feiler,FeilMa00,G,Michael Schofield,SchoMi00,C,Scott Quessenberry,QuesSc00,DT,Jerry Tillery,TillJe00,DT,Christian Covington,CoviCh00,DT,Linval Joseph,JoseLi99,OLB,Uchenna Nwosu,NwosUc00,LB,Drue Tranquill,TranDr00,LB,Kyzir White,WhitKy00,LB,Kenneth Murray,MurrKe00,CB,Asante Samuel Jr.,SamuAs00,CB,Davontae Harris,HarrDa05,S,Alohi Gilman,GilmAl00,S,Nasir Adderley,AddeNa00,Referee,Clay Martin,Umpire,Fred Bryan,Down Judge,Jerod Phillips,Line Judge,Maia Chaka,Back Judge,Greg Wilson,Side Judge,Joe Larrew,Field Judge,James Coleman
202112260kan,2021-12-26,Sunday,4:25pm,Kansas City Chiefs,Pittsburgh Steelers,kan,pit,36,10,Andy Reid,Mike Tomlin,GEHA Field at Arrowhead Stadium,73371,2:58,outdoors,grass,"60 degrees, relative humidity 64%, wind 22 mph",QB,Patrick Mahomes,MahoPa00,RB,Clyde Edwards-Helaire,EdwaCl00,WR,Demarcus Robinson,RobiDe01,WR,Tyreek Hill,HillTy00,WR,Byron Pringle,PrinBy00,TE,Noah Gray,GrayNo00,T,Andrew Wylie,WyliAn00,T,Orlando Brown Jr.,BrowOr00,G,Trey Smith,SmitTr05,G,Joe Thuney,ThunJo00,C,Creed Humphrey,HumpCr00,DE,Frank Clark,ClarFr01,DT,Chris Jones,JoneCh09,DT,Jarran Reed,ReedJa02,LB,Melvin Ingram,IngrMe00,LB,Anthony Hitchens,HitcAn00,LB,Willie Gay Jr.,GayJWi00,CB,Mike Hughes,HughMi00,CB,L'Jarius Sneed,SneeLJ00,CB,Charvarius Ward,WardCh01,S,Tyrann Mathieu,MathTy00,S,Juan Thornhill,ThorJu00,QB,Ben Roethlisberger,RoetBe00,RB,Najee Harris,HarrNa00,WR,Chase Claypool,ClayCh01,WR,Diontae Johnson,JohnDi01,WR,Ray-Ray McCloud,McClRa00,TE,Zach Gentry,GentZa00,T,Dan Moore,MoorDa05,T,Chukwuma Okorafor,OkorCh00,G,Trai Turner,TurnTr01,G,John Leglue,LeglJo00,C,Kendrick Green,GreeKe02,DE,Isaiahh Loudermilk,LoudIs00,DT,Cameron Heyward,HeywCa01,LB,T.J. Watt,,LB,Robert Spillane,SpilRo00,LB,Joe Schobert,SchoJo00,LB,Alex Highsmith,HighAl02,CB,Arthur Maulet,MaulAr00,CB,Joe Haden,HadeJo99,CB,Cameron Sutton,SuttCa00,S,Minkah Fitzpatrick,FitzMi00,S,Terrell Edmunds,EdmuTe00,Referee,Jerome Boger,Umpire,Barry Anderson,Down Judge,Frank LeBlanc,Line Judge,Rusty Baynes,Back Judge,Steve Patrick,Side Judge,Jonah Monroe,Field Judge,Steve Zimmer
202112260min,2021-12-26,Sunday,1:00pm,Minnesota Vikings,Los Angeles Rams,min,ram,23,30,Mike Zimmer,Sean McVay,U.S. Bank Stadium,66708,3:01,dome,sportturf,,QB,Kirk Cousins,CousKi00,RB,Alexander Mattison,MattAl01,FB,C.J. Ham,,WR,Justin Jefferson,JeffJu00,WR,Adam Thielen,ThieAd00,TE,Tyler Conklin,ConkTy00,T,Christian Darrisaw,DarrCh00,T,Brian O'Neill,ONeiBr00,G,Ezra Cleveland,ClevEz00,G,Oli Udoh,UdohOl01,C,Garrett Bradbury,BradGa00,DE,D.J. Wonnum,WonnDJ00,DT,Dalvin Tomlinson,TomlDa00,DT,Michael Pierce,PierMi00,DT,Sheldon Richardson,RichSh00,LB,Anthony Barr,BarrAn00,LB,Eric Kendricks,KendEr00,CB,Patrick Peterson,PetePa00,CB,Cameron Dantzler,DantCa00,CB,Mackensie Alexander,AlexMa01,S,Harrison Smith,SmitHa00,S,Xavier Woods,WoodXa00,QB,Matthew Stafford,StafMa00,RB,Sony Michel,MichSo00,WR,Odell Beckham Jr.,BeckOd00,WR,Cooper Kupp,KuppCo00,WR,Van Jefferson,JeffVa00,TE,Tyler Higbee,HigbTy00,T,Rob Havenstein,HaveRo00,T,David Edwards,EdwaDa01,G,Austin Corbett,CorbAu00,G,Coleman Shelton,ShelCo00,C,Brian Allen,AlleBr02,DT,Greg Gaines,GainGr00,DT,Aaron Donald,DonaAa00,DT,A'Shawn Robinson,RobiAS00,OLB,Leonard Floyd,FloyLe00,OLB,Von Miller,MillVo00,LB,Ernest Jones,JoneEr01,LB,Troy Reeder,ReedTr01,CB,Jalen Ramsey,RamsJa00,CB,Darious Williams,WillDa09,S,Taylor Rapp,RappTa00,S,Jordan Fuller,FullJo01,Referee,John Hussey,Umpire,Alan Eck,Down Judge,Sarah Thomas,Line Judge,Carl Johnson,Back Judge,Brad Freeman,Side Judge,Allen Baynes,Field Judge,Jabir Walker
202112260nwe,2021-12-26,Sunday,1:00pm,New England Patriots,Buffalo Bills,nwe,buf,21,33,Bill Belichick,Sean McDermott,Gillette Stadium,65878,3:13,outdoors,fieldturf,"38 degrees, relative humidity 79%, wind 13 mph",QB,Mac Jones,JoneMa05,RB,Damien Harris,HarrDa06,WR,Jakobi Meyers,MeyeJa01,WR,N'Keal Harry,HarrNK00,TE,Jonnu Smith,SmitJo01,TE,Michael Onwenu,OnweMi00,T,Isaiah Wynn,WynnIs00,T,Trent Brown,BrowTr02,G,Ted Karras,KarrTe00,G,Shaq Mason,MasoSh01,C,David Andrews,AndrDa00,DT,Lawrence Guy,GuyxLa00,DT,Davon Godchaux,GodcDa00,LB,Dont'a Hightower,HighDo01,LB,Matt Judon,JudoMa00,LB,Ja'Whaun Bentley,BentJa00,LB,Kyle Van Noy,VanNKy00,CB,Jalen Mills,MillJa02,DB,J.C. Jackson,,DB,Kyle Dugger,DuggKy00,DB,Devin McCourty,McCoDe99,DB,Myles Bryant,BryaMy01,QB,Josh Allen,AlleJo02,RB,Devin Singletary,SingDe00,WR,Emmanuel Sanders,SandEm00,WR,Stefon Diggs,DiggSt00,WR,Jake Kumerow,KumeJa00,TE,Dawson Knox,KnoxDa00,T,Daryl Williams,WillDa06,T,Spencer Brown,BrowSp00,G,Ike Boettger,BoetIk00,G,Ryan Bates,BateRy02,C,Mitch Morse,MorsMi00,DE,Jerry Hughes,HughJe99,DE,Gregory Rousseau,RousGr00,DT,Ed Oliver,OlivEd00,DT,Harrison Phillips,PhilHa00,LB,A.J. Klein,KleiAJ00,LB,Tremaine Edmunds,EdmuTr01,LB,Matt Milano,MilaMa00,CB,Dane Jackson,JackDa02,CB,Levi Wallace,WallLe00,S,Micah Hyde,HydeMi00,S,Jordan Poyer,PoyeJo00,Referee,Shawn Smith,Umpire,Bryan Neale,Down Judge,Mark Hittner,Line Judge,Michael Dolce,Back Judge,Dino Paganelli,Side Judge,Dave Hawkshaw,Field Judge,Dyrol Prioleau
202112260nyj,2021-12-26,Sunday,1:00pm,New York Jets,Jacksonville Jaguars,nyj,jax,26,21,Robert Saleh,Darrell Bevell,MetLife Stadium,67120,3:08,outdoors,fieldturf,"47 degrees, relative humidity 49%, no wind",QB,Zach Wilson,WilsZa00,RB,Michael Carter,CartMi03,WR,Braxton Berrios,BerrBr00,WR,Jeff Smith,SmitJe03,TE,Trevon Wesco,WescTr00,TE,Tyler Kroft,KrofTy00,T,George Fant,FantGe00,T,Morgan Moses,MoseMo00,G,Dan Feeney,FeenDa00,G,Greg Van Roten,VanRGr00,C,Connor McGovern,McGoCo00,DE,Ronald Blair,BlaiRo00,DT,Kyle Phillips,PhilKy00,DT,Sheldon Rankins,RankSh00,DT,Nathan Shepherd,ShepNa00,LB,C.J. Mosley,,LB,Quincy Williams,WillQu01,CB,Jason Pinnock,PinnJa01,CB,Bryce Hall,HallBr02,CB,Javelin Guidry,GuidJa01,CB,Brandin Echols,EchoBr00,S,Will Parks,ParkWi01,QB,Trevor Lawrence,LawrTr00,RB,James Robinson,RobiJa00,WR,Tavon Austin,AustTa00,WR,Laquon Treadwell,TreaLa00,WR,Marvin Jones,JoneMa02,TE,James O'Shaughnessy,O'ShJa00,T,Jawaan Taylor,TaylJa02,T,Cam Robinson,RobiCa00,G,Andrew Norwell,NorwAn01,G,Will Richardson,RichWi01,C,Brandon Linder,LindBr00,DE,Dawuane Smoot,SmooDa00,DE,Roy Robertson-Harris,RobeRo00,DT,Malcom Brown,BrowMa01,DT,DaVon Hamilton,HamiDa02,LB,Chapelle Russell,RussCh00,LB,K'Lavon Chaisson,ChaiKL00,LB,Damien Wilson,WilsDa02,CB,Shaquill Griffin,GrifSh00,CB,Tyson Campbell,CampTy01,S,Andre Cisco,CiscAn00,S,Andrew Wingard,WingAn01,Referee,Tony Corrente,Umpire,Dan Ferrell,Down Judge,Patrick Turner,Line Judge,Tim Podraza,Back Judge,Todd Prukop,Side Judge,Don Willard,Field Judge,Anthony Jefferies
202112260phi,2021-12-26,Sunday,1:00pm,Philadelphia Eagles,New York Giants,phi,nyg,34,10,Nick Sirianni,Joe Judge,Lincoln Financial Field,69796,3:16,outdoors,grass,"53 degrees, relative humidity 46%, wind 9 mph",QB,Jalen Hurts,HurtJa00,RB,Miles Sanders,SandMi01,WR,Quez Watkins,WatkQu00,WR,DeVonta Smith,SmitDe07,TE,Jack Stoll,StolJa00,TE,Dallas Goedert,GoedDa00,T,Jordan Mailata,MailJo00,T,Lane Johnson,JohnLa01,G,Landon Dickerson,DickLa00,G,Nate Herbig,HerbNa01,C,Jason Kelce,KelcJa00,DE,Josh Sweat,SweaJo00,DE,Derek Barnett,BarnDe01,DT,Javon Hargrave,HargJa00,DT,Fletcher Cox,CoxxFl00,LB,Genard Avery,AverGe00,LB,Alex Singleton,SingAl00,LB,T.J. Edwards,EdwaTJ02,CB,Steven Nelson,NelsSt01,CB,Darius Slay,SlayDa00,S,Anthony Harris,HarrAn01,S,Rodney McLeod,McLeRo00,QB,Jake Fromm,FromJa00,RB,Saquon Barkley,BarkSa00,WR,Kenny Golladay,GollKe00,WR,Darius Slayton,SlayDa01,TE,Chris Myarick,MyarCh00,TE,Kyle Rudolph,RudoKy00,T,Andrew Thomas,ThomAn02,T,Matt Peart,PearMa00,G,Will Hernandez,HernWi00,G,Matt Skura,SkurMa01,C,Billy Price,PricBi01,DE,Leonard Williams,WillLe02,DT,Austin Johnson,JohnAu01,DT,Dexter Lawrence,LawrDe03,OLB,Jaylon Smith,SmitJa05,LB,Azeez Ojulari,OjulAz00,LB,Tae Crowder,CrowTa00,LB,Lorenzo Carter,CartLo01,CB,Jarren Williams,WillJa09,CB,James Bradberry,BradJa00,DB,Logan Ryan,RyanLo00,S,Xavier McKinney,McKiXa00,Referee,Land Clark,Umpire,Paul King,Down Judge,Tom Stephan,Line Judge,Brian Bolinger,Back Judge,Greg Meyer,Side Judge,Anthony Flemming,Field Judge,Michael Banks
202112260rai,2021-12-26,Sunday,4:25pm,Las Vegas Raiders,Denver Broncos,rai,den,17,13,Rich Bisaccia,Vic Fangio,Allegiant Stadium,60972,2:32,dome,grass,,QB,Derek Carr,CarrDe02,RB,Josh Jacobs,JacoJo01,WR,Hunter Renfrow,RenfHu00,WR,DeSean Jackson,JackDe00,WR,Zay Jones,JoneZa00,TE,Foster Moreau,MoreFo00,T,Brandon Parker,ParkBr01,T,Kolton Miller,MillKo00,G,John Simpson,SimpJo00,G,Alex Leatherwood,LeatAl00,C,Andre James,JameAn01,DE,Maxx Crosby,CrosMa00,DE,Yannick Ngakoue,NgakYa00,DT,Quinton Jefferson,JeffQu00,DT,Darius Philon,PhilDa01,LB,Denzel Perryman,PerrDe00,LB,Divine Deablo,DeabDi00,LB,K.J. Wright,,CB,Casey Hayward,HaywCa00,CB,Desmond Trufant,TrufDe00,S,Tre'von Moehrig,MoehTr00,S,Dallin Leavitt,LeavDa00,QB,Drew Lock,LockDr00,RB,Melvin Gordon,GordMe00,WR,Courtland Sutton,SuttCo00,WR,Tim Patrick,PatrTi00,TE,Noah Fant,FantNo00,TE,Albert Okwuegbunam,OkwuAl00,T,Garett Bolles,BollGa00,T,Bobby Massie,MassBo00,G,Dalton Risner,RisnDa00,G,Quinn Meinerz,MeinQu02,C,Austin Schlottmann,SchlAu00,DE,Shelby Harris,HarrSh00,DT,DeShawn Williams,WillDe04,OLB,Malik Reed,ReedMa01,OLB,Bradley Chubb,ChubBr00,LB,Jonas Griffith,GrifJo01,LB,Baron Browning,BrowBa01,CB,Ronald Darby,DarbRo00,CB,Patrick Surtain II,SurtPa01,CB,Bryce Callahan,CallBr00,S,Kareem Jackson,JackKa99,S,Justin Simmons,SimmJu00,Referee,Scott Novak,Umpire,Ramon George,Down Judge,Derick Bowers,Line Judge,Walt Coleman IV,Back Judge,Terrence Miles,Side Judge,David Meslow,Field Judge,Mike Weatherford
202112260sea,2021-12-26,Sunday,4:05pm,Seattle Seahawks,Chicago Bears,sea,chi,24,25,Pete Carroll,Matt Nagy,Lumen Field,68492,3:03,outdoors,fieldturf,"25 degrees, relative humidity 85%, wind 11 mph",QB,Russell Wilson,WilsRu00,RB,Rashaad Penny,PennRa00,WR,Freddie Swain,SwaiFr00,WR,Tyler Lockett,LockTy00,WR,D.K. Metcalf,MetcDK00,TE,Gerald Everett,EverGe00,T,Duane Brown,BrowDu20,T,Jake Curhan,CurhJa00,G,Gabe Jackson,JackGa00,G,Damien Lewis,LewiDa05,C,Ethan Pocic,PociEt00,DE,Darrell Taylor,TaylDa00,DE,Rasheem Green,GreeRa01,DT,Al Woods,WoodAl99,DT,Poona Ford,FordPo00,LB,Bobby Wagner,WagnBo00,LB,Jordyn Brooks,BrooJo01,CB,Sidney Jones,JoneSi00,CB,John Reid,ReidJo00,SS,Ryan Neal,NealRy00,FS,Quandre Diggs,DiggQu00,FS,Ugo Amadi,AmadUg00,QB,Nick Foles,FoleNi00,RB,David Montgomery,MontDa01,WR,Dazz Newsome,NewsDa00,WR,Darnell Mooney,MoonDa00,WR,Damiere Byrd,ByrdDa00,TE,Cole Kmet,KmetCo00,T,Germain Ifedi,IfedGe00,T,Teven Jenkins,JenkTe00,G,Cody Whitehair,WhitCo03,G,James Daniels,DaniJa01,C,Sam Mustipher,MustSa01,DE,Angelo Blackson,BlacAn00,DT,Bilal Nichols,NichBi00,LB,Trevis Gipson,GipsTr00,LB,Alec Ogletree,OgleAl00,LB,Robert Quinn,QuinRo00,LB,Roquan Smith,SmitRo07,DB,Eddie Jackson,JackEd01,DB,Deon Bush,BushDe00,DB,Artie Burns,BurnAr00,DB,Duke Shelley,ShelDu00,DB,Kindle Vildor,VildKi00,Referee,Carl Cheffers,Umpire,Tra Blake,Down Judge,Jerry Bergman,Line Judge,Jeff Seeman,Back Judge,Matt Edwards,Side Judge,Eugene Hall,Field Judge,Nathan Jones
202112270nor,2021-12-27,Monday,8:15pm,New Orleans Saints,Miami Dolphins,nor,mia,3,20,Sean Payton,Brian Flores,Caesars Superdome,69170,2:59,dome,sportturf,,QB,Ian Book,BookIa00,RB,Alvin Kamara,KamaAl00,FB,Adam Prentice,PrenAd00,WR,Easop Winston,WinsEa00,WR,Lil'Jordan Humphrey,HumpLi01,TE,Nick Vannett,VannNi00,T,Caleb Benenoch,BeneCa00,T,James Hurst,HursJa00,G,Calvin Throckmorton,ThroCa01,G,Cesar Ruiz,RuizCe00,C,Erik McCoy,McCoEr01,DE,Cameron Jordan,JordCa00,DE,Marcus Davenport,DaveMa00,DT,David Onyemata,OnyeDa00,DT,Shy Tuttle,TuttSh00,LB,Pete Werner,WernPe00,LB,Zack Baun,BaunZa00,CB,Paulson Adebo,AdebPa00,CB,Marshon Lattimore,LattMa01,CB,P.J. Williams,,S,C.J. Gardner-Johnson,GardCh00,S,Marcus Williams,WillMa06,QB,Tua Tagovailoa,TagoTu00,RB,Duke Johnson,JohnDu00,WR,Jaylen Waddle,WaddJa00,WR,Isaiah Ford,FordIs00,TE,Durham Smythe,SmytDu00,TE,Mike Gesicki,GesiMi00,T,Jesse Davis,DaviJe00,T,Liam Eichenberg,EichLi00,G,Robert Hunt,HuntRo01,G,Austin Jackson,JackAu00,C,Michael Deiter,DeitMi00,DE,Emmanuel Ogbah,OgbaEm00,DT,Zach Sieler,SielZa00,DT,Raekwon Davis,DaviRa03,DT,Christian Wilkins,WilkCh00,LB,Elandon Roberts,RobeEl00,LB,Andrew Van Ginkel,VanGAn00,LB,Jerome Baker,BakeJe00,CB,Xavien Howard,HowaXa00,CB,Byron Jones,JoneBy00,S,Jevon Holland,HollJe02,S,Brandon Jones,JoneBr06,Referee,Adrian Hill,Umpire,Roy Ellison,Down Judge,David Oliver,Line Judge,Mark Stewart,Back Judge,Keith Ferguson,Side Judge,Jim Quirk,Field Judge,Mearl Robinson
202201020buf,2022-01-02,Sunday,1:00pm,Buffalo Bills,Atlanta Falcons,buf,atl,29,15,Sean McDermott,Arthur Smith,Highmark Stadium,64948,3:04,outdoors,a_turf,"26 degrees, relative humidity 81%, wind 11 mph",QB,Josh Allen,AlleJo02,RB,Devin Singletary,SingDe00,WR,Cole Beasley,BeasCo00,WR,Gabe Davis,DaviGa01,WR,Stefon Diggs,DiggSt00,TE,Dawson Knox,KnoxDa00,T,Spencer Brown,BrowSp00,T,Dion Dawkins,DawkDi00,G,Ryan Bates,BateRy02,G,Daryl Williams,WillDa06,C,Mitch Morse,MorsMi00,DE,Gregory Rousseau,RousGr00,DE,Jerry Hughes,HughJe99,DT,Ed Oliver,OlivEd00,DT,Harrison Phillips,PhilHa00,LB,Matt Milano,MilaMa00,LB,Tremaine Edmunds,EdmuTr01,CB,Dane Jackson,JackDa02,CB,Taron Johnson,JohnTa01,CB,Levi Wallace,WallLe00,S,Micah Hyde,HydeMi00,S,Jordan Poyer,PoyeJo00,QB,Matt Ryan,RyanMa00,RB,Cordarrelle Patterson,PattCo00,FB,Keith Smith,SmitKe03,WR,Olamide Zaccheaus,ZaccOl01,WR,Russell Gage,GageRu00,TE,Kyle Pitts,PittKy00,T,Jake Matthews,MattJa00,T,Kaleb McGary,McGaKa00,G,Chris Lindstrom,LindCh00,G,Jalen Mayfield,MayfJa00,C,Matt Hennessy,HennMa00,DT,Grady Jarrett,JarrGr00,DT,Anthony Rush,RushAn00,OLB,Adetokunbo Ogundeji,OgunAd01,OLB,Steven Means,MeanSt00,MLB,Foyesade Oluokun,OluoFo00,MLB,Deion Jones,JoneDe01,LB,Mykal Walker,WalkMy00,CB,AJ Terrell,TerrAJ00,CB,Darren Hall,HallDa03,S,Duron Harmon,HarmDu00,S,Shawn Williams,WillSh02,Referee,Land Clark,Umpire,Paul King,Down Judge,Tom Stephan,Line Judge,Brian Bolinger,Back Judge,Greg Meyer,Side Judge,Anthony Flemming,Field Judge,Michael Banks
202201020chi,2022-01-02,Sunday,1:00pm,Chicago Bears,New York Giants,chi,nyg,29,3,Matt Nagy,Joe Judge,Soldier Field,59594,2:52,outdoors,grass,"25 degrees, relative humidity 74%, wind 13 mph",QB,Andy Dalton,DaltAn00,RB,David Montgomery,MontDa01,TE,Cole Kmet,KmetCo00,TE,Jimmy Graham,GrahJi00,OL,Alex Bars,BarsAl01,T,Larry Borom,BoroLa00,T,Jason Peters,PeteJa21,G,Cody Whitehair,WhitCo03,G,James Daniels,DaniJa01,C,Sam Mustipher,MustSa01,DT,Eddie Goldman,GoldEd00,DT,Akiem Hicks,HickAk00,DT,Bilal Nichols,NichBi00,DT,Khyiris Tonga,TongKh00,LB,Trevis Gipson,GipsTr00,LB,Alec Ogletree,OgleAl00,LB,Robert Quinn,QuinRo00,LB,Roquan Smith,SmitRo07,DB,Eddie Jackson,JackEd01,DB,Jaylon Johnson,JohnJa13,DB,Tashaun Gipson,GipsTa00,DB,Artie Burns,BurnAr00,QB,Mike Glennon,GlenMi00,RB,Saquon Barkley,BarkSa00,WR,Kenny Golladay,GollKe00,WR,David Sills V,SillDa01,TE,Evan Engram,EngrEv00,TE,Kyle Rudolph,RudoKy00,T,Andrew Thomas,ThomAn02,T,Nate Solder,SoldNa00,G,Will Hernandez,HernWi00,G,Wes Martin,MartWe00,C,Matt Skura,SkurMa01,DE,Leonard Williams,WillLe02,DT,Woodrow Hamilton,HamiWo00,DT,Austin Johnson,JohnAu01,DT,David Moa,MoaxDa00,LB,Lorenzo Carter,CartLo01,LB,Reggie Ragland,RaglRe00,LB,Azeez Ojulari,OjulAz00,LB,Tae Crowder,CrowTa00,DB,Logan Ryan,RyanLo00,S,Xavier McKinney,McKiXa00,S,Julian Love,LoveJu00,Referee,Shawn Hochuli,Umpire,Terry Killens,Down Judge,Ed Camp,Line Judge,Greg Bradley,Back Judge,Rich Martinez,Side Judge,Chad Hill,Field Judge,Tom Hill
202201020cin,2022-01-02,Sunday,1:00pm,Cincinnati Bengals,Kansas City Chiefs,cin,kan,34,31,Zac Taylor,Andy Reid,Paul Brown Stadium,64505,3:08,outdoors,fieldturf,"33 degrees, relative humidity 81%, wind 13 mph",QB,Joe Burrow,BurrJo01,RB,Joe Mixon,MixoJo00,WR,Tyler Boyd,BoydTy00,WR,Ja'Marr Chase,ChasJa00,WR,Tee Higgins,HiggTe00,TE,C.J. Uzomah,,T,Isaiah Prince,PrinIs00,T,Jonah Williams,WillJo10,G,Quinton Spain,SpaiQu00,G,Hakeem Adeniji,AdenHa00,C,Trey Hopkins,HopkTr01,DE,Trey Hendrickson,HendTr00,DE,Sam Hubbard,HubbSa00,DT,D.J. Reader,,DT,Larry Ogunjobi,OgunLa00,LB,Markus Bailey,BailMa01,LB,Logan Wilson,WilsLo00,CB,Mike Hilton,HiltMi01,CB,Chidobe Awuzie,AwuzCh00,CB,Eli Apple,ApplEl00,S,Vonn Bell,BellVo00,S,Jessie Bates III,BateJe00,QB,Patrick Mahomes,MahoPa00,RB,Darrel Williams,WillDa10,WR,Tyreek Hill,HillTy00,WR,Demarcus Robinson,RobiDe01,TE,Blake Bell,BellBl00,TE,Travis Kelce,KelcTr00,T,Andrew Wylie,WyliAn00,T,Lucas Niang,NianLu00,G,Joe Thuney,ThunJo00,G,Trey Smith,SmitTr05,C,Creed Humphrey,HumpCr00,DE,Frank Clark,ClarFr01,DT,Jarran Reed,ReedJa02,DT,Chris Jones,JoneCh09,LB,Melvin Ingram,IngrMe00,LB,Anthony Hitchens,HitcAn00,LB,Willie Gay Jr.,GayJWi00,CB,L'Jarius Sneed,SneeLJ00,CB,Charvarius Ward,WardCh01,CB,Rashad Fenton,FentRa00,S,Tyrann Mathieu,MathTy00,S,Juan Thornhill,ThorJu00,Referee,Ron Torbert,Umpire,Alan Eck,Down Judge,Sarah Thomas,Line Judge,Carl Johnson,Back Judge,Brad Freeman,Side Judge,Allen Baynes,Field Judge,Jabir Walker
202201020clt,2022-01-02,Sunday,1:00pm,Indianapolis Colts,Las Vegas Raiders,clt,rai,20,23,Frank Reich,Rich Bisaccia,Lucas Oil Stadium,65985,2:55,retractable roof (closed),fieldturf,,QB,Carson Wentz,WentCa00,RB,Nyheim Hines,HineNy00,RB,Jonathan Taylor,TaylJo02,WR,T.Y. Hilton,,WR,Michael Pittman Jr.,PittMi01,TE,Jack Doyle,DoylJa00,T,Matt Pryor,PryoMa00,T,Braden Smith,SmitBr06,G,Mark Glowinski,GlowMa00,G,Quenton Nelson,NelsQu00,C,Ryan Kelly,KellRy00,DE,Al-Quadin Muhammad,MuhaAl00,DE,Kwity Paye,PayeKw00,DT,Grover Stewart,StewGr00,DT,DeForest Buckner,BuckDe00,LB,Bobby Okereke,OkerBo00,LB,Shaquille Leonard,LeonDa00,CB,Xavier Rhodes,RhodXa00,CB,Kenny Moore,MoorKe03,CB,Rock Ya-Sin,Ya-SRo00,S,George Odum,OdumGe00,S,Khari Willis,WillKh00,QB,Derek Carr,CarrDe02,RB,Josh Jacobs,JacoJo01,WR,Hunter Renfrow,RenfHu00,WR,DeSean Jackson,JackDe00,WR,Zay Jones,JoneZa00,TE,Foster Moreau,MoreFo00,T,Brandon Parker,ParkBr01,T,Kolton Miller,MillKo00,G,John Simpson,SimpJo00,G,Alex Leatherwood,LeatAl00,C,Andre James,JameAn01,DE,Maxx Crosby,CrosMa00,DE,Yannick Ngakoue,NgakYa00,DT,Quinton Jefferson,JeffQu00,DT,Darius Philon,PhilDa01,LB,Denzel Perryman,PerrDe00,LB,Divine Deablo,DeabDi00,CB,Nate Hobbs,HobbNa00,CB,Casey Hayward,HaywCa00,CB,Brandon Facyson,FacyBr00,S,Tre'von Moehrig,MoehTr00,S,Roderic Teamer,TeamRo00,Referee,Brad Rogers,Umpire,Carl Paganelli,Down Judge,Kent Payne,Line Judge,Tom Eaton,Back Judge,Greg Steed,Side Judge,Dominique Pender,Field Judge,Aaron Santi
202201020dal,2022-01-02,Sunday,4:25pm,Dallas Cowboys,Arizona Cardinals,dal,crd,22,25,Mike McCarthy,Kliff Kingsbury,AT&amp;T Stadium,93459,3:06,retractable roof (closed),matrixturf,,QB,Dak Prescott,PresDa01,RB,Ezekiel Elliott,ElliEz00,WR,Amari Cooper,CoopAm00,WR,Michael Gallup,GallMi00,WR,CeeDee Lamb,LambCe00,TE,Dalton Schultz,SchuDa00,T,Tyron Smith,SmitTy00,T,La'el Collins,CollLa01,G,Connor Williams,WillCo00,G,Zack Martin,MartZa00,C,Tyler Biadasz,BiadTy00,DE,DeMarcus Lawrence,LawrDe00,DE,Randy Gregory,GregRa00,DE,Carlos Watkins,WatkCa00,DT,Neville Gallimore,GallNe00,LB,Micah Parsons,ParsMi00,LB,Leighton Vander Esch,VandLe00,CB,Jourdan Lewis,LewiJo01,CB,Trevon Diggs,DiggTr00,CB,Anthony Brown,BrowAn02,S,Jayron Kearse,KearJa00,S,Damontae Kazee,KazeDa00,QB,Kyler Murray,MurrKy00,RB,Chase Edmonds,EdmoCh00,WR,Greg Dortch,DortGr01,TE,David Wells,WellDa00,TE,Darrell Daniels,DaniDa02,TE,Zach Ertz,ErtzZa00,T,Kelvin Beachum,BeacKe00,T,Josh Jones,JoneJo07,G,Justin Pugh,PughJu00,G,Max Garcia,GarcMa00,C,Rodney Hudson,HudsRo00,DE,Zach Allen,AlleZa01,DT,Corey Peters,PeteCo00,DT,Rashard Lawrence,LawrRa01,OLB,Chandler Jones,JoneCh03,MLB,Jordan Hicks,HickJo00,LB,Zaven Collins,CollZa00,LB,Isaiah Simmons,SimmIs00,CB,Byron Murphy,MurpBy00,CB,Kevin Peterson,PeteKe01,S,Jalen Thompson,ThomJa04,S,Budda Baker,BakeBu00,Referee,Scott Novak,Umpire,Ramon George,Down Judge,Derick Bowers,Line Judge,Walt Coleman IV,Back Judge,Terrence Miles,Side Judge,David Meslow,Field Judge,Mike Weatherford
202201020gnb,2022-01-02,Sunday,8:20pm,Green Bay Packers,Minnesota Vikings,gnb,min,37,10,Matt LaFleur,Mike Zimmer,Lambeau Field,77832,3:04,outdoors,grass,"11 degrees, relative humidity 60%, wind 9 mph",QB,Aaron Rodgers,RodgAa00,RB,Aaron Jones,JoneAa00,WR,Davante Adams,AdamDa01,WR,Allen Lazard,LazaAl00,TE,Marcedes Lewis,LewiMa00,TE,Josiah Deguara,DeguJo00,T,Dennis Kelly,KellDe00,T,Yosh Nijman,NijmYo01,G,Royce Newman,NewmRo00,G,Jon Runyan Jr.,RunyJo00,C,Lucas Patrick,PatrLu00,DE,Kenny Clark,ClarKe01,DE,Dean Lowry,LowrDe00,DT,Tyler Lancaster,LancTy00,LB,Rashan Gary,GaryRa00,LB,Preston Smith,SmitPr00,LB,De'Vondre Campbell,CampDe00,LB,Krys Barnes,BarnKr00,CB,Eric Stokes,StokEr00,CB,Rasul Douglas,DougRa00,S,Darnell Savage Jr.,SavaDa00,S,Adrian Amos,AmosAd00,QB,Sean Mannion,MannSe00,RB,Dalvin Cook,CookDa01,FB,C.J. Ham,,WR,Justin Jefferson,JeffJu00,WR,K.J. Osborn,OsboKJ00,TE,Tyler Conklin,ConkTy00,T,Christian Darrisaw,DarrCh00,T,Brian O'Neill,ONeiBr00,G,Oli Udoh,UdohOl01,G,Ezra Cleveland,ClevEz00,C,Garrett Bradbury,BradGa00,DE,D.J. Wonnum,WonnDJ00,DT,Dalvin Tomlinson,TomlDa00,DT,Armon Watts,WattAr01,DT,Sheldon Richardson,RichSh00,LB,Eric Kendricks,KendEr00,LB,Blake Lynch,LyncBl00,LB,Anthony Barr,BarrAn00,CB,Kris Boyd,BoydKr00,CB,Patrick Peterson,PetePa00,S,Harrison Smith,SmitHa00,S,Xavier Woods,WoodXa00,Referee,Clay Martin,Umpire,Fred Bryan,Down Judge,Jerod Phillips,Line Judge,Maia Chaka,Back Judge,Greg Wilson,Side Judge,Don Willard,Field Judge,James Coleman
202201020nor,2022-01-02,Sunday,1:00pm,New Orleans Saints,Carolina Panthers,nor,car,18,10,Sean Payton,Matt Rhule,Caesars Superdome,69170,2:51,dome,sportturf,,QB,Taysom Hill,HillTa00,RB,Alvin Kamara,KamaAl00,WR,Marquez Callaway,CallMa01,WR,Lil'Jordan Humphrey,HumpLi01,TE,Adam Trautman,TrauAd00,T,James Carpenter,CarpJa00,T,Jordan Mills,MillJo02,T,James Hurst,HursJa00,G,Calvin Throckmorton,ThroCa01,G,Cesar Ruiz,RuizCe00,C,Will Clapp,ClapWi00,DE,Cameron Jordan,JordCa00,DE,Marcus Davenport,DaveMa00,DT,Shy Tuttle,TuttSh00,DT,David Onyemata,OnyeDa00,LB,Demario Davis,DaviDe00,LB,Kwon Alexander,AlexKw00,CB,Paulson Adebo,AdebPa00,CB,P.J. Williams,,CB,Marshon Lattimore,LattMa01,SS,Malcolm Jenkins,JenkMa99,S,C.J. Gardner-Johnson,GardCh00,QB,Sam Darnold,DarnSa00,RB,Chuba Hubbard,HubbCh01,WR,D.J. Moore,,WR,Robbie Chosen,AndeRo04,TE,Ian Thomas,ThomIa00,TE,Colin Thompson,ThomCo03,T,Taylor Moton,MotoTa00,T,Brady Christensen,ChriBr00,G,Michael Jordan,JordMi01,G,John Miller,MillJo04,C,Pat Elflein,ElflPa00,DE,Morgan Fox,FoxxMo00,DE,Yetur Gross-Matos,GrosYe00,DT,DaQuan Jones,JoneDa04,DT,Derrick Brown,BrowDe05,LB,Kamal Martin,MartKa01,LB,Frankie Luvu,LuvuFr00,LB,Jermaine Carter Jr.,CartJe00,CB,Rashaan Melvin,MelvRa00,CB,Keith Taylor,TaylKe03,DB,Myles Hartsfield,HartMy00,S,Jeremy Chinn,ChinJe00,Referee,Jerome Boger,Umpire,Barry Anderson,Down Judge,Frank LeBlanc,Line Judge,Rusty Baynes,Back Judge,Steve Patrick,Side Judge,Jonah Monroe,Field Judge,Steve Zimmer
202201020nwe,2022-01-02,Sunday,1:00pm,New England Patriots,Jacksonville Jaguars,nwe,jax,50,10,Bill Belichick,Darrell Bevell,Gillette Stadium,65878,2:47,outdoors,fieldturf,"46 degrees, relative humidity 100%, wind 4 mph",QB,Mac Jones,JoneMa05,RB,Damien Harris,HarrDa06,WR,Kendrick Bourne,BourKe00,WR,Kristian Wilkerson,WilkKr00,WR,Jakobi Meyers,MeyeJa01,TE,Hunter Henry,HenrHu00,T,Trent Brown,BrowTr02,T,Isaiah Wynn,WynnIs00,G,Ted Karras,KarrTe00,G,Shaq Mason,MasoSh01,C,David Andrews,AndrDa00,DT,Davon Godchaux,GodcDa00,DT,Lawrence Guy,GuyxLa00,LB,Ja'Whaun Bentley,BentJa00,LB,Kyle Van Noy,VanNKy00,LB,Dont'a Hightower,HighDo01,LB,Jamie Collins,CollJa00,CB,Jalen Mills,MillJa02,DB,Devin McCourty,McCoDe99,DB,J.C. Jackson,,DB,Adrian Phillips,PhilAd00,DB,Kyle Dugger,DuggKy00,QB,Trevor Lawrence,LawrTr00,RB,Dare Ogunbowale,OgunDa00,WR,Tavon Austin,AustTa00,WR,Laquon Treadwell,TreaLa00,WR,Marvin Jones,JoneMa02,TE,Luke Farrell,FarrLu00,T,Walker Little,LittWa00,T,Jawaan Taylor,TaylJa02,G,KC McDermott,McDeKC01,G,Andrew Norwell,NorwAn01,C,Tyler Shatley,ShatTy00,DE,Josh Hines-Allen,AlleJo03,DE,Roy Robertson-Harris,RobeRo00,DE,Jihad Ward,WardJi02,DT,Malcom Brown,BrowMa01,LB,Myles Jack,JackMy00,LB,Damien Wilson,WilsDa02,CB,Tre Herndon,HernTr00,CB,Tyson Campbell,CampTy01,DB,Chris Claybrooks,ClayCh02,S,Andre Cisco,CiscAn00,S,Daniel Thomas,ThomDa07,Referee,Adrian Hill,Umpire,Roy Ellison,Down Judge,David Oliver,Line Judge,Mark Stewart,Back Judge,Keith Ferguson,Side Judge,Jim Quirk,Field Judge,Mearl Robinson
202201020nyj,2022-01-02,Sunday,1:00pm,New York Jets,Tampa Bay Buccaneers,nyj,tam,24,28,Robert Saleh,Bruce Arians,MetLife Stadium,72243,2:59,outdoors,fieldturf,"57 degrees, relative humidity 82%, wind 9 mph",QB,Zach Wilson,WilsZa00,RB,Michael Carter,CartMi03,FB,Nick Bawden,BawdNi00,WR,Keelan Cole,ColeKe00,WR,Jeff Smith,SmitJe03,TE,Conor McDermott,McDeCo00,T,George Fant,FantGe00,T,Morgan Moses,MoseMo00,G,Laurent Duvernay-Tardif,DuveLa00,G,Alijah Vera-Tucker,VeraAl00,C,Dan Feeney,FeenDa00,DE,Ronald Blair,BlaiRo00,DT,John Franklin-Myers,FranJo02,DT,Sheldon Rankins,RankSh00,DT,Folorunso Fatukasi,FatuFo00,LB,C.J. Mosley,,LB,Quincy Williams,WillQu01,CB,Bryce Hall,HallBr02,CB,Brandin Echols,EchoBr00,S,Will Parks,ParkWi01,S,Elijah Riley,RileEl01,S,Ashtyn Davis,DaviAs00,QB,Tom Brady,BradTo00,RB,Ronald Jones II,JoneRo01,WR,Mike Evans,EvanMi00,WR,Cyril Grayson,GrayCy01,TE,Rob Gronkowski,GronRo00,TE,O.J. Howard,,T,Tristan Wirfs,WirfTr00,T,Donovan Smith,SmitDo02,G,Ali Marpet,MarpAl00,G,Alex Cappa,CappAl00,C,Ryan Jensen,JensRy00,DE,William Gholston,GholWi00,DT,Ndamukong Suh,SuhxNd99,DT,Vita Vea,VeaxVi00,OLB,Anthony Nelson,NelsAn01,OLB,Joe Tryon-Shoyinka,TryoJo00,LB,Kevin Minter,MintKe00,LB,Devin White,WhitDe02,CB,Pierre Desir,DesiPi00,CB,Carlton Davis,DaviCa02,S,Jordan Whitehead,WhitJo03,S,Antoine Winfield Jr.,WinfAn00,Referee,Alex Kemp,Umpire,Rich Hall,Down Judge,Mike Carr,Line Judge,Jeff Bergman,Back Judge,Scott Helverson,Side Judge,Dale Shaw,Field Judge,John Jenkins
202201020oti,2022-01-02,Sunday,1:00pm,Tennessee Titans,Miami Dolphins,oti,mia,34,3,Mike Vrabel,Brian Flores,Nissan Stadium,69091,2:59,outdoors,grass,"43 degrees, relative humidity 93%, wind 13 mph",QB,Ryan Tannehill,TannRy00,RB,Dontrell Hilliard,HillDo00,WR,Nick Westbrook-Ikhine,WestNi00,WR,A.J. Brown,BrowAJ00,TE,Geoff Swaim,SwaiGe00,TE,MyCole Pruitt,PruiMy00,T,David Quessenberry,QuesDa00,T,Taylor Lewan,LewaTa00,G,Nate Davis,DaviNa01,G,Rodger Saffold,SaffRo20,C,Ben Jones,JoneBe01,DT,Naquan Jones,JoneNa01,DT,Jeffery Simmons,SimmJe01,OLB,Harold Landry,LandHa00,OLB,Bud Dupree,DuprAl00,LB,Rashaan Evans,EvanRa01,LB,Zach Cunningham,CunnZa00,CB,Elijah Molden,MoldEl00,CB,Jackrabbit Jenkins,JenkJa03,CB,Kristian Fulton,FultKr00,DB,Amani Hooker,HookAm00,S,Kevin Byard,ByarKe01,QB,Tua Tagovailoa,TagoTu00,RB,Duke Johnson,JohnDu00,WR,Jaylen Waddle,WaddJa00,WR,Isaiah Ford,FordIs00,WR,DeVante Parker,ParkDe01,TE,Durham Smythe,SmytDu00,T,Jesse Davis,DaviJe00,T,Liam Eichenberg,EichLi00,G,Robert Hunt,HuntRo01,G,Austin Jackson,JackAu00,C,Michael Deiter,DeitMi00,DE,Emmanuel Ogbah,OgbaEm00,DT,Christian Wilkins,WilkCh00,DT,Zach Sieler,SielZa00,DT,Raekwon Davis,DaviRa03,LB,Elandon Roberts,RobeEl00,LB,Andrew Van Ginkel,VanGAn00,LB,Jerome Baker,BakeJe00,CB,Byron Jones,JoneBy00,CB,Xavien Howard,HowaXa00,S,Brandon Jones,JoneBr06,S,Jevon Holland,HollJe02,Referee,Shawn Smith,Umpire,Bryan Neale,Down Judge,Mark Hittner,Line Judge,Michael Dolce,Back Judge,Dino Paganelli,Side Judge,Dave Hawkshaw,Field Judge,Dyrol Prioleau
202201020rav,2022-01-02,Sunday,4:25pm,Baltimore Ravens,Los Angeles Rams,rav,ram,19,20,John Harbaugh,Sean McVay,M&amp;T Bank Stadium,70328,2:53,outdoors,grass,"59 degrees, relative humidity 92%, wind 6 mph",QB,Tyler Huntley,HuntTy01,RB,Latavius Murray,MurrLa00,FB,Patrick Ricard,RicaPa00,WR,Rashod Bateman,BateRa00,WR,Marquise Brown,BrowMa04,TE,Nick Boyle,BoylNi00,T,Alejandro Villanueva,VillAl00,T,Patrick Mekari,MekaPa00,G,Kevin Zeitler,ZeitKe00,G,Ben Cleveland,ClevBe00,C,Trystan Colon,ColoTr01,DE,Calais Campbell,CampCa99,DT,Brandon Williams,WillBr02,OLB,Justin Houston,HousJu00,OLB,Tyus Bowser,BowsTy00,LB,Patrick Queen,QueePa00,LB,Josh Bynes,ByneJo00,CB,Kevon Seymour,SeymKe00,CB,Jimmy Smith,SmitJi03,CB,Tavon Young,YounTa01,DB,Brandon Stephens,StepBr01,S,Chuck Clark,ClarCh00,QB,Matthew Stafford,StafMa00,RB,Sony Michel,MichSo00,WR,Odell Beckham Jr.,BeckOd00,WR,Cooper Kupp,KuppCo00,WR,Van Jefferson,JeffVa00,TE,Tyler Higbee,HigbTy00,T,Rob Havenstein,HaveRo00,T,Andrew Whitworth,WhitAn20,G,David Edwards,EdwaDa01,G,Austin Corbett,CorbAu00,C,Brian Allen,AlleBr02,DT,Greg Gaines,GainGr00,DT,Aaron Donald,DonaAa00,DT,A'Shawn Robinson,RobiAS00,OLB,Leonard Floyd,FloyLe00,OLB,Von Miller,MillVo00,LB,Travin Howard,HowaTr00,LB,Troy Reeder,ReedTr01,CB,Darious Williams,WillDa09,CB,Jalen Ramsey,RamsJa00,S,Taylor Rapp,RappTa00,S,Jordan Fuller,FullJo01,Referee,Bill Vinovich,Umpire,Tony Michalek,Down Judge,Patrick Holt,Line Judge,Mark Perlman,Back Judge,Jimmy Russell,Side Judge,Jimmy Buchanan,Field Judge,Joe Blubaugh
202201020sdg,2022-01-02,Sunday,4:05pm,Los Angeles Chargers,Denver Broncos,sdg,den,34,13,Brandon Staley,Vic Fangio,SoFi Stadium,70240,2:51,dome,matrixturf,,QB,Justin Herbert,HerbJu00,RB,Austin Ekeler,EkelAu00,WR,Keenan Allen,AlleKe00,WR,Mike Williams,WillMi07,WR,Josh Palmer,PalmJo00,TE,Tre' McKitty,McKiTr00,T,Trey Pipkins,PipkTr00,T,Rashawn Slater,SlatRa00,G,Matt Feiler,FeilMa00,G,Michael Schofield,SchoMi00,C,Corey Linsley,LinsCo00,DT,Jerry Tillery,TillJe00,DT,Justin Jones,JoneJu03,DT,Linval Joseph,JoseLi99,OLB,Joey Bosa,BosaJo00,LB,Kyzir White,WhitKy00,LB,Amen Ogbongbemiga,OgboAm00,CB,Chris Harris Jr.,HarrCh01,CB,Asante Samuel Jr.,SamuAs00,CB,Michael Davis,DaviMi03,S,Derwin James,JameDe00,S,Nasir Adderley,AddeNa00,QB,Drew Lock,LockDr00,RB,Melvin Gordon,GordMe00,WR,Seth Williams,WillSe00,WR,Courtland Sutton,SuttCo00,WR,Kendall Hinton,HintKe00,TE,Noah Fant,FantNo00,T,Garett Bolles,BollGa00,T,Cameron Fleming,FlemCa00,G,Dalton Risner,RisnDa00,G,Quinn Meinerz,MeinQu02,C,Lloyd Cushenberry III,CushLl00,DE,Dre'Mont Jones,JoneDr00,DE,Shelby Harris,HarrSh00,DE,Aaron Patrick,PatrAa00,OLB,Malik Reed,ReedMa01,LB,Micah Kiser,KiseMi00,LB,Jonas Griffith,GrifJo01,CB,Nate Hairston,HairNa00,CB,Patrick Surtain II,SurtPa01,CB,Kyle Fuller,FullKy00,S,Kareem Jackson,JackKa99,S,Justin Simmons,SimmJu00,Referee,Craig Wrolstad,Umpire,Steve Woods,Down Judge,Jim Mello,Line Judge,Tripp Sutter,Back Judge,Grantis Bell,Side Judge,Jeff Lamberth,Field Judge,Terry Brown
202201020sea,2022-01-02,Sunday,4:25pm,Seattle Seahawks,Detroit Lions,sea,det,51,29,Pete Carroll,Dan Campbell,Lumen Field,68043,3:13,outdoors,fieldturf,"37 degrees, relative humidity 92%, no wind",QB,Russell Wilson,WilsRu00,RB,Rashaad Penny,PennRa00,WR,Freddie Swain,SwaiFr00,WR,D.K. Metcalf,MetcDK00,WR,Tyler Lockett,LockTy00,TE,Will Dissly,DissWi00,T,Duane Brown,BrowDu20,T,Jake Curhan,CurhJa00,G,Phil Haynes,HaynPh00,G,Gabe Jackson,JackGa00,C,Ethan Pocic,PociEt00,DE,Rasheem Green,GreeRa01,DE,Benson Mayowa,MayoBe00,DE,Darrell Taylor,TaylDa00,DT,Poona Ford,FordPo00,DT,Al Woods,WoodAl99,LB,Bobby Wagner,WagnBo00,LB,Jordyn Brooks,BrooJo01,CB,D.J. Reed,,CB,John Reid,ReidJo00,SS,Ryan Neal,NealRy00,FS,Quandre Diggs,DiggQu00,QB,Tim Boyle,BoylTi00,RB,Jamaal Williams,WillJa06,WR,Trinity Benson,BensTr00,TE,Ross Travis,TravRo00,TE,Jared Pinkney,PinkJa02,T,Taylor Decker,DeckTa00,T,Penei Sewell,SewePe00,T,Matt Nelson,NelsMa00,G,Jonah Jackson,JackJo03,G,Tommy Kraemer,KraeTo02,C,Evan Brown,BrowEv00,DE,Nick Williams,WillNi01,NT,Alim McNeill,McNeAl00,OLB,Charles Harris,HarrCh03,OLB,Austin Bryant,BryaAu00,LB,Anthony Pittman,PittAn01,LB,Jalen Reeves-Maybin,ReevJa00,CB,Ifeatu Melifonwu,MeliIf00,CB,AJ Parker,ParkAJ00,S,Dean Marlowe,MarlDe00,S,Will Harris,HarrWi02,S,Tracy Walker,WalkTr01,Referee,Tony Corrente,Umpire,Dan Ferrell,Down Judge,Patrick Turner,Line Judge,Tim Podraza,Back Judge,Todd Prukop,Side Judge,Joe Larrew,Field Judge,Anthony Jefferies
202201020sfo,2022-01-02,Sunday,4:05pm,San Francisco 49ers,Houston Texans,sfo,htx,23,7,Kyle Shanahan,David Culley,Levi's Stadium,71612,2:57,outdoors,grass,"50 degrees, relative humidity 58%, wind 6 mph",QB,Trey Lance,LancTr00,RB,Elijah Mitchell,MitcEl00,FB,Kyle Juszczyk,JuszKy00,WR,Deebo Samuel,SamuDe00,WR,Brandon Aiyuk,AiyuBr00,TE,George Kittle,KittGe00,T,Trent Williams,WillTr21,T,Tom Compton,CompTo00,G,Laken Tomlinson,TomlLa01,G,Daniel Brunskill,BrunDa00,C,Alex Mack,MackAl20,DE,Samson Ebukam,EbukSa00,DE,Nick Bosa,BosaNi00,DE,Arik Armstead,ArmsAr01,DT,D.J. Jones,,LB,Marcell Harris,HarrMa03,LB,Fred Warner,WarnFr00,CB,Josh Norman,NormJo01,CB,Ambry Thomas,ThomAm00,CB,K'Waun Williams,WillKW00,DB,Jimmie Ward,WardJi01,S,Jaquiski Tartt,TartJa00,QB,Davis Mills,MillDa02,RB,Rex Burkhead,BurkRe00,WR,Jalen Camp,CampJa03,WR,Chris Conley,ConlCh00,WR,Brandin Cooks,CookBr00,TE,Pharaoh Brown,BrowPh01,T,Geron Christian,ChriGe01,T,Charlie Heck,HeckCh00,G,Lane Taylor,TaylLa01,G,Justin McCray,McCrJu00,C,Justin Britt,BritJu00,DE,Jacob Martin,MartJa02,DE,Jonathan Greenard,GreeJo04,DT,Roy Lopez,LopeRo00,DT,Ross Blacklock,BlacRo00,LB,Neville Hewitt,HewiNe00,LB,Christian Kirksey,KirkCh00,LB,Kamu Grugier-Hill,GrugKa00,DB,Desmond King,KingDe01,DB,Terrance Mitchell,MitcTe00,DB,Eric Murray,MurrEr00,DB,Justin Reid,ReidJu00,Referee,Carl Cheffers,Umpire,Tra Blake,Down Judge,Jerry Bergman,Line Judge,Jeff Seeman,Back Judge,Matt Edwards,Side Judge,Eugene Hall,Field Judge,Nathan Jones
202201020was,2022-01-02,Sunday,1:00pm,Washington Football Team,Philadelphia Eagles,was,phi,16,20,Ron Rivera,Nick Sirianni,FedExField,51563,2:46,outdoors,grass,"62 degrees, relative humidity 91%, wind 4 mph",QB,Taylor Heinicke,HeinTa00,RB,Jaret Patterson,PattJa01,WR,Cam Sims,SimsCa00,WR,Terry McLaurin,McLaTe00,WR,Adam Humphries,HumpAd00,TE,John Bates,BateJo00,T,Charles Leno Jr.,LenoCh00,T,Cornelius Lucas,LucaCo01,T,Saahdiq Charles,CharSa00,G,Brandon Scherff,ScheBr00,C,Keith Ismael,IsmaKe00,DE,Bunmi Rotimi,RotiBu00,DE,Casey Toohill,ToohCa00,DT,Matthew Ioannidis,IoanMa01,DT,Jonathan Allen,AlleJo01,DT,Daron Payne,PaynDa00,LB,Cole Holcomb,HolcCo00,LB,David Mayo,MayoDa00,CB,Danny Johnson,JohnDa09,CB,Bobby McCain,McCaBo01,CB,Kendall Fuller,FullKe00,S,Kamren Curl,CurlKa00,QB,Jalen Hurts,HurtJa00,RB,Boston Scott,ScotBo02,WR,DeVonta Smith,SmitDe07,TE,Jack Stoll,StolJa00,TE,Dallas Goedert,GoedDa00,TE,Tyree Jackson,JackTy01,T,Lane Johnson,JohnLa01,T,Jordan Mailata,MailJo00,G,Landon Dickerson,DickLa00,G,Nate Herbig,HerbNa01,C,Jason Kelce,KelcJa00,DE,Josh Sweat,SweaJo00,DE,Ryan Kerrigan,KerrRy00,DT,Javon Hargrave,HargJa00,DT,Fletcher Cox,CoxxFl00,LB,Alex Singleton,SingAl00,LB,T.J. Edwards,EdwaTJ02,CB,Avonte Maddox,MaddAv00,CB,Steven Nelson,NelsSt01,CB,Darius Slay,SlayDa00,S,Rodney McLeod,McLeRo00,S,Anthony Harris,HarrAn01,Referee,Clete Blakeman,Umpire,Tab Slaughter,Down Judge,Dana McKenzie,Line Judge,Julian Mapp,Back Judge,Perry Paganelli,Side Judge,Clay Reynard,Field Judge,Scott Edwards
202201030pit,2022-01-03,Monday,8:15pm,Pittsburgh Steelers,Cleveland Browns,pit,cle,26,14,Mike Tomlin,Kevin Stefanski,Heinz Field,63624,3:21,outdoors,grass,"25 degrees, relative humidity 60%, wind 12 mph",QB,Ben Roethlisberger,RoetBe00,RB,Najee Harris,HarrNa00,WR,Chase Claypool,ClayCh01,WR,Diontae Johnson,JohnDi01,WR,Ray-Ray McCloud,McClRa00,TE,Zach Gentry,GentZa00,T,Chukwuma Okorafor,OkorCh00,T,Dan Moore,MoorDa05,G,Trai Turner,TurnTr01,G,John Leglue,LeglJo00,C,J.C. Hassenauer,,DE,Isaiahh Loudermilk,LoudIs00,DT,Montravius Adams,AdamMo00,DT,Cameron Heyward,HeywCa01,LB,T.J. Watt,,LB,Robert Spillane,SpilRo00,LB,Alex Highsmith,HighAl02,LB,Marcus Allen,AlleMa03,CB,Joe Haden,HadeJo99,CB,Cameron Sutton,SuttCa00,S,Minkah Fitzpatrick,FitzMi00,S,Terrell Edmunds,EdmuTe00,QB,Baker Mayfield,MayfBa00,RB,Nick Chubb,ChubNi00,WR,Donovan Peoples-Jones,PeopDo00,WR,Jarvis Landry,LandJa00,TE,David Njoku,NjokDa00,TE,Austin Hooper,HoopAu00,T,Jedrick Wills Jr.,WillJe04,T,James Hudson,HudsJa00,G,Wyatt Teller,TellWy00,G,Joel Bitonio,BitoJo00,C,J.C. Tretter,TretJC00,DE,Myles Garrett,GarrMy00,DE,Jadeveon Clowney,ClowJa00,DT,Malik Jackson,JackMa02,DT,Malik McDowell,McDoMa00,LB,Jeremiah Owusu-Koramoah,OwusJe00,LB,Anthony Walker,WalkAn01,CB,Greg Newsome II,NewsGr00,CB,Denzel Ward,WardDe02,CB,Greedy Williams,WillGr00,S,Grant Delpit,DelpGr00,S,M.J. Stewart,,Referee,Brad Allen,Umpire,Bruce Stritesky,Down Judge,Danny Short,Line Judge,Daniel Gallagher,Back Judge,Greg Yette,Side Judge,Boris Cheek,Field Judge,Rick Patterson
202201080den,2022-01-08,Saturday,4:30pm,Denver Broncos,Kansas City Chiefs,den,kan,24,28,Vic Fangio,Andy Reid,Empower Field at Mile High,76012,2:59,outdoors,grass,"41 degrees, relative humidity 57%, wind 4 mph",QB,Drew Lock,LockDr00,RB,Melvin Gordon,GordMe00,WR,Courtland Sutton,SuttCo00,WR,Tim Patrick,PatrTi00,TE,Noah Fant,FantNo00,TE,Albert Okwuegbunam,OkwuAl00,T,Garett Bolles,BollGa00,T,Cameron Fleming,FlemCa00,G,Quinn Meinerz,MeinQu02,G,Netane Muti,MutiNe00,C,Lloyd Cushenberry III,CushLl00,DE,Shelby Harris,HarrSh00,NT,Mike Purcell,PurcMi00,OLB,Bradley Chubb,ChubBr00,OLB,Malik Reed,ReedMa01,LB,Jonas Griffith,GrifJo01,LB,Baron Browning,BrowBa01,CB,Kyle Fuller,FullKy00,CB,Bryce Callahan,CallBr00,CB,Michael Ojemudia,OjemMi00,S,Justin Simmons,SimmJu00,S,Caden Sterns,SterCa00,QB,Patrick Mahomes,MahoPa00,RB,Darrel Williams,WillDa10,WR,Byron Pringle,PrinBy00,WR,Josh Gordon,GordJo02,WR,Mecole Hardman,HardMe00,TE,Travis Kelce,KelcTr00,T,Andrew Wylie,WyliAn00,T,Orlando Brown Jr.,BrowOr00,G,Trey Smith,SmitTr05,G,Joe Thuney,ThunJo00,C,Creed Humphrey,HumpCr00,DE,Frank Clark,ClarFr01,DT,Chris Jones,JoneCh09,DT,Jarran Reed,ReedJa02,LB,Melvin Ingram,IngrMe00,LB,Anthony Hitchens,HitcAn00,LB,Willie Gay Jr.,GayJWi00,LB,Nick Bolton,BoltNi00,CB,L'Jarius Sneed,SneeLJ00,CB,Charvarius Ward,WardCh01,S,Tyrann Mathieu,MathTy00,S,Juan Thornhill,ThorJu00,Referee,Brad Rogers,Umpire,Carl Paganelli,Down Judge,Kent Payne,Line Judge,Tom Eaton,Back Judge,Greg Steed,Side Judge,Dominique Pender,Field Judge,Aaron Santi
202201080phi,2022-01-08,Saturday,8:15pm,Philadelphia Eagles,Dallas Cowboys,phi,dal,26,51,Nick Sirianni,Mike McCarthy,Lincoln Financial Field,69796,3:02,outdoors,grass,"31 degrees, relative humidity 43%, wind 8 mph",QB,Gardner Minshew II,MinsGa00,RB,Kenneth Gainwell,GainKe00,WR,Quez Watkins,WatkQu00,WR,DeVonta Smith,SmitDe07,WR,Jalen Reagor,ReagJa00,TE,Tyree Jackson,JackTy01,T,Le'Raven Clark,ClarLe01,T,Andre Dillard,DillAn00,G,Jack Anderson,AndeJa01,G,Sua Opeta,OpetIo00,C,Jason Kelce,KelcJa00,DE,Ryan Kerrigan,KerrRy00,DT,Raequan Williams,WillRa03,DT,Milton Williams,WillMi08,DT,Hassan Ridgeway,RidgHa00,LB,JaCoby Stevens,StevJa00,LB,Patrick Johnson,JohnPa02,LB,Shaun Bradley,BradSh00,CB,Zech McPhearson,McPhZe00,CB,Kary Vincent Jr.,VincKa00,DB,Andre Chachere,ChacAn00,S,K'Von Wallace,WallKV00,QB,Dak Prescott,PresDa01,RB,Ezekiel Elliott,ElliEz00,FB,Connor McGovern,McGoCo01,WR,Amari Cooper,CoopAm00,WR,CeeDee Lamb,LambCe00,TE,Jeremy Sprinkle,SpriJe00,T,Terence Steele,SteeTe01,T,La'el Collins,CollLa01,G,Connor Williams,WillCo00,G,Zack Martin,MartZa00,C,Tyler Biadasz,BiadTy00,DE,Carlos Watkins,WatkCa00,DE,DeMarcus Lawrence,LawrDe00,DE,Randy Gregory,GregRa00,DT,Neville Gallimore,GallNe00,LB,Leighton Vander Esch,VandLe00,LB,Keanu Neal,NealKe01,CB,Nahshon Wright,WrigNa00,CB,Jourdan Lewis,LewiJo01,CB,Kelvin Joseph,JoseKe02,S,Damontae Kazee,KazeDa00,S,Malik Hooker,HookMa00,Referee,Ron Torbert,Umpire,Mark Pellis,Down Judge,Kevin Codey,Line Judge,Mark Steinkerchner,Back Judge,Tony Josselyn,Side Judge,Keith Washington,Field Judge,Ryan Dickson
202201090atl,2022-01-09,Sunday,1:00pm,Atlanta Falcons,New Orleans Saints,atl,nor,20,30,Arthur Smith,Sean Payton,Mercedes-Benz Stadium,68336,2:59,retractable roof (closed),fieldturf,,QB,Matt Ryan,RyanMa00,RB,Cordarrelle Patterson,PattCo00,WR,Tajae Sharpe,SharTa00,WR,Russell Gage,GageRu00,TE,Lee Smith,SmitLe00,TE,Parker Hesse,HessPa00,T,Jake Matthews,MattJa00,T,Kaleb McGary,McGaKa00,G,Colby Gossett,GossCo00,G,Chris Lindstrom,LindCh00,C,Matt Hennessy,HennMa00,DT,Ta'Quon Graham,GrahTa00,DT,Grady Jarrett,JarrGr00,DT,Anthony Rush,RushAn00,OLB,Steven Means,MeanSt00,OLB,Adetokunbo Ogundeji,OgunAd01,MLB,Foyesade Oluokun,OluoFo00,MLB,Deion Jones,JoneDe01,CB,Fabian Moreau,MoreFa00,CB,AJ Terrell,TerrAJ00,S,Duron Harmon,HarmDu00,S,Shawn Williams,WillSh02,QB,Taysom Hill,HillTa00,RB,Tony Jones,JoneTo04,FB,Adam Prentice,PrenAd00,WR,Tre'Quan Smith,SmitTr03,WR,Ty Montgomery,MontTy01,TE,Adam Trautman,TrauAd00,T,James Hurst,HursJa00,T,Ryan Ramczyk,RamcRy00,G,Calvin Throckmorton,ThroCa01,G,Cesar Ruiz,RuizCe00,C,Erik McCoy,McCoEr01,DE,Marcus Davenport,DaveMa00,DE,Cameron Jordan,JordCa00,DT,Shy Tuttle,TuttSh00,DT,David Onyemata,OnyeDa00,LB,Kwon Alexander,AlexKw00,LB,Demario Davis,DaviDe00,CB,Marshon Lattimore,LattMa01,CB,Paulson Adebo,AdebPa00,SS,Malcolm Jenkins,JenkMa99,S,C.J. Gardner-Johnson,GardCh00,S,Marcus Williams,WillMa06,Referee,Craig Wrolstad,Umpire,Steve Woods,Down Judge,Jim Mello,Line Judge,Tripp Sutter,Back Judge,Grantis Bell,Side Judge,Jeff Lamberth,Field Judge,Terry Brown
202201090buf,2022-01-09,Sunday,4:25pm,Buffalo Bills,New York Jets,buf,nyj,27,10,Sean McDermott,Robert Saleh,Highmark Stadium,64783,3:11,outdoors,a_turf,"36 degrees, relative humidity 67%, wind 19 mph",QB,Josh Allen,AlleJo02,RB,Devin Singletary,SingDe00,WR,Gabe Davis,DaviGa01,WR,Stefon Diggs,DiggSt00,WR,Isaiah McKenzie,McKeIs00,TE,Dawson Knox,KnoxDa00,T,Spencer Brown,BrowSp00,T,Dion Dawkins,DawkDi00,G,Daryl Williams,WillDa06,G,Ryan Bates,BateRy02,C,Mitch Morse,MorsMi00,DE,Jerry Hughes,HughJe99,DE,Gregory Rousseau,RousGr00,DT,Ed Oliver,OlivEd00,DT,Harrison Phillips,PhilHa00,LB,Matt Milano,MilaMa00,LB,Tremaine Edmunds,EdmuTr01,CB,Dane Jackson,JackDa02,CB,Taron Johnson,JohnTa01,CB,Levi Wallace,WallLe00,S,Micah Hyde,HydeMi00,S,Jordan Poyer,PoyeJo00,QB,Zach Wilson,WilsZa00,RB,Michael Carter,CartMi03,RB,Tevin Coleman,ColeTe01,WR,Keelan Cole,ColeKe00,WR,Jeff Smith,SmitJe03,TE,Tyler Kroft,KrofTy00,T,Conor McDermott,McDeCo00,T,Morgan Moses,MoseMo00,G,Laurent Duvernay-Tardif,DuveLa00,G,Alijah Vera-Tucker,VeraAl00,C,Dan Feeney,FeenDa00,DE,Ronald Blair,BlaiRo00,DT,Folorunso Fatukasi,FatuFo00,DT,John Franklin-Myers,FranJo02,DT,Quinnen Williams,WillQu00,LB,C.J. Mosley,,LB,Quincy Williams,WillQu01,CB,Brandin Echols,EchoBr00,CB,Bryce Hall,HallBr02,CB,Jason Pinnock,PinnJa01,CB,Michael Carter II,CartMi02,S,Elijah Riley,RileEl01,Referee,John Hussey,Umpire,Alan Eck,Down Judge,Sarah Thomas,Line Judge,Carl Johnson,Back Judge,Brad Freeman,Side Judge,Allen Baynes,Field Judge,Jabir Walker
202201090cle,2022-01-09,Sunday,1:00pm,Cleveland Browns,Cincinnati Bengals,cle,cin,21,16,Kevin Stefanski,Zac Taylor,FirstEnergy Stadium,67431,3:00,outdoors,grass,"38 degrees, relative humidity 89%, wind 22 mph",QB,Case Keenum,KeenCa00,RB,Nick Chubb,ChubNi00,RB,Demetric Felton,FeltDe00,WR,Jarvis Landry,LandJa00,WR,Donovan Peoples-Jones,PeopDo00,TE,Austin Hooper,HoopAu00,T,Jedrick Wills Jr.,WillJe04,T,James Hudson,HudsJa00,G,Wyatt Teller,TellWy00,G,Joel Bitonio,BitoJo00,C,J.C. Tretter,TretJC00,DE,Jadeveon Clowney,ClowJa00,DE,Myles Garrett,GarrMy00,DT,Jordan Elliott,ElliJo02,DT,Malik McDowell,McDoMa00,LB,Jacob Phillips,PhilJa01,LB,Anthony Walker,WalkAn01,LB,Mack Wilson,WilsMa03,CB,Greg Newsome II,NewsGr00,CB,A.J. Green,GreeAJ00,S,John Johnson,JohnJo10,S,Grant Delpit,DelpGr00,QB,Brandon Allen,AlleBr00,RB,Chris Evans,EvanCh02,WR,Stanley Morgan Jr.,MorgSt02,WR,Ja'Marr Chase,ChasJa00,TE,Mitchell Wilcox,WilcMi01,TE,Drew Sample,SampDr00,T,Isaiah Prince,PrinIs00,T,D'Ante Smith,SmitDA03,G,Jackson Carman,CarmJa00,G,Hakeem Adeniji,AdenHa00,C,Trey Hill,HillTr03,DE,Khalid Kareem,KareKh00,DE,Wyatt Ray,RayxWy01,DT,Mike Daniels,DaniMi00,DT,Josh Tupou,TupoJo00,LB,Clay Johnston,JohnCl00,LB,Markus Bailey,BailMa01,CB,Tre Flowers,FlowTr01,CB,Vernon Hargreaves III,HargVe00,CB,Trae Waynes,WaynTr00,S,Ricardo Allen,AlleRi00,S,Michael Thomas,ThomMi02,Referee,Bill Vinovich,Umpire,Tony Michalek,Down Judge,Patrick Holt,Line Judge,Mark Perlman,Back Judge,Jimmy Russell,Side Judge,Jimmy Buchanan,Field Judge,Joe Blubaugh
202201090crd,2022-01-09,Sunday,4:25pm,Arizona Cardinals,Seattle Seahawks,crd,sea,30,38,Kliff Kingsbury,Pete Carroll,State Farm Stadium,63858,3:09,retractable roof (open),grass,,QB,Kyler Murray,MurrKy00,RB,James Conner,ConnJa00,WR,Greg Dortch,DortGr01,WR,A.J. Green,,WR,Christian Kirk,KirkCh01,TE,Zach Ertz,ErtzZa00,T,Kelvin Beachum,BeacKe00,T,D.J. Humphries,,G,Max Garcia,GarcMa00,G,Justin Pugh,PughJu00,C,Rodney Hudson,HudsRo00,DE,Zach Allen,AlleZa01,DT,Corey Peters,PeteCo00,DT,Rashard Lawrence,LawrRa01,OLB,Devon Kennard,KennDe00,OLB,Chandler Jones,JoneCh03,OLB,Dennis Gardeck,GardDe01,MLB,Jordan Hicks,HickJo00,LB,Isaiah Simmons,SimmIs00,CB,Kevin Peterson,PeteKe01,CB,Byron Murphy,MurpBy00,S,Budda Baker,BakeBu00,QB,Russell Wilson,WilsRu00,RB,Rashaad Penny,PennRa00,WR,Tyler Lockett,LockTy00,WR,D.K. Metcalf,MetcDK00,TE,Gerald Everett,EverGe00,TE,Colby Parkinson,ParkCo02,T,Duane Brown,BrowDu20,T,Jake Curhan,CurhJa00,G,Phil Haynes,HaynPh00,G,Damien Lewis,LewiDa05,C,Ethan Pocic,PociEt00,DE,Darrell Taylor,TaylDa00,DE,Rasheem Green,GreeRa01,DT,Poona Ford,FordPo00,DT,Bryan Mone,MoneBr00,LB,Cody Barton,BartCo00,LB,Jordyn Brooks,BrooJo01,CB,Sidney Jones,JoneSi00,CB,D.J. Reed,,FS,Quandre Diggs,DiggQu00,FS,Ugo Amadi,AmadUg00,S,Josh Jones,JoneJo06,Referee,Shawn Smith,Umpire,Bryan Neale,Down Judge,Mark Hittner,Line Judge,Michael Dolce,Back Judge,Dino Paganelli,Side Judge,Dave Hawkshaw,Field Judge,Dyrol Prioleau
202201090det,2022-01-09,Sunday,1:00pm,Detroit Lions,Green Bay Packers,det,gnb,37,30,Dan Campbell,Matt LaFleur,Ford Field,56735,3:02,dome,fieldturf,,QB,Jared Goff,GoffJa00,RB,D'Andre Swift,SwifDA00,RB,Craig Reynolds,ReynCr00,WR,Amon-Ra St. Brown,StxxAm00,WR,Josh Reynolds,ReynJo00,WR,Kalif Raymond,RaymKa00,T,Taylor Decker,DeckTa00,T,Matt Nelson,NelsMa00,G,Halapoulivaati Vaitai,VaitHa00,G,Jonah Jackson,JackJo03,C,Evan Brown,BrowEv00,DE,Michael Brockers,BrocMi00,DE,Nick Williams,WillNi01,OLB,Julian Okwara,OkwaJu00,OLB,Charles Harris,HarrCh03,LB,Jalen Reeves-Maybin,ReevJa00,LB,Derrick Barnes,BarnDe02,CB,AJ Parker,ParkAJ00,CB,Ifeatu Melifonwu,MeliIf00,S,Dean Marlowe,MarlDe00,S,Will Harris,HarrWi02,S,Tracy Walker,WalkTr01,QB,Aaron Rodgers,RodgAa00,RB,AJ Dillon,DillAJ00,WR,Marquez Valdes-Scantling,ValdMa00,WR,Davante Adams,AdamDa01,WR,Allen Lazard,LazaAl00,TE,Marcedes Lewis,LewiMa00,T,Dennis Kelly,KellDe00,T,David Bakhtiari,BakhDa00,G,Lucas Patrick,PatrLu00,G,Jon Runyan Jr.,RunyJo00,C,Josh Myers,MyerJo00,DE,Kenny Clark,ClarKe01,DE,Dean Lowry,LowrDe00,LB,Rashan Gary,GaryRa00,LB,Oren Burks,BurkOr00,LB,Krys Barnes,BarnKr00,LB,Preston Smith,SmitPr00,CB,Rasul Douglas,DougRa00,CB,Eric Stokes,StokEr00,CB,Chandon Sullivan,SullCh00,S,Darnell Savage Jr.,SavaDa00,S,Adrian Amos,AmosAd00,Referee,Scott Novak,Umpire,Ramon George,Down Judge,Derick Bowers,Line Judge,Walt Coleman IV,Back Judge,Terrence Miles,Side Judge,David Meslow,Field Judge,Mike Weatherford
202201090htx,2022-01-09,Sunday,1:00pm,Houston Texans,Tennessee Titans,htx,oti,25,28,David Culley,Mike Vrabel,NRG Stadium,66722,3:02,retractable roof (closed),astroturf,,QB,Davis Mills,MillDa02,RB,Rex Burkhead,BurkRe00,WR,Nico Collins,CollNi00,WR,Brandin Cooks,CookBr00,TE,Antony Auclair,AuclAn00,TE,Pharaoh Brown,BrowPh01,T,Tytus Howard,HowaTy00,T,Charlie Heck,HeckCh00,G,Lane Taylor,TaylLa01,G,Justin McCray,McCrJu00,C,Justin Britt,BritJu00,DE,Jacob Martin,MartJa02,DE,Jonathan Greenard,GreeJo04,DT,Roy Lopez,LopeRo00,DT,Maliek Collins,CollMa00,LB,Kamu Grugier-Hill,GrugKa00,LB,Christian Kirksey,KirkCh00,CB,Lonnie Johnson Jr.,JohnLo01,DB,Desmond King,KingDe01,DB,Eric Murray,MurrEr00,DB,Terrence Brooks,BrooTe00,DB,Tavierre Thomas,ThomTa01,QB,Ryan Tannehill,TannRy00,RB,D'Onta Foreman,ForeDO00,WR,Chester Rogers,RogeCh02,WR,Julio Jones,JoneJu02,WR,A.J. Brown,BrowAJ00,TE,Geoff Swaim,SwaiGe00,T,David Quessenberry,QuesDa00,T,Taylor Lewan,LewaTa00,G,Nate Davis,DaviNa01,G,Rodger Saffold,SaffRo20,C,Ben Jones,JoneBe01,DT,Jeffery Simmons,SimmJe01,DT,Kyle Peko,PekoKy00,DT,Larrell Murchison,MurcLa00,OLB,Harold Landry,LandHa00,OLB,Bud Dupree,DuprAl00,LB,David Long,LongDa04,LB,Zach Cunningham,CunnZa00,CB,Jackrabbit Jenkins,JenkJa03,CB,Kristian Fulton,FultKr00,DB,Amani Hooker,HookAm00,S,Kevin Byard,ByarKe01,Referee,Land Clark,Umpire,Paul King,Down Judge,Tom Stephan,Line Judge,Brian Bolinger,Back Judge,Greg Meyer,Side Judge,Anthony Flemming,Field Judge,Michael Banks
202201090jax,2022-01-09,Sunday,1:00pm,Jacksonville Jaguars,Indianapolis Colts,jax,clt,26,11,Darrell Bevell,Frank Reich,TIAA Bank Stadium,60516,3:05,outdoors,grass,"76 degrees, relative humidity 60%, wind 19 mph",QB,Trevor Lawrence,LawrTr00,RB,Dare Ogunbowale,OgunDa00,WR,Laquon Treadwell,TreaLa00,WR,Marvin Jones,JoneMa02,TE,Luke Farrell,FarrLu00,TE,Chris Manhertz,ManhCh00,T,Jawaan Taylor,TaylJa02,T,Walker Little,LittWa00,G,Ben Bartch,BartBe00,G,Andrew Norwell,NorwAn01,C,Tyler Shatley,ShatTy00,DE,Roy Robertson-Harris,RobeRo00,DE,Dawuane Smoot,SmooDa00,DE,Josh Hines-Allen,AlleJo03,DT,Malcom Brown,BrowMa01,LB,Myles Jack,JackMy00,LB,Damien Wilson,WilsDa02,CB,Nevin Lawson,LawsNe00,CB,Shaquill Griffin,GrifSh00,CB,Tyson Campbell,CampTy01,S,Andre Cisco,CiscAn00,S,Daniel Thomas,ThomDa07,QB,Carson Wentz,WentCa00,RB,Jonathan Taylor,TaylJo02,WR,T.Y. Hilton,,WR,Zach Pascal,PascZa00,WR,Michael Pittman Jr.,PittMi01,TE,Jack Doyle,DoylJa00,T,Eric Fisher,FishEr00,T,Braden Smith,SmitBr06,G,Mark Glowinski,GlowMa00,G,Quenton Nelson,NelsQu00,C,Ryan Kelly,KellRy00,DE,Al-Quadin Muhammad,MuhaAl00,DE,Kwity Paye,PayeKw00,DT,Grover Stewart,StewGr00,DT,Taylor Stallworth,StalTa00,LB,Bobby Okereke,OkerBo00,LB,Shaquille Leonard,LeonDa00,LB,Zaire Franklin,FranZa00,CB,Kenny Moore,MoorKe03,CB,Rock Ya-Sin,Ya-SRo00,S,George Odum,OdumGe00,S,Khari Willis,WillKh00,Referee,Clay Martin,Umpire,Fred Bryan,Down Judge,Jerod Phillips,Line Judge,Maia Chaka,Back Judge,Greg Wilson,Side Judge,Joe Larrew,Field Judge,James Coleman
202201090mia,2022-01-09,Sunday,1:00pm,Miami Dolphins,New England Patriots,mia,nwe,33,24,Brian Flores,Bill Belichick,Hard Rock Stadium,66514,3:03,outdoors,grass,"75 degrees, relative humidity 79%, wind 8 mph",QB,Tua Tagovailoa,TagoTu00,RB,Duke Johnson,JohnDu00,WR,Jaylen Waddle,WaddJa00,WR,DeVante Parker,ParkDe01,TE,Mike Gesicki,GesiMi00,TE,Durham Smythe,SmytDu00,T,Liam Eichenberg,EichLi00,T,Robert Jones,JoneRo02,G,Robert Hunt,HuntRo01,G,Austin Jackson,JackAu00,C,Michael Deiter,DeitMi00,DT,Raekwon Davis,DaviRa03,DT,Christian Wilkins,WilkCh00,DT,Zach Sieler,SielZa00,LB,Jaelan Phillips,PhilJa02,LB,Elandon Roberts,RobeEl00,LB,Andrew Van Ginkel,VanGAn00,LB,Jerome Baker,BakeJe00,CB,Byron Jones,JoneBy00,CB,Xavien Howard,HowaXa00,S,Brandon Jones,JoneBr06,S,Jevon Holland,HollJe02,QB,Mac Jones,JoneMa05,RB,Damien Harris,HarrDa06,FB,Jakob Johnson,JohnJa12,WR,Nelson Agholor,AghoNe00,WR,Jakobi Meyers,MeyeJa01,TE,Hunter Henry,HenrHu00,T,Isaiah Wynn,WynnIs00,T,Trent Brown,BrowTr02,G,Ted Karras,KarrTe00,G,Shaq Mason,MasoSh01,C,David Andrews,AndrDa00,DT,Lawrence Guy,GuyxLa00,DT,Davon Godchaux,GodcDa00,LB,Jamie Collins,CollJa00,LB,Matt Judon,JudoMa00,LB,Ja'Whaun Bentley,BentJa00,LB,Kyle Van Noy,VanNKy00,CB,Jalen Mills,MillJa02,DB,J.C. Jackson,,DB,Devin McCourty,McCoDe99,DB,Adrian Phillips,PhilAd00,DB,D'Angelo Ross,RossDA03,Referee,Alex Kemp,Umpire,Rich Hall,Down Judge,Mike Carr,Line Judge,Jeff Bergman,Back Judge,Scott Helverson,Side Judge,Dale Shaw,Field Judge,John Jenkins
202201090min,2022-01-09,Sunday,1:00pm,Minnesota Vikings,Chicago Bears,min,chi,31,17,Mike Zimmer,Matt Nagy,U.S. Bank Stadium,66625,2:51,dome,sportturf,,QB,Kirk Cousins,CousKi00,RB,Dalvin Cook,CookDa01,WR,Ihmir Smith-Marsette,SmitIh00,WR,K.J. Osborn,OsboKJ00,WR,Justin Jefferson,JeffJu00,TE,Tyler Conklin,ConkTy00,T,Christian Darrisaw,DarrCh00,T,Brian O'Neill,ONeiBr00,G,Oli Udoh,UdohOl01,G,Ezra Cleveland,ClevEz00,C,Garrett Bradbury,BradGa00,DE,D.J. Wonnum,WonnDJ00,DT,Sheldon Richardson,RichSh00,DT,Dalvin Tomlinson,TomlDa00,DT,Armon Watts,WattAr01,LB,Troy Dye,DyexTr00,LB,Anthony Barr,BarrAn00,LB,Nick Vigil,VigiNi00,CB,Patrick Peterson,PetePa00,CB,Cameron Dantzler,DantCa00,S,Harrison Smith,SmitHa00,S,Xavier Woods,WoodXa00,QB,Andy Dalton,DaltAn00,RB,David Montgomery,MontDa01,WR,Allen Robinson,RobiAl02,WR,Darnell Mooney,MoonDa00,TE,Cole Kmet,KmetCo00,TE,Jesse James,JameJe00,T,Larry Borom,BoroLa00,T,Jason Peters,PeteJa21,G,James Daniels,DaniJa01,G,Cody Whitehair,WhitCo03,C,Sam Mustipher,MustSa01,DE,Angelo Blackson,BlacAn00,DT,Eddie Goldman,GoldEd00,DT,Bilal Nichols,NichBi00,LB,Trevis Gipson,GipsTr00,LB,Alec Ogletree,OgleAl00,LB,Robert Quinn,QuinRo00,LB,Roquan Smith,SmitRo07,DB,Eddie Jackson,JackEd01,DB,Jaylon Johnson,JohnJa13,DB,Tashaun Gipson,GipsTa00,DB,Artie Burns,BurnAr00,Referee,Brad Allen,Umpire,Bruce Stritesky,Down Judge,Danny Short,Line Judge,Daniel Gallagher,Back Judge,Greg Yette,Side Judge,Boris Cheek,Field Judge,Rick Patterson
202201090nyg,2022-01-09,Sunday,1:00pm,New York Giants,Washington Football Team,nyg,was,7,22,Joe Judge,Ron Rivera,MetLife Stadium,69923,2:50,outdoors,fieldturf,"38 degrees, relative humidity 64%, no wind",QB,Jake Fromm,FromJa00,RB,Saquon Barkley,BarkSa00,RB,Elijhaa Penny,PennEl00,WR,Kenny Golladay,GollKe00,TE,Evan Engram,EngrEv00,TE,Kyle Rudolph,RudoKy00,T,Nate Solder,SoldNa00,T,Andrew Thomas,ThomAn02,G,Matt Skura,SkurMa01,G,Will Hernandez,HernWi00,C,Billy Price,PricBi01,DE,Leonard Williams,WillLe02,DT,Austin Johnson,JohnAu01,DT,Dexter Lawrence,LawrDe03,OLB,Jaylon Smith,SmitJa05,LB,Azeez Ojulari,OjulAz00,LB,Tae Crowder,CrowTa00,LB,Lorenzo Carter,CartLo01,CB,James Bradberry,BradJa00,DB,Logan Ryan,RyanLo00,DB,Adoree' Jackson,JackAd00,S,Xavier McKinney,McKiXa00,QB,Taylor Heinicke,HeinTa00,RB,Antonio Gibson,GibsAn00,WR,Cam Sims,SimsCa00,WR,Terry McLaurin,McLaTe00,TE,John Bates,BateJo00,TE,Temarrick Hemingway,HemiTe00,T,Samuel Cosmi,CosmSa00,T,Charles Leno Jr.,LenoCh00,G,Ereck Flowers,FlowEr00,G,Brandon Scherff,ScheBr00,C,Keith Ismael,IsmaKe00,DE,James Smith-Williams,SmitJa08,DE,Casey Toohill,ToohCa00,DT,Jonathan Allen,AlleJo01,DT,Matthew Ioannidis,IoanMa01,DT,Daron Payne,PaynDa00,LB,David Mayo,MayoDa00,LB,Cole Holcomb,HolcCo00,CB,Bobby McCain,McCaBo01,CB,Darryl Roberts,RobeDa00,CB,Kendall Fuller,FullKe00,S,Kamren Curl,CurlKa00,Referee,Adrian Hill,Umpire,Roy Ellison,Down Judge,David Oliver,Line Judge,Mark Stewart,Back Judge,Keith Ferguson,Side Judge,Jim Quirk,Field Judge,Mearl Robinson
202201090rai,2022-01-09,Sunday,8:25pm,Las Vegas Raiders,Los Angeles Chargers,rai,sdg,35,32,Rich Bisaccia,Brandon Staley,Allegiant Stadium,62068,3:52,dome,grass,,QB,Derek Carr,CarrDe02,RB,Josh Jacobs,JacoJo01,WR,Bryan Edwards,EdwaBr01,WR,Zay Jones,JoneZa00,TE,Darren Waller,WallDa01,TE,Foster Moreau,MoreFo00,T,Brandon Parker,ParkBr01,T,Kolton Miller,MillKo00,G,John Simpson,SimpJo00,G,Alex Leatherwood,LeatAl00,C,Andre James,JameAn01,DE,Maxx Crosby,CrosMa00,DE,Yannick Ngakoue,NgakYa00,DT,Quinton Jefferson,JeffQu00,DT,Johnathan Hankins,HankJo00,LB,Denzel Perryman,PerrDe00,LB,Divine Deablo,DeabDi00,LB,K.J. Wright,,CB,Casey Hayward,HaywCa00,CB,Brandon Facyson,FacyBr00,S,Tre'von Moehrig,MoehTr00,S,Roderic Teamer,TeamRo00,QB,Justin Herbert,HerbJu00,RB,Austin Ekeler,EkelAu00,WR,Keenan Allen,AlleKe00,WR,Mike Williams,WillMi07,TE,Stephen Anderson,AndeSt01,TE,Tre' McKitty,McKiTr00,T,Rashawn Slater,SlatRa00,T,Storm Norton,NortSt00,G,Matt Feiler,FeilMa00,G,Michael Schofield,SchoMi00,C,Corey Linsley,LinsCo00,DT,Jerry Tillery,TillJe00,DT,Justin Jones,JoneJu03,OLB,Joey Bosa,BosaJo00,OLB,Uchenna Nwosu,NwosUc00,LB,Drue Tranquill,TranDr00,LB,Kyzir White,WhitKy00,CB,Asante Samuel Jr.,SamuAs00,CB,Chris Harris Jr.,HarrCh01,CB,Michael Davis,DaviMi03,S,Derwin James,JameDe00,S,Nasir Adderley,AddeNa00,Referee,Clete Blakeman,Umpire,Tab Slaughter,Down Judge,Dana McKenzie,Line Judge,Julian Mapp,Back Judge,Perry Paganelli,Side Judge,Clay Reynard,Field Judge,Scott Edwards
202201090ram,2022-01-09,Sunday,4:25pm,Los Angeles Rams,San Francisco 49ers,ram,sfo,24,27,Sean McVay,Kyle Shanahan,SoFi Stadium,74447,3:12,dome,matrixturf,,QB,Matthew Stafford,StafMa00,RB,Sony Michel,MichSo00,WR,Odell Beckham Jr.,BeckOd00,WR,Cooper Kupp,KuppCo00,WR,Van Jefferson,JeffVa00,TE,Tyler Higbee,HigbTy00,T,Rob Havenstein,HaveRo00,T,Andrew Whitworth,WhitAn20,G,David Edwards,EdwaDa01,G,Austin Corbett,CorbAu00,C,Brian Allen,AlleBr02,DT,Greg Gaines,GainGr00,DT,Aaron Donald,DonaAa00,DT,A'Shawn Robinson,RobiAS00,OLB,Leonard Floyd,FloyLe00,OLB,Von Miller,MillVo00,LB,Travin Howard,HowaTr00,LB,Troy Reeder,ReedTr01,CB,Darious Williams,WillDa09,CB,Jalen Ramsey,RamsJa00,S,Taylor Rapp,RappTa00,S,Jordan Fuller,FullJo01,QB,Jimmy Garoppolo,GaroJi00,RB,Elijah Mitchell,MitcEl00,FB,Kyle Juszczyk,JuszKy00,WR,Brandon Aiyuk,AiyuBr00,WR,Deebo Samuel,SamuDe00,TE,George Kittle,KittGe00,T,Tom Compton,CompTo00,T,Colton McKivitz,McKiCo00,G,Laken Tomlinson,TomlLa01,G,Daniel Brunskill,BrunDa00,C,Alex Mack,MackAl20,DE,Arik Armstead,ArmsAr01,DE,Samson Ebukam,EbukSa00,DE,Nick Bosa,BosaNi00,DT,D.J. Jones,,LB,Dre Greenlaw,GreeDr00,LB,Fred Warner,WarnFr00,CB,Dontae Johnson,JohnDo02,CB,Emmanuel Moseley,MoseEm00,CB,Ambry Thomas,ThomAm00,DB,Jimmie Ward,WardJi01,S,Jaquiski Tartt,TartJa00,Referee,Jerome Boger,Umpire,Barry Anderson,Down Judge,Frank LeBlanc,Line Judge,Rusty Baynes,Back Judge,Steve Patrick,Side Judge,Jonah Monroe,Field Judge,Steve Zimmer
202201090rav,2022-01-09,Sunday,1:00pm,Baltimore Ravens,Pittsburgh Steelers,rav,pit,13,16,John Harbaugh,Mike Tomlin,M&amp;T Bank Stadium,70453,3:30,outdoors,grass,"36 degrees, relative humidity 100%, no wind",QB,Tyler Huntley,HuntTy01,RB,Devonta Freeman,FreeDe00,WR,Marquise Brown,BrowMa04,TE,Eric Tomlinson,TomlEr01,TE,Mark Andrews,AndrMa00,TE,Josh Oliver,OlivJo00,T,Alejandro Villanueva,VillAl00,T,Patrick Mekari,MekaPa00,G,Kevin Zeitler,ZeitKe00,G,Ben Cleveland,ClevBe00,C,Bradley Bozeman,BozeBr00,DE,Calais Campbell,CampCa99,DT,Nnamdi Madubuike,MaduJu00,DT,Brandon Williams,WillBr02,OLB,Justin Houston,HousJu00,OLB,Tyus Bowser,BowsTy00,LB,Patrick Queen,QueePa00,LB,Josh Bynes,ByneJo00,CB,Jimmy Smith,SmitJi03,CB,Tavon Young,YounTa01,DB,Brandon Stephens,StepBr01,S,Chuck Clark,ClarCh00,QB,Ben Roethlisberger,RoetBe00,RB,Najee Harris,HarrNa00,FB,Derek Watt,WattDe00,WR,Chase Claypool,ClayCh01,TE,Zach Gentry,GentZa00,TE,Kevin Rader,RadeKe00,T,Joe Haeg,HaegJo00,T,Chukwuma Okorafor,OkorCh00,G,Trai Turner,TurnTr01,G,John Leglue,LeglJo00,C,J.C. Hassenauer,,DT,Chris Wormley,WormCh00,DT,Montravius Adams,AdamMo00,DT,Cameron Heyward,HeywCa01,LB,Alex Highsmith,HighAl02,LB,Robert Spillane,SpilRo00,LB,T.J. Watt,,LB,Devin Bush Jr.,BushDe01,CB,Cameron Sutton,SuttCa00,CB,Ahkello Witherspoon,WithAh00,S,Minkah Fitzpatrick,FitzMi00,S,Terrell Edmunds,EdmuTe00,Referee,Shawn Hochuli,Umpire,Terry Killens,Down Judge,Ed Camp,Line Judge,Greg Bradley,Back Judge,Rich Martinez,Side Judge,Chad Hill,Field Judge,Tom Hill
202201090tam,2022-01-09,Sunday,1:00pm,Tampa Bay Buccaneers,Carolina Panthers,tam,car,41,17,Bruce Arians,Matt Rhule,Raymond James Stadium,65473,2:59,outdoors,grass,"80 degrees, relative humidity 99%, wind 4 mph",QB,Tom Brady,BradTo00,RB,Ke'Shawn Vaughn,VaugKe00,WR,Mike Evans,EvanMi00,WR,Cyril Grayson,GrayCy01,TE,Rob Gronkowski,GronRo00,T,Tristan Wirfs,WirfTr00,T,Josh Wells,WellJo02,T,Donovan Smith,SmitDo02,G,Alex Cappa,CappAl00,G,Ali Marpet,MarpAl00,C,Ryan Jensen,JensRy00,DE,William Gholston,GholWi00,DT,Vita Vea,VeaxVi00,DT,Ndamukong Suh,SuhxNd99,OLB,Anthony Nelson,NelsAn01,OLB,Joe Tryon-Shoyinka,TryoJo00,LB,Kevin Minter,MintKe00,LB,Devin White,WhitDe02,CB,Carlton Davis,DaviCa02,CB,Sean Murphy-Bunting,BuntSe00,S,Jordan Whitehead,WhitJo03,S,Antoine Winfield Jr.,WinfAn00,QB,Sam Darnold,DarnSa00,RB,Chuba Hubbard,HubbCh01,WR,Brandon Zylstra,ZylsBr00,WR,Robbie Chosen,AndeRo04,WR,D.J. Moore,,TE,Tommy Tremble,TremTo00,T,Brady Christensen,ChriBr00,T,Taylor Moton,MotoTa00,G,Trenton Scott,ScotTr01,G,Michael Jordan,JordMi01,C,Pat Elflein,ElflPa00,DE,Brian Burns,BurnBr00,DE,Morgan Fox,FoxxMo00,DT,DaQuan Jones,JoneDa04,DT,Derrick Brown,BrowDe05,OLB,Haason Reddick,ReddHa00,LB,Shaq Thompson,ThomSh01,LB,Jermaine Carter Jr.,CartJe00,CB,Rashaan Melvin,MelvRa00,CB,C.J. Henderson,HendCJ00,DB,Myles Hartsfield,HartMy00,S,Kenny Robinson Jr.,RobiKe02,Referee,Tony Corrente,Umpire,Dan Ferrell,Down Judge,Patrick Turner,Line Judge,Tim Podraza,Back Judge,Todd Prukop,Side Judge,Don Willard,Field Judge,Anthony Jefferies
202602080nwe,2026-02-08,Sunday,6:30pm,New England Patriots,Seattle Seahawks,nwe,sea,13,29,Mike Vrabel,Mike Macdonald,Levi's Stadium,70823,3:42,outdoors,grass,"67 degrees, relative humidity 50%, wind 7 mph",QB,Drake Maye,MayeDr00,RB,Rhamondre Stevenson,StevRh00,RB,TreVeyon Henderson,HendTr02,WR,Mack Hollins,HollMa00,TE,Austin Hooper,HoopAu00,TE,Hunter Henry,HenrHu00,OL,Michael Onwenu,OnweMi00,OT,Will Campbell,CampWi01,OT,Morgan Moses,MoseMo00,C,Garrett Bradbury,BradGa00,C,Jared Wilson,WilsJa02,DT,Milton Williams,WillMi08,DT,Christian Barmore,BarmCh00,NT,Cory Durden,DurdCo00,LB,Anfernee Jennings,JennAn00,LB,Jack Gibbens,GibbJa00,LB,Robert Spillane,SpilRo00,LB,Jahlani Tavai,TavaJa00,CB,Christian Gonzalez,GonzCh00,CB,Carlton Davis,DaviCa02,S,Jaylinn Hawkins,HawkJa00,S,Craig Woodson,WoodCr00,QB,Sam Darnold,DarnSa00,RB,Kenneth Walker III,WalkKe00,WR,Jaxon Smith-Njigba,SmitJa06,WR,Cooper Kupp,KuppCo00,TE,AJ Barner,BarnAJ00,TE,Eric Saubert,SaubEr00,T,Charles Cross,CrosCh00,T,Abraham Lucas,LucaAb00,OG,Grey Zabel,ZabeGr00,G,Anthony Bradford,BradAn00,C,Jalen Sundell,SundJa00,DT,Byron Murphy,MurpBy01,DT,Leonard Williams,WillLe02,LB,DeMarcus Lawrence,LawrDe00,LB,Ernest Jones,JoneEr01,LB,Uchenna Nwosu,NwosUc00,LB,Drake Thomas,ThomDr00,CB,Josh Jobe,JobeJo00,CB,Devon Witherspoon,WithDe00,FS,Julian Love,LoveJu00,FS,Coby Bryant,BryaCo01,S,Nick Emmanwori,EmmaNi00,Referee,Shawn Smith,Umpire,Roy Ellison,Down Judge,Dana McKenzie,Line Judge,Julian Mapp,Back Judge,Greg Steed,Side Judge,Eugene Hall,Field Judge,Jason Ledet
